,x,y
1,2255.0,-399.0
2,2330.3787524314444,-314.65005971403957
3,2348.0,-295.0
4,2419.9414354244113,-215.0526538633161
5,2465.0,-165.0
6,2600.143075991856,-14.586461978151426
7,2710.0,108.0
8,2790.0326452797344,197.98234446841025
9,2815.0,226.0
10,2891.3160128013183,311.1130849483884
11,3004.8312513434,437.75098913102227
12,3014.0,448.0
13,3174.0,627.0
14,3222.3129005901287,681.0053580579317
15,3306.0,774.0
16,3309.636710242088,778.0445091036318
17,3405.0,884.0
18,3434.1348329183957,916.0667926647827
19,3476.0,962.0
20,3538.0103778911844,1030.6758684310005
21,3569.0,1065.0
22,3629.2212337161586,1131.8473217617334
23,3638.0,1142.0
24,3700.0,1221.0
25,3724.0,1259.0
26,3725.8711694501603,1262.277715296787
27,3747.0,1304.0
28,3748.3268469397744,1306.7639226645342
29,3770.0,1360.0
30,3784.6706721369715,1435.5156344032355
31,3792.0,1486.0
32,3796.5576518651433,1519.923572197214
33,3794.726592312898,1539.5214014500934
34,3788.0,1565.0
35,3753.9923830365224,1674.8972898050133
36,3749.0,1688.0
37,3714.3052889558085,1752.9890079136217
38,3684.0,1790.0
39,3667.404148631427,1810.8526931945007
40,3646.0,1832.0
41,3616.477050597832,1856.2294031437832
42,3539.0,1912.0
43,3525.413193196482,1920.4654014942337
44,3462.316991688965,1948.6934091755477
45,3443.0,1955.0
46,3387.5941101317712,1971.2141580359391
47,3363.0,1977.0
48,3318.669943315903,1984.6499842743024
49,3301.0,1987.0
50,3238.0,1993.0
51,3221.3013105044506,1993.8813824993504
52,3159.0,1993.0
53,3063.8873474380894,1980.895820584046
54,3024.0,1974.0
55,2947.0,1952.0
56,2937.5287899245654,1948.3913426248043
57,2857.2170895219,1915.2227771213468
58,2829.0,1902.0
59,2749.0,1858.0
60,2744.182935383413,1855.0801608444424
61,2631.655013381112,1781.9882689063356
62,2626.0,1778.0
63,2488.2785071800367,1668.9101188610705
64,2456.0,1641.0
65,2422.1209047782513,1609.869474051356
66,2388.093137599295,1575.1527275841577
67,2385.0,1572.0
68,2305.0,1491.0
69,2258.387694135392,1445.1858084774776
70,2163.0,1355.0
71,2142.6919928633147,1336.4498781540487
72,2129.0,1325.0
73,1988.3027184384084,1235.439154691377
74,1945.0,1212.0
75,1850.0138639467996,1176.207825712148
76,1798.0,1169.0
77,1715.241321015675,1160.5602260813432
78,1687.0,1159.0
79,1559.5581557892108,1166.8362928108716
80,1553.0,1168.0
81,1354.7759831672838,1219.2293903163916
82,1349.0,1221.0
83,1228.0,1271.0
84,1214.4031114489626,1278.1479115294578
85,1067.0,1362.0
86,1004.7213927798193,1405.6855910119334
87,987.0,1421.0
88,806.0,1606.0
89,765.1513949465855,1652.7025962860077
90,719.0,1738.0
91,712.0510226678512,1752.195364707737
92,652.8409803034392,1876.1890988546338
93,650.0,1883.0
94,618.6327800828393,1973.8506260184486
95,609.0,2013.0
96,574.0,2205.0
97,566.4082038193799,2255.2037560833437
98,554.0,2375.0
99,550.4243843444475,2413.6730899832246
100,535.1926631604642,2588.8450344181956
101,533.0,2618.0
102,519.0,2821.0
103,518.5039044511307,2828.300129687269
104,508.0,2983.0
105,505.0783957259037,3029.2581713265763
106,497.0,3162.0
107,493.9658873641249,3213.889878387846
108,490.0,3284.0
109,482.0644760657791,3430.195527797352
110,473.0,3610.0
111,465.52196780574366,3785.7363355379357
112,460.0,3929.0
113,459.0328597806413,3953.682817201755
114,453.9119370184768,4082.2883517751825
115,448.1745223616939,4224.5110883921125
116,447.0,4254.0
117,443.3254403890583,4347.222001347212
118,441.0,4402.0
119,438.64159998271487,4455.295842663636
120,433.0,4584.0
121,432.67269846095127,4592.00955562761
122,425.0,4802.0
123,419.3889508285754,4954.511594352829
124,415.0,5073.0
125,412.30470610820294,5145.8052457542235
126,407.4701402136628,5277.698805516329
127,405.0,5348.0
128,403.63728191573176,5387.2310180227205
129,399.0,5520.0
130,398.69310706723354,5528.556745791119
131,391.7613186383267,5721.996847127968
132,391.0,5747.0
133,388.0,5852.0
134,383.3945209152236,5977.736721212906
135,380.0,6064.0
136,377.5726574937386,6127.071501838969
137,374.0,6223.0
138,369.892954469208,6339.014747892832
139,369.0,6365.0
140,364.43617685759835,6502.939738299783
141,360.0,6632.0
142,358.70940200164995,6668.084906088518
143,349.0,6936.0
144,347.18984416020413,6990.720822235677
145,344.0,7098.0
146,339.06800595642807,7230.7010248001025
147,338.0,7260.0
148,330.3359534933926,7486.082894518137
149,330.0,7496.0
150,325.0,7641.0
151,317.67579472959125,7850.465407859065
152,316.0,7897.0
153,310.0,8061.0
154,304.61053541788624,8217.206630656547
155,303.0,8263.0
156,297.0,8429.0
157,295.03923142527077,8486.402005850468
158,286.0,8761.0
159,281.7003048137945,8886.188979052493
160,277.4121997467523,9000.92415130957
161,276.0,9039.0
162,270.9949572518749,9175.336813781028
163,270.0,9203.0
164,262.7481029963826,9414.162726474355
165,262.0,9437.0
166,260.0,9498.0
167,251.7470335065314,9720.80958393726
168,250.0,9767.0
169,247.1192661753536,9843.713816941257
170,245.2629701952623,9894.948188944521
171,243.89548453431033,9935.536062854902
172,243.0,9962.0
173,241.0,10037.0
174,242.0,10088.0
175,242.93743387713664,10108.313021559177
176,249.0,10182.0
177,253.34388132933765,10214.966658121111
178,263.0,10269.0
179,274.4595929806969,10320.257748953747
180,277.0,10331.0
181,303.54459217890854,10419.731308732064
182,309.0,10433.0
183,345.0,10514.0
184,360.8939183727393,10547.10861597893
185,376.0,10566.0
186,394.94772760251794,10590.301304478982
187,409.0,10607.0
188,445.0269250151413,10641.649612785453
189,452.0,10647.0
190,484.8902258027077,10667.697994633309
191,504.0,10677.0
192,566.0751887069783,10696.76016616826
193,608.0,10704.0
194,645.5139832259655,10707.638094612039
195,670.0,10709.0
196,701.8909184548122,10709.854642044864
197,727.0,10710.0
198,808.0,10709.0
199,865.6873327709368,10708.99305267378
200,870.0,10709.0
201,979.1714617369594,10709.004006365012
202,984.0,10709.0
203,1059.0,10709.0
204,1073.8260711693517,10709.051405109096
205,1199.0,10710.0
206,1262.3953799461963,10710.635144472668
207,1299.0,10711.0
208,1395.8656033710565,10711.933149192688
209,1402.0,10712.0
210,1490.0,10713.0
211,1625.6638191579825,10713.74133014974
212,1731.0,10714.0
213,1780.639992671177,10714.040554305491
214,1886.8336237542144,10714.354040327416
215,1925.0,10715.0
216,1974.0,10716.0
217,2055.9894408521054,10716.674661706109
218,2152.0,10718.0
219,2268.0,10725.0
220,2362.8992016792126,10739.300622713388
221,2382.0,10743.0
222,2538.0,10782.0
223,2570.9893670338433,10792.40348445924
224,2617.0,10808.0
225,2674.9344559434453,10829.09066304837
226,2732.0,10852.0
227,2776.145270300911,10871.534965590363
228,2871.0,10919.0
229,2981.524414241555,10983.507948556293
230,3081.0,11045.0
231,3153.2936449172234,11090.13826299298
232,3210.0,11136.0
233,3351.0,11261.0
234,3360.5173652893673,11269.608194086213
235,3434.1070781736116,11341.061958036715
236,3461.0,11381.0
237,3609.6871648849615,11585.003952939902
238,3634.0,11620.0
239,3684.9583312371524,11700.318105618851
240,3733.0,11800.0
241,3768.9142971145006,11879.50054508602
242,3795.0,11948.0
243,3825.8879470266384,12049.282573201024
244,3856.0,12162.0
245,3866.756706947326,12202.988656197878
246,3877.9127907909897,12268.326388562511
247,3877.0,12309.0
248,3869.0,12450.0
249,3858.0,12500.0
250,3836.2003439228597,12566.092793483951
251,3832.0,12578.0
252,3829.5241212482956,12568.915547738272
253,3828.0,12572.0
254,3815.6995300176595,12603.414289293507
255,3804.0,12627.0
256,3765.1912390117295,12684.067224963974
257,3763.0,12687.0
258,3715.0,12730.0
259,3707.2321904643986,12733.997435174688
260,3609.0,12778.0
261,3606.0678053094125,12779.157631495647
262,3545.2920207962916,12798.534483123341
263,3503.0,12812.0
264,3496.7367878167297,12814.584619473968
265,3453.6361886066497,12836.037080248683
266,3418.0,12860.0
267,3396.046970858284,12878.943252443165
268,3394.0,12881.0
269,3344.7423093312523,12944.205419914733
270,3331.0,12966.0
271,3315.0,13005.0
272,3310.44726398786,13018.696826813117
273,3298.0,13078.0
274,3299.1258727237773,13144.489270911268
275,3301.0,13172.0
276,3303.653677795974,13198.014935547028
277,3322.0,13252.0
278,3323.2617171731263,13255.106482284376
279,3344.0,13305.0
280,3351.3496356302885,13321.305687988546
281,3394.0,13403.0
282,3410.2541433273773,13431.007861974922
283,3412.0,13434.0
284,3461.0,13519.0
285,3479.8516746842342,13552.187941624505
286,3528.0,13638.0
287,3544.9896953747984,13670.036065154378
288,3560.0,13704.0
289,3575.3145068577287,13740.095826790926
290,3597.0,13807.0
291,3600.235776832398,13821.467788129281
292,3613.0,13896.0
293,3617.3130049448555,13948.564409622148
294,3614.0,13978.0
295,3612.972926694065,13988.65129820967
296,3603.0,14054.0
297,3583.1265806627457,14116.583256534726
298,3580.0,14126.0
299,3554.622096410404,14178.900191066847
300,3542.0,14192.0
301,3490.296694304875,14241.915391794495
302,3487.0,14245.0
303,3454.5702197110863,14271.884163135011
304,3419.0,14276.0
305,3400.9147536566006,14278.91870281486
306,3327.0,14291.0
307,3306.7862087043077,14293.44110718541
308,3271.1320605268647,14293.288803072057
309,3264.0,14293.0
310,3181.476108079925,14289.785029719678
311,3127.0,14288.0
312,3110.0503160575804,14287.539490157884
313,3048.3503655124164,14286.123739700659
314,3043.0,14286.0
315,2913.0,14283.0
316,2864.4702635881786,14282.080623459917
317,2804.0,14281.0
318,2799.9481308404784,14280.899192185994
319,2727.0,14279.0
320,2615.52569365364,14277.018980992147
321,2500.188741267365,14275.323200912673
322,2480.0,14275.0
323,2288.1776562164114,14271.332668754456
324,2180.9086626582557,14268.519751321866
325,2043.2223819040369,14265.005692965828
326,1957.0,14263.0
327,1901.0931424634796,14261.755335988364
328,1818.0,14260.0
329,1799.137286506503,14259.62354608049
330,1700.6230143991204,14257.817490466454
331,1622.0,14257.0
332,1579.931181213052,14256.89037196387
333,1488.0,14257.0
334,1255.0,14257.0
335,1245.362356252649,14257.02359106212
336,1118.0407444432417,14257.82289950207
337,1005.1654116807418,14258.972031803476
338,1000.0,14259.0
339,845.8819518086914,14258.916015848934
340,813.0,14259.0
341,693.7306733343837,14259.635421387657
342,620.0,14260.0
343,536.7390923199438,14260.219351263377
344,442.0,14261.0
345,328.6852200499757,14264.024141130127
346,306.0,14265.0
347,186.0,14273.0
348,119.41338648054676,14280.444756894598
349,-25.0,14302.0
350,-118.0,14317.0
351,-186.02702162480068,14329.066301279401
352,-270.0,14346.0
353,-406.0,14380.0
354,-427.7735169099528,14386.290042977813
355,-606.2919653236784,14446.651060093474
356,-644.0,14461.0
357,-753.7663300831908,14505.677787212353
358,-791.0,14522.0
359,-954.8750304324279,14602.42381489614
360,-1003.0,14630.0
361,-1063.180313014635,14667.774071750524
362,-1109.0,14699.0
363,-1166.987035790709,14741.565843925559
364,-1236.0,14797.0
365,-1266.4998819025,14823.314176456144
366,-1388.0,14941.0
367,-1404.331249791513,14958.650267739818
368,-1452.0,15013.0
369,-1508.5540066826184,15082.91972340411
370,-1552.0,15140.0
371,-1583.2519118091282,15182.733633813948
372,-1626.0,15247.0
373,-1721.134810478477,15411.737423594182
374,-1786.0,15531.0
375,-1871.512028559994,15710.847477871352
376,-1898.0,15772.0
377,-1927.196791658538,15836.254117901333
378,-1974.0,15938.0
379,-2078.0,16165.0
380,-2117.005504778279,16250.913018890515
381,-2165.4038803387,16352.66889917212
382,-2186.0,16392.0
383,-2288.0,16584.0
384,-2347.1849798099893,16684.988434855655
385,-2389.0,16738.0
386,-2575.3127784194403,16958.22933315595
387,-2632.0,17019.0
388,-2841.044400101256,17203.58042859913
389,-2917.0,17261.0
390,-2952.6610196260053,17287.004926151745
391,-3123.4782096231847,17393.456191541813
392,-3130.0,17397.0
393,-3281.0,17474.0
394,-3335.5874877080178,17498.380622468678
395,-3406.0,17527.0
396,-3548.0,17577.0
397,-3614.1816946840436,17597.85499792743
398,-3754.0,17635.0
399,-3830.966487718456,17652.360932654366
400,-4001.0,17688.0
401,-4037.319093473558,17695.401445463296
402,-4101.180908822359,17707.274409123427
403,-4105.0,17708.0
404,-4130.0,17713.0
405,-4169.713404335902,17720.19033870189
406,-4218.0,17729.0
407,-4312.528190153326,17747.436769930715
408,-4327.0,17750.0
409,-4420.401793673258,17764.934569581408
410,-4463.0,17771.0
411,-4487.1693794721405,17773.987797905418
412,-4542.0,17773.0
413,-4544.3953232162075,17772.775045278737
414,-4593.0,17766.0
415,-4636.240905075145,17749.560957052858
416,-4685.0,17719.0
417,-4718.982217024057,17689.187402453164
418,-4755.0,17646.0
419,-4762.202784315893,17636.32188745006
420,-4785.0,17599.0
421,-4820.0,17518.0
422,-4824.801529152156,17504.600104749854
423,-4844.670966625223,17426.09204000534
424,-4854.0,17368.0
425,-4856.528794331054,17354.746401334236
426,-4864.0,17324.0
427,-4866.1658313764165,17315.844527488596
428,-4891.0,17234.0
429,-4896.449875043775,17219.10556535482
430,-4947.0,17096.0
431,-4968.744489018285,17047.32699414898
432,-5003.134638594227,16977.13609587066
433,-5009.0,16965.0
434,-5045.0,16890.0
435,-5063.977988976503,16850.80485655558
436,-5106.0,16763.0
437,-5132.005238105204,16707.271303004185
438,-5200.0,16560.0
439,-5225.59773802862,16503.982961418365
440,-5248.911840359895,16453.61866427446
441,-5255.0,16441.0
442,-5313.7126283053685,16323.370241226155
443,-5317.0,16317.0
444,-5386.015746820041,16187.23882152448
445,-5438.0,16092.0
446,-5441.094576684685,16086.366479091266
447,-5535.0,15919.0
448,-5578.642227305715,15843.06663712167
449,-5596.0,15813.0
450,-5651.0,15718.0
451,-5716.321111183859,15604.537432766803
452,-5755.0,15536.0
453,-5824.0,15411.0
454,-5839.751564677244,15382.64187307989
455,-5908.0,15258.0
456,-5956.206632171968,15165.9933615864
457,-6003.0,15076.0
458,-6041.707572409219,15002.300550090758
459,-6066.0,14957.0
460,-6073.742433254874,14942.540976173155
461,-6144.537541160094,14810.207482939959
462,-6195.0,14716.0
463,-6283.0,14553.0
464,-6305.0,14513.0
465,-6386.0,14361.0
466,-6454.4377838852415,14227.633103913115
467,-6472.0,14192.0
468,-6533.0,14063.0
469,-6548.979130328433,14028.524965300528
470,-6632.0,13844.0
471,-6697.355626936636,13692.316177715144
472,-6709.0,13665.0
473,-6773.164151089016,13510.334799040247
474,-6801.0,13439.0
475,-6843.21570093329,13328.431858238157
476,-6865.0,13270.0
477,-6919.7115241325055,13112.254182734554
478,-6929.0,13083.0
479,-6975.9603982249655,12929.432514908256
480,-6992.0,12876.0
481,-7023.527228602385,12768.931321082357
482,-7049.480773606424,12675.609980740675
483,-7061.0,12635.0
484,-7150.817528767531,12321.145692894119
485,-7154.0,12310.0
486,-7196.265298953433,12161.363417385746
487,-7233.0,12031.0
488,-7251.231143970993,11965.709718719885
489,-7289.459398317564,11821.293045698732
490,-7299.0,11783.0
491,-7353.340917052323,11559.415206613809
492,-7364.0,11515.0
493,-7394.783948837164,11385.098974325681
494,-7421.4087980555505,11260.51356758706
495,-7428.0,11228.0
496,-7485.0,10936.0
497,-7518.368293220286,10752.48992884234
498,-7544.0,10592.0
499,-7561.731510243705,10473.175879170842
500,-7567.0,10436.0
501,-7593.748372710406,10236.81700335163
502,-7595.0,10227.0
503,-7614.0,10069.0
504,-7622.2623226041305,9991.349608626038
505,-7632.0,9894.0
506,-7649.0,9717.0
507,-7655.4537404562125,9637.500584911286
508,-7667.0,9470.0
509,-7674.436866606876,9354.179573816498
510,-7676.0,9328.0
511,-7686.0,9115.0
512,-7686.346327811678,9104.531700431875
513,-7692.232203839841,8866.144154600663
514,-7694.0,8777.0
515,-7694.938045023682,8724.54506840965
516,-7696.0,8616.0
517,-7696.025324645214,8608.949649939275
518,-7696.049760315456,8432.37009423807
519,-7696.0,8401.0
520,-7695.231651001131,8110.048983025468
521,-7695.0,8043.0
522,-7694.504576788138,7930.6341923181835
523,-7693.0,7719.0
524,-7691.0,7448.0
525,-7690.687518232412,7411.625534774751
526,-7689.0433668124215,7290.5730806139
527,-7689.0,7285.0
528,-7688.3851716238905,7165.215610506703
529,-7688.0,7085.0
530,-7687.27359586572,6966.111473340489
531,-7686.0,6812.0
532,-7685.355728448758,6740.862428272462
533,-7683.0,6483.0
534,-7682.33680732266,6366.142073055365
535,-7682.0,6299.0
536,-7680.297753984397,6108.833406932073
537,-7680.0,6041.0
538,-7680.0,5949.0
539,-7680.0034495420905,5921.411054354847
540,-7680.0,5782.0
541,-7680.947147905167,5549.347818648192
542,-7681.0,5540.0
543,-7682.0,5373.0
544,-7683.0,5167.0
545,-7683.184666141355,5131.0742979607285
546,-7685.0,4812.0
547,-7685.399361597395,4751.217006020617
548,-7687.812330733212,4444.506868490478
549,-7688.0,4414.0
550,-7688.28299247071,4308.077551517488
551,-7689.0,4150.0
552,-7690.506532656048,3906.242669787045
553,-7691.0,3829.0
554,-7692.040266825546,3667.512403112538
555,-7692.626369875308,3575.4249135665646
556,-7693.0,3507.0
557,-7693.872974695476,3316.7495485666104
558,-7695.0,3147.0
559,-7695.413819617624,3099.53389463833
560,-7696.0,3032.0
561,-7697.0,2880.0
562,-7697.281804297232,2835.3249962748087
563,-7698.0,2728.0
564,-7698.881857365132,2606.076106083628
565,-7700.730207764411,2361.6947308826257
566,-7701.0,2327.0
567,-7703.0,2117.0
568,-7703.0852872147825,2109.5571745314737
569,-7705.0,1944.0
570,-7706.678948324351,1798.9675967081853
571,-7710.628028739776,1472.1962469232135
572,-7711.0,1446.0
573,-7712.526798634969,1362.4275022171346
574,-7713.0,1331.0
575,-7714.231991362201,1182.8515820002888
576,-7716.0,1024.0
577,-7716.605887636512,977.9886487632864
578,-7720.0,736.0
579,-7721.439715278735,608.4728105169623
580,-7722.0,521.0
581,-7722.439346785802,477.5134164610414
582,-7724.541224553195,295.31456592327
583,-7725.0,260.0
584,-7729.0,-25.0
585,-7729.050854305241,-30.77923514634955
586,-7729.0,-104.0
587,-7729.121194229204,-120.74742492265895
588,-7730.731373143457,-255.45298677467332
589,-7732.0,-356.0
590,-7732.740254072404,-438.6852434913989
591,-7733.0,-460.0
592,-7733.51347942244,-492.37117617959586
593,-7734.119479599822,-585.7828706927687
594,-7732.0,-640.0
595,-7729.082047591553,-687.6804721601013
596,-7723.0,-768.0
597,-7721.225156623219,-789.722083096555
598,-7718.981427892044,-803.7025603983003
599,-7718.0,-809.0
600,-7711.209372955345,-846.7804322968923
601,-7705.0,-877.0
602,-7692.0,-923.0
603,-7688.868240138506,-931.8409656349768
604,-7659.868749199869,-1000.3646088380916
605,-7639.0,-1044.0
606,-7633.513471678544,-1054.7382673195827
607,-7619.757815591569,-1078.5635196737562
608,-7605.0,-1100.0
609,-7587.5330825815945,-1124.0551357240495
610,-7574.0,-1141.0
611,-7543.676229007457,-1172.4620747822646
612,-7542.0,-1174.0
613,-7500.911264514945,-1206.6923435770946
614,-7499.0,-1208.0
615,-7468.987238757399,-1226.4388958930695
616,-7454.0,-1234.0
617,-7414.797929755392,-1249.1022713459486
618,-7363.508860573175,-1261.5936393583409
619,-7327.0,-1268.0
620,-7260.0,-1277.0
621,-7256.85823206815,-1277.4576607840006
622,-7192.597473511061,-1289.2196431299183
623,-7176.0,-1294.0
624,-7098.199419207462,-1327.2752349909156
625,-7095.0,-1329.0
626,-7027.0,-1373.0
627,-6968.034784704687,-1418.2728419295916
628,-6952.0,-1431.0
629,-6882.0,-1488.0
630,-6867.474913555775,-1499.9535865118269
631,-6784.0,-1564.0
632,-6759.469771668315,-1580.2188596959477
633,-6647.0,-1647.0
634,-6604.104439443937,-1668.0112836694136
635,-6538.27203238873,-1685.8830584243342
636,-6525.0,-1688.0
637,-6402.79670191281,-1700.3038640925931
638,-6261.375459255407,-1708.315361714622
639,-6205.0,-1711.0
640,-6142.756406491416,-1713.5144126299988
641,-6025.7254476620865,-1716.64338311405
642,-5969.0,-1718.0
643,-5896.98805216554,-1719.7524790010407
644,-5758.0,-1720.0
645,-5707.0,-1718.0
646,-5674.770737203872,-1716.7995186495957
647,-5537.0,-1713.0
648,-5517.00588667213,-1712.573735356119
649,-5389.0,-1710.0
650,-5355.163845635138,-1709.082565925518
651,-5253.0,-1706.0
652,-5246.804130628102,-1705.8346709769075
653,-5135.290371816143,-1703.3911869978438
654,-5001.0,-1700.0
655,-4994.703912099188,-1699.7788763023214
656,-4973.0,-1699.0
657,-4822.7510931379275,-1695.0858901424938
658,-4728.0,-1693.0
659,-4677.076791100149,-1691.7884145559187
660,-4611.0,-1690.0
661,-4469.11503364799,-1685.2191999341292
662,-4462.0,-1685.0
663,-4299.871974535736,-1681.1221680982478
664,-4252.0,-1680.0
665,-4023.2986643063114,-1674.2511377176515
666,-3976.0,-1673.0
667,-3911.0768431202405,-1671.1552454659495
668,-3851.0,-1669.0
669,-3746.7699535274305,-1665.3367125890572
670,-3584.0,-1660.0
671,-3483.735889657579,-1657.201079593885
672,-3441.0,-1656.0
673,-3247.452585204906,-1650.2840891382027
674,-3201.0,-1649.0
675,-3089.6028157372316,-1646.4032451022592
676,-2990.0,-1645.0
677,-2853.304852136037,-1644.0073403749766
678,-2794.0,-1644.0
679,-2645.0,-1645.0
680,-2595.0078022089897,-1645.2357461084564
681,-2379.0,-1647.0
682,-2311.4333549837793,-1648.2540510023925
683,-2128.0,-1652.0
684,-2065.0707346322315,-1653.179134053677
685,-1959.0,-1654.0
686,-1906.7381045541506,-1654.3275995785439
687,-1789.0,-1655.0
688,-1627.3747137961498,-1655.1198979692172
689,-1602.0,-1655.0
690,-1490.7913677901838,-1654.1250765346579
691,-1465.0,-1654.0
692,-1310.0,-1654.0
693,-1249.7059938468751,-1653.6574275727385
694,-1103.0,-1652.0
695,-1007.4716017423025,-1650.8782769697568
696,-878.0,-1649.0
697,-869.4843230501269,-1648.842226946802
698,-698.719344437915,-1644.9870509698173
699,-652.0,-1644.0
700,-497.8126940516394,-1641.2037097793186
701,-389.0,-1639.0
702,-344.5932064940209,-1637.8875207402612
703,-157.47875240285757,-1631.0827854571216
704,-66.0,-1627.0
705,125.38485938247666,-1617.9384126073105
706,215.0,-1613.0
707,363.6855047877392,-1602.9816805440814
708,550.8156359235333,-1585.7354094704613
709,617.0,-1578.0
710,752.6996728584835,-1553.8445095573463
711,822.0,-1535.0
712,929.4547888379605,-1502.5918398116905
713,955.0,-1494.0
714,1093.9108881841373,-1438.9633218099361
715,1165.0,-1405.0
716,1219.6222833480172,-1376.1275449882164
717,1335.0,-1308.0
718,1403.4520836344616,-1264.0568857267037
719,1470.0,-1219.0
720,1519.5162508043645,-1183.9651641954686
721,1623.0,-1103.0
722,1688.2897870718862,-1043.4870892058445
723,1696.0,-1036.0
724,1861.1363534102209,-859.5449407177673
725,1932.0,-780.0
726,2021.249593910783,-678.0484025856688
1,2510.976364064037,-113.18498491964867
2,2581.0,-35.0
3,2618.0438953096454,6.200686279347501
4,2756.718439576208,160.11453327837157
5,2780.0,186.0
6,2928.5370488232265,352.5897061613837
7,2944.0,370.0
8,3025.0,461.0
9,3138.9711407676177,588.0487799759205
10,3262.0,725.0
11,3291.8822930865954,758.4884732171273
12,3351.0,825.0
13,3367.835884943217,843.5225725180667
14,3439.81359952986,922.1499202511956
15,3467.0,952.0
16,3599.32319743774,1098.7594408266525
17,3633.0,1137.0
18,3689.136323832825,1204.9111536445826
19,3710.6683125286436,1237.0463328799285
20,3715.0,1244.0
21,3737.879662447559,1283.3867671546072
22,3760.0,1332.0
23,3772.3976175067774,1368.5440948959995
24,3786.0,1423.0
25,3792.0,1479.0
26,3791.7951850245468,1498.5831644094917
27,3783.0,1590.0
28,3778.059997794253,1621.127083982874
29,3765.072953243166,1657.9415666424245
30,3751.0,1684.0
31,3707.157474111669,1757.264463819606
32,3701.0,1767.0
33,3679.618187617763,1797.258832967523
34,3661.0,1816.0
35,3651.9555152645107,1824.8534950282701
36,3623.0,1852.0
37,3580.2556270866185,1885.4570968556231
38,3563.0,1897.0
39,3519.9717279946412,1922.015691680399
40,3506.0,1929.0
41,3464.7315763190854,1946.6128874203498
42,3432.0,1958.0
43,3392.9919939041797,1969.2056721787592
44,3364.0,1976.0
45,3315.7176950351472,1984.6307555005776
46,3298.0,1987.0
47,3270.0,1990.0
48,3215.0,1994.0
49,3192.806453895888,1994.798713755547
50,3120.0,1990.0
51,3042.1086330894304,1975.1260855686105
52,2967.0,1958.0
53,2928.4735968837604,1947.2293596493919
54,2904.0,1936.0
55,2880.0935984495036,1924.9296187645996
56,2794.0,1883.0
57,2790.518728324261,1881.1593486078477
58,2678.0,1813.0
59,2603.2923717938806,1759.6378062636177
60,2543.0,1715.0
61,2455.411103062164,1642.4129278247383
62,2428.0,1615.0
63,2413.224066557311,1600.1776102381434
64,2356.0,1543.0
65,2309.844080886931,1497.281487249752
66,2232.0,1420.0
67,2210.9963076699833,1398.731435532271
68,2183.944942954292,1371.1090657669824
69,2163.0,1356.0
70,2002.1092595744087,1252.6769675993799
71,1908.0,1198.0
72,1872.9640221884606,1181.176399076239
73,1802.0,1170.0
74,1768.7038434760223,1166.2752266453724
75,1679.0,1159.0
76,1628.9921460319752,1159.9562135482547
77,1544.0,1170.0
78,1521.0,1174.0
79,1494.4561665819383,1179.0648067497912
80,1374.0,1213.0
81,1353.3319232832337,1220.8880649368632
82,1187.4701032874195,1293.0362593253053
83,1179.0,1297.0
84,1025.4958680486413,1388.7350437466962
85,983.0,1424.0
86,941.8671535710146,1459.1794015038024
87,918.0,1481.0
88,870.3181730864343,1529.9063816106834
89,849.0,1554.0
90,759.4384519224699,1671.4506691562292
91,748.0,1689.0
92,684.0,1804.0
93,650.1013081648636,1882.3188139121373
94,618.0,1979.0
95,616.5879310215547,1984.1613341349876
96,608.0,2018.0
97,587.2635884684695,2119.5423993988456
98,571.0,2224.0
99,570.2717143031373,2229.267556496872
100,551.0,2407.0
101,544.9605301087779,2475.814680950508
102,532.0,2633.0
103,531.5106026043419,2639.1697761368882
104,523.0,2761.0
105,512.9299648098774,2907.3917709433563
106,511.0,2937.0
107,494.04913955333825,3215.435057828099
108,491.0,3268.0
109,480.8389282093376,3453.8566374975744
110,477.0,3530.0
111,473.01538236076215,3613.0382333515913
112,467.56438361736963,3736.008104623023
113,463.0,3848.0
114,460.1078149903326,3922.9859450548056
115,453.0,4107.0
116,450.8867227058189,4156.900368884255
117,446.0,4270.0
118,436.303340544054,4503.477044061458
119,435.0,4536.0
120,429.0,4703.0
121,427.1025038027947,4752.637509918091
122,421.0,4906.0
123,417.2405030940836,4998.9216463191
124,413.0,5110.0
125,408.0,5264.0
126,406.6235136849161,5305.375867139887
127,402.0,5437.0
128,395.3534268854984,5617.643934977444
129,395.0,5628.0
130,389.00660020140236,5824.080320228725
131,386.0,5908.0
132,383.0,5983.0
133,377.31181724194033,6152.813223863073
134,377.0,6162.0
135,368.3751808641089,6391.058892377778
136,367.0,6429.0
137,357.0,6715.0
138,353.3624427561724,6817.507710465981
139,351.11454917542267,6879.769391507413
140,350.0,6913.0
141,344.0,7094.0
142,343.07516110734116,7120.137439576446
143,336.0,7311.0
144,331.44782276202477,7446.830072658425
145,327.0,7584.0
146,325.6051642507026,7625.507151183683
147,320.0,7785.0
148,318.8279053964908,7817.263967098231
149,311.27006578102475,8022.840460894352
150,310.0,8058.0
151,306.25057795779935,8165.818284395764
152,302.30148623755775,8288.862980512808
153,302.0,8298.0
154,293.0,8557.0
155,290.53545398065216,8620.523946917127
156,288.0,8687.0
157,283.97017864062553,8806.385955891581
158,283.0,8835.0
159,277.0,9002.0
160,275.9936284214148,9029.875944344583
161,270.0,9197.0
162,264.0774010169107,9359.958573393595
163,260.22336106251805,9474.501266829444
164,260.0,9482.0
165,258.0,9552.0
166,257.4168713114744,9569.25697343517
167,253.0,9683.0
168,249.21064409922676,9796.094696057928
169,249.0,9803.0
170,246.0,9903.0
171,241.81901816529285,10007.667952221116
172,242.0,10085.0
173,242.6597498948629,10096.830752604956
174,243.0,10102.0
175,250.1291947959444,10175.194234872115
176,263.0,10268.0
177,270.3778570400543,10306.58066074313
178,281.79524078721244,10346.381246042885
179,284.0,10354.0
180,303.2990807791825,10415.602437238877
181,305.0,10420.0
182,348.1169863229641,10515.270580443173
183,356.0,10532.0
184,379.21128466829754,10574.442339692676
185,392.0,10588.0
186,447.0,10642.0
187,458.1746877733994,10651.795090386748
188,498.92443115579135,10675.332516824632
189,506.0,10678.0
190,565.0,10696.0
191,567.8899730805392,10696.649392597028
192,634.322816598394,10706.131134562194
193,645.0,10707.0
194,732.8000130174447,10709.959467189494
195,737.0,10710.0
196,804.0,10710.0
197,807.6775146865193,10709.98438699837
198,922.2147909096491,10709.328673753527
199,976.0,10709.0
200,1029.21256763489,10708.824429644941
201,1057.0,10709.0
202,1135.2059198755906,10709.687531662486
203,1254.3186425095978,10710.826002919533
204,1274.0,10711.0
205,1378.9147037537018,10711.72547048224
206,1430.0,10712.0
207,1577.641819369083,10712.931507073321
208,1587.0,10713.0
209,1726.0,10714.0
210,1849.4805104469563,10714.0248050262
211,1933.0,10715.0
212,1982.0,10716.0
213,2019.1472458044216,10715.865445521695
214,2185.366004280973,10718.71606633422
215,2198.0,10720.0
216,2390.0,10744.0
217,2440.9610553976063,10751.635151943776
218,2508.0,10773.0
219,2521.733511644736,10777.515093006856
220,2652.0,10820.0
221,2657.4710813449924,10821.9755749479
222,2760.7331905720444,10863.79935785358
223,2818.0,10891.0
224,2930.0,10952.0
225,2984.896765527319,10984.720224005014
226,3053.0,11027.0
227,3173.4485915164087,11107.880897188159
228,3195.0,11125.0
229,3420.0,11333.0
230,3465.357023431219,11381.679910373397
231,3521.0,11458.0
232,3538.0935675671494,11480.990938951616
233,3615.0,11590.0
234,3691.7493656025777,11723.807106150873
235,3747.0,11830.0
236,3764.5437234649635,11866.551302860054
237,3789.0,11934.0
238,3819.9553400037353,12025.876235150066
239,3831.0,12062.0
240,3842.682881712063,12104.93679731077
241,3858.0,12172.0
242,3872.0,12258.0
243,3872.4169141543107,12262.708599491498
244,3876.0,12376.0
245,3865.49409736092,12471.726184960671
246,3850.0,12529.0
247,3846.4517095581605,12538.72562137382
248,3836.90267935122,12551.005868385344
249,3835.0,12556.0
250,3830.59136199796,12571.524835892493
251,3819.0,12599.0
252,3809.7883300366466,12615.621309948228
253,3773.0,12675.0
254,3764.109411208354,12688.928868289946
255,3738.18229585665,12720.716842289301
256,3703.0,12738.0
257,3633.0,12770.0
258,3610.8903245003034,12778.96955964989
259,3576.7089641696475,12789.154790274877
260,3537.0,12800.0
261,3534.9761293840056,12800.660457317215
262,3488.0,12818.0
263,3463.2824003798814,12829.98393259131
264,3448.0,12839.0
265,3412.4951986386236,12864.843114063191
266,3402.0,12874.0
267,3381.327548512054,12894.594159051447
268,3362.0,12917.0
269,3333.0,12962.0
270,3314.8174414645764,13009.905121132524
271,3302.0,13053.0
272,3295.8448679666967,13136.042274516833
273,3298.0,13151.0
274,3307.478315921041,13200.595960549099
275,3321.0,13247.0
276,3332.9059205540966,13277.921889374049
277,3342.0,13299.0
278,3354.129004937995,13325.027427442386
279,3384.0,13383.0
280,3401.0,13414.0
281,3405.9298999728526,13422.791735298493
282,3443.1142436238374,13487.102849559971
283,3457.0,13511.0
284,3482.103686041295,13554.497280518382
285,3496.0,13579.0
286,3526.0,13634.0
287,3534.022808799401,13649.892518442066
288,3545.0,13673.0
289,3577.6403610409425,13751.55720443164
290,3598.0,13811.0
291,3600.3772651821464,13819.39695542906
292,3608.0,13858.0
293,3610.9529962028023,13887.45027339445
294,3615.0,13948.0
295,3616.4255534098224,13969.958318640129
296,3616.5551679014484,13998.553024058498
297,3606.0,14039.0
298,3605.1522978091843,14042.173757227243
299,3586.0,14112.0
300,3577.183474165711,14140.424191853712
301,3565.3474339196728,14162.7645711871
302,3549.0,14182.0
303,3539.388647287366,14194.452158366836
304,3524.0,14213.0
305,3494.907370051214,14238.658237211977
306,3467.0,14257.0
307,3452.7425590958674,14264.746460490827
308,3427.0,14274.0
309,3375.0457179826753,14284.211469162607
310,3330.0,14291.0
311,3285.745781088988,14295.95056877998
312,3224.0,14292.0
313,3191.8525716418026,14290.802091600628
314,3107.6593173774527,14288.157961741128
315,3103.0,14288.0
316,3061.81375872503,14286.11871384326
317,3008.0,14285.0
318,2920.4486192998083,14283.6854440363
319,2807.0,14282.0
320,2733.789461732857,14280.10036605477
321,2702.0,14279.0
322,2570.0,14276.0
323,2564.273925206484,14275.892765977476
324,2434.3649883803064,14273.643913686805
325,2398.0,14273.0
326,2306.1352544735,14271.03926708785
327,2252.0,14270.0
328,2237.0761412408556,14269.752883139543
329,2195.0,14269.0
330,2070.2947102791613,14265.223282014202
331,2063.0,14265.0
332,1952.0,14262.0
333,1896.216788384597,14260.772518227213
334,1721.0,14258.0
335,1690.7279911795465,14257.678383176628
336,1590.0,14257.0
337,1584.0266445461982,14256.97902755655
338,1387.0,14257.0
339,1379.022989341067,14257.02435984867
340,1167.1870430739898,14258.279711915406
341,1051.0,14259.0
342,989.910208143756,14259.073443489095
343,917.6167638855541,14258.970245051698
344,894.0,14259.0
345,635.0,14260.0
346,543.1561830201709,14260.964754676774
347,401.09852953888253,14263.533337982695
348,293.0,14266.0
349,241.73397594981031,14267.443608118856
350,188.0,14273.0
351,31.447783257222287,14294.768433629448
352,-115.0,14317.0
353,-249.53616613992165,14341.787724313355
354,-268.0,14346.0
355,-387.60331791055336,14375.529005855577
356,-508.0,14411.0
357,-657.0,14466.0
358,-692.0278113696412,14479.531682110412
359,-811.4981037453138,14529.436597534223
360,-862.0,14555.0
361,-1083.0,14681.0
362,-1102.0730586521368,14692.550769640891
363,-1161.0,14737.0
364,-1171.5960573048164,14746.010083646313
365,-1288.7005765670633,14845.295876879753
366,-1344.0,14896.0
367,-1380.8289461366103,14932.385693721331
368,-1464.5745391478388,15027.345716802589
369,-1485.0,15053.0
370,-1601.0,15209.0
371,-1655.8005972690667,15291.309419566418
372,-1780.0,15518.0
373,-1812.9396349360063,15585.657295261093
374,-1836.0,15636.0
375,-1860.325751896712,15689.556442954388
376,-1919.6663136330071,15820.301727521759
377,-1925.0,15832.0
378,-2043.0359832109823,16089.728360997511
379,-2073.0,16155.0
380,-2099.5329544281876,16212.736711396616
381,-2130.4902031802203,16278.959454952723
382,-2144.0,16307.0
383,-2179.73781203006,16380.217425163033
384,-2245.004446825172,16507.827043390876
385,-2250.0,16517.0
386,-2348.4183986371017,16680.66379577952
387,-2354.0,16689.0
388,-2433.0,16798.0
389,-2515.992537642374,16896.571749934577
390,-2555.0,16940.0
391,-2701.0,17084.0
392,-2749.717893442734,17125.15346755262
393,-2938.0,17276.0
394,-2984.293162619762,17311.659258500164
395,-3065.0,17360.0
396,-3105.212153788365,17381.904011968356
397,-3232.518597220095,17450.165161317847
398,-3290.0,17478.0
399,-3430.0,17536.0
400,-3515.4854501993445,17566.79576873358
401,-3525.0,17570.0
402,-3700.0,17621.0
403,-3739.354659995485,17630.920833125194
404,-3904.214447940089,17668.109407725307
405,-3956.0,17679.0
406,-4093.0,17706.0
407,-4102.102208092749,17707.784910323604
408,-4165.0,17720.0
409,-4184.716697649469,17723.503954241143
410,-4238.0,17733.0
411,-4306.487371687815,17746.155665764418
412,-4311.0,17747.0
413,-4379.0,17759.0
414,-4432.888036202097,17767.237130729874
415,-4457.0,17770.0
416,-4485.564058699028,17772.20337027895
417,-4555.076723236703,17772.194107844283
418,-4558.0,17772.0
419,-4596.0,17765.0
420,-4649.4337728719,17739.1133812588
421,-4687.0,17717.0
422,-4723.093253487661,17686.174191636328
423,-4736.0,17670.0
424,-4763.754940440904,17633.581861650444
425,-4766.0,17630.0
426,-4795.940437216552,17573.08981374641
427,-4818.0,17524.0
428,-4827.6301345893535,17498.635262236858
429,-4834.417043697237,17460.99282595894
430,-4835.0,17458.0
431,-4851.081693710423,17382.21130471396
432,-4852.0,17378.0
433,-4867.0,17314.0
434,-4867.86838269956,17310.842817670673
435,-4906.0,17194.0
436,-4917.329963805425,17163.844919399686
437,-4943.0,17104.0
438,-5005.666932672381,16970.65765930815
439,-5043.0,16893.0
440,-5044.701555496994,16889.48622754394
441,-5078.044597975613,16821.090542469654
442,-5080.0,16817.0
443,-5122.0,16728.0
444,-5135.881457392017,16698.304235432737
445,-5193.0,16575.0
446,-5195.405396879469,16569.747534511032
447,-5237.0,16479.0
448,-5244.228034175281,16463.767950692985
449,-5304.0,16344.0
450,-5376.264900510575,16206.969653091746
451,-5416.0,16133.0
452,-5441.934635469979,16085.251706097613
453,-5487.17157817823,16004.124899980832
454,-5518.0,15950.0
455,-5565.0,15868.0
456,-5588.618112684919,15826.74915696118
457,-5657.293545855099,15706.85878287525
458,-5674.0,15678.0
459,-5730.0,15581.0
460,-5768.603729006405,15512.028334698893
461,-5840.0,15383.0
462,-5944.521661367413,15188.689737781346
463,-5977.0,15126.0
464,-5998.259426337674,15085.055666556638
465,-6059.006897553445,14969.228708305518
466,-6081.0,14928.0
467,-6202.3109616754455,14703.037454429634
468,-6231.0,14650.0
469,-6261.343283475966,14593.885933209067
470,-6289.0,14542.0
471,-6315.73186457683,14491.732269809007
472,-6435.0,14266.0
473,-6465.31202330459,14207.025253034657
474,-6525.0,14081.0
475,-6565.234439623623,13992.700845210968
476,-6611.0,13892.0
477,-6631.0,13848.0
478,-6672.298177816256,13754.252472879196
479,-6732.0,13612.0
480,-6771.310969160525,13515.243585690409
481,-6781.0,13491.0
482,-6851.0,13309.0
483,-6864.223603542341,13272.19435714
484,-6889.0,13201.0
485,-6928.2635587985715,13084.055039871671
486,-6961.0,12981.0
487,-6976.460291789734,12929.624671930102
488,-7012.0,12806.0
489,-7014.17332463421,12798.379422930673
490,-7076.0,12581.0
491,-7091.11910318352,12528.08570618406
492,-7127.0,12404.0
493,-7133.0982074636595,12383.02666293446
494,-7174.0,12242.0
495,-7180.8513669936165,12218.094747580324
496,-7220.0,12079.0
497,-7245.095696246923,11986.875827729351
498,-7269.0,11898.0
499,-7298.364789557777,11788.8767265764
500,-7329.671511269809,11663.171184821007
501,-7352.0,11567.0
502,-7405.0,11333.0
503,-7428.5954474394675,11228.208203084376
504,-7444.0,11151.0
505,-7447.484877442417,11132.781556402431
506,-7472.0,11004.0
507,-7479.746990873242,10962.63090180963
508,-7509.0,10801.0
509,-7521.781312453363,10725.872802235694
510,-7532.0,10664.0
511,-7554.923057390384,10519.390073416238
512,-7559.0,10492.0
513,-7587.0,10285.0
514,-7588.054890802177,10276.835930560306
515,-7611.605886301162,10088.534279641059
516,-7615.0,10059.0
517,-7638.0,9832.0
518,-7643.0,9780.0
519,-7643.687913703095,9772.428165474184
520,-7669.4769760288045,9427.773162536907
521,-7673.0,9376.0
522,-7678.202809138997,9295.900883888686
523,-7684.0,9164.0
524,-7686.363759997352,9094.593857729262
525,-7692.0,8916.0
526,-7693.0,8881.0
527,-7693.182239496068,8873.636299497533
528,-7696.0,8437.0
529,-7696.150920746597,8377.543624560625
530,-7696.428336783384,8279.250680862942
531,-7696.0,8165.0
532,-7695.535834192847,8106.754919146604
533,-7695.0,8022.0
534,-7695.005659384287,7960.4881971353325
535,-7695.0,7915.0
536,-7694.013803680849,7796.089185777816
537,-7692.133580255602,7644.448719894339
538,-7692.0,7630.0
539,-7690.0,7362.0
540,-7689.486053232589,7297.5013304162685
541,-7688.18164216036,7168.465458470344
542,-7688.0,7147.0
543,-7686.0,6860.0
544,-7685.720726792796,6818.980175271077
545,-7685.0,6717.0
546,-7683.641827756541,6535.0349920376875
547,-7683.0,6446.0
548,-7682.5375587326125,6373.195396225103
549,-7682.160237390354,6302.571114815083
550,-7682.0,6283.0
551,-7680.047368306221,6056.278242080133
552,-7680.0,6046.0
553,-7679.906134186923,5912.496949533918
554,-7680.0,5863.0
555,-7680.77808162732,5605.225431440492
556,-7681.0,5552.0
557,-7682.342750260418,5332.178039816566
558,-7683.0,5219.0
559,-7683.029813558644,5212.731979970448
560,-7684.0,5015.0
561,-7685.221714002693,4855.8388629223045
562,-7686.0,4755.0
563,-7686.870601397533,4605.523069643853
564,-7687.0,4472.0
565,-7687.270329230203,4403.155479061112
566,-7688.0,4284.0
567,-7688.543089170235,4215.799381061373
568,-7690.735882524659,3964.1177422748106
569,-7691.0,3927.0
570,-7691.097243973981,3829.0831809704764
571,-7691.0,3776.0
572,-7691.772177391462,3627.370720488265
573,-7693.0,3455.0
574,-7693.774368543175,3351.991625210514
575,-7696.0,3058.0
576,-7696.402307247877,2993.1705792093085
577,-7697.0,2849.0
578,-7697.152607194985,2808.301526984732
579,-7698.0,2621.0
580,-7700.0,2411.0
581,-7705.0,2010.0
582,-7706.1521001201645,1881.8265802162296
583,-7706.725106752544,1804.9987630641108
584,-7707.0,1781.0
585,-7709.0,1628.0
586,-7710.687683541073,1504.2346530495736
587,-7712.0,1398.0
588,-7712.483685950074,1352.331171754669
589,-7714.0,1207.0
590,-7714.100393338442,1199.3094752864395
591,-7717.0,996.0
592,-7717.219550082736,969.8395423183938
593,-7718.0,843.0
594,-7719.584928618921,713.4997041049098
595,-7721.0,608.0
596,-7722.360477728873,475.67513764696344
597,-7724.0,320.0
598,-7728.0,48.0
599,-7728.10582543037,40.553278761298735
600,-7728.796655298259,-22.037548384485987
601,-7729.0,-51.0
602,-7731.0,-246.0
603,-7731.3695068658435,-276.3364474950877
604,-7732.0,-329.0
605,-7732.536478076986,-390.4603899607636
606,-7733.0,-449.0
607,-7733.435879605953,-491.1692546409665
608,-7733.666661795663,-580.1098380692956
609,-7733.0,-608.0
610,-7729.378143921831,-697.2659430988796
611,-7728.0,-723.0
612,-7723.553175802564,-772.1655050840819
613,-7720.0,-793.0
614,-7716.333119566282,-812.9892076295877
615,-7701.1459374023925,-887.7596592360769
616,-7695.0,-912.0
617,-7687.113155825982,-938.112408384284
618,-7664.0,-994.0
619,-7658.44238185611,-1005.7169965893061
620,-7638.209793322605,-1045.2977123812395
621,-7634.0,-1053.0
622,-7607.0,-1098.0
623,-7584.298230605763,-1128.603180540859
624,-7580.0,-1134.0
625,-7555.0,-1162.0
626,-7504.914240052454,-1203.4371624336777
627,-7491.0,-1214.0
628,-7470.430633270486,-1228.2800298493726
629,-7441.316139646105,-1239.206245545717
630,-7439.0,-1240.0
631,-7391.653506166986,-1255.7331361837562
632,-7383.0,-1258.0
633,-7332.0,-1267.0
634,-7322.318318297347,-1268.4300817351975
635,-7222.177094514434,-1283.1848443534097
636,-7197.0,-1288.0
637,-7121.0,-1316.0
638,-7118.756158406072,-1317.15935125669
639,-7064.0,-1348.0
640,-7030.522748333722,-1370.5036873934573
641,-6990.0,-1401.0
642,-6931.0,-1448.0
643,-6901.534254612687,-1472.0023124750007
644,-6850.0,-1514.0
645,-6761.0,-1581.0
646,-6756.873127583004,-1583.7122281040272
647,-6623.767362054501,-1656.324397294778
648,-6617.0,-1659.0
649,-6494.148596896621,-1691.7790567198972
650,-6369.0,-1707.0
651,-6326.272094431449,-1708.6082610953063
652,-6290.0,-1709.0
653,-6103.110997457667,-1714.0007857055348
654,-6010.0,-1717.0
655,-5980.08189579405,-1718.130510591563
656,-5928.0,-1720.0
657,-5906.584451404382,-1720.3248302061377
658,-5808.730385664829,-1720.7316619528744
659,-5754.0,-1720.0
660,-5562.960374328962,-1714.2926498026022
661,-5494.0,-1712.0
662,-5439.834242106831,-1710.4250861115843
663,-5379.082298418132,-1709.132806372235
664,-5373.0,-1709.0
665,-5189.096216596698,-1704.8352874591042
666,-5153.0,-1704.0
667,-5082.180361987651,-1702.3415879963454
668,-5027.0,-1701.0
669,-4937.534874107372,-1698.7602451959222
670,-4754.0,-1694.0
671,-4732.804635104574,-1693.4203026665436
672,-4643.252958089464,-1690.6765272990706
673,-4622.0,-1690.0
674,-4571.649128475699,-1688.4376670242489
675,-4384.827867385063,-1683.3637120234828
676,-4370.0,-1683.0
677,-4204.0,-1679.0
678,-4050.802387274005,-1675.0054043123464
679,-3962.9303282705614,-1672.1312776615118
680,-3867.0,-1669.0
681,-3769.7778146631867,-1666.163353019678
682,-3664.0,-1663.0
683,-3636.3315624449087,-1662.1430084612323
684,-3379.0,-1654.0
685,-3284.3199772737225,-1651.0841003626695
686,-3167.8809998048037,-1648.140707673252
687,-3161.0,-1648.0
688,-2982.0,-1645.0
689,-2944.121645129557,-1644.5059260695334
690,-2836.0,-1644.0
691,-2780.3125693889524,-1644.8474916722641
692,-2770.0,-1645.0
693,-2580.3917177811118,-1646.0648216955178
694,-2374.0,-1647.0
695,-2366.0537792434375,-1647.089749419175
696,-2184.360939165176,-1650.6497407810514
697,-2024.0,-1654.0
698,-1914.4951338841247,-1655.0539010391453
699,-1711.677138930183,-1655.0792443160883
700,-1670.0,-1655.0
701,-1431.0436895245555,-1654.2061393005374
702,-1381.0,-1654.0
703,-1246.028638863579,-1653.4017307505658
704,-1108.0,-1652.0
705,-1100.4828506372587,-1651.8950358848851
706,-1039.0,-1651.0
707,-825.4593923518069,-1648.1793804329157
708,-816.0,-1648.0
709,-687.1067579085003,-1644.9733855916254
710,-643.0,-1644.0
711,-549.0945076749992,-1642.3467906502844
712,-471.0,-1641.0
713,-274.4937962003393,-1636.0565932685129
714,-245.0,-1635.0
715,-87.65027799644139,-1628.003411354963
716,-6.0,-1624.0
717,110.00674764998683,-1618.2296077117103
718,307.0,-1608.0
719,351.8431175905178,-1605.4176298442844
720,499.0,-1593.0
721,504.1507195121318,-1592.456304924067
722,669.72931580557,-1570.2165001401304
723,704.0,-1563.0
724,1003.0,-1477.0
725,1054.3026253711662,-1458.2800291871874
726,1239.1483240305363,-1367.1343415835781
727,1331.0,-1311.0
728,1362.0706982796657,-1291.7581765644152
729,1451.0,-1233.0
730,1566.7049326082956,-1147.633631068322
731,1644.0,-1085.0
732,1696.1012415079692,-1038.0170203401449
733,1806.0,-922.0
734,1990.355349773501,-710.6597653810635
735,2015.0,-682.0
736,2075.005552816815,-611.319590865
737,2116.0,-562.0
738,2221.1920000532577,-439.0412811271493
739,2286.0,-364.0
1,2266.0,-387.0
2,2310.6675060706534,-337.201503292509
3,2411.0,-225.0
4,2428.4888082760835,-205.38664201540664
5,2544.0,-76.0
6,2610.9957418981485,-1.985200199341605
7,2678.0,72.0
8,2755.5055202028966,158.43525186816146
9,2829.0,241.0
10,2890.3040895520326,310.09475660214844
11,2950.0,377.0
12,3000.456513079529,432.8395538431127
13,3043.0,480.0
14,3141.304582444648,590.075099889049
15,3232.0,692.0
16,3295.4478638549235,762.9614910377186
17,3338.0,810.0
18,3365.6471311965215,840.3788845036155
19,3469.4520871594905,954.098478108317
20,3473.0,958.0
21,3531.0,1022.0
22,3568.3552254719625,1063.3244611756604
23,3616.0,1117.0
24,3667.1543782662698,1177.9841228184591
25,3675.0,1188.0
26,3713.0,1241.0
27,3723.403754242901,1257.1868126810923
28,3740.0,1287.0
29,3752.297833987128,1315.376256274384
30,3788.0,1437.0
31,3793.879454867219,1467.3603769104832
32,3790.0,1553.0
33,3787.0582681542674,1568.8747178740318
34,3776.0,1618.0
35,3775.2356314156086,1620.7846760050454
36,3769.0,1640.0
37,3734.463169194712,1712.6973389848965
38,3716.0,1747.0
39,3700.4805395123367,1772.232016755317
40,3678.0,1797.0
41,3651.127429892405,1825.9428188368724
42,3635.0,1842.0
43,3585.497863998604,1882.2663237002275
44,3583.0,1884.0
45,3509.0,1927.0
46,3491.235493100867,1935.6136076894122
47,3447.2556095508257,1953.1127637443917
48,3428.0,1959.0
49,3334.651595172042,1982.0567745797646
50,3330.0,1983.0
51,3256.841337658054,1993.0997277256415
52,3197.0,1994.0
53,3186.452204777575,1994.013772858135
54,3144.0,1992.0
55,3067.0,1982.0
56,3048.006689695163,1978.798780995412
57,2993.1740207505654,1966.8364791868105
58,2925.0,1944.0
59,2903.581483132924,1936.0567348372458
60,2883.0,1928.0
61,2751.7066004278886,1859.305461546468
62,2704.0,1830.0
63,2663.3978527999243,1804.4035494478421
64,2632.0,1782.0
65,2628.8469788769166,1779.6773967804913
66,2536.064037080164,1708.9649127567614
67,2515.0,1692.0
68,2463.0,1648.0
69,2397.2375394889477,1584.5387631204196
70,2369.0,1556.0
71,2274.216229325987,1459.93439081192
72,2262.0,1448.0
73,2180.9608624165103,1371.3791504759986
74,2132.0,1328.0
75,2083.720340167251,1289.5665295561323
76,2051.0,1267.0
77,1986.71472169638,1228.4276737829985
78,1902.0,1195.0
79,1801.5839719161809,1173.450647714346
80,1671.0,1158.0
81,1568.712581128791,1162.7301409912377
82,1488.0,1181.0
83,1481.9136959836603,1182.279857120196
84,1465.0,1186.0
85,1333.1645021592471,1230.4695471540006
86,1191.0,1290.0
87,1168.394865932571,1300.2960359663516
88,1105.0,1339.0
89,1037.4283173453068,1385.5556125562453
90,947.0,1455.0
91,848.0,1555.0
92,810.9995748217784,1600.3014119460115
93,761.0,1670.0
94,700.0,1773.0
95,673.5163293108326,1826.4487162475386
96,650.0,1882.0
97,604.4914275438529,2032.7376147500197
98,603.0,2039.0
99,590.0,2101.0
100,579.7711626612177,2164.2292566021188
101,567.0,2262.0
102,555.1538513403386,2367.848386470417
103,553.0,2389.0
104,539.223709821951,2540.508615299803
105,533.0,2617.0
106,530.3100989271121,2651.5771665545017
107,522.0,2768.0
108,516.0,2863.0
109,510.55606750860863,2949.496425007367
110,502.0,3085.0
111,501.55107934541775,3092.1888678887813
112,492.0,3251.0
113,478.0,3498.0
114,477.46533759647286,3507.730617538468
115,475.0,3568.0
116,474.8350628929675,3572.4573365965052
117,466.68074960889334,3766.4685854023924
118,464.0,3830.0
119,459.2910842163444,3943.665352546955
120,457.0,3999.0
121,450.0,4169.0
122,446.039671122545,4272.654976043022
123,445.0,4299.0
124,439.11733979078343,4435.545256608241
125,437.0,4487.0
126,432.4245906580654,4614.727477216729
127,431.0,4653.0
128,422.0,4871.0
129,421.62275888457464,4880.375765846963
130,414.0,5083.0
131,412.20176213760624,5134.361897181856
132,407.0,5287.0
133,404.3491570253718,5364.577941127111
134,398.0,5546.0
135,393.2766818761203,5677.197559164056
136,393.0,5685.0
137,387.32585885110046,5849.45252189124
138,387.0,5859.0
139,381.56783806987244,6018.387052171957
140,375.0,6210.0
141,369.65547012059267,6363.336833692945
142,363.36361881551187,6542.498432195627
143,362.0,6582.0
144,356.83067673322904,6736.141190862971
145,351.0,6902.0
146,349.3338858134422,6946.896731634982
147,349.0,6956.0
148,341.0,7189.0
149,338.4289577069128,7262.831318228834
150,332.0,7442.0
151,321.0178511185218,7746.995115348293
152,319.0,7804.0
153,314.0,7958.0
154,313.51733468253457,7972.586912090868
155,307.7515720647649,8138.087721081471
156,302.0268172273994,8296.624099913535
157,295.40287736964063,8478.674875141955
158,287.92824488212176,8687.87231790783
159,283.0,8829.0
160,279.09530649907776,8943.204988631576
161,277.0,9004.0
162,267.40497414761853,9275.776356851811
163,266.0,9317.0
164,261.0,9469.0
165,259.03067550829314,9526.191397368288
166,256.0,9609.0
167,253.0,9683.0
168,246.54475515100324,9866.872010022204
169,245.0,9916.0
170,242.7289439847475,10001.340586379962
171,243.0,10108.0
172,243.4163506043165,10124.336653212951
173,246.2312397174229,10169.633392572288
174,253.0,10212.0
175,281.0,10346.0
176,282.30651006677147,10351.321056516721
177,315.4982418659257,10450.06541683789
178,322.0,10465.0
179,352.79896660471326,10527.588732644486
180,363.0,10545.0
181,392.09335124976656,10587.172566718373
182,399.0,10595.0
183,454.0,10648.0
184,487.0928597502359,10672.485923416372
185,511.3467611892653,10680.558046318818
186,530.0,10686.0
187,596.0,10702.0
188,674.8206942068188,10707.731564278076
189,716.0,10709.0
190,772.8406835042256,10709.647316538716
191,827.3148999934215,10709.113225166708
192,847.0,10709.0
193,1012.3293032278092,10708.987513935648
194,1056.0,10709.0
195,1083.4582469174165,10708.906964423482
196,1104.0,10709.0
197,1250.9451816225926,10710.70231187922
198,1279.0,10711.0
199,1344.2524126975632,10711.619906529977
200,1384.0,10712.0
201,1488.0,10713.0
202,1643.2723301303397,10713.751387974668
203,1693.0,10714.0
204,1761.7499038758788,10714.496662929268
205,1847.0,10715.0
206,1852.0791219182092,10714.992184595376
207,1926.0,10715.0
208,2161.1002561030955,10718.488621075994
209,2185.0,10719.0
210,2308.7477097936103,10729.233223615285
211,2332.0,10734.0
212,2406.036000060589,10749.702471926315
213,2502.0,10772.0
214,2622.7509184724095,10809.316892683373
215,2645.0,10818.0
216,2848.7665890351914,10909.09650537529
217,2893.0,10931.0
218,3027.459132450253,11006.702077075097
219,3135.682977629745,11082.129266146212
220,3147.0,11090.0
221,3206.5127982022227,11131.001983115895
222,3314.0195937882136,11225.014336289496
223,3320.0,11231.0
224,3452.0,11370.0
225,3478.722454170255,11400.249922126854
226,3537.7250391028865,11479.566247658688
227,3547.0,11493.0
228,3664.638777792357,11670.312740072935
229,3668.0,11676.0
230,3729.1852198801807,11792.076331277774
231,3732.0,11798.0
232,3777.0,11902.0
233,3803.659759566437,11974.388156544508
234,3809.0,11990.0
235,3835.0,12075.0
236,3838.7275676614804,12089.05549654248
237,3856.373966051711,12165.62736135097
238,3867.0,12223.0
239,3871.1333545692637,12250.569148376842
240,3875.0,12296.0
241,3873.7082704061827,12390.920581906063
242,3872.0,12425.0
243,3868.2920972292177,12467.764783116982
244,3859.4285616815264,12499.082974357116
245,3852.0,12521.0
246,3835.0,12570.0
247,3829.4370842164085,12583.148057665136
248,3820.0,12599.0
249,3812.4993318248353,12611.069617082432
250,3788.646541223113,12649.01015058275
251,3759.0,12691.0
252,3741.168652961993,12710.907909609352
253,3709.1271455647097,12733.952645520494
254,3697.0,12741.0
255,3678.664484451111,12750.9989514031
256,3650.0,12764.0
257,3561.0,12793.0
258,3529.5261370295375,12801.346853424811
259,3491.4270225180676,12816.608411571866
260,3489.0,12818.0
261,3408.9868243027913,12871.730845007023
262,3387.0,12888.0
263,3365.0,12913.0
264,3357.8488930383196,12925.096193369884
265,3311.0,13016.0
266,3302.64378574009,13040.488190647618
267,3296.2380771732824,13120.509784280443
268,3298.0,13152.0
269,3298.610209284893,13160.986321867655
270,3303.338550852674,13193.46824514768
271,3309.0,13212.0
272,3350.0,13319.0
273,3355.929925506922,13332.555258968649
274,3371.258471655095,13362.070402905294
275,3378.0,13374.0
276,3407.5150346906657,13425.365475420891
277,3460.0,13516.0
278,3475.4916926183614,13542.919593926388
279,3503.0,13592.0
280,3504.7637518568304,13595.24587245844
281,3532.402928161246,13647.363439677407
282,3547.0,13677.0
283,3566.0,13720.0
284,3581.0658033861455,13758.534607450885
285,3588.0,13779.0
286,3600.9341876668855,13828.119234868924
287,3608.0,13865.0
288,3614.0,13909.0
289,3615.0,13958.0
290,3614.7602648728007,13961.375626693403
291,3600.0,14066.0
292,3596.3071133758067,14085.337771451095
293,3586.0,14111.0
294,3560.7830895700304,14163.42346811912
295,3554.0,14175.0
296,3509.8606750261833,14227.417189611548
297,3508.0,14229.0
298,3472.3827748748554,14254.337962366557
299,3454.0,14264.0
300,3378.82425557673,14285.339579760119
301,3336.0,14291.0
302,3302.888902710024,14293.059128800707
303,3234.0,14292.0
304,3196.40307490632,14290.93515712002
305,3104.0,14288.0
306,3093.2660238712792,14287.645065667324
307,3036.0,14286.0
308,3019.7251776478465,14285.642370967227
309,2839.0,14282.0
310,2781.837807510252,14281.077792734273
311,2727.0,14280.0
312,2712.7615007572554,14279.601698357825
313,2630.0,14277.0
314,2575.1112327044893,14275.88202995896
315,2521.0,14275.0
316,2495.495846231016,14274.538091296083
317,2419.0,14273.0
318,2391.3608763993507,14272.403706207351
319,2279.0,14270.0
320,2244.5356832611587,14269.357903636868
321,2116.0,14267.0
322,2109.8001315884626,14266.860228563895
323,1970.0,14263.0
324,1961.3193713360124,14262.797359810062
325,1730.5825599515551,14258.118181381753
326,1724.0,14258.0
327,1646.4484981910007,14256.970077058444
328,1595.0,14257.0
329,1512.9931088523929,14256.965172866316
330,1442.0,14257.0
331,1339.7817837468774,14257.186100340956
332,1118.7695182006194,14257.964144095922
333,1112.0,14258.0
334,1025.7052753087519,14258.710294663406
335,958.0,14259.0
336,926.3909943730511,14258.9932538665
337,829.0,14259.0
338,709.1792109715335,14259.805959114892
339,657.0,14260.0
340,466.0,14261.0
341,383.43735258926733,14263.829031138943
342,198.0,14272.0
343,118.81572535601319,14276.569820961256
344,34.0,14292.0
345,-102.53169895581877,14316.373444821496
346,-277.1194755155159,14347.713254395578
347,-284.0,14349.0
348,-359.0,14367.0
349,-364.0834790900287,14368.516072853581
350,-510.6983474988746,14413.201255860426
351,-582.0,14437.0
352,-662.6829095563962,14466.802120458018
353,-773.0,14514.0
354,-990.0,14623.0
355,-999.2577109596974,14628.295835139754
356,-1119.8044211160131,14705.63407918276
357,-1237.53872746118,14798.334144718912
358,-1262.0,14819.0
359,-1327.1556128403752,14877.921077503644
360,-1383.0,14936.0
361,-1398.7684678924375,14953.517760280214
362,-1544.0,15129.0
363,-1549.2666254982203,15135.856639704769
364,-1618.8981953271684,15233.088109067938
365,-1654.0,15290.0
366,-1761.0,15481.0
367,-1775.1338094145779,15507.38905765265
368,-1853.0,15673.0
369,-1890.0384579428414,15753.822404613855
370,-1908.0,15793.0
371,-2017.0,16033.0
372,-2022.9800288747742,16046.122079366898
373,-2044.0,16092.0
374,-2092.517501226158,16197.623696113136
375,-2114.0,16243.0
376,-2240.0,16498.0
377,-2252.953107241681,16523.096770946322
378,-2309.0410882448664,16622.387233261
379,-2352.0,16685.0
380,-2462.0,16833.0
381,-2488.4334431990123,16865.471974531098
382,-2567.0,16954.0
383,-2644.1259544785717,17032.022789317078
384,-2663.0,17050.0
385,-2849.0,17210.0
386,-2855.318329081092,17215.049816367464
387,-2953.2056926635937,17289.19259329143
388,-3027.0,17336.0
389,-3262.0,17465.0
390,-3297.0023519482884,17482.845901043747
391,-3385.0,17519.0
392,-3402.831921579993,17525.462160888586
393,-3619.0,17599.0
394,-3655.5820019282774,17609.541646578517
395,-3744.0,17632.0
396,-3792.4037284626556,17643.416567896107
397,-3947.0,17677.0
398,-4042.5698464742804,17695.949838861456
399,-4048.0,17697.0
400,-4148.2841640974975,17716.20826383296
401,-4194.0,17725.0
402,-4245.0,17735.0
403,-4248.376801861995,17735.60240740037
404,-4319.0,17748.0
405,-4373.634458706354,17758.043130887418
406,-4389.0,17761.0
407,-4450.029992075689,17773.14942425474
408,-4504.0,17774.0
409,-4528.341292003097,17772.31919272676
410,-4600.0,17764.0
411,-4622.656010625666,17759.44417259762
412,-4640.0,17747.0
413,-4644.943397128595,17744.01784464928
414,-4678.0,17723.0
415,-4702.509727595778,17701.148858048058
416,-4755.816982767411,17642.996345645282
417,-4761.0,17637.0
418,-4775.020944867738,17619.560574469117
419,-4785.0,17600.0
420,-4811.0,17543.0
421,-4816.253161803493,17529.29335717374
422,-4831.7553762542875,17475.902594229105
423,-4841.0,17434.0
424,-4854.368906799233,17367.696043607255
425,-4861.0,17336.0
426,-4876.410906618832,17277.623959499888
427,-4884.0,17255.0
428,-4891.372487661605,17233.79180121055
429,-4932.0,17130.0
430,-4939.725809757236,17112.485085332708
431,-4996.0,16991.0
432,-5019.9366239178125,16941.071450965817
433,-5031.0,16918.0
434,-5071.239483234503,16833.720824624583
435,-5158.0,16651.0
436,-5188.030289982101,16586.997896117715
437,-5222.363902014901,16512.175084101364
438,-5255.0,16442.0
439,-5256.789259754077,16438.24913176635
440,-5302.494382928333,16345.395379656748
441,-5328.0,16296.0
442,-5351.778905183135,16250.982978682132
443,-5384.0,16191.0
444,-5425.668403942931,16114.599070455937
445,-5442.0,16085.0
446,-5490.615425755619,15998.11918452208
447,-5532.0,15925.0
448,-5566.290136891073,15864.615361862472
449,-5602.0,15802.0
450,-5649.5810821106725,15719.041982519728
451,-5660.0,15701.0
452,-5740.0,15563.0
453,-5743.496985747493,15556.8172078867
454,-5801.0,15453.0
455,-5876.581800539076,15315.575444043092
456,-5922.0,15232.0
457,-6016.084521000345,15052.87180126571
458,-6064.606176199135,14958.619523965266
459,-6067.0,14954.0
460,-6146.796241944451,14803.9627900047
461,-6155.0,14789.0
462,-6188.0,14729.0
463,-6261.222875402557,14593.753448425752
464,-6282.0,14555.0
465,-6371.159503277629,14387.55359769261
466,-6431.0,14273.0
467,-6434.548926976987,14266.070448579474
468,-6473.439697101746,14187.552775197646
469,-6500.0,14132.0
470,-6570.4821591848395,13983.581644071039
471,-6594.0,13932.0
472,-6635.856796276423,13836.176728548175
473,-6645.0,13815.0
474,-6699.303469268758,13689.149869557392
475,-6721.0,13638.0
476,-6749.207368536847,13570.274759897544
477,-6800.0,13443.0
478,-6820.465046010328,13388.785199046824
479,-6823.0,13382.0
480,-6884.574386700109,13212.89997134046
481,-6887.0,13206.0
482,-6928.652069508027,13084.439644273883
483,-6947.0,13028.0
484,-7013.0,12806.0
485,-7015.432873856085,12797.635264621144
486,-7074.569147382743,12595.181947713816
487,-7106.119054278513,12487.846926224127
488,-7151.850213077001,12327.081821206368
489,-7206.0,12130.0
490,-7209.133806321204,12118.447637556474
491,-7262.878174666289,11918.52902383857
492,-7298.0,11786.0
493,-7309.964713759413,11739.903670033345
494,-7331.0,11654.0
495,-7341.411198814289,11611.485699494935
496,-7382.0,11439.0
497,-7408.179995509201,11318.648929454925
498,-7446.0,11139.0
499,-7484.112206499317,10943.31963999307
500,-7506.0,10819.0
501,-7514.0,10776.0
502,-7526.460164664824,10702.42552383619
503,-7544.0,10589.0
504,-7582.762814150483,10321.521275066312
505,-7586.0,10297.0
506,-7599.891506146127,10185.885053707902
507,-7603.0,10160.0
508,-7622.0,9995.0
509,-7630.0,9917.0
510,-7643.741099429806,9762.592991545032
511,-7662.8100646397725,9531.094014759768
512,-7668.0,9465.0
513,-7672.899515620266,9389.678854160155
514,-7675.0,9342.0
515,-7680.245159894051,9234.686707761637
516,-7685.0,9132.0
517,-7689.0,9026.0
518,-7689.309570961795,9015.601040916661
519,-7694.747557251391,8673.717782211206
520,-7695.0,8648.0
521,-7695.948696830983,8457.090836817259
522,-7696.0,8383.0
523,-7696.032876929014,8265.84618922048
524,-7696.0,8192.0
525,-7695.77167994724,8068.729662144605
526,-7695.0,7944.0
527,-7694.114903156242,7869.17147436328
528,-7693.0,7776.0
529,-7692.0,7625.0
530,-7691.943411641043,7614.723643863743
531,-7691.0,7447.0
532,-7690.689639316968,7405.412625819495
533,-7689.0,7215.0
534,-7688.2183362064,7117.380588739723
535,-7687.0,6966.0
536,-7685.500709143605,6829.692633356342
537,-7685.0,6769.0
538,-7684.0,6545.0
539,-7683.566324467785,6485.765023990402
540,-7683.0,6419.0
541,-7680.418305309656,6115.450807808879
542,-7680.0,6057.0
543,-7679.6735934627995,5957.896512821879
544,-7680.0,5884.0
545,-7679.927845282536,5754.12345570074
546,-7680.0,5629.0
547,-7680.652407866046,5502.810367296406
548,-7681.0,5454.0
549,-7682.424258748733,5269.085009260321
550,-7684.0,5068.0
551,-7684.3844573208735,5014.88847950939
552,-7685.0,4902.0
553,-7685.10822411887,4878.491304143822
554,-7686.0,4669.0
555,-7686.145621931821,4630.567486977647
556,-7687.0,4464.0
557,-7687.11157018707,4447.62817258571
558,-7689.0,4186.0
559,-7689.808932190441,4034.7517433553394
560,-7690.0,3972.0
561,-7690.032575936346,3965.1945506785305
562,-7690.793599915549,3832.572708564056
563,-7692.0,3682.0
564,-7693.0,3580.0
565,-7693.8630871711,3429.6555199292607
566,-7694.0,3401.0
567,-7694.860227139325,3231.639541255238
568,-7695.0,3204.0
569,-7696.0,2989.0
570,-7696.175852456958,2943.5420670381777
571,-7697.0,2772.0
572,-7697.080578703687,2761.8199816275483
573,-7698.0,2660.0
574,-7698.607925857376,2574.5551838058955
575,-7700.0,2377.0
576,-7700.856201026167,2309.295513214032
577,-7702.0,2226.0
578,-7703.100221135331,2128.2794852871507
579,-7704.0,2047.0
580,-7704.878137664482,1976.1202587386715
581,-7706.0,1886.0
582,-7707.091332628034,1783.5537980935094
583,-7708.606785584032,1634.8287760426758
584,-7709.0,1603.0
585,-7714.0,1244.0
586,-7714.168629841091,1230.7146974706948
587,-7716.440170435989,1016.1619857144535
588,-7718.0,847.0
589,-7719.489697564209,712.4674504581308
590,-7721.0,600.0
591,-7721.149272243632,591.2997898382004
592,-7722.0,539.0
593,-7722.638187097478,488.2738513351711
594,-7725.0,289.0
595,-7725.567425869036,240.09061435956878
596,-7727.0,105.0
597,-7727.3118700643445,73.55030493477842
598,-7729.0,-84.0
599,-7729.276881310047,-104.89620616172331
600,-7730.774930447495,-206.19624324252203
601,-7731.0,-224.0
602,-7732.0,-336.0
603,-7732.205393622706,-362.7782907781329
604,-7733.0,-450.0
605,-7733.194109196956,-464.55730000943726
606,-7734.0,-524.0
607,-7734.008150748511,-568.2480756272263
608,-7733.0,-608.0
609,-7726.78428583292,-721.0588007232831
610,-7724.0,-758.0
611,-7715.2694494242705,-833.0272490344191
612,-7706.492025156949,-870.6247882282601
613,-7703.0,-883.0
614,-7685.789651757701,-935.092013413959
615,-7664.86827281803,-989.4199062050783
616,-7656.0,-1011.0
617,-7650.13242611418,-1024.3277797803769
618,-7637.0,-1048.0
619,-7611.980315136826,-1087.337969849953
620,-7578.0,-1136.0
621,-7567.622488440335,-1149.0394539259657
622,-7521.2285350450675,-1192.1843185225773
623,-7509.0,-1202.0
624,-7486.036301635056,-1220.839975281248
625,-7441.229454434854,-1240.7116406623795
626,-7430.0,-1244.0
627,-7343.237631772574,-1264.7510184452958
628,-7313.0,-1271.0
629,-7277.401727037699,-1276.8071181805112
630,-7241.0,-1280.0
631,-7219.213228701384,-1283.427239587063
632,-7188.0,-1290.0
633,-7135.461693168029,-1308.3800001839497
634,-7092.0,-1330.0
635,-7021.0,-1377.0
636,-7003.913761229698,-1389.67954748412
637,-6940.0,-1440.0
638,-6911.7257002583,-1463.4968603555162
639,-6882.0,-1488.0
640,-6854.100893344315,-1510.1749026531156
641,-6773.0,-1572.0
642,-6727.690551205344,-1604.5141583220097
643,-6669.0,-1636.0
644,-6663.43768369939,-1638.376957104725
645,-6563.445999186426,-1673.751594527472
646,-6463.0,-1699.0
647,-6407.838577516264,-1707.2462149814728
648,-6261.887926086698,-1709.9631086807854
649,-6257.0,-1710.0
650,-6062.0,-1715.0
651,-6044.842618563816,-1715.6484498005934
652,-5976.0,-1718.0
653,-5737.694641415514,-1719.1555542079188
654,-5712.0,-1719.0
655,-5470.915792681754,-1715.6083729922268
656,-5281.434381280446,-1710.2174158158832
657,-5075.003766526007,-1703.0111393416016
658,-4989.0,-1700.0
659,-4984.815894282007,-1699.8532207566113
660,-4896.0,-1697.0
661,-4880.703331357065,-1696.606262861772
662,-4778.062003866877,-1694.1935552877865
663,-4693.0,-1692.0
664,-4606.827386272971,-1689.634449933043
665,-4374.0,-1683.0
666,-4306.002129825993,-1681.1178230467776
667,-4265.016429789023,-1680.1031613358768
668,-4261.0,-1680.0
669,-4165.269418501651,-1677.5038462130883
670,-4031.144627814034,-1673.9894612097194
671,-3993.0,-1673.0
672,-3846.0,-1669.0
673,-3754.2818477710875,-1665.8867490469931
674,-3729.0,-1665.0
675,-3493.7712584296332,-1656.8887313493065
676,-3429.0,-1655.0
677,-3238.895358974405,-1650.5820003757392
678,-3214.0,-1650.0
679,-2962.9725410717824,-1644.3887648449231
680,-2881.0,-1644.0
681,-2637.0,-1645.0
682,-2574.4746599782584,-1645.3995161168705
683,-2497.3612861079355,-1646.2876411250716
684,-2456.0,-1647.0
685,-2378.8291074981635,-1648.3685223444704
686,-2155.7126548701176,-1652.2766898040788
687,-2109.0,-1653.0
688,-1949.9432717897407,-1654.7365169898776
689,-1842.0,-1655.0
690,-1699.0,-1655.0
691,-1690.0766607944324,-1655.009509892544
692,-1556.0,-1655.0
693,-1371.807350388417,-1653.6926236264098
694,-1285.0,-1653.0
695,-1187.3220075313761,-1652.3701224475146
696,-1115.0,-1652.0
697,-1063.2559471393556,-1651.4796203690719
698,-842.0,-1648.0
699,-827.6893413141811,-1647.7209506880827
700,-593.0,-1643.0
701,-420.70236996499,-1641.3848356512694
702,-257.0,-1636.0
703,-186.33804432489876,-1632.8173353962657
704,2.0,-1624.0
705,82.22490587203524,-1620.1139820999083
706,140.0,-1617.0
707,173.30470214263875,-1615.2147472341057
708,357.17621252397134,-1605.0236456042044
709,418.0,-1601.0
710,551.7170078998549,-1588.8247982506866
711,623.0,-1577.0
712,834.0,-1532.0
713,846.55961783416,-1528.993729770519
714,1030.1062163701463,-1468.2556195532738
715,1093.0,-1439.0
716,1189.58582513737,-1392.6621928408433
717,1233.0,-1369.0
718,1477.289986112983,-1212.6148478080624
719,1519.0,-1184.0
720,1615.8072423335336,-1111.9830308434698
721,1678.0,-1053.0
722,1683.8114543342408,-1047.2304469237583
723,1812.2607915653653,-914.9382532395385
724,1853.0,-871.0
725,1916.800958745073,-798.5289817534378
726,1942.0,-769.0
727,2035.9271472957266,-657.5853428984664
1,2359.0,-282.0
2,2419.8954874624546,-214.91294755412287
3,2525.0,-98.0
4,2568.005967308086,-49.961587137259805
5,2671.764679524253,66.04056264793928
6,2678.0,73.0
7,2789.860218132065,197.70063832192048
8,2808.0,218.0
9,2884.3911317960315,303.64080594591417
10,2891.0,311.0
11,2986.0,416.0
12,3001.5450125046937,433.30175350944893
13,3085.0749897310793,527.2206251560458
14,3092.0,535.0
15,3276.092960516025,741.030105684507
16,3347.0,820.0
17,3403.666701888456,882.0659513173388
18,3422.0,902.0
19,3506.7942530540554,994.9647721786479
20,3545.0,1037.0
21,3585.366719056686,1081.5243444513453
22,3618.0,1119.0
23,3689.22619719402,1208.1274689819165
24,3711.0,1238.0
25,3738.559276313469,1281.0849031361136
26,3764.0,1341.0
27,3780.9866478572435,1395.865030934884
28,3782.0,1400.0
29,3793.0,1481.0
30,3793.11169702843,1484.257629853173
31,3787.0,1572.0
32,3771.516736588083,1632.9990859317188
33,3770.0,1637.0
34,3741.244489752683,1698.8136067178664
35,3708.0,1758.0
36,3691.964759459394,1782.6854192872167
37,3651.835574713355,1825.6173885411317
38,3647.0,1830.0
39,3579.17158030273,1885.565783102839
40,3573.0,1890.0
41,3555.0,1902.0
42,3524.535026087748,1918.2830097490348
43,3448.0,1953.0
44,3420.789107715492,1963.5087840070914
45,3390.0,1970.0
46,3382.1341464079087,1971.816292179918
47,3341.0,1981.0
48,3306.712714813599,1986.4685431300304
49,3272.0,1990.0
50,3241.767321409129,1991.931730744229
51,3185.475459548868,1993.1270283434646
52,3175.0,1993.0
53,3116.23877080983,1990.0790052516631
54,3060.0,1981.0
55,2998.36506266878,1966.369912045341
56,2953.0,1954.0
57,2885.0,1928.0
58,2838.7745435516185,1906.7101021215076
59,2797.0,1886.0
60,2748.3883739579496,1858.9361301817212
61,2675.0,1812.0
62,2625.960680136616,1777.5155149805462
63,2589.0,1751.0
64,2533.279950597296,1711.271895281963
65,2470.0,1654.0
66,2362.0,1550.0
67,2354.510175306336,1542.7477307057657
68,2239.8376827769616,1431.658051313867
69,2175.0,1367.0
70,2164.5162931343752,1356.048242021264
71,2104.0,1304.0
72,2039.6442931757858,1265.696423362099
73,1893.0,1192.0
74,1832.6004022657416,1171.2632011938153
75,1772.0,1165.0
76,1757.98542771164,1163.851174949051
77,1667.2519516645411,1158.981848340104
78,1661.0,1159.0
79,1558.5631795759384,1168.0769683760777
80,1487.0,1182.0
81,1453.0,1190.0
82,1381.8805026600548,1210.030614228965
83,1272.0,1251.0
84,1257.4346964853398,1257.433796925962
85,1177.6224528279556,1297.3830876560694
86,1150.0,1313.0
87,1061.2815364818402,1367.639086658726
88,1012.0,1401.0
89,965.4765142848771,1436.2782975105883
90,904.0,1495.0
91,857.9725124868361,1546.718511785881
92,771.4584480788689,1656.2102993918004
93,761.0,1671.0
94,704.47903785995,1765.2331405030507
95,702.0,1770.0
96,635.2616944946321,1922.7935185593967
97,620.0,1974.0
98,602.2942527849765,2048.2333198523615
99,577.0,2186.0
100,574.1019085592004,2204.26177579853
101,563.0,2296.0
102,557.2969173766392,2351.4814190259417
103,544.0,2490.0
104,538.4238140448857,2554.1893034065515
105,529.0,2674.0
106,523.308991746222,2753.3911083385237
107,518.0,2833.0
108,512.2947297164181,2925.7616894666994
109,508.0,2994.0
110,498.0,3144.0
111,491.0,3265.0
112,490.57436897614616,3272.5813304006792
113,485.0,3372.0
114,473.3538280054855,3595.669002715857
115,473.0,3604.0
116,467.3475392753994,3753.195284839838
117,467.0,3762.0
118,461.9914880462499,3880.8217317945887
119,461.0,3905.0
120,453.0,4114.0
121,451.79595834007273,4142.60597653199
122,443.0,4342.0
123,439.1085958527368,4435.950567815012
124,435.0,4540.0
125,432.81502357592626,4592.180956910107
126,426.0,4756.0
127,424.4181373468559,4797.710840687542
128,418.36148765545585,4965.68545141163
129,418.0,4975.0
130,416.0,5026.0
131,411.49974612184246,5170.213202209705
132,409.0,5248.0
133,401.33743153682286,5444.460852169091
134,401.0,5454.0
135,395.0,5644.0
136,389.4256327398263,5789.249600489211
137,389.0,5801.0
138,378.0,6134.0
139,376.51769983675695,6178.09631705176
140,373.0966799638484,6268.381019917705
141,369.0,6381.0
142,366.97767240121846,6439.167415781312
143,358.0,6701.0
144,355.28485137879557,6778.393848067891
145,351.0,6898.0
146,346.8563618180014,7023.339263503306
147,345.0,7077.0
148,339.9438194474898,7216.710081688845
149,333.0,7402.0
150,331.3620886803463,7445.001891047069
151,326.4750894277134,7573.510117918833
152,322.0,7711.0
153,315.0,7930.0
154,310.37768917910375,8071.471212869705
155,306.0,8186.0
156,305.6759633718139,8194.812407440997
157,296.84644762143455,8438.556446282933
158,294.0,8517.0
159,290.00725758901706,8625.767064150377
160,284.0,8794.0
161,278.5191005286472,8956.666955950692
162,274.0,9090.0
163,270.194553228114,9196.96263693049
164,266.0,9314.0
165,263.6945088787872,9388.741088904797
166,262.0,9440.0
167,255.22245379077108,9615.988447737722
168,255.0,9623.0
169,252.0,9735.0
170,251.78409668758397,9741.564304646201
171,246.56503916469293,9875.066145525456
172,245.0,9913.0
173,242.37246933280397,9976.856546114814
174,240.19628024356217,10039.096577866358
175,241.7735074717838,10088.08531773932
176,242.0,10092.0
177,246.0,10146.0
178,249.08413680456232,10179.321593929479
179,253.0,10212.0
180,264.7695460550027,10276.772483848134
181,267.0,10287.0
182,276.90834485194915,10328.329326767367
183,281.0,10344.0
184,289.9564843440054,10376.082151488572
185,302.0,10412.0
186,315.73602323394675,10447.040749884742
187,344.0,10512.0
188,351.3837728527102,10527.143717778132
189,363.64684643467035,10546.202805128865
190,367.0,10551.0
191,409.0,10607.0
192,421.89831219901356,10620.545767759044
193,471.4401663352423,10658.474116509999
194,474.0,10660.0
195,498.0,10673.0
196,563.3455886647737,10695.856759884886
197,577.0,10698.0
198,676.5990773852343,10707.922133829925
199,690.0,10709.0
200,720.398263179972,10710.58939754694
201,740.0,10710.0
202,863.8522340027605,10709.212132240249
203,912.0,10709.0
204,927.4810284843613,10708.917313943712
205,959.4265991374024,10708.769190433342
206,1003.0,10709.0
207,1095.5074081433027,10709.67904048754
208,1255.0,10711.0
209,1293.313601958986,10711.354750853821
210,1336.1051527000047,10711.853049436335
211,1358.0,10712.0
212,1470.788290805145,10712.516101719926
213,1541.0,10713.0
214,1624.2232439063764,10713.811133935938
215,1655.0,10714.0
216,1761.0,10714.0
217,1766.9375874556536,10714.017444299508
218,1881.0,10715.0
219,1954.0,10716.0
220,2025.169723799288,10716.809939182647
221,2170.0,10719.0
222,2263.4751734776987,10723.805139210035
223,2338.0,10735.0
224,2405.087622801759,10747.66566819336
225,2455.0,10759.0
226,2588.9649766984567,10797.516001844144
227,2716.0,10845.0
228,2723.502231518195,10848.20163902393
229,2888.1956970981746,10930.128437978972
230,3017.0,11004.0
231,3090.0,11051.0
232,3234.7594438467177,11156.073301792298
233,3241.0,11161.0
234,3327.0,11237.0
235,3430.7429005956647,11350.412980670608
236,3537.0,11480.0
237,3664.559064063523,11670.768573430842
238,3694.0,11722.0
239,3739.570898374242,11814.053934188922
240,3745.0,11827.0
241,3781.664554834434,11918.821667161632
242,3822.0,12029.0
243,3829.4961459075853,12052.189374299673
244,3850.0,12135.0
245,3871.200229813867,12270.806902143993
246,3876.0,12311.0
247,3878.8253390007108,12396.149781119884
248,3869.0,12446.0
249,3858.416829550027,12494.130526054158
250,3853.0,12516.0
251,3841.2514122874127,12549.70425975324
252,3836.0,12562.0
253,3806.0,12627.0
254,3801.924928135502,12634.079006201418
255,3772.557401545412,12675.136199435672
256,3771.0,12677.0
257,3745.0,12705.0
258,3739.7372356668216,12710.135982731423
259,3731.0,12718.0
260,3692.0,12743.0
261,3637.075958719332,12767.599466985823
262,3616.0,12775.0
263,3571.0,12789.0
264,3548.635167129335,12796.174619416768
265,3522.0,12805.0
266,3457.0,12833.0
267,3433.9868421695733,12848.937153742507
268,3398.0,12877.0
269,3368.960931222979,12905.500994388236
270,3358.0,12923.0
271,3350.260029730035,12935.707716318615
272,3326.0,12979.0
273,3320.8126296872206,12990.238748064792
274,3316.0,13002.0
275,3307.8371913382,13027.765037669526
276,3300.364399844351,13067.211958629076
277,3300.0,13070.0
278,3297.0,13117.0
279,3300.5715934770637,13163.38216640769
280,3305.0,13189.0
281,3317.0,13235.0
282,3328.667877716585,13267.452937184467
283,3337.0,13288.0
284,3347.59329623168,13312.198605045352
285,3369.1352911941863,13355.423171497934
286,3388.0,13390.0
287,3442.0,13485.0
288,3470.592961393021,13533.993401909736
289,3489.0,13566.0
290,3525.0,13633.0
291,3535.4033378488525,13654.39028883595
292,3570.538557972204,13731.977344816263
293,3579.0,13752.0
294,3596.4421244481314,13801.05282111932
295,3603.0,13832.0
296,3607.099737152046,13855.097301442675
297,3614.0,13910.0
298,3614.6569379705234,13924.06341099902
299,3614.0,13969.0
300,3612.643671437,13993.938726787488
301,3608.0,14025.0
302,3591.0,14098.0
303,3586.2806649279128,14117.116455424753
304,3578.7159612075907,14137.868573195505
305,3564.0,14158.0
306,3513.0,14224.0
307,3508.2999338465215,14229.67048089167
308,3486.0,14246.0
309,3420.8395921617835,14276.083021631694
310,3418.0,14277.0
311,3376.320397755022,14285.814449587484
312,3368.0,14287.0
313,3307.1698093141767,14292.523110084405
314,3290.0,14293.0
315,3229.7319891426305,14292.341655518281
316,3164.0,14290.0
317,3142.58041321915,14289.167642890967
318,3030.0,14285.0
319,2960.1620115617934,14284.022845682204
320,2865.0,14283.0
321,2861.2974695123858,14282.907949415174
322,2798.0,14281.0
323,2738.198282513916,14279.655732549863
324,2706.0,14279.0
325,2637.5928942924265,14277.506573580187
326,2528.0,14275.0
327,2446.5076303309393,14273.157434505507
328,2347.0,14271.0
329,2283.770927641779,14269.942428219285
330,2211.0,14269.0
331,2192.4843057532235,14268.553407021074
332,2057.0,14265.0
333,2036.68103182616,14264.459696975176
334,1894.2253198132619,14260.847838063544
335,1846.0,14260.0
336,1770.0,14259.0
337,1634.1603810675783,14257.801346671007
338,1509.0,14257.0
339,1324.0185093157274,14256.67757236759
340,1250.0,14257.0
341,1145.4540554071505,14257.913126316744
342,1014.0353373918322,14258.974705062077
343,997.0,14259.0
344,853.0,14259.0
345,728.7780691536694,14259.637190078161
346,636.0,14260.0
347,525.9550931363642,14258.941757893306
348,428.0,14261.0
349,349.62778385926987,14264.614679863158
350,159.0,14275.0
351,68.06502303634552,14282.72980540599
352,-22.0,14301.0
353,-41.92955031955897,14304.47525848016
354,-145.0,14322.0
355,-259.17410102937765,14343.714671395552
356,-297.0,14352.0
357,-414.1868508336033,14381.753989218132
358,-492.0,14406.0
359,-641.5445057286091,14460.775760412564
360,-759.0,14508.0
361,-829.0144228546798,14538.354223497585
362,-916.2222607788447,14582.264492582373
363,-931.0,14590.0
364,-1107.0,14698.0
365,-1138.713600985443,14722.290163352
366,-1307.0,14860.0
367,-1343.0015835480467,14890.868800860879
368,-1389.5206892144745,14940.531762781613
369,-1409.0,14964.0
370,-1515.9246542244293,15091.485848467039
371,-1523.0,15101.0
372,-1684.5355206070471,15344.348092760349
373,-1712.0,15388.0
374,-1765.1967482938062,15476.907077973312
375,-1817.0,15594.0
376,-1914.0,15807.0
377,-1961.2426462546682,15911.112323350066
378,-2003.0,16003.0
379,-2040.5027255543998,16084.393348144044
380,-2066.0,16140.0
381,-2159.0,16338.0
382,-2197.1450402302153,16411.09037810528
383,-2328.0,16649.0
384,-2356.855960731994,16698.32285093795
385,-2445.0,16813.0
386,-2469.1497104099335,16841.523770587133
387,-2545.0,16929.0
388,-2639.0,17026.0
389,-2707.262292144286,17089.672825813435
390,-2752.0,17129.0
391,-2890.197464307688,17240.097579652505
392,-2965.0,17294.0
393,-3048.0,17349.0
394,-3054.864902730278,17353.32363098528
395,-3209.0,17439.0
396,-3276.8726307166876,17470.124103736474
397,-3493.9361805760877,17558.425595147954
398,-3533.0,17573.0
399,-3640.3242573895077,17604.518775126704
400,-3646.0,17606.0
401,-3784.735400047595,17642.237309484903
402,-3792.0,17644.0
403,-3938.0,17675.0
404,-3972.629998115324,17681.9152445066
405,-4150.0,17717.0
406,-4157.506445227617,17718.48141812915
407,-4171.0,17721.0
408,-4200.804008007274,17726.497828033975
409,-4318.0,17748.0
410,-4331.703519298807,17750.459757919783
411,-4410.0,17764.0
412,-4426.096268554069,17766.496682965328
413,-4474.355563875398,17772.03726716274
414,-4492.0,17773.0
415,-4517.164689340875,17773.689641431614
416,-4566.0,17771.0
417,-4576.0,17769.0
418,-4592.721328930045,17765.076035916594
419,-4639.268873016259,17749.14240655577
420,-4668.0,17731.0
421,-4715.980886827284,17689.60431081396
422,-4728.0,17678.0
423,-4772.0,17621.0
424,-4775.559102681364,17615.158198710553
425,-4790.0,17590.0
426,-4800.268128030102,17568.282342121027
427,-4815.0,17529.0
428,-4825.713914060768,17493.42989554008
429,-4831.0,17473.0
430,-4842.208703564266,17421.76954954248
431,-4847.0,17399.0
432,-4859.0,17345.0
433,-4870.551388503824,17299.624933607316
434,-4878.0,17274.0
435,-4911.290493360535,17180.29114941848
436,-4913.0,17176.0
437,-4938.0245466380175,17116.504494663983
438,-4940.0,17112.0
439,-4984.653228122829,17014.821075845197
440,-4995.0,16993.0
441,-5038.0,16904.0
442,-5044.698680806105,16890.3840558562
443,-5070.0,16839.0
444,-5131.720864418705,16708.419013639046
445,-5143.0,16684.0
446,-5172.9418240911245,16618.20522082432
447,-5205.0,16549.0
448,-5289.710516978805,16372.202691510833
449,-5305.0,16341.0
450,-5321.0,16309.0
451,-5351.793381230463,16250.289383197207
452,-5446.0,16078.0
453,-5469.30047601596,16035.958887633387
454,-5507.461628689592,15968.471335732684
455,-5510.0,15964.0
456,-5585.66230917658,15831.109306518394
457,-5603.0,15801.0
458,-5672.0,15682.0
459,-5717.53176242488,15601.765632391372
460,-5788.0,15476.0
461,-5845.33939922168,15372.959968638921
462,-5871.0,15326.0
463,-5904.624363539714,15263.529219005391
464,-5957.292201736213,15164.126138125404
465,-5981.0,15119.0
466,-6015.0,15054.0
467,-6024.758074325131,15035.364252772219
468,-6090.138100123377,14911.592030117392
469,-6113.0,14869.0
470,-6202.210108904559,14704.11202714847
471,-6251.0,14614.0
472,-6291.531109223735,14538.769426152892
473,-6361.0,14408.0
474,-6371.827552035071,14387.81907989579
475,-6376.0,14380.0
476,-6444.291557304638,14246.366689106433
477,-6476.0,14182.0
478,-6499.851418414465,14133.040871590456
479,-6531.0,14068.0
480,-6567.744383587723,13988.881063801899
481,-6618.0,13877.0
482,-6686.477023799992,13719.473608750553
483,-6702.0,13683.0
484,-6745.34762376356,13578.832184361438
485,-6764.0,13532.0
486,-6852.370841502081,13302.657225228673
487,-6864.0,13272.0
488,-6894.843836862794,13189.143127985772
489,-6919.0,13115.0
490,-6920.69532715378,13109.656342340346
491,-6980.429304417796,12916.871860387875
492,-6988.0,12891.0
493,-7002.0,12842.0
494,-7046.016065705318,12687.476272789596
495,-7053.0,12663.0
496,-7095.0,12516.0
497,-7140.897145295674,12355.493008952111
498,-7170.0,12254.0
499,-7191.565726841879,12179.11090056761
500,-7226.0,12055.0
501,-7273.577107336167,11877.738571930136
502,-7293.0,11805.0
503,-7320.505467288886,11701.81148107945
504,-7331.759212762237,11655.126439424263
505,-7351.0,11570.0
506,-7413.0,11298.0
507,-7424.693339761647,11246.410324012622
508,-7447.069709248326,11142.675103193085
509,-7472.0,11006.0
510,-7489.951930859679,10907.911313716508
511,-7513.0,10781.0
512,-7528.67901253283,10690.42675592423
513,-7541.0,10608.0
514,-7565.0,10451.0
515,-7575.990390891301,10373.095807737067
516,-7593.0,10240.0
517,-7620.398177189032,10004.50077119613
518,-7637.0,9851.0
519,-7646.464377880178,9754.073216371862
520,-7657.0,9620.0
521,-7671.0,9406.0
522,-7686.0,9119.0
523,-7687.519309404164,9087.733212687828
524,-7690.0,8993.0
525,-7690.409584586052,8973.925767669443
526,-7694.0,8814.0
527,-7694.456683253265,8786.396818573478
528,-7696.0,8544.0
529,-7695.9974898544615,8429.494453535495
530,-7696.0,8400.0
531,-7696.0338529350665,8176.369346807908
532,-7696.0,8164.0
533,-7694.349530363476,7906.851183822734
534,-7694.0,7857.0
535,-7692.926648393475,7654.608407918903
536,-7692.0,7567.0
537,-7690.320898122904,7449.129335840929
538,-7690.0,7421.0
539,-7689.339988448104,7309.381773572427
540,-7689.0,7240.0
541,-7687.405493290306,7029.731837594599
542,-7686.0,6858.0
543,-7685.27949059317,6732.87613551472
544,-7685.0,6694.0
545,-7683.829120086322,6575.592155211058
546,-7682.124737651584,6396.609110907318
547,-7682.0,6382.0
548,-7680.0,6125.0
549,-7679.5494795715185,6045.63692810738
550,-7680.0,5885.0
551,-7680.0041776653825,5877.610519510647
552,-7680.0,5681.0
553,-7680.282639990191,5615.077562239063
554,-7681.0,5514.0
555,-7682.363013290363,5356.087188114521
556,-7683.0,5272.0
557,-7683.889713622383,5094.095468511924
558,-7684.0,5066.0
559,-7685.0,4842.0
560,-7686.0,4729.0
561,-7686.083980207656,4717.8935731670035
562,-7687.0,4560.0
563,-7687.054063469856,4550.374520484071
564,-7688.0,4391.0
565,-7689.237607035419,4176.014991866809
566,-7690.0,4033.0
567,-7690.380718681948,3937.8143167543694
568,-7690.483103657768,3882.3830695744464
569,-7691.0,3806.0
570,-7693.688227399484,3469.4656231173017
571,-7694.0,3428.0
572,-7695.354233799197,3208.1062242714734
573,-7696.0,3067.0
574,-7696.481543178209,2987.1054203084063
575,-7697.0,2896.0
576,-7697.562026904635,2781.3741800836087
577,-7699.0,2497.0
578,-7699.310798230933,2449.573047100256
579,-7701.284343161676,2249.79597490168
580,-7702.0,2193.0
581,-7704.115221313677,2033.3900698024977
582,-7705.0,1964.0
583,-7706.449067473277,1841.3553594174514
584,-7707.0,1793.0
585,-7709.0,1622.0
586,-7709.6126349976,1577.0223726101538
587,-7712.0,1412.0
588,-7714.900123549088,1169.037691058868
589,-7716.0,1069.0
590,-7718.0,878.0
591,-7718.305521677723,852.8299334118169
592,-7721.121388538322,633.8180711915961
593,-7722.0,561.0
594,-7724.0,378.0
595,-7724.118018289048,367.9883596240873
596,-7726.87311165621,148.4941454718474
597,-7727.0,138.0
598,-7729.53498158173,-101.25222791454523
599,-7730.0,-155.0
600,-7730.354098449617,-210.9842189182398
601,-7730.925875499286,-262.4997458462143
602,-7731.0,-267.0
603,-7733.0,-379.0
604,-7733.626643024505,-438.16900845007933
605,-7734.0,-547.0
606,-7734.0966655203465,-568.960111293933
607,-7734.0,-583.0
608,-7728.403861422898,-708.3016134172167
609,-7726.0,-744.0
610,-7718.146864023327,-811.3001761845217
611,-7712.0,-841.0
612,-7701.834526002803,-887.6166928100854
613,-7698.0,-903.0
614,-7676.329623325045,-966.918108697771
615,-7675.0,-970.0
616,-7630.374993207319,-1059.450991221023
617,-7629.0,-1062.0
618,-7597.0,-1112.0
619,-7593.058177523938,-1117.0336454624958
620,-7548.0,-1169.0
621,-7525.147771134597,-1188.8959798165363
622,-7518.0,-1194.0
623,-7439.0,-1241.0
624,-7418.747169074576,-1250.9951217036587
625,-7378.0,-1259.0
626,-7371.327642962771,-1260.0747642195302
627,-7313.250856090308,-1269.535045033809
628,-7310.0,-1270.0
629,-7265.877366368022,-1275.7633423228588
630,-7247.0,-1279.0
631,-7156.0,-1300.0
632,-7132.6610458456125,-1307.7065813396405
633,-7080.0,-1338.0
634,-7063.730226249272,-1348.7817419982446
635,-6989.7756939860565,-1401.15117579488
636,-6977.0,-1411.0
637,-6886.0,-1484.0
638,-6882.683072707713,-1486.6896296242094
639,-6809.0,-1545.0
640,-6785.495396914738,-1562.252585337798
641,-6716.0,-1610.0
642,-6687.446036865153,-1627.092157952096
643,-6647.0,-1647.0
644,-6557.144641869595,-1676.7672423254348
645,-6440.0,-1701.0
646,-6316.296752065148,-1710.002132711169
647,-6211.0,-1711.0
648,-6192.84419303799,-1711.2928613731474
649,-6098.1723628047785,-1713.446395633112
650,-5992.990607393303,-1717.0582106060172
651,-5971.0,-1718.0
652,-5900.671798622102,-1721.5112322774569
653,-5859.0,-1722.0
654,-5818.423861653106,-1721.5353499697078
655,-5720.0,-1719.0
656,-5713.824671650209,-1718.827468322657
657,-5549.0,-1714.0
658,-5427.569997510173,-1710.5707378664745
659,-5333.0,-1708.0
660,-5274.790019308855,-1706.520775286744
661,-5168.148065643604,-1704.4457991883833
662,-5110.0,-1703.0
663,-5077.402376297263,-1702.0876351370825
664,-4967.0,-1699.0
665,-4959.913549825225,-1698.8300331037717
666,-4800.013236304254,-1695.602516384071
667,-4779.0,-1695.0
668,-4691.0,-1692.0
669,-4594.189537828205,-1688.8620247775857
670,-4527.0,-1687.0
671,-4474.70070571238,-1685.776545120355
672,-4392.0,-1684.0
673,-4293.1624924221105,-1681.5885607925484
674,-4271.0,-1681.0
675,-4152.350351354903,-1677.4908468256465
676,-4040.0,-1674.0
677,-4008.476770899513,-1673.0347247559407
678,-3774.0,-1666.0
679,-3726.296352997766,-1664.6599188778341
680,-3632.0,-1662.0
681,-3513.0976044744893,-1657.8579425735488
682,-3488.0,-1657.0
683,-3290.655655637869,-1651.2681873145316
684,-3279.0,-1651.0
685,-3086.0,-1647.0
686,-2896.1846735242643,-1644.0844889682937
687,-2857.0,-1644.0
688,-2708.0,-1645.0
689,-2566.321996225869,-1645.818245601609
690,-2525.0,-1646.0
691,-2375.0,-1647.0
692,-2322.895848117858,-1647.826223680358
693,-2073.0,-1653.0
694,-1959.198486465699,-1654.746455397871
695,-1854.2557627524131,-1654.9696456052156
696,-1819.0,-1655.0
697,-1691.5030121597101,-1655.0455625988018
698,-1665.0,-1655.0
699,-1450.8233742709117,-1654.026209508058
700,-1426.0,-1654.0
701,-1357.0,-1654.0
702,-1074.2502197533322,-1651.668699210014
703,-1013.0,-1651.0
704,-907.8529905206882,-1649.6947989186606
705,-826.5327473669614,-1648.1914429492067
706,-748.8909983539176,-1646.2072343991006
707,-700.0,-1645.0
708,-561.0,-1642.0
709,-456.0,-1641.0
710,-412.5526752876563,-1640.2434367793333
711,-246.0,-1635.0
712,-163.30195056224392,-1631.640232963814
713,-22.0,-1625.0
714,107.65385740274503,-1618.256095513966
715,135.0,-1617.0
716,377.8807108740923,-1605.0515957066718
717,417.0,-1601.0
718,660.0,-1571.0
719,761.5642907954868,-1555.7717874946043
720,831.0,-1533.0
721,919.1014287496032,-1505.8480760331706
722,981.0,-1485.0
723,1119.3098673043387,-1427.3884357158256
724,1143.0,-1416.0
725,1244.9550713177816,-1362.1683982366817
726,1299.0,-1331.0
727,1456.448800726085,-1230.603248340739
728,1550.0,-1162.0
729,1626.6395741100332,-1099.5198426783484
730,1674.0,-1057.0
731,1733.1006944314433,-998.6942393098719
732,1777.0,-953.0
733,1903.0,-815.0
734,1986.7992991699546,-714.7070107620332
1,2245.0,-411.0
2,2257.298534469428,-397.25960537299255
3,2311.9793155738903,-336.0580071805814
4,2395.0,-243.0
5,2529.0,-93.0
6,2555.758996258948,-63.32901657083657
7,2622.0,10.0
8,2662.9288850212592,55.59639606732796
9,2822.355391834025,233.82446309104174
10,2844.0,258.0
11,2896.2680108683858,316.1493803175157
12,2932.0,356.0
13,2999.4241817592297,432.0946230279246
14,3082.0,525.0
15,3145.2005193818395,595.3400925157432
16,3246.0,707.0
17,3290.0220793778103,756.2931838795248
18,3305.0,773.0
19,3400.4197964754912,877.966570509026
20,3405.0,883.0
21,3518.0,1008.0
22,3532.752718832378,1024.3539129841477
23,3612.0,1112.0
24,3615.7555886386285,1116.1209533463289
25,3689.0,1206.0
26,3696.0175814407958,1217.9635427764206
27,3769.0,1357.0
28,3770.548581078984,1360.3107198378598
29,3785.8168349468533,1414.9528968776333
30,3787.0,1427.0
31,3793.2548453832082,1491.512101341021
32,3793.0,1516.0
33,3791.0,1535.0
34,3786.038806314147,1568.4427706638207
35,3765.0,1649.0
36,3759.2352821820377,1663.274867488442
37,3744.0,1696.0
38,3718.0,1743.0
39,3703.0,1765.0
40,3701.7538139206604,1766.7198542968963
41,3667.513353910072,1809.5350842387904
42,3636.0,1840.0
43,3615.2194217684,1857.3905810188137
44,3565.5965574114225,1895.1086185475424
45,3563.0,1897.0
46,3539.1785188876297,1913.0252066180628
47,3523.0,1921.0
48,3464.5688159721217,1945.283815264771
49,3392.0,1970.0
50,3308.2841904419556,1986.6824076522134
51,3251.0,1992.0
52,3237.114371468584,1992.8162842739766
53,3147.0,1992.0
54,3129.546982500293,1990.68955965195
55,3103.0,1988.0
56,3053.819262299287,1979.9560685947758
57,3018.0,1972.0
58,2973.518023313967,1960.1327083589686
59,2921.0,1943.0
60,2910.0688128121456,1938.8702483271095
61,2841.0,1908.0
62,2805.9783897142097,1890.4488614789923
63,2776.0,1874.0
64,2732.8894060613907,1848.0028241939854
65,2709.0,1833.0
66,2648.5085297805854,1793.4716460931747
67,2629.0,1780.0
68,2556.7555798594017,1726.5184204146133
69,2512.0,1690.0
70,2426.0,1613.0
71,2405.4854295267864,1593.176777238874
72,2340.46323448922,1527.5014745543806
73,2336.0,1523.0
74,2287.0,1474.0
75,2258.2045013657435,1445.6000030414205
76,2211.0,1400.0
77,2155.2466148455223,1348.3687950433928
78,2097.0,1300.0
79,2008.4028644279276,1241.9555132484234
80,2003.0,1239.0
81,1900.0,1194.0
82,1819.3012515219832,1173.1519510773917
83,1802.0,1170.0
84,1706.023403533886,1159.3178867876177
85,1700.0,1159.0
86,1572.6565680952185,1165.7029104736557
87,1565.0,1167.0
88,1410.5123417154443,1202.5532348954696
89,1375.0,1212.0
90,1318.9529548862006,1228.3699623194732
91,1241.2886790154785,1263.9158782533377
92,1226.0,1272.0
93,1061.9796353443624,1366.5392156831356
94,1054.0,1372.0
95,939.28693159113,1465.5196055903705
96,827.0,1581.0
97,810.2539659212576,1598.4120718966074
98,784.0,1636.0
99,712.7727329666395,1758.7719680778164
100,659.0,1860.0
101,632.9433044051871,1919.0669208309828
102,610.0,2012.0
103,582.7928394940407,2143.757526298397
104,576.0,2188.0
105,557.1323557557498,2349.4818845976056
106,543.0,2494.0
107,536.1679724851657,2567.309912021265
108,532.0,2628.0
109,523.090574623137,2758.9459387691086
110,514.0,2893.0
111,508.7252190386362,2971.4596452890205
112,506.0,3018.0
113,500.55710918946494,3111.478752114452
114,495.0,3203.0
115,486.0,3345.0
116,484.4958633857417,3372.187737353123
117,473.0,3611.0
118,471.2937113423477,3648.593730290414
119,467.93270780969743,3727.0722308728846
120,462.0,3880.0
121,461.5976522730747,3890.1883929671003
122,454.0,4082.0
123,449.9797867890197,4184.588652133338
124,446.0,4285.0
125,439.56770452256353,4438.4549176725495
126,435.0,4549.0
127,432.93395136828843,4600.631601299496
128,432.0,4624.0
129,427.73778419817984,4729.587251980023
130,425.0,4800.0
131,413.71491204749407,5109.6424527619365
132,412.0,5157.0
133,407.0,5294.0
134,405.3890030963353,5341.565230253301
135,400.0,5502.0
136,398.9201900348847,5533.473272853041
137,386.0,5903.0
138,384.2797243873142,5952.642971563454
139,377.4120925651941,6153.642492454265
140,374.0,6251.0
141,372.3825361799604,6296.381181053584
142,366.4974624106607,6458.650985946206
143,363.0,6554.0
144,360.01144653645895,6634.605658317669
145,355.87233847152163,6747.411157001142
146,352.0,6860.0
147,349.7824091491221,6925.25179930828
148,341.0,7185.0
149,338.11896913250865,7269.657863668655
150,330.52590327598386,7488.126157840774
151,329.0,7531.0
152,325.6605455890945,7623.390861123573
153,322.0,7723.0
154,319.134309542605,7800.645434230015
155,316.0,7888.0
156,313.719211600295,7955.086904561123
157,309.0,8099.0
158,307.54126042045453,8142.279396605932
159,302.0,8302.0
160,291.2055020952448,8610.8749010343
161,290.0,8645.0
162,284.3780163369981,8799.54185219297
163,282.0,8868.0
164,278.16305365281625,8983.326879388489
165,272.4101778576311,9152.563827934897
166,272.0,9164.0
167,269.0,9246.0
168,266.5422187938631,9313.97259903142
169,259.0,9529.0
170,257.37872886860316,9574.785810407924
171,254.17198052463192,9663.66535748492
172,252.0,9723.0
173,247.56692298566858,9843.268982779839
174,244.0,9937.0
175,241.56389672930447,9993.796530082516
176,241.0,10033.0
177,242.81943502997206,10098.146340550746
178,247.0,10162.0
179,247.33513567864614,10165.615299666319
180,258.0,10244.0
181,267.0,10285.0
182,269.88691276318167,10296.475046738662
183,301.62369340728213,10408.61707462554
184,307.0,10426.0
185,325.02100442795165,10470.846609676404
186,328.0,10477.0
187,355.0,10531.0
188,356.3552044388417,10533.43522708153
189,393.0,10589.0
190,431.0,10629.0
191,509.6900845592461,10677.083832562104
192,531.0,10687.0
193,553.2091296901511,10695.333880446802
194,586.3444324291936,10701.484645707036
195,610.0,10704.0
196,672.3168208465888,10708.817534670856
197,676.0,10709.0
198,724.8642853965384,10710.077012848047
199,743.0,10710.0
200,801.6788014655663,10709.04739764348
201,806.0,10709.0
202,875.0,10709.0
203,910.8993520079094,10709.051719176528
204,979.2575144376485,10709.025920586686
205,1019.0,10709.0
206,1037.0,10709.0
207,1101.8058154181413,10709.41232647242
208,1219.1762472167497,10710.702410604152
209,1249.0,10711.0
210,1310.7818630134118,10711.460823685738
211,1387.0,10712.0
212,1402.7967111218418,10712.174264016037
213,1484.0,10713.0
214,1546.7597189161213,10713.048613150979
215,1607.0,10713.0
216,1677.0040563760576,10713.564620798756
217,1717.0,10714.0
218,1818.0,10715.0
219,1849.6820549355284,10715.207999554568
220,2028.8516629099067,10715.847015147629
221,2047.0,10716.0
222,2149.0,10718.0
223,2167.174944196498,10718.753884469274
224,2283.0,10727.0
225,2353.5653432554727,10737.165943675258
226,2399.0,10746.0
227,2482.764460378257,10766.432468571255
228,2503.0,10772.0
229,2639.7295599660324,10815.507604243778
230,2660.0,10823.0
231,2769.5939797943042,10868.50342044981
232,2801.0,10883.0
233,2950.0,10963.0
234,3045.295149837455,11021.833214746217
235,3144.0,11087.0
236,3256.3510824148525,11172.639209085653
237,3354.0,11264.0
238,3381.9453911642568,11292.288672304698
239,3439.3802010131603,11354.967732540294
240,3518.0,11453.0
241,3547.2956628641705,11492.190364451264
242,3613.0,11586.0
243,3616.6772312219964,11591.655910846363
244,3674.0,11687.0
245,3677.1885052556845,11692.704758065043
246,3738.0,11811.0
247,3740.4353235368026,11816.13435582981
248,3794.0,11947.0
249,3826.1959559635116,12046.98347492723
250,3837.0,12082.0
251,3864.320013985494,12199.311816886513
252,3867.0,12226.0
253,3877.0,12352.0
254,3876.321943023652,12419.136535226145
255,3861.0,12488.0
256,3855.545817362794,12506.642519841143
257,3843.0,12539.0
258,3829.8156220245614,12575.301235278916
259,3824.0,12590.0
260,3811.2335815688857,12618.245835950682
261,3794.0,12647.0
262,3791.0,12651.0
263,3706.042659063652,12735.240387089032
264,3704.0,12737.0
265,3687.673029191483,12748.777140003096
266,3669.0,12755.0
267,3632.434285138225,12769.495875789902
268,3610.0,12778.0
269,3548.7430809031734,12797.471137400997
270,3503.0,12812.0
271,3485.4569247242634,12818.5307062495
272,3455.0,12834.0
273,3410.2263642623398,12867.405128821989
274,3395.0,12880.0
275,3373.0131298613874,12899.96138517254
276,3352.0,12931.0
277,3334.78228540723,12960.507256583467
278,3323.0,12984.0
279,3308.0,13026.0
280,3305.9731972876734,13033.787036054267
281,3298.322406598123,13077.892555642571
282,3298.0,13081.0
283,3298.6180773523724,13159.726991756932
284,3301.0,13175.0
285,3313.0,13223.0
286,3323.183070446974,13254.695536311272
287,3338.0,13293.0
288,3359.659018147949,13339.273443511218
289,3379.0,13376.0
290,3425.0,13456.0
291,3451.220598387588,13500.730078190934
292,3512.0,13607.0
293,3525.6417484868525,13632.854395625898
294,3579.0,13753.0
295,3579.889718813647,13755.40970082588
296,3598.7529996951707,13815.012018338592
297,3606.0,13849.0
298,3615.0,13928.0
299,3615.3243126703333,13935.50303481808
300,3614.0,13978.0
301,3606.712873172614,14034.017174315359
302,3605.0,14046.0
303,3595.618912840278,14096.209210942805
304,3581.0,14124.0
305,3576.120518687095,14132.816954414786
306,3542.0,14192.0
307,3537.504061570538,14199.21211031094
308,3505.0,14231.0
309,3503.523278980173,14232.009916812207
310,3452.0,14264.0
311,3449.7521696810404,14265.06502077438
312,3384.0,14285.0
313,3354.1972734459996,14289.298455753456
314,3306.0,14292.0
315,3302.218580884344,14292.081408137112
316,3236.9652202833518,14292.048503994636
317,3233.0,14292.0
318,3168.055543545393,14290.30286987247
319,3158.0,14290.0
320,2980.0,14285.0
321,2918.732075207535,14283.170901567353
322,2912.0,14283.0
323,2834.034961712403,14282.216186559312
324,2822.0,14282.0
325,2727.0,14279.0
326,2648.368003715801,14277.503180981215
327,2549.0,14276.0
328,2467.982022561831,14274.293117778725
329,2376.6726154201533,14271.943656437548
330,2336.0,14271.0
331,2298.884122654549,14270.30891979035
332,2223.0,14269.0
333,2007.4999441709651,14264.094955878056
334,1960.0,14263.0
335,1922.1355808578285,14262.147271437982
336,1874.0,14261.0
337,1814.7323503266116,14259.410496570323
338,1696.0,14257.0
339,1578.0,14257.0
340,1490.2553014923888,14257.119007830057
341,1392.0,14257.0
342,1386.670038856623,14256.981819066466
343,1253.8057779395529,14256.905382110956
344,1242.0,14257.0
345,1056.0,14259.0
346,998.1217532034452,14259.560224542187
347,795.5490074218105,14260.202704609877
348,753.0,14260.0
349,710.9876804635518,14259.632356586746
350,648.2712904188203,14259.387663597206
351,599.0,14260.0
352,374.0549410709906,14264.5168765042
353,273.0,14267.0
354,223.47793582921912,14268.512724782508
355,170.5033907230874,14273.473094040164
356,139.0,14278.0
357,41.22075320456136,14293.098693107819
358,-163.0,14326.0
359,-202.10959160184342,14332.370279712008
360,-300.98673526763434,14348.946884207195
361,-424.0490466403574,14384.7707629672
362,-434.0,14388.0
363,-619.0,14451.0
364,-681.8336309448337,14474.241110173485
365,-774.0,14515.0
366,-834.1442955609432,14543.425696082268
367,-1000.0,14629.0
368,-1076.8257224655165,14677.21948415334
369,-1171.0,14745.0
370,-1198.5145114140364,14766.31501155924
371,-1300.0,14854.0
372,-1401.277589114539,14955.659356949925
373,-1419.0,14975.0
374,-1512.0,15087.0
375,-1526.2454924242304,15105.539513927133
376,-1602.2877207802915,15210.895833184246
377,-1625.0,15245.0
378,-1651.0,15286.0
379,-1770.226618970786,15500.592422407297
380,-1791.0,15541.0
381,-1838.2091026218673,15638.842744473406
382,-1879.0074628025964,15730.954477756677
383,-1888.0,15751.0
384,-1943.1868254643286,15872.59882662672
385,-1974.0,15940.0
386,-2035.9119021964532,16074.98841717209
387,-2046.0,16097.0
388,-2109.0,16233.0
389,-2203.774198548566,16426.21626701083
390,-2236.0,16490.0
391,-2268.4808824688203,16552.562397054997
392,-2325.0552010560655,16647.16066971471
393,-2356.0,16691.0
394,-2457.776806486863,16825.87111849436
395,-2500.0,16879.0
396,-2664.543015588816,17052.222680699324
397,-2702.0,17085.0
398,-2803.996689544485,17171.143360734743
399,-2912.0,17257.0
400,-2956.1591161370648,17289.45785894655
401,-3169.0,17418.0
402,-3195.421747425437,17432.59165864317
403,-3287.274347279773,17481.17817634973
404,-3413.0,17530.0
405,-3627.519380690688,17599.831045798288
406,-3674.0,17614.0
407,-3793.0,17644.0
408,-3808.381333949621,17647.318630935828
409,-3970.642393799861,17681.62696021158
410,-3992.0,17686.0
411,-4077.674846979895,17703.101027342225
412,-4139.0,17715.0
413,-4225.0,17731.0
414,-4228.403499151247,17731.62099122757
415,-4391.0,17761.0
416,-4393.5731788046,17761.45057934567
417,-4441.0,17768.0
418,-4460.639685660386,17769.88003955403
419,-4510.0,17774.0
420,-4512.395360485109,17774.149528874714
421,-4548.161813377961,17773.48408820623
422,-4551.0,17773.0
423,-4655.0,17739.0
424,-4670.289793901105,17732.444166690137
425,-4693.759069818072,17717.187700767343
426,-4719.0,17688.0
427,-4770.0,17624.0
428,-4771.773010896245,17621.644558897908
429,-4790.266448357483,17594.006869234177
430,-4797.767199237078,17573.926348456567
431,-4800.0,17568.0
432,-4816.203371857574,17524.6985420521
433,-4823.0,17504.0
434,-4833.441089518335,17465.424844958823
435,-4840.0,17437.0
436,-4850.320621575085,17387.668216006252
437,-4854.0,17370.0
438,-4869.042398673634,17302.741428996436
439,-4870.0,17299.0
440,-4888.0,17241.0
441,-4893.487763917378,17226.3255151424
442,-4943.743116437877,17103.32142046063
443,-4946.0,17098.0
444,-4970.379412010408,17043.7642917515
445,-4986.0,17012.0
446,-5005.226246188075,16972.275461144392
447,-5029.0,16923.0
448,-5086.637863612516,16803.47506005711
449,-5106.0,16763.0
450,-5220.783828573538,16515.026610077886
451,-5231.0,16493.0
452,-5297.838351364896,16354.58032720679
453,-5328.0,16296.0
454,-5360.0,16235.0
455,-5368.719939391676,16218.547988730354
456,-5428.516184790319,16109.00944843885
457,-5433.0,16101.0
458,-5540.0,15912.0
459,-5557.1458574190565,15881.791789399078
460,-5603.212671699178,15800.827834329191
461,-5610.0,15789.0
462,-5689.08688010501,15651.21354258392
463,-5713.0,15609.0
464,-5797.803997901233,15458.142697079711
465,-5831.0,15399.0
466,-5866.6501028814755,15335.79237343019
467,-5900.0,15273.0
468,-5966.264647327691,15146.558653351593
469,-6029.0,15027.0
470,-6053.080492489969,14981.334698755983
471,-6128.435611704682,14840.08374666666
472,-6185.0,14735.0
473,-6194.358617970255,14717.44768277807
474,-6222.873749692018,14664.05842609286
475,-6230.0,14651.0
476,-6315.1291230383285,14495.961953357062
477,-6341.0,14447.0
478,-6432.888345843446,14268.98779222967
479,-6470.0,14196.0
480,-6523.788160053276,14084.370524157712
481,-6544.0,14039.0
482,-6624.717622443085,13860.855480439359
483,-6649.0,13806.0
484,-6706.0,13673.0
485,-6715.139189355869,13651.294513227522
486,-6756.0,13553.0
487,-6775.999437300217,13503.707913194294
488,-6804.0,13432.0
489,-6880.498339364348,13223.557734894004
490,-6905.0,13155.0
491,-6944.055359504389,13040.406930506972
492,-6979.0,12920.0
493,-7038.279404833996,12713.556366399436
494,-7062.0,12631.0
495,-7139.339839531009,12363.253790177487
496,-7146.0,12340.0
497,-7190.021433426156,12185.421171560578
498,-7240.993530894173,12004.23781612084
499,-7243.0,11997.0
500,-7280.879219842301,11855.07159848388
501,-7295.0,11799.0
502,-7326.0,11674.0
503,-7346.7642363283,11589.353490828802
504,-7395.0,11380.0
505,-7419.692104476909,11263.982921352452
506,-7461.0,11064.0
507,-7470.803832398678,11015.558724859904
508,-7498.647448728965,10864.675978807956
509,-7508.0,10808.0
510,-7532.0,10663.0
511,-7549.128645851383,10567.149424716465
512,-7562.0,10473.0
513,-7565.0,10447.0
514,-7571.825692385279,10390.624756968542
515,-7595.0,10229.0
516,-7602.715101928168,10165.064074446265
517,-7615.0,10055.0
518,-7628.411686444764,9934.394023333694
519,-7635.0,9871.0
520,-7654.0,9653.0
521,-7661.303596152834,9565.12202439659
522,-7662.0,9556.0
523,-7675.0,9344.0
524,-7681.744988323457,9212.332885327793
525,-7683.0,9185.0
526,-7687.602402349026,9071.05571037709
527,-7692.0,8919.0
528,-7692.530313305795,8893.026426816004
529,-7695.0,8688.0
530,-7696.0,8528.0
531,-7696.0768408502945,8495.911089639134
532,-7696.0,8207.0
533,-7695.652857928075,8060.538167376697
534,-7695.0,7957.0
535,-7694.586498845218,7901.394226239658
536,-7693.0,7724.0
537,-7692.491625520204,7680.1758252709005
538,-7692.0,7635.0
539,-7691.364200797582,7537.3326600159
540,-7691.0,7455.0
541,-7690.283465843555,7319.254806168143
542,-7689.0,7168.0
543,-7687.312022347536,7043.111280334873
544,-7687.0,7015.0
545,-7686.0,6862.0
546,-7686.004018977672,6823.384962995409
547,-7686.0,6799.0
548,-7684.0,6537.0
549,-7683.899577957135,6528.113861633352
550,-7681.776052092406,6362.732572755515
551,-7681.0,6264.0
552,-7680.326887655589,6107.430625623548
553,-7680.0,5989.0
554,-7679.872336206279,5896.756054817621
555,-7680.0,5786.0
556,-7679.920825770723,5691.463578034693
557,-7680.0,5639.0
558,-7680.618308812808,5511.372812225221
559,-7683.0,5212.0
560,-7683.348932704217,5157.871765803606
561,-7683.800751306563,5045.815950487649
562,-7684.0,5007.0
563,-7684.913532814631,4856.681031823133
564,-7686.0,4690.0
565,-7686.992719564126,4536.857089337373
566,-7688.0,4349.0
567,-7688.035541645574,4340.247687969316
568,-7688.7554718762785,4115.406972885194
569,-7690.0,3981.0
570,-7691.0,3915.0
571,-7691.625980749061,3834.0944398808324
572,-7692.0,3688.0
573,-7692.037625799407,3679.6955600229767
574,-7692.939566606352,3537.0367422285594
575,-7693.0,3527.0
576,-7694.0,3337.0
577,-7694.936704562955,3196.4627551047356
578,-7695.0,3186.0
579,-7696.0,2977.0
580,-7696.378250305914,2899.6348258232097
581,-7697.408246545086,2722.2318218630326
582,-7698.0,2634.0
583,-7700.0,2366.0
584,-7700.788297540533,2285.0306382294466
585,-7702.560945492412,2166.94259678025
586,-7705.0,2021.0
587,-7705.092427708672,2013.4108922538576
588,-7707.0,1829.0
589,-7707.467617052791,1781.2519011134336
590,-7709.0,1637.0
591,-7711.310980823568,1475.2514910586121
592,-7712.0,1426.0
593,-7714.0,1253.0
594,-7714.325241252725,1208.6693367960418
595,-7715.0,1118.0
596,-7716.868859154531,962.4830455928092
597,-7720.0,733.0
598,-7721.7803692928,570.5572735606802
599,-7723.0,444.0
600,-7723.106968745353,435.598189967547
601,-7725.0,290.0
602,-7726.0,194.0
603,-7726.6372941506015,125.71138882986997
604,-7728.0,-14.0
605,-7729.812676961506,-131.18818179632274
606,-7731.0,-212.0
607,-7733.0,-414.0
608,-7733.354546082842,-466.10031019918347
609,-7733.382186950077,-583.6307135235901
610,-7732.0,-648.0
611,-7729.714986099374,-698.676922071437
612,-7725.0,-754.0
613,-7722.013057780377,-780.3707160772653
614,-7716.0,-824.0
615,-7712.926971828123,-841.7056554146142
616,-7697.0,-908.0
617,-7694.5197474352235,-916.207086983791
618,-7684.0,-947.0
619,-7662.736116058642,-998.5628477121121
620,-7656.0,-1013.0
621,-7635.505929466494,-1051.1158677056742
622,-7630.0,-1060.0
623,-7581.411644084736,-1130.2742419694152
624,-7575.0,-1139.0
625,-7540.404540521176,-1179.348324662264
626,-7515.0,-1197.0
627,-7494.3591157617675,-1211.2652267526357
628,-7476.0,-1223.0
629,-7437.0,-1241.0
630,-7434.200199322663,-1241.9411797384848
631,-7370.0,-1260.0
632,-7321.803811188609,-1269.1351790079173
633,-7289.91793246101,-1272.6237544914673
634,-7287.0,-1273.0
635,-7210.937958314482,-1284.8167456923015
636,-7201.0,-1287.0
637,-7129.0,-1312.0
638,-7097.808240650252,-1327.7822066360168
639,-7069.0,-1345.0
640,-6966.817370256302,-1419.9115564600024
641,-6936.0,-1444.0
642,-6848.875284134785,-1514.6177640150659
643,-6846.0,-1517.0
644,-6792.0,-1559.0
645,-6749.553646313607,-1587.1524379147377
646,-6669.0,-1636.0
647,-6509.247065928313,-1693.1444090658106
648,-6453.0,-1700.0
649,-6390.448895659786,-1705.196215510626
650,-6303.0,-1709.0
651,-6282.266763487616,-1709.666012210545
652,-6149.341139704522,-1713.1717223192727
653,-6083.0,-1715.0
654,-6022.162449033602,-1717.0414938138267
655,-5934.963358513465,-1720.459360053328
656,-5898.0,-1721.0
657,-5781.0,-1721.0
658,-5740.108287165916,-1720.0633595576758
659,-5655.0,-1717.0
660,-5426.641351688715,-1710.2311768564114
661,-5418.0,-1710.0
662,-5334.308451914138,-1708.2420089463808
663,-5239.303617515185,-1706.2744589917154
664,-5229.0,-1706.0
665,-5013.0,-1700.0
666,-4783.507289444177,-1694.6317858137943
667,-4756.0,-1694.0
668,-4690.898095381911,-1692.3249945193327
669,-4601.497236314118,-1689.614445479585
670,-4581.0,-1689.0
671,-4475.443529137519,-1685.8574108597277
672,-4306.0,-1681.0
673,-4247.360877891927,-1679.4919659819925
674,-4140.0,-1677.0
675,-4134.167447011052,-1676.8591214001967
676,-3987.0,-1673.0
677,-3853.8486255540215,-1668.8376304372084
678,-3678.0,-1663.0
679,-3654.610408206315,-1662.2262971709429
680,-3523.089926313732,-1657.95595500506
681,-3458.0,-1656.0
682,-3361.846462915296,-1653.221479455176
683,-3236.0,-1650.0
684,-3131.731942516256,-1647.9694644880326
685,-3077.0,-1647.0
686,-2980.706479215877,-1645.3951847070905
687,-2932.0,-1645.0
688,-2742.78438074959,-1644.8891291522978
689,-2687.0,-1645.0
690,-2562.044235444339,-1645.6936849151468
691,-2523.0,-1646.0
692,-2422.724033914302,-1646.6851259242555
693,-2269.2275014217043,-1648.1753282641512
694,-2225.0,-1649.0
695,-2041.0,-1654.0
696,-2017.7108837590122,-1654.3424034732777
697,-1874.0,-1655.0
698,-1814.9784325826383,-1655.0387749528882
699,-1689.0,-1655.0
700,-1544.7100260482603,-1655.0601624711935
701,-1520.0,-1655.0
702,-1375.0,-1654.0
703,-1349.4587444007227,-1653.754431465148
704,-1180.0,-1652.0
705,-1171.2676076776052,-1651.9210378475084
706,-1003.9597775865254,-1650.7319554979047
707,-881.0,-1649.0
708,-873.5588676333764,-1648.8467705204312
709,-753.0,-1646.0
710,-661.2597332070243,-1644.0626855865164
711,-504.0,-1641.0
712,-340.99957466148305,-1638.3511846832532
713,-271.0,-1636.0
714,-28.008981339806553,-1624.6220750454033
715,-15.0,-1624.0
716,225.28272552539974,-1612.5621732285226
717,237.0,-1612.0
718,445.0,-1599.0
719,480.4515485032292,-1595.1794310727983
720,652.1182618900384,-1571.844877455731
721,752.0,-1552.0
722,831.2726044700698,-1532.1874024979368
723,902.0,-1512.0
724,951.0,-1496.0
725,1110.7412890153814,-1427.8583581932212
726,1267.0,-1350.0
727,1375.5977487595105,-1287.0086411998527
728,1531.0,-1176.0
729,1550.2221288226328,-1161.0468074948428
730,1650.0,-1079.0
731,1722.7311416665482,-1010.325235545001
732,1729.0,-1004.0
733,1862.0,-860.0
734,1914.1622512460372,-800.6032956920509
1,2259.878783268453,-393.993503008772
2,2313.0,-334.0
3,2354.019386626504,-288.04988585768115
4,2443.0,-189.0
5,2470.2256552991294,-158.66239920470957
6,2573.0,-44.0
7,2775.7333791368305,182.14417963861058
8,2798.0,207.0
9,2896.116384751449,316.82580789230934
10,2940.0,366.0
11,3015.615983286654,450.6178386230155
12,3119.7219524139814,566.9891978183985
13,3126.0,574.0
14,3169.0,622.0
15,3206.004144957328,663.3302078687259
16,3334.0,806.0
17,3361.423062470193,836.1946194756893
18,3414.6334363868773,894.0763167938544
19,3452.0,935.0
20,3530.7987430553408,1021.9907192849363
21,3593.0,1091.0
22,3630.2438880169684,1132.681623367997
23,3655.0,1163.0
24,3695.4601635535064,1216.5903004084328
25,3731.0,1271.0
26,3732.7775601433304,1274.141035550678
27,3765.0,1345.0
28,3778.0,1386.0
29,3780.4500989580774,1397.7860065273994
30,3790.5270177424777,1515.4225577137183
31,3791.0,1534.0
32,3784.871019243386,1584.1662743711781
33,3783.0,1591.0
34,3765.0,1650.0
35,3763.993326899914,1652.669261941349
36,3734.0,1715.0
37,3703.0,1765.0
38,3641.5106051552575,1833.87274341602
39,3625.0,1850.0
40,3607.832682188946,1865.4930691705108
41,3582.305080355812,1884.3075767429182
42,3564.0,1896.0
43,3515.015856609984,1924.4517929457797
44,3512.0,1926.0
45,3470.6602867469173,1944.5129410247068
46,3456.0,1950.0
47,3411.359145431653,1964.0485542079803
48,3408.0,1965.0
49,3352.0,1979.0
50,3323.256273660329,1984.507296871476
51,3269.865188763416,1991.5418181477162
52,3239.0,1993.0
53,3225.0,1993.0
54,3173.5038875104265,1990.733211847815
55,3080.2761932344733,1983.2757435381961
56,3058.0,1981.0
57,3017.430545243973,1975.0058518865803
58,2973.0,1960.0
59,2962.195177155918,1956.3653691063546
60,2904.0,1936.0
61,2857.2914561616262,1916.350967601596
62,2812.0,1894.0
63,2760.4925926708843,1864.7355199184824
64,2733.0,1848.0
65,2669.0,1807.0
66,2648.66923321983,1793.2126096706395
67,2527.069282188751,1702.7988706828123
68,2514.0,1692.0
69,2442.0,1628.0
70,2431.4515605107445,1618.0035117964362
71,2372.0,1559.0
72,2329.089560622958,1516.0091453511654
73,2300.0,1487.0
74,2246.930024577158,1434.5944213028695
75,2234.0,1422.0
76,2144.5164400392505,1338.3756023820747
77,2131.0,1327.0
78,2056.5392473721868,1271.5887847889014
79,2034.0,1257.0
80,1915.0,1200.0
81,1832.271330672096,1178.1385867815247
82,1744.0,1162.0
83,1637.766393905715,1157.0908020775607
84,1537.0,1171.0
85,1507.1257790836037,1176.5231292386425
86,1443.5372657138078,1191.0881951884332
87,1353.0,1220.0
88,1318.8361989019345,1232.7685020611898
89,1240.0,1266.0
90,1235.3781188044818,1268.1824105081928
91,1159.0,1308.0
92,1154.4399021027634,1310.5494304602682
93,1059.0,1368.0
94,1054.7858556102872,1370.7550182870627
95,946.0,1456.0
96,864.6288954170112,1539.58465322058
97,836.0,1570.0
98,739.0541348248526,1697.325254342064
99,720.0,1736.0
100,635.0,1924.0
101,597.9410949357305,2033.5111567741908
102,577.0,2185.0
103,567.3990431849794,2263.67201714603
104,550.0,2419.0
105,542.0609621893498,2507.623032483392
106,539.0,2544.0
107,532.821715629421,2621.3318266988517
108,526.0,2713.0
109,525.0,2727.0
110,503.5029572592411,3068.0486746100787
111,503.0,3076.0
112,498.78145675065116,3139.094414996528
113,495.0,3195.0
114,488.62859786644503,3297.770476603922
115,485.0,3360.0
116,476.5684287601496,3527.286177836333
117,471.0,3653.0
118,468.8411691500338,3702.27856549072
119,465.0,3794.0
120,459.10030988656723,3945.8560693232766
121,457.0,4000.0
122,453.68599708014517,4082.9732824838748
123,449.0,4194.0
124,444.99420830166963,4295.259569708608
125,442.0,4373.0
126,437.0,4504.0
127,436.0294367962299,4527.814500008308
128,430.3754730722596,4660.805048750778
129,430.0,4670.0
130,421.5777956446103,4896.058364125562
131,420.0,4939.0
132,415.0,5074.0
133,411.77800751332757,5167.153012604305
134,408.0,5279.0
135,403.5768374984755,5403.77116932841
136,400.0,5504.0
137,392.0,5731.0
138,387.9510510676623,5841.96878279197
139,379.0,6085.0
140,376.7716739939008,6149.165503260119
141,366.0,6478.0
142,365.78324889055625,6484.373444406547
143,360.4141218198238,6634.8538170178535
144,357.0,6730.0
145,348.0,6984.0
146,347.1052716453159,7008.145624617029
147,342.0,7147.0
148,335.3982911711401,7342.848465182316
149,334.0,7385.0
150,328.25413179481893,7562.055361872025
151,324.0,7679.0
152,322.59687276808364,7716.871847761047
153,313.0,7975.0
154,311.8230484911594,8007.293170475826
155,306.0,8179.0
156,305.772299961377,8185.416500904679
157,298.0,8402.0
158,297.69937332699504,8410.809127589417
159,290.0,8646.0
160,286.55296360049806,8741.433074871615
161,281.0,8889.0
162,280.5725204903189,8900.567687367175
163,273.40531204892704,9098.396348706667
164,273.0,9110.0
165,267.6618820561905,9275.201234800119
166,267.0,9295.0
167,258.0,9548.0
168,256.22645585025174,9608.70790046912
169,256.0,9616.0
170,251.66717198128424,9733.12377516198
171,251.0,9751.0
172,247.0,9863.0
173,243.5283002238667,9946.130667694115
174,241.0,10043.0
175,242.81113787751116,10110.994469380608
176,248.84025418290975,10176.57398441536
177,252.0,10205.0
178,255.25583462178602,10230.63054084351
179,265.0,10277.0
180,297.5073638232601,10395.620520890623
181,305.0,10421.0
182,311.28869903097313,10440.55371613353
183,321.0,10462.0
184,333.2908619303956,10487.999746996407
185,359.0,10538.0
186,388.0,10581.0
187,412.12463458656043,10609.127276985237
188,441.0,10638.0
189,442.6106060310835,10639.504673540061
190,489.1158713803986,10670.056358999354
191,494.0,10672.0
192,575.0,10698.0
193,600.9948986616945,10704.441097770055
194,697.7327346638031,10710.68269717953
195,718.0,10710.0
196,737.0206829809642,10709.716751566928
197,765.961151307416,10710.00280692685
198,792.0,10710.0
199,918.0205362570783,10709.359186818328
200,976.0,10709.0
201,1005.0471575840345,10708.824097696172
202,1038.3165751628771,10708.843395819531
203,1058.0,10709.0
204,1118.7214576552421,10709.595135813248
205,1252.0,10711.0
206,1281.4449328638289,10711.287467128112
207,1379.180990891647,10712.116119523786
208,1498.6240449037007,10712.943298122922
209,1507.0,10713.0
210,1653.0,10714.0
211,1699.9644467376713,10714.379068327948
212,1768.0,10715.0
213,1817.2383187000057,10715.328949149105
214,1961.0,10716.0
215,2031.212217357279,10716.093890020562
216,2123.0,10717.0
217,2151.776656625058,10717.835625697768
218,2263.0,10725.0
219,2369.1538199671313,10740.142444644232
220,2389.0,10744.0
221,2505.0,10773.0
222,2523.8155359724333,10778.545003786334
223,2627.675485324343,10812.619816161416
224,2660.0,10824.0
225,2698.0,10838.0
226,2888.4147372820116,10928.505278937506
227,2923.0,10947.0
228,3003.673942693791,10993.890016886242
229,3076.0986357783704,11042.130809395629
230,3092.0,11053.0
231,3189.1011273521954,11120.997602838339
232,3242.0,11162.0
233,3343.3547301600356,11253.619698945735
234,3359.0,11269.0
235,3449.0,11366.0
236,3562.583312046824,11516.042993399002
237,3599.0,11567.0
238,3634.3583420438213,11617.897225116787
239,3684.322175983096,11701.243135694207
240,3705.0,11743.0
241,3764.9732184864497,11875.14742223532
242,3787.0,11927.0
243,3838.7837790270164,12085.909318748638
244,3845.0,12114.0
245,3859.7889946151067,12186.882971960478
246,3872.0,12260.0
247,3875.3400209974125,12288.352186872919
248,3874.0,12409.0
249,3872.9742850776693,12423.311049126412
250,3868.0719058197515,12472.24669194066
251,3851.0,12527.0
252,3816.2007864131483,12606.275725865138
253,3812.0,12615.0
254,3826.0,12580.0
255,3825.38393797187,12580.776177329486
256,3791.081413140735,12648.257487090003
257,3786.0,12657.0
258,3766.3494975113667,12685.599843154903
259,3744.0,12707.0
260,3666.0,12757.0
261,3663.0125609110623,12758.511983955766
262,3557.0,12793.0
263,3555.274984773454,12793.459150473424
264,3515.0,12807.0
265,3498.946444383154,12813.701055300691
266,3459.0,12832.0
267,3456.9580992580586,12833.072977930678
268,3425.3235541011486,12854.014851423002
269,3423.0,12856.0
270,3348.0,12937.0
271,3337.5044921803105,12949.89360578594
272,3322.694772411462,12973.613844801353
273,3313.0,13011.0
274,3297.0,13092.0
275,3296.528429888125,13094.94676453111
276,3293.56920108561,13128.718516955429
277,3297.8074376052573,13150.622130592927
278,3299.0,13157.0
279,3307.723673597319,13203.077739324526
280,3313.0,13224.0
281,3325.470027537377,13260.535058637432
282,3336.0,13286.0
283,3355.635723352304,13328.30446941265
284,3363.0,13343.0
285,3392.3115176043716,13397.884394819475
286,3394.0,13401.0
287,3421.0,13450.0
288,3427.9663402493843,13462.109095286401
289,3486.5102883833274,13561.708783682954
290,3489.0,13566.0
291,3513.0871898648816,13609.675133168439
292,3526.0,13635.0
293,3542.4467292830536,13666.530071283043
294,3559.0,13703.0
295,3588.728682935457,13784.318866740921
296,3597.0,13810.0
297,3615.1822773217696,13930.772458914576
298,3615.0,13941.0
299,3610.7373212947477,14015.084954846589
300,3606.0,14043.0
301,3600.0,14070.0
302,3598.171364154631,14077.383963311448
303,3580.6907643955565,14126.679651956896
304,3579.0,14130.0
305,3534.0,14203.0
306,3526.2943469990064,14213.560065535945
307,3502.0318367800182,14234.261380089498
308,3498.0,14237.0
309,3447.515556441295,14267.335140736071
310,3430.0,14273.0
311,3363.653852200785,14285.94524320192
312,3337.0,14290.0
313,3307.578731433865,14293.800866929549
314,3277.0,14293.0
315,3216.6573500499435,14291.032721243962
316,3153.0,14289.0
317,3124.5818516748354,14288.147424025328
318,3006.6321855451542,14284.953476263307
319,2906.0,14283.0
320,2893.566145579895,14282.942806750176
321,2865.4047996487006,14283.124265401626
322,2858.0,14283.0
323,2757.540981062687,14279.793871333159
324,2724.0,14279.0
325,2600.171612798075,14276.807247343022
326,2549.0,14276.0
327,2468.9942513000956,14274.73882779727
328,2435.0,14274.0
329,2301.5004093330163,14270.848947426759
330,2260.0,14270.0
331,2158.0,14268.0
332,2141.1177993399187,14267.512664019214
333,2064.0,14265.0
334,2025.0994249821636,14264.098042480993
335,1968.0,14263.0
336,1799.5800571732514,14259.178497581464
337,1744.0,14258.0
338,1651.0532607890568,14256.821674431632
339,1552.0,14257.0
340,1381.379630272551,14256.925683586911
341,1313.0,14257.0
342,1086.587312794466,14258.854026153487
343,1066.0,14259.0
344,926.9089182976231,14259.656729705384
345,762.5192070394475,14259.997407061752
346,756.0,14260.0
347,629.489857311045,14259.754002610509
348,578.0,14260.0
349,462.0,14261.0
350,387.13796797268895,14261.530547361197
351,211.0,14271.0
352,112.87180821002158,14282.876086449369
353,-57.0,14307.0
354,-98.3692357434538,14313.15741204619
355,-230.57226751539906,14337.04922779504
356,-282.0,14349.0
357,-416.0,14383.0
358,-510.96746534429434,14413.357567676547
359,-578.0,14436.0
360,-593.0,14441.0
361,-629.2571925769906,14453.737438921953
362,-783.0,14518.0
363,-837.7567127936189,14543.305204242435
364,-924.0,14586.0
365,-1012.1541454133345,14636.231988300924
366,-1059.0,14666.0
367,-1226.0,14788.0
368,-1280.373394325176,14835.783992327024
369,-1286.0,14841.0
370,-1422.0,14978.0
371,-1499.5993060949972,15070.320707453991
372,-1515.0,15090.0
373,-1577.0399774477464,15173.889049762254
374,-1654.0,15290.0
375,-1666.427895096339,15310.238608523527
376,-1758.0,15474.0
377,-1823.0,15607.0
378,-1835.616569951773,15634.098769700664
379,-1946.0,15877.0
380,-1994.4553294623806,15984.112701891027
381,-2029.0,16059.0
382,-2049.9625341712403,16104.070671137664
383,-2120.0,16255.0
384,-2137.1684165918537,16292.521122625403
385,-2155.0,16331.0
386,-2194.869756890859,16412.68469858235
387,-2230.0,16480.0
388,-2291.1585261031278,16587.98239057232
389,-2368.0,16708.0
390,-2441.829576765269,16808.61180862601
391,-2458.0,16829.0
392,-2546.0,16931.0
393,-2574.556433459831,16961.12490826806
394,-2593.0,16980.0
395,-2766.0,17142.0
396,-2771.9822341827517,17147.25411110094
397,-2890.9582382020567,17245.277403983935
398,-2967.0,17297.0
399,-3089.915674772702,17372.387849932657
400,-3184.0,17427.0
401,-3258.7341767784674,17467.38105693132
402,-3353.0,17506.0
403,-3432.1452945676892,17537.382683832693
404,-3475.0,17553.0
405,-3576.229437054167,17585.48840804915
406,-3803.0,17646.0
407,-3841.5994160420464,17655.318196124135
408,-3912.5610240913097,17669.48085075664
409,-3936.0,17674.0
410,-4026.3470270649586,17691.794608833356
411,-4118.0,17710.0
412,-4180.588604132334,17722.345289132583
413,-4237.0,17733.0
414,-4239.980356168073,17733.547529017622
415,-4325.120157842522,17748.903762090744
416,-4381.0,17759.0
417,-4409.0,17764.0
418,-4438.9493572724805,17768.4120994867
419,-4485.0,17773.0
420,-4487.448226727527,17773.168709808062
421,-4527.215297580422,17774.098575547105
422,-4530.0,17774.0
423,-4583.0,17768.0
424,-4619.406299883368,17757.056518209873
425,-4622.0,17756.0
426,-4671.0,17729.0
427,-4688.108090056231,17716.960450042734
428,-4723.655462990353,17683.902965470417
429,-4739.0,17665.0
430,-4782.0,17604.0
431,-4794.117545800088,17584.66295315599
432,-4809.338298228215,17553.88364752647
433,-4822.0,17509.0
434,-4822.650071100139,17506.646704597493
435,-4838.0,17448.0
436,-4841.617772839775,17431.57659397458
437,-4852.0,17379.0
438,-4865.013323366888,17318.097879866873
439,-4870.0,17299.0
440,-4892.0,17230.0
441,-4898.363877738027,17212.223527205875
442,-4913.0,17175.0
443,-4942.426080635355,17107.743836396112
444,-4989.0,17006.0
445,-5024.26848386432,16932.21872569933
446,-5055.0,16870.0
447,-5056.971203298162,16865.861960582188
448,-5091.0,16794.0
449,-5114.0,16746.0
450,-5130.460159382167,16710.822463455865
451,-5165.0,16635.0
452,-5198.148835020621,16561.15285201363
453,-5233.0,16488.0
454,-5347.0,16259.0
455,-5377.847714214878,16198.974823330384
456,-5449.835182860362,16068.158007375372
457,-5494.0,15992.0
458,-5532.966730570597,15923.71733214943
459,-5579.0,15843.0
460,-5601.390214910927,15804.014913214574
461,-5640.0,15737.0
462,-5656.950476225129,15707.626995482551
463,-5729.0,15582.0
464,-5738.794895295307,15564.566466518027
465,-5777.0,15496.0
466,-5841.94139894572,15379.771611566768
467,-5860.0,15347.0
468,-5908.325385807069,15257.000103932145
469,-5921.0,15233.0
470,-6034.261311760093,15017.076442272333
471,-6049.0,14989.0
472,-6122.721212356595,14850.097048543703
473,-6169.0,14764.0
474,-6207.26054050999,14692.291346889158
475,-6241.0,14630.0
476,-6308.0,14509.0
477,-6312.414260921265,14500.753141427618
478,-6409.0,14316.0
479,-6474.577592516751,14186.767925350323
480,-6509.81533181303,14111.833549090014
481,-6513.0,14105.0
482,-6595.290247486631,13926.658078487808
483,-6606.0,13903.0
484,-6683.0,13727.0
485,-6715.560779097988,13649.767191349176
486,-6745.0,13578.0
487,-6845.343117877721,13320.862666106526
488,-6874.0,13244.0
489,-6944.845330024715,13032.947421474302
490,-6947.0,13026.0
491,-6985.0,12900.0
492,-7011.401532269002,12809.28970268451
493,-7059.0,12644.0
494,-7137.729181495926,12366.811396840438
495,-7160.0,12289.0
496,-7183.520619448181,12209.20120176009
497,-7216.0,12094.0
498,-7223.781317678426,12065.395147645047
499,-7273.939530715944,11877.480912298826
500,-7299.0,11782.0
501,-7321.949559872854,11692.787591610328
502,-7352.695155722642,11564.156006670075
503,-7364.0,11515.0
504,-7398.0,11365.0
505,-7409.978002009941,11310.604497240776
506,-7434.0,11196.0
507,-7491.870360494547,10901.06626829788
508,-7494.0,10890.0
509,-7513.819146068354,10783.718788724582
510,-7531.976989795013,10663.185314177743
511,-7534.0,10650.0
512,-7576.0,10374.0
513,-7611.312333215376,10093.97708544352
514,-7615.0,10061.0
515,-7623.89272883679,9982.126064993821
516,-7634.827842017143,9874.942679077845
517,-7637.0,9851.0
518,-7647.5156911816175,9728.98678160334
519,-7663.0,9534.0
520,-7667.736381630379,9465.773488213896
521,-7675.0,9340.0
522,-7675.3789238849495,9333.216977540702
523,-7684.0,9163.0
524,-7689.102087442821,9009.37072981263
525,-7694.0,8807.0
526,-7694.535813581358,8780.20492783396
527,-7695.978404205739,8631.190633247295
528,-7696.0,8558.0
529,-7695.9882202254685,8449.772011739593
530,-7696.0,8308.0
531,-7696.089467847793,8190.451779148613
532,-7696.0,8129.0
533,-7695.386649347881,8021.777687421356
534,-7695.0,7968.0
535,-7693.494030122606,7760.156568969787
536,-7693.0,7699.0
537,-7691.401986706746,7562.503968872906
538,-7691.0,7520.0
539,-7690.305187616179,7410.780011945741
540,-7689.376018890897,7243.858829398824
541,-7689.0,7196.0
542,-7687.0,6998.0
543,-7686.831503419376,6972.834559169609
544,-7686.0,6817.0
545,-7685.40859643968,6752.998106773162
546,-7684.0,6617.0
547,-7683.2236228110205,6462.319667191928
548,-7683.0,6435.0
549,-7681.0,6271.0
550,-7680.7543463571255,6243.61161973328
551,-7680.0,6069.0
552,-7679.974323425653,6059.693227151839
553,-7679.611027979381,5871.033510953349
554,-7680.0,5737.0
555,-7680.050789102162,5729.372650494073
556,-7681.0,5607.0
557,-7681.4218658070895,5506.273514748531
558,-7682.0,5329.0
559,-7683.426735560072,5153.728137483601
560,-7684.0,5086.0
561,-7684.917155677761,4838.882492851445
562,-7685.0,4824.0
563,-7686.9122152226855,4533.981481490198
564,-7687.0,4520.0
565,-7688.0,4294.0
566,-7688.202035039243,4256.059216260964
567,-7689.4057582800215,4067.242995378978
568,-7690.0,3955.0
569,-7690.362208111266,3864.8030769490924
570,-7691.0,3784.0
571,-7692.0,3728.0
572,-7693.373829091528,3538.4641299614855
573,-7694.0,3348.0
574,-7694.683991400536,3211.7886283740563
575,-7696.0,3005.0
576,-7696.150669096284,2978.3601192328006
577,-7697.0,2833.0
578,-7697.932352758594,2709.5017940029957
579,-7698.0,2699.0
580,-7699.0,2489.0
581,-7699.67569868764,2403.9535547338687
582,-7702.0,2201.0
583,-7703.870130858541,2057.8939989194346
584,-7704.0,2048.0
585,-7706.0,1894.0
586,-7706.543672953172,1852.2648692265777
587,-7710.0,1586.0
588,-7711.621871483657,1456.859221522596
589,-7714.060124228801,1240.89434197269
590,-7715.0,1143.0
591,-7715.2587473956255,1113.7958426792857
592,-7717.0,930.0
593,-7717.792167753456,866.1237234405362
594,-7719.0,776.0
595,-7719.938036320815,711.3646567038925
596,-7722.0,564.0
597,-7724.268045336407,336.2393048093893
598,-7726.0,153.0
599,-7726.836444306468,80.66351460318424
600,-7729.0,-59.0
601,-7729.650454685477,-122.84018772366692
602,-7730.0,-160.0
603,-7730.700539918825,-238.4265839903323
604,-7731.898058193639,-340.340576674786
605,-7732.0,-346.0
606,-7734.0,-464.0
607,-7734.017867008604,-490.0587306808202
608,-7733.0,-625.0
609,-7731.025896474006,-705.2607943062867
610,-7724.946716150607,-769.6535452079
611,-7719.0,-805.0
612,-7715.03945533275,-827.5222584404889
613,-7703.487401698678,-883.4689214373852
614,-7701.0,-893.0
615,-7688.375146295721,-935.189841583564
616,-7685.0,-945.0
617,-7662.76089966363,-999.4601569626036
618,-7631.0,-1060.0
619,-7626.606614134647,-1067.255934994802
620,-7616.0,-1084.0
621,-7588.0,-1124.0
622,-7559.950091663642,-1154.8755823449546
623,-7530.0,-1185.0
624,-7505.179949674641,-1208.026954515238
625,-7479.270882183896,-1223.511147563255
626,-7457.0,-1233.0
627,-7450.846456790521,-1235.5724986381024
628,-7430.0,-1244.0
629,-7377.0,-1259.0
630,-7373.865482644645,-1259.5897917569744
631,-7304.800691313361,-1270.2141836577628
632,-7285.0,-1273.0
633,-7244.342775267713,-1278.5105889436797
634,-7220.080987766423,-1282.4022480072454
635,-7195.0,-1289.0
636,-7168.617999437835,-1296.9603590638383
637,-7146.0,-1305.0
638,-7073.0,-1342.0
639,-7022.983905790558,-1376.0348205329876
640,-7019.0,-1379.0
641,-6901.680189332866,-1471.9622000824834
642,-6898.0,-1475.0
643,-6860.365597356627,-1507.9745287345622
644,-6810.263228105895,-1545.3952703440655
645,-6805.0,-1549.0
646,-6685.0,-1628.0
647,-6671.552250826069,-1636.2187713757396
648,-6601.525066005637,-1665.1593120229463
649,-6592.0,-1668.0
650,-6517.076274039287,-1689.5018754613861
651,-6487.0,-1695.0
652,-6374.0,-1706.0
653,-6332.50672510464,-1708.2727788025554
654,-6275.0,-1710.0
655,-6225.4666245960625,-1711.0990315417307
656,-6140.0,-1713.0
657,-6066.78694236507,-1715.5751425528224
658,-6027.0,-1717.0
659,-5922.0,-1720.0
660,-5880.191222290295,-1720.7791709394228
661,-5789.0,-1721.0
662,-5782.857882983166,-1720.89580465246
663,-5690.0,-1718.0
664,-5527.0,-1713.0
665,-5482.637811152208,-1711.9119588139151
666,-5397.0,-1710.0
667,-5297.631343932806,-1707.6962141895506
668,-5198.0,-1705.0
669,-5165.964136926936,-1703.9813000874992
670,-5103.0,-1702.0
671,-4999.61230996787,-1699.3476154594755
672,-4853.0,-1696.0
673,-4775.30563621749,-1694.2432363990806
674,-4698.0,-1692.0
675,-4681.689409090103,-1691.4168139439194
676,-4574.51795246022,-1687.1613466136694
677,-4466.0,-1685.0
678,-4452.0,-1685.0
679,-4341.061666495627,-1682.5374881336938
680,-4290.0,-1681.0
681,-4206.74580200625,-1678.9483204483909
682,-4100.470238804687,-1676.7289214932237
683,-4006.0,-1674.0
684,-3763.0,-1666.0
685,-3706.70967973091,-1664.1006028832662
686,-3483.3899224807287,-1656.499274852824
687,-3468.0,-1656.0
688,-3410.9101404412418,-1654.2295767490518
689,-3327.0,-1652.0
690,-3216.3165725498484,-1649.4083800434014
691,-3089.0,-1647.0
692,-2985.0211385879534,-1645.7591351426827
693,-2929.0,-1645.0
694,-2865.0,-1644.0
695,-2739.989241579664,-1643.9181892115043
696,-2523.0,-1646.0
697,-2415.9867651206405,-1646.4918045448749
698,-2324.768489102344,-1647.0103918355205
699,-2276.0,-1648.0
700,-2137.8525650029746,-1652.192840609606
701,-2061.0,-1654.0
702,-1936.3933641587412,-1654.9771674457359
703,-1927.0,-1655.0
704,-1722.7370711679696,-1654.998375602675
705,-1675.0,-1655.0
706,-1590.6123977931716,-1655.1229950384186
707,-1473.0,-1655.0
708,-1436.2130079031308,-1654.677396427276
709,-1286.0,-1653.0
710,-1058.3450275525827,-1651.303118417348
711,-928.0,-1650.0
712,-874.2102003691335,-1649.2534053120162
713,-632.142605122639,-1643.9973035047553
714,-584.0,-1643.0
715,-366.2122470268454,-1639.2279126292347
716,-358.0,-1639.0
717,-164.0,-1632.0
718,-0.6473177916363007,-1623.4558395281938
719,28.0,-1622.0
720,220.0,-1613.0
721,247.9938853823984,-1611.4606188229277
722,402.1252697436972,-1601.701647884642
723,412.0,-1601.0
724,464.0,-1597.0
725,609.920014727751,-1579.388965651461
726,654.0,-1572.0
727,781.1577762029849,-1545.1664947657737
728,806.0,-1539.0
729,940.0,-1499.0
730,993.627207526203,-1479.6727013294137
731,1182.0,-1397.0
732,1251.8423752234385,-1358.255978884582
733,1335.0,-1308.0
734,1484.0,-1209.0
735,1492.2425902285067,-1202.6547803197568
736,1748.0,-984.0
737,1791.2364143395268,-943.7448167486015
738,1870.0,-852.0
739,1873.527969086012,-847.7494626981029
740,2017.0,-679.0
1,2136.0,-538.0
2,2234.3911284721894,-424.2702935454451
3,2322.0,-324.0
4,2358.2580425780593,-282.871745896502
5,2536.0,-85.0
6,2557.484345828259,-61.22980750798697
7,2629.2724431845872,18.148892755308275
8,2727.0,127.0
9,2894.8886295995453,314.69860046050303
10,2930.0,354.0
11,3013.0,447.0
12,3025.5671244839796,461.01661948176616
13,3169.4816813105413,621.3811315027099
14,3187.0,641.0
15,3251.1182342315833,713.2031323950149
16,3310.0,779.0
17,3473.0,958.0
18,3478.440646993876,963.9724380699486
19,3630.0,1132.0
20,3632.13450207621,1134.4303162912386
21,3676.0,1189.0
22,3690.6248231703294,1209.4195972186908
23,3726.0,1262.0
24,3727.8124545020346,1264.9636681638212
25,3754.410025018878,1316.9016635976022
26,3756.0,1321.0
27,3791.0,1460.0
28,3794.7054229779087,1480.661542018201
29,3796.815715796931,1515.4402641263207
30,3788.0,1559.0
31,3765.0,1649.0
32,3764.0756415520705,1652.195099288215
33,3751.536829270613,1687.135340618138
34,3739.3661816982303,1705.5933898532908
35,3736.0,1711.0
36,3712.0543385745527,1750.1980665764872
37,3700.0,1768.0
38,3675.879936059228,1798.9967832507234
39,3658.0,1819.0
40,3628.0837537672155,1847.616444320677
41,3617.0,1857.0
42,3571.666402945175,1891.1532019054664
43,3569.0,1893.0
44,3526.0,1919.0
45,3515.0270248918823,1924.2714365177833
46,3423.009846856524,1961.5495925049415
47,3419.0,1963.0
48,3377.2950532195273,1974.7421964115304
49,3352.0,1979.0
50,3320.5124716198998,1985.2155789576616
51,3281.0,1990.0
52,3184.408067604678,1993.231827918368
53,3153.0,1993.0
54,2992.980582110357,1966.6653668218523
55,2978.0,1962.0
56,2865.4507971239955,1921.2193684688323
57,2823.0,1900.0
58,2782.0,1877.0
59,2770.5330573143183,1870.4430533378934
60,2687.1471931047363,1819.2043803837466
61,2681.0,1815.0
62,2538.0,1711.0
63,2515.9591528539286,1694.1934637455042
64,2462.7089192857347,1647.4978711534773
65,2455.0,1640.0
66,2362.4541257092487,1548.8810712366349
67,2334.0,1521.0
68,2232.540884342074,1421.9580144302786
69,2193.0,1383.0
70,2151.8991615899445,1340.2680410864107
71,2111.0,1311.0
72,2026.5639967946245,1257.7683345016337
73,1945.0,1212.0
74,1912.9676218990858,1196.8309382599593
75,1807.4468584029592,1166.8500515463325
76,1724.0,1161.0
77,1710.378394259136,1160.1693614518563
78,1669.8402804274576,1158.8408163310773
79,1660.0,1159.0
80,1544.916528836183,1169.5218809246571
81,1510.0,1177.0
82,1385.6820230358526,1211.4299842322528
83,1335.0,1227.0
84,1257.1010604457642,1256.4913107265231
85,1226.0,1273.0
86,1105.257119249396,1338.5078890996454
87,1068.0,1362.0
88,980.0,1427.0
89,967.2129916869886,1437.5103092665177
90,913.0,1486.0
91,884.335489117743,1514.4290556808924
92,844.0,1560.0
93,745.583322240185,1698.5947097694966
94,715.0,1745.0
95,666.4255078518192,1824.973872298251
96,637.0,1920.0
97,595.7807226190307,2085.859109623384
98,581.0,2153.0
99,553.5297018556988,2380.946766288272
100,552.0,2401.0
101,541.2536415756695,2533.4616282882916
102,528.4845576349942,2687.842219474768
103,528.0,2694.0
104,519.4646241521401,2815.6293322838987
105,516.0,2867.0
106,508.0,2984.0
107,503.2513851361307,3059.6577853481294
108,493.0,3239.0
109,487.1063965761338,3339.8610121386137
110,477.0,3515.0
111,474.6910538893539,3557.712749820086
112,469.0484602009659,3695.407451229978
113,467.0,3750.0
114,461.0,3893.0
115,455.73904170558467,3994.7956263753676
116,454.0,4069.0
117,454.0,4086.0
118,453.47451968896513,4126.7308306838095
119,445.0,4297.0
120,442.5257923359109,4360.05218515705
121,439.0,4462.0
122,434.5512502702236,4570.064647209659
123,432.0,4629.0
124,423.0,4847.0
125,420.27766192206,4923.882299565038
126,420.0,4932.0
127,413.0,5137.0
128,408.0126425514202,5272.24320931694
129,407.0,5300.0
130,403.02251679637385,5412.8637893189625
131,398.0,5561.0
132,397.12873767856877,5586.675622638784
133,390.0,5789.0
134,384.0,5939.0
135,382.85682518888166,5970.673049194528
136,373.0,6268.0
137,367.7624629646896,6418.310303974102
138,364.0,6520.0
139,362.0513684664152,6573.619717145992
140,356.0,6746.0
141,354.54690334605425,6790.344287170002
142,353.0,6837.0
143,349.24776479306126,6941.188215119868
144,346.0,7028.0
145,341.0446028725523,7161.676961787673
146,336.0,7312.0
147,332.0160686427666,7449.349467910961
148,331.0,7478.0
149,325.0,7625.0
150,323.7551119264505,7670.214005995824
151,323.0,7699.0
152,314.0,7959.0
153,313.6818050659389,7967.73434404762
154,307.63085527471003,8136.90763773572
155,304.0,8239.0
156,298.26738482023336,8399.78194945335
157,294.0,8521.0
158,290.84249625894694,8615.069924526262
159,287.0,8728.0
160,283.0687463076172,8825.550911063878
161,281.0,8879.0
162,276.44255210485153,9006.653192916368
163,267.0,9298.0
164,265.35416343926704,9349.007830755841
165,262.10853494520023,9445.606629390306
166,261.0,9476.0
167,256.7049493951366,9589.432552569595
168,252.0,9712.0
169,247.83016843213932,9822.170586952427
170,244.0,9941.0
171,243.88284229386224,9945.792490220621
172,242.3756967192163,10052.715689625415
173,244.0,10116.0
174,246.0,10149.0
175,249.61356820604232,10184.378731730165
176,258.0,10240.0
177,258.5188260609656,10243.091589817313
178,268.25499195960043,10294.576342163786
179,269.0,10298.0
180,285.0,10360.0
181,300.76935010703704,10408.510754585193
182,302.0,10412.0
183,327.0,10476.0
184,336.4584061625556,10497.792324595925
185,360.5494467599508,10542.823614208603
186,375.0,10563.0
187,423.0,10621.0
188,438.58794188474127,10637.601396232092
189,464.4410816149051,10659.127062936761
190,504.0,10676.0
191,506.0617117396154,10676.785079463845
192,558.0,10694.0
193,573.1764002779963,10697.469595444301
194,622.0,10705.0
195,673.8272947557303,10708.591335702686
196,690.0,10709.0
197,750.0,10709.0
198,765.8424091263844,10708.976993477596
199,799.0,10709.0
200,857.6342201363955,10709.028562636031
201,949.0,10709.0
202,1032.7634423202473,10708.675643528797
203,1113.0,10709.0
204,1117.4126572701937,10709.057967144272
205,1188.0,10710.0
206,1230.0,10710.0
207,1262.500618599728,10710.1880857582
208,1338.0,10711.0
209,1416.9677911349088,10711.474222104775
210,1482.0,10712.0
211,1659.0,10714.0
212,1709.5687571765006,10714.43301626122
213,1848.833141301506,10714.795043790786
214,1940.0,10715.0
215,2013.8549004392744,10715.556462921853
216,2099.0,10717.0
217,2141.2007325465997,10717.983696530458
218,2214.0,10721.0
219,2245.552614717675,10723.41790535743
220,2379.0,10742.0
221,2397.5964665578795,10745.685114668584
222,2471.0,10763.0
223,2594.6722875676155,10801.347326621753
224,2627.0,10812.0
225,2707.274744327962,10840.69326082167
226,2730.0,10851.0
227,2951.104112305453,10966.252892136014
228,2980.0,10982.0
229,3114.4098858719617,11061.69630302255
230,3185.0,11118.0
231,3245.0926761625815,11165.797048625791
232,3298.0,11210.0
233,3398.0,11309.0
234,3404.0749521386006,11315.918692730724
235,3531.0,11471.0
236,3614.087030597098,11581.860891527449
237,3652.6369588755197,11648.889942212547
238,3656.0,11655.0
239,3738.608819452084,11812.3500407559
240,3748.0,11832.0
241,3799.0,11961.0
242,3815.740106045284,12010.035611900748
243,3829.0,12054.0
244,3863.5019026042783,12208.823876233851
245,3871.0,12253.0
246,3877.0954501523265,12360.568915058162
247,3877.0,12364.0
248,3872.0,12425.0
249,3863.997070891609,12465.849334123373
250,3848.0,12534.0
251,3834.526413865687,12568.306400402607
252,3831.0,12569.0
253,3822.015538523018,12591.596839371601
254,3802.0,12631.0
255,3796.72776053282,12639.037156224796
256,3761.0057258783686,12686.033033936854
257,3742.0,12708.0
258,3723.062807499473,12726.861765172325
259,3688.948145535577,12746.433713611958
260,3674.0,12753.0
261,3627.0,12772.0
262,3610.5371005483903,12777.475861842795
263,3576.0,12788.0
264,3482.5183262198566,12820.739810723764
265,3479.0,12822.0
266,3445.5709756089764,12834.165337659324
267,3418.8528261624765,12859.157664985098
268,3416.0,12862.0
269,3358.0,12923.0
270,3317.4864943497964,12997.474921901414
271,3314.0,13007.0
272,3305.8363347427166,13029.522571997031
273,3299.519347018185,13061.46498610215
274,3299.0,13069.0
275,3298.1612047346352,13108.223383927787
276,3301.0,13171.0
277,3304.0769890990746,13191.974051961422
278,3315.0,13230.0
279,3315.68859655402,13232.152709296914
280,3336.0,13288.0
281,3360.690629367501,13339.143822226797
282,3397.0,13407.0
283,3401.9504693281388,13416.067852529302
284,3431.612941320525,13468.087021029303
285,3448.0,13496.0
286,3473.061292458739,13538.7887016543
287,3504.0,13593.0
288,3525.383361413172,13633.122651090931
289,3536.0,13654.0
290,3554.390713080661,13692.040786621941
291,3562.0,13710.0
292,3585.673509244881,13774.413134613018
293,3592.0,13793.0
294,3603.1437958442752,13834.414922301814
295,3605.0,13847.0
296,3609.2885376394306,13879.013685018259
297,3614.3627588475847,13927.856931553328
298,3615.0,13942.0
299,3612.0,14000.0
300,3611.2228185349845,14006.819544743106
301,3605.0,14047.0
302,3601.3104127392826,14063.370685170466
303,3591.0,14098.0
304,3575.209814765391,14136.401799452442
305,3572.0,14143.0
306,3550.0,14181.0
307,3545.802702077801,14186.97629448188
308,3515.0,14222.0
309,3513.1306494829864,14223.687771518293
310,3470.366066330311,14253.998802365168
311,3436.0,14271.0
312,3433.9636777361725,14271.83543909861
313,3399.0,14282.0
314,3367.1737158361757,14286.468431477764
315,3309.0,14292.0
316,3245.4139433897217,14293.602897930836
317,3223.0,14292.0
318,3132.2331994957676,14288.20530693536
319,3124.0,14288.0
320,2940.5619493333893,14284.167105264018
321,2932.0,14284.0
322,2829.0,14282.0
323,2812.8032947697984,14281.567579204871
324,2723.639839818021,14279.030616866241
325,2668.0,14278.0
326,2622.4387997895237,14277.57479617107
327,2578.0,14277.0
328,2542.0,14276.0
329,2434.9322980018824,14273.26267503836
330,2331.0,14271.0
331,2251.443536865813,14269.550801070609
332,2122.0,14267.0
333,2105.2829155732315,14266.55780808959
334,2012.0,14264.0
335,1926.100438035426,14262.154323665178
336,1919.0,14262.0
337,1786.0,14259.0
338,1730.0481549903413,14258.112828657187
339,1590.0,14257.0
340,1489.2674053849369,14257.00088576735
341,1482.0,14257.0
342,1366.0,14257.0
343,1336.097882429417,14257.098734656905
344,1150.0,14258.0
345,1058.336689365779,14258.385898199062
346,896.3386321871039,14258.724585352624
347,819.0,14259.0
348,795.5821641613452,14259.135779834414
349,648.0,14260.0
350,598.4372009983676,14260.018907887457
351,529.0,14260.0
352,479.22543207722066,14260.04204195935
353,363.0,14263.0
354,172.3400491507233,14278.413678213648
355,15.0,14295.0
356,-48.33453493456486,14303.074377290091
357,-186.0,14330.0
358,-253.24216786375325,14342.729129746296
359,-293.0,14351.0
360,-379.0516673966537,14372.333466509643
361,-497.1112806090824,14407.798175314425
362,-504.0,14410.0
363,-655.0,14465.0
364,-688.2364649065312,14478.893825610581
365,-861.0,14555.0
366,-970.7144871202795,14608.35958323503
367,-1081.879724318714,14677.825195934403
368,-1148.0,14727.0
369,-1187.037521927606,14757.236369988597
370,-1280.4089904065554,14835.690781609534
371,-1297.0,14851.0
372,-1372.4363197395105,14924.645873094387
373,-1390.0,14943.0
374,-1486.1058927271679,15053.56229824125
375,-1594.0,15199.0
376,-1607.5010700646721,15218.944617060497
377,-1639.0,15267.0
378,-1715.0,15394.0
379,-1779.5859311989957,15521.293763994669
380,-1845.0,15656.0
381,-1896.539970252316,15764.107534805536
382,-1938.6907277402715,15859.56694010722
383,-1970.0,15930.0
384,-1978.6017149842942,15949.115017922251
385,-2008.0,16014.0
386,-2086.0,16182.0
387,-2090.3923801819305,16191.266635647746
388,-2184.3244830607478,16387.342784629596
389,-2211.0,16442.0
390,-2265.8177345423082,16550.099333515256
391,-2299.6150015167327,16605.55841129617
392,-2337.0,16662.0
393,-2377.2680383919414,16721.704776053066
394,-2414.0,16773.0
395,-2550.0,16935.0
396,-2642.1629390346693,17029.767882749293
397,-2650.0,17037.0
398,-2898.027479879308,17246.46534953808
399,-2906.0,17253.0
400,-2988.8037302716375,17319.643414185244
401,-3091.4795338448325,17375.584689262196
402,-3102.0,17381.0
403,-3339.0,17500.0
404,-3364.892210754199,17512.440088014788
405,-3486.884610355827,17558.15387846249
406,-3503.0,17563.0
407,-3625.770481365577,17600.327794747875
408,-3663.0,17611.0
409,-3772.0,17639.0
410,-3818.22676022278,17649.652931812983
411,-3889.0,17665.0
412,-3943.6609373902293,17676.438485657913
413,-4032.0,17694.0
414,-4109.899084566579,17708.531090650755
415,-4139.0,17714.0
416,-4167.0,17720.0
417,-4190.903502935937,17724.61170855622
418,-4263.0,17738.0
419,-4267.302897345853,17738.788190693864
420,-4324.0,17749.0
421,-4413.0,17764.0
422,-4434.993179972305,17767.249786277767
423,-4475.0,17772.0
424,-4518.320381093015,17773.964162592827
425,-4559.0,17772.0
426,-4571.5573442278055,17770.435320126307
427,-4595.0,17765.0
428,-4630.363468966809,17749.89045688514
429,-4678.0,17723.0
430,-4702.1435222131795,17705.37382976933
431,-4722.0,17685.0
432,-4725.656724775732,17681.192929345005
433,-4747.582989874695,17658.086146216527
434,-4774.0,17619.0
435,-4778.0,17612.0
436,-4796.922835636293,17575.683958149475
437,-4803.0,17562.0
438,-4813.573150568134,17535.8575864909
439,-4826.821112752488,17494.552614977925
440,-4836.0,17456.0
441,-4857.0,17355.0
442,-4862.385247342746,17331.04925384695
443,-4892.288207751173,17228.71596350852
444,-4895.0,17221.0
445,-4906.14188285847,17191.127419463373
446,-4925.0,17146.0
447,-4950.442456886705,17088.53973366099
448,-4981.0,17022.0
449,-5007.725486501898,16966.03015958519
450,-5022.0,16937.0
451,-5038.0,16905.0
452,-5072.269870751504,16834.170076458897
453,-5134.0,16703.0
454,-5160.792306446859,16644.512921738293
455,-5185.291636811431,16590.244227215066
456,-5204.0,16550.0
457,-5268.035595969718,16414.275838012334
458,-5301.0,16347.0
459,-5343.81501177519,16265.916587195052
460,-5347.0,16260.0
461,-5419.558635969545,16125.1080640836
462,-5437.0,16093.0
463,-5468.3958079885415,16036.081159434892
464,-5514.0,15956.0
465,-5528.432262478177,15930.79775790135
466,-5588.0,15827.0
467,-5680.050539598538,15666.727474226307
468,-5733.0,15574.0
469,-5754.851672302988,15535.486161550158
470,-5852.878050016788,15359.891819812603
471,-5872.0,15325.0
472,-5955.813311797367,15167.117715571632
473,-5959.0,15161.0
474,-6034.0,15017.0
475,-6094.069246943656,14903.56274137726
476,-6105.0,14883.0
477,-6184.0,14735.0
478,-6195.822817977132,14713.101720716251
479,-6261.668633297281,14592.753883765949
480,-6266.0,14585.0
481,-6289.0,14544.0
482,-6351.24994364177,14426.917662604974
483,-6370.0,14391.0
484,-6425.036044172392,14285.479670602825
485,-6436.0,14264.0
486,-6496.0,14142.0
487,-6519.3217807974415,14093.161873001674
488,-6598.0,13923.0
489,-6626.275710059881,13858.910876457958
490,-6660.0,13781.0
491,-6724.0,13630.0
492,-6727.70897314393,13620.902065037111
493,-6846.0,13322.0
494,-6866.013361463925,13269.904013027488
495,-6902.0,13165.0
496,-6903.638522302265,13160.030295449986
497,-6969.0,12956.0
498,-6978.495747337526,12924.186567832152
499,-7058.0,12646.0
500,-7081.6007865475285,12562.744957817047
501,-7120.0656467066165,12427.763309311695
502,-7133.0,12383.0
503,-7164.341270606029,12275.978155981793
504,-7212.2366845763245,12108.84731975182
505,-7219.0,12084.0
506,-7237.0,12017.0
507,-7278.0,11866.0
508,-7309.947738050549,11740.511485410016
509,-7341.0,11612.0
510,-7359.127079511832,11535.368220459166
511,-7381.0,11441.0
512,-7398.168342406025,11364.994945192077
513,-7408.0,11320.0
514,-7466.0,11036.0
515,-7482.198230823156,10953.248987303778
516,-7505.0,10828.0
517,-7534.0,10653.0
518,-7535.403653439332,10644.208646398034
519,-7566.0,10442.0
520,-7584.20054465658,10310.433072459355
521,-7588.0,10282.0
522,-7605.31528126608,10144.514957931653
523,-7610.0,10104.0
524,-7629.0,9926.0
525,-7635.255735396741,9863.605301856325
526,-7654.842282904618,9648.563450152596
527,-7657.0,9621.0
528,-7668.0,9459.0
529,-7669.716711879735,9430.383454662053
530,-7680.0,9242.0
531,-7689.0,9043.0
532,-7689.760115113382,9016.509781110137
533,-7692.0,8898.0
534,-7692.690602328495,8841.434517280934
535,-7694.744122762455,8672.912111401183
536,-7695.0,8661.0
537,-7696.0,8616.0
538,-7696.0,8406.0
539,-7695.994264374912,8307.734646756642
540,-7696.0,8260.0
541,-7695.583655972564,8117.129958897462
542,-7695.0,8013.0
543,-7693.856227895739,7865.306661591522
544,-7693.0,7748.0
545,-7692.431730371204,7642.359542853089
546,-7692.0,7574.0
547,-7690.0,7362.0
548,-7689.709636176567,7321.173389433054
549,-7689.0,7215.0
550,-7686.0,6884.0
551,-7685.322687143808,6797.920155478427
552,-7684.583486264843,6656.485915616
553,-7684.0,6542.0
554,-7683.5163130467745,6471.965072966575
555,-7681.543744600098,6246.352270784721
556,-7681.0,6179.0
557,-7680.056807882541,6017.1103532725
558,-7680.0,5991.0
559,-7679.998955991276,5824.245165097941
560,-7680.0,5756.0
561,-7679.936974810981,5643.395736225996
562,-7680.0,5614.0
563,-7680.813744499614,5460.660875965697
564,-7682.909417667202,5208.067903646066
565,-7683.0,5198.0
566,-7684.979239388491,4956.5469940224075
567,-7685.0,4933.0
568,-7685.0,4819.0
569,-7687.489786816295,4427.966895101791
570,-7688.0,4356.0
571,-7688.866747466202,4224.474289825917
572,-7690.0,4030.0
573,-7690.637752750052,3947.2587445914814
574,-7692.0,3761.0
575,-7692.4319758964575,3689.7829912386314
576,-7693.923087893255,3428.1047399802187
577,-7694.0,3414.0
578,-7694.662724589156,3276.189329066571
579,-7695.0,3182.0
580,-7696.0,2989.0
581,-7696.724032048258,2889.3381013876633
582,-7698.736242991619,2639.7915556503826
583,-7699.0,2602.0
584,-7699.753210858269,2382.405572160257
585,-7700.0,2360.0
586,-7702.0,2214.0
587,-7702.65936000569,2167.2228953312956
588,-7705.669767781289,1934.5410613938316
589,-7706.0,1902.0
590,-7707.0,1795.0
591,-7710.4950515502205,1541.7887769454637
592,-7711.0,1503.0
593,-7713.273622950642,1312.717735925369
594,-7714.0,1249.0
595,-7715.251775168228,1128.964407695556
596,-7716.0,1054.0
597,-7718.953346137597,770.3028250570551
598,-7720.0,674.0
599,-7722.014148768569,518.7079028513313
600,-7724.0,372.0
601,-7727.0,99.0
602,-7727.357460699574,64.8025379285988
603,-7728.706960963318,-74.32172646448164
604,-7730.0,-186.0
605,-7730.064431725085,-189.6697972255231
606,-7731.364642329673,-248.00538424278383
607,-7732.0,-287.0
608,-7732.520531722439,-346.25656390298536
609,-7733.0,-411.0
610,-7734.297944511435,-554.9464325536819
611,-7734.0,-577.0
612,-7733.0,-612.0
613,-7728.779813433514,-696.2308820721781
614,-7725.0,-753.0
615,-7723.378559663971,-772.5284596611413
616,-7718.5216666632705,-809.631770753046
617,-7712.0,-841.0
618,-7703.783650786443,-878.8476967754797
619,-7695.0,-913.0
620,-7690.459867097103,-927.7050948730883
621,-7674.145679414951,-971.3690018198083
622,-7671.0,-979.0
623,-7657.143794910139,-1010.2352542520554
624,-7644.0,-1035.0
625,-7621.176863303298,-1072.8749601758097
626,-7594.0,-1115.0
627,-7580.12605558175,-1135.1205285820774
628,-7564.069746002078,-1152.0408937054558
629,-7560.0,-1156.0
630,-7525.0,-1189.0
631,-7516.6145653264875,-1196.1359238622622
632,-7495.0,-1211.0
633,-7403.0,-1253.0
634,-7394.735903078471,-1256.2256022331462
635,-7340.500440209393,-1266.569471893659
636,-7319.0,-1269.0
637,-7275.0,-1275.0
638,-7272.319994307523,-1275.3385288326845
639,-7223.0,-1283.0
640,-7212.167086907532,-1285.9168449551487
641,-7102.0,-1326.0
642,-7074.644613924751,-1339.1947752203619
643,-7038.0,-1366.0
644,-7017.308635985638,-1380.9867000058764
645,-7001.0,-1393.0
646,-6930.0,-1449.0
647,-6926.468311780989,-1451.809403341817
648,-6814.4200320545315,-1540.335927016432
649,-6787.0,-1562.0
650,-6751.704405982809,-1590.0064319480316
651,-6705.271914608653,-1618.6390782182116
652,-6683.0,-1629.0
653,-6550.0,-1682.0
654,-6523.985269423485,-1689.7114408144123
655,-6402.0,-1704.0
656,-6374.054978325841,-1705.6017338045085
657,-6280.0,-1710.0
658,-6187.543526577308,-1711.8418429236685
659,-6131.0,-1713.0
660,-6106.260415872968,-1713.833522451116
661,-6018.0,-1717.0
662,-5857.4580355099515,-1719.457673307804
663,-5768.0,-1720.0
664,-5725.753033272339,-1719.6817855741137
665,-5669.0,-1717.0
666,-5554.0,-1714.0
667,-5443.473399366226,-1711.195035113215
668,-5398.0,-1710.0
669,-5311.484633964299,-1707.653570913283
670,-5252.0,-1706.0
671,-5143.0,-1703.0
672,-5000.377418497269,-1699.5778824808028
673,-4849.0,-1696.0
674,-4804.775931357565,-1694.8902928690145
675,-4654.238207950402,-1690.8059404333367
676,-4588.0,-1689.0
677,-4347.857547906071,-1682.723336409622
678,-4244.0,-1680.0
679,-4213.489983419001,-1679.184080483606
680,-4110.375301420236,-1676.3396789421636
681,-3983.0,-1673.0
682,-3906.0,-1671.0
683,-3812.8437630600947,-1667.6263743383768
684,-3718.0,-1664.0
685,-3504.0,-1658.0
686,-3496.6248533000808,-1657.773583881684
687,-3343.0,-1653.0
688,-3295.0,-1652.0
689,-3244.9237770559876,-1650.8342719544696
690,-3079.0,-1647.0
691,-3070.240000218999,-1646.886917205341
692,-2833.572406147098,-1645.214117076088
693,-2758.0,-1645.0
694,-2652.725158548117,-1645.114936941985
695,-2490.0,-1647.0
696,-2428.1685639487405,-1647.8318593083793
697,-2144.891143426608,-1651.8641302947926
698,-2136.0,-1652.0
699,-1960.5790463441915,-1654.70065265851
700,-1898.0,-1655.0
701,-1765.9539958434843,-1655.0056611745977
702,-1720.0,-1655.0
703,-1563.1732680304033,-1655.1314220576999
704,-1521.0,-1655.0
705,-1383.0,-1654.0
706,-1356.652925704179,-1653.8197149758626
707,-1217.0,-1653.0
708,-1042.6581742182166,-1651.755680407551
709,-982.0,-1651.0
710,-864.7740722796783,-1648.9844562279254
711,-771.0,-1647.0
712,-676.9943820429438,-1644.6896461311846
713,-595.0,-1643.0
714,-383.0,-1639.0
715,-189.87962248885893,-1633.8425473031912
716,48.99452660525188,-1621.827034181139
717,102.0,-1619.0
718,137.25162903211282,-1617.24445465453
719,263.0,-1611.0
720,394.7088941273974,-1602.7830227938541
721,441.0,-1599.0
722,573.8990795959907,-1584.1472570025803
723,652.0,-1572.0
724,808.0,-1539.0
725,884.47157690185,-1517.540322027251
726,944.0,-1498.0
727,1160.8908599304252,-1405.826695114857
728,1252.0,-1358.0
729,1291.7301470716898,-1335.270578776338
730,1436.0,-1243.0
731,1530.4638463654585,-1176.229597844142
732,1620.0,-1106.0
733,1708.7766597958284,-1024.5162411279962
734,1774.0,-957.0
735,1836.0,-889.0
736,1948.353780042179,-760.7468869312455
1,2159.8227639036095,-509.1079969348018
2,2264.0,-389.0
3,2338.4912088187184,-305.6139781706134
4,2357.0,-285.0
5,2443.0892720418183,-189.16509677580592
6,2463.0,-167.0
7,2539.4062797869738,-81.92617698001034
8,2569.0,-49.0
9,2745.0,147.0
10,2811.6983643022063,222.3086717541986
11,2839.0,253.0
12,2945.0,371.0
13,3047.994467357189,486.1301813005794
14,3172.0,625.0
15,3226.100680291329,685.4863964806688
16,3311.91191683142,780.9237901574752
17,3360.252141195287,834.1854477318988
18,3371.0,846.0
19,3448.847236746707,931.4000412682115
20,3484.0,970.0
21,3593.147201491764,1090.6802672201825
22,3597.0,1095.0
23,3653.0,1160.0
24,3683.2679267390054,1199.0997532389333
25,3720.0,1252.0
26,3762.3085485596725,1338.5871798816172
27,3782.0,1402.0
28,3782.6239785490816,1404.2423596724173
29,3791.8023731470703,1442.3722215345015
30,3792.0,1514.0
31,3778.0366718911746,1609.3534641238762
32,3777.0,1614.0
33,3749.002387566213,1689.4952985407756
34,3724.0,1732.0
35,3705.6406603516566,1760.9374696767654
36,3681.0,1793.0
37,3679.499236400228,1794.7614160809994
38,3642.0,1835.0
39,3640.116072086992,1836.7964054395575
40,3605.6458021685157,1866.109100104098
41,3594.0,1875.0
42,3567.8178723853766,1893.717456870391
43,3555.0,1902.0
44,3515.598086700309,1923.71800756796
45,3496.0,1933.0
46,3426.0,1960.0
47,3423.2240496082354,1960.8822977926925
48,3362.0,1977.0
49,3306.4342226586045,1985.8716201178593
50,3290.0,1988.0
51,3255.8200863306183,1992.1043097045922
52,3204.0,1994.0
53,3165.5826490048207,1992.514190891362
54,3098.0,1987.0
55,3071.1205128196875,1983.5334125730112
56,2957.437454674051,1955.4253240815435
57,2947.0,1952.0
58,2895.5659058704914,1932.9514960101674
59,2840.0,1908.0
60,2740.0,1853.0
61,2723.825062524523,1842.5871661000629
62,2573.0,1739.0
63,2520.9884371399053,1698.8615812358073
64,2498.0,1678.0
65,2419.209770949182,1605.6676029764546
66,2401.0,1588.0
67,2262.0,1449.0
68,2234.12927692559,1421.3057387513854
69,2120.3516104923046,1317.4336458226362
70,2086.0,1292.0
71,2022.0624516413332,1247.7354307379665
72,1927.0,1204.0
73,1907.3012882458117,1197.9318984664317
74,1727.0,1161.0
75,1721.9596130398086,1160.2735304159094
76,1646.0736452474762,1154.002550692845
77,1560.0,1167.0
78,1459.0,1188.0
79,1443.2765403660017,1191.7904235771123
80,1336.1259734278815,1225.2046180929096
81,1329.0,1228.0
82,1202.0,1284.0
83,1196.771014462044,1286.5258995184709
84,1098.0,1343.0
85,1069.0104824232474,1361.1783075306341
86,989.0,1419.0
87,955.7577126260538,1447.9832573468389
88,848.0,1553.0
89,842.7640016886877,1558.6144906604154
90,742.0,1698.0
91,739.2052458782148,1702.8621260618202
92,677.5006279563067,1821.5298841023507
93,654.0,1873.0
94,639.158082293128,1908.6836877010792
95,613.0,1998.0
96,606.2268604413327,2029.428751731166
97,575.0,2198.0
98,558.9651113226962,2299.1966310795146
99,550.8989591585572,2404.167518214213
100,549.0,2432.0
101,544.4295621708914,2485.8333107282842
102,535.0,2599.0
103,532.8580001992607,2627.9119054384164
104,515.0,2885.0
105,507.74224140900367,2994.6289220397266
106,493.30340815462745,3233.031397371167
107,493.0,3238.0
108,488.1707444986694,3315.2172614298092
109,484.0,3389.0
110,482.919825891629,3409.297646084939
111,480.0,3466.0
112,472.69027523937484,3626.0064168015824
113,471.0,3666.0
114,465.0833111757641,3812.7535536929854
115,461.0,3917.0
116,456.0,4044.0
117,452.479582511246,4130.114085042328
118,448.0,4236.0
119,445.62075178036747,4290.926947556225
120,441.0,4399.0
121,434.9418123841149,4554.919262542499
122,434.0,4579.0
123,430.3054112803427,4670.2472992777975
124,428.0,4727.0
125,418.6235957119357,4960.978112182682
126,418.0,4977.0
127,413.5455420182648,5117.490408835933
128,412.0,5163.0
129,410.0269009458631,5214.0722298079245
130,406.0,5316.0
131,400.72216947826354,5461.4480690426535
132,397.0,5573.0
133,395.1513387073099,5630.827472068146
134,391.0,5762.0
135,390.7360417492468,5770.066330192991
136,385.0,5936.0
137,384.7565026716499,5942.420243823115
138,380.82279103227523,6037.960171871927
139,380.0,6059.0
140,375.0,6199.0
141,374.672281980715,6208.656353441817
142,364.0,6535.0
143,362.64606798506463,6576.149216556321
144,359.7627762375907,6659.972449392844
145,357.0,6730.0
146,352.0,6855.0
147,351.06746744143567,6881.597194862884
148,346.0,7051.0
149,345.7538021200797,7058.74901991984
150,339.7067929323848,7227.088057061197
151,335.0,7357.0
152,332.25106501206017,7436.833837596627
153,327.0,7592.0
154,325.95941316596605,7622.1896796709125
155,319.1238400170829,7811.060000900179
156,314.0,7955.0
157,312.54508423201855,7997.815142344925
158,309.0,8102.0
159,301.3904744948566,8310.422490109277
160,301.0,8321.0
161,295.0,8487.0
162,292.3324604256238,8568.254730971881
163,287.0,8726.0
164,284.39571326860994,8790.18509390246
165,284.0,8800.0
166,277.55862424540163,8981.611878072137
167,275.0,9059.0
168,264.0,9390.0
169,261.80891626037226,9455.851551348893
170,259.0,9529.0
171,257.7946482843841,9557.486292982809
172,254.0,9653.0
173,251.5118108315333,9746.86017469433
174,251.0,9766.0
175,247.7349929329883,9862.952952954598
176,246.0,9902.0
177,242.0,9983.0
178,241.3835584202276,10006.270615605228
179,242.39614505132383,10097.072489633609
180,243.0,10110.0
181,246.5529316195323,10156.707486792271
182,253.0,10206.0
183,261.05922173130097,10254.58032206156
184,270.0,10302.0
185,275.91400341468136,10329.148550129637
186,286.2900222881164,10365.533978709509
187,289.0,10374.0
188,302.14237704720256,10412.840093159539
189,308.0,10429.0
190,335.0844581818812,10494.626287106039
191,356.0,10534.0
192,376.4848987481997,10565.309288556346
193,385.0,10577.0
194,403.7509037150445,10600.58034802728
195,417.0,10615.0
196,453.1946855035801,10646.441607989222
197,470.0,10658.0
198,522.0,10684.0
199,535.9872273043983,10688.549288392398
200,557.0,10694.0
201,596.7400448419596,10701.299254485264
202,653.0,10707.0
203,691.3566354832344,10709.150430124853
204,724.0,10710.0
205,777.2954770944102,10709.482802726612
206,811.0,10709.0
207,882.0,10709.0
208,923.0,10709.0
209,934.5955379421138,10708.986738993044
210,1019.0,10709.0
211,1108.8270366929016,10709.582347976677
212,1156.0,10710.0
213,1253.0,10711.0
214,1277.1945472995685,10711.037976262975
215,1344.0,10711.0
216,1447.5612805318633,10712.217175483947
217,1516.0,10713.0
218,1605.964341074557,10713.54124684754
219,1719.0,10714.0
220,1734.144300949009,10714.098309559022
221,1837.0,10715.0
222,1936.8251171744798,10715.251218326694
223,2020.0,10716.0
224,2173.709564305477,10718.732432579129
225,2183.0,10719.0
226,2277.401245854765,10724.573057690419
227,2334.0,10734.0
228,2371.862137398185,10741.612142898695
229,2527.0,10779.0
230,2532.1837655484383,10780.476724300606
231,2604.0,10803.0
232,2693.7521343825065,10836.904429487404
233,2855.0,10910.0
234,2881.891659599981,10924.096878271932
235,2977.0,10980.0
236,2981.2230813585907,10982.543302918299
237,3121.0,11072.0
238,3216.9070358291037,11146.250125268154
239,3334.101632679914,11245.957239475945
240,3352.0,11262.0
241,3449.2732815209793,11366.27708078588
242,3461.0,11381.0
243,3550.0,11497.0
244,3621.165741885237,11599.78456955941
245,3648.0,11642.0
246,3706.1205682076443,11745.122232438243
247,3710.0,11753.0
248,3780.754549028054,11916.639899563832
249,3813.0,12000.0
250,3833.3520770693094,12060.342602868757
251,3846.0408352088866,12119.650955639632
252,3847.0,12124.0
253,3865.0,12208.0
254,3865.736064641971,12212.213916570434
255,3877.0,12334.0
256,3877.5259712954835,12358.297026949152
257,3874.0,12410.0
258,3854.0,12514.0
259,3848.8750576499406,12536.281925554134
260,3824.7542785134287,12597.432350964276
261,3812.0,12618.0
262,3794.0,12647.0
263,3786.0893438907415,12658.461441039619
264,3757.0,12694.0
265,3700.959161497415,12738.796078174313
266,3691.0,12744.0
267,3616.0,12776.0
268,3604.0285787288117,12780.54950733544
269,3577.6761185692303,12787.56986251878
270,3576.0,12788.0
271,3533.716020049364,12800.17113327007
272,3506.0,12811.0
273,3438.0,12845.0
274,3430.473904235706,12849.417946389733
275,3397.2243321150218,12875.2630043029
276,3377.0,12899.0
277,3362.6004906905373,12917.01544330344
278,3351.0,12933.0
279,3321.13327254017,12990.174018615666
280,3320.0,12993.0
281,3305.0,13041.0
282,3301.766201770636,13057.964202378524
283,3297.0,13121.0
284,3296.944910366781,13127.494799132794
285,3298.0,13146.0
286,3304.400655270387,13180.313744784422
287,3319.0,13239.0
288,3335.2639941944262,13290.517995827417
289,3354.0,13326.0
290,3386.0,13387.0
291,3397.1176672787788,13407.035804583373
292,3409.0,13428.0
293,3440.0,13482.0
294,3459.9256088322495,13516.501299347645
295,3485.0,13560.0
296,3506.6536207362687,13597.840543063496
297,3528.0,13637.0
298,3561.0,13707.0
299,3568.0682624483893,13724.210631997303
300,3582.0,13761.0
301,3594.9235677885627,13800.788288793701
302,3602.0,13834.0
303,3605.847946264135,13856.953705887601
304,3614.0,13920.0
305,3614.184439744409,13989.848799205782
306,3611.0,14014.0
307,3607.6028441523426,14034.132672211383
308,3606.0,14043.0
309,3599.615048139063,14075.968420706233
310,3582.0,14123.0
311,3576.5839543574716,14133.204696688364
312,3533.0,14204.0
313,3520.03986607305,14223.485114411684
314,3509.18244909304,14234.875892201697
315,3488.0,14245.0
316,3441.369367364009,14265.815748041521
317,3393.0,14283.0
318,3314.798426444156,14293.177325948065
319,3268.8042816611196,14293.03472775446
320,3266.0,14293.0
321,3173.0,14290.0
322,3138.0,14289.0
323,3079.4687723882075,14286.759948053455
324,3024.0,14285.0
325,2908.0,14283.0
326,2872.6750263919084,14282.643093892173
327,2821.032825477849,14282.209415043575
328,2809.0,14282.0
329,2733.6843498039434,14280.110035931833
330,2657.0,14278.0
331,2524.0,14275.0
332,2487.833747299079,14274.337742230324
333,2416.0,14273.0
334,2400.5818038020493,14272.657260568103
335,2327.0,14271.0
336,2196.809547310964,14269.184195875512
337,2190.0,14269.0
338,2131.0,14267.0
339,2028.6909285283346,14264.05815158165
340,1864.0,14260.0
341,1753.724770441738,14257.465057903084
342,1699.0,14257.0
343,1556.0,14257.0
344,1507.2992396411773,14256.997442283708
345,1327.6309266488715,14256.967250990021
346,1302.0,14257.0
347,1239.6809956012237,14257.311649435898
348,1192.0,14258.0
349,1177.2195123963625,14258.125141017086
350,1011.0,14259.0
351,975.3329529667719,14259.065075276118
352,841.0,14259.0
353,834.5803634011231,14258.996250706983
354,798.0,14259.0
355,661.5149063632289,14259.869956301707
356,639.0,14260.0
357,390.0,14262.0
358,309.72316938005275,14265.030668265214
359,272.0,14267.0
360,153.0,14276.0
361,72.22297692394639,14285.955189864555
362,-86.0,14312.0
363,-204.43626714485018,14332.953142939486
364,-267.0,14346.0
365,-353.94309057516847,14366.569482248566
366,-445.0,14391.0
367,-581.7659555282243,14435.187265401186
368,-797.0,14525.0
369,-803.5904891356171,14528.067080228457
370,-914.9407161113504,14583.37980960913
371,-1072.0,14674.0
372,-1076.3508282922937,14676.757727695927
373,-1178.0555892379857,14749.108630412313
374,-1213.0,14778.0
375,-1355.0,14907.0
376,-1381.394569038665,14933.698006055582
377,-1463.0,15026.0
378,-1492.2536560811732,15062.927821911075
379,-1597.1555224074623,15205.240322382335
380,-1626.0,15246.0
381,-1707.8009920695208,15370.916039783471
382,-1763.4876184405477,15482.573556354018
383,-1785.0,15528.0
384,-1838.7345654305534,15643.440544842193
385,-1875.0,15722.0
386,-1974.1222230645353,15938.469854350278
387,-2018.0,16035.0
388,-2029.5153186606108,16060.372802865646
389,-2062.096772674503,16131.966895729418
390,-2087.0,16185.0
391,-2161.230410864785,16339.429784422598
392,-2240.0,16498.0
393,-2267.8079485157805,16550.904027382476
394,-2315.0,16628.0
395,-2330.0036276992473,16649.98016944358
396,-2513.0,16894.0
397,-2557.81292811619,16947.9039575948
398,-2631.490654598786,17021.524589021148
399,-2665.0,17052.0
400,-2740.963883996229,17119.625743455632
401,-2843.0,17205.0
402,-2849.07555724119,17209.758750873312
403,-2965.0,17294.0
404,-3012.8740111196166,17325.827420676214
405,-3106.0,17383.0
406,-3127.046466033316,17394.990946022812
407,-3306.599366075024,17485.218422725233
408,-3315.0,17489.0
409,-3407.0,17528.0
410,-3459.1107087898245,17547.875902138945
411,-3601.0,17594.0
412,-3696.8815478426973,17619.915217273316
413,-3733.0,17629.0
414,-3862.0,17659.0
415,-3905.7679669633367,17668.384283522853
416,-4017.0,17691.0
417,-4021.5159887991927,17691.907627277127
418,-4113.0,17710.0
419,-4194.3028629263445,17725.165569727436
420,-4215.0,17729.0
421,-4309.739393837697,17746.708687755287
422,-4339.0,17752.0
423,-4373.241702959397,17757.97279101078
424,-4413.0,17764.0
425,-4488.667735713498,17772.988432542792
426,-4500.0,17774.0
427,-4556.0,17772.0
428,-4557.662515745432,17771.77511706095
429,-4598.095166286631,17765.26093897082
430,-4619.0,17758.0
431,-4695.876859144733,17707.581662029956
432,-4717.0,17690.0
433,-4732.892055001906,17674.67535457133
434,-4750.0,17652.0
435,-4759.497223377296,17638.834294165623
436,-4783.0,17604.0
437,-4789.3160063925,17593.11946828245
438,-4818.0,17521.0
439,-4832.623082976148,17465.66644713242
440,-4843.0,17423.0
441,-4861.896849312983,17341.663808060068
442,-4877.964370776663,17273.574507079444
443,-4880.0,17266.0
444,-4892.939794447468,17227.915436828218
445,-4896.0,17220.0
446,-4942.911036732944,17103.784023195407
447,-4945.0,17099.0
448,-4989.0,17005.0
449,-5008.2658566394675,16965.972728763983
450,-5028.0,16926.0
451,-5050.47973468628,16879.218357811576
452,-5077.0,16823.0
453,-5149.232916400342,16669.229757856217
454,-5177.0,16610.0
455,-5259.0,16435.0
456,-5281.601284038786,16387.179166224665
457,-5304.0,16342.0
458,-5323.134819531193,16304.856947828139
459,-5395.0,16170.0
460,-5414.6281732636035,16134.132254655395
461,-5493.0,15993.0
462,-5507.51410835354,15967.27065466034
463,-5558.0,15880.0
464,-5560.8108435472695,15875.13316435373
465,-5649.190313451022,15721.151860858454
466,-5684.0,15660.0
467,-5708.952600955064,15615.930430565282
468,-5786.065364001544,15478.906835083502
469,-5806.0,15444.0
470,-5834.0,15395.0
471,-5844.227033164884,15376.490756606923
472,-5997.222209594047,15087.230496421374
473,-6001.0,15080.0
474,-6069.0,14950.0
475,-6071.584937987153,14945.185613257574
476,-6132.0,14833.0
477,-6155.394992724306,14789.011999507673
478,-6181.0,14741.0
479,-6239.775387436581,14632.683032968129
480,-6333.0,14462.0
481,-6336.133593776249,14456.215167620485
482,-6385.482327404359,14364.05139955895
483,-6420.268883438928,14295.940147985706
484,-6446.0,14244.0
485,-6500.0,14133.0
486,-6567.0,13991.0
487,-6589.106295316098,13942.37743605039
488,-6669.0,13760.0
489,-6677.819823377842,13739.585666467177
490,-6719.0,13643.0
491,-6751.4235565528015,13563.59018849722
492,-6773.0,13510.0
493,-6799.782190465766,13443.525292485097
494,-6815.0,13405.0
495,-6865.0,13269.0
496,-6912.742396279048,13126.463644680582
497,-6972.747309244505,12940.265088886936
498,-6976.0,12930.0
499,-7017.463912599449,12792.831039333796
500,-7049.0,12678.0
501,-7068.985235450526,12607.61242361829
502,-7076.0,12583.0
503,-7118.4213826523,12434.78121958606
504,-7149.0,12328.0
505,-7181.425127917303,12214.639310465383
506,-7213.0,12104.0
507,-7241.492105504709,12003.07337006118
508,-7262.0,11926.0
509,-7266.9791356462665,11906.973890194968
510,-7304.0,11763.0
511,-7332.043004206469,11649.714156725111
512,-7383.0,11435.0
513,-7394.732814889381,11383.133865566051
514,-7443.633688177419,11151.783194697697
515,-7467.0,11035.0
516,-7486.41577827653,10934.515516298929
517,-7513.0,10782.0
518,-7529.3807799769675,10682.259462728041
519,-7546.0,10578.0
520,-7568.825339144804,10423.158363752504
521,-7578.0,10356.0
522,-7600.0,10185.0
523,-7603.3861774719835,10156.599275148914
524,-7622.807206478354,9983.29589776595
525,-7636.0,9857.0
526,-7645.624859429849,9754.687550648401
527,-7653.0,9666.0
528,-7654.905069068458,9642.580674056722
529,-7664.0,9527.0
530,-7665.81504406841,9502.271764232559
531,-7676.0,9336.0
532,-7678.416389404949,9284.05031612974
533,-7689.488315945321,8978.449389324256
534,-7692.0,8898.0
535,-7693.048600967475,8860.054826517633
536,-7694.0,8793.0
537,-7694.227866299787,8774.270807324376
538,-7696.0,8599.0
539,-7696.035109578365,8591.649301291018
540,-7696.0,8423.0
541,-7695.996521762691,8415.917626340817
542,-7696.0,8209.0
543,-7695.6778796517665,8136.451974380837
544,-7695.0,8032.0
545,-7694.650183781378,7975.363757531414
546,-7693.0,7696.0
547,-7692.625375248344,7630.6114069656505
548,-7691.0,7430.0
549,-7690.913322151249,7422.9513401745235
550,-7689.0,7271.0
551,-7687.492501495174,7085.418717761915
552,-7687.0,7022.0
553,-7685.574403168175,6847.346050838766
554,-7685.0,6773.0
555,-7684.383971356248,6617.405021761153
556,-7684.0,6541.0
557,-7683.6602973635945,6503.856846800605
558,-7682.0,6344.0
559,-7681.403312356548,6279.999586935699
560,-7680.0,6055.0
561,-7679.925245004953,5992.821186889248
562,-7680.0,5874.0
563,-7680.014202965109,5811.120551675458
564,-7680.0,5692.0
565,-7680.0,5674.0
566,-7680.090651607512,5630.664674408053
567,-7682.0,5400.0
568,-7683.396218930487,5159.9482016768325
569,-7684.0,5052.0
570,-7685.871508147302,4775.087906976154
571,-7686.0,4701.0
572,-7685.95713775217,4667.67691409548
573,-7686.0,4623.0
574,-7686.9273163791595,4459.694178652762
575,-7688.0,4308.0
576,-7688.69691805926,4212.404468316703
577,-7690.736016991032,3945.9542768313554
578,-7691.0,3899.0
579,-7691.329841648403,3816.0853059857964
580,-7691.711555414561,3687.4202224374226
581,-7692.0,3637.0
582,-7692.765538348633,3538.131390187421
583,-7694.0,3376.0
584,-7696.0,3038.0
585,-7696.319636859594,2978.0806758000144
586,-7696.789312068573,2882.8914397585963
587,-7697.0,2850.0
588,-7698.302155639915,2653.9380192641165
589,-7699.0,2549.0
590,-7699.901413081108,2406.2017104209726
591,-7701.0,2304.0
592,-7703.9413000924205,2067.225962474851
593,-7706.0,1908.0
594,-7707.756520145391,1781.7788705852058
595,-7709.0,1681.0
596,-7710.43169430023,1545.6058839833304
597,-7712.0,1397.0
598,-7713.210396459175,1292.40153962366
599,-7716.0,1075.0
600,-7716.093256231172,1067.552748744817
601,-7718.0,904.0
602,-7719.609741998891,740.0133261959157
603,-7721.0,600.0
604,-7721.9662512457235,511.4352444155293
605,-7725.451712138885,264.11202978656235
606,-7726.0,223.0
607,-7728.0,30.0
608,-7728.080095046141,22.228931979693037
609,-7731.0,-242.0
610,-7731.41637603735,-272.44707939325394
611,-7732.401243756925,-322.3771576010379
612,-7733.0,-359.0
613,-7734.0,-463.0
614,-7734.0303515332635,-468.408805194639
615,-7734.0,-576.0
616,-7733.635837572871,-606.9364581290693
617,-7733.0,-637.0
618,-7729.06328236282,-719.4869655306928
619,-7723.0,-774.0
620,-7711.7984438366775,-841.8489320577793
621,-7708.0,-862.0
622,-7688.825484226573,-935.2672919834508
623,-7682.0,-953.0
624,-7670.0,-982.0
625,-7661.087507139295,-1001.6705807764049
626,-7637.0,-1048.0
627,-7632.515150580017,-1055.7572536523105
628,-7605.615821286859,-1098.1911447752825
629,-7577.0,-1138.0
630,-7560.537876576164,-1158.3963089655645
631,-7526.282995494733,-1190.0414555211428
632,-7513.0,-1199.0
633,-7435.0,-1242.0
634,-7411.909733963841,-1252.3617334327023
635,-7391.714530277119,-1257.2127510046405
636,-7375.0,-1260.0
637,-7325.2661751316155,-1267.8019516775535
638,-7310.0,-1270.0
639,-7277.938061372365,-1274.253801284238
640,-7263.0,-1276.0
641,-7233.894684558716,-1278.7994183580668
642,-7195.0,-1288.0
643,-7171.919076188789,-1296.32018074089
644,-7102.0,-1326.0
645,-7042.9817810348095,-1358.4159793224583
646,-7008.0,-1387.0
647,-7005.700904467625,-1388.8082288981493
648,-6955.481384193764,-1427.897620789975
649,-6944.0,-1437.0
650,-6816.0,-1540.0
651,-6759.175373100459,-1581.7381745887792
652,-6704.432869980301,-1616.856091209253
653,-6665.0,-1638.0
654,-6617.024192297691,-1659.5904772931676
655,-6562.0,-1678.0
656,-6548.415161669011,-1681.5639366184687
657,-6448.0,-1700.0
658,-6250.1252534042105,-1710.5252674203066
659,-6231.0,-1711.0
660,-6107.0,-1714.0
661,-6050.553905512294,-1715.902044557172
662,-5947.13539780033,-1720.2169304134875
663,-5853.0,-1722.0
664,-5753.4197372455565,-1719.9656000193631
665,-5665.0,-1717.0
666,-5610.663621711102,-1715.7025994210794
667,-5539.0,-1714.0
668,-5345.30405829079,-1708.0359013351995
669,-5340.0,-1708.0
670,-5313.0,-1708.0
671,-5227.7658992396155,-1705.6325733223648
672,-5177.0,-1704.0
673,-5095.51078468346,-1702.0009878060505
674,-4998.0,-1700.0
675,-4970.3994602047205,-1699.3883910503555
676,-4743.0,-1694.0
677,-4663.325812440253,-1691.866140034813
678,-4545.520694395735,-1688.1503290198182
679,-4540.0,-1688.0
680,-4383.341960099703,-1683.9680976472846
681,-4349.0,-1683.0
682,-4121.795652020181,-1676.3361205875442
683,-4110.0,-1676.0
684,-3995.728143343418,-1673.4734874232718
685,-3943.0,-1672.0
686,-3688.802770734996,-1663.795430815609
687,-3634.0,-1662.0
688,-3490.80690103748,-1657.3396829806381
689,-3384.0,-1654.0
690,-3379.308466168488,-1653.8574915055203
691,-3228.406256521922,-1649.519018155354
692,-3162.0,-1648.0
693,-2979.5245604497777,-1645.077918414449
694,-2971.0,-1645.0
695,-2778.0,-1645.0
696,-2700.7025284262722,-1645.5299483489403
697,-2502.0,-1647.0
698,-2450.99724622572,-1647.1067004469446
699,-2400.5132159483255,-1646.2669804367958
700,-2271.125143922802,-1648.6293698107538
701,-2256.0,-1649.0
702,-2058.0,-1654.0
703,-2014.1137069229667,-1654.9357456529663
704,-1725.6361373935438,-1655.432068399436
705,-1676.0,-1655.0
706,-1626.082063768089,-1654.9145946915637
707,-1501.1010894503743,-1655.0565983742003
708,-1492.0,-1655.0
709,-1287.4650554946932,-1653.086527881251
710,-1171.0,-1652.0
711,-1001.3722520921182,-1651.1224907424328
712,-916.0,-1650.0
713,-794.971661587108,-1647.3661612552878
714,-728.0,-1646.0
715,-454.0,-1641.0
716,-443.6548968309221,-1640.7434445652752
717,-179.37491688401087,-1631.4721493004695
718,-33.0,-1625.0
719,33.18725299482931,-1621.8742759021516
720,156.0,-1616.0
721,263.9864790143089,-1610.9935580141587
722,295.0,-1609.0
723,590.975629672103,-1580.827889344006
724,638.0,-1575.0
725,790.0,-1543.0
726,809.4160263593027,-1537.5817739364056
727,1004.0,-1477.0
728,1168.5612860020829,-1403.353944848717
729,1177.0,-1399.0
730,1389.0,-1274.0
731,1468.0686470143687,-1221.154966680749
732,1505.0,-1195.0
733,1605.1207516270795,-1117.6980166535086
734,1626.0,-1100.0
735,1788.0,-942.0
736,1804.921149425384,-923.9255688409753
737,1871.0,-851.0
738,1976.0,-727.0
1,2297.0,-351.0
2,2482.9804098078716,-144.47962823974362
3,2532.0,-90.0
4,2578.324927231202,-38.476121446562814
5,2655.9198396190595,48.03811876466729
6,2672.0,66.0
7,2766.0,171.0
8,2818.140157650366,229.0187702547994
9,2872.0,289.0
10,2935.47597136399,360.1180986599803
11,3036.0,473.0
12,3120.379420643423,567.0442818507644
13,3200.0,656.0
14,3203.8503136764557,660.3359295070453
15,3279.0,745.0
16,3374.192190364411,849.9793789681208
17,3449.0,932.0
18,3487.6192453818703,974.3995300060158
19,3510.0,999.0
20,3543.399906758117,1035.5690383152785
21,3601.0,1099.0
22,3603.723578571089,1102.0317006187336
23,3646.0,1151.0
24,3698.7557077527085,1223.4671364992125
25,3747.0,1299.0
26,3765.580359457465,1332.8620824920154
27,3781.9127887591835,1376.1372723289662
28,3787.100877877922,1419.51724184152
29,3788.0,1437.0
30,3788.633782827088,1478.6151472235665
31,3780.0,1602.0
32,3775.030993107333,1624.4923447179901
33,3748.0,1690.0
34,3731.2314135217784,1721.635479217609
35,3708.2652978671094,1756.952347037336
36,3697.0,1772.0
37,3671.0,1804.0
38,3665.572841301562,1810.1501896960613
39,3631.0,1845.0
40,3581.0,1885.0
41,3579.105104098957,1886.3395071024397
42,3537.0,1913.0
43,3529.7414115374463,1916.9481284531375
44,3478.0,1941.0
45,3415.0,1963.0
46,3304.0,1987.0
47,3288.786403758232,1989.4450669834034
48,3247.570490041358,1992.4129662007676
49,3230.0,1993.0
50,3175.9239933153003,1994.3284985467308
51,3154.0,1993.0
52,2964.0,1957.0
53,2948.9391768140486,1953.0364743110922
54,2892.0,1931.0
55,2852.8071583801793,1912.7830846714091
56,2778.0,1875.0
57,2734.242354485508,1849.39407282136
58,2705.0,1831.0
59,2650.983145540699,1795.2296203963324
60,2630.0,1781.0
61,2523.7176070430196,1701.560308528927
62,2505.0,1685.0
63,2368.0,1556.0
64,2346.802106665414,1535.2878643844504
65,2295.0,1481.0
66,2292.4109347040157,1478.4548451840265
67,2218.0,1407.0
68,2170.5326674487137,1361.868160263402
69,2122.0,1319.0
70,2082.853572713706,1288.939675881053
71,2031.0,1255.0
72,1967.7191913679378,1221.6649527008033
73,1920.0,1202.0
74,1883.7006769276704,1190.064482520242
75,1760.0,1164.0
76,1756.0574432804278,1163.4119857411629
77,1650.0,1159.0
78,1566.5933350135356,1168.7441755590298
79,1498.0,1179.0
80,1410.9012144401254,1195.1196487737718
81,1351.5432011398739,1216.7741679296346
82,1295.0,1242.0
83,1223.0,1274.0
84,1208.1079006748344,1281.3225478102722
85,1120.0,1330.0
86,1072.8546404775886,1358.65969883345
87,1031.0,1388.0
88,853.0,1548.0
89,823.9071503104974,1582.1024400336628
90,776.0,1647.0
91,754.0,1679.0
92,734.6281370802982,1711.926017304148
93,636.0,1922.0
94,607.0436344280392,1997.5014707754553
95,597.5073967200224,2047.4203136592937
96,588.0,2116.0
97,583.5961177636373,2145.0850061429455
98,568.0,2252.0
99,564.111550218595,2285.5727213134387
100,559.0,2335.0
101,550.369719225386,2419.3015918383107
102,544.0,2487.0
103,522.6626696134631,2760.1447701247316
104,520.0,2798.0
105,513.988456241552,2893.1189165186565
106,511.0,2943.0
107,508.23914747159984,2988.0493271319992
108,501.0,3104.0
109,498.69678765788126,3140.4418991631665
110,489.2899710158053,3289.967884957624
111,487.0,3329.0
112,479.0,3481.0
113,476.6488477536366,3533.6542484053666
114,473.0,3620.0
115,471.40757334601165,3656.0183325936664
116,464.0,3823.0
117,456.7711403046739,4014.377121702925
118,455.0,4060.0
119,448.0,4220.0
120,446.6468861414223,4252.849789787968
121,436.39790270926983,4519.095074385701
122,436.0,4529.0
123,434.0,4578.0
124,429.55271837116874,4683.405871363012
125,425.0,4793.0
126,417.0,5010.0
127,416.7679745920272,5016.806196503685
128,412.0,5161.0
129,411.2837623384497,5182.348446290448
130,403.0,5416.0
131,402.5986222553163,5427.086269413495
132,393.0,5691.0
133,391.9157927257853,5720.532702702932
134,389.023649006153,5798.490634027622
135,388.0,5829.0
136,380.0297768838537,6072.15577920248
137,379.0,6103.0
138,374.0481547091906,6240.713432809436
139,367.0,6437.0
140,360.2899036134784,6636.496631527947
141,358.0,6703.0
142,354.70946700789455,6786.690033778856
143,353.0,6828.0
144,350.9730639233271,6886.6608900959645
145,344.0,7097.0
146,337.9230103419724,7265.35463468654
147,333.0,7402.0
148,330.14336070144293,7487.729614526821
149,326.0,7620.0
150,322.14577323694607,7733.565530491114
151,319.0,7820.0
152,313.69929449298735,7954.775034488497
153,312.0,8002.0
154,309.04874858767664,8096.828689334659
155,308.0,8130.0
156,298.7350205828133,8394.763268225197
157,295.0,8498.0
158,290.32960873293445,8626.816430076413
159,287.0,8720.0
160,281.6830463481991,8871.159232603384
161,278.0,8979.0
162,275.3512740051668,9059.254816841894
163,275.0,9070.0
164,270.8031962688667,9199.5466640927
165,266.0,9337.0
166,262.87340031305416,9412.226656275167
167,259.0,9511.0
168,254.78854593930998,9651.635891254093
169,254.0,9678.0
170,251.46203226595657,9754.611592742316
171,248.0,9837.0
172,247.86086694531147,9840.58522044988
173,243.22452001169853,9965.198204728918
174,243.0,9971.0
175,240.86642956600502,10036.838665631833
176,241.0,10052.0
177,250.42049342119716,10185.286592822606
178,252.0,10200.0
179,266.3561709797638,10286.669930263066
180,274.0,10318.0
181,281.0446274131803,10345.435576933192
182,309.0,10431.0
183,310.453249121761,10434.600015189608
184,349.0,10521.0
185,361.37884870383664,10543.404191743211
186,373.0,10560.0
187,396.2205870750802,10595.615658196992
188,422.0,10621.0
189,437.0707949424669,10632.414363342034
190,524.0,10684.0
191,546.3444822839617,10695.203858969391
192,568.3271308659126,10702.214002444893
193,617.0,10705.0
194,719.0490472449868,10709.831642593306
195,725.0,10710.0
196,809.9970098850426,10710.073209256068
197,866.0,10709.0
198,868.6033953374015,10708.965144721838
199,980.4697558795368,10708.995435832923
200,997.0,10709.0
201,1151.0,10709.0
202,1211.3115595717422,10709.640809505834
203,1240.0,10710.0
204,1437.1208318079737,10711.937393732267
205,1445.0,10712.0
206,1521.253503407891,10712.392210453469
207,1600.0,10713.0
208,1604.9291306130517,10713.056775004741
209,1821.0,10715.0
210,1856.1582502127715,10714.714403547512
211,2059.5809193385203,10702.284564479422
212,2123.416188935268,10700.34503443712
213,2275.9639109145946,10723.034698010175
214,2318.0,10732.0
215,2455.154931016121,10765.410238012113
216,2654.0,10821.0
217,2713.676712680116,10842.333541355845
218,2755.0,10862.0
219,2917.0,10944.0
220,2958.364204615347,10968.398214019835
221,3098.0,11057.0
222,3193.6811365371723,11123.691993176257
223,3306.2537021589496,11216.552739221961
224,3355.0,11264.0
225,3411.4454133487498,11324.793856778942
226,3511.9299042554235,11448.193938053739
227,3570.0,11524.0
228,3584.364953938447,11543.357908634493
229,3640.5476886357965,11629.232737016422
230,3650.0,11646.0
231,3695.537769476742,11730.880813130634
232,3751.0,11840.0
233,3792.4562663151487,11928.896644728171
234,3825.2489267017063,12034.065626364812
235,3828.0,12045.0
236,3877.0,12286.0
237,3878.050340818166,12293.47491924238
238,3876.718564538608,12437.351117238592
239,3862.0,12492.0
240,3861.2081565538547,12494.742918666492
241,3840.853650374469,12558.98238989804
242,3803.6211994881373,12634.898665176013
243,3801.0,12639.0
244,3738.8817660839336,12718.083013358138
245,3748.0,12704.0
246,3804.0,12625.0
247,3790.555778924267,12645.87483323415
248,3778.0,12664.0
249,3715.0,12729.0
250,3713.2414803109523,12730.107099325456
251,3646.0,12765.0
252,3644.062591250791,12765.846313071166
253,3594.0,12782.0
254,3592.322052487929,12782.49688948443
255,3530.0,12802.0
256,3523.2425929931846,12804.158775394986
257,3490.0,12817.0
258,3453.104941593114,12838.673320646283
259,3402.0,12874.0
260,3368.3166047914656,12908.05136251187
261,3365.0,12913.0
262,3330.8837989170115,12968.16138296337
263,3327.0,12976.0
264,3311.3295985938184,13017.126414640512
265,3309.0,13025.0
266,3299.6611430891335,13066.758948393097
267,3298.0,13080.0
268,3297.0,13127.0
269,3299.970593731355,13160.426575079924
270,3302.0,13174.0
271,3310.312874593366,13212.629416549982
272,3314.0,13226.0
273,3346.0,13308.0
274,3347.3226497544056,13310.781685587064
275,3379.0855992449897,13373.69694533823
276,3393.0,13400.0
277,3429.4264443924617,13463.950141035504
278,3456.0,13509.0
279,3476.8942454042704,13545.340237289936
280,3487.0,13563.0
281,3529.0,13640.0
282,3540.412047410823,13663.702985318496
283,3572.0,13733.0
284,3590.6020048076257,13778.031120996095
285,3593.422996090185,13797.207063862745
286,3598.0,13819.0
287,3609.0,13870.0
288,3611.236659245896,13889.754356678668
289,3614.0,13973.0
290,3612.231858318648,14009.802486275561
291,3607.0,14036.0
292,3604.5136271588285,14047.543289899073
293,3594.0,14090.0
294,3582.0406093187944,14123.015554544747
295,3570.0,14149.0
296,3559.9439938428504,14167.462329278243
297,3545.0,14188.0
298,3485.0,14247.0
299,3467.269943300086,14262.027462089223
300,3444.3616444843396,14273.713870178646
301,3410.0,14279.0
302,3361.3495722482976,14285.450923487662
303,3303.0,14292.0
304,3290.4240049827285,14292.90448272795
305,3248.0,14292.0
306,3234.614572205958,14291.75435610307
307,3190.0,14291.0
308,3138.114213303585,14288.800944091776
309,3099.0,14287.0
310,3053.968041013006,14285.514400491307
311,3031.0,14285.0
312,2942.3951282236153,14283.660016261916
313,2835.46395312787,14282.289262490376
314,2818.0,14282.0
315,2734.1817666921324,14279.986824133242
316,2698.0,14279.0
317,2648.5636614525756,14277.75484660237
318,2566.2609546260087,14276.090384936386
319,2560.0,14276.0
320,2477.0,14275.0
321,2381.5905246146644,14272.541168820379
322,2360.0,14272.0
323,2124.0,14267.0
324,2119.351401985949,14266.910211325281
325,2029.0,14265.0
326,1994.6552440194982,14263.903237128536
327,1896.0,14261.0
328,1889.7934390020728,14260.86146205449
329,1784.0,14259.0
330,1727.9888953529908,14257.897530848533
331,1671.0,14257.0
332,1548.8296479628652,14256.940448593597
333,1516.0,14257.0
334,1450.875830009968,14256.972028720656
335,1371.0,14257.0
336,1326.7286638004632,14257.214591018062
337,1223.0,14258.0
338,1059.0,14259.0
339,1025.6996954754786,14259.037168271152
340,891.0,14259.0
341,885.3838723675663,14259.021994044364
342,736.0,14260.0
343,629.1827793379081,14259.950293362826
344,606.0,14260.0
345,490.0,14261.0
346,454.9556138610299,14261.532323421023
347,299.0,14266.0
348,137.0,14278.0
349,131.10356577325,14278.654249742196
350,-16.954618132745296,14300.000288306594
351,-41.0,14304.0
352,-132.0,14320.0
353,-168.29299630168742,14326.758062961362
354,-356.0,14367.0
355,-376.75884367774626,14372.347861013508
356,-489.0,14405.0
357,-553.8684391585209,14427.151594309256
358,-651.0,14464.0
359,-759.3932751264678,14508.592383951438
360,-797.0,14525.0
361,-854.0,14551.0
362,-983.3176489944036,14619.727462441037
363,-992.0,14625.0
364,-1229.1012412721059,14792.86981961623
365,-1262.0,14819.0
366,-1335.9648878671255,14882.713794284893
367,-1401.953233154837,14953.58057590147
368,-1442.0,15002.0
369,-1590.0,15194.0
370,-1656.7733329226753,15289.447374895411
371,-1733.0,15427.0
372,-1735.707065294912,15432.206598422685
373,-1806.0,15572.0
374,-1822.1195150458425,15606.28252476468
375,-1861.0,15692.0
376,-1901.1656574089343,15780.392449817256
377,-1990.0,15975.0
378,-2020.0866794030562,16040.535083799055
379,-2078.381495391767,16166.572365997567
380,-2122.0,16261.0
381,-2151.571646179662,16325.684926781832
382,-2225.0,16470.0
383,-2246.84435290627,16508.49307884211
384,-2361.0,16699.0
385,-2392.670008536918,16747.165747561925
386,-2502.5051454615664,16883.59504184672
387,-2538.0,16922.0
388,-2612.16002752275,16999.464121988243
389,-2644.0,17031.0
390,-2761.292906800585,17137.363163123107
391,-2769.0,17144.0
392,-2808.0,17177.0
393,-2984.0,17308.0
394,-3003.4521000819745,17320.93909756268
395,-3097.0,17379.0
396,-3117.519766338806,17390.721528795606
397,-3239.7270592759937,17453.751902090222
398,-3369.0,17512.0
399,-3416.9685299418093,17531.86653647475
400,-3510.0,17565.0
401,-3617.768438022717,17596.80250668246
402,-3785.0,17642.0
403,-3876.921632002406,17664.9612383275
404,-3936.0,17675.0
405,-3972.2070156563095,17682.101453425974
406,-4057.0,17699.0
407,-4143.712936114897,17715.520797790028
408,-4162.0,17719.0
409,-4173.873658588422,17721.58645064666
410,-4176.0,17722.0
411,-4254.012023281929,17736.599902466827
412,-4278.0,17741.0
413,-4362.0,17756.0
414,-4364.944493563687,17756.523385534016
415,-4421.0,17766.0
416,-4438.008747727613,17768.227935029867
417,-4524.0,17774.0
418,-4536.633988413215,17774.370069758974
419,-4580.0,17769.0
420,-4638.107183315546,17745.51359221081
421,-4665.0,17733.0
422,-4682.280156232393,17724.12440129653
423,-4692.0,17713.0
424,-4701.30688282322,17702.94893111631
425,-4742.792101476905,17659.334340915073
426,-4752.0,17649.0
427,-4784.0,17601.0
428,-4817.0,17526.0
429,-4818.332717101686,17522.724498706248
430,-4837.070371848514,17446.31744481415
431,-4840.0,17433.0
432,-4846.0,17408.0
433,-4850.670579435021,17385.14769857515
434,-4865.0,17318.0
435,-4875.805269149316,17282.61936767853
436,-4917.98343927648,17165.46755826421
437,-4926.0,17144.0
438,-4958.7683913889705,17070.040723658476
439,-4967.0,17053.0
440,-5030.0,16922.0
441,-5055.474896320012,16869.38920743
442,-5086.76232746946,16804.639967965995
443,-5106.0,16763.0
444,-5173.0,16617.0
445,-5181.69426374752,16598.05922201841
446,-5230.0,16494.0
447,-5246.950666965418,16458.513236417348
448,-5271.0,16409.0
449,-5327.0,16299.0
450,-5375.276720746908,16208.258391163461
451,-5444.0,16081.0
452,-5485.580295845687,16007.234058099706
453,-5501.0,15980.0
454,-5528.499168608663,15930.96896616762
455,-5533.0,15923.0
456,-5665.345940264912,15692.79225975885
457,-5686.0,15657.0
458,-5761.0,15525.0
459,-5768.455851915227,15511.554205733884
460,-5837.201064122633,15387.238383532902
461,-5863.0,15341.0
462,-5877.0,15316.0
463,-5947.976750060342,15183.21534795891
464,-5991.0,15100.0
465,-5999.887206663662,15082.736750624368
466,-6051.0,14984.0
467,-6148.227808256937,14802.404133540462
468,-6170.0,14762.0
469,-6206.729750394944,14693.858771813082
470,-6244.888612621649,14623.18916814813
471,-6277.0,14564.0
472,-6307.50039667481,14507.916147174226
473,-6364.0,14403.0
474,-6421.8991075669155,14290.240017540145
475,-6427.0,14280.0
476,-6563.0,14000.0
477,-6582.510497133996,13958.646674867576
478,-6635.392888876722,13840.5682677562
479,-6666.0,13768.0
480,-6710.070723854568,13661.934312670903
481,-6806.0,13427.0
482,-6808.159215539961,13421.58787390223
483,-6857.0,13291.0
484,-6866.982193653501,13263.134316647798
485,-6926.0,13091.0
486,-6991.849404311044,12875.014481302775
487,-7007.0,12824.0
488,-7036.468660830595,12723.225192506481
489,-7054.592507796597,12658.517171802243
490,-7071.0,12601.0
491,-7094.0,12521.0
492,-7095.899385598,12514.390915026346
493,-7133.7545951931115,12382.31954660247
494,-7163.0,12280.0
495,-7194.667711539559,12168.489052613892
496,-7204.0,12135.0
497,-7253.801118618286,11954.10549740613
498,-7280.0,11858.0
499,-7310.480907325566,11744.185486083355
500,-7323.770053546368,11689.146368146321
501,-7342.0,11611.0
502,-7343.30595149564,11605.464293958265
503,-7377.0,11462.0
504,-7411.636812612874,11303.989471333703
505,-7431.0,11211.0
506,-7445.930582229184,11137.545717196419
507,-7468.0,11026.0
508,-7498.389333360465,10865.028813029508
509,-7500.0,10856.0
510,-7520.0,10737.0
511,-7536.290682873662,10633.58173970739
512,-7565.0,10446.0
513,-7566.125808644375,10438.532172334184
514,-7584.940684294043,10305.278099523139
515,-7589.0,10273.0
516,-7604.234564502147,10148.62736073616
517,-7614.0,10066.0
518,-7627.467783295225,9945.007709572325
519,-7636.0,9857.0
520,-7666.0,9491.0
521,-7669.111401122796,9450.000037973638
522,-7674.81497758401,9366.931742902785
523,-7679.0,9280.0
524,-7682.213212618006,9205.275410711056
525,-7685.0,9139.0
526,-7690.0,9016.0
527,-7690.792103520484,8993.211940728768
528,-7694.90468654366,8748.839215158598
529,-7695.0,8733.0
530,-7695.967524895893,8446.337421773665
531,-7696.0,8432.0
532,-7696.05897948198,8303.883415023827
533,-7696.0,8259.0
534,-7695.975756431497,8212.078512112625
535,-7695.600436291903,7971.701298460865
536,-7695.0,7898.0
537,-7693.0,7738.0
538,-7692.0,7560.0
539,-7691.951105068865,7552.85458857307
540,-7690.23117991247,7372.212727219379
541,-7690.0,7345.0
542,-7689.359855596344,7243.00595529532
543,-7689.0,7184.0
544,-7688.0,7059.0
545,-7686.887619887599,6961.661853496284
546,-7686.0,6879.0
547,-7685.0,6717.0
548,-7684.4632282861685,6600.674321572159
549,-7684.0,6519.0
550,-7683.274327092494,6427.324188900545
551,-7681.0913481648,6233.254953422105
552,-7680.0,6027.0
553,-7679.9760114641595,6016.983341142548
554,-7679.891704149275,5741.91600850201
555,-7680.0,5661.0
556,-7681.1302614281085,5477.3072903263965
557,-7682.0,5366.0
558,-7682.470343356656,5300.009636147413
559,-7684.0,5069.0
560,-7684.616712542691,4941.2806741338245
561,-7684.864962712118,4868.5391184367545
562,-7685.0,4846.0
563,-7686.0,4697.0
564,-7686.443370625684,4616.315020717526
565,-7687.0,4510.0
566,-7690.0,4079.0
567,-7691.0,3929.0
568,-7691.543369979843,3847.921743621776
569,-7693.0,3590.0
570,-7693.138692291158,3554.9017029952533
571,-7694.0,3307.0
572,-7694.036936844208,3298.3776319233066
573,-7695.240204968,3119.415269149238
574,-7696.0,3022.0
575,-7696.422049382956,2960.475510805184
576,-7697.0,2871.0
577,-7697.84790102511,2730.3039004679836
578,-7698.0,2700.0
579,-7698.736520049665,2540.3993548304034
580,-7699.0,2510.0
581,-7701.0,2358.0
582,-7702.8817135767695,2196.9396712200933
583,-7705.0,1995.0
584,-7706.211529438648,1893.54594932617
585,-7707.0,1824.0
586,-7708.852618621129,1644.1892822275518
587,-7709.0,1632.0
588,-7712.0,1422.0
589,-7712.57573365714,1370.864725992948
590,-7714.6460905320355,1134.6561730936667
591,-7715.0,1097.0
592,-7718.704468055536,773.3974343520159
593,-7720.0,675.0
594,-7723.2237730349025,446.40282679214073
595,-7724.0,391.0
596,-7724.701451615597,338.70404649298905
597,-7725.806730307859,238.14253523339914
598,-7726.0,219.0
599,-7726.950745769797,123.5862867327809
600,-7728.0,17.0
601,-7728.732256428044,-58.190675303635174
602,-7730.0,-164.0
603,-7731.0,-224.0
604,-7731.074448208535,-228.69022875512044
605,-7733.0,-387.0
606,-7733.6116089174375,-439.9275324173301
607,-7734.0,-492.0
608,-7734.012797955415,-513.5255157860786
609,-7733.0,-604.0
610,-7732.327808679976,-632.1393323223317
611,-7728.0,-723.0
612,-7723.232177991707,-768.1210610054167
613,-7720.0,-792.0
614,-7703.216281285855,-883.9815547291184
615,-7701.0,-893.0
616,-7690.766467351055,-927.6093030173112
617,-7687.0,-938.0
618,-7652.0,-1020.0
619,-7629.192254769666,-1063.870568765307
620,-7582.0,-1132.0
621,-7576.181018816807,-1139.2937882622446
622,-7555.2088603503125,-1162.2851503370405
623,-7536.0,-1180.0
624,-7521.0,-1193.0
625,-7515.509784704901,-1197.385778672777
626,-7470.0,-1226.0
627,-7419.219383704539,-1246.5928287068732
628,-7377.0,-1259.0
629,-7374.883443888628,-1259.5236179769765
630,-7334.76817268,-1267.278765709033
631,-7286.256655713954,-1272.989256033058
632,-7278.0,-1274.0
633,-7223.0,-1282.0
634,-7208.527221405199,-1285.0837822940082
635,-7161.0,-1299.0
636,-7157.997925292413,-1300.1248287149929
637,-7092.0,-1331.0
638,-7064.3955139378095,-1347.4471839345777
639,-7030.0,-1371.0
640,-6966.0,-1420.0
641,-6940.0,-1441.0
642,-6932.188336346582,-1447.3494999693264
643,-6835.854682562011,-1524.8473212967265
644,-6824.0,-1534.0
645,-6732.0,-1600.0
646,-6712.374290524049,-1612.1290503844739
647,-6647.0,-1647.0
648,-6587.971606092235,-1670.4869042024332
649,-6553.0,-1681.0
650,-6438.0,-1701.0
651,-6400.205314338943,-1704.1916559445026
652,-6348.0,-1707.0
653,-6210.0,-1711.0
654,-6193.743623751585,-1711.4165060108837
655,-6105.0,-1714.0
656,-6100.311492097149,-1714.1639103838336
657,-5999.0,-1718.0
658,-5958.545093885516,-1719.1549665703844
659,-5915.0,-1720.0
660,-5783.38209029856,-1719.9349923153102
661,-5727.0,-1719.0
662,-5585.0,-1715.0
663,-5576.997744437088,-1714.7852916671409
664,-5427.0,-1711.0
665,-5341.822927500896,-1708.8637078258325
666,-5197.0,-1705.0
667,-5127.42400244439,-1703.121384865501
668,-4973.0,-1699.0
669,-4902.961302863566,-1697.201081993532
670,-4767.155360893733,-1693.9386546694495
671,-4644.0,-1691.0
672,-4604.504751641285,-1689.910499521154
673,-4542.0,-1688.0
674,-4502.284396648034,-1686.8335841528044
675,-4364.0,-1683.0
676,-4336.757039053653,-1682.2996263841565
677,-4122.398361553686,-1677.0758777189212
678,-4079.0,-1676.0
679,-3947.635782766725,-1672.2185329980307
680,-3941.0,-1672.0
681,-3839.15974722422,-1668.5603521658666
682,-3647.0,-1662.0
683,-3611.081258686523,-1660.800750286171
684,-3522.0,-1658.0
685,-3473.864213807763,-1656.6335330439192
686,-3286.8673685098506,-1651.7867864026873
687,-3254.0,-1651.0
688,-3019.7160558083533,-1646.4567698542833
689,-2997.0,-1646.0
690,-2884.0,-1644.0
691,-2721.8377304460532,-1644.2920991156634
692,-2542.0,-1646.0
693,-2496.5252776850557,-1646.3021344263957
694,-2395.0,-1647.0
695,-2365.0731417632896,-1647.5183410849404
696,-2233.874791983645,-1650.1283639481042
697,-2180.0,-1651.0
698,-1891.7868868214787,-1654.3428251856672
699,-1813.0,-1655.0
700,-1664.187055491146,-1655.4615862508876
701,-1579.527589072167,-1655.0738057927642
702,-1560.0,-1655.0
703,-1443.2849460284683,-1654.6330290348787
704,-1306.0,-1654.0
705,-1214.2582252091443,-1653.314400683932
706,-1084.0,-1652.0
707,-947.0,-1650.0
708,-896.8705459877738,-1649.0437318071629
709,-655.0,-1644.0
710,-571.9218582368916,-1642.7525687764169
711,-465.54956752666857,-1641.6109174775247
712,-378.0,-1639.0
713,-119.05411287896143,-1629.3934498315193
714,-84.0,-1628.0
715,28.275360288874616,-1623.0559503600466
716,107.0,-1619.0
717,144.85020602688985,-1617.1289095484772
718,264.0,-1611.0
719,428.1762957537808,-1599.9700737228031
720,490.0,-1594.0
721,634.5157501614843,-1574.7997264015999
722,679.0,-1567.0
723,804.5015081107973,-1539.4689116609798
724,898.0,-1513.0
725,1002.9685087136319,-1476.475187093628
726,1077.0,-1446.0
727,1193.5012112334864,-1389.5895081047724
728,1234.0,-1368.0
729,1296.0,-1333.0
730,1416.0,-1256.0
731,1462.2567006350391,-1225.7324151662565
732,1600.0,-1122.0
733,1734.0575529037187,-993.0471427140334
734,1858.0,-866.0
735,1913.903835686258,-805.3328231826897
736,1943.0,-768.0
737,1976.7257792829346,-727.0363666374758
738,2125.0,-551.0
1,2317.0,-330.0
2,2361.546061947006,-280.8317420149061
3,2445.0,-188.0
4,2551.381694248419,-68.29916963919389
5,2584.0,-32.0
6,2712.0,110.0
7,2812.643759037566,222.20149926199494
8,2845.0,259.0
9,2856.044475701979,271.39382717294967
10,2977.256538517743,406.8487746241068
11,3048.0,486.0
12,3106.0,551.0
13,3151.737463489576,602.021202983648
14,3329.0,799.0
15,3380.0899302772573,856.4797311053197
16,3394.0,872.0
17,3501.0,990.0
18,3523.942844884169,1015.3817155064637
19,3633.341980398208,1137.1369915777307
20,3643.0,1148.0
21,3670.7694888950004,1180.2498103385878
22,3685.0,1200.0
23,3720.302603791559,1252.7478184712659
24,3732.0,1272.0
25,3766.0,1346.0
26,3776.436939909052,1381.0446769957625
27,3788.0,1435.0
28,3789.5320219748605,1445.5089585343276
29,3793.0,1509.0
30,3792.5951851398177,1533.9526262535178
31,3785.0,1582.0
32,3779.0310617858718,1602.5976072985095
33,3740.0,1706.0
34,3735.181029908461,1716.6836474745307
35,3700.9353279115826,1771.2003520585029
36,3677.0,1797.0
37,3672.7943418422296,1801.524119455682
38,3640.250608913421,1836.151042828001
39,3614.0,1860.0
40,3599.0739197304147,1871.9264916726984
41,3577.0,1888.0
42,3550.656278707506,1905.0809265195398
43,3454.7108346797213,1951.3634562884508
44,3396.449873053215,1969.5813132803366
45,3347.228625641409,1980.2703928519563
46,3324.0,1984.0
47,3269.5438387590398,1990.0372909991715
48,3259.0,1991.0
49,3185.0,1994.0
50,3132.000450885703,1989.2671921993838
51,3026.0,1974.0
52,3007.339852066275,1970.889297255366
53,2964.0,1957.0
54,2933.9780979149673,1945.195493803691
55,2810.0,1893.0
56,2795.9570671852957,1886.374420017709
57,2706.141209964864,1834.8963790202283
58,2645.0,1791.0
59,2599.798508831576,1756.9895504834067
60,2477.332162680926,1659.6717244044733
61,2473.0,1656.0
62,2417.0763205208723,1605.3754499614656
63,2358.0,1546.0
64,2321.591130128971,1508.9332975473267
65,2281.0,1468.0
66,2201.956934858415,1391.6367796173145
67,2197.0,1387.0
68,2097.0,1300.0
69,2029.312938781405,1253.8689472362066
70,1993.0,1234.0
71,1820.0,1173.0
72,1803.3820116739173,1169.4756928916604
73,1609.0,1161.0
74,1582.055233078761,1164.2058347284917
75,1493.2678890573188,1180.6032924974497
76,1487.0,1182.0
77,1414.2999883834875,1200.7820378646727
78,1377.0,1212.0
79,1355.0,1219.0
80,1308.0049380479668,1236.0191344728091
81,1250.0,1261.0
82,1204.0642847192594,1283.3890210080613
83,1125.0,1327.0
84,1041.0178848454393,1380.4581238670794
85,1026.0,1391.0
86,937.0,1464.0
87,913.9689162864141,1487.101818740177
88,763.0,1667.0
89,760.4759696378787,1670.326207053608
90,683.0,1807.0
91,649.7735463340916,1901.294363155916
92,593.0,2086.0
93,584.8210087388559,2115.399273311382
94,572.8648008061241,2192.6313195317193
95,568.0,2250.0
96,549.0008379441609,2446.386629798724
97,541.0,2528.0
98,533.5474103425872,2612.0881035057732
99,532.0,2634.0
100,523.2497878263919,2762.671086846107
101,518.0,2843.0
102,511.4772594728606,2945.9714330895467
103,504.0,3064.0
104,502.65532491083206,3084.4869387272765
105,492.0,3245.0
106,485.78323866512295,3356.7406751853187
107,476.0,3552.0
108,475.64107704227837,3559.7193098725784
109,466.745873639308,3772.7490796227676
110,463.0,3866.0
111,462.28646880783833,3883.08935106512
112,457.8687114941627,3982.444476859266
113,455.0,4050.0
114,450.943411976871,4151.493959567109
115,445.3950014656949,4292.217596472553
116,445.0,4302.0
117,440.0,4425.0
118,435.4313092953191,4545.076697555893
119,435.0,4556.0
120,428.60090943152875,4709.546274450958
121,421.0,4889.0
122,418.7408052424721,4945.764007046812
123,413.2112219704838,5104.186513630203
124,412.0,5142.0
125,405.0,5364.0
126,402.262104528337,5444.866488464247
127,398.0,5561.0
128,395.85737968459796,5612.923046093547
129,393.0,5682.0
130,386.0,5891.0
131,385.3411350378688,5912.642863905583
132,381.0,6049.0
133,379.44678247270093,6087.909591479973
134,376.0,6172.0
135,368.3848843433776,6392.299358226518
136,364.0,6526.0
137,360.23455191366776,6633.628011467244
138,359.0,6668.0
139,352.0,6864.0
140,349.2770519424839,6940.0834832612745
141,346.0,7034.0
142,343.6827651866193,7104.880926930716
143,338.0,7276.0
144,329.6530581622446,7502.3090654059815
145,326.0,7600.0
146,319.6150789112777,7778.862315821185
147,319.0,7798.0
148,309.3832215531278,8095.0098343356185
149,309.0,8106.0
150,302.0,8298.0
151,301.7392806414356,8305.393145571894
152,296.0,8472.0
153,295.0514974851605,8498.548576828218
154,288.0,8692.0
155,282.388638259199,8864.947307411006
156,282.0,8876.0
157,280.0,8931.0
158,274.966902296398,9077.410822817492
159,274.0,9105.0
160,268.5495145219406,9252.034969016575
161,266.0,9320.0
162,261.131637189203,9451.682175739923
163,255.0,9627.0
164,253.14152755485742,9699.954939675335
165,252.0,9736.0
166,248.2637115716176,9831.872137599274
167,242.0,9988.0
168,240.73161512010995,10029.749500573742
169,242.05364244533806,10079.572884623924
170,243.0,10095.0
171,248.0,10166.0
172,253.4313391300342,10212.385408028038
173,256.0,10230.0
174,261.95831044803447,10265.528030036608
175,273.62455994502386,10318.240384100027
176,285.0,10357.0
177,303.1930834605671,10411.667176450883
178,317.0,10451.0
179,325.30720275009617,10473.36936858678
180,333.0,10488.0
181,337.76319494722395,10496.966038928047
182,367.641012188639,10551.553459593564
183,376.0,10565.0
184,399.63825978074874,10597.556798635902
185,423.0,10621.0
186,472.2259386261959,10658.57864436247
187,487.0,10668.0
188,561.0,10695.0
189,568.2170304907395,10696.490248224865
190,644.1495337326983,10707.138984617743
191,658.0,10708.0
192,756.0,10710.0
193,814.2034609213896,10710.041027137644
194,900.7968685372047,10709.221846460901
195,937.0,10709.0
196,983.9951871773335,10708.825515278802
197,1079.9151536262623,10708.75801698783
198,1157.0,10709.0
199,1175.330843162128,10709.179454050964
200,1206.1247899213085,10709.821698975524
201,1216.0,10710.0
202,1316.6887374549565,10711.513042625307
203,1358.0,10712.0
204,1506.0,10713.0
205,1519.6419436201038,10712.996229635166
206,1545.0,10713.0
207,1653.0,10714.0
208,1682.3321117251317,10714.264113867293
209,1847.7155419541161,10715.023018760077
210,1879.0,10715.0
211,1945.160077985194,10714.801340161412
212,1990.0,10715.0
213,2053.0,10716.0
214,2146.760248949834,10717.650144326042
215,2180.0,10719.0
216,2360.0,10738.0
217,2377.4516542796246,10741.209274578081
218,2496.0,10770.0
219,2526.8657427432527,10779.012167848601
220,2626.0,10811.0
221,2705.84640938559,10839.820595169253
222,2760.0,10864.0
223,2964.347883229223,10973.804815821795
224,3002.0,10995.0
225,3070.988910482285,11037.216237174836
226,3082.0,11045.0
227,3149.8912240133373,11093.610307814395
228,3288.0,11200.0
229,3336.0,11245.0
230,3360.2778182972775,11269.450118076877
231,3422.0,11336.0
232,3449.819266664729,11368.532155710482
233,3591.9784479044397,11555.573598099003
234,3618.0,11594.0
235,3704.9249390697587,11743.233215357872
236,3732.0,11798.0
237,3793.7196380558275,11946.422832697222
238,3827.0,12046.0
239,3835.158779908796,12073.66250553928
240,3852.599033391467,12144.84474020291
241,3862.0,12195.0
242,3873.0,12271.0
243,3875.9984498515187,12306.154283133355
244,3877.0,12352.0
245,3866.1245640066736,12463.254400391561
246,3865.0,12469.0
247,3832.659594949345,12573.830238244334
248,3826.0,12591.0
249,3824.6358674512917,12593.232566919105
250,3827.7685951449607,12579.589481361474
251,3826.0,12583.0
252,3808.0,12621.0
253,3795.743107421869,12642.513375552444
254,3782.0,12663.0
255,3764.728354062967,12684.843373507738
256,3734.0,12715.0
257,3703.4425709467996,12736.793761225077
258,3670.0,12755.0
259,3668.237780214142,12755.835558216217
260,3630.0,12771.0
261,3574.648873724933,12788.274759759004
262,3529.0,12802.0
263,3502.8364535882583,12810.433941138821
264,3484.0,12820.0
265,3461.36750629352,12832.723802425251
266,3424.0,12856.0
267,3422.235020868001,12857.24856815839
268,3395.0,12880.0
269,3362.16969764474,12920.40816772592
270,3332.0,12966.0
271,3319.626184439654,12987.572209901311
272,3306.6455272725552,13017.891404826287
273,3300.9742349757817,13051.959887632005
274,3300.0,13066.0
275,3299.3386350826995,13099.812314501054
276,3308.0,13204.0
277,3312.7220068755905,13224.629764646095
278,3338.0,13291.0
279,3353.5339743169648,13325.239183146325
280,3374.6611786979547,13366.829016838292
281,3385.0,13386.0
282,3409.0,13429.0
283,3414.1289227255684,13437.84572401125
284,3447.0,13493.0
285,3490.0,13568.0
286,3491.521914323874,13570.736662484247
287,3523.0,13629.0
288,3527.8407387365314,13638.337580020117
289,3558.0,13700.0
290,3584.0,13767.0
291,3610.0,13875.0
292,3612.5362665133157,13889.08736009902
293,3614.9711340818412,13923.56054244108
294,3615.0,13937.0
295,3614.552710452786,13977.34246713809
296,3613.0,13993.0
297,3582.0,14120.0
298,3578.8401538037588,14129.42996869237
299,3563.0,14160.0
300,3550.5799736649014,14178.79853476946
301,3523.0,14214.0
302,3501.426387632359,14234.331264325261
303,3486.0,14246.0
304,3457.6663366213215,14261.71131341302
305,3446.0,14267.0
306,3374.193599650548,14287.570301414482
307,3360.0,14289.0
308,3253.0,14293.0
309,3236.0389682435493,14293.179157839171
310,3193.0,14291.0
311,3190.9882078246083,14290.914658821523
312,3134.0,14289.0
313,3097.00334265703,14287.624642703937
314,3048.0,14286.0
315,2993.0450314855607,14284.55281356549
316,2920.0,14283.0
317,2861.9625158649073,14282.449681723721
318,2825.0,14282.0
319,2795.198284622089,14281.281064537998
320,2685.0,14278.0
321,2681.313818276194,14277.942037042287
322,2580.0,14277.0
323,2501.6374731591595,14275.437053800639
324,2437.0,14274.0
325,2352.8478978036446,14272.107007739778
326,2288.369556741426,14270.57808825878
327,2224.0,14269.0
328,2142.0,14267.0
329,2124.438200675459,14266.582354866398
330,2016.0,14264.0
331,1955.8439138770952,14262.3813625403
332,1905.0,14261.0
333,1702.0,14257.0
334,1656.1864229965531,14256.843120163165
335,1573.0,14257.0
336,1540.0,14257.0
337,1503.5498720612172,14256.982443509165
338,1250.0,14257.0
339,1161.9736227648323,14257.462346439645
340,1110.948494668825,14258.449490709334
341,1041.0,14259.0
342,1010.6995184434397,14259.057444647413
343,899.0,14259.0
344,864.4841477056407,14258.978501329491
345,813.0,14259.0
346,718.1959277791342,14259.384897547008
347,642.0,14260.0
348,356.7278699931345,14264.090860104712
349,318.0,14265.0
350,221.02954726246986,14268.952493326518
351,170.0,14274.0
352,123.74356167031159,14279.7798949549
353,5.0,14297.0
354,-31.887800493300098,14302.752988719976
355,-181.21128700830747,14328.425752594412
356,-220.0,14336.0
357,-370.0,14370.0
358,-420.69503069852965,14384.232900116358
359,-503.0,14410.0
360,-537.4647618525589,14421.42039470451
361,-696.0,14481.0
362,-870.3457363277596,14560.221483704312
363,-911.0,14580.0
364,-1047.0,14658.0
365,-1074.2950732192496,14676.763081378616
366,-1281.6671159548894,14837.337576943599
367,-1288.0,14843.0
368,-1318.0,14871.0
369,-1387.5134909422786,14941.75630705168
370,-1461.0,15024.0
371,-1589.0,15192.0
372,-1592.8634151698066,15197.62760280252
373,-1673.0,15321.0
374,-1684.2081266408154,15339.184725226492
375,-1788.0,15534.0
376,-1792.4160477440205,15543.285114209977
377,-1895.0,15765.0
378,-1906.3443734307073,15789.84102339116
379,-1936.2896170359554,15857.040373846115
380,-1949.0,15885.0
381,-2051.3823965578695,16108.083666193614
382,-2064.0,16136.0
383,-2114.1516987315877,16254.516351348178
384,-2197.0,16415.0
385,-2291.1926510910575,16584.734891582215
386,-2323.0,16641.0
387,-2364.226209499247,16708.707926699462
388,-2388.0,16738.0
389,-2422.0222210839966,16781.052981805333
390,-2548.0,16932.0
391,-2656.6316542498353,17041.36752095061
392,-2748.0,17126.0
393,-2806.947644190027,17177.612851081605
394,-2905.0,17253.0
395,-2995.340216567151,17315.52896949515
396,-3065.0,17360.0
397,-3173.513660715437,17421.096535025423
398,-3212.0,17441.0
399,-3290.4395795220516,17478.997417061615
400,-3318.0,17491.0
401,-3538.1129005976477,17572.272801244526
402,-3625.0,17601.0
403,-3737.3809634504123,17632.82121880728
404,-3812.0,17649.0
405,-3918.6784884565386,17671.477502559985
406,-3996.0,17687.0
407,-4056.2223444817732,17698.523534452568
408,-4064.0,17700.0
409,-4147.827740359731,17715.90265958473
410,-4227.0,17731.0
411,-4272.886084549599,17739.863373184
412,-4333.0,17751.0
413,-4413.978545017584,17764.639270391344
414,-4429.0,17767.0
415,-4472.526672250267,17773.03228963253
416,-4518.0,17774.0
417,-4519.9388816179935,17773.9359436815
418,-4587.685845788425,17767.71387897145
419,-4591.0,17767.0
420,-4630.120271871825,17753.655833862835
421,-4639.0,17749.0
422,-4713.065131110165,17693.196465088677
423,-4721.0,17686.0
424,-4765.4155545223975,17633.579006514054
425,-4779.0,17611.0
426,-4789.782548049683,17591.41266557769
427,-4817.0,17524.0
428,-4817.9566877179805,17520.789252165527
429,-4839.0,17439.0
430,-4844.1462041607165,17415.339463740238
431,-4848.0,17394.0
432,-4857.635586866866,17345.317254257334
433,-4870.0,17301.0
434,-4877.489148146229,17277.718520395883
435,-4922.0,17154.0
436,-4933.915386068517,17123.27485766179
437,-4946.707503112529,17094.81457355297
438,-4975.0,17037.0
439,-5032.646438258269,16916.00802898716
440,-5036.0,16909.0
441,-5083.896507447318,16809.87916726371
442,-5116.0,16743.0
443,-5117.520636865821,16739.779355658182
444,-5176.692259052647,16609.85894972204
445,-5183.0,16596.0
446,-5238.0,16477.0
447,-5267.811488978346,16415.211896070243
448,-5283.0,16385.0
449,-5383.921074934962,16192.694109554077
450,-5388.0,16185.0
451,-5428.897100821441,16108.048258509996
452,-5474.0,16027.0
453,-5476.798208095851,16022.051857468625
454,-5599.0,15808.0
455,-5618.927504761591,15773.311988709269
456,-5735.337085384606,15573.313487217314
457,-5770.983430002762,15511.253889900698
458,-5851.337269192751,15363.61670828935
459,-5873.0,15323.0
460,-5942.945827919006,15190.577728350243
461,-6045.0,14996.0
462,-6079.102748998796,14931.513141593265
463,-6104.0,14885.0
464,-6196.0,14714.0
465,-6219.926092504919,14669.968787528933
466,-6302.0,14519.0
467,-6360.131163493537,14410.37927747041
468,-6432.835533406184,14269.819508964949
469,-6466.0,14203.0
470,-6505.690587962323,14120.880183113433
471,-6579.6366368566,13962.366412103682
472,-6623.0,13867.0
473,-6633.754220478627,13842.883242658168
474,-6677.853225020834,13739.500155843809
475,-6686.0,13720.0
476,-6726.681359869466,13622.3074495209
477,-6778.0,13498.0
478,-6818.197603207014,13398.13632609513
479,-6859.887757550784,13283.768826896994
480,-6864.0,13272.0
481,-6953.0,13008.0
482,-6955.876349578916,12999.088966313364
483,-7018.671710529674,12788.195764330134
484,-7050.0,12675.0
485,-7051.690385766989,12668.94587570633
486,-7095.2997038012345,12514.458062542994
487,-7143.9211946437035,12345.173638434426
488,-7146.0,12338.0
489,-7193.518591548908,12174.351830094227
490,-7204.0,12137.0
491,-7242.0,11999.0
492,-7266.034013213167,11909.516986321254
493,-7277.0,11868.0
494,-7347.0,11588.0
495,-7348.645942591383,11581.006796413196
496,-7404.0,11339.0
497,-7405.498845729047,11332.305924844044
498,-7442.0,11161.0
499,-7443.203939976222,11155.015923332645
500,-7487.0,10930.0
501,-7491.293126033062,10906.793129645706
502,-7511.0,10794.0
503,-7532.357719601883,10660.845365683486
504,-7562.0,10469.0
505,-7583.597567082039,10316.358026222297
506,-7586.0,10297.0
507,-7611.637785846583,10083.925370625737
508,-7615.0,10055.0
509,-7631.201179953797,9909.465117064308
510,-7634.0,9882.0
511,-7647.2383835264345,9736.50916102924
512,-7651.0,9691.0
513,-7663.0,9534.0
514,-7670.20941856924,9429.382824295262
515,-7673.0,9385.0
516,-7680.726097699786,9247.641753909587
517,-7683.0,9201.0
518,-7691.0,8946.0
519,-7691.182966384393,8937.467950479884
520,-7694.833666359843,8743.293186092389
521,-7696.0,8664.0
522,-7696.516563007087,8488.158392099673
523,-7696.0,8346.0
524,-7696.021695177355,8215.774644883488
525,-7696.0,8157.0
526,-7695.0,7962.0
527,-7694.514053170592,7904.757136714464
528,-7693.0,7731.0
529,-7692.128704661824,7593.973689251345
530,-7691.840302332039,7486.229020264393
531,-7691.0,7411.0
532,-7689.0,7269.0
533,-7688.488610547561,7212.749379874252
534,-7687.0,6967.0
535,-7685.86907658859,6853.057119448802
536,-7685.0,6770.0
537,-7684.768783293683,6734.435725357114
538,-7684.0,6600.0
539,-7682.933263310601,6477.981528258983
540,-7682.0,6375.0
541,-7681.466370734726,6301.820855515971
542,-7681.0,6212.0
543,-7680.0,5904.0
544,-7679.8668039269105,5818.6301885501125
545,-7680.235688660714,5726.330624577039
546,-7681.0,5613.0
547,-7681.9316532673165,5453.776619836944
548,-7683.0,5264.0
549,-7683.229271776412,5223.568944653563
550,-7684.0,5098.0
551,-7684.245450774364,5061.829750867704
552,-7685.0,4942.0
553,-7685.565098866954,4796.323958513939
554,-7686.0,4693.0
555,-7686.688742339868,4591.637269930809
556,-7687.0,4548.0
557,-7687.935533752248,4402.06323003335
558,-7688.859109634386,4233.934957406169
559,-7689.0,4204.0
560,-7689.613019173091,4036.9902711622544
561,-7690.0,3962.0
562,-7690.6846597075255,3865.0192980194324
563,-7691.914982641641,3711.4234015237566
564,-7692.0,3700.0
565,-7693.0,3550.0
566,-7693.822509953743,3372.563846101271
567,-7694.0,3335.0
568,-7696.0,2950.0
569,-7696.03887701016,2942.4094083123064
570,-7697.0,2790.0
571,-7697.560060469728,2734.4973958298456
572,-7699.0,2582.0
573,-7699.065207025927,2572.936641909959
574,-7700.0,2422.0
575,-7700.875250357371,2334.1929509646757
576,-7702.0,2243.0
577,-7704.422609651008,2063.4490425319905
578,-7705.0,2016.0
579,-7705.97984113247,1920.9672538169568
580,-7707.0,1807.0
581,-7707.563963771331,1747.0555900848926
582,-7709.0,1608.0
583,-7712.0,1371.0
584,-7712.63040437764,1324.7327483088893
585,-7715.0,1144.0
586,-7715.08323302449,1136.4033076052644
587,-7717.0,935.0
588,-7718.6202034938315,802.0477882499015
589,-7719.0,773.0
590,-7721.0,621.0
591,-7721.619348414157,571.6128464934292
592,-7724.0,365.0
593,-7725.0,258.0
594,-7725.068211847448,253.08917278469212
595,-7727.645006067472,92.10882936178874
596,-7728.0,67.0
597,-7729.0,-18.0
598,-7729.350890306878,-50.130983949267204
599,-7731.0,-207.0
600,-7731.166977259225,-223.42414481715767
601,-7732.0,-308.0
602,-7732.40045210379,-352.0259849547515
603,-7733.0,-416.0
604,-7733.836714999087,-493.4950675438815
605,-7734.0,-519.0
606,-7734.0,-555.0
607,-7732.216481833609,-633.9141189914862
608,-7732.0,-639.0
609,-7722.755741965642,-770.0168919613733
610,-7721.0,-788.0
611,-7716.125738665008,-829.0349868783211
612,-7708.418358455052,-866.4783421590607
613,-7702.0,-889.0
614,-7674.0,-972.0
615,-7658.5918802232645,-1010.6004792649037
616,-7632.0,-1058.0
617,-7630.952480790246,-1059.689945355426
618,-7603.0,-1103.0
619,-7596.575404786878,-1112.422239784552
620,-7580.0,-1134.0
621,-7560.19064574811,-1155.3571180595343
622,-7511.0,-1200.0
623,-7492.087426381511,-1213.5475994747326
624,-7449.679881372718,-1235.638867423314
625,-7416.0,-1249.0
626,-7393.80433093204,-1256.2641752959044
627,-7338.0,-1266.0
628,-7320.707921043401,-1268.3941603147173
629,-7231.0,-1281.0
630,-7207.850038621581,-1285.1356322003749
631,-7139.78782808501,-1306.2011594669848
632,-7120.0,-1316.0
633,-7063.0,-1349.0
634,-7004.75673451135,-1389.1213498361055
635,-7001.0,-1392.0
636,-6982.0,-1407.0
637,-6896.0,-1476.0
638,-6886.861423649411,-1483.490605763385
639,-6843.0,-1519.0
640,-6832.892177306713,-1526.707832110908
641,-6768.801406988988,-1572.1216303743042
642,-6704.0,-1617.0
643,-6683.110200409107,-1632.1719846321998
644,-6625.0,-1657.0
645,-6521.631822616819,-1680.1433257245208
646,-6344.0,-1711.0
647,-6258.954340256811,-1720.3844667613193
648,-6220.0,-1712.0
649,-6184.3887398945935,-1712.2106507423696
650,-6097.0,-1715.0
651,-6008.673259295197,-1717.1061735627586
652,-5978.0,-1718.0
653,-5864.392122452016,-1721.9050712781745
654,-5857.0,-1722.0
655,-5739.1247923222245,-1720.064083228225
656,-5706.0,-1719.0
657,-5564.0,-1714.0
658,-5558.795739272759,-1713.8340357110924
659,-5459.0,-1711.0
660,-5426.729103586602,-1710.1703717103526
661,-5244.0,-1706.0
662,-5214.500752703865,-1705.392872135606
663,-5105.0,-1703.0
664,-4947.822618192725,-1698.928835643983
665,-4873.0,-1697.0
666,-4822.004790877436,-1695.8117932596872
667,-4779.0,-1695.0
668,-4742.495690593524,-1693.9977477407979
669,-4584.487253119889,-1689.2118191648012
670,-4547.0,-1688.0
671,-4384.0,-1683.0
672,-4160.0,-1678.0
673,-4150.330509002301,-1677.785944608875
674,-3944.877684418936,-1672.090564416961
675,-3916.0,-1671.0
676,-3862.0,-1669.0
677,-3811.132535928574,-1667.3337720583013
678,-3660.0,-1663.0
679,-3583.5412689125887,-1660.7554373864343
680,-3336.8603868329633,-1653.3535824341152
681,-3292.0,-1652.0
682,-3149.11080420594,-1648.5449189406133
683,-3118.0,-1648.0
684,-2876.0,-1644.0
685,-2770.77379274698,-1643.01872202496
686,-2644.4170448096415,-1645.4199204728698
687,-2599.0,-1646.0
688,-2452.0,-1647.0
689,-2429.289104051213,-1647.1571678135015
690,-2262.0,-1649.0
691,-2202.040177647343,-1650.1795377375784
692,-2121.0,-1652.0
693,-1955.0,-1655.0
694,-1819.567533186827,-1655.324784455956
695,-1628.0,-1655.0
696,-1509.8066556109106,-1655.3512614576814
697,-1468.0,-1655.0
698,-1394.8285786409738,-1654.1285983629632
699,-1383.0,-1654.0
700,-1043.6468897437514,-1651.3937082644795
701,-992.0,-1651.0
702,-813.0,-1648.0
703,-793.9655612134204,-1647.4620345688909
704,-613.8782026506459,-1642.6357842273283
705,-548.0,-1642.0
706,-513.0,-1642.0
707,-342.7472602140514,-1639.3620396073734
708,-229.0,-1635.0
709,-203.16644671061957,-1633.797506966143
710,-50.0,-1626.0
711,198.1891488234405,-1614.5907915493585
712,252.0,-1612.0
713,343.022835682072,-1607.1808509281939
714,436.99046392537156,-1600.3560554423664
715,511.0,-1592.0
716,578.6352390520295,-1582.8846411689647
717,706.0,-1562.0
718,851.4620446198242,-1527.0016733818175
719,864.0,-1523.0
720,1185.0,-1395.0
721,1230.9317234567552,-1373.5009471856317
722,1356.8169580441224,-1300.3169300085274
723,1427.0,-1249.0
724,1524.8621029245626,-1172.706668504977
725,1733.0,-999.0
726,1737.6660390509392,-994.8002570363345
727,1843.0,-882.0
728,1864.6803739386241,-856.8851788350726
729,1992.0,-709.0
730,2136.181758621625,-538.4687746311495
1,2304.0,-344.0
2,2378.972589429496,-260.9555246867298
3,2491.0,-136.0
4,2512.6141822044374,-111.83464477271795
5,2702.0,100.0
6,2707.2788332966325,105.88268554932954
7,2787.5794209283877,194.83656856563243
8,2879.0,296.0
9,2984.0,414.0
10,3000.65741102406,432.6571237036752
11,3114.7256324418477,559.8714175384181
12,3122.0,568.0
13,3247.0,708.0
14,3251.9516284443007,713.5536853383971
15,3340.0,812.0
16,3367.288839506683,841.9759144762677
17,3434.0,915.0
18,3454.1992992646906,937.2404759178846
19,3512.0,1001.0
20,3515.318407328506,1004.6360543168297
21,3609.0,1108.0
22,3611.875465999682,1111.3542847113026
23,3671.3099026610066,1184.729977251539
24,3694.0,1214.0
25,3709.012629960196,1233.6412555955094
26,3737.0,1281.0
27,3744.3494444590683,1297.5506898078136
28,3778.0,1386.0
29,3793.5282165869867,1438.4844311929085
30,3793.6402257269906,1490.0554384419834
31,3793.0,1503.0
32,3793.147643122621,1527.4921683089453
33,3786.0,1577.0
34,3782.55074456379,1589.458688555834
35,3744.0,1698.0
36,3723.7843742537557,1740.8483771242625
37,3661.434267353139,1815.5512381065175
38,3660.0,1817.0
39,3637.4395664020108,1839.528165951885
40,3615.0,1859.0
41,3608.7426219810422,1864.0967597001818
42,3591.0,1878.0
43,3536.5605996497434,1914.088194783275
44,3522.0,1922.0
45,3465.684682438152,1946.784525442499
46,3424.0,1961.0
47,3372.0,1975.0
48,3335.355029720078,1982.3345931919525
49,3289.0,1989.0
50,3264.585118731833,1991.4682379304568
51,3216.0,1994.0
52,3145.1350254802146,1991.6737870313
53,3134.0,1991.0
54,3091.002624016649,1987.2327570090113
55,3064.0,1982.0
56,2953.3433659992234,1953.986997092325
57,2946.0,1952.0
58,2895.0356735171754,1933.5448790247115
59,2877.0,1924.0
60,2853.5748082141854,1913.009914436279
61,2805.0,1890.0
62,2738.2421646842254,1852.0884900361032
63,2687.0,1819.0
64,2659.7323120001965,1800.6466829672231
65,2598.0,1757.0
66,2594.332701374222,1754.2922866420708
67,2517.0,1694.0
68,2513.376011183535,1691.018770442354
69,2449.770257267748,1636.0053852187582
70,2438.0,1625.0
71,2376.0,1563.0
72,2371.7853481886173,1558.7735708150346
73,2223.0,1412.0
74,2204.009444733098,1393.4342964446253
75,2165.26042877184,1356.3161545687933
76,2133.0,1329.0
77,2075.0,1284.0
78,2062.2238001539954,1275.1591447224605
79,1977.0,1226.0
80,1973.0157257676983,1224.0435980952536
81,1884.9378757510074,1188.6626728873653
82,1814.0,1173.0
83,1769.429800208977,1166.9480259803004
84,1682.0,1160.0
85,1665.0349492266716,1159.3643626403145
86,1559.8383364256886,1166.631610676815
87,1481.0,1184.0
88,1457.6614813853707,1189.6926944181084
89,1401.0,1205.0
90,1289.3977091892286,1244.7858416251186
91,1284.0,1247.0
92,1202.0,1285.0
93,1159.1864899346656,1307.8528345128493
94,1075.0,1358.0
95,1043.7275002961962,1378.7919344395214
96,1039.0,1382.0
97,953.0731474047194,1446.5619137313645
98,919.0,1481.0
99,779.0,1645.0
100,751.1223278615965,1680.5915462179205
101,720.0,1737.0
102,708.2811046353763,1759.4375638450933
103,670.0,1836.0
104,636.2660669716855,1921.9488577475233
105,630.0,1941.0
106,601.742974378637,2045.668991668631
107,592.0,2092.0
108,575.0,2197.0
109,570.7460431814595,2229.1540529690014
110,556.0842841510205,2364.1395413551327
111,554.0,2385.0
112,546.2144137346738,2465.640525971705
113,538.0,2560.0
114,530.2753015715316,2658.030079988326
115,523.0,2756.0
116,519.0596591247948,2812.9551015331162
117,514.1813410687256,2892.7533576121127
118,513.0,2912.0
119,507.39780060503006,3002.208996901381
120,505.0,3041.0
121,494.79745131520167,3209.61558452657
122,488.0,3322.0
123,482.0916485633223,3419.357164830319
124,480.0,3458.0
125,476.2684070852199,3540.6917697566996
126,474.0,3595.0
127,468.29430094410776,3726.410549648707
128,466.0,3782.0
129,460.0,3939.0
130,458.4015106676999,3977.704601441621
131,456.0,4034.0
132,451.6126677986664,4136.977839032011
133,446.0,4275.0
134,442.7244411683505,4363.9660977784515
135,440.0,4437.0
136,435.25884329984723,4551.526496753097
137,432.0,4625.0
138,425.0,4783.0
139,422.0,4866.0
140,421.1907818978998,4890.025532532692
141,416.0,5050.0
142,412.1444816570898,5158.09816832175
143,410.0,5218.0
144,404.0,5389.0
145,402.3600049453232,5431.87548061703
146,398.0,5543.0
147,392.49972622615013,5703.947650629682
148,389.0,5810.0
149,384.15557188807907,5952.570988824178
150,378.0,6132.0
151,377.20586425812024,6155.470266940025
152,372.0,6308.0
153,366.4033922793383,6454.515204938105
154,362.0,6574.0
155,354.44466786282817,6790.882515633573
156,354.0,6804.0
157,349.67278636913704,6938.625249733982
158,347.0,7019.0
159,345.09752297279357,7072.052673109729
160,337.0,7288.0
161,336.727838163554,7295.240217989094
162,333.0,7396.0
163,328.68472151454546,7523.8931900346
164,321.0,7758.0
165,319.5246558612366,7797.708177408918
166,314.0,7940.0
167,313.78047068672896,7946.315769721546
168,307.0,8159.0
169,301.469653638263,8315.700359399263
170,294.1289257205531,8514.223620671373
171,293.0,8545.0
172,286.76351752891173,8723.479133198962
173,286.0,8747.0
174,280.0,8931.0
175,274.21229732362497,9087.71430214045
176,272.0,9150.0
177,267.3474535744153,9294.66009653259
178,267.0,9305.0
179,259.67277258992766,9506.739727379228
180,256.0,9607.0
181,253.51479757333152,9680.730510167577
182,251.1930994355381,9756.431349185754
183,251.0,9762.0
184,247.0,9869.0
185,246.78616667893272,9874.276707550436
186,241.0,10021.0
187,240.67715198686892,10048.874821571422
188,243.0,10107.0
189,255.0,10222.0
190,257.63136927106035,10244.496242905556
191,264.61529872540854,10279.126078246021
192,270.0,10299.0
193,279.0,10336.0
194,283.040669421203,10351.291934213456
195,298.0,10401.0
196,328.20244858341687,10478.608161251803
197,334.0,10490.0
198,379.0,10569.0
199,386.26263727824784,10580.868752392575
200,403.763935100435,10601.728955990908
201,405.0,10603.0
202,437.4243647189645,10635.854562121833
203,463.0,10654.0
204,537.0,10689.0
205,545.9721637649468,10692.363929366764
206,592.61713311029,10703.289244615677
207,631.0,10706.0
208,660.1427196353243,10707.775261205916
209,686.0,10709.0
210,778.4357489541324,10710.031845695472
211,783.0,10710.0
212,860.0,10709.0
213,886.5254379535965,10708.844069666538
214,996.0,10709.0
215,1010.9252156762086,10708.979765952012
216,1055.0,10709.0
217,1129.745567999248,10709.606634087915
218,1252.0,10711.0
219,1358.4448638057909,10711.743283133263
220,1430.0,10712.0
221,1552.0,10713.0
222,1590.6406288048297,10712.989947775257
223,1631.0,10713.0
224,1737.0,10714.0
225,1801.91049028698,10714.513317152441
226,1881.0,10715.0
227,1948.4750452305977,10715.435606284045
228,2018.0,10716.0
229,2144.0,10718.0
230,2175.486640886848,10719.024617131636
231,2247.0,10723.0
232,2352.368199524561,10736.734412899259
233,2441.0,10756.0
234,2492.9809538992195,10769.771509401024
235,2624.0,10810.0
236,2775.1995370252657,10870.03668324619
237,2828.0,10896.0
238,2871.7033410675112,10918.738949718925
239,2891.0,10929.0
240,2963.591254975839,10968.759998908827
241,3075.0,11041.0
242,3100.4658642671743,11059.254792288224
243,3282.0,11196.0
244,3332.745786290074,11235.980600430967
245,3365.455985470874,11267.525717834502
246,3407.0,11319.0
247,3496.2516249974165,11429.560691878884
248,3580.0,11539.0
249,3679.410930197136,11695.86399221527
250,3723.483904405419,11779.974695510931
251,3726.0,11785.0
252,3781.7263593596876,11915.195563222138
253,3791.0,11940.0
254,3811.0,11995.0
255,3836.5536989348275,12078.885470011799
256,3852.0,12146.0
257,3873.0,12267.0
258,3876.7813964667093,12300.724906613808
259,3877.3417807539067,12344.435235835086
260,3877.0,12354.0
261,3873.130117995452,12411.455902742291
262,3866.0,12465.0
263,3845.0,12543.0
264,3838.0506036264987,12561.338058533533
265,3823.0,12595.0
266,3819.549668448629,12601.869669344569
267,3802.0,12633.0
268,3766.901609761022,12681.651016739426
269,3765.0,12684.0
270,3748.0,12703.0
271,3714.3464889245074,12728.188311076687
272,3656.0,12761.0
273,3614.023382533626,12777.1226032508
274,3591.0,12783.0
275,3531.0,12802.0
276,3511.7120956831886,12810.31122226745
277,3442.6376233514648,12843.959923972487
278,3433.0,12849.0
279,3410.5895493782627,12862.28609363882
280,3398.0,12877.0
281,3394.0021867891137,12881.4594104137
282,3351.0,12932.0
283,3343.453401572121,12943.475342675596
284,3321.0,12989.0
285,3320.064907493199,12991.230808079523
286,3315.0,13004.0
287,3302.3183238567835,13051.976322763394
288,3301.0,13060.0
289,3299.0,13151.0
290,3303.2274625324417,13180.866431112332
291,3306.0,13195.0
292,3318.0,13240.0
293,3329.23100175197,13270.706580018217
294,3357.0,13331.0
295,3380.4368514908874,13376.232360614586
296,3394.0,13401.0
297,3414.0316097359123,13436.563547119382
298,3436.0,13475.0
299,3470.7562223326277,13535.495939813281
300,3527.0,13637.0
301,3528.613586281474,13640.157752034194
302,3554.4766412416516,13693.982689167104
303,3585.0,13768.0
304,3585.695821956339,13769.882568764377
305,3597.8700272001224,13810.555368200938
306,3601.0,13826.0
307,3612.0,13896.0
308,3613.4432701386904,13909.570309763094
309,3615.0,13953.0
310,3614.142605570692,13969.235228855036
311,3607.383428617211,14029.210143426533
312,3605.0,14046.0
313,3595.5190527116483,14095.358913815668
314,3579.373671152831,14130.70434749961
315,3572.0,14144.0
316,3552.5519369852123,14176.854751165676
317,3538.0,14198.0
318,3485.3871347495733,14245.46290940363
319,3457.0,14262.0
320,3449.291721045633,14266.012172614477
321,3426.2003755288274,14275.55796118717
322,3407.0,14280.0
323,3347.2446256336866,14288.181343096901
324,3283.0,14293.0
325,3260.477851018598,14293.252058443228
326,3225.0,14292.0
327,3214.4340036934886,14291.607791626926
328,3084.0,14287.0
329,3042.8464761228215,14285.912260282368
330,2957.9114669464934,14284.41718240868
331,2928.0,14284.0
332,2873.251234155546,14283.329673502352
333,2807.0,14282.0
334,2802.918749654301,14281.875298485498
335,2723.0,14279.0
336,2690.029425602367,14278.123130934298
337,2626.0,14277.0
338,2611.4302667387333,14276.807407361703
339,2485.9020445066976,14275.149954658138
340,2480.0,14275.0
341,2415.0,14273.0
342,2377.3263976286735,14272.016915955479
343,2271.0,14270.0
344,2195.979740011037,14268.627784423927
345,2166.0,14268.0
346,2046.0,14265.0
347,2000.7404741699843,14263.916876973792
348,1873.0,14261.0
349,1867.1965592461042,14260.863430393832
350,1733.0,14258.0
351,1598.019721059357,14257.10558062467
352,1563.0,14257.0
353,1400.9303870644314,14256.816317270916
354,1347.0,14257.0
355,1280.0007188001914,14257.423893920746
356,1196.0,14258.0
357,1025.28042739215,14258.901787732622
358,999.0,14259.0
359,856.0,14259.0
360,851.307583373216,14259.010398945407
361,734.5875253013022,14259.530303907135
362,671.0,14260.0
363,419.25401710292624,14262.770137002246
364,346.0,14264.0
365,287.3769379749697,14265.480683444002
366,211.0,14271.0
367,165.72425649813374,14275.709940466033
368,47.0,14290.0
369,11.495347698195115,14294.880078019341
370,-197.0,14332.0
371,-336.33292871356025,14362.98325421274
372,-438.0,14389.0
373,-614.7157980997495,14447.525075083671
374,-749.1296561542106,14503.682605720154
375,-764.0,14510.0
376,-836.7697300687175,14542.833099436772
377,-851.0,14550.0
378,-1050.257498788541,14660.110824021212
379,-1058.0,14665.0
380,-1201.0,14768.0
381,-1255.6099877836946,14813.59827531216
382,-1310.0,14863.0
383,-1373.0952126846598,14926.19379706847
384,-1433.0,14991.0
385,-1532.7238843695407,15110.736764479996
386,-1574.0,15170.0
387,-1720.0,15403.0
388,-1752.452937914884,15459.314019692585
389,-1773.0,15504.0
390,-1795.4099977753826,15551.707199353707
391,-1885.0,15743.0
392,-1907.9850697605748,15793.178280040596
393,-1995.0,15985.0
394,-2009.5857708024707,16017.003976840357
395,-2054.0,16113.0
396,-2056.7438591682994,16118.940551925758
397,-2150.803669514036,16321.853441133919
398,-2190.0,16402.0
399,-2218.800016507465,16458.302952804122
400,-2312.495175298752,16624.423534568738
401,-2338.0,16665.0
402,-2376.0,16720.0
403,-2391.288600865717,16739.839925378288
404,-2646.4304587725137,17032.91626997327
405,-2653.0,17040.0
406,-2780.0,17154.0
407,-2784.8830585050846,17157.900641837463
408,-2899.0,17248.0
409,-2944.832416838024,17281.65764642708
410,-2996.0,17316.0
411,-3114.539539618442,17385.62274070672
412,-3305.0,17485.0
413,-3311.4987338495207,17488.18600797153
414,-3415.908094028649,17535.204659342675
415,-3494.7944783590206,17561.540784561876
416,-3555.0,17580.0
417,-3683.0,17617.0
418,-3838.0,17654.0
419,-3885.550719026415,17664.416304431412
420,-4047.0,17697.0
421,-4065.3384470656747,17700.458406631245
422,-4138.0,17714.0
423,-4142.552340293112,17715.56956194777
424,-4149.0,17717.0
425,-4186.34885001919,17723.46116043243
426,-4212.0,17728.0
427,-4284.0,17742.0
428,-4349.124716873068,17753.720249233862
429,-4430.589471738672,17767.306558611355
430,-4435.0,17768.0
431,-4491.02916887097,17775.237472553163
432,-4529.0,17774.0
433,-4551.971428522344,17772.66029892792
434,-4560.0,17772.0
435,-4608.032405472482,17763.41487799481
436,-4639.0,17748.0
437,-4669.85765149691,17727.529404768553
438,-4699.0,17706.0
439,-4723.705009855738,17684.76059159466
440,-4739.0,17665.0
441,-4742.8635046227655,17660.122457778438
442,-4771.0,17622.0
443,-4789.603290791714,17588.82699702826
444,-4819.0,17520.0
445,-4824.957565494483,17501.975638110383
446,-4844.98960532422,17413.351854582605
447,-4854.0,17366.0
448,-4862.77208432181,17324.502510762053
449,-4883.0,17257.0
450,-4899.434423395795,17210.87192474685
451,-4918.0,17162.0
452,-4950.161449314798,17087.645192178283
453,-4966.0,17054.0
454,-5009.0,16965.0
455,-5016.336427570106,16949.838323475637
456,-5061.731803149545,16855.777067511928
457,-5095.0,16786.0
458,-5121.865200650461,16728.07589829608
459,-5146.0,16676.0
460,-5152.551344841482,16662.07642471626
461,-5185.0,16593.0
462,-5191.7377366938945,16578.25970286453
463,-5239.0,16475.0
464,-5256.537950533208,16439.307589982775
465,-5372.284339864392,16214.642289854033
466,-5403.0,16156.0
467,-5416.9765948507265,16129.545657940009
468,-5440.0,16088.0
469,-5446.701987483302,16076.058424182282
470,-5511.0,15962.0
471,-5513.752119269068,15957.154835713865
472,-5578.0,15845.0
473,-5580.709573531873,15840.296803629866
474,-5660.0,15703.0
475,-5688.183734362432,15653.967131971007
476,-5729.0,15582.0
477,-5751.112852476164,15542.513143964215
478,-5860.0,15346.0
479,-5885.354606697415,15299.809500111518
480,-5962.0,15155.0
481,-5964.697911502287,15149.817807593128
482,-6023.0,15038.0
483,-6094.965818718444,14902.797540613761
484,-6120.0,14856.0
485,-6189.350465119614,14726.307612774657
486,-6219.0,14671.0
487,-6282.259981556318,14555.117527102908
488,-6314.0,14497.0
489,-6329.228757254437,14468.614795831136
490,-6394.0,14346.0
491,-6419.385371772925,14296.620397581548
492,-6506.0,14121.0
493,-6529.382799086327,14071.683090398965
494,-6573.0,13977.0
495,-6595.154278365302,13927.082873939162
496,-6638.0,13831.0
497,-6645.0,13816.0
498,-6661.4027487296335,13780.120342605036
499,-6739.0,13593.0
500,-6817.435442875021,13394.927140756796
501,-6852.0,13305.0
502,-6933.19856726055,13070.478983246721
503,-6952.0,13010.0
504,-6960.1010008866,12983.492386469115
505,-6971.0,12947.0
506,-7011.8454966551835,12806.881548648536
507,-7050.0,12675.0
508,-7073.99306112936,12591.856531874473
509,-7140.340391184214,12359.840947868055
510,-7152.0,12319.0
511,-7172.611059087203,12246.972697849076
512,-7204.559434478829,12135.110890223385
513,-7217.0,12091.0
514,-7241.286814799693,12004.12627123883
515,-7279.0,11861.0
516,-7353.0,11562.0
517,-7366.139574433376,11508.963230741982
518,-7385.72851390261,11423.628098215007
519,-7392.0,11394.0
520,-7429.167378967023,11217.447031011918
521,-7449.0,11123.0
522,-7475.741622476348,10994.801468786041
523,-7492.0,10902.0
524,-7528.277751260758,10685.652746047397
525,-7552.0,10540.0
526,-7569.125609606362,10424.452509460032
527,-7581.0,10332.0
528,-7597.013108805591,10207.712201041813
529,-7614.0,10071.0
530,-7624.9415226086085,9974.313704446362
531,-7644.0,9772.0
532,-7644.607483483511,9765.068484498674
533,-7657.0,9613.0
534,-7667.610049745248,9460.839461236199
535,-7676.0,9330.0
536,-7680.868079119403,9246.015991774857
537,-7689.891741186975,8998.487676659963
538,-7691.0,8956.0
539,-7695.0,8742.0
540,-7695.0674584565395,8732.376434821992
541,-7696.0,8384.0
542,-7696.071245752263,8338.679382116436
543,-7696.179258318444,8244.764158637445
544,-7696.0,8174.0
545,-7695.0,7994.0
546,-7694.924391813199,7984.312635880364
547,-7693.0,7779.0
548,-7692.4710320062295,7715.793945410937
549,-7692.0,7653.0
550,-7690.924324656686,7477.052746177011
551,-7690.0,7347.0
552,-7688.459971480847,7168.071109821923
553,-7688.0,7113.0
554,-7686.557827982904,6897.862252995846
555,-7686.0,6843.0
556,-7685.0,6753.0
557,-7684.557967198007,6690.431986380365
558,-7684.0,6535.0
559,-7683.836873751583,6507.484186718573
560,-7682.481823721947,6348.937233051559
561,-7681.0,6189.0
562,-7680.37240388886,6101.238223133963
563,-7679.931680042881,5935.987434135765
564,-7680.0,5877.0
565,-7681.0,5546.0
566,-7681.269396453187,5453.282737312149
567,-7681.505628990754,5381.743168429041
568,-7682.0,5324.0
569,-7683.753703824894,5152.371782895768
570,-7684.0,5102.0
571,-7683.932683839818,5000.744364598016
572,-7684.0,4954.0
573,-7684.845178097901,4861.601608031166
574,-7686.0,4749.0
575,-7686.346793230718,4687.9363864688485
576,-7687.0,4509.0
577,-7688.08672479875,4341.295640021906
578,-7689.0,4229.0
579,-7689.042817832989,4222.028408447566
580,-7689.826052058533,4074.077408348031
581,-7690.0,4041.0
582,-7692.0,3685.0
583,-7692.8489576441725,3540.1503505915625
584,-7693.585575316053,3412.903637093294
585,-7694.0,3327.0
586,-7694.383420324278,3227.7782053339397
587,-7695.0,3120.0
588,-7695.213817718876,3094.120903294797
589,-7697.0,2912.0
590,-7698.864888536096,2602.907459031733
591,-7699.0,2572.0
592,-7700.0,2364.0
593,-7700.808812025885,2272.1580914725055
594,-7702.906963488893,2110.8626342667103
595,-7705.0,1967.0
596,-7707.21867113669,1816.3194140176993
597,-7709.0,1682.0
598,-7709.9399785711175,1598.468463594495
599,-7711.0,1492.0
600,-7713.827733278138,1225.938553031176
601,-7714.0,1217.0
602,-7715.0,1169.0
603,-7716.386254251878,1046.5912016362206
604,-7717.0,978.0
605,-7718.295292308101,865.2703174126518
606,-7720.0,731.0
607,-7720.4513674353875,693.670284800738
608,-7723.244373329663,455.3165574396574
609,-7724.0,391.0
610,-7725.235437505431,287.8673468444597
611,-7726.931194326574,149.23745246861344
612,-7727.0,143.0
613,-7728.69454603808,-23.197554370676492
614,-7729.0,-55.0
615,-7730.893643291382,-252.00566192577918
616,-7731.0,-262.0
617,-7732.553828038267,-351.0539317345288
618,-7733.0,-384.0
619,-7734.094700321522,-546.867864072632
620,-7734.0,-581.0
621,-7732.0357215758195,-663.8988737561862
622,-7728.0,-717.0
623,-7727.800610667418,-719.2799842161895
624,-7720.378695256064,-790.2638635312788
625,-7716.0,-819.0
626,-7700.830214655748,-891.7433749297422
627,-7700.0,-895.0
628,-7677.0,-964.0
629,-7665.947844711649,-988.9434791550165
630,-7636.0,-1051.0
631,-7628.12125042869,-1067.087446677544
632,-7619.643346672615,-1083.5338709079147
633,-7594.876187227264,-1114.4999376813075
634,-7592.0,-1118.0
635,-7554.0,-1163.0
636,-7545.172413077802,-1172.5756736102317
637,-7474.727135703115,-1223.9307766269585
638,-7461.0,-1231.0
639,-7447.46531004998,-1238.0781170351622
640,-7410.015362554204,-1251.3056414417697
641,-7407.0,-1252.0
642,-7336.626711642749,-1265.2820177403094
643,-7295.0,-1272.0
644,-7229.533912317811,-1280.6178356348535
645,-7196.0,-1288.0
646,-7150.080705269855,-1302.7950829639328
647,-7125.0,-1314.0
648,-7024.0,-1375.0
649,-7020.299068491014,-1377.5611937895442
650,-6929.468811238455,-1448.5313146124513
651,-6879.0,-1491.0
652,-6854.592704010958,-1511.0152957014834
653,-6804.0,-1550.0
654,-6757.973333070279,-1583.2233436203567
655,-6744.0,-1592.0
656,-6600.125122267581,-1664.039410446353
657,-6577.0,-1674.0
658,-6492.0,-1694.0
659,-6477.004935144599,-1695.578569808092
660,-6317.0,-1709.0
661,-6200.013415291623,-1711.9071722650772
662,-6194.0,-1712.0
663,-6034.0,-1716.0
664,-5971.46801078722,-1718.7813782539313
665,-5941.0,-1720.0
666,-5852.370050961625,-1722.0168945662112
667,-5833.0,-1722.0
668,-5673.0,-1717.0
669,-5655.219467074734,-1716.5456441256165
670,-5583.0,-1715.0
671,-5453.0,-1711.0
672,-5447.9546540404945,-1710.867999779147
673,-5346.924946466766,-1708.863285383029
674,-5307.0,-1708.0
675,-5046.0,-1701.0
676,-4981.4759242115915,-1699.2228328592064
677,-4918.371392289863,-1697.610818591264
678,-4892.0,-1697.0
679,-4762.063071943878,-1694.1500869538274
680,-4678.0,-1692.0
681,-4612.3734062258645,-1690.0043497479476
682,-4517.0,-1687.0
683,-4495.729776009162,-1686.4041131729314
684,-4399.0,-1684.0
685,-4318.0135987162,-1682.2510752679382
686,-4265.0,-1681.0
687,-4168.100204640464,-1678.169168986589
688,-4069.0,-1675.0
689,-4016.547003852601,-1673.393219049131
690,-3901.0,-1670.0
691,-3894.0705698426964,-1669.8012488684446
692,-3761.0,-1666.0
693,-3641.6079243354366,-1662.3142501033387
694,-3574.0,-1660.0
695,-3401.0,-1654.0
696,-3268.304755963965,-1650.7037730748825
697,-3195.0,-1649.0
698,-2979.824019676713,-1645.3891263569988
699,-2937.0,-1645.0
700,-2808.0,-1644.0
701,-2666.83042017586,-1644.7837687133992
702,-2644.0,-1645.0
703,-2497.9961690911573,-1646.610100196916
704,-2463.0,-1647.0
705,-2198.0,-1650.0
706,-2074.4410365522576,-1651.9602063949808
707,-1980.0,-1654.0
708,-1795.0,-1655.0
709,-1787.1821545482808,-1655.0091166133534
710,-1710.0,-1655.0
711,-1555.12377810319,-1655.236508568173
712,-1473.0,-1655.0
713,-1234.358469632224,-1652.7035286010266
714,-1167.0,-1652.0
715,-1036.204501127971,-1650.8756398284395
716,-876.0,-1649.0
717,-836.3969705637032,-1648.2667796865867
718,-772.0,-1647.0
719,-639.6168579582239,-1644.4969966472436
720,-426.0,-1640.0
721,-337.29280592720767,-1637.5594138313031
722,-104.0,-1629.0
723,257.0,-1611.0
724,397.0,-1603.0
725,488.92691612205533,-1596.80105521097
726,639.0,-1575.0
727,699.9134365378677,-1561.424360496449
728,990.0,-1482.0
729,996.7039903729858,-1480.0583513875026
730,1080.6565367437906,-1445.5438017771294
731,1087.0,-1442.0
732,1426.0,-1250.0
733,1460.7396390348465,-1229.8185893846173
734,1541.0355732818578,-1177.1430468208323
735,1609.0,-1115.0
736,1650.8996542530979,-1074.7606418852445
737,1812.3706295056859,-914.7587000669247
738,1822.0,-905.0
739,1959.5627064301896,-757.9594412105979
740,1984.4423448703121,-718.7734554380095
1,2262.2473974402915,-391.4287627072713
2,2301.0,-347.0
3,2413.319367272738,-220.1220693035281
4,2593.0,-22.0
5,2608.8007537569515,-4.676528085510652
6,2663.0,55.0
7,2720.5085390284175,119.09992905409806
8,2815.0,225.0
9,2820.7745791391635,231.5059182045307
10,2908.0,330.0
11,3016.153907466396,451.1643645605097
12,3162.0,614.0
13,3203.6871477944055,660.5576945647837
14,3265.0448731211045,729.0917656178806
15,3313.0,782.0
16,3333.9051560957696,804.9525635014273
17,3384.0,860.0
18,3456.0,940.0
19,3494.492224241785,982.7461976294637
20,3543.0,1036.0
21,3558.938791030867,1053.2073870355114
22,3614.0,1114.0
23,3652.883094791365,1161.7272022742507
24,3708.0,1234.0
25,3741.435665604079,1281.1719181323024
26,3763.0,1338.0
27,3764.3165999583603,1342.5321288451364
28,3786.3166560858062,1431.450766294336
29,3791.0,1458.0
30,3786.640623930328,1569.6051587419458
31,3782.0,1593.0
32,3778.191432564864,1615.95764709163
33,3761.0,1658.0
34,3720.0,1739.0
35,3708.1880048019775,1761.847413531548
36,3659.0,1818.0
37,3655.906217232965,1820.6795478874274
38,3578.0,1887.0
39,3550.344015324874,1907.8138976703008
40,3532.77971575568,1915.3001494543241
41,3527.0,1918.0
42,3460.0,1949.0
43,3446.2705576236135,1954.0613226654618
44,3411.0,1964.0
45,3306.0,1986.0
46,3275.7580514051047,1991.3340889182587
47,3235.0,1993.0
48,3232.2735902349445,1993.0118719192706
49,3174.7672632458907,1992.9845916298655
50,3131.0,1991.0
51,3111.9661982777607,1989.2519862750355
52,3086.0,1986.0
53,3053.281608082554,1980.6269725881418
54,2977.0,1961.0
55,2882.9117028686233,1926.7950511284143
56,2814.0,1896.0
57,2741.0,1853.0
58,2704.1226723961104,1829.6481777245021
59,2700.0,1827.0
60,2600.0,1759.0
61,2586.3334985656425,1748.8852184473737
62,2501.0,1681.0
63,2480.0089766776578,1662.6969927597816
64,2437.0,1623.0
65,2419.1406239806447,1605.7771332473544
66,2283.0,1469.0
67,2261.6673333280432,1448.5602234695057
68,2181.0,1372.0
69,2156.0839933431644,1348.312352822139
70,2107.8461873191463,1306.961989973231
71,2105.0,1305.0
72,1956.0,1216.0
73,1900.6066172673682,1194.730854084016
74,1875.0,1187.0
75,1817.153866681925,1173.1372392972967
76,1802.0,1170.0
77,1708.4463929384758,1155.3492814348003
78,1612.0,1162.0
79,1488.7007496149,1183.4823350125794
80,1432.0,1195.0
81,1374.8859781353333,1208.9267055444307
82,1339.0,1225.0
83,1287.3304317053553,1245.1431812689952
84,1198.0,1287.0
85,1160.9448620666285,1307.834664606235
86,1030.0,1389.0
87,937.7962496553591,1459.4405079604996
88,894.0,1506.0
89,827.0,1580.0
90,823.0047685712876,1584.8153561616077
91,789.0,1629.0
92,717.4914707377558,1742.6592708820122
93,665.711237079938,1843.9989162413253
94,663.0,1850.0
95,617.5834132209918,1977.4126924714205
96,593.0,2088.0
97,575.0,2195.0
98,563.8191219295874,2286.3401046193503
99,555.0,2372.0
100,553.0101225661588,2391.075711783068
101,543.0,2495.0
102,529.0,2677.0
103,522.3728683939282,2767.636500113905
104,519.0,2821.0
105,512.4088075534136,2928.329415997027
106,510.0,2966.0
107,504.7443518930787,3043.5129410766885
108,497.0,3159.0
109,494.0495958458481,3207.10097255941
110,481.3626662007195,3429.9349198817545
111,478.0,3493.0
112,471.969101145157,3627.976748808274
113,470.0,3679.0
114,460.0,3931.0
115,459.1623990503449,3952.202701499265
116,451.40497265875837,4146.480144208509
117,449.0,4204.0
118,438.0,4464.0
119,433.68462493465717,4567.829924156403
120,425.0,4794.0
121,423.12914822053256,4845.623125979768
122,417.87422174101397,4993.442018319353
123,416.0,5046.0
124,410.0,5215.0
125,407.62382051542806,5285.083113491002
126,403.0,5420.0
127,400.74181926678625,5482.639039515095
128,392.27051259894074,5712.469549656649
129,391.0,5747.0
130,385.7581055613232,5893.249262119619
131,383.0,5975.0
132,379.1029589022085,6089.960519734046
133,377.0,6152.0
134,371.0,6327.0
135,370.52859119371857,6340.443490936273
136,361.0,6610.0
137,359.83839890521733,6642.866267008899
138,356.0,6751.0
139,353.8970924438577,6808.264241635769
140,345.37536488389145,7042.40847502641
141,345.0,7053.0
142,339.356113918847,7215.2729992862605
143,337.0,7285.0
144,334.40362293973726,7364.087217646791
145,329.48909544957354,7514.487706687355
146,328.0,7555.0
147,321.0,7736.0
148,318.90164616262064,7798.261083424245
149,314.0,7954.0
150,311.197162829822,8033.066009726856
151,304.0,8228.0
152,298.0,8411.0
153,297.70807233543235,8419.443102165113
154,284.0,8797.0
155,282.45713547123495,8842.434961650586
156,275.0,9073.0
157,272.0198642383516,9151.445719903262
158,269.0,9231.0
159,261.2671884175985,9458.39081162084
160,261.0,9466.0
161,257.11267821480743,9571.556523579378
162,256.0,9602.0
163,252.6837429647277,9700.04077266816
164,251.0,9750.0
165,248.09554186649473,9834.584392328736
166,246.0,9894.0
167,243.0606458637719,9971.334633279033
168,243.0,9974.0
169,242.22678627553879,10026.978895619233
170,244.6745556710899,10137.676978734606
171,245.0,10142.0
172,255.0,10223.0
173,266.0,10282.0
174,268.14730613226266,10292.24605795704
175,279.0,10337.0
176,312.0,10438.0
177,315.1701400897038,10447.11600163233
178,325.67724708464857,10475.654819361376
179,340.0,10502.0
180,389.59811814079774,10581.16782648616
181,402.0,10599.0
182,414.5010172318458,10614.939396385214
183,441.0,10637.0
184,474.5045802475708,10660.556558363041
185,482.0,10665.0
186,516.0588937528519,10680.993959856973
187,545.0,10691.0
188,577.424436209672,10699.282000109051
189,626.0,10705.0
190,692.0411093540656,10708.793598587095
191,720.0,10710.0
192,785.9135397906383,10710.44311635986
193,830.0,10709.0
194,833.4944133419353,10708.97492356455
195,893.0,10709.0
196,922.8329141269828,10708.961306078147
197,988.1243910531928,10708.921021693704
198,1010.0,10709.0
199,1191.0,10710.0
200,1278.574663083528,10710.893098215065
201,1354.0,10712.0
202,1409.5699916512017,10711.946546802636
203,1455.0,10712.0
204,1506.004365288129,10712.415899804875
205,1554.0,10713.0
206,1638.7205778354412,10713.85059951175
207,1656.0,10714.0
208,1778.3324826207918,10714.879531100847
209,1796.0,10715.0
210,1897.7457632531261,10715.699022278528
211,1966.0,10716.0
212,1999.3256576098725,10716.071906025007
213,2091.0,10717.0
214,2181.3909784303373,10720.451579979612
215,2331.0,10734.0
216,2389.312125331007,10743.99805522522
217,2609.7172309189195,10806.704976926452
218,2630.0,10813.0
219,2691.5004449543007,10834.796763008191
220,2707.0,10842.0
221,2849.80978937896,10912.086912321827
222,2945.0,10961.0
223,3084.0456255282097,11044.015616205801
224,3150.0,11092.0
225,3246.4124391503688,11165.39960653086
226,3252.0,11170.0
227,3346.0,11256.0
228,3410.8694113836955,11323.856149881774
229,3473.0,11396.0
230,3522.562602523943,11459.652165385793
231,3553.0,11501.0
232,3591.145102866394,11554.797011441402
233,3635.0,11621.0
234,3693.5878751079367,11722.95674573201
235,3733.0,11801.0
236,3750.0,11837.0
237,3789.6919631444434,11934.059634990432
238,3813.0,12001.0
239,3846.0,12120.0
240,3850.1847265717474,12139.870817953812
241,3871.111070648641,12252.78012430267
242,3872.0,12258.0
243,3877.0,12325.0
244,3874.639137669399,12356.963395097668
245,3862.354086737625,12475.003219870296
246,3858.0,12501.0
247,3839.0,12560.0
248,3837.7999330399502,12562.764868653137
249,3796.0,12645.0
250,3790.933163246429,12652.901400713683
251,3768.0,12683.0
252,3733.0224716070115,12715.545915567793
253,3691.0,12745.0
254,3644.508117798705,12765.776313361936
255,3638.0,12768.0
256,3563.0,12791.0
257,3555.356286076978,12793.438359920077
258,3518.0,12806.0
259,3515.3520138858876,12806.93607006865
260,3479.0,12822.0
261,3388.0,12887.0
262,3365.0,12914.0
263,3354.9639786445514,12928.301518824748
264,3334.1567337920724,12960.840203647662
265,3333.0,12963.0
266,3306.586621801383,13033.776246169182
267,3306.0,13036.0
268,3298.0,13091.0
269,3304.0,13187.0
270,3305.750681079314,13198.366738689534
271,3329.3697255991383,13270.793685343831
272,3332.0,13277.0
273,3352.845531528109,13323.878193328033
274,3373.0,13363.0
275,3397.8010124268203,13407.71080223906
276,3403.0,13417.0
277,3438.0,13479.0
278,3454.83058920683,13507.552703853034
279,3489.0,13566.0
280,3495.377757090698,13577.558286475361
281,3537.2502207114812,13657.531060547033
282,3539.0,13661.0
283,3576.0,13743.0
284,3581.2266945895385,13757.504732937075
285,3592.0,13791.0
286,3601.820004858921,13829.750840966553
287,3606.0,13850.0
288,3613.143052435589,13898.466908205075
289,3614.0,13915.0
290,3612.528951371187,13974.516214411502
291,3607.324879645141,14035.103611257131
292,3607.0,14038.0
293,3599.2168316165084,14077.65427564078
294,3591.0,14099.0
295,3584.5343150238414,14115.086210794963
296,3575.0,14137.0
297,3566.7558020290785,14153.362277856657
298,3533.0,14203.0
299,3528.192511573022,14208.391866804355
300,3503.0,14232.0
301,3500.983083730527,14233.602548537941
302,3463.0,14258.0
303,3442.934717389211,14267.260828835206
304,3422.0,14275.0
305,3376.0,14286.0
306,3372.9154814534695,14286.429569546708
307,3262.0,14292.0
308,3259.212285457241,14292.050014402059
309,3193.0,14291.0
310,3182.3786580821384,14290.504646435205
311,3132.0,14288.0
312,3096.883694843673,14286.48688955403
313,3037.0,14285.0
314,3005.4772599044236,14284.476602393663
315,2901.0,14283.0
316,2895.791217111124,14282.923611736163
317,2842.0,14282.0
318,2814.791906741669,14281.331389192186
319,2675.0,14278.0
320,2647.2304104301684,14277.518680255122
321,2557.0,14276.0
322,2445.6291123930973,14273.759858573712
323,2356.35998670366,14271.445606875599
324,2336.0,14271.0
325,2248.8965032549786,14269.640475180964
326,2154.0,14268.0
327,2129.883447208578,14267.418962902362
328,1998.0,14264.0
329,1971.0451747137006,14263.357706911755
330,1825.0,14260.0
331,1788.3312613597243,14259.150092598105
332,1707.211771309381,14257.335990840502
333,1658.0,14257.0
334,1629.5433397142274,14256.959902641178
335,1553.0,14257.0
336,1475.2028669721149,14256.963963285776
337,1311.0,14257.0
338,1283.763810805527,14257.082663043451
339,1061.3982988868593,14258.696207222212
340,1005.0,14259.0
341,946.9359130670869,14259.058930600131
342,786.3407571343839,14258.940331149088
343,779.0,14259.0
344,665.0,14260.0
345,548.0,14260.0
346,511.2239517567056,14260.309234686623
347,390.242306497048,14262.68612437346
348,340.0,14264.0
349,190.0,14272.0
350,179.54712864470739,14273.107838102314
351,-40.40024115324414,14304.013777163518
352,-66.0,14308.0
353,-158.70460964531622,14323.771820528631
354,-218.0,14336.0
355,-398.0,14378.0
356,-460.6812943375255,14396.788962944274
357,-666.0,14469.0
358,-726.2299489860843,14492.570229080186
359,-855.0,14552.0
360,-889.5493743377322,14569.732038121201
361,-1062.0,14667.0
362,-1068.9894013416192,14671.468538500241
363,-1216.0,14780.0
364,-1295.3985956869626,14849.83296986813
365,-1312.0,14865.0
366,-1392.7899639405869,14943.331701889245
367,-1436.0,14994.0
368,-1508.7866862316343,15086.626544916038
369,-1595.0,15201.0
370,-1634.983809592608,15255.784882860644
371,-1661.8581085263677,15300.598951729353
372,-1675.0,15324.0
373,-1754.0,15467.0
374,-1781.031287597182,15519.730591138523
375,-1850.6146834055216,15667.365065324188
376,-1861.0,15690.0
377,-1916.0,15811.0
378,-1919.25192914443,15818.168655939402
379,-1980.8088438585849,15953.644098270981
380,-2007.0,16011.0
381,-2046.811738442288,16097.95733145002
382,-2109.0,16232.0
383,-2122.4761567120686,16260.409528725975
384,-2217.7132127557034,16452.27943439343
385,-2266.0,16545.0
386,-2300.898156515956,16610.150798911043
387,-2363.7024424611272,16708.08219465546
388,-2422.0,16782.0
389,-2520.075325118958,16899.246727801874
390,-2563.0,16949.0
391,-2750.796174841447,17130.62050862818
392,-2798.0,17168.0
393,-2896.36241398021,17245.565721777577
394,-2917.0,17261.0
395,-3062.4569810957537,17358.197589037925
396,-3084.0,17371.0
397,-3231.0,17450.0
398,-3398.0,17524.0
399,-3605.0,17594.0
400,-3687.7473946789705,17619.41981840983
401,-3778.845328568155,17642.574314584235
402,-3872.0,17661.0
403,-3927.4764693752427,17672.070861661414
404,-4046.0,17696.0
405,-4095.0,17706.0
406,-4158.137880282501,17718.37606802602
407,-4254.600289662731,17736.71335550947
408,-4277.0,17741.0
409,-4344.1698778379205,17753.728204895804
410,-4352.0,17755.0
411,-4412.307287156343,17763.978241624354
412,-4460.0,17770.0
413,-4482.221242255338,17772.237306856645
414,-4525.0,17774.0
415,-4550.962953820563,17772.381903194797
416,-4570.0,17770.0
417,-4591.489787713914,17765.795280754024
418,-4616.0,17758.0
419,-4668.0,17731.0
420,-4682.919965495183,17720.235038569364
421,-4705.0,17701.0
422,-4723.008719688392,17682.528616144707
423,-4768.0,17626.0
424,-4785.346759682396,17597.998557896477
425,-4798.0,17572.0
426,-4818.0,17522.0
427,-4826.204763577645,17495.42512428087
428,-4837.0,17450.0
429,-4850.317928604844,17387.92987182562
430,-4861.0,17337.0
431,-4870.991157289779,17289.48050647295
432,-4878.123591202839,17264.830542186923
433,-4896.0,17219.0
434,-4901.848158865307,17204.59773022183
435,-4946.0,17099.0
436,-4947.957194191903,17094.450685917993
437,-4990.379555814813,17003.586925550637
438,-4995.0,16994.0
439,-5037.0,16906.0
440,-5039.920947867163,16899.87200626766
441,-5127.0,16717.0
442,-5135.137758727722,16699.80164564603
443,-5168.326915287618,16628.60173035663
444,-5198.0,16564.0
445,-5240.314491415455,16472.83846990379
446,-5252.0,16448.0
447,-5275.4324483739365,16399.205341597062
448,-5298.0,16355.0
449,-5387.3705479579,16185.823534740915
450,-5391.0,16179.0
451,-5434.0,16100.0
452,-5440.463781568904,16088.360099482486
453,-5491.44377701465,15996.303224316416
454,-5530.0,15928.0
455,-5573.780102219096,15852.57922378905
456,-5584.0,15835.0
457,-5683.594926817014,15661.983257828018
458,-5714.0,15609.0
459,-5752.5725753666675,15541.867236760449
460,-5804.0,15449.0
461,-5882.201507416119,15304.442008911754
462,-5934.0,15208.0
463,-5993.3833695812045,15096.22881703455
464,-6025.967656466451,15032.078654981473
465,-6060.294903917791,14966.126261765563
466,-6063.0,14961.0
467,-6127.0,14841.0
468,-6176.899504459747,14748.718087546378
469,-6199.0,14708.0
470,-6261.018154466768,14593.814339411865
471,-6287.0,14546.0
472,-6376.0,14380.0
473,-6410.739590148556,14311.556241684595
474,-6504.0,14125.0
475,-6511.0,14111.0
476,-6514.551055788044,14103.822904019602
477,-6577.586517770628,13968.33681311361
478,-6650.0,13804.0
479,-6665.278696111174,13769.028547925354
480,-6733.0,13609.0
481,-6747.21328155128,13573.766527104304
482,-6812.0,13410.0
483,-6842.0,13333.0
484,-6858.8370086363275,13286.867466787433
485,-6959.0,12987.0
486,-6991.621715662219,12882.559357790407
487,-7032.5904985485495,12735.849888510385
488,-7044.0,12695.0
489,-7076.094348957911,12581.97601666367
490,-7111.976107875432,12457.719953499749
491,-7163.602486095295,12280.604194134808
492,-7223.589029371996,12068.004455055689
493,-7254.0,11956.0
494,-7278.5897129689,11862.958210255694
495,-7335.0,11638.0
496,-7337.227638440854,11628.679667963632
497,-7359.0,11536.0
498,-7390.0,11401.0
499,-7392.07687667537,11391.719598160973
500,-7427.0,11230.0
501,-7436.47307999981,11184.363625105325
502,-7471.0,11012.0
503,-7498.633583812614,10864.957796668014
504,-7503.0,10840.0
505,-7523.0,10719.0
506,-7532.707042192142,10660.210143331591
507,-7551.0,10545.0
508,-7562.325604711236,10466.524944562825
509,-7603.0,10160.0
510,-7616.189437237967,10052.913163604513
511,-7625.005037568513,9968.38841962727
512,-7627.0,9948.0
513,-7636.965143668146,9842.475321080881
514,-7650.383977354918,9691.69734649562
515,-7654.0,9648.0
516,-7663.114281236428,9527.284986096718
517,-7667.0,9470.0
518,-7679.0,9274.0
519,-7680.590363296398,9247.015002913866
520,-7686.9438169043915,9103.955666624599
521,-7687.0,9095.0
522,-7687.0,9077.0
523,-7693.278182195108,8764.304881325408
524,-7695.0,8682.0
525,-7695.973870047616,8526.695977478375
526,-7696.0,8503.0
527,-7696.183995668662,8379.131341652985
528,-7696.0,8129.0
529,-7695.359915332817,8047.295684288698
530,-7695.0,8003.0
531,-7694.0,7841.0
532,-7693.617418795215,7798.24333413985
533,-7692.0,7642.0
534,-7691.0285362596915,7499.450861983061
535,-7690.0,7335.0
536,-7688.975204812503,7229.015118208252
537,-7688.0,7136.0
538,-7687.8455374595,7112.467041861793
539,-7687.0,6955.0
540,-7685.513095303342,6770.056008088383
541,-7684.0,6610.0
542,-7683.361865914674,6541.630954504918
543,-7682.0,6391.0
544,-7681.279641298714,6289.546486204734
545,-7681.0,6208.0
546,-7680.366101620368,6054.852282869294
547,-7680.0,5951.0
548,-7679.764563209104,5841.4683614991945
549,-7680.0,5711.0
550,-7680.161956529602,5670.6360271696385
551,-7682.0,5340.0
552,-7682.418712924773,5268.70638314021
553,-7683.0,5173.0
554,-7683.7341958625375,5053.80416351759
555,-7684.0,5006.0
556,-7684.617253979586,4867.754103749293
557,-7685.0,4782.0
558,-7685.924980154008,4622.157631487207
559,-7686.0,4613.0
560,-7687.565446429899,4470.908182433471
561,-7688.0,4426.0
562,-7689.0,4239.0
563,-7689.61869804956,4094.0388084342408
564,-7690.0,4014.0
565,-7690.960527524147,3831.6678693266276
566,-7692.0,3657.0
567,-7692.215703650421,3625.088389270033
568,-7693.867759905467,3437.685107927469
569,-7694.0,3356.0
570,-7694.0,3299.0
571,-7696.310074671152,2962.9004710324616
572,-7697.0,2866.0
573,-7697.311913880103,2804.6474040087855
574,-7697.554896520469,2656.1396146673806
575,-7698.0,2602.0
576,-7700.0,2432.0
577,-7701.0,2338.0
578,-7701.116835247857,2327.5001576186633
579,-7704.435200005951,2059.567342374026
580,-7707.0,1846.0
581,-7707.622531300295,1783.2077290760012
582,-7708.13736548917,1692.858925482161
583,-7708.916578361104,1606.4582257059212
584,-7709.0,1600.0
585,-7711.430540739111,1435.4343591851723
586,-7712.0,1392.0
587,-7715.0,1145.0
588,-7716.5355319179835,1020.307088874231
589,-7717.0,975.0
590,-7718.281277692354,834.5260294635787
591,-7720.0,664.0
592,-7720.763131143545,601.179909454234
593,-7722.0,505.0
594,-7723.455779014245,382.9553879879535
595,-7724.0,338.0
596,-7725.5554666667895,218.25974583196444
597,-7727.0,110.0
598,-7729.446303414277,-79.82348233569806
599,-7730.0,-122.0
600,-7731.949582866904,-278.2889568441775
601,-7732.0,-311.0
602,-7732.0,-355.0
603,-7732.675346345173,-422.12377792908933
604,-7733.0,-446.0
605,-7734.0,-549.0
606,-7734.000587920205,-553.9466381057059
607,-7733.0,-635.0
608,-7731.70781082895,-670.2275840294012
609,-7725.0,-752.0
610,-7717.77081705385,-806.0838088325714
611,-7710.0,-855.0
612,-7706.769107781043,-872.4524711337365
613,-7697.998108813987,-906.3537084733239
614,-7688.0,-934.0
615,-7675.798957523419,-965.9442370804475
616,-7659.0,-1006.0
617,-7649.718126604757,-1025.1788176374962
618,-7627.0,-1066.0
619,-7612.447616212106,-1090.0015648331835
620,-7604.0,-1102.0
621,-7567.827467495134,-1145.57409290553
622,-7542.0,-1174.0
623,-7526.741589156929,-1189.736653429322
624,-7489.0,-1215.0
625,-7483.27830221492,-1218.2663674391897
626,-7473.0,-1224.0
627,-7435.0,-1242.0
628,-7432.915190238991,-1242.8365366535534
629,-7381.430497505652,-1257.9420596151697
630,-7353.0,-1263.0
631,-7271.793646462367,-1274.5853325904084
632,-7251.0,-1278.0
633,-7162.800473751935,-1299.5583420965131
634,-7131.0,-1311.0
635,-7124.417464295534,-1313.6897019993617
636,-7057.0,-1352.0
637,-7048.864941458262,-1357.6209016009316
638,-6986.165571213382,-1403.5663173209891
639,-6983.0,-1406.0
640,-6903.0,-1471.0
641,-6875.187894440805,-1494.3852029079933
642,-6872.0,-1497.0
643,-6821.469371770747,-1536.3816466883254
644,-6818.0,-1539.0
645,-6750.423376262963,-1588.1748799373786
646,-6716.0,-1610.0
647,-6650.0,-1645.0
648,-6619.836399326128,-1658.2051788931196
649,-6569.0,-1676.0
650,-6401.0,-1704.0
651,-6393.66765110085,-1704.5754016838068
652,-6170.0,-1712.0
653,-6131.640702853515,-1713.0088838163415
654,-6022.0,-1717.0
655,-5984.465863837129,-1718.216157921813
656,-5885.011430884788,-1720.7653114138259
657,-5867.0,-1721.0
658,-5794.0,-1721.0
659,-5763.892513389072,-1720.3651040721468
660,-5694.0,-1718.0
661,-5502.725341451899,-1712.1522050841495
662,-5463.0,-1711.0
663,-5354.140927186982,-1708.0477150060246
664,-5291.070983745629,-1706.6175376589497
665,-5223.0,-1705.0
666,-5075.015731080039,-1701.3982785072244
667,-5017.0,-1700.0
668,-4923.819554065489,-1697.8114766570786
669,-4783.584315777838,-1694.487022265457
670,-4765.0,-1694.0
671,-4654.008987345246,-1690.9195050203336
672,-4621.0,-1690.0
673,-4548.972510635347,-1688.0325022912139
674,-4475.0,-1686.0
675,-4300.00441302953,-1681.10505001404
676,-4223.0,-1679.0
677,-3981.0,-1673.0
678,-3916.178139106568,-1671.1870498244932
679,-3665.3836273650413,-1663.2299309663047
680,-3659.0,-1663.0
681,-3559.9748085310393,-1659.006522676253
682,-3397.794229635655,-1653.8030888794024
683,-3363.0,-1653.0
684,-3123.0,-1648.0
685,-3095.0440982314044,-1647.3846405744323
686,-2978.0,-1645.0
687,-2971.4703357810254,-1644.964739105647
688,-2697.8346913809205,-1644.9075984676624
689,-2671.0,-1645.0
690,-2550.936649328777,-1645.86956019747
691,-2442.0,-1647.0
692,-2387.7998920256123,-1647.4461876932942
693,-2261.0,-1649.0
694,-2111.0,-1653.0
695,-2085.667597439475,-1653.4918945586883
696,-1911.0,-1655.0
697,-1888.4053089169345,-1655.091367867777
698,-1696.8908678871962,-1655.0938516480855
699,-1660.0,-1655.0
700,-1460.2549166873603,-1654.363391524049
701,-1373.0,-1654.0
702,-1292.6611235407177,-1653.1715522605825
703,-1271.0,-1653.0
704,-1186.6315312338033,-1652.6160221660841
705,-1084.0,-1652.0
706,-1038.5659479949331,-1651.5484870299865
707,-879.0,-1649.0
708,-835.5845553686991,-1648.0920522125118
709,-742.0,-1646.0
710,-560.5116600085946,-1642.373322960653
711,-484.0,-1641.0
712,-354.13125701156747,-1638.641290779034
713,-329.0,-1638.0
714,-179.21127883410108,-1632.4623411656348
715,-102.0,-1629.0
716,97.95665163868892,-1619.288692536714
717,124.0,-1618.0
718,280.0,-1610.0
719,290.10231375574483,-1609.4163406682605
720,402.0,-1602.0
721,531.2222463230677,-1590.0872500363641
722,540.0,-1589.0
723,748.5175011058838,-1551.7043252425187
724,877.0,-1519.0
725,1005.3071007077372,-1476.9804757761462
726,1145.1431086423886,-1415.7998826821254
727,1182.0,-1397.0
728,1304.0,-1328.0
729,1326.7284407620411,-1313.984455776078
730,1452.0,-1231.0
731,1555.5154121170417,-1157.6385930945216
732,1605.0,-1118.0
733,1730.5573439841198,-1002.3514957485143
734,1751.0,-982.0
735,1872.820939659663,-849.7099077587043
736,1889.0,-831.0
737,1953.0,-755.0
1,2249.0,-405.0
2,2336.9754030518575,-307.2272534950673
3,2410.0,-226.0
4,2491.6524857193704,-134.89549589749453
5,2548.0,-72.0
6,2551.3370355700504,-68.28359034816003
7,2642.864005242025,33.47955494734532
8,2674.0,68.0
9,2734.083426132563,134.45448093221611
10,2767.0,171.0
11,3000.316315102194,432.3839595146678
12,3008.0,441.0
13,3083.541722455439,525.5469745981221
14,3134.0,582.0
15,3212.632574635804,670.0985854442459
16,3243.0,704.0
17,3369.9245280887794,844.5850897308562
18,3412.0,891.0
19,3436.8773563356576,918.4261719082391
20,3485.7002739014583,972.3683030776006
21,3506.0,995.0
22,3637.8351404722193,1143.2987129403623
23,3656.0,1164.0
24,3678.872469046699,1190.601716866484
25,3697.0,1217.0
26,3701.360666830258,1223.9277972074958
27,3743.591352110397,1295.1763070424333
28,3753.0,1314.0
29,3780.0,1396.0
30,3780.5354876071815,1398.3147077601095
31,3787.0,1430.0
32,3792.961816578345,1493.8688854090274
33,3793.0,1505.0
34,3790.361319038226,1547.2595810146124
35,3789.0,1558.0
36,3761.8668454349186,1657.6987265285995
37,3758.0,1667.0
38,3731.0,1721.0
39,3722.0,1737.0
40,3717.7373547532393,1743.9638156319786
41,3689.707055121838,1781.8099906056548
42,3676.0,1798.0
43,3643.102963376354,1833.3902215915523
44,3632.0,1844.0
45,3589.815287977546,1878.7374286669701
46,3557.0,1901.0
47,3550.056181556673,1905.280260134999
48,3498.0,1933.0
49,3461.126834372102,1947.9213691581951
50,3422.0,1961.0
51,3339.0,1981.0
52,3336.0064474541937,1981.4655568136727
53,3239.2733522352164,1992.5587379625244
54,3234.0,1993.0
55,3162.974082617491,1993.4044218490003
56,3147.0,1992.0
57,3075.059938226695,1983.7698027376239
58,3070.0,1983.0
59,2997.665084853058,1967.5586039376283
60,2982.0,1963.0
61,2878.0,1926.0
62,2813.8700318314955,1895.1148663486945
63,2702.8287371566794,1828.372509506869
64,2672.0,1809.0
65,2642.96060685418,1790.4680324823512
66,2567.5080761877934,1734.5200179410442
67,2562.0,1730.0
68,2444.615530945853,1630.0394223561948
69,2439.0,1625.0
70,2358.0,1545.0
71,2323.243068091817,1510.2178679608671
72,2242.8967966603095,1431.1545963267242
73,2181.0,1372.0
74,2065.0,1276.0
75,2061.3523204650555,1273.6478860786947
76,1978.1470125558428,1226.8422291610163
77,1916.0,1200.0
78,1848.0502279162854,1179.6546651765907
79,1841.0,1178.0
80,1737.4939411718426,1161.5101889469931
81,1720.0,1160.0
82,1636.551752225284,1158.8609060859787
83,1609.0,1161.0
84,1508.0,1177.0
85,1504.0494429365601,1177.8276205576135
86,1386.0,1209.0
87,1327.9305312436218,1228.4742390258648
88,1278.0,1248.0
89,1242.3009725233971,1263.8735520223122
90,1141.0,1317.0
91,1075.9593216406836,1356.433992278722
92,1020.0,1395.0
93,936.0,1464.0
94,889.0837224207506,1508.8073770671401
95,846.0,1557.0
96,721.0,1734.0
97,693.0188204751591,1784.720030747365
98,635.3634052815149,1928.6227356630106
99,606.0,2026.0
100,602.6500804383369,2038.3632444691061
101,580.0,2160.0
102,579.4780748260845,2163.7350915768893
103,562.2056604536683,2300.8824183210836
104,561.0,2312.0
105,539.0,2548.0
106,536.9049399580751,2572.9996975220033
107,522.7428296342046,2762.5276202207415
108,518.0,2833.0
109,516.3054807169284,2858.932099501645
110,508.13751436364873,2990.9549527943864
111,507.0,3009.0
112,493.0,3233.0
113,485.75530281962534,3359.544437233753
114,481.0,3446.0
115,476.2559253514871,3536.7640392178514
116,469.0598860438084,3696.222786626761
117,463.3817351704886,3840.2268001551206
118,463.0,3850.0
119,457.3379000256851,3996.1625494459386
120,452.0,4137.0
121,450.0499215580883,4189.982956226837
122,445.97277131879815,4298.130432068442
123,443.0,4363.0
124,439.0,4445.0
125,433.2988401387981,4580.633314492638
126,429.0,4691.0
127,426.5605569925174,4751.663730753268
128,421.0,4891.0
129,420.768474656696,4897.125675106917
130,415.0,5059.0
131,413.59533175883564,5098.318515220629
132,408.0,5261.0
133,407.0,5295.0
134,405.6462513680441,5338.70974179287
135,397.74752985409106,5565.623923270848
136,394.0,5671.0
137,391.9649287148017,5729.334001669262
138,388.0,5843.0
139,387.25491859651623,5863.413388834467
140,383.0,5980.0
141,379.7695068275791,6074.263404779495
142,376.0,6186.0
143,373.0158239993659,6268.966973878285
144,367.0,6431.0
145,361.4221670511569,6584.371634547521
146,355.0,6764.0
147,352.4986565798495,6840.976048032135
148,351.0,6888.0
149,345.2994318015952,7044.829720469204
150,344.0,7082.0
151,338.37114890899414,7249.573632165233
152,331.0,7474.0
153,327.07913136596517,7588.132190309472
154,323.74273026777996,7676.782464479566
155,322.0,7725.0
156,319.47145049189794,7796.247877845497
157,315.0,7923.0
158,314.07162350756676,7949.1311538537575
159,308.4841906023173,8105.516389111128
160,306.0,8176.0
161,298.1406084745185,8406.571948812489
162,293.0,8558.0
163,288.7996909360453,8678.776456081503
164,284.0,8813.0
165,280.7963358704696,8900.867851435478
166,274.44338071556507,9073.254887337103
167,272.0,9140.0
168,269.57540759800565,9206.89232543973
169,266.0,9308.0
170,262.8400716029822,9400.149952659965
171,258.0,9544.0
172,257.8345856904593,9548.928678088447
173,254.0,9664.0
174,253.45114635404556,9680.830043254535
175,252.0,9725.0
176,249.3553351982677,9798.300369853234
177,246.0,9882.0
178,244.9466330596498,9907.025664567553
179,242.0,9985.0
180,241.54667531170855,10007.18631869902
181,243.0,10114.0
182,243.53692832143446,10125.00492208033
183,248.01456351329503,10185.27483329266
184,254.89130228829157,10241.093071623076
185,275.6203049667194,10335.420718352912
186,301.75202399939633,10411.641747968752
187,307.0,10425.0
188,344.0,10510.0
189,347.31186363771945,10516.947777638608
190,367.0,10551.0
191,397.54557892801984,10595.008258477275
192,400.0,10598.0
193,438.41723298765584,10634.997728056918
194,472.0,10659.0
195,501.66926393541866,10675.937888717292
196,512.0,10680.0
197,631.0,10706.0
198,642.7822156714808,10707.615404253444
199,703.4060480648563,10712.249492866817
200,770.3278087089279,10710.218046011267
201,778.0,10710.0
202,817.9585877492356,10709.217561616708
203,891.0,10709.0
204,920.7940529085221,10708.967354511442
205,1045.0,10709.0
206,1094.8842038376388,10709.263772069047
207,1157.0,10710.0
208,1159.7826433679222,10710.024486809361
209,1294.0,10711.0
210,1297.6490002504536,10711.03481279935
211,1386.0,10712.0
212,1417.1212919684385,10712.294126880328
213,1513.0,10713.0
214,1660.0,10714.0
215,1681.4288228446483,10714.12838341716
216,1782.8329085661865,10714.49235396894
217,1838.0174531300463,10714.68556329546
218,1874.0,10715.0
219,1984.0,10716.0
220,1999.9092639664727,10716.01839728206
221,2135.0,10718.0
222,2159.644276993209,10719.364549985105
223,2313.0,10731.0
224,2386.6184241445244,10740.36238733789
225,2439.2574572311846,10754.718651828214
226,2455.0,10759.0
227,2559.0,10789.0
228,2721.1336878564307,10850.690501496083
229,2826.0,10895.0
230,2889.8736937497497,10924.091693163868
231,2989.8090306362333,10981.420577095767
232,3081.0,11045.0
233,3185.0,11118.0
234,3188.800001120189,11120.808256453456
235,3284.0,11198.0
236,3346.0,11256.0
237,3410.0389314881286,11322.204951044445
238,3426.0,11340.0
239,3519.195632619154,11456.425747923959
240,3542.0,11487.0
241,3620.0180494209803,11596.892990080807
242,3633.0,11617.0
243,3694.083649676761,11722.629700367399
244,3724.0,11781.0
245,3774.5150933611417,11893.715531264097
246,3792.0,11940.0
247,3811.7428698706663,11998.549720277922
248,3830.0,12058.0
249,3845.2809976655926,12112.562828723272
250,3864.0,12204.0
251,3867.094944617302,12224.141697362636
252,3875.0,12292.0
253,3876.9915280586656,12344.241323432507
254,3877.0,12349.0
255,3871.8347593588396,12434.37756013059
256,3861.0,12488.0
257,3856.238591840168,12504.291795151294
258,3839.0,12553.0
259,3831.5972490510703,12573.531226121286
260,3814.689310057574,12612.859140095556
261,3808.0,12624.0
262,3799.0,12638.0
263,3774.0932003697817,12674.116590469202
264,3761.0,12689.0
265,3702.682576473087,12735.976922571595
266,3687.0,12746.0
267,3639.0,12767.0
268,3637.5972223660197,12767.493302879158
269,3578.0,12787.0
270,3571.6076500263407,12788.82278887962
271,3534.0,12800.0
272,3507.370365467076,12810.782082284088
273,3440.659347565532,12844.762977290697
274,3437.0,12847.0
275,3402.6556714722183,12871.969103128418
276,3372.358521898812,12905.084181300968
277,3363.0,12917.0
278,3336.7508076517634,12956.675979407035
279,3318.0,12998.0
280,3317.5034645284563,12999.368330303796
281,3301.0,13063.0
282,3298.0008338051966,13088.587397022826
283,3298.0,13143.0
284,3299.9621372941033,13161.026272658384
285,3305.0,13191.0
286,3315.0,13230.0
287,3319.070973138989,13242.600034115207
288,3331.0,13275.0
289,3347.32742324063,13311.866339461249
290,3367.0,13351.0
291,3383.0,13381.0
292,3404.4426925755574,13420.252657765703
293,3424.0,13455.0
294,3445.9842762200615,13492.518025692487
295,3473.0,13539.0
296,3533.4270617904263,13649.208532785486
297,3541.0,13664.0
298,3569.5504339281615,13725.736242780655
299,3591.0,13788.0
300,3598.421831544499,13814.808185380454
301,3604.0,13842.0
302,3613.837033734211,13909.272172402927
303,3615.0,13925.0
304,3615.4183610898135,13955.983992786725
305,3614.0,13982.0
306,3604.601821647543,14049.202910493043
307,3596.0,14082.0
308,3587.3686202156355,14106.295395398402
309,3567.2061143882083,14148.601241361894
310,3548.3427460876737,14182.690725405248
311,3547.0,14185.0
312,3526.77943632993,14215.024137814653
313,3501.0,14234.0
314,3466.4544324839226,14253.95098051988
315,3429.0,14273.0
316,3417.0770850395684,14278.222603602373
317,3369.0,14287.0
318,3367.36050670313,14287.148006340365
319,3278.0,14293.0
320,3235.0,14292.0
321,3205.561198391841,14291.05501047339
322,3146.0,14289.0
323,3115.7558518821997,14287.588527373964
324,3065.0,14286.0
325,2878.0,14283.0
326,2861.8404201010517,14282.748038622996
327,2809.508030477586,14281.647459806632
328,2789.0,14281.0
329,2753.453966093839,14279.866579448797
330,2686.0,14278.0
331,2651.9343941213065,14277.384216405499
332,2536.0,14276.0
333,2532.430899938826,14275.9311769802
334,2452.0,14274.0
335,2402.5886600451086,14272.755486722004
336,2330.0,14271.0
337,2284.6534964958305,14270.052469204575
338,2182.0,14268.0
339,2107.044368817206,14266.371355784748
340,2002.0,14264.0
341,1940.9434773199032,14262.40457506153
342,1905.0,14261.0
343,1838.5878119278086,14259.378248763684
344,1689.0,14257.0
345,1672.5331656042758,14256.949891584185
346,1626.0,14257.0
347,1457.9058449199674,14256.997692317167
348,1347.0,14257.0
349,1263.4798900325286,14257.106477833397
350,1210.8066757232214,14257.412129635104
351,1142.0,14258.0
352,1058.2744368398887,14258.71172711466
353,1016.0,14259.0
354,738.0,14260.0
355,732.1901721970081,14260.006940283227
356,600.2428211754464,14259.979382446261
357,593.0,14260.0
358,488.3075488953545,14260.554036388014
359,388.0,14262.0
360,282.97183010853394,14265.662270806839
361,239.0,14269.0
362,1.0,14297.0
363,-116.87564007434372,14311.543277309862
364,-285.40888698005165,14349.279873698133
365,-299.0,14353.0
366,-523.1603279884138,14417.448385240317
367,-535.0,14421.0
368,-646.9231100229282,14461.41671441646
369,-653.0,14464.0
370,-868.0,14558.0
371,-929.7441483089627,14589.127818705208
372,-1006.0,14632.0
373,-1124.0,14709.0
374,-1208.4663715438744,14771.611902333898
375,-1272.0,14828.0
376,-1365.8480851189279,14920.859929724418
377,-1440.0,14998.0
378,-1500.6089843700815,15066.552434155215
379,-1540.0,15123.0
380,-1575.6978666475388,15174.778096028556
381,-1691.0,15351.0
382,-1694.0061333345636,15356.110257721812
383,-1753.0,15465.0
384,-1785.1133602443688,15529.305208253852
385,-1840.8993254663321,15647.140242422056
386,-1845.0,15656.0
387,-1898.9328719115001,15775.413631842363
388,-1926.0,15835.0
389,-2008.8249020153276,16014.595363284916
390,-2035.0,16071.0
391,-2127.036545932655,16268.31055916463
392,-2153.0,16325.0
393,-2173.397224734039,16371.357436072249
394,-2219.0,16459.0
395,-2291.369741203475,16577.33326287928
396,-2430.0,16793.0
397,-2465.9520223794934,16844.070332217463
398,-2514.0,16895.0
399,-2655.798926269949,17041.35525460557
400,-2676.0,17061.0
401,-2774.0,17149.0
402,-2778.804207239915,17152.964068939124
403,-3038.0,17343.0
404,-3055.343341088521,17354.588512304774
405,-3208.0,17439.0
406,-3214.4641221613483,17441.94920411422
407,-3377.9850116759108,17511.970641428215
408,-3541.0,17575.0
409,-3617.657483924907,17600.831956822236
410,-3820.0,17650.0
411,-3869.310314673876,17660.517817088894
412,-3955.141584137362,17678.167619126096
413,-4050.0,17697.0
414,-4065.3536191942176,17700.00218855615
415,-4184.0,17723.0
416,-4187.724971635762,17723.848842363943
417,-4182.0,17723.0
418,-4245.99352793307,17734.874401698027
419,-4252.0,17736.0
420,-4308.970804154494,17746.914732001645
421,-4377.567158102196,17759.153027767337
422,-4383.0,17760.0
423,-4453.0,17770.0
424,-4490.302532275247,17773.972508032573
425,-4513.0,17774.0
426,-4545.545660728303,17771.700080611765
427,-4605.0,17762.0
428,-4637.4507963675915,17750.48107340737
429,-4666.0,17732.0
430,-4681.18991000625,17720.011081909004
431,-4726.0,17680.0
432,-4785.919173674191,17598.719550070015
433,-4792.0,17586.0
434,-4811.839395344021,17536.61632681736
435,-4831.0,17474.0
436,-4839.0764830967955,17440.974877699442
437,-4849.288151407033,17389.881607387983
438,-4861.0,17334.0
439,-4866.386842942331,17312.025275235308
440,-4881.187501098412,17262.228463632273
441,-4887.0,17245.0
442,-4913.0,17174.0
443,-4920.935921301416,17154.675857343434
444,-4953.0,17083.0
445,-4982.269496951284,17019.80523680243
446,-4985.0,17014.0
447,-5034.4456170758,16911.1897435637
448,-5037.0,16906.0
449,-5078.0,16822.0
450,-5120.182586263914,16731.60448002927
451,-5181.0,16600.0
452,-5214.440815812873,16527.31066955568
453,-5248.4774380218605,16452.223546792346
454,-5283.0,16384.0
455,-5305.31633245993,16340.469216331541
456,-5362.0,16231.0
457,-5433.035505799877,16100.902229654846
458,-5447.0,16076.0
459,-5524.0,15939.0
460,-5533.497757545266,15922.19643696029
461,-5603.0,15800.0
462,-5632.921301923575,15747.948984910445
463,-5697.623702534637,15636.465641919296
464,-5733.0,15575.0
465,-5759.857558458994,15527.894812820541
466,-5795.0,15465.0
467,-5890.0,15291.0
468,-5934.796680619955,15207.758002689738
469,-5971.900342641956,15136.079597034854
470,-5991.0,15099.0
471,-6045.0,14995.0
472,-6047.459046068891,14990.357992399111
473,-6101.0,14891.0
474,-6103.457713967942,14886.435465653136
475,-6159.905179737019,14780.792703475283
476,-6192.0,14721.0
477,-6227.711592479928,14655.308081684136
478,-6286.0,14548.0
479,-6375.518098588159,14380.023962837551
480,-6423.0,14289.0
481,-6481.826884835622,14171.916300980209
482,-6552.0,14022.0
483,-6578.671929226883,13963.419391259542
484,-6662.0056562408045,13776.413151496186
485,-6675.0,13747.0
486,-6726.82874618679,13627.670081784121
487,-6779.0,13495.0
488,-6782.1730179686565,13486.773233821443
489,-6871.0,13253.0
490,-6929.6512368756885,13088.808437449738
491,-6968.0,12958.0
492,-6975.606920536626,12931.59009617917
493,-7012.239385386857,12804.13012852993
494,-7032.0,12736.0
495,-7056.853201742156,12650.900332088237
496,-7069.0,12609.0
497,-7128.0,12401.0
498,-7130.00358198421,12393.976733551523
499,-7206.0,12128.0
500,-7208.373558602756,12119.548622482147
501,-7256.95345044249,11941.392404572576
502,-7285.0,11835.0
503,-7292.931763525356,11804.77854887778
504,-7343.0,11606.0
505,-7347.960514285805,11584.861804290393
506,-7378.855711230998,11449.58006045875
507,-7396.0,11374.0
508,-7420.747101385433,11263.846808655648
509,-7433.0,11204.0
510,-7478.632670967092,10967.843746796403
511,-7487.0,10924.0
512,-7506.360961713798,10822.289438202948
513,-7517.0,10755.0
514,-7547.445804386599,10559.724037183634
515,-7572.0,10399.0
516,-7587.773787961617,10288.821221824202
517,-7603.0,10159.0
518,-7617.709829981165,10033.479012575473
519,-7619.0,10022.0
520,-7638.844109064174,9826.897522381922
521,-7643.0,9781.0
522,-7653.795274457794,9652.908140499416
523,-7656.0,9626.0
524,-7671.070743295028,9416.898921329013
525,-7672.0,9400.0
526,-7684.0,9156.0
527,-7688.83557199603,9049.795361252342
528,-7692.0,8929.0
529,-7693.965773235007,8803.929005881217
530,-7695.0,8719.0
531,-7695.69331140263,8628.992018439745
532,-7696.0,8474.0
533,-7696.0,8352.0
534,-7696.163998454296,8219.541998683602
535,-7696.0,8130.0
536,-7695.621881779782,8061.412047164333
537,-7694.0,7883.0
538,-7692.978541873719,7789.649585790715
539,-7691.553355202767,7673.117239081005
540,-7691.0,7549.0
541,-7691.0,7513.0
542,-7690.913517564029,7471.726792855876
543,-7690.0,7337.0
544,-7688.90395274049,7200.849961099038
545,-7687.0,6966.0
546,-7686.203102434489,6850.154316246585
547,-7685.360376394009,6722.87185096431
548,-7685.0,6682.0
549,-7683.0,6486.0
550,-7681.0,6271.0
551,-7680.111095057292,6091.797646799754
552,-7680.0,6055.0
553,-7679.749449017211,5798.793548565409
554,-7680.0,5639.0
555,-7680.143740907493,5599.695130085221
556,-7681.27956521501,5471.245817727804
557,-7682.0,5384.0
558,-7682.14502278281,5362.232752340515
559,-7683.0,5221.0
560,-7683.824177066003,5102.998742527951
561,-7684.0,5074.0
562,-7684.715368915133,4864.6324838720475
563,-7685.0,4800.0
564,-7686.917757717715,4453.772480465539
565,-7687.0,4439.0
566,-7687.602209772285,4319.8932522153145
567,-7688.0,4273.0
568,-7689.612201099417,4105.256019969405
569,-7690.0,4015.0
570,-7690.0,3978.0
571,-7690.349014920624,3861.6067277141397
572,-7692.0,3607.0
573,-7692.649849288878,3514.7173534165468
574,-7693.940966215972,3320.986702838477
575,-7694.0,3310.0
576,-7695.0,3123.0
577,-7695.322386756954,3077.932789309113
578,-7696.0,2993.0
579,-7696.934906705063,2855.414867815975
580,-7697.0,2844.0
581,-7697.546245958539,2701.4213587962113
582,-7699.0,2507.0
583,-7700.517785828059,2372.9484063839686
584,-7703.0,2170.0
585,-7704.081667534454,2078.3004792241677
586,-7704.607612100221,2023.6837625869675
587,-7705.0,1983.0
588,-7707.0,1795.0
589,-7707.106027091554,1786.2841363886837
590,-7710.230772387047,1550.1307898662033
591,-7712.0,1419.0
592,-7712.693908079406,1360.690469515188
593,-7713.0,1325.0
594,-7716.0,1007.0
595,-7718.0,838.0
596,-7719.34576885063,747.8211887188044
597,-7721.0,627.0
598,-7723.829457318487,363.2995843713626
599,-7724.0,347.0
600,-7726.458351725408,132.06524256858788
601,-7727.0,92.0
602,-7729.0,-57.0
603,-7729.795886906017,-120.88835042228612
604,-7732.0,-316.0
605,-7732.557262502819,-363.41096913848367
606,-7733.0,-420.0
607,-7733.152870322995,-472.7853308578309
608,-7733.0,-599.0
609,-7732.978077443472,-603.3471353899678
610,-7729.29254494278,-698.1305076404348
611,-7729.0,-702.0
612,-7723.0,-772.0
613,-7708.0632959794275,-859.0996923400053
614,-7697.0,-906.0
615,-7675.553542304944,-968.3685795772275
616,-7670.0,-981.0
617,-7656.761380880084,-1009.4446846308263
618,-7644.0,-1035.0
619,-7634.564386118245,-1052.6882082905681
620,-7618.0,-1081.0
621,-7584.816317531563,-1127.2508079125475
622,-7576.0,-1138.0
623,-7518.0,-1195.0
624,-7502.677944916588,-1206.0865664217895
625,-7481.0,-1220.0
626,-7449.075140242168,-1236.6417800428223
627,-7428.0,-1245.0
628,-7401.287699898369,-1253.3783103491512
629,-7379.0,-1259.0
630,-7358.0,-1263.0
631,-7356.490993384305,-1263.2411416973164
632,-7291.0,-1272.0
633,-7270.1338879820705,-1275.2006209411736
634,-7195.0,-1288.0
635,-7164.769681440872,-1294.406068588226
636,-7115.101225576058,-1316.9559360489664
637,-7096.0,-1329.0
638,-7022.480122192982,-1376.861964121795
639,-7012.0,-1384.0
640,-6965.851297516302,-1418.5393434072967
641,-6907.0,-1467.0
642,-6816.0,-1541.0
643,-6787.481696546251,-1564.049087407408
644,-6748.05634180996,-1594.258012373046
645,-6704.0,-1617.0
646,-6616.068860976987,-1658.0103861277073
647,-6544.0,-1683.0
648,-6484.221028280439,-1696.2586356638303
649,-6320.120599868572,-1708.394986101814
650,-6275.0,-1710.0
651,-6206.612646651497,-1711.7096848341298
652,-6196.0,-1712.0
653,-6102.8523088276015,-1715.078844252555
654,-5986.0,-1718.0
655,-5849.318437178061,-1720.4576720352652
656,-5804.0,-1721.0
657,-5737.27633683755,-1719.6531512159133
658,-5704.0,-1718.0
659,-5664.966707072124,-1716.6549786772387
660,-5407.0,-1710.0
661,-5402.9025432750495,-1709.8894373216822
662,-5300.0,-1707.0
663,-5296.135547124429,-1706.9082923515348
664,-5164.0,-1704.0
665,-5159.026362923679,-1703.8825623831128
666,-4970.0,-1699.0
667,-4937.247095221137,-1698.227385756969
668,-4824.446907311378,-1695.6359209821442
669,-4801.0,-1695.0
670,-4672.0,-1691.0
671,-4594.1176485310225,-1688.8380946086272
672,-4526.0,-1687.0
673,-4379.0,-1683.0
674,-4358.312469421899,-1682.5674561115106
675,-4275.0,-1681.0
676,-4145.97876861681,-1677.522391823913
677,-4064.0,-1675.0
678,-3743.0,-1665.0
679,-3697.9532089212616,-1663.6908333850279
680,-3573.0,-1660.0
681,-3544.003956253499,-1658.9067379236003
682,-3433.0,-1655.0
683,-3198.0,-1649.0
684,-3189.9616205780353,-1648.8013034279036
685,-3019.9853446942234,-1644.4432945985868
686,-2898.0,-1644.0
687,-2814.006256220825,-1644.7390834774624
688,-2770.0,-1645.0
689,-2649.5744294253345,-1644.9796836539813
690,-2639.0,-1645.0
691,-2493.0,-1646.0
692,-2454.602153665245,-1646.3011740318607
693,-2323.0575586994682,-1647.550484281173
694,-2296.0,-1648.0
695,-2165.0,-1651.0
696,-2059.4064991824043,-1653.1684135701862
697,-1925.5110590388767,-1654.8893711662467
698,-1899.0,-1655.0
699,-1833.0,-1655.0
700,-1659.385102653109,-1655.0941639311998
701,-1599.0,-1655.0
702,-1414.0,-1654.0
703,-1390.2258351868304,-1653.8285250286488
704,-1280.0,-1653.0
705,-1170.3836881921322,-1652.321423424587
706,-1060.0,-1651.0
707,-875.5095387140434,-1647.855185200797
708,-772.0,-1646.0
709,-621.2988067119413,-1643.357402006582
710,-381.0,-1639.0
711,-344.86675388448884,-1638.146867895283
712,-270.9713853750701,-1635.9920146835605
713,-175.0,-1632.0
714,-101.08371915067917,-1628.5334856856439
715,-7.0,-1624.0
716,70.1319344193148,-1620.2934002131049
717,318.0,-1608.0
718,369.30492775870744,-1605.0537288715138
719,490.0,-1594.0
720,553.641973025008,-1586.0312500562745
721,709.0,-1561.0
722,851.7280463191858,-1526.7005098374252
723,1004.0,-1476.0
724,1011.9009271574974,-1472.8668680344006
725,1207.1836809831639,-1379.2221206962622
726,1342.0,-1304.0
727,1427.5718983770098,-1252.7440262590794
728,1501.0,-1197.0
729,1630.911877054682,-1089.0842103339621
730,1727.0,-1005.0
731,1798.9464279449999,-935.9147462469102
732,1853.7467750531432,-871.9351093962232
733,1884.0,-836.0
734,1994.7222572070489,-705.3080324650491
735,2029.0,-665.0
1,2193.0,-471.0
2,2229.9667951549422,-429.1953639424777
3,2412.0,-224.0
4,2470.184856450217,-158.7042769963183
5,2571.2948157825685,-45.70352102123953
6,2668.0,62.0
7,2711.003242929493,109.76125117672882
8,2793.544358123962,201.50486633562468
9,2820.0,231.0
10,3018.0,452.0
11,3055.445606291255,493.82623568391114
12,3162.8912792714177,614.0025833250284
13,3217.4033071158087,675.0309991664011
14,3229.0,688.0
15,3327.0450664289806,797.2699298604736
16,3353.0,826.0
17,3464.061876926539,948.5033379663469
18,3532.0,1023.0
19,3552.2505078665404,1044.9665488720268
20,3577.119381409407,1071.7915704998911
21,3596.0,1094.0
22,3645.850571996028,1154.2895367321873
23,3713.0,1241.0
24,3726.7136946106993,1261.147791412417
25,3760.9597415685603,1329.64209033787
26,3772.0,1365.0
27,3783.776218114117,1417.1449814483249
28,3793.0,1513.0
29,3792.7514292735523,1524.02565511895
30,3786.877319368027,1570.4614435557264
31,3785.0,1580.0
32,3768.1256203136986,1644.0991103271792
33,3763.0,1657.0
34,3710.2187229513343,1752.2791297689241
35,3692.0,1780.0
36,3674.458651732634,1802.6822556416505
37,3659.0,1818.0
38,3633.0687503892273,1842.5659188530772
39,3599.0,1872.0
40,3572.9500170114943,1890.9178067208177
41,3559.0,1900.0
42,3520.3249064811043,1922.284613454222
43,3483.0,1939.0
44,3397.399681955848,1966.7773259764347
45,3356.0,1978.0
46,3322.0801363853434,1985.1499069281858
47,3292.0,1988.0
48,3253.323885783255,1991.179650408364
49,3172.0,1993.0
50,3170.195885728768,1992.9114465812916
51,3093.5217547154725,1985.082053072956
52,3017.0,1972.0
53,3008.724879778602,1970.2933758526458
54,2928.0,1945.0
55,2927.148994687705,1944.6709218802353
56,2880.2364492136967,1925.556364793429
57,2870.0,1921.0
58,2829.637084723641,1902.0174520150158
59,2810.0,1892.0
60,2717.0,1838.0
61,2691.073551148861,1821.3628407712906
62,2637.0,1785.0
63,2597.0,1757.0
64,2594.9988157908024,1755.5435306014485
65,2517.0,1694.0
66,2436.1072337135365,1621.1903306770448
67,2375.0,1562.0
68,2295.0,1482.0
69,2259.963971497451,1447.561106760452
70,2220.0,1409.0
71,2169.0,1361.0
72,2126.896131681795,1322.7874984214666
73,2034.0,1257.0
74,2004.432857100142,1241.582824127603
75,1893.0,1192.0
76,1853.0783167927198,1177.129515544223
77,1786.0,1167.0
78,1784.1401638055972,1166.9009688397605
79,1630.2507438208631,1166.2670200245716
80,1534.0,1172.0
81,1512.342772778063,1174.5481864311373
82,1450.1624427256634,1187.9808935951696
83,1405.0,1203.0
84,1284.398676610909,1249.5224368779232
85,1200.0,1286.0
86,1153.2549002985984,1309.2923974951345
87,1101.1249911205362,1341.1729689615204
88,1081.0,1354.0
89,1002.0374251986707,1407.6244469411342
90,970.0,1435.0
91,836.0,1569.0
92,823.5452795350371,1582.50691354144
93,779.0376057199823,1637.7628844427168
94,748.0,1691.0
95,735.4285765650018,1712.5804415993362
96,692.0,1789.0
97,665.3885880865929,1841.4340194902175
98,629.0,1943.0
99,606.8159618101206,2034.6075494225424
100,578.0,2179.0
101,565.6533800659535,2254.779251885545
102,555.9860478471892,2361.0229035515304
103,555.0,2371.0
104,548.0,2440.0
105,540.886996878726,2517.515293293248
106,531.0,2649.0
107,522.452019066939,2770.599177333776
108,515.0,2878.0
109,506.76493214564823,2997.0035066047367
110,499.0,3129.0
111,492.4026969160906,3242.2044948747634
112,485.0,3370.0
113,478.78387481525704,3480.271062688301
114,475.0,3569.0
115,471.86350613714023,3644.700345729846
116,468.0,3739.0
117,466.61101384656763,3773.6231723403293
118,463.0,3864.0
119,461.3146354224352,3905.2136089876903
120,452.2466193481069,4122.358516688237
121,449.0,4201.0
122,441.4482698651243,4389.5110491072755
123,436.0,4528.0
124,434.13651998882017,4574.486819486987
125,430.0,4677.0
126,429.8935056620841,4679.676255864413
127,424.8189817897171,4808.325308263953
128,420.0,4929.0
129,419.16026958531995,4949.649195683351
130,414.0,5081.0
131,409.8725060820162,5220.639237575075
132,409.0,5251.0
133,399.24220244066527,5545.59869618264
134,394.3147992840384,5677.799040392836
135,386.0,5909.0
136,381.13111171713,6047.829410319052
137,377.0,6163.0
138,373.7744960249319,6244.80148517514
139,370.0,6340.0
140,356.17163158890935,6731.861515299319
141,355.0,6767.0
142,352.4416282687546,6848.937327194859
143,350.0,6929.0
144,347.2255720186114,7005.485482477703
145,342.0,7145.0
146,337.9395102043152,7256.677967705813
147,335.0,7344.0
148,331.0191985333593,7475.862505956298
149,330.0,7507.0
150,321.0,7744.0
151,319.8657179952944,7777.201950119217
152,312.0,8019.0
153,308.93386766739775,8111.27241958332
154,304.3766535143664,8232.678997860608
155,302.0,8296.0
156,297.2253489253527,8427.4325922654
157,296.0,8462.0
158,289.0,8666.0
159,285.669009325926,8763.241223981355
160,280.0,8925.0
161,277.8323204702482,8984.628711146725
162,274.0,9088.0
163,268.8618859897077,9226.444530589171
164,267.0,9285.0
165,265.0,9360.0
166,264.4428271488371,9379.395754353458
167,258.87081301660214,9542.745234888342
168,257.0,9594.0
169,252.0,9728.0
170,250.41397075115424,9770.957528989433
171,244.82458976322127,9918.242100560574
172,244.0,9937.0
173,241.0147640173936,9988.057027970826
174,241.0,10028.0
175,242.12985496358561,10058.572737374201
176,250.0,10190.0
177,250.12943610611086,10191.567664589711
178,257.51051362260404,10240.638644890176
179,261.0,10256.0
180,285.0,10360.0
181,285.37447268559447,10361.28020742826
182,301.0,10408.0
183,305.5871917596337,10420.671260489567
184,337.0,10497.0
185,337.52227801971696,10498.06258657704
186,365.0,10548.0
187,377.0,10567.0
188,395.366625212822,10589.622589062874
189,443.77035862074536,10637.484560894361
190,464.0,10655.0
191,490.53220854646355,10674.114105479948
192,517.5007517909905,10684.522862085389
193,540.0,10690.0
194,598.0823522502867,10700.890190800743
195,622.0,10705.0
196,628.0,10706.0
197,706.658292721643,10709.966645659988
198,712.0,10710.0
199,767.4254565760111,10709.365789294467
200,808.0,10709.0
201,869.2820049305797,10708.944285437903
202,927.0,10709.0
203,975.8622763375672,10708.968264415857
204,1090.0,10709.0
205,1100.9492380831293,10709.089164659681
206,1190.0,10710.0
207,1237.734593026114,10710.470304266597
208,1299.0,10711.0
209,1417.167724841267,10711.919643792728
210,1427.0,10712.0
211,1500.5440242549712,10712.701048505363
212,1536.0,10713.0
213,1586.9410298273829,10713.332218220196
214,1685.1880676488631,10713.869003618172
215,1709.0,10714.0
216,1888.8841349335783,10714.930268939424
217,1912.0,10715.0
218,2022.879594186693,10714.92455528087
219,2126.0,10717.0
220,2190.0,10720.0
221,2231.8461882482816,10722.892317890131
222,2331.0,10734.0
223,2385.971389773831,10743.670097464787
224,2474.0,10764.0
225,2490.347130720607,10768.36344252614
226,2631.0,10813.0
227,2673.199180674108,10828.59621337393
228,2734.0,10853.0
229,2799.0934834212235,10882.140544556112
230,2847.0,10906.0
231,3019.4277971788842,11005.772893496154
232,3081.0,11045.0
233,3158.334316278214,11097.899662072574
234,3233.0,11155.0
235,3274.4946275567554,11189.296364510137
236,3382.0,11293.0
237,3519.9514945227547,11459.874845738515
238,3550.0,11498.0
239,3641.0,11630.0
240,3649.1356607894463,11644.282798847269
241,3715.6602419013693,11766.466987052112
242,3745.0,11826.0
243,3808.9249584435065,11991.467059799557
244,3831.0,12063.0
245,3835.1917191904713,12077.116391589308
246,3849.0,12133.0
247,3856.4395467230497,12168.841371367074
248,3868.0,12233.0
249,3876.0,12310.0
250,3877.1429017169976,12340.11006172205
251,3876.0,12382.0
252,3872.643415598492,12414.952527441756
253,3858.647757948187,12494.243437371868
254,3855.0,12511.0
255,3845.1176141713577,12545.270165424992
256,3830.0,12578.0
257,3827.5010993777514,12583.678189282282
258,3818.0,12604.0
259,3763.827478707757,12682.677603361488
260,3741.0,12710.0
261,3729.283222258955,12721.81058760159
262,3707.0,12735.0
263,3649.0,12764.0
264,3633.631751634598,12769.779450932476
265,3570.455629040124,12789.696295456513
266,3550.0,12796.0
267,3502.776480307122,12811.025889551958
268,3461.951091013624,12824.925446289086
269,3432.963861447152,12836.01245321357
270,3404.278777558279,12856.536775694709
271,3366.271748674187,12908.05104935732
272,3357.0,12924.0
273,3331.551971519193,12973.453669780578
274,3306.0,13035.0
275,3300.2725826316464,13054.30377767028
276,3295.3582720094673,13110.249450181713
277,3297.0,13138.0
278,3297.425374702293,13143.074059468441
279,3301.0182668533535,13174.869545902175
280,3313.0,13223.0
281,3317.6007876101858,13236.575586206143
282,3338.8299837552445,13291.283056377933
283,3346.0,13308.0
284,3372.0,13360.0
285,3372.543005414523,13360.998218086721
286,3397.6459246447466,13405.76885114635
287,3426.765873413679,13456.892535359812
288,3440.0,13481.0
289,3454.0,13507.0
290,3472.3745212306694,13540.363819554997
291,3536.0,13654.0
292,3545.935368911536,13672.416223744107
293,3567.0,13720.0
294,3572.9614479113225,13736.797870186116
295,3598.0,13814.0
296,3601.9761138270455,13827.428498648103
297,3606.0,13848.0
298,3610.671357238921,13889.12795602014
299,3615.0,13939.0
300,3613.0,13988.0
301,3611.1358430485457,14000.566443514661
302,3604.8780035286964,14045.955358382233
303,3599.0,14073.0
304,3578.0,14130.0
305,3575.8779683904067,14135.107959387962
306,3552.4981124068972,14178.654491814768
307,3549.0,14183.0
308,3491.0,14242.0
309,3478.4865033237265,14252.988392469693
310,3462.011797801361,14261.620089313437
311,3449.0,14266.0
312,3415.7662520550057,14277.153338709631
313,3406.0,14280.0
314,3373.3558186363475,14287.024214301657
315,3342.0,14290.0
316,3313.7443325333224,14291.228018775853
317,3221.0,14292.0
318,3207.1728678701165,14291.936188867076
319,3170.943548090567,14290.36184994292
320,3132.0,14289.0
321,3060.7575714981076,14286.960564658653
322,2943.0,14284.0
323,2900.3126177094173,14283.133599309822
324,2817.0,14282.0
325,2763.7317870448305,14280.249757247517
326,2688.0,14278.0
327,2667.2484686974317,14277.635919663888
328,2620.0,14277.0
329,2548.671505338445,14275.735475649715
330,2412.0,14273.0
331,2368.5403255890424,14272.139096670935
332,2208.0,14269.0
333,2173.314824157042,14268.294050412522
334,2041.0,14265.0
335,2016.1545735872,14264.236643291402
336,1915.814074329439,14261.230091220916
337,1906.0,14261.0
338,1754.0,14259.0
339,1734.5292729678517,14258.802907128058
340,1545.0,14257.0
341,1507.3074539125091,14256.775731241723
342,1411.0,14257.0
343,1392.802608618833,14257.058123321349
344,1233.0235769314722,14257.526040155008
345,1080.0,14258.0
346,980.2154630733627,14258.406898605808
347,853.0,14259.0
348,801.3291112989625,14259.178280006581
349,642.1010318581965,14259.670194438535
350,549.0,14260.0
351,427.4816016654475,14261.699706381834
352,419.0,14262.0
353,219.2901186827033,14271.288813554884
354,135.0,14278.0
355,-15.0,14300.0
356,-20.26480831589278,14300.896894379131
357,-199.0,14332.0
358,-280.6536850335469,14346.652201010045
359,-334.7990184643651,14360.459752240527
360,-350.0,14365.0
361,-497.8026455563989,14409.157919424953
362,-558.0,14429.0
363,-652.1601313813769,14463.754536881112
364,-750.0,14504.0
365,-797.5638435293546,14524.530448573068
366,-823.0,14536.0
367,-1018.0,14640.0
368,-1021.3743193522752,14642.058885792892
369,-1163.0,14738.0
370,-1229.1722211201231,14791.190162370134
371,-1321.0,14874.0
372,-1345.7289948651128,14897.907880751245
373,-1422.0,14979.0
374,-1466.8256239654465,15032.397102815925
375,-1582.0,15182.0
376,-1677.1004839611319,15327.003164905378
377,-1772.0,15503.0
378,-1778.7218892386331,15515.999136556738
379,-1825.7388458760067,15612.78563874896
380,-1850.0,15666.0
381,-1897.0,15770.0
382,-1972.0,15935.0
383,-1980.1753125822866,15952.918611516714
384,-2062.5564237628246,16132.797795162143
385,-2082.0,16175.0
386,-2161.168675049903,16344.05181959322
387,-2167.0,16356.0
388,-2235.0,16489.0
389,-2259.0,16533.0
390,-2285.1495655920803,16578.79998173155
391,-2355.367871363518,16690.517379552326
392,-2383.0,16730.0
393,-2485.0,16862.0
394,-2487.2371091551386,16864.698662768165
395,-2597.772905031654,16986.080577814315
396,-2635.0,17022.0
397,-2715.786045535574,17095.28406846916
398,-2837.0,17200.0
399,-2925.745346371001,17275.12096058818
400,-3043.0,17346.0
401,-3170.268543246204,17414.695773186533
402,-3309.0,17487.0
403,-3391.7948802081755,17526.09053597673
404,-3447.0,17543.0
405,-3573.0093836552946,17584.89970660323
406,-3602.0,17594.0
407,-3776.536486752875,17639.956359426986
408,-3863.0,17659.0
409,-4002.0,17688.0
410,-4016.8910877454737,17691.052627276287
411,-4089.2947247271522,17705.446473210042
412,-4114.0,17710.0
413,-4146.40007460714,17715.793354222493
414,-4202.0,17726.0
415,-4266.0,17739.0
416,-4277.575410962001,17741.188616901236
417,-4405.0,17763.0
418,-4425.736318117556,17766.4328638534
419,-4458.700730927115,17771.113717614524
420,-4473.0,17772.0
421,-4504.56305589039,17772.972011360172
422,-4562.0,17771.0
423,-4563.36215162161,17770.844944193508
424,-4603.0,17763.0
425,-4623.539856061637,17755.48420816325
426,-4650.0,17742.0
427,-4684.7799456478015,17717.454253319185
428,-4700.0,17705.0
429,-4716.0,17691.0
430,-4724.628742578159,17682.48288585668
431,-4752.0,17650.0
432,-4788.076594444902,17593.336836271224
433,-4800.0,17569.0
434,-4823.0,17508.0
435,-4826.498032556238,17495.82431275786
436,-4842.0,17425.0
437,-4844.34654402916,17413.630380502866
438,-4861.0,17334.0
439,-4869.06311214654,17301.08312311443
440,-4877.0,17277.0
441,-4891.3684056377715,17235.81135793412
442,-4927.0,17142.0
443,-4946.555370828548,17097.052369693683
444,-4973.0,17040.0
445,-4981.0,17023.0
446,-5014.858205929662,16952.904659656906
447,-5043.0,16895.0
448,-5087.685489584636,16801.195816169584
449,-5107.0,16760.0
450,-5179.0,16605.0
451,-5199.630714785319,16560.254966269218
452,-5253.0,16446.0
453,-5305.449515376563,16339.9620314064
454,-5334.0,16285.0
455,-5412.0,16140.0
456,-5447.302042091113,16075.40082123917
457,-5475.0,16026.0
458,-5547.0,15899.0
459,-5562.137287110443,15872.430652004387
460,-5630.059899957789,15753.83580541966
461,-5649.0,15721.0
462,-5712.0,15612.0
463,-5727.733506604938,15584.43136116779
464,-5802.0,15452.0
465,-5837.37431252229,15387.915848072937
466,-5864.0,15339.0
467,-5930.158045327217,15215.044726733191
468,-5974.0,15132.0
469,-6013.589158703624,15056.594594474738
470,-6070.0,14949.0
471,-6071.61002478738,14945.94666385729
472,-6155.0,14789.0
473,-6171.603038850848,14758.131743946933
474,-6257.0,14601.0
475,-6272.188308884309,14573.177232682276
476,-6338.0,14451.0
477,-6350.8419673669905,14426.592609056317
478,-6439.0,14257.0
479,-6458.611268927551,14218.853139655215
480,-6513.298084292234,14107.659030157696
481,-6536.0,14058.0
482,-6568.683567041843,13985.595995086263
483,-6601.0,13914.0
484,-6634.0,13841.0
485,-6661.323965644608,13778.467086591358
486,-6710.0,13663.0
487,-6785.349367279837,13480.277886927064
488,-6802.0,13438.0
489,-6870.0,13255.0
490,-6881.0,13224.0
491,-6899.327262089225,13170.645693552156
492,-6972.215351822986,12942.4668178615
493,-6987.0,12894.0
494,-7049.4098492189505,12677.281809601882
495,-7056.0,12654.0
496,-7125.0,12412.0
497,-7185.0,12201.0
498,-7186.543999333462,12195.558251558472
499,-7232.410683388309,12033.132353258605
500,-7251.0576069612425,11965.170813602264
501,-7271.0,11891.0
502,-7311.764947840896,11737.19666492449
503,-7354.0,11559.0
504,-7403.0,11342.0
505,-7409.435597153024,11313.197044315577
506,-7443.0,11153.0
507,-7443.477899494115,11150.57218174059
508,-7493.0,10895.0
509,-7503.187036515192,10838.469689037633
510,-7517.0,10758.0
511,-7539.0,10621.0
512,-7542.271466330231,10600.174793172697
513,-7575.0,10380.0
514,-7578.543672292464,10353.639356739992
515,-7606.0,10137.0
516,-7619.757129555812,10018.454383329117
517,-7629.0,9928.0
518,-7641.177559248048,9801.549627418672
519,-7644.0,9771.0
520,-7661.0,9561.0
521,-7661.371449351451,9555.513936508249
522,-7677.261165950864,9292.264852444001
523,-7683.0,9191.0
524,-7687.560808130349,9107.683875387855
525,-7690.0,9014.0
526,-7690.461485764585,8989.937587225431
527,-7695.518921777078,8666.74910101519
528,-7696.0,8624.0
529,-7696.0,8304.0
530,-7695.188281239,8046.407217220856
531,-7695.0,8004.0
532,-7694.547762943435,7920.0857859098005
533,-7694.0,7843.0
534,-7691.43379568634,7551.354259065834
535,-7691.0,7503.0
536,-7689.4505689556145,7325.077237618188
537,-7688.050800657364,7135.579910321227
538,-7688.0,7127.0
539,-7687.0,6947.0
540,-7686.819263755704,6921.307071616333
541,-7684.298083422191,6591.332722355282
542,-7684.0,6551.0
543,-7683.113974211035,6411.454620798679
544,-7682.0,6296.0
545,-7681.961474543398,6292.968626657584
546,-7680.0,6114.0
547,-7680.0,6041.0
548,-7680.003374074963,6037.357785079837
549,-7680.0,5802.0
550,-7679.933510666139,5743.201597170026
551,-7680.0,5655.0
552,-7680.695366752523,5559.017770621154
553,-7682.0,5433.0
554,-7682.477183615321,5373.592552341443
555,-7683.0,5266.0
556,-7682.970254255405,5188.457747316073
557,-7683.0,5118.0
558,-7684.0,4969.0
559,-7684.295792827709,4927.31836717653
560,-7685.896287133227,4673.523012584935
561,-7686.0,4660.0
562,-7687.147189982497,4529.305116021864
563,-7688.0,4426.0
564,-7688.671591880967,4313.78148601778
565,-7689.0,4239.0
566,-7689.488005118498,4093.514565348452
567,-7690.0,3975.0
568,-7693.0,3598.0
569,-7693.203037013812,3574.7529638548326
570,-7694.236990691194,3453.8615976975034
571,-7695.003139282951,3252.0358975501495
572,-7695.0,3239.0
573,-7695.0,3125.0
574,-7696.0,2973.0
575,-7696.131535300881,2949.390807425945
576,-7696.7438677126975,2798.2550659685394
577,-7697.0,2765.0
578,-7699.0,2593.0
579,-7699.741683900207,2493.1997948986527
580,-7701.0,2308.0
581,-7703.0,2175.0
582,-7704.190657641437,2081.930274198955
583,-7706.0,1908.0
584,-7706.349941297895,1876.3349259117888
585,-7708.806603227386,1658.0933231646193
586,-7709.0,1640.0
587,-7710.4197622455185,1482.360164859503
588,-7711.0,1430.0
589,-7711.925277394739,1358.9699508785627
590,-7715.0,1143.0
591,-7715.803551771222,1082.8230975249312
592,-7717.0,990.0
593,-7719.350413545791,805.7244751856828
594,-7721.0,664.0
595,-7721.972119762164,553.2589035467302
596,-7723.0,415.0
597,-7724.332393660668,308.15206911202233
598,-7725.0,259.0
599,-7727.610799562686,73.75826272041724
600,-7728.0,46.0
601,-7730.0,-112.0
602,-7730.344476802446,-155.49243238793142
603,-7731.0,-245.0
604,-7733.0,-381.0
605,-7733.028830198503,-383.3221560866724
606,-7734.0,-508.0
607,-7734.012240033062,-509.8541475819201
608,-7733.0,-620.0
609,-7726.354820430946,-735.475142966742
610,-7725.0,-755.0
611,-7717.0,-818.0
612,-7716.051370546563,-823.0404812953683
613,-7696.001116289828,-910.9827514546505
614,-7694.0,-917.0
615,-7659.0,-1005.0
616,-7651.8060520368435,-1021.3805652764366
617,-7644.0,-1036.0
618,-7641.7631536897,-1039.9597623721356
619,-7600.75999157422,-1106.2032621891303
620,-7598.0,-1110.0
621,-7568.992150780487,-1146.0276017143317
622,-7547.0,-1170.0
623,-7533.208750881375,-1183.348086856738
624,-7498.0,-1209.0
625,-7489.49251290239,-1214.3106244885223
626,-7455.27496746731,-1233.4598067651355
627,-7452.0,-1235.0
628,-7421.0,-1247.0
629,-7410.449161813753,-1250.2774109903703
630,-7370.1663705648425,-1260.1423857740815
631,-7350.0,-1264.0
632,-7291.304424507674,-1272.6027101429534
633,-7281.0,-1274.0
634,-7221.0,-1283.0
635,-7159.0,-1299.0
636,-7145.483299272825,-1304.3766018807526
637,-7135.0,-1309.0
638,-7056.0,-1353.0
639,-7025.318506352489,-1373.961647766623
640,-6978.0,-1410.0
641,-6950.022619556867,-1432.6611953121653
642,-6885.0,-1486.0
643,-6841.465041313335,-1519.9537882219681
644,-6737.102834021625,-1596.059335131435
645,-6716.0,-1610.0
646,-6668.899033007079,-1637.9488215923934
647,-6622.813065693475,-1658.488427438885
648,-6589.0,-1670.0
649,-6546.295853428027,-1682.1975063168948
650,-6503.0,-1692.0
651,-6410.0,-1704.0
652,-6380.324601936101,-1705.8840076693623
653,-6201.0,-1711.0
654,-6176.610890805179,-1711.5866334364264
655,-6071.6983208581305,-1714.7318131289994
656,-6064.0,-1715.0
657,-5980.524511292174,-1717.9425083865126
658,-5946.0,-1719.0
659,-5835.878904184695,-1721.1197016679457
660,-5803.0,-1721.0
661,-5715.942251743848,-1718.7761015820772
662,-5690.0,-1718.0
663,-5471.0,-1712.0
664,-5438.706549417868,-1711.1458009989096
665,-5361.716036312117,-1709.1685243965865
666,-5284.0,-1707.0
667,-5147.0,-1703.0
668,-5124.2889528007445,-1702.4122557294454
669,-4897.0,-1697.0
670,-4872.655194426142,-1696.4118158335234
671,-4624.0,-1690.0
672,-4574.405399525338,-1688.642411255776
673,-4520.242861460778,-1687.0921272750509
674,-4404.0,-1684.0
675,-4379.9488061370175,-1683.376122471932
676,-4209.0,-1679.0
677,-4203.909138279088,-1678.8713308782612
678,-3904.0,-1671.0
679,-3888.259630060908,-1670.473669574297
680,-3709.3537116582615,-1663.7973589702076
681,-3686.0,-1663.0
682,-3483.0,-1657.0
683,-3409.1601769549698,-1654.9332586985906
684,-3229.0,-1650.0
685,-3122.9216779631774,-1647.6303124987157
686,-3085.0,-1647.0
687,-2961.142652864814,-1644.9667199102541
688,-2826.0,-1644.0
689,-2711.0,-1645.0
690,-2547.832189686573,-1646.3144276999894
691,-2414.0,-1647.0
692,-2379.1977307483194,-1647.1120432625262
693,-2265.0,-1648.0
694,-2239.78951396481,-1648.449840055436
695,-1997.0,-1654.0
696,-1992.3273392026088,-1654.0844809427385
697,-1642.0,-1655.0
698,-1629.8355920079011,-1654.9917732546587
699,-1565.3638567545524,-1655.1760523894588
700,-1524.0,-1655.0
701,-1462.5224293834967,-1654.4566606345788
702,-1285.0,-1653.0
703,-1247.9894385479713,-1653.0201025974939
704,-1199.0,-1653.0
705,-880.1368192610962,-1648.0890004817634
706,-769.0,-1646.0
707,-599.2660850063043,-1643.0223132612668
708,-465.8628921973865,-1640.823190001783
709,-422.0,-1640.0
710,-376.06457745043497,-1639.0574645847241
711,-248.0,-1635.0
712,-155.3779310273555,-1631.084909706622
713,108.0,-1619.0
714,284.0,-1610.0
715,287.5287827374604,-1609.7879216055933
716,476.0,-1596.0
717,569.1808092635325,-1584.5486250500235
718,699.0,-1563.0
719,734.6999869154386,-1556.1470926098116
720,918.0,-1507.0
721,945.6604901795282,-1496.9906388922914
722,1128.0,-1423.0
723,1199.1744974117075,-1390.20484928622
724,1329.0,-1312.0
725,1429.0352471689894,-1248.80506577612
726,1493.0,-1203.0
727,1706.0,-1026.0
728,1749.886674880227,-985.9565710576304
729,1824.7917444856091,-904.6279253446331
730,1855.0,-869.0
731,1941.134678750378,-767.6631706529915
1,2279.708792149472,-371.01214493801274
2,2375.9694393076247,-263.2593615875814
3,2395.0,-242.0
4,2492.6016737914942,-133.1412644082223
5,2526.0,-96.0
6,2637.137171827888,27.118353460152683
7,2693.0,89.0
8,2765.0,169.0
9,2877.4087298649065,294.6955628151612
10,3005.1417386938724,437.94426077679935
11,3015.0,449.0
12,3106.285751515189,551.3697472297373
13,3182.0,636.0
14,3191.872449277005,646.9986092523566
15,3260.4555801499073,723.2450199020589
16,3414.7362310776834,894.0797158546364
17,3479.0,965.0
18,3495.9442072222837,983.6651532315201
19,3561.0,1055.0
20,3596.5041541916917,1093.438479959459
21,3623.0,1124.0
22,3653.9331063758564,1163.1975813955698
23,3725.5528274778267,1265.9431708843563
24,3749.0,1305.0
25,3764.1751758342716,1336.558061687817
26,3774.101979879356,1371.1867369333409
27,3775.0,1375.0
28,3785.892554855596,1430.50276145266
29,3792.0,1490.0
30,3792.2469758281177,1498.4951755805484
31,3790.0,1546.0
32,3777.467027943009,1606.4113963316354
33,3766.0,1647.0
34,3754.903621990901,1675.7592326932318
35,3745.0,1694.0
36,3722.065083078064,1735.5154170630585
37,3720.0,1739.0
38,3698.6257409843583,1771.7460554408058
39,3668.0,1807.0
40,3666.4552230855493,1808.5593514816235
41,3584.0,1882.0
42,3582.642370098365,1883.1043256167518
43,3552.3572442797167,1904.2423806554787
44,3538.0,1912.0
45,3490.3195291494903,1936.0430031691856
46,3486.0,1938.0
47,3411.0,1965.0
48,3332.9891270053513,1982.1870709413872
49,3328.0,1983.0
50,3260.9228048866553,1991.0075147737064
51,3248.0,1992.0
52,3186.1998624915404,1994.2817499451905
53,3173.0,1994.0
54,3066.0,1982.0
55,3048.1416452613967,1979.1029982256491
56,3042.0,1978.0
57,2955.5504838606967,1956.7685505810691
58,2864.3536779190586,1920.5605469425577
59,2855.0,1916.0
60,2722.0,1841.0
61,2697.8416032708387,1826.5953521291983
62,2673.0,1810.0
63,2576.0,1741.0
64,2556.9220849042167,1726.4345211942953
65,2477.316946138435,1660.3709400247742
66,2456.0,1641.0
67,2393.0,1580.0
68,2364.222284245419,1551.3850128802603
69,2313.0,1500.0
70,2263.283754352933,1449.84972086178
71,2230.0,1418.0
72,2185.0243643705467,1377.3245095495438
73,2076.0,1284.0
74,2073.7665188977226,1282.1349773849488
75,1994.9870505631895,1223.2800689146175
76,1904.0,1197.0
77,1750.0,1163.0
78,1684.7164393086464,1150.0991655809144
79,1583.0,1165.0
80,1511.5200704569247,1179.6280771164393
81,1406.0,1203.0
82,1323.1718508172214,1227.2114961025595
83,1246.5666866141423,1262.4808625380363
84,1223.0,1274.0
85,1133.0,1323.0
86,1109.8230562838085,1338.687209314854
87,951.0235871709789,1456.7282003803605
88,900.0,1499.0
89,817.472383656826,1588.4225914295314
90,796.0,1619.0
91,767.4412010839873,1661.732340424513
92,721.0,1736.0
93,674.0,1826.0
94,666.5957478357554,1843.8260711532025
95,598.0,2062.0
96,587.2743194644489,2109.2348267751795
97,577.0,2183.0
98,573.1579778729847,2215.4603031293955
99,549.7535215767441,2444.5056872827618
100,538.583324559875,2568.967904386798
101,528.5704127119419,2691.2670993302386
102,519.0,2822.0
103,513.9503982882427,2898.9195911335605
104,505.0,3041.0
105,504.75398730534846,3044.686553227469
106,498.0,3145.0
107,491.63702859836025,3253.7062146015196
108,491.0,3265.0
109,481.0,3447.0
110,480.01859799315775,3466.116543486772
111,475.0,3570.0
112,472.789178260795,3620.5512596877743
113,466.0,3789.0
114,465.15019469814985,3809.255850100627
115,460.0,3931.0
116,454.5360699030976,4074.752114441369
117,452.0,4139.0
118,445.0,4300.0
119,444.83090229787655,4303.939404811246
120,439.6851480743301,4428.9545592189315
121,431.14610477932615,4649.3096405835795
122,430.0,4678.0
123,425.7731650869029,4782.445492183725
124,424.0,4828.0
125,418.0,4995.0
126,414.1311013698062,5099.592909028992
127,406.4531919741113,5304.431622359912
128,406.0,5317.0
129,398.0,5557.0
130,397.82447791523714,5562.147743968801
131,389.0,5816.0
132,385.52365042594965,5915.216911019247
133,382.0,6014.0
134,381.839548371091,6018.4691304427015
135,370.0,6348.0
136,369.2029377332026,6370.424514495082
137,365.11747148764806,6486.750244008331
138,362.0,6577.0
139,353.34487484289986,6829.473226696393
140,351.0,6897.0
141,344.0,7093.0
142,343.08264559395826,7118.6665562357
143,334.06273651730965,7372.211467798177
144,328.0,7543.0
145,326.6903395058708,7579.905421780904
146,323.12406854688044,7680.8021347878575
147,321.0,7742.0
148,316.0,7887.0
149,315.1930915303488,7910.380085691224
150,310.17930178117535,8056.186064835816
151,308.0,8123.0
152,305.6790657075935,8198.061731153324
153,304.0,8251.0
154,294.3316031869621,8526.545131412995
155,289.0,8673.0
156,282.88326820162393,8840.896817614988
157,281.0,8894.0
158,274.0,9097.0
159,271.0,9188.0
160,270.85173653955945,9192.35488649318
161,264.87222191063074,9351.831361896418
162,261.0,9455.0
163,256.174262853747,9591.39242005031
164,251.0,9743.0
165,248.73551551759266,9812.693026508772
166,247.2501929372962,9861.202186041508
167,247.0,9869.0
168,243.60156618398887,9973.094398648562
169,241.0,10062.0
170,240.97876235350247,10094.357088372168
171,243.0,10111.0
172,244.28088745384326,10122.747148625225
173,252.4938630459702,10199.369458108058
174,254.0,10212.0
175,268.0,10293.0
176,268.5450828561091,10295.201144827672
177,290.91988471897383,10375.861533991754
178,295.0,10390.0
179,303.9691853211971,10420.755290884501
180,315.0,10447.0
181,333.1068920077059,10485.39378751636
182,365.0,10548.0
183,375.50055648215357,10565.758267630383
184,429.0,10626.0
185,433.2452433579015,10629.67907924866
186,478.8143376477502,10663.20737379957
187,482.0,10665.0
188,564.0,10696.0
189,590.6381666798818,10700.909681502504
190,643.2764051702053,10706.085617523546
191,655.0,10707.0
192,669.0,10708.0
193,727.0230385856162,10709.532722578544
194,789.0,10709.0
195,872.0,10709.0
196,890.3876759938221,10709.009661108099
197,944.0,10709.0
198,968.2874510523418,10708.971248261383
199,1011.0,10709.0
200,1164.2700643038715,10709.691838952926
201,1217.0,10710.0
202,1269.4681885540347,10710.407086693109
203,1326.0,10711.0
204,1404.8574491063498,10711.567117393452
205,1468.0,10712.0
206,1504.8533411268875,10712.257724789717
207,1588.5722247173371,10712.914967457342
208,1598.0,10713.0
209,1805.0,10715.0
210,1841.7405316728937,10715.287850471668
211,1961.0,10716.0
212,1963.7095110685736,10716.023046454779
213,2085.0,10717.0
214,2161.796414734964,10716.907993430134
215,2262.0,10725.0
216,2506.0,10773.0
217,2524.2077813441274,10777.135625750223
218,2615.446533340525,10805.889445664865
219,2648.0,10819.0
220,2699.598801975515,10839.279568820957
221,2750.0,10860.0
222,2838.0,10901.0
223,2941.823039147615,10957.177832805553
224,3020.0,11007.0
225,3091.7833600922904,11056.055807426514
226,3253.0,11171.0
227,3255.6782623663935,11172.931269755198
228,3338.0,11247.0
229,3424.6567823192217,11344.514171527533
230,3510.0,11443.0
231,3556.0574914289627,11498.521532446797
232,3603.542174144587,11563.252810790773
233,3646.981114745976,11639.277756991338
234,3657.0,11657.0
235,3699.6715946716185,11733.47317445311
236,3711.0,11755.0
237,3759.5597363965776,11858.491778714553
238,3773.0,11891.0
239,3803.542267082038,11973.849732257542
240,3806.0,11981.0
241,3830.0,12059.0
242,3840.3633849678436,12101.010760916286
243,3869.0,12236.0
244,3869.6011432108144,12239.11043154155
245,3877.7129564154166,12308.314163883388
246,3877.0,12335.0
247,3876.5704168922884,12364.028746823133
248,3875.0,12393.0
249,3870.485560666779,12429.147546815606
250,3855.6275543182815,12500.249915078442
251,3846.0,12538.0
252,3835.887121820303,12567.396415349931
253,3827.0,12586.0
254,3806.1848098325054,12626.358684288714
255,3804.0,12630.0
256,3760.4992029069513,12688.201301559608
257,3738.0,12712.0
258,3710.005180142466,12734.609444706926
259,3679.2074565848375,12749.883576231972
260,3670.0,12754.0
261,3651.4368638855644,12761.927409276144
262,3612.0,12776.0
263,3594.976323947709,12781.273222699798
264,3556.0,12793.0
265,3533.6652507946674,12799.990231978762
266,3461.1385369612917,12830.273742889247
267,3455.0,12834.0
268,3423.552271344348,12855.747051291706
269,3401.0,12875.0
270,3359.0,12921.0
271,3316.0,12999.0
272,3300.0,13064.0
273,3296.401474717042,13099.335929120236
274,3296.0,13115.0
275,3298.635023751925,13156.472293690493
276,3302.0,13178.0
277,3307.0,13201.0
278,3317.1716666912403,13236.905065569179
279,3329.0,13270.0
280,3339.26721784149,13294.563915030572
281,3358.0,13334.0
282,3361.7515389718856,13341.405388354651
283,3387.49963873223,13389.459692162865
284,3390.0,13394.0
285,3421.0,13449.0
286,3421.8974351489437,13450.550991142087
287,3459.6125300204358,13513.858203210903
288,3492.929233942598,13572.32236543185
289,3496.0,13578.0
290,3564.1971569779225,13714.860383373323
291,3573.0,13735.0
292,3597.7021381123413,13812.517677448483
293,3598.0,13814.0
294,3601.0,13833.0
295,3610.0,13879.0
296,3612.6540101089504,13898.437062431782
297,3614.629814900695,13951.640616115332
298,3614.0,13971.0
299,3610.3137982859294,14014.48638062658
300,3609.0,14023.0
301,3604.0,14047.0
302,3602.5329071724454,14053.099075082624
303,3582.0,14119.0
304,3576.30653722702,14132.985142472531
305,3561.0,14164.0
306,3545.7391732468514,14186.831279588463
307,3541.0,14193.0
308,3517.0,14220.0
309,3479.694452248743,14249.008628439315
310,3476.0,14251.0
311,3397.0,14281.0
312,3395.712006532989,14281.371554454245
313,3333.0,14290.0
314,3331.7425741648335,14290.06819955895
315,3287.0,14292.0
316,3273.755608464284,14292.240031843117
317,3214.7021663903756,14291.357354931031
318,3204.0,14291.0
319,3130.0,14288.0
320,3083.305156405562,14286.850579493128
321,3049.0,14286.0
322,2986.009164533692,14284.143988129505
323,2979.0,14284.0
324,2863.0,14283.0
325,2851.9628986641465,14282.806690349586
326,2783.0,14281.0
327,2733.485858774223,14279.827503829685
328,2598.0,14277.0
329,2556.03908629724,14276.179372591825
330,2503.0,14275.0
331,2349.0,14271.0
332,2323.1191664556445,14270.555191346255
333,2212.0,14269.0
334,2138.2572950545323,14267.121439110939
335,2093.0,14266.0
336,2016.1045319734624,14264.496394584878
337,1995.0,14264.0
338,1916.340715152847,14261.61910183465
339,1895.0,14261.0
340,1764.1649959459514,14258.288102613336
341,1742.0,14258.0
342,1658.0393192482088,14257.31088898499
343,1531.0,14257.0
344,1479.724089001743,14256.931732144494
345,1397.0,14257.0
346,1304.7561974230466,14257.267100645386
347,1133.0,14258.0
348,1069.3586853670877,14258.539727149056
349,1020.0,14259.0
350,891.0,14259.0
351,847.7550257890248,14259.051675041723
352,558.0,14260.0
353,437.1299949074439,14260.903254872395
354,303.0,14265.0
355,272.227486973097,14266.631611851462
356,168.0,14275.0
357,103.10785020510812,14283.070233535875
358,-122.0,14318.0
359,-190.10298072022113,14329.652853415779
360,-289.0,14351.0
361,-333.0132158640507,14361.569648008171
362,-455.0,14394.0
363,-545.0,14424.0
364,-578.8428713654174,14436.257390510022
365,-724.0,14493.0
366,-923.8502541542496,14585.423764195539
367,-954.0,14603.0
368,-1169.0,14743.0
369,-1227.040018049641,14786.096410267193
370,-1281.0,14836.0
371,-1301.0163527854006,14855.351400541695
372,-1409.919319351515,14965.468199880966
373,-1440.0,14999.0
374,-1515.4857448900827,15091.208703832208
375,-1523.0,15101.0
376,-1636.0,15263.0
377,-1664.2839597580928,15308.342708733822
378,-1759.0,15477.0
379,-1760.9070939517637,15480.66400288122
380,-1789.0,15536.0
381,-1847.7895764542238,15660.26997381344
382,-1860.0,15687.0
383,-1922.0,15825.0
384,-1957.247562241736,15902.896006185892
385,-2002.0,16001.0
386,-2063.49912106593,16135.348141091888
387,-2110.0,16235.0
388,-2119.3500566921703,16254.74235145234
389,-2139.0,16296.0
390,-2221.0,16463.0
391,-2239.2859025478037,16497.235981014688
392,-2306.787914701014,16613.972445451283
393,-2313.0,16624.0
394,-2428.0,16791.0
395,-2441.6154979211183,16808.499003614605
396,-2549.0,16934.0
397,-2552.386287987706,16937.669330911383
398,-2632.0,17019.0
399,-2779.2147434283306,17151.30543657696
400,-2848.0,17209.0
401,-2927.2775571946204,17269.97527488421
402,-2998.0,17317.0
403,-3099.6532135748444,17379.669169282115
404,-3155.0,17411.0
405,-3348.0,17503.0
406,-3366.773814976839,17510.947774496763
407,-3495.0,17560.0
408,-3695.320067344621,17618.616352769204
409,-3766.0,17637.0
410,-3872.492578634358,17661.10466847237
411,-3931.0,17673.0
412,-4009.1706935078855,17689.403179192817
413,-4017.0,17691.0
414,-4105.0,17708.0
415,-4151.441246471573,17716.83415530088
416,-4288.0,17743.0
417,-4319.137015723992,17749.142127896936
418,-4349.170280411679,17754.599864272277
419,-4374.0,17758.0
420,-4413.9716859996315,17762.98514564511
421,-4510.0,17774.0
422,-4526.771353936906,17775.5674594858
423,-4538.0,17774.0
424,-4607.065324372459,17760.892937150125
425,-4616.0,17758.0
426,-4653.76521541498,17740.33195897783
427,-4661.0,17736.0
428,-4684.904655334092,17719.21087115899
429,-4704.0,17702.0
430,-4738.327680734041,17664.609465560403
431,-4758.0,17641.0
432,-4768.110612218338,17627.9662719656
433,-4793.0,17584.0
434,-4806.0,17555.0
435,-4806.524011674099,17553.723990857183
436,-4830.388579946445,17478.949969316025
437,-4835.0,17459.0
438,-4847.0,17398.0
439,-4869.244625212619,17304.991467387532
440,-4874.0,17287.0
441,-4890.093933672136,17232.982406956693
442,-4918.0,17163.0
443,-4938.349192437235,17115.680050587027
444,-4960.0,17068.0
445,-4992.2546125612835,16999.5119186718
446,-5029.0,16923.0
447,-5068.722055811852,16840.96881926684
448,-5073.0,16832.0
449,-5141.0,16688.0
450,-5173.610567469064,16618.210733099757
451,-5218.0,16521.0
452,-5248.668641460289,16454.91580501302
453,-5263.0,16425.0
454,-5323.0,16307.0
455,-5347.1263748723395,16260.504153669259
456,-5386.0,16187.0
457,-5448.0,16075.0
458,-5468.770230375253,16037.46334381644
459,-5518.0,15949.0
460,-5573.20210213225,15853.40680186757
461,-5585.0,15833.0
462,-5639.0,15739.0
463,-5695.94656483455,15640.375702304067
464,-5715.0,15607.0
465,-5770.0,15509.0
466,-5832.512963795687,15396.405974619414
467,-5852.0,15361.0
468,-5913.0,15249.0
469,-5946.444508432003,15185.769359354941
470,-5987.0,15108.0
471,-6007.537055451966,15068.792047346873
472,-6111.219385459534,14871.435568432824
473,-6123.0,14849.0
474,-6158.0,14783.0
475,-6159.1404224838725,14780.903242361726
476,-6237.50384679719,14637.448923488711
477,-6317.0,14491.0
478,-6340.762237726414,14446.636498706888
479,-6426.0,14283.0
480,-6433.800023558457,14267.782670806198
481,-6490.0,14155.0
482,-6511.280129942501,14109.914728050226
483,-6618.072941352627,13875.621410787977
484,-6631.0,13847.0
485,-6663.749047520643,13773.367202667263
486,-6677.0,13742.0
487,-6740.0,13591.0
488,-6742.111621785441,13585.827104916349
489,-6839.296897006328,13338.781614254403
490,-6855.0,13297.0
491,-6899.045494068171,13173.876817576116
492,-6916.0,13123.0
493,-6967.638662319651,12958.30763353951
494,-6986.0,12897.0
495,-7006.525345137792,12826.69394573977
496,-7033.0,12734.0
497,-7075.0,12586.0
498,-7081.12705367337,12564.583019716993
499,-7113.0,12454.0
500,-7119.241698044596,12432.419872329494
501,-7161.0,12288.0
502,-7176.379635664456,12234.32823747886
503,-7236.0,12021.0
504,-7285.512058431517,11835.197713562995
505,-7303.0,11768.0
506,-7333.399661399644,11647.417392857613
507,-7353.0,11565.0
508,-7369.4454702937655,11493.414478978602
509,-7388.0,11411.0
510,-7415.693629345139,11285.366775327613
511,-7422.0,11256.0
512,-7444.975891353431,11145.993194470446
513,-7461.0,11066.0
514,-7490.2819695507205,10908.607045827095
515,-7493.0,10893.0
516,-7559.0,10490.0
517,-7567.758752944581,10434.135468451981
518,-7581.0319135523,10341.738733235134
519,-7593.0,10244.0
520,-7612.0,10085.0
521,-7624.468874050654,9972.366847331792
522,-7637.8880261996255,9834.57784981769
523,-7641.0,9800.0
524,-7659.0,9586.0
525,-7662.302310675765,9544.60876432706
526,-7675.873109834911,9343.515924377582
527,-7678.0,9298.0
528,-7681.0,9226.0
529,-7684.974097245626,9136.545961959093
530,-7689.0,9028.0
531,-7694.126462940207,8759.85471002874
532,-7695.0,8686.0
533,-7696.226406771518,8502.891333905009
534,-7696.0,8210.0
535,-7696.093224320641,8145.461227068668
536,-7696.0,8021.0
537,-7694.295380774292,7835.57617237721
538,-7694.0,7803.0
539,-7693.0384148743215,7684.394887764989
540,-7692.0,7549.0
541,-7691.0,7440.0
542,-7689.58917986352,7303.716810475664
543,-7688.0,7149.0
544,-7687.137959481403,7049.465964818017
545,-7687.0,6967.0
546,-7686.979772310303,6963.31138844232
547,-7686.021267690646,6826.67917824662
548,-7685.0,6693.0
549,-7684.532119126559,6630.7914291397765
550,-7684.0,6565.0
551,-7681.916241395351,6373.716138458438
552,-7681.0,6234.0
553,-7680.0,5976.0
554,-7679.8641423673,5859.243434203638
555,-7680.0,5791.0
556,-7679.977639983527,5755.122471261436
557,-7680.0,5625.0
558,-7680.302477881842,5561.371999809855
559,-7681.913160413957,5377.3965597291035
560,-7682.0,5365.0
561,-7682.809406732459,5197.44903346331
562,-7683.0,5160.0
563,-7684.921247514942,4839.410392236778
564,-7685.0,4825.0
565,-7685.902927892804,4633.130883407778
566,-7686.0,4622.0
567,-7687.368440643584,4489.203690418262
568,-7688.0,4416.0
569,-7688.637125843791,4263.762000495041
570,-7689.0,4173.0
571,-7689.916908176634,4019.293534143201
572,-7690.0,4004.0
573,-7691.0,3797.0
574,-7692.0,3684.0
575,-7693.0,3515.0
576,-7693.113953692711,3492.756719728566
577,-7694.0,3326.0
578,-7694.7452283993425,3211.661240382625
579,-7695.795197494775,3057.741623227597
580,-7696.0,3024.0
581,-7697.0,2854.0
582,-7697.168668162985,2832.141229210645
583,-7698.452152257425,2697.0824076949366
584,-7699.0,2608.0
585,-7699.756515450259,2412.014181342856
586,-7700.0,2361.0
587,-7702.017519278413,2164.2050743216014
588,-7705.0,2019.0
589,-7705.253627741349,2000.4408919077505
590,-7707.0,1848.0
591,-7709.382391156658,1637.1327755561817
592,-7710.0,1582.0
593,-7713.07324610202,1292.175849076671
594,-7714.0,1201.0
595,-7716.251656903299,995.2693508796617
596,-7717.0,936.0
597,-7718.535579072318,820.778068714314
598,-7719.0,785.0
599,-7722.21447803609,519.994872700237
600,-7724.0,361.0
601,-7724.45140375774,314.3636307600813
602,-7725.0,260.0
603,-7726.226743208075,177.09409829212956
604,-7729.0,-18.0
605,-7729.286139863388,-49.50152643669431
606,-7730.0,-141.0
607,-7730.685733715357,-199.88887149572497
608,-7733.0,-368.0
609,-7734.387065650034,-475.73963435315255
610,-7734.0,-532.0
611,-7732.662962869672,-596.8308375755071
612,-7730.0,-683.0
613,-7728.147067216175,-719.8171106835117
614,-7724.858919497679,-754.3647660003538
615,-7723.0,-769.0
616,-7716.2199386079255,-815.4329892674
617,-7708.0,-861.0
618,-7693.0,-920.0
619,-7678.587265802671,-959.1119214395609
620,-7677.0,-963.0
621,-7658.5120889572745,-1005.3956006773784
622,-7654.0,-1015.0
623,-7638.411820466009,-1045.6791415815967
624,-7610.0,-1092.0
625,-7599.744516558312,-1106.8415821124563
626,-7578.0,-1136.0
627,-7546.0,-1170.0
628,-7542.200707543259,-1173.514434221564
629,-7500.0,-1208.0
630,-7482.943504216835,-1218.4776280233732
631,-7463.0,-1229.0
632,-7448.867090511851,-1235.8064292357622
633,-7413.0,-1250.0
634,-7391.4696560251705,-1255.816254009286
635,-7355.0,-1263.0
636,-7291.0,-1273.0
637,-7289.4523366127105,-1273.2198119170243
638,-7224.618095974766,-1282.5185445327004
639,-7207.0,-1286.0
640,-7136.0,-1309.0
641,-7133.746549487407,-1310.049761474221
642,-7047.0,-1359.0
643,-7013.836487170276,-1381.0664712680482
644,-6947.0,-1435.0
645,-6920.093982263049,-1457.1230665223577
646,-6881.0,-1489.0
647,-6747.429062448074,-1590.690119844053
648,-6718.0,-1609.0
649,-6615.0,-1660.0
650,-6593.501542665701,-1667.9620928345892
651,-6530.0,-1687.0
652,-6500.77693629653,-1693.5161569330558
653,-6417.0,-1703.0
654,-6339.015148550712,-1706.6306204800883
655,-6272.0,-1709.0
656,-6213.580052884654,-1710.9863573418154
657,-6148.328163597035,-1712.8233456365651
658,-6079.0,-1715.0
659,-5897.316814569134,-1720.8066392977867
660,-5888.0,-1721.0
661,-5807.725376370327,-1721.5046294259496
662,-5739.0,-1720.0
663,-5632.362391861654,-1716.2069841885248
664,-5559.0,-1714.0
665,-5440.353565176924,-1710.7795576393899
666,-5373.0,-1709.0
667,-5286.657472733079,-1706.7450932055544
668,-5250.0,-1706.0
669,-5212.638154088157,-1705.2276195672594
670,-5112.0,-1703.0
671,-4969.449966685235,-1699.1299403275286
672,-4928.0,-1698.0
673,-4770.0,-1694.0
674,-4766.687610885838,-1693.919210948197
675,-4609.0,-1690.0
676,-4604.797210118436,-1689.8868004079538
677,-4443.58423321244,-1685.3354526197497
678,-4294.0,-1681.0
679,-4181.076188769498,-1677.7905452823693
680,-4110.0,-1676.0
681,-4036.7025109474807,-1674.2855320037315
682,-3909.0,-1671.0
683,-3732.46681287672,-1664.992164062503
684,-3705.0,-1664.0
685,-3466.0,-1656.0
686,-3460.8726297397634,-1655.8621997541668
687,-3264.226265691736,-1651.0624266674376
688,-3137.0,-1648.0
689,-3040.4301376362114,-1645.5767451161212
690,-2991.0,-1645.0
691,-2761.0,-1645.0
692,-2707.1229750985312,-1645.1054196277732
693,-2528.289303437486,-1645.4971068347397
694,-2376.0,-1647.0
695,-2328.340929021579,-1647.864812866892
696,-2152.881781149346,-1652.2469565438541
697,-2056.0,-1654.0
698,-1980.450746872641,-1654.709805300684
699,-1851.0,-1655.0
700,-1762.2902033383862,-1655.0100599527427
701,-1663.0,-1655.0
702,-1525.0,-1655.0
703,-1450.1290294254013,-1654.6635772001052
704,-1276.4803582876157,-1653.2049769776743
705,-1248.0,-1653.0
706,-1142.33783167149,-1652.3150924208517
707,-1109.0,-1652.0
708,-853.4554522664167,-1648.3858464392179
709,-778.0,-1647.0
710,-716.460434059021,-1645.5785973560835
711,-620.0,-1643.0
712,-585.9669259886465,-1642.477528155475
713,-438.9992031281771,-1640.58892138708
714,-408.0,-1640.0
715,-297.7104001509992,-1637.0532496498702
716,-267.0,-1636.0
717,3.0,-1624.0
718,34.6106458478891,-1622.4359556876027
719,246.62022182428157,-1611.530685475637
720,396.0,-1603.0
721,488.5946845871802,-1596.221445610892
722,572.0,-1585.0
723,746.0,-1554.0
724,785.8460974425794,-1544.875083614272
725,987.7534765227413,-1482.4629720742298
726,1017.0,-1471.0
727,1228.0,-1372.0
728,1273.0114882031453,-1347.9030222415117
729,1382.8427309314409,-1280.1089664045792
730,1414.0,-1258.0
731,1692.0,-1040.0
732,1756.9434649964398,-982.537214252389
733,1798.2138956408292,-933.5750038309602
734,1831.0,-894.0
735,1904.7293211663175,-809.2025499434073
736,1985.0,-717.0
737,2023.1138596277906,-672.3051599421972
1,2205.0,-456.0
2,2275.0,-376.0
3,2400.0,-238.0
4,2445.1101462412553,-187.56679292956403
5,2572.0,-45.0
6,2739.0,140.0
7,2798.4137623681668,205.8859317338039
8,2888.0,307.0
9,2926.3989406348283,350.44742790512703
10,2989.0,421.0
11,3078.5211509972214,520.5370655235805
12,3153.0,603.0
13,3166.70172683303,618.2558958367662
14,3246.1953247418255,707.2259927727249
15,3272.0,736.0
16,3337.0,808.0
17,3339.6873198862622,810.9687889150279
18,3440.36597054204,922.0246248860644
19,3462.0,946.0
20,3525.0,1016.0
21,3551.1327470844435,1044.740877588753
22,3607.0,1106.0
23,3631.8846900656886,1133.8748147574388
24,3652.0,1158.0
25,3711.489633905415,1241.165581431181
26,3738.0,1283.0
27,3752.2311967398814,1308.0263133034234
28,3774.0,1373.0
29,3777.7212359641153,1392.555145773065
30,3792.0,1523.0
31,3791.2917461130965,1550.266052749978
32,3781.5377688459,1600.3816755884027
33,3772.0,1631.0
34,3767.931439123619,1642.9509027285749
35,3750.0,1684.0
36,3742.3591837260096,1698.8073671967404
37,3712.3421764539903,1751.4356422368987
38,3710.0,1755.0
39,3679.0,1795.0
40,3677.9027441697735,1796.242859405356
41,3620.0,1855.0
42,3580.8083509705,1885.7336572155514
43,3542.200293625585,1909.1623201165594
44,3527.0,1918.0
45,3487.947336745129,1939.1370377653318
46,3440.0,1955.0
47,3412.259247225341,1962.637976826356
48,3343.0,1980.0
49,3272.0,1990.0
50,3196.0,1994.0
51,3157.233663462682,1993.2981773844065
52,3098.9899241162702,1987.9499336887916
53,3064.0,1982.0
54,3041.0,1977.0
55,2964.2885496721324,1955.3148045472744
56,2883.0,1927.0
57,2831.485979860251,1904.7559159916411
58,2747.0,1856.0
59,2744.7064500476067,1854.5992878807233
60,2672.0,1809.0
61,2639.0,1787.0
62,2595.133334706328,1755.550015129276
63,2516.0,1693.0
64,2451.0,1636.0
65,2382.4375912879827,1569.6311104698157
66,2280.0,1467.0
67,2266.2560615212797,1453.2725708034836
68,2197.1589386096707,1384.5925637695404
69,2137.5682303912527,1330.852716248131
70,2116.0,1314.0
71,2071.4762849169933,1282.7757321923882
72,1968.0494017509918,1223.2769168549044
73,1948.0,1213.0
74,1879.8953975493366,1183.164872315966
75,1791.8814665508423,1168.786993894302
76,1783.0,1168.0
77,1615.0,1162.0
78,1610.7392984499422,1162.1558114352947
79,1493.5709164655652,1179.1157808631124
80,1420.0,1200.0
81,1351.4144993741045,1221.0963244401057
82,1300.1430265928293,1240.4596584615135
83,1277.0,1250.0
84,1249.0,1262.0
85,1190.895606569796,1290.5018132927175
86,1138.0,1320.0
87,1056.0,1371.0
88,975.8198755917426,1430.9370700899321
89,953.0,1450.0
90,838.0,1567.0
91,791.8914301721175,1629.4369336743634
92,725.0,1729.0
93,703.4761387506946,1763.1242672090757
94,673.3498605018979,1825.541130469054
95,665.0,1848.0
96,645.1019479758763,1904.676147713418
97,605.0866671056682,2031.2867535444825
98,603.0,2039.0
99,587.205631238676,2110.862361631679
100,576.0,2192.0
101,557.0,2351.0
102,546.3054717207192,2444.865864834597
103,539.5186006314468,2533.6352685865786
104,539.0,2541.0
105,530.0,2665.0
106,527.5706416307696,2698.2496452577197
107,521.0,2790.0
108,514.2955426278672,2897.026613307073
109,509.0,2982.0
110,496.5647086101207,3175.526474882449
111,494.0,3215.0
112,485.54533264318843,3341.405524875319
113,480.5705599171065,3442.29555443071
114,480.0,3455.0
115,472.50049288831747,3625.5454604698375
116,470.0,3684.0
117,465.59443457352313,3793.25808869239
118,461.15011031524716,3914.374053107961
119,460.0,3942.0
120,454.1736429693352,4076.901752886281
121,449.0,4197.0
122,444.55035765656817,4309.423790079224
123,441.05316973046456,4405.0359574051445
124,439.0,4457.0
125,433.6531340891372,4588.663925310225
126,429.0,4703.0
127,422.837698171636,4864.5052721715965
128,420.0,4937.0
129,418.0832317842834,4983.618060350468
130,412.0,5139.0
131,411.0891122764939,5165.8409637757395
132,404.0,5395.0
133,403.2462167292752,5417.449961761261
134,396.0,5602.0
135,395.8483998311283,5605.964235763588
136,391.0,5740.0
137,389.8596881622813,5775.450779630091
138,385.0270748239101,5942.182038834546
139,382.0,6014.0
140,380.0,6058.0
141,378.1134674889548,6104.950814868797
142,374.0,6253.0
143,373.30709465474183,6275.31236452423
144,367.0,6448.0
145,362.5260498322721,6560.86074209563
146,360.0,6626.0
147,350.0,6913.0
148,349.7824285916385,6919.35374345596
149,340.4597552507566,7188.905476765138
150,340.0,7202.0
151,334.33833340233974,7361.644673471997
152,333.0,7402.0
153,326.0,7621.0
154,322.55727463981094,7716.011684266472
155,316.0,7886.0
156,312.0,7997.0
157,311.80324011993656,8002.665498187718
158,306.686432157434,8156.704049136608
159,305.0,8208.0
160,300.0,8356.0
161,297.7930260331119,8417.294469436203
162,289.0,8653.0
163,284.0,8802.0
164,281.5637847341459,8876.404064981447
165,274.0,9105.0
166,272.60731403423466,9144.551902045052
167,267.0,9289.0
168,264.5111871579749,9356.885765787909
169,258.33129862895726,9538.715216413737
170,258.0,9549.0
171,254.0,9673.0
172,253.3951010266097,9689.691670021111
173,249.82581644001266,9775.68395884697
174,249.0,9797.0
175,244.56063938821927,9925.292602416246
176,243.0,9974.0
177,241.82039128968407,10013.588818982464
178,241.4218589521829,10051.652113481836
179,242.0,10074.0
180,245.0,10138.0
181,247.85371171284766,10171.862212261265
182,261.28030651790704,10260.793688359552
183,264.0,10274.0
184,283.0,10352.0
185,290.7986695017099,10379.413786519137
186,308.1900049506742,10429.947638601887
187,316.0,10450.0
188,328.0,10479.0
189,336.42695670875406,10497.323411329053
190,359.113067074033,10539.529203425423
191,374.0,10563.0
192,398.87422876061555,10596.58529807292
193,409.0,10608.0
194,442.0,10638.0
195,456.75279360843217,10649.297282291036
196,479.0,10664.0
197,539.1782753593146,10689.72735387991
198,578.0,10699.0
199,585.7237982144654,10700.310903420597
200,629.0,10705.0
201,692.0789096126825,10707.967840975385
202,731.0,10709.0
203,765.7716718199093,10709.459583127296
204,834.0,10709.0
205,852.6052502894322,10708.970218086037
206,961.0,10709.0
207,978.947078130717,10708.93269580899
208,1029.4840865098008,10708.455912143256
209,1120.0,10709.0
210,1173.9177443681,10709.756890385412
211,1256.0,10711.0
212,1305.0223583260126,10711.657499035466
213,1408.9759630538379,10712.532958882683
214,1498.0,10713.0
215,1546.4988345271172,10713.456006509014
216,1633.0,10714.0
217,1636.1931656320119,10714.002314741898
218,1739.0,10714.0
219,1754.7736297442323,10714.100584443991
220,1847.0,10715.0
221,1939.0,10715.0
222,1942.5162577052367,10715.005502104972
223,2066.676964689689,10716.113212964536
224,2103.0,10717.0
225,2250.0,10724.0
226,2267.5469538202483,10725.588556318005
227,2436.0,10755.0
228,2548.0,10785.0
229,2578.1541348015985,10794.282179317786
230,2696.023753851357,10836.83072449279
231,2704.0,10840.0
232,2831.0,10898.0
233,2975.6959094945096,10979.85447299055
234,3005.0,10997.0
235,3140.8647031438904,11085.01271599107
236,3156.0,11096.0
237,3264.0,11180.0
238,3283.112547018069,11197.417957762525
239,3415.521314351256,11332.671108151166
240,3478.0,11401.0
241,3522.1892458876446,11452.481262432244
242,3570.2615453270064,11524.938908455078
243,3575.0,11532.0
244,3632.3361888441636,11616.723907014632
245,3646.0,11638.0
246,3723.880834900582,11781.076913024142
247,3728.0,11790.0
248,3770.736662793344,11891.19547559256
249,3813.0,12004.0
250,3829.063254017353,12051.654660144859
251,3849.8481738775436,12136.810353446985
252,3851.0,12142.0
253,3865.0,12211.0
254,3874.128841167335,12290.377430698141
255,3877.0,12351.0
256,3874.8676674899684,12406.36887868124
257,3861.714386934233,12481.598370063852
258,3861.0,12485.0
259,3850.660083418918,12526.381411812747
260,3841.0,12553.0
261,3815.0,12612.0
262,3814.1683343216,12613.592985884234
263,3790.0827595025503,12653.469854115503
264,3778.0,12670.0
265,3731.0,12718.0
266,3699.90517847956,12738.50037618522
267,3679.0,12750.0
268,3661.0,12759.0
269,3625.5683919698604,12772.681163696665
270,3596.0,12782.0
271,3551.088693938781,12795.025949888628
272,3532.0,12801.0
273,3484.0,12820.0
274,3460.948606221123,12832.187302605987
275,3426.0,12854.0
276,3420.130638513692,12858.189974177047
277,3385.0,12890.0
278,3370.065707836289,12907.745349999772
279,3340.0,12950.0
280,3328.6399611978904,12970.10640708914
281,3308.2822678183365,13026.53505307265
282,3301.0,13057.0
283,3296.320152487267,13087.68383147697
284,3296.0,13116.0
285,3296.3469700225555,13126.925025924093
286,3301.0,13172.0
287,3301.3975783798005,13174.034047348576
288,3323.8182058059565,13251.578856854292
289,3335.0,13283.0
290,3352.096088910366,13322.711272093704
291,3366.0,13349.0
292,3407.5384671062952,13424.639578109665
293,3424.0,13454.0
294,3456.0,13510.0
295,3472.184003376739,13537.471579661968
296,3490.0,13568.0
297,3519.0,13621.0
298,3549.337368924428,13682.580526635504
299,3557.0,13699.0
300,3579.698534817591,13753.376198990334
301,3584.0,13767.0
302,3607.0,13856.0
303,3612.3667436787405,13880.147822003672
304,3616.485813544231,13909.613472448256
305,3615.0,13940.0
306,3613.78224859083,13973.597705797725
307,3612.0,14001.0
308,3606.0,14042.0
309,3577.0,14134.0
310,3576.2650593575927,14135.933306883297
311,3544.84900568582,14192.936940284337
312,3523.0,14215.0
313,3510.9238305270073,14227.046990705434
314,3476.0,14252.0
315,3473.932105057425,14253.056337105598
316,3421.0,14276.0
317,3402.267651821184,14283.237942206426
318,3356.0,14289.0
319,3325.5047046226364,14289.590253223245
320,3217.0,14291.0
321,3210.051911730094,14291.037992145284
322,3184.0008890464596,14290.711229845263
323,3167.0,14290.0
324,3105.180709803458,14287.202297307042
325,3100.0,14287.0
326,3011.4774700685675,14284.71934231607
327,2949.0,14284.0
328,2929.423856886163,14283.853371914687
329,2871.0,14283.0
330,2845.0,14282.0
331,2807.886839476934,14280.981262048366
332,2749.0,14280.0
333,2661.0,14278.0
334,2634.197083736493,14277.401693965763
335,2448.0866747474297,14273.545793045885
336,2420.0,14273.0
337,2364.3525114861122,14271.993163546502
338,2315.0,14271.0
339,2283.3885204443604,14270.268426221686
340,2147.0,14267.0
341,2059.5025611274377,14265.083011485403
342,1915.0,14262.0
343,1872.763236817802,14261.059207378235
344,1723.0,14258.0
345,1709.6308377786386,14257.838978031174
346,1580.0,14257.0
347,1336.0,14257.0
348,1311.9328225995432,14257.038341329047
349,1205.8373723824518,14257.402390458605
350,1137.956357431508,14257.862227288488
351,1113.0,14258.0
352,995.9174043464726,14258.489305903977
353,883.0,14259.0
354,682.0,14260.0
355,585.509322565288,14260.357962282626
356,467.0,14261.0
357,376.3543254717429,14262.399598382224
358,263.0,14268.0
359,259.5711663929015,14268.221507886197
360,85.74547908809122,14284.034801985255
361,51.0,14289.0
362,-187.0,14330.0
363,-231.19343271669072,14338.284687424635
364,-349.71789567974474,14363.383264326054
365,-421.81337092941567,14384.313022527946
366,-453.0,14394.0
367,-596.0,14442.0
368,-616.8680972364605,14449.844167318104
369,-678.0,14474.0
370,-783.6226589721805,14519.56267276342
371,-967.0,14610.0
372,-971.058226775697,14612.202596083733
373,-1110.9335586075385,14698.718519893062
374,-1168.0,14742.0
375,-1316.0,14869.0
376,-1340.0340521222452,14892.071700953018
377,-1357.0,14909.0
378,-1553.0,15141.0
379,-1581.0752427902428,15181.17285665964
380,-1673.8780222888581,15323.243063787517
381,-1680.0,15333.0
382,-1730.6198850883134,15420.898446167863
383,-1745.0,15449.0
384,-1812.1966522371547,15585.17588565935
385,-1840.0,15644.0
386,-1883.7168360826424,15740.653179663084
387,-1909.0,15797.0
388,-1979.0,15950.0
389,-1981.0445692220226,15954.469078308464
390,-2078.0,16167.0
391,-2115.195114222671,16247.29367178517
392,-2180.0,16382.0
393,-2251.0,16517.0
394,-2253.3824423498786,16521.320543184876
395,-2335.450739406152,16660.006883288326
396,-2342.0,16670.0
397,-2436.0,16801.0
398,-2439.2716323392115,16805.194063295727
399,-2569.0,16955.0
400,-2639.7850202447726,17026.654558003265
401,-2660.0,17046.0
402,-2808.0,17176.0
403,-2827.5708545978637,17191.72651434741
404,-2978.0,17304.0
405,-3035.7578519892386,17342.754552743427
406,-3158.0,17413.0
407,-3283.8249119602956,17474.630771177002
408,-3324.0,17493.0
409,-3424.045263985287,17535.63890686595
410,-3522.0,17569.0
411,-3727.1906512329565,17625.773322772227
412,-3821.0,17650.0
413,-3884.8491244992197,17664.796232937053
414,-3925.0,17672.0
415,-4153.0,17717.0
416,-4181.040403129513,17722.556264321945
417,-4236.89976565436,17733.536028990944
418,-4256.256141551793,17737.053082851264
419,-4267.0,17739.0
420,-4308.862692525406,17746.597642381872
421,-4345.0,17753.0
422,-4378.340856363056,17758.773878915497
423,-4430.0,17767.0
424,-4470.399633458725,17772.110578783828
425,-4508.0,17774.0
426,-4566.665272387756,17770.515016646525
427,-4571.0,17770.0
428,-4607.09292314267,17763.065929641387
429,-4647.0,17744.0
430,-4648.106448228988,17743.337648306835
431,-4687.23277040144,17716.253798274272
432,-4690.0,17714.0
433,-4728.0,17678.0
434,-4732.407375680915,17673.203922928868
435,-4757.0,17642.0
436,-4807.0,17552.0
437,-4809.711214675415,17546.196671724814
438,-4819.017908202462,17520.99920442016
439,-4824.0,17502.0
440,-4837.0,17448.0
441,-4844.11835642317,17411.989593073376
442,-4854.935063934599,17359.536558742984
443,-4862.0,17333.0
444,-4895.0,17223.0
445,-4908.802744615224,17182.034959271823
446,-4934.140283746342,17122.11270667596
447,-4954.0,17080.0
448,-4982.986011208071,17019.013523975398
449,-5055.0,16869.0
450,-5059.055128441794,16860.704858100376
451,-5074.50214153227,16830.034517100798
452,-5113.0,16749.0
453,-5138.9577032218185,16693.000750951367
454,-5228.0,16500.0
455,-5230.029179162688,16495.604364959956
456,-5266.933652234397,16416.00635055669
457,-5291.0,16368.0
458,-5302.168516680385,16346.132665293511
459,-5349.20014265653,16255.217397724311
460,-5353.0,16248.0
461,-5404.0,16154.0
462,-5425.010884310124,16116.088093583126
463,-5514.528369631101,15955.559664551369
464,-5521.0,15944.0
465,-5580.492106564842,15838.986310083465
466,-5606.8062302519065,15793.732641214603
467,-5621.0,15769.0
468,-5689.0,15651.0
469,-5696.915202711321,15637.799396857255
470,-5707.0,15621.0
471,-5803.0,15449.0
472,-5805.400516727299,15444.606319017297
473,-5925.108060234702,15224.152572887775
474,-5937.0,15202.0
475,-5972.793814660185,15134.574910826079
476,-6013.0,15058.0
477,-6028.614764888745,15028.42963971588
478,-6086.0,14920.0
479,-6130.229201935753,14836.293871017982
480,-6164.0,14773.0
481,-6234.0,14644.0
482,-6251.268543358157,14612.240672852662
483,-6345.0,14439.0
484,-6346.902582242598,14435.449013196714
485,-6431.659255681727,14271.8747023376
486,-6439.0,14257.0
487,-6528.575103567955,14072.413015455628
488,-6536.0,14057.0
489,-6588.506178528753,13947.193076355845
490,-6624.814810959322,13862.703291843094
491,-6642.0,13822.0
492,-6687.697917681295,13713.866326092633
493,-6756.0,13552.0
494,-6768.823945441314,13521.396674919934
495,-6793.511229114412,13459.882625338825
496,-6805.0,13429.0
497,-6915.399018554648,13121.42068795609
498,-6931.0,13076.0
499,-6959.673968335906,12986.979163070531
500,-6983.0,12906.0
501,-7000.766190787128,12844.286896821503
502,-7063.0,12628.0
503,-7068.79409460223,12607.851621165617
504,-7096.0,12513.0
505,-7169.0,12257.0
506,-7182.632043386413,12209.494511970004
507,-7216.858092234941,12092.75607496015
508,-7260.0,11932.0
509,-7280.181036466127,11853.442251013195
510,-7316.0,11713.0
511,-7326.753453283318,11670.78713688705
512,-7362.0,11527.0
513,-7366.249233338923,11508.370206671385
514,-7397.584643991856,11367.225059309594
515,-7415.0,11287.0
516,-7425.591115593356,11237.427894464954
517,-7442.0,11157.0
518,-7457.837764866448,11075.614346825054
519,-7506.0,10819.0
520,-7526.430996232741,10704.107011530497
521,-7543.666440283779,10594.926256019035
522,-7557.0,10503.0
523,-7564.633258966953,10449.549215857825
524,-7599.0,10193.0
525,-7599.6608804140305,10187.641623841275
526,-7619.0,10024.0
527,-7625.277066633689,9966.179796642155
528,-7638.0,9837.0
529,-7645.862213084129,9751.318479062304
530,-7654.0,9657.0
531,-7658.836860425342,9595.83209126846
532,-7667.0,9478.0
533,-7668.462715297714,9454.575496666042
534,-7680.0,9243.0
535,-7681.9055354661305,9205.321419722412
536,-7684.0,9162.0
537,-7691.0,8971.0
538,-7694.8771457555595,8733.087619137763
539,-7696.0,8617.0
540,-7696.462820857312,8525.438494028298
541,-7696.0558563939485,8396.418263475553
542,-7696.0,8301.0
543,-7696.0,8239.0
544,-7695.848757558634,8089.743620947111
545,-7695.0,7945.0
546,-7694.401290349334,7881.323125067435
547,-7692.0,7661.0
548,-7691.767568259017,7636.739322834274
549,-7690.331243904592,7438.289249654921
550,-7690.0,7376.0
551,-7689.626915478064,7297.4081531759
552,-7689.0,7192.0
553,-7688.618697313017,7148.593179258889
554,-7687.0,6990.0
555,-7686.824724120537,6966.045086401493
556,-7686.0,6805.0
557,-7685.858892134558,6780.95855739387
558,-7685.0,6657.0
559,-7684.816525456591,6632.826675772504
560,-7683.27251120188,6446.849685890491
561,-7683.0,6416.0
562,-7681.660197092527,6268.630634934759
563,-7681.0,6174.0
564,-7680.225504792945,5998.54163076619
565,-7680.0,5885.0
566,-7680.199006616201,5727.650509483819
567,-7681.0,5537.0
568,-7681.14609793106,5487.218864004568
569,-7682.0,5292.0
570,-7683.31510650986,5174.092596752161
571,-7684.0,5103.0
572,-7685.0,4857.0
573,-7685.430182208251,4782.002415405786
574,-7687.0,4555.0
575,-7687.730536659791,4394.506154548875
576,-7688.0,4336.0
577,-7688.914590681475,4178.090989604806
578,-7690.0,4003.0
579,-7690.142639284964,3978.7561883701865
580,-7691.0,3840.0
581,-7691.048302031149,3833.481690626334
582,-7692.73715999749,3635.516892396608
583,-7693.0,3601.0
584,-7693.843545108392,3464.647415231634
585,-7694.0,3409.0
586,-7694.0,3332.0
587,-7696.0,2996.0
588,-7696.23578787831,2957.9358280262063
589,-7698.0,2659.0
590,-7698.802441256888,2572.7835768253376
591,-7699.0,2544.0
592,-7700.0,2370.0
593,-7701.72731610062,2208.254904077915
594,-7703.0,2119.0
595,-7704.645369809248,2017.044840063076
596,-7706.0,1926.0
597,-7706.746075898496,1861.9854525784779
598,-7708.0,1732.0
599,-7711.0,1480.0
600,-7711.593662663386,1434.9121826423961
601,-7713.0,1325.0
602,-7714.05614042928,1214.3362803479667
603,-7716.0,1015.0
604,-7719.693053930283,751.833496594817
605,-7721.0,657.0
606,-7721.912154639894,535.7616049614234
607,-7723.0,431.0
608,-7726.766834611748,152.9755944355665
609,-7727.0,136.0
610,-7728.433084875513,29.578976920830446
611,-7729.0,-27.0
612,-7729.641783453966,-89.86176421271566
613,-7731.0,-216.0
614,-7731.495218853556,-257.2688860971872
615,-7732.0,-300.0
616,-7733.0,-407.0
617,-7733.224587430662,-432.033927604793
618,-7734.0,-566.0
619,-7733.510110399224,-607.872152642313
620,-7731.0,-672.0
621,-7730.044267699326,-688.3574304613538
622,-7725.0,-752.0
623,-7722.368582104717,-774.4848074013285
624,-7718.0,-805.0
625,-7714.5719469056185,-825.7768033010618
626,-7704.0,-878.0
627,-7686.286389820595,-940.3241619941955
628,-7685.0,-944.0
629,-7670.1490811120475,-981.1089165941305
630,-7651.0,-1021.0
631,-7644.451043581754,-1033.7293555105848
632,-7623.0,-1072.0
633,-7610.752437974577,-1090.8682877096217
634,-7577.75310034317,-1134.5376214921807
635,-7551.0,-1166.0
636,-7536.123869283476,-1181.103196534969
637,-7512.0,-1199.0
638,-7504.7882141568225,-1204.4270549957114
639,-7491.0,-1214.0
640,-7412.067571345445,-1248.4585519796028
641,-7392.0,-1255.0
642,-7361.787526469468,-1263.0234846381709
643,-7294.0,-1272.0
644,-7282.19413314178,-1273.1789231557889
645,-7232.0,-1281.0
646,-7166.123468191861,-1299.572894914181
647,-7133.0,-1310.0
648,-7098.1458483981605,-1325.1062151510955
649,-7083.0,-1336.0
650,-6964.656959337903,-1421.762177482584
651,-6959.0,-1426.0
652,-6895.768784006756,-1475.4062917637536
653,-6835.0,-1526.0
654,-6803.230319871381,-1552.1385452708705
655,-6744.147361234809,-1594.2954403369104
656,-6710.0,-1613.0
657,-6661.077709634212,-1637.0702241078282
658,-6585.0,-1671.0
659,-6540.924606251158,-1686.4051630124104
660,-6496.0,-1693.0
661,-6431.978584503027,-1700.9522033829696
662,-6379.0,-1706.0
663,-6282.536340451384,-1710.8919324096764
664,-6140.484163855977,-1712.8580836710253
665,-6133.0,-1713.0
666,-6075.3096312298,-1714.6776331345204
667,-6019.0,-1717.0
668,-5922.554932905764,-1720.173359982224
669,-5879.0,-1721.0
670,-5813.806767411719,-1720.877623107645
671,-5702.0,-1718.0
672,-5546.561629823674,-1713.81755823819
673,-5481.0,-1712.0
674,-5396.070164655414,-1709.3655692034476
675,-5382.0,-1709.0
676,-5238.3061036071285,-1705.7302383190854
677,-5119.0,-1703.0
678,-4994.314331710188,-1699.844273481129
679,-4959.0,-1699.0
680,-4813.513142143978,-1695.8269314632737
681,-4710.0,-1693.0
682,-4610.948403199835,-1689.330644993617
683,-4601.0,-1689.0
684,-4401.0,-1684.0
685,-4396.825692116936,-1683.896124374067
686,-4251.0,-1680.0
687,-4104.908471000428,-1676.335171556663
688,-4053.0,-1675.0
689,-3823.951688815165,-1668.1063206622366
690,-3790.0,-1667.0
691,-3690.5556522397064,-1663.7644916992408
692,-3503.7957567981925,-1657.7426741350685
693,-3370.3298598175984,-1653.7674009322363
694,-3307.0,-1652.0
695,-3164.2986292992155,-1648.2783046657728
696,-3153.0,-1648.0
697,-3004.867121691528,-1645.1231398375867
698,-2991.0,-1645.0
699,-2646.0,-1645.0
700,-2579.013550121003,-1645.202458882138
701,-2295.0,-1648.0
702,-2271.1866683054755,-1648.425887125231
703,-2106.982857332316,-1651.6759675544517
704,-1923.0,-1655.0
705,-1890.9623850850178,-1655.3739862802558
706,-1719.0,-1655.0
707,-1630.4816368869806,-1655.0380470019911
708,-1513.0,-1655.0
709,-1344.0025441771347,-1653.4168007222756
710,-1298.0,-1653.0
711,-1076.683095864563,-1651.1783277722127
712,-1055.0,-1651.0
713,-891.7095011481169,-1649.4770859035732
714,-785.0,-1647.0
715,-601.6720783277765,-1643.15935154868
716,-540.0,-1642.0
717,-376.7895425634303,-1639.898069774201
718,-320.0,-1638.0
719,-86.95050514316301,-1627.7217245250433
720,-50.0,-1626.0
721,133.31694537316352,-1617.212273938616
722,197.0,-1614.0
723,388.1522143924252,-1602.9894897183913
724,401.0,-1602.0
725,559.0,-1586.0
726,693.154986043682,-1565.2525298886765
727,741.0,-1555.0
728,850.3312132954499,-1527.2628131083118
729,903.0,-1512.0
730,1036.0,-1464.0
731,1058.7120263884653,-1454.1502804133713
732,1322.0,-1317.0
733,1362.782890227597,-1292.1920887323004
734,1545.8685991620987,-1165.1627330498088
735,1567.0,-1149.0
736,1724.1709334910054,-1008.9437708239252
737,1731.0,-1002.0
738,1807.230796049337,-921.3375281989204
739,1916.0,-799.0
740,2049.0,-640.0
1,2219.3176518000187,-441.2782443124461
2,2374.000415695986,-266.8885138583287
3,2389.0,-250.0
4,2505.0,-120.0
5,2669.0,62.0
6,2709.1020903729986,106.52833070562598
7,2829.382486115659,241.18204217763008
8,2879.0,297.0
9,2931.2602582419177,355.6937326820847
10,3019.0,454.0
11,3058.5973192788956,498.1752714626735
12,3089.0,532.0
13,3180.0,633.0
14,3214.771605328338,671.7869180135849
15,3325.141477767921,795.4831076796111
16,3331.0,802.0
17,3414.7473588765324,894.4058529734208
18,3429.0,910.0
19,3503.0,991.0
20,3513.649948215985,1002.9490919367059
21,3542.0,1035.0
22,3616.0,1117.0
23,3643.860617774767,1147.8718960331141
24,3694.0,1212.0
25,3713.65763521442,1244.6569472961794
26,3772.0,1364.0
27,3777.9413519052373,1378.9443010098748
28,3786.0,1422.0
29,3786.6852760197635,1429.2260893697285
30,3792.1130135223157,1516.346566766035
31,3791.0,1543.0
32,3784.7099507609732,1585.485272830773
33,3779.0,1609.0
34,3770.4644931598273,1637.0189382002466
35,3762.0,1660.0
36,3750.5137455445124,1686.2228378491814
37,3740.0,1707.0
38,3719.3245636079055,1741.9345252909657
39,3688.0,1785.0
40,3674.67896929562,1800.863028487087
41,3643.0,1834.0
42,3623.467410583678,1851.7784194668134
43,3588.0,1880.0
44,3566.743508311319,1894.841358419693
45,3549.0,1906.0
46,3506.1907790227224,1928.5006034155767
47,3503.0,1930.0
48,3462.0702511114564,1947.5703923302053
49,3453.0,1951.0
50,3365.0,1976.0
51,3318.496480359466,1984.6239474922986
52,3302.0,1987.0
53,3267.7690189681343,1990.745245459369
54,3251.0,1992.0
55,3215.177007811474,1993.4987713103505
56,3170.0,1993.0
57,3146.3469913857343,1991.5895745886787
58,3128.0,1990.0
59,3088.9866361712366,1985.3252226142465
60,3049.0,1979.0
61,3032.5802539122988,1975.9840347247793
62,2959.0,1956.0
63,2883.4083755486918,1925.8801230708298
64,2846.0,1910.0
65,2787.3927121191264,1881.241817584798
66,2766.0,1868.0
67,2707.7923703490087,1831.3431129498263
68,2596.0,1756.0
69,2528.86469445083,1703.6956303129118
70,2386.0,1573.0
71,2384.163930804166,1571.2323549920552
72,2353.427559433854,1540.7203074695294
73,2305.0,1492.0
74,2292.3503306291373,1479.473452413747
75,2194.6722193216006,1384.4916521269847
76,2162.0,1355.0
77,2079.7092124638407,1289.2010252618136
78,1951.0,1214.0
79,1927.830204066967,1203.2084108643026
80,1829.0,1175.0
81,1774.8259560971892,1166.6487806911277
82,1715.0,1160.0
83,1692.4995206653925,1158.420734379821
84,1601.0,1163.0
85,1468.2057438750091,1188.788402982674
86,1416.0,1200.0
87,1360.995407820748,1216.7950098026865
88,1356.0,1219.0
89,1139.0,1319.0
90,1057.7878889337755,1368.0034535928876
91,957.4099609470464,1447.3449297752802
92,944.0,1458.0
93,921.3951024627277,1474.9045931785145
94,894.0,1506.0
95,736.641024279668,1712.3542312927939
96,724.0,1730.0
97,689.6845268987299,1788.2891231495114
98,677.0,1820.0
99,652.2862728795681,1880.099260891879
100,630.0,1939.0
101,594.0298524367955,2076.119568555973
102,577.0,2185.0
103,555.0,2373.0
104,550.4323836401403,2417.004944997941
105,541.0,2524.0
106,535.4802819523486,2593.646555872601
107,526.0,2719.0
108,524.5272448401067,2739.0677037374267
109,516.0,2861.0
110,508.0,2991.0
111,505.86467271350614,3025.623466164686
112,496.0,3182.0
113,492.5681445451307,3236.319456129274
114,485.0,3361.0
115,481.4668318029345,3427.410528240049
116,478.0,3497.0
117,475.0,3558.0
118,469.0,3697.0
119,468.7848226193452,3702.2361829888505
120,464.18195238861756,3816.912814182962
121,461.0,3899.0
122,452.0,4137.0
123,451.1546607244008,4158.916728578555
124,447.0,4265.0
125,446.19329603615927,4285.31206914331
126,439.60770016648576,4444.901410152256
127,439.0,4459.0
128,429.0,4688.0
129,425.3946407121366,4773.6540528071155
130,418.31311014183234,4976.663404086605
131,418.0,4986.0
132,414.0,5103.0
133,410.88823531641617,5189.9678666163945
134,403.0,5407.0
135,394.9706152183025,5639.996211454329
136,390.0,5784.0
137,386.0,5887.0
138,385.8456695225735,5891.147117050801
139,380.8670878475097,6032.074599155239
140,380.0,6058.0
141,371.0,6338.0
142,370.7545426502109,6345.168459534123
143,366.0,6479.0
144,362.3618408864194,6580.098840959136
145,359.0,6673.0
146,348.0,6976.0
147,345.61151168869765,7042.536965093711
148,343.0,7119.0
149,337.86894177531826,7269.149286469064
150,330.0,7497.0
151,324.6895192933997,7648.186361764451
152,316.0,7897.0
153,315.4142167784127,7914.867807139098
154,312.0,8025.0
155,311.8278444310468,8030.108388730904
156,307.13079326296736,8162.983185020066
157,300.0,8355.0
158,292.0,8576.0
159,291.78957945667514,8583.4359941747
160,290.0,8650.0
161,287.4631602640061,8725.378114133233
162,284.0,8816.0
163,280.56505230939314,8907.77131566003
164,271.56694598051257,9152.33176326878
165,271.0,9168.0
166,265.22292987318315,9341.609367648458
167,262.0,9438.0
168,255.90890576038535,9612.301031728668
169,254.0,9667.0
170,250.96265466170388,9756.287936572764
171,249.46405048021265,9802.914212022504
172,249.0,9816.0
173,245.64276344383399,9907.125667938613
174,244.0,9949.0
175,242.08265793060642,9995.047339871437
176,241.0,10030.0
177,241.9237938789079,10097.593239121903
178,246.0,10144.0
179,261.0,10259.0
180,267.4064893883445,10298.020634011835
181,287.0,10365.0
182,299.0088126686825,10404.268805206762
183,312.0,10441.0
184,325.0,10470.0
185,328.52355215096,10477.6235217156
186,354.0,10530.0
187,361.0602983925276,10542.283601788926
188,382.0,10574.0
189,386.66186209682724,10580.266513238359
190,425.0,10623.0
191,430.63277810406566,10628.187035055636
192,463.0,10654.0
193,490.63815341214155,10670.803260853418
194,522.0,10683.0
195,573.2424839813012,10695.492129853936
196,634.0,10706.0
197,647.553145507023,10707.734248495879
198,694.0,10709.0
199,719.6370248234518,10709.449507506111
200,764.0,10710.0
201,886.8422994343512,10709.361326578559
202,935.0,10709.0
203,962.6126906323509,10708.850336988586
204,1042.3549487279754,10709.00379741129
205,1054.0,10709.0
206,1126.0,10709.0
207,1187.6917676492997,10709.58702007338
208,1224.0,10710.0
209,1292.8353748966729,10710.65348075582
210,1336.0,10711.0
211,1394.4444317560092,10711.41898662832
212,1484.0,10712.0
213,1501.245906858942,10712.108015162928
214,1610.6233509401927,10712.838544194097
215,1628.0,10713.0
216,1719.0,10714.0
217,1775.0825413331409,10714.529554269222
218,1860.0,10715.0
219,1923.118947370116,10714.858730065762
220,1969.0,10715.0
221,2127.8387266568957,10718.069611679879
222,2206.0,10721.0
223,2233.033810654846,10722.422442581621
224,2320.30112254809,10731.046446462613
225,2369.0,10740.0
226,2437.7414284781667,10755.012286373661
227,2459.0,10760.0
228,2556.5678748196324,10785.266998862651
229,2689.0,10834.0
230,2695.126109617294,10836.606591972053
231,2839.0,10902.0
232,2927.569586991036,10946.96565403049
233,3025.7781471459507,11009.304496654142
234,3058.0,11030.0
235,3186.0,11118.0
236,3247.962495472355,11169.089124016187
237,3338.0,11248.0
238,3437.040839688284,11345.882100658597
239,3530.0,11469.0
240,3532.1303259044157,11471.920308929737
241,3579.005860893339,11536.40684630178
242,3638.0,11626.0
243,3668.959930882951,11678.650773018686
244,3708.0,11750.0
245,3745.478592753978,11826.999194964674
246,3778.0,11904.0
247,3784.3566515719453,11920.39421370892
248,3819.0,12020.0
249,3823.845961641583,12035.544838887716
250,3855.0,12156.0
251,3862.0,12194.0
252,3871.582115447363,12246.38364188412
253,3877.0,12330.0
254,3876.407328321973,12349.232963503198
255,3870.0,12446.0
256,3865.308034743539,12494.247682903124
257,3844.0,12548.0
258,3832.20302503375,12575.099913670632
259,3818.0,12607.0
260,3825.5914045497516,12585.85496711648
261,3831.0,12569.0
262,3802.473731192245,12621.38823984935
263,3776.0,12671.0
264,3756.2078892273275,12701.081252226999
265,3730.0,12719.0
266,3724.791968244182,12722.401718617602
267,3675.0,12753.0
268,3657.913220825567,12761.042528566799
269,3629.0,12772.0
270,3576.0,12788.0
271,3548.296527407581,12795.878136769994
272,3526.0,12803.0
273,3470.7190792713845,12826.4268449025
274,3456.0,12834.0
275,3429.0502128266885,12851.475459181831
276,3418.0,12861.0
277,3377.7745271216477,12899.95649822843
278,3370.0,12908.0
279,3343.2937681184007,12943.09331558058
280,3336.0,12959.0
281,3320.913884907625,12993.056510792623
282,3308.0,13029.0
283,3307.544101076443,13030.620122715765
284,3301.0,13062.0
285,3300.1020265227057,13068.995561426818
286,3297.713567178686,13127.530268404962
287,3299.0,13153.0
288,3302.298632756896,13178.643879618405
289,3313.9713255351526,13223.642846405437
290,3315.0,13227.0
291,3332.0,13277.0
292,3340.9273887561785,13298.87355264096
293,3369.3964419309955,13355.191107484838
294,3372.0,13360.0
295,3418.0,13443.0
296,3434.103919854095,13471.72362223969
297,3466.0,13527.0
298,3467.3626298091144,13529.332467650835
299,3499.7645130740007,13584.997661651641
300,3506.0,13596.0
301,3531.0,13643.0
302,3544.4488582160407,13671.799894163512
303,3590.0,13782.0
304,3599.6264449202954,13809.417703627205
305,3609.0,13868.0
306,3610.522239021847,13881.052166311945
307,3614.0,13915.0
308,3614.6097035491234,13974.902733571927
309,3614.0,13984.0
310,3607.797823718905,14031.711731096791
311,3605.0,14046.0
312,3589.0,14103.0
313,3584.6142253186163,14114.973999319474
314,3573.0,14142.0
315,3547.0,14185.0
316,3527.7826465207336,14209.858449772144
317,3512.0,14226.0
318,3490.688732805434,14242.662178012108
319,3452.0,14264.0
320,3445.384360575459,14266.853064001945
321,3396.0,14282.0
322,3368.636006203229,14286.7348545551
323,3327.0,14291.0
324,3298.0,14292.0
325,3281.4872868786747,14292.095981753666
326,3164.0,14290.0
327,3149.322929865628,14289.653645546821
328,2947.639912167916,14284.43940936483
329,2929.0,14284.0
330,2882.6738355323423,14283.195538193966
331,2873.0,14283.0
332,2819.8622223303573,14281.792728726681
333,2732.1031728340413,14279.648034457534
334,2706.0,14279.0
335,2611.925537424649,14276.68837860676
336,2571.0,14276.0
337,2490.0,14275.0
338,2475.76763095183,14274.754162927058
339,2368.3567246168614,14272.104976404185
340,2320.0,14271.0
341,2244.4685929055263,14269.69818974864
342,2209.0,14269.0
343,2116.385971118094,14266.890981987663
344,2037.0,14265.0
345,1914.514278871644,14262.188517215569
346,1871.0,14261.0
347,1830.3001211328092,14259.768143119723
348,1684.0,14257.0
349,1465.0,14257.0
350,1442.9368556434272,14257.023713827088
351,1372.1222524048112,14256.946057173787
352,1332.0,14257.0
353,1282.1684652723784,14257.168838631314
354,1144.0,14258.0
355,1047.0,14259.0
356,1022.9628351693048,14259.165687726938
357,777.0,14260.0
358,769.0418460406206,14260.023330998587
359,596.7168508281256,14260.578597063923
360,500.0,14261.0
361,475.6033781249783,14261.137728837277
362,340.0,14264.0
363,217.07843765269405,14270.291002173633
364,208.0,14271.0
365,75.0,14286.0
366,39.53830872746644,14290.954946546524
367,-169.87297798070458,14326.329829822458
368,-194.0,14331.0
369,-290.8282825351132,14350.916737256457
370,-372.0,14371.0
371,-386.0,14375.0
372,-532.6289087372504,14423.472698661844
373,-752.0,14505.0
374,-794.1282682163858,14522.09468717643
375,-1004.0,14631.0
376,-1033.5405279133267,14648.432066260682
377,-1109.1581532466946,14695.444176060504
378,-1186.0,14756.0
379,-1262.305624243611,14822.725478668977
380,-1386.0,14940.0
381,-1465.3439562042836,15025.329581632408
382,-1615.0,15231.0
383,-1700.0,15368.0
384,-1791.0,15541.0
385,-1831.7697354968748,15626.713380872028
386,-1908.0,15794.0
387,-1916.2942772184426,15812.33701203569
388,-1969.0,15929.0
389,-2003.5759150789063,16004.329627987321
390,-2105.0,16224.0
391,-2138.7242737886136,16296.581209308715
392,-2169.346558610118,16360.717176032356
393,-2199.0,16419.0
394,-2246.017743800893,16508.837750539682
395,-2294.0,16594.0
396,-2315.342895908444,16628.885394371373
397,-2385.0,16733.0
398,-2425.5640261533267,16788.963937314104
399,-2466.0,16839.0
400,-2531.6587190334667,16912.10367632765
401,-2711.0,17094.0
402,-2766.6102217684625,17146.16802743256
403,-2854.0,17213.0
404,-2882.618004079457,17234.28592855466
405,-2990.0,17312.0
406,-3104.0,17383.0
407,-3110.517050186427,17386.60944583317
408,-3263.658503592784,17463.159348497826
409,-3407.0,17527.0
410,-3561.248059666666,17583.337970921166
411,-3654.0,17609.0
412,-3773.0,17639.0
413,-3779.455934811408,17640.497084456845
414,-3930.101710117747,17673.26228218353
415,-4001.0,17688.0
416,-4057.483948059797,17699.044248916554
417,-4085.0,17704.0
418,-4092.3710319240085,17705.41273115528
419,-4162.0,17719.0
420,-4173.58209532104,17721.150428527104
421,-4233.0,17732.0
422,-4280.147475104019,17740.91185504933
423,-4333.0,17751.0
424,-4408.0,17764.0
425,-4438.414390657288,17768.12266362968
426,-4485.0,17773.0
427,-4555.732050689415,17775.056445906113
428,-4586.0,17768.0
429,-4591.0,17766.0
430,-4607.888030734959,17759.497529880424
431,-4651.0,17742.0
432,-4683.586059389672,17720.366149747442
433,-4700.0,17706.0
434,-4770.0,17624.0
435,-4781.9132567142715,17605.37672113902
436,-4819.0,17518.0
437,-4824.287600538385,17500.72082026679
438,-4836.944355395309,17449.51345194746
439,-4845.0,17412.0
440,-4845.34903254407,17410.32997911442
441,-4854.929982201528,17363.48977929621
442,-4859.0,17345.0
443,-4874.420613946851,17282.555975540417
444,-4895.0,17223.0
445,-4901.01662097966,17207.44379496939
446,-4943.043949304248,17106.36017941421
447,-4951.0,17088.0
448,-4978.791119001751,17026.226277911355
449,-5020.0,16942.0
450,-5029.907489536571,16921.817065544834
451,-5060.414681941095,16858.93381056537
452,-5077.0,16824.0
453,-5165.0,16636.0
454,-5167.243838875091,16631.1523564362
455,-5221.0,16514.0
456,-5231.360569667968,16491.542248834754
457,-5266.0,16419.0
458,-5313.050886765094,16325.830407087844
459,-5352.0,16250.0
460,-5391.6608995655615,16175.124352393661
461,-5417.0,16130.0
462,-5462.874369518068,16048.095280588646
463,-5473.0,16030.0
464,-5549.0,15895.0
465,-5589.04019852326,15825.32402003328
466,-5689.0,15652.0
467,-5711.363915079631,15612.813204776021
468,-5825.0,15410.0
469,-5841.0668873529985,15381.135544238014
470,-5878.636133340809,15313.062349977594
471,-5900.0,15273.0
472,-5967.0,15145.0
473,-5996.944799748917,15088.123047287718
474,-6035.0,15016.0
475,-6130.329137726167,14835.335208703109
476,-6145.0,14808.0
477,-6253.139868050644,14608.470553748142
478,-6267.0,14583.0
479,-6317.485050662866,14490.396131614083
480,-6340.0,14448.0
481,-6361.09607992589,14407.78429218721
482,-6418.0,14298.0
483,-6488.0,14159.0
484,-6490.38529847517,14154.11840153808
485,-6557.233148177017,14012.605304984067
486,-6568.0,13989.0
487,-6608.713017452324,13897.643665130941
488,-6670.0,13757.0
489,-6685.2178457473165,13722.355680099954
490,-6702.0,13684.0
491,-6743.236294487491,13587.02925675467
492,-6787.0,13476.0
493,-6816.514297014623,13397.992398804327
494,-6883.0,13219.0
495,-6896.491202942126,13182.573349777384
496,-6936.640656653023,13060.207078752232
497,-6940.0,13049.0
498,-6996.432408207968,12859.639954067236
499,-7015.0,12797.0
500,-7063.49389084091,12629.84076725086
501,-7088.0,12542.0
502,-7138.0,12366.0
503,-7139.939791960947,12359.394567669528
504,-7187.351648945134,12198.565744292146
505,-7194.0,12173.0
506,-7198.0,12157.0
507,-7229.969859410241,12037.467826639735
508,-7266.36360282595,11906.814461975539
509,-7269.0,11897.0
510,-7303.0,11766.0
511,-7363.0,11519.0
512,-7364.5622908869445,11512.290014024824
513,-7401.0,11352.0
514,-7402.421621477558,11345.627928990474
515,-7437.284645742269,11184.121791830456
516,-7444.0,11151.0
517,-7481.0,10962.0
518,-7495.457909372935,10886.385898035007
519,-7521.57681934114,10733.000778624497
520,-7523.0,10724.0
521,-7547.0,10570.0
522,-7583.994336158094,10310.727105703763
523,-7586.0,10295.0
524,-7616.0,10052.0
525,-7625.302164611805,9973.158689194232
526,-7636.420408932412,9855.291904612986
527,-7645.0,9757.0
528,-7650.0,9704.0
529,-7662.067625977148,9547.11824555893
530,-7676.158486029381,9331.539576839285
531,-7677.0,9318.0
532,-7684.707896562939,9164.43032096306
533,-7687.0,9089.0
534,-7691.968867881061,8925.124643828824
535,-7693.0,8877.0
536,-7694.0,8807.0
537,-7694.295933397963,8783.290707775408
538,-7696.0,8612.0
539,-7696.032448898726,8605.898404036754
540,-7696.025146437722,8395.57246983753
541,-7696.0,8363.0
542,-7696.011141968822,8225.876871808281
543,-7696.0,8130.0
544,-7695.768251800908,8007.639223228902
545,-7695.0,7898.0
546,-7693.165817082306,7722.518071412603
547,-7692.0,7613.0
548,-7691.441963828134,7532.523647237102
549,-7691.0,7452.0
550,-7690.357073354637,7371.402585062631
551,-7688.0,7094.0
552,-7687.936638404658,7085.826440212636
553,-7687.408256418621,6993.89281614996
554,-7687.0,6932.0
555,-7686.67810146063,6899.9524478218555
556,-7685.016731834231,6753.385971528878
557,-7684.0,6645.0
558,-7683.063679343118,6492.796264524722
559,-7683.0,6482.0
560,-7682.0,6319.0
561,-7681.775525961915,6275.650294337202
562,-7681.0,6138.0
563,-7680.939525680178,6130.657954529467
564,-7680.0,6028.0
565,-7679.728810954739,5985.71781727928
566,-7680.0,5735.0
567,-7680.043851337694,5725.665002240575
568,-7682.0,5386.0
569,-7682.165113731128,5347.807916732114
570,-7682.675971803432,5188.967063203185
571,-7683.0,5146.0
572,-7685.0,4904.0
573,-7686.333364769613,4726.9534237646785
574,-7687.0,4569.0
575,-7687.349710539085,4505.556169948375
576,-7689.0,4214.0
577,-7689.047665411843,4205.08202096385
578,-7689.503533250317,4094.6457799792242
579,-7690.0,3989.0
580,-7691.410943754699,3761.235894254052
581,-7692.0,3669.0
582,-7693.368596224139,3467.001108593779
583,-7694.0,3386.0
584,-7695.0,3235.0
585,-7695.014330634298,3228.3523150838055
586,-7695.0,3122.0
587,-7695.386181822599,3033.1765696711022
588,-7697.476003246739,2813.7238952107086
589,-7698.0,2743.0
590,-7699.0,2515.0
591,-7699.060345249575,2508.9680964899235
592,-7701.907335585959,2319.7536515372058
593,-7703.0,2192.0
594,-7703.006589464775,2166.9822906490535
595,-7703.0,2115.0
596,-7706.738860674281,1783.9741257186768
597,-7708.0,1696.0
598,-7709.130844471969,1619.9077325693509
599,-7711.0,1486.0
600,-7711.065185315305,1479.8532663836163
601,-7713.0,1295.0
602,-7713.61624109118,1247.8178399645244
603,-7716.0,1084.0
604,-7716.793999463967,1019.3856675776112
605,-7719.0,817.0
606,-7719.847348877345,751.6291889201449
607,-7721.0,663.0
608,-7723.2080618414175,445.38599944420537
609,-7724.0,381.0
610,-7725.0,310.0
611,-7727.452858377579,53.8453227157611
612,-7728.0,-5.0
613,-7731.171300404082,-249.8539231147481
614,-7732.0,-320.0
615,-7733.448553208034,-492.0236227145614
616,-7734.0,-536.0
617,-7734.448958946512,-559.0371767553082
618,-7733.0,-631.0
619,-7732.725226190415,-635.2017115507279
620,-7721.0,-790.0
621,-7716.3372176974035,-843.6737929955025
622,-7703.0,-884.0
623,-7680.364932540036,-950.242378351596
624,-7667.0,-988.0
625,-7640.2585493932365,-1041.9415158701318
626,-7639.0,-1044.0
627,-7602.0,-1104.0
628,-7600.792623690775,-1105.7596484410033
629,-7572.0,-1143.0
630,-7551.930993739268,-1165.247622775072
631,-7543.0,-1174.0
632,-7510.0,-1201.0
633,-7477.696257820577,-1221.9950792353045
634,-7450.0,-1236.0
635,-7435.089906091507,-1242.1747248855597
636,-7409.0,-1251.0
637,-7380.0,-1258.0
638,-7366.744673448881,-1260.55212680447
639,-7273.811616245249,-1274.4549440157048
640,-7270.0,-1275.0
641,-7200.0,-1287.0
642,-7192.978733097587,-1288.8057719531198
643,-7120.865274234491,-1315.6523206572974
644,-7109.0,-1322.0
645,-7037.180805158191,-1367.5442608567016
646,-6995.0,-1397.0
647,-6934.254056094036,-1444.8615107561172
648,-6927.0,-1451.0
649,-6879.420515072475,-1491.2170935147885
650,-6843.0,-1520.0
651,-6733.0,-1600.0
652,-6729.607941917383,-1602.300601751704
653,-6657.2542215028725,-1643.2456715277083
654,-6625.0,-1656.0
655,-6556.954314604497,-1679.6234919494516
656,-6542.0,-1684.0
657,-6469.0033477289135,-1699.0798320971762
658,-6374.0,-1706.0
659,-6331.631181590308,-1707.7061529383013
660,-6171.0,-1712.0
661,-6104.601767354808,-1714.1193176304876
662,-6079.0,-1715.0
663,-5984.0,-1718.0
664,-5866.984217174226,-1721.1953768885548
665,-5802.0,-1721.0
666,-5556.212664062875,-1714.2540545115432
667,-5548.0,-1714.0
668,-5402.724544335139,-1709.9537340433205
669,-5364.0,-1709.0
670,-5243.0,-1706.0
671,-5225.581040099648,-1705.5445325442943
672,-5132.935015539066,-1703.0135709635572
673,-5093.0,-1702.0
674,-4986.563227314058,-1699.4530888825261
675,-4841.0,-1696.0
676,-4773.447686762567,-1694.314715066388
677,-4605.334504839438,-1689.7719689090145
678,-4510.0,-1687.0
679,-4440.420722128953,-1684.8658383508957
680,-4407.0,-1684.0
681,-4159.993958646106,-1677.9220863839869
682,-4124.0,-1677.0
683,-3968.977008856805,-1672.738201879994
684,-3856.7690465716237,-1669.2352253217773
685,-3787.0,-1667.0
686,-3677.2448433593718,-1663.398128480857
687,-3539.0,-1659.0
688,-3533.8288088085274,-1658.8420724977507
689,-3400.341557927151,-1654.8627459978643
690,-3334.0,-1653.0
691,-3175.448300591517,-1648.891565338512
692,-2976.0,-1645.0
693,-2916.912789824066,-1644.359226980393
694,-2799.0,-1644.0
695,-2649.76766705659,-1645.6660739649144
696,-2604.0,-1646.0
697,-2424.0,-1647.0
698,-2277.29200073485,-1647.7681069419614
699,-2227.0,-1649.0
700,-2211.216675093636,-1649.4090006801273
701,-2042.7402295787265,-1653.6885539368004
702,-1944.0,-1655.0
703,-1861.0,-1655.0
704,-1791.826366555183,-1654.9668964540328
705,-1507.0,-1655.0
706,-1415.311395305284,-1654.2901245642947
707,-1388.0,-1654.0
708,-1167.0,-1652.0
709,-1113.6241788620073,-1651.5031600506986
710,-833.5990992685008,-1648.4539586109183
711,-807.0,-1648.0
712,-720.4729468751813,-1645.4673525278413
713,-669.0,-1644.0
714,-542.1138675104413,-1641.6252580650998
715,-496.0,-1641.0
716,-305.0,-1638.0
717,-195.65931779438418,-1633.4510710525487
718,-25.0,-1625.0
719,5.13890849694754,-1623.520477469246
720,166.0,-1616.0
721,229.8520380832627,-1613.4380685438937
722,359.0,-1605.0
723,415.48385770165214,-1599.3284230851161
724,705.0,-1562.0
725,736.1281453650059,-1556.8328942781138
726,911.7150620390884,-1512.7615765649693
727,1007.0,-1475.0
728,1023.5822057916693,-1468.044960665517
729,1150.2062273526967,-1411.6653016163739
730,1245.0,-1362.0
731,1296.1189312711685,-1332.4276738030171
732,1368.0,-1288.0
733,1446.7562234056336,-1235.1685231180065
734,1680.1159714191278,-1044.325327727815
735,1796.9542435676244,-927.7231992575746
736,1889.8135189573009,-827.6579077182528
737,1932.0,-780.0
738,2028.0835281599461,-666.2539891373874
1,2251.0,-403.0
2,2402.6325846623026,-233.98676901745972
3,2443.0,-189.0
4,2558.861879502463,-59.93853966416342
5,2618.0,6.0
6,2657.4087131563874,49.981498676376845
7,2747.0,150.0
8,2895.1828395306898,315.3988319558752
9,2928.0,352.0
10,3056.215572673393,494.4351440817364
11,3102.0,546.0
12,3125.3726497947728,572.4331562030802
13,3195.0,651.0
14,3277.0,742.0
15,3296.3394974817065,763.619145816572
16,3328.0,799.0
17,3402.251302038726,879.9481651580612
18,3417.0,896.0
19,3506.6719251445234,994.9608708033294
20,3521.0,1011.0
21,3648.0,1154.0
22,3665.5401382375508,1173.4231537556354
23,3707.671749700879,1230.5475125147423
24,3715.0,1245.0
25,3778.0,1386.0
26,3787.3903054080756,1420.4829009757523
27,3788.0,1438.0
28,3797.586422242449,1489.4660536008935
29,3790.0,1552.0
30,3775.6234435189785,1616.017378831474
31,3773.0,1627.0
32,3749.0341394555726,1696.1528657561594
33,3736.0,1713.0
34,3678.0,1796.0
35,3661.303419678466,1815.9649342240668
36,3610.3586424718874,1862.405294308687
37,3575.0,1889.0
38,3565.2719799050437,1896.0293517067462
39,3536.0,1914.0
40,3515.6098572555106,1924.3282408093853
41,3466.936132923026,1946.0875976260495
42,3462.0,1948.0
43,3405.688379820284,1966.1028437779016
44,3395.0,1969.0
45,3347.0,1980.0
46,3345.32312555096,1980.3132460085806
47,3288.0,1989.0
48,3257.810666691197,1992.0564657203752
49,3188.0,1994.0
50,3090.501121665254,1985.9325827099735
51,3070.0,1983.0
52,2989.868372539732,1964.8339986715691
53,2953.0,1953.0
54,2937.723746724086,1947.737474802755
55,2864.0,1919.0
56,2847.412954528667,1911.3072960816248
57,2804.0,1889.0
58,2772.712323069578,1871.2871449287295
59,2729.0,1845.0
60,2711.994399014935,1834.5883997138756
61,2643.0,1790.0
62,2597.0,1756.0
63,2571.599351877669,1736.7465216284395
64,2507.130583473646,1686.1279030137061
65,2501.0,1681.0
66,2418.781322847754,1605.2420797176237
67,2384.0,1571.0
68,2262.0,1449.0
69,2251.4539413481057,1438.4485648420168
70,2194.421708849092,1382.1577932246385
71,2159.0,1351.0
72,2142.1241604393363,1336.8236419377508
73,2072.0,1282.0
74,2015.2598086394783,1245.7680563002225
75,1951.0,1214.0
76,1939.1716270287905,1209.1404935516998
77,1838.0,1178.0
78,1835.8827327872339,1177.5288401108041
79,1730.0347892293528,1161.7488550496805
80,1722.0,1161.0
81,1614.0,1161.0
82,1561.1577266047464,1168.4224218868417
83,1479.0,1183.0
84,1419.9431959826838,1195.2643382234487
85,1341.0,1224.0
86,1310.5372752030944,1236.3505826184808
87,1221.2627423309696,1274.9228215144094
88,1213.0,1279.0
89,1147.0,1315.0
90,1092.1781792633901,1343.8709815254815
91,1014.0,1400.0
92,824.6216017384759,1583.9641354543462
93,815.0,1594.0
94,750.0,1687.0
95,743.4477369594858,1698.141303710499
96,704.0,1765.0
97,678.6818575232488,1814.5205360157197
98,629.0,1944.0
99,616.6753156309255,1985.941810125029
100,582.0,2146.0
101,570.824238177236,2229.2688622904175
102,565.0,2281.0
103,558.6067148749823,2339.5636829889027
104,549.0,2433.0
105,543.0398563426852,2498.010707514645
106,538.0,2559.0
107,534.5770257116138,2603.188329535452
108,529.0,2679.0
109,516.1044989353672,2863.019562716857
110,514.0,2894.0
111,503.0,3070.0
112,502.84799675952,3072.4754180532523
113,489.7175751702925,3283.375755453659
114,489.0,3295.0
115,482.78442472393345,3401.4440332951485
116,482.0,3417.0
117,469.0,3712.0
118,468.16411728186733,3731.0389010889126
119,464.0,3823.0
120,462.333438878494,3866.4591268761296
121,458.0,3983.0
122,453.63147021081505,4100.703762238188
123,450.0,4192.0
124,442.5900627223258,4358.728317952267
125,442.0,4372.0
126,432.6900671487407,4591.72235129543
127,431.0,4636.0
128,425.0,4803.0
129,421.9867744667703,4879.605248907311
130,417.0,5005.0
131,412.51430161056135,5124.968011130118
132,405.53669200766046,5338.441777521785
133,403.0,5415.0
134,398.0,5553.0
135,396.35933531928833,5599.846221950853
136,390.13850768836716,5781.229332942688
137,389.0,5814.0
138,384.0,5954.0
139,383.87495365357404,5957.338770375827
140,378.96679786081955,6084.020263086162
141,378.0,6111.0
142,375.2254191698072,6200.132286392021
143,369.0,6394.0
144,368.7866934185686,6399.767059341763
145,358.0,6680.0
146,355.73156281920717,6743.0655792286025
147,354.84397155734825,6790.20669291437
148,353.0,6851.0
149,349.93450965313497,6934.185598562679
150,341.0,7167.0
151,338.06954840870014,7245.894579848784
152,327.87508601949276,7537.262290724687
153,325.0,7621.0
154,323.4138365072466,7666.777146990647
155,319.0,7795.0
156,314.7421401529085,7921.304671663626
157,307.0,8152.0
158,304.1543505150531,8236.782652029937
159,302.0,8299.0
160,294.81953477947184,8502.508081966138
161,291.0,8614.0
162,286.0,8763.0
163,276.7335184903431,9014.903561002771
164,274.0,9088.0
165,270.6860154921915,9176.113576380056
166,267.3916910060959,9269.9652173988
167,267.0,9282.0
168,262.1532223863894,9433.031091398745
169,256.0,9621.0
170,255.40783494878042,9637.783947411222
171,253.18262480643304,9690.9705448867
172,252.0,9723.0
173,248.69581121256576,9832.921400970099
174,247.0,9878.0
175,244.0,9939.0
176,242.95683414177665,9959.265351249274
177,243.0,10106.0
178,246.78752718738866,10147.559368028327
179,255.0,10222.0
180,262.9301536417336,10277.519476056634
181,272.0,10310.0
182,279.0,10336.0
183,281.12672249448093,10343.74581101356
184,304.0,10418.0
185,310.87263644198913,10436.502220339129
186,335.0,10493.0
187,346.27628765701627,10515.73871814589
188,369.0,10555.0
189,369.6230444655963,10555.947943536201
190,396.1831226598979,10591.620779859277
191,399.0,10595.0
192,429.0,10627.0
193,433.90089515614153,10631.452223151291
194,488.0,10669.0
195,509.58465100505936,10678.685217635317
196,530.0,10686.0
197,564.862383198644,10695.589240397623
198,599.0,10702.0
199,662.0,10708.0
200,706.8645676407057,10710.171339768736
201,826.9926301074014,10711.762859975137
202,943.6994634974332,10710.152507569283
203,1091.0,10709.0
204,1133.9987821506706,10709.216048552287
205,1198.0,10710.0
206,1255.3103941843422,10710.701739750137
207,1287.0,10711.0
208,1417.3479478969161,10711.801703553092
209,1445.0,10712.0
210,1573.9151927962782,10713.219844174604
211,1653.0,10714.0
212,1698.044830838716,10714.364814921893
213,1807.972853833082,10714.88350154937
214,1826.0,10715.0
215,1974.4465058645123,10715.978294788914
216,1984.0,10716.0
217,2096.8167521054033,10716.677727390994
218,2109.0,10717.0
219,2267.0,10725.0
220,2397.064368433168,10743.692855571247
221,2558.042227002024,10789.164709843533
222,2593.0,10800.0
223,2687.958733281851,10833.68795700159
224,2696.0,10837.0
225,2797.0,10881.0
226,2934.724447341467,10954.627659819282
227,2956.0,10967.0
228,3054.0,11028.0
229,3261.075100854911,11184.489907176994
230,3332.0,11242.0
231,3368.8539085569632,11276.844184282523
232,3388.0,11299.0
233,3466.0442965122993,11388.409275206344
234,3494.0,11422.0
235,3571.508575059692,11525.058845381105
236,3594.0,11558.0
237,3674.0,11686.0
238,3682.5877445007945,11701.267939577852
239,3743.5318343673184,11823.864540707114
240,3753.0,11845.0
241,3782.6098282392027,11915.572376518565
242,3806.0,11979.0
243,3820.2829507071365,12023.668991959907
244,3834.0,12071.0
245,3857.0,12169.0
246,3861.071479385613,12196.04553342085
247,3874.2739372230308,12310.48460568749
248,3877.0,12338.0
249,3876.0,12380.0
250,3875.858308377252,12381.272129273344
251,3867.095514521001,12460.58757790265
252,3866.0,12467.0
253,3845.0,12542.0
254,3844.5533638480624,12543.252602416065
255,3828.0,12586.0
256,3825.3060104202837,12592.427902461695
257,3823.653127086011,12592.162962943912
258,3818.0,12601.0
259,3804.9081056084265,12625.219942049127
260,3794.0,12645.0
261,3783.0961840704313,12663.152255871093
262,3754.0,12696.0
263,3696.0,12742.0
264,3673.5134949534904,12757.600653874624
265,3626.0,12773.0
266,3591.475725645785,12783.597677160913
267,3570.0,12790.0
268,3516.0,12807.0
269,3497.819655642293,12815.104558330899
270,3436.0,12846.0
271,3397.2243307377767,12870.768134587666
272,3382.9020008556245,12891.635438992063
273,3381.0,12894.0
274,3352.0,12930.0
275,3324.5348573379442,12979.716400239684
276,3319.0,12993.0
277,3305.0,13040.0
278,3303.7221131219567,13045.958484542009
279,3297.0,13092.0
280,3296.747357976641,13130.234709696608
281,3303.0,13179.0
282,3309.9410863986504,13209.967171878681
283,3316.0,13232.0
284,3334.0,13282.0
285,3337.417272909081,13289.901960584244
286,3372.0,13362.0
287,3379.283518891304,13376.095296095311
288,3418.8252347745456,13444.866201993915
289,3430.0,13464.0
290,3458.0,13513.0
291,3517.2914636104997,13618.029549453657
292,3530.0,13641.0
293,3546.4963318975397,13672.658455816278
294,3556.0,13696.0
295,3556.393328812218,13696.943311588495
296,3582.7514099907653,13761.652576392844
297,3587.0,13774.0
298,3598.341675126097,13814.316613678999
299,3601.0,13825.0
300,3613.1727349550592,13890.413600002465
301,3614.0,13911.0
302,3611.0,14006.0
303,3605.4455454342815,14055.546206441806
304,3585.0,14115.0
305,3563.791316404882,14154.11093005051
306,3527.734267812244,14208.356128639087
307,3521.0,14217.0
308,3499.6743725682063,14236.728990623547
309,3486.0,14245.0
310,3455.5867052983235,14261.799630498723
311,3437.0,14270.0
312,3395.032680512845,14282.131790338177
313,3391.0,14283.0
314,3318.0,14291.0
315,3280.2770488594424,14291.794469161887
316,3229.0,14292.0
317,3200.390591950245,14291.691046733407
318,3183.1021999208024,14289.951053925317
319,3123.0,14288.0
320,3086.7339033995495,14287.036862855792
321,2961.0,14284.0
322,2865.6067381212583,14281.863765412854
323,2840.5972400157125,14281.549763571174
324,2801.0,14281.0
325,2715.684169332668,14279.500000698123
326,2699.0,14279.0
327,2671.0,14278.0
328,2600.3268430217768,14276.377596331076
329,2491.0,14275.0
330,2479.3554020709885,14274.787613200864
331,2396.0,14273.0
332,2264.5829553696267,14270.24225934277
333,2253.0,14270.0
334,2130.2128145735182,14267.352982602562
335,2079.0,14266.0
336,2009.7921336475124,14263.998429123014
337,1898.0,14261.0
338,1833.2178880756467,14259.73969219901
339,1786.0,14259.0
340,1708.3744441029685,14258.029610273048
341,1581.6411815057477,14257.082355742188
342,1478.354914464501,14256.828436633108
343,1362.0,14257.0
344,1291.8951274921928,14257.323362544092
345,1185.0,14258.0
346,1014.3020847005662,14258.971022881946
347,1003.0,14259.0
348,900.1089313925359,14259.019778238262
349,861.0,14259.0
350,818.0,14259.0
351,720.46504894845,14259.184361021416
352,562.0,14260.0
353,419.10235511599586,14261.76238193291
354,408.0,14262.0
355,282.0,14266.0
356,279.2576220050047,14266.119920481233
357,148.0,14276.0
358,123.84008229137505,14279.058356529025
359,-74.62805336237878,14310.006588939548
360,-138.0,14321.0
361,-352.593155638554,14366.614895212693
362,-401.0,14379.0
363,-487.8999571975298,14402.276744406989
364,-598.2676818652985,14439.577663613858
365,-705.0,14485.0
366,-892.9682662804468,14571.347331554794
367,-907.0,14578.0
368,-1017.0,14639.0
369,-1019.5515652450425,14640.639780758233
370,-1125.7254444226837,14710.71229774696
371,-1136.0,14718.0
372,-1229.030779244487,14790.352102757475
373,-1309.0,14862.0
374,-1369.0160540347104,14921.322199422826
375,-1485.0,15052.0
376,-1564.0,15156.0
377,-1612.4768150564398,15225.943204943444
378,-1671.0,15318.0
379,-1681.3834953509736,15335.385372892608
380,-1735.0,15431.0
381,-1772.0,15503.0
382,-1773.4275130106112,15505.846165027106
383,-1847.0,15659.0
384,-1884.1977252001998,15741.212299198674
385,-1911.0,15801.0
386,-1951.8043384680586,15891.313088742038
387,-1996.0,15988.0
388,-2004.1660295731924,16005.745480596604
389,-2099.0,16210.0
390,-2100.204380821605,16212.58238823271
391,-2124.0,16263.0
392,-2263.636184256304,16538.222880167174
393,-2281.0,16571.0
394,-2346.5980739635547,16679.36899844777
395,-2370.0,16712.0
396,-2472.0,16846.0
397,-2474.896490573093,16849.35210300087
398,-2658.601444827136,17041.423648872656
399,-2721.0,17103.0
400,-2858.394887370321,17222.701524242213
401,-2926.0,17268.0
402,-2969.6399121055338,17296.839198866182
403,-3098.061898618157,17378.411878051764
404,-3111.0,17386.0
405,-3253.0,17461.0
406,-3285.92487843033,17476.454253733515
407,-3399.0,17524.0
408,-3549.0,17577.0
409,-3552.1005329323243,17577.996272090655
410,-3691.0,17619.0
411,-3827.0,17652.0
412,-3857.539955437861,17658.586201564987
413,-3934.0,17674.0
414,-4014.5631975985543,17689.74352427135
415,-4082.0,17703.0
416,-4121.963020438607,17711.170027552664
417,-4171.0,17721.0
418,-4214.036294506867,17729.158038022942
419,-4362.0,17756.0
420,-4418.274670008706,17765.770463353263
421,-4486.0,17773.0
422,-4499.0,17774.0
423,-4506.960063329503,17774.5215829942
424,-4572.484698334204,17772.96165601701
425,-4607.0,17762.0
426,-4636.082013314288,17748.296263491255
427,-4672.0,17728.0
428,-4692.767689108125,17713.379113887495
429,-4708.0,17698.0
430,-4733.2790601448,17671.912402850252
431,-4743.0,17661.0
432,-4765.537504322526,17631.92088734398
433,-4790.902820865358,17587.85438019105
434,-4795.0,17579.0
435,-4808.754369259155,17544.77681192146
436,-4833.06616788568,17465.55836110367
437,-4834.0,17462.0
438,-4844.275226043878,17412.897470599637
439,-4846.0,17404.0
440,-4859.0,17342.0
441,-4865.510004753631,17317.401512464083
442,-4872.0,17295.0
443,-4880.001466490218,17268.043010214133
444,-4898.0,17213.0
445,-4910.057416573935,17181.607919009475
446,-4949.0,17092.0
447,-4969.0,17048.0
448,-4978.101613648609,17028.508668318973
449,-5040.088942498811,16899.254275297233
450,-5048.0,16883.0
451,-5082.064884346595,16813.923903188424
452,-5095.0,16787.0
453,-5111.312266971314,16752.25606937085
454,-5161.0,16644.0
455,-5172.0,16620.0
456,-5186.390463090315,16588.989738414853
457,-5258.1972937637265,16437.17178622297
458,-5278.0,16396.0
459,-5310.890391382636,16329.097586095879
460,-5358.0,16240.0
461,-5405.5157746079,16152.577384032316
462,-5480.0,16017.0
463,-5513.691533658063,15956.81151994472
464,-5552.0,15891.0
465,-5553.000293701906,15889.24835904584
466,-5633.113868952503,15748.284393505026
467,-5646.0,15726.0
468,-5702.0,15630.0
469,-5703.382656990721,15627.579088995746
470,-5743.0,15557.0
471,-5796.701792890137,15461.18143572634
472,-5809.0,15439.0
473,-5868.273222956421,15330.559710236377
474,-5874.0,15320.0
475,-5956.0,15167.0
476,-5964.489403040655,15150.851794976927
477,-6046.35529688137,14992.724096077076
478,-6079.0,14931.0
479,-6100.0,14892.0
480,-6151.123383839005,14797.402965468133
481,-6245.0,14624.0
482,-6292.322892669735,14536.65723925954
483,-6355.0,14420.0
484,-6363.5222606029165,14403.96741659009
485,-6420.0,14296.0
486,-6421.7953915962935,14292.462847371355
487,-6469.0,14197.0
488,-6545.378626169122,14037.39108034602
489,-6564.0,13997.0
490,-6610.90453809754,13892.071295748992
491,-6629.0,13851.0
492,-6675.400545245637,13745.02754516004
493,-6693.0,13704.0
494,-6736.510136559565,13599.467942993793
495,-6776.0,13502.0
496,-6806.61249624473,13425.05126698476
497,-6812.0,13411.0
498,-6920.0,13110.0
499,-6968.035032299187,12961.680484909184
500,-7014.0,12800.0
501,-7031.002203394303,12740.439263130585
502,-7067.0,12615.0
503,-7079.113705425118,12572.659771942452
504,-7130.898298401804,12391.096577699635
505,-7192.543081467954,12174.01542842673
506,-7251.540503345563,11961.060514630171
507,-7294.0,11802.0
508,-7302.824746113673,11768.127648157271
509,-7334.206424977343,11643.564012835646
510,-7342.0,11611.0
511,-7392.26664505195,11390.16998475407
512,-7416.0,11283.0
513,-7432.239583925588,11208.594593401487
514,-7451.0,11115.0
515,-7458.815498907023,11074.23551970256
516,-7511.0,10791.0
517,-7526.5643796261475,10699.720598755037
518,-7549.693869305837,10550.616217318468
519,-7570.0,10412.0
520,-7579.293771724733,10349.28538392913
521,-7595.381342660107,10225.715228342311
522,-7600.0,10186.0
523,-7633.0,9888.0
524,-7638.943435383921,9831.057384275104
525,-7654.2001334102215,9663.460491846077
526,-7660.622522263044,9573.504936388195
527,-7662.0,9554.0
528,-7673.367848401618,9377.918590414822
529,-7676.0,9325.0
530,-7686.3264823144655,9084.677354597416
531,-7692.0,8934.0
532,-7693.396686197742,8888.944158223469
533,-7693.836123652724,8828.885022640925
534,-7694.0,8774.0
535,-7694.809854097424,8623.01119099026
536,-7696.0,8400.0
537,-7696.195076020147,8345.797233813988
538,-7696.309239809266,8147.635883021506
539,-7696.0,8048.0
540,-7695.212921431094,7913.997161524747
541,-7693.0,7681.0
542,-7692.691086439742,7651.586883947294
543,-7691.272451360985,7519.821986937383
544,-7691.0,7493.0
545,-7689.323427780179,7314.519784321808
546,-7689.0,7277.0
547,-7686.666468815297,6982.167776334359
548,-7686.0,6890.0
549,-7685.467421922614,6804.332413834821
550,-7685.0,6737.0
551,-7684.096527793159,6630.409935137604
552,-7683.0,6500.0
553,-7682.358476154074,6410.726506425902
554,-7682.0,6364.0
555,-7680.788360680306,6232.466523159358
556,-7680.0,6109.0
557,-7679.793409872282,5840.501944896918
558,-7680.0,5714.0
559,-7680.402022665332,5613.950419679877
560,-7681.0,5530.0
561,-7681.688909389811,5421.727690406131
562,-7683.0,5196.0
563,-7683.026734580289,5191.053902108812
564,-7684.089711981647,4982.7937385065725
565,-7685.0,4787.0
566,-7685.082369513379,4767.816648238542
567,-7686.0,4593.0
568,-7686.025136759017,4590.0881978205225
569,-7687.725142025581,4403.322080021875
570,-7688.0,4368.0
571,-7688.732573580362,4250.49419466341
572,-7689.0,4199.0
573,-7690.0,3973.0
574,-7690.247223159675,3911.971948349533
575,-7691.0,3785.0
576,-7692.0,3690.0
577,-7692.042711414584,3685.259367818259
578,-7693.0,3501.0
579,-7694.112639583455,3303.802905530076
580,-7695.0,3159.0
581,-7696.0,2979.0
582,-7696.417604804483,2894.923770685849
583,-7697.0,2799.0
584,-7698.0,2684.0
585,-7698.642193468104,2591.165009456297
586,-7700.0,2399.0
587,-7700.591998747998,2341.39239552108
588,-7703.0,2131.0
589,-7703.780549842255,2060.018222311956
590,-7705.0,1950.0
591,-7705.040856034635,1946.7900203218933
592,-7708.824510515808,1670.4752322594943
593,-7711.0,1499.0
594,-7711.400303369189,1461.6614222696628
595,-7712.211543491369,1358.7925506892332
596,-7713.0,1279.0
597,-7715.830091071227,1051.053609484157
598,-7718.0,886.0
599,-7719.237861043595,791.8103674891003
600,-7720.580400483039,688.4806466524892
601,-7721.0,655.0
602,-7722.366903176051,539.0930572205518
603,-7723.0,481.0
604,-7726.0,194.0
605,-7726.272798269747,166.5335987287993
606,-7727.124108431548,68.69262592167566
607,-7728.0,5.0
608,-7728.455152999713,-20.076440040571722
609,-7730.0,-108.0
610,-7730.501099482421,-168.4099616656191
611,-7731.0,-271.0
612,-7732.087871416041,-346.8330990046175
613,-7734.0,-457.0
614,-7734.724062740023,-511.4914532810941
615,-7734.127499313838,-577.7833955531671
616,-7734.0,-584.0
617,-7733.0,-627.0
618,-7731.597055968364,-673.8333539159288
619,-7726.0,-743.0
620,-7718.245226633499,-799.9778982799863
621,-7711.0,-849.0
622,-7703.279715238367,-901.9206805351205
623,-7684.0,-947.0
624,-7666.744119411271,-985.6191539107449
625,-7647.0,-1029.0
626,-7629.248754047708,-1065.3968894189502
627,-7612.0,-1089.0
628,-7597.898303336754,-1109.3726491645245
629,-7580.0,-1134.0
630,-7573.133473294603,-1142.4998043504802
631,-7554.0,-1163.0
632,-7544.613039355272,-1171.6614719470954
633,-7491.16095732251,-1213.126982997554
634,-7470.0,-1226.0
635,-7413.234997653204,-1249.4477634408051
636,-7367.0,-1261.0
637,-7351.046581129132,-1264.267262469744
638,-7313.0,-1270.0
639,-7311.944991929385,-1270.1443559062377
640,-7259.6473266617095,-1277.043472887361
641,-7212.0,-1285.0
642,-7204.260185758008,-1286.6326857026293
643,-7157.0,-1300.0
644,-7106.0218801337805,-1323.1114553491482
645,-7095.0,-1329.0
646,-6991.845859764423,-1399.916104356088
647,-6944.992941291255,-1439.1348560139809
648,-6853.0,-1511.0
649,-6793.69410737463,-1555.4579484392732
650,-6745.0,-1592.0
651,-6713.8675990503525,-1616.415057085097
652,-6665.0,-1638.0
653,-6392.339123572694,-1704.5599450174595
654,-6368.0,-1709.0
655,-6314.373612694648,-1714.8578973324902
656,-6267.0,-1711.0
657,-6217.410902303866,-1711.387252575083
658,-6126.0,-1714.0
659,-6055.441221976075,-1715.4922834403867
660,-6000.0,-1717.0
661,-5913.590089023051,-1720.4368524475317
662,-5893.0,-1721.0
663,-5734.0,-1719.0
664,-5711.228661242808,-1718.4174855338074
665,-5544.0,-1714.0
666,-5479.282602806265,-1712.3084003195695
667,-5390.850856069585,-1710.1270021210503
668,-5347.0,-1709.0
669,-5257.639166153691,-1706.641938868702
670,-5233.0,-1706.0
671,-5076.0,-1702.0
672,-5002.031462807131,-1700.0806921792182
673,-4880.0,-1697.0
674,-4833.773216206148,-1695.937910981364
675,-4751.0,-1694.0
676,-4631.1621311730505,-1690.5634506259667
677,-4577.0,-1689.0
678,-4504.0,-1687.0
679,-4484.368239579361,-1686.457504238207
680,-4309.486075291021,-1681.5268772848722
681,-4252.0,-1680.0
682,-4086.0,-1676.0
683,-4026.877035123357,-1674.3511335867026
684,-3815.318308899754,-1667.9317970575712
685,-3787.0,-1667.0
686,-3701.4772508863907,-1663.7736071774175
687,-3623.0,-1661.0
688,-3564.2310832794356,-1659.1975842940637
689,-3309.0,-1652.0
690,-3305.742475998058,-1651.9116856044218
691,-3183.1667264399584,-1648.8802526015995
692,-3141.0,-1648.0
693,-2875.0,-1644.0
694,-2871.6063921369514,-1643.998960751864
695,-2744.0,-1645.0
696,-2708.798827909801,-1645.3809599333588
697,-2490.0,-1647.0
698,-2486.7843887044073,-1646.9933668390815
699,-2324.0,-1647.0
700,-2250.0,-1649.0
701,-2160.061221805602,-1651.0626870192878
702,-1966.6721837479554,-1654.0971827364995
703,-1891.0,-1655.0
704,-1797.6825938901793,-1655.6894140659774
705,-1716.9266396935682,-1655.3709396891359
706,-1655.0,-1655.0
707,-1500.1893078170121,-1654.1309147349436
708,-1434.0,-1654.0
709,-1417.0,-1654.0
710,-1224.8003121440236,-1653.066319788685
711,-1212.0,-1653.0
712,-1075.0757705338276,-1652.4168650135596
713,-981.0,-1651.0
714,-845.9670667111222,-1647.9602838030057
715,-723.0,-1645.0
716,-624.0005482335176,-1642.8660509468023
717,-429.0,-1640.0
718,-410.5078138608436,-1639.6700857156934
719,-255.0,-1636.0
720,-161.06304233639779,-1632.0129261015777
721,-41.0,-1626.0
722,169.0398867754317,-1615.8324124118649
723,186.0,-1615.0
724,306.82072680594064,-1608.6405782921845
725,361.0,-1605.0
726,438.3527115787703,-1599.2783171428496
727,585.2223162593523,-1583.6503171019685
728,620.0,-1578.0
729,875.1705936023839,-1519.0909257593084
730,907.0,-1510.0
731,1053.930603961173,-1458.7669727466262
732,1181.0,-1397.0
733,1258.0,-1355.0
734,1307.8815864836533,-1325.4374001572821
735,1424.0,-1250.0
736,1486.5102242047046,-1206.9797763726283
737,1581.0,-1137.0
738,1597.264030582204,-1123.9250694897858
739,1729.0,-1003.0
740,1771.8606003435348,-958.353296800752
741,1834.0,-891.0
742,1893.9285583005576,-824.3935910002299
743,1931.0,-782.0
1,2084.01095733749,-599.9290493855675
2,2278.0,-373.0
3,2311.8403217812547,-334.0638844525795
4,2393.0,-245.0
5,2395.2834041219903,-242.4767865997083
6,2509.0,-116.0
7,2582.0974157248515,-34.719100546764096
8,2670.0,63.0
9,2718.9603539670225,117.51522454656082
10,2809.0,218.0
11,2904.4466162081403,325.00673799901364
12,2924.0,347.0
13,3018.977718773186,453.9987878776236
14,3027.0,463.0
15,3110.1789922670237,555.8766911513645
16,3130.0,578.0
17,3242.1897097783144,703.3311928898672
18,3250.0,712.0
19,3348.0,820.0
20,3377.3180548266755,852.3929211633435
21,3445.8539774763917,928.3725237967925
22,3470.0,955.0
23,3552.9055267844296,1045.8362286887848
24,3574.0,1069.0
25,3650.0,1156.0
26,3656.4084995583194,1164.1208572565906
27,3719.0,1251.0
28,3723.4049408132987,1257.9405611160712
29,3747.0,1303.0
30,3778.387471643613,1389.301994395561
31,3782.0,1402.0
32,3793.0,1496.0
33,3792.9789317885343,1497.5399664444103
34,3790.0,1548.0
35,3789.8127930031583,1549.6438110206725
36,3776.0,1619.0
37,3765.2282396330693,1651.280367738784
38,3739.0,1708.0
39,3706.0,1761.0
40,3698.2847634171158,1771.8273211136377
41,3654.0,1823.0
42,3633.9618597639023,1841.764326979364
43,3604.0,1868.0
44,3588.182687944456,1880.973013322706
45,3549.0,1906.0
46,3521.921318826372,1920.132315919696
47,3447.0,1953.0
48,3432.3784675163797,1957.9083519072303
49,3372.0,1974.0
50,3339.661170894146,1981.0689616080156
51,3320.0,1984.0
52,3216.0,1994.0
53,3205.1083944472325,1994.6818317111183
54,3123.505246674465,1990.2718625276289
55,3106.0,1988.0
56,3076.0,1984.0
57,3035.0245140127154,1976.3301635228427
58,2951.0,1953.0
59,2868.0,1921.0
60,2866.053418165788,1920.1228816582966
61,2796.0,1885.0
62,2785.9606074496146,1879.4073059131715
63,2721.82068294633,1840.719121179618
64,2708.0,1832.0
65,2651.0,1795.0
66,2611.002368613208,1767.6442164543284
67,2521.0,1697.0
68,2434.288836655922,1619.8401285512734
69,2416.0,1603.0
70,2287.0,1473.0
71,2150.0,1344.0
72,2076.631902953985,1276.1650829146315
73,2015.0,1246.0
74,1933.4702522676923,1211.7446990507692
75,1861.0,1183.0
76,1726.6185477742802,1159.5410421815775
77,1717.0,1160.0
78,1524.9786621869678,1173.839909864423
79,1514.0,1175.0
80,1435.8725122349729,1187.0097944835543
81,1363.1478717808575,1215.0929068186658
82,1348.0,1221.0
83,1261.1218971056862,1255.3573036875766
84,1253.0,1259.0
85,1160.0,1307.0
86,1080.3141691095727,1352.7252554238257
87,1059.0,1368.0
88,930.6937791940445,1474.552102541994
89,882.0,1518.0
90,836.0008488302965,1562.5628373281706
91,805.0277330100689,1608.1919299097026
92,801.0,1614.0
93,737.0,1708.0
94,693.6455283742407,1785.6718470557523
95,677.0,1820.0
96,649.8428116880015,1884.4975760148463
97,619.0,1978.0
98,605.5160337482203,2028.9428465491237
99,580.0,2162.0
100,577.5078284190188,2178.6526484287992
101,564.0,2286.0
102,553.0,2396.0
103,552.6727689187003,2399.3442204884036
104,537.016241599556,2564.435200243051
105,536.0,2577.0
106,525.8951568385809,2716.2125522358683
107,521.0,2788.0
108,508.1543027991285,2982.3315032527194
109,502.0,3079.0
110,491.992097708551,3240.6075545608874
111,484.0,3379.0
112,483.2087129797027,3393.791339794548
113,474.0,3593.0
114,471.8518082848472,3642.635656774017
115,463.01621933195986,3849.49256148676
116,460.0,3923.0
117,457.57503559293315,3994.0640287829615
118,455.0,4066.0
119,451.3065057596682,4153.5930465207875
120,444.0,4324.0
121,441.00236911345684,4396.004047224864
122,432.6905575268845,4607.858048275982
123,429.0,4702.0
124,424.8447983214019,4805.460553588426
125,417.37694990592445,4991.990569673362
126,417.0,5002.0
127,413.29695344307265,5108.218310025122
128,409.0,5238.0
129,405.9250314076596,5324.576140801071
130,401.0,5460.0
131,395.2198095272187,5618.973624854373
132,393.0,5683.0
133,383.0,5977.0
134,380.3599636145909,6045.344006901699
135,379.0,6082.0
136,378.0761857397351,6111.0747601055355
137,373.0,6274.0
138,372.2247167968104,6297.000012558995
139,368.0,6414.0
140,365.99892641262295,6466.265650065859
141,360.6179971855857,6605.996381198418
142,360.0,6623.0
143,350.6802581075001,6892.217498825076
144,346.0,7031.0
145,342.8378824575329,7127.310317659492
146,340.0,7210.0
147,339.1248983181026,7235.0955475496985
148,329.49482374153195,7508.841340422094
149,328.0,7551.0
150,320.5238194556628,7757.712045891303
151,317.0,7857.0
152,316.2163293263275,7879.418527858449
153,306.70049310289403,8155.891786542161
154,300.96503953077223,8320.916331091794
155,300.0,8348.0
156,295.5918410709568,8466.002976769154
157,294.0,8513.0
158,290.47025418829674,8623.249158478477
159,288.0,8696.0
160,282.1383748470971,8849.503660402932
161,281.0,8880.0
162,273.0,9115.0
163,269.7992491144313,9204.876147636662
164,263.0,9394.0
165,259.8926894315048,9485.940509024595
166,257.0,9585.0
167,255.65059806763182,9619.18440886882
168,251.38878560269762,9726.892596123422
169,251.0,9738.0
170,247.4666618610109,9852.80503426732
171,245.0,9929.0
172,242.69350385200528,9976.63756425393
173,241.0,10021.0
174,241.01256084981804,10030.038135729696
175,243.0,10106.0
176,244.66961915091423,10133.265320980194
177,251.0,10197.0
178,259.0,10245.0
179,267.58492928449857,10285.533203826599
180,278.0,10332.0
181,285.328158703394,10364.423097482824
182,297.4108979250617,10417.161311411008
183,318.1400319599423,10475.376859071048
184,366.0,10549.0
185,400.00917772434434,10592.969963756512
186,426.0,10625.0
187,438.58391838797627,10639.473126652058
188,448.0,10644.0
189,458.7830292384176,10649.524995367472
190,502.64739941348415,10672.457524998134
191,557.0,10694.0
192,569.0,10697.0
193,593.5005735599881,10701.131425718982
194,740.0,10710.0
195,749.3324425872102,10710.250780617887
196,808.0348138042643,10709.536188434884
197,839.0,10709.0
198,898.3517276179467,10708.992424107453
199,904.0,10709.0
200,978.0,10709.0
201,1110.2260442176932,10708.923929087967
202,1150.0,10709.0
203,1190.3628594577076,10709.331056176565
204,1230.0,10710.0
205,1380.0,10712.0
206,1407.2690911518848,10712.301302827369
207,1498.0,10713.0
208,1611.0,10713.0
209,1659.6768734400448,10713.416614984742
210,1785.0,10715.0
211,1848.285355964087,10715.111021052064
212,1942.0,10715.0
213,1945.7056343807335,10715.009265727731
214,2067.0,10716.0
215,2095.7356950596677,10716.498650959393
216,2117.0,10717.0
217,2272.0868165819825,10725.934855952
218,2320.0,10732.0
219,2426.0791633859426,10752.207421464123
220,2462.0,10761.0
221,2582.129545488888,10796.199110303576
222,2591.0,10799.0
223,2719.0,10847.0
224,2882.0,10925.0
225,2887.3449681787874,10927.66079378612
226,3015.669074401443,10995.454758142681
227,3084.9709451551967,11044.219475445243
228,3136.0,11082.0
229,3164.481058741683,11102.790538812977
230,3261.0,11177.0
231,3346.6371810169526,11257.126748088238
232,3405.0,11318.0
233,3465.009274786586,11385.696584210438
234,3481.0,11405.0
235,3535.3429836162422,11475.92179072911
236,3560.0,11511.0
237,3670.6180459028633,11684.846201682103
238,3708.0,11749.0
239,3750.2093143153998,11833.134645005954
240,3776.0,11900.0
241,3802.7247156638014,11971.817184825972
242,3813.0,12003.0
243,3838.943815883934,12096.36917071011
244,3862.0,12195.0
245,3866.547302653101,12217.043015429987
246,3872.0,12260.0
247,3877.0669887170384,12338.247674968554
248,3877.0,12345.0
249,3862.0,12484.0
250,3856.811298212527,12509.516543685993
251,3845.419953191451,12540.163125174873
252,3840.0,12552.0
253,3834.833151797151,12564.2066223977
254,3831.0,12573.0
255,3819.2520596406944,12599.146963735657
256,3809.0,12620.0
257,3790.8840933361553,12651.18508016445
258,3759.0,12692.0
259,3724.0,12723.0
260,3691.7694905084363,12744.041192206236
261,3679.0,12751.0
262,3653.7190887828797,12762.7378712397
263,3637.0,12769.0
264,3553.9990320684474,12794.536109177436
265,3531.0,12802.0
266,3463.129271997781,12830.491276137636
267,3424.0,12856.0
268,3413.049261787216,12864.534698410056
269,3395.7315948330115,12880.403315424637
270,3389.0,12887.0
271,3374.659499737254,12901.461180842933
272,3334.0,12962.0
273,3329.851952555677,12971.741516835416
274,3305.5296893901186,13040.253162512918
275,3304.0,13045.0
276,3297.980379652093,13079.827133917497
277,3298.0,13082.0
278,3300.3527532647568,13160.567827161589
279,3302.0,13172.0
280,3318.5695623734528,13241.477937521631
281,3320.0,13246.0
282,3338.7527178015366,13292.457807689472
283,3347.0,13310.0
284,3361.619661082267,13340.45500988825
285,3400.0,13413.0
286,3418.738517391863,13445.922102337743
287,3460.0,13517.0
288,3497.7177288831517,13581.244934907738
289,3514.0,13611.0
290,3540.0,13661.0
291,3559.9071659578026,13704.645553717888
292,3562.0,13710.0
293,3584.1491818146733,13775.111377536374
294,3604.772905476187,13845.417466430894
295,3606.0,13850.0
296,3611.46936954533,13879.284355958695
297,3612.0,13895.0
298,3613.934856002547,13924.288266151092
299,3615.0,13956.0
300,3614.226539960271,13978.7017881964
301,3612.0,14000.0
302,3596.891550480611,14071.171421178846
303,3585.0,14113.0
304,3579.822241476775,14128.505543820173
305,3568.456708507632,14154.158076497522
306,3550.0,14181.0
307,3526.7393638711515,14209.901894695227
308,3514.0,14224.0
309,3493.1133725249183,14243.28675056287
310,3472.0,14255.0
311,3434.7821482189106,14270.073816746184
312,3399.0,14282.0
313,3363.9898759193516,14290.96537092681
314,3313.8699422723002,14294.949053949973
315,3267.0,14293.0
316,3248.777982455238,14292.424853253033
317,3203.225115286607,14291.145582075522
318,3199.0,14291.0
319,3146.560003770054,14289.013726199184
320,3120.0,14288.0
321,3010.0,14285.0
322,3005.8538614090376,14284.930115232346
323,2879.0,14283.0
324,2798.825578735278,14281.475384640733
325,2725.9179163751983,14279.256959001323
326,2678.0,14278.0
327,2638.3606266237703,14277.326811537796
328,2537.268342811472,14275.8277396656
329,2500.0,14275.0
330,2299.0,14270.0
331,2221.638356455106,14268.47624882805
332,2123.0,14267.0
333,2120.3494424849923,14266.936859685391
334,2013.0,14264.0
335,1924.7500002924753,14261.271861135046
336,1914.0,14261.0
337,1712.8690658873218,14257.495531626271
338,1671.0,14257.0
339,1594.0604242644872,14256.58212124625
340,1512.0,14257.0
341,1509.1747391630574,14257.005552748975
342,1401.6425074717602,14257.03841668055
343,1363.0,14257.0
344,1226.0,14257.0
345,1207.2577815324278,14257.124643372144
346,1056.3876795109466,14258.833109856252
347,1031.0,14259.0
348,878.595279654633,14258.929387106147
349,842.0,14259.0
350,613.0,14260.0
351,587.3021022754006,14260.088262049892
352,389.0593223248439,14262.51268839687
353,378.0,14263.0
354,126.0,14279.0
355,121.2074264712934,14279.479500366182
356,-147.24527007882847,14322.615275479106
357,-159.0,14325.0
358,-301.57194460316134,14356.21532286644
359,-458.0,14395.0
360,-536.3888370008872,14417.006695058355
361,-639.9596436549413,14456.327183800538
362,-708.0,14486.0
363,-922.0,14585.0
364,-1021.3648243902514,14637.561162780283
365,-1136.154946841858,14716.609729111318
366,-1198.0,14766.0
367,-1244.5131087458192,14804.83963516547
368,-1368.5159314498644,14920.715945673819
369,-1386.0,14939.0
370,-1440.0,14998.0
371,-1474.1093168788707,15038.19019260274
372,-1552.6025710932115,15140.595504593817
373,-1578.0,15176.0
374,-1658.0,15297.0
375,-1660.3060858739027,15300.813555855659
376,-1757.190862801118,15475.571692972437
377,-1796.0,15551.0
378,-1838.21602686191,15639.031332878294
379,-1878.0,15728.0
380,-1905.6036409313442,15789.05908482468
381,-1952.0,15891.0
382,-1971.8574838258496,15934.348240501242
383,-2028.3257012366873,16056.839478711221
384,-2033.0,16067.0
385,-2116.0,16247.0
386,-2138.6362614704394,16295.098798188588
387,-2151.0,16321.0
388,-2240.0,16499.0
389,-2283.964894169998,16580.7949408538
390,-2350.0,16683.0
391,-2366.973230796832,16706.51393096468
392,-2501.0,16880.0
393,-2533.7075498603294,16920.059111934886
394,-2596.5367145489186,16984.745457473986
395,-2603.0,16991.0
396,-2750.0,17128.0
397,-2854.1357568622543,17211.993167237786
398,-3030.0,17338.0
399,-3046.4982614246765,17349.00678647393
400,-3148.488524944276,17409.665145398336
401,-3232.0,17451.0
402,-3261.355472204431,17465.03337279189
403,-3368.0,17512.0
404,-3575.2474494961934,17583.844373071366
405,-3665.0,17612.0
406,-3789.6721175521243,17643.450766312977
407,-3797.0,17645.0
408,-3971.567121969492,17681.69660659581
409,-4043.0,17696.0
410,-4067.027926818371,17700.59073030399
411,-4085.0,17704.0
412,-4188.097778115076,17724.109546602616
413,-4229.0,17732.0
414,-4253.167048910029,17736.525341255994
415,-4346.0,17753.0
416,-4375.396972509214,17758.48837318274
417,-4401.0,17763.0
418,-4454.496835465107,17770.226056165342
419,-4479.0,17772.0
420,-4538.441007938677,17772.51216731464
421,-4574.0,17770.0
422,-4615.303223967533,17759.274108756967
423,-4633.0,17751.0
424,-4669.0,17730.0
425,-4685.443896170809,17716.86567470934
426,-4728.828209683551,17673.774929376104
427,-4753.0,17647.0
428,-4765.161523682975,17632.228464571126
429,-4778.413296751108,17611.31366450319
430,-4786.0,17597.0
431,-4806.0,17556.0
432,-4806.56836372475,17554.701272130802
433,-4831.516930955902,17475.310966162695
434,-4833.0,17469.0
435,-4854.145487500342,17370.181342345015
436,-4863.0,17328.0
437,-4867.216470760444,17308.658180104543
438,-4879.0,17269.0
439,-4879.457895229402,17267.661418791053
440,-4899.831188886704,17209.582706500973
441,-4915.0,17170.0
442,-4933.161896810103,17127.003383668005
443,-4958.0,17072.0
444,-4962.682272078511,17061.714567195784
445,-4989.0,17005.0
446,-5020.7717779391105,16940.513710849453
447,-5024.0,16934.0
448,-5091.0,16795.0
449,-5116.501397134256,16740.157021331914
450,-5171.0,16622.0
451,-5178.096643870004,16606.56389137473
452,-5201.330176578068,16555.61940290842
453,-5214.0,16528.0
454,-5254.0,16443.0
455,-5255.391258162582,16440.149538790803
456,-5353.624153754545,16248.446644351721
457,-5389.0,16182.0
458,-5480.304897841065,16015.948489195258
459,-5501.0,15979.0
460,-5520.781204824275,15943.913725056798
461,-5563.030179440709,15870.54826583714
462,-5621.0,15770.0
463,-5623.480476407485,15765.690253644018
464,-5752.0,15542.0
465,-5764.487348407857,15520.141210209882
466,-5786.0,15481.0
467,-5841.461326130161,15379.990817564507
468,-5854.0,15357.0
469,-5897.88501592953,15275.720333246752
470,-5936.0,15204.0
471,-5978.383613036251,15123.163083475996
472,-5990.0,15101.0
473,-6033.87154001908,15017.619278816604
474,-6059.0,14970.0
475,-6099.229266968518,14893.904337905045
476,-6157.0,14786.0
477,-6200.760642500601,14705.282613973897
478,-6310.0,14504.0
479,-6348.755020815485,14431.428035544624
480,-6425.0,14285.0
481,-6467.550258643155,14200.535503117131
482,-6501.0,14131.0
483,-6512.928435343027,14105.817859110948
484,-6607.0,13901.0
485,-6679.506841488137,13733.88210110262
486,-6721.0,13637.0
487,-6740.538168937019,13591.334131275627
488,-6770.0,13518.0
489,-6886.34378130014,13204.768739306697
490,-6917.0,13120.0
491,-6941.455407273757,13049.050447753794
492,-6962.0,12979.0
493,-6995.990409310033,12863.545204044363
494,-7004.0,12836.0
495,-7037.3058748051535,12718.66962540464
496,-7054.0,12660.0
497,-7132.0,12388.0
498,-7233.0,12032.0
499,-7253.7189036151085,11954.904690018153
500,-7286.185261019454,11830.875832061649
501,-7289.0,11820.0
502,-7327.471684996456,11669.610746513556
503,-7339.0,11623.0
504,-7368.006350293207,11500.893189167366
505,-7393.0,11391.0
506,-7425.878780014327,11239.199852133199
507,-7429.0,11224.0
508,-7463.386860725871,11050.87504562352
509,-7475.0,10991.0
510,-7505.2786429193,10827.133815329908
511,-7512.0,10788.0
512,-7532.0113930950865,10667.453342772471
513,-7548.0,10566.0
514,-7568.3158802915,10426.435242749854
515,-7582.0,10325.0
516,-7597.825625182459,10201.61113804221
517,-7612.0,10083.0
518,-7626.723475119428,9947.446320235362
519,-7646.7418208659465,9741.518177973738
520,-7652.0,9684.0
521,-7658.073525114083,9612.262947105384
522,-7664.0,9527.0
523,-7673.211752892651,9381.451188000483
524,-7676.0,9335.0
525,-7687.0,9090.0
526,-7688.14010301705,9051.670254476538
527,-7694.0,8826.0
528,-7695.888755345986,8736.150782352166
529,-7696.8765942379605,8542.898168027525
530,-7696.0,8422.0
531,-7695.678996000212,8334.54436964259
532,-7695.302190768627,8104.021212192459
533,-7695.0,8016.0
534,-7694.719106029753,7958.075779169561
535,-7693.787880111725,7823.837194657102
536,-7693.0,7715.0
537,-7692.444592320124,7610.172882891709
538,-7691.0,7432.0
539,-7689.4073130766465,7274.470160526513
540,-7688.0,7131.0
541,-7687.322428984606,7051.727991866361
542,-7686.610515500374,6899.903486976448
543,-7686.0,6794.0
544,-7685.843172121284,6776.948180499275
545,-7683.0558923918015,6503.750776922353
546,-7683.0,6473.0
547,-7683.0,6419.0
548,-7682.853176503728,6362.1588564539425
549,-7681.42516457958,6196.417341708915
550,-7681.0,6149.0
551,-7680.050056280075,6018.616638574089
552,-7680.0,6005.0
553,-7680.0,5860.0
554,-7679.932527625381,5692.69895409893
555,-7680.0,5661.0
556,-7681.223800281002,5474.6893748451985
557,-7682.0,5369.0
558,-7682.621411349316,5252.877718403775
559,-7683.0,5169.0
560,-7683.373260446057,5084.882623152889
561,-7684.0,4967.0
562,-7686.0,4655.0
563,-7686.042073449936,4648.829985473366
564,-7687.1137190786485,4518.054812724871
565,-7687.895473756476,4413.791645178593
566,-7688.0,4398.0
567,-7690.0,4065.0
568,-7690.040230872576,4056.9617001630018
569,-7690.874547680024,3809.02348313632
570,-7691.0,3787.0
571,-7692.725913984911,3619.688091419917
572,-7693.0,3582.0
573,-7693.505582224961,3461.9992514692035
574,-7694.0,3340.0
575,-7694.591047611681,3226.84689444767
576,-7696.0,2984.0
577,-7696.808435842098,2834.817859211884
578,-7698.0,2628.0
579,-7698.366716249875,2582.17133150401
580,-7699.7357333837,2431.713250466593
581,-7700.0,2402.0
582,-7701.379995963987,2247.9203479854314
583,-7702.0,2195.0
584,-7704.81589728646,2019.0189318947596
585,-7706.0,1931.0
586,-7707.0,1818.0
587,-7709.096935064181,1640.2993593856693
588,-7711.799488735851,1436.813182735536
589,-7712.0,1421.0
590,-7713.713175191107,1272.7062699852374
591,-7715.0,1137.0
592,-7715.185011859532,1118.0463238157777
593,-7716.5470442827755,980.8543848042787
594,-7720.089717356514,646.6421426758154
595,-7722.0,495.0
596,-7722.574169249569,453.13052067640444
597,-7725.0,284.0
598,-7726.228158062022,187.89727014586904
599,-7727.0,120.0
600,-7727.715226963695,48.975471820867604
601,-7729.0,-80.0
602,-7729.694999618872,-140.35803716999973
603,-7731.0,-245.0
604,-7732.036365896589,-313.77363646680965
605,-7732.927105345228,-367.8229056350508
606,-7733.0,-374.0
607,-7733.757144417127,-467.47812706116645
608,-7734.0,-560.0
609,-7733.979675694571,-571.6339314438251
610,-7733.0,-633.0
611,-7727.84561294283,-717.1356894410476
612,-7723.0,-775.0
613,-7717.946720607809,-814.4660897036507
614,-7713.0,-838.0
615,-7701.1262380754015,-891.520827410114
616,-7700.0,-896.0
617,-7687.631051214541,-937.9095139829049
618,-7669.0,-983.0
619,-7668.062950288325,-985.0021534080292
620,-7618.0,-1080.0
621,-7617.165032620744,-1081.4556418034076
622,-7598.298218168659,-1110.3807724719597
623,-7590.0,-1121.0
624,-7563.446092631032,-1153.304026656002
625,-7561.0,-1156.0
626,-7517.0,-1196.0
627,-7470.107761693034,-1226.3867132840148
628,-7467.0,-1228.0
629,-7423.656116736533,-1246.1645154469036
630,-7415.0,-1249.0
631,-7372.36112379555,-1260.0424594480542
632,-7363.0,-1262.0
633,-7283.0,-1274.0
634,-7268.692182553565,-1275.515157321609
635,-7264.0,-1276.0
636,-7213.109705995905,-1281.1763254540215
637,-7160.3103706131005,-1298.143334562832
638,-7154.0,-1301.0
639,-7054.0,-1355.0
640,-7035.9074131438665,-1365.8294831619573
641,-7019.0,-1379.0
642,-6949.0,-1434.0
643,-6934.818512580172,-1445.326348580486
644,-6873.400136553404,-1495.0540770235523
645,-6856.0,-1509.0
646,-6802.0,-1551.0
647,-6776.371459879496,-1569.4963212232028
648,-6730.0,-1601.0
649,-6684.480958979649,-1628.817766233453
650,-6652.0,-1644.0
651,-6605.642129078727,-1660.970455327722
652,-6488.0,-1694.0
653,-6485.553739438891,-1694.5963991607123
654,-6396.456007804514,-1707.3895838781339
655,-6297.0,-1709.0
656,-6132.0,-1713.0
657,-6062.3998728574525,-1715.3462212852098
658,-5948.0,-1719.0
659,-5865.596170503631,-1719.7014714275438
660,-5743.0,-1720.0
661,-5644.243923341812,-1718.6727464656126
662,-5547.261301344983,-1714.2522052298493
663,-5517.0,-1713.0
664,-5399.0,-1710.0
665,-5367.51589055335,-1709.246222974632
666,-5148.1227602078625,-1703.7815548072854
667,-5076.0,-1702.0
668,-4949.054751614223,-1698.9948456268291
669,-4909.0,-1698.0
670,-4852.376632710824,-1696.5494054567948
671,-4754.0,-1694.0
672,-4639.0,-1691.0
673,-4617.254369462919,-1690.3925262920056
674,-4363.0,-1683.0
675,-4309.787631302216,-1681.688771133846
676,-4229.0,-1680.0
677,-4193.427546986968,-1679.1194798272222
678,-3941.4221819868976,-1671.5741382348883
679,-3804.363000633841,-1667.041131554524
680,-3670.3812327832843,-1662.6378805164456
681,-3528.0,-1658.0
682,-3444.657810897694,-1655.3066147979644
683,-3292.0,-1651.0
684,-3288.070892083079,-1650.9144189389353
685,-3183.0,-1649.0
686,-3077.2388536835383,-1647.2063050852337
687,-3066.0,-1647.0
688,-2874.0,-1644.0
689,-2853.777042942311,-1644.0127973565113
690,-2745.0,-1645.0
691,-2692.461728962923,-1645.374182698499
692,-2518.0,-1646.0
693,-2496.911802113938,-1646.0897278000048
694,-2370.0,-1647.0
695,-2221.7439858877347,-1649.6468203309144
696,-2156.0,-1651.0
697,-1991.0,-1654.0
698,-1986.8515425233713,-1654.0492215141292
699,-1852.5428553697823,-1654.9060006278644
700,-1824.0,-1655.0
701,-1634.1595920828245,-1655.1099227131763
702,-1606.0,-1655.0
703,-1501.1591371962809,-1654.3250589658387
704,-1455.0,-1654.0
705,-1286.0,-1653.0
706,-1180.816635824398,-1652.525438407607
707,-975.586396039589,-1651.1715339608356
708,-963.0,-1651.0
709,-724.0,-1645.0
710,-718.9210731039863,-1644.9035378749456
711,-467.0,-1641.0
712,-360.272480835247,-1639.1070656221696
713,-243.0,-1635.0
714,-237.9182999384861,-1634.7837030175438
715,122.0,-1618.0
716,145.2567579200107,-1616.9559315104952
717,260.4144499402048,-1611.9842087115255
718,347.0,-1606.0
719,590.0639536023983,-1580.7682559296725
720,655.0,-1572.0
721,840.0,-1530.0
722,863.3687478102482,-1522.0081865199968
723,1089.9362874351327,-1432.169559780192
724,1240.0,-1365.0
725,1271.9441988801814,-1349.200392836907
726,1355.7087161031786,-1297.0044187562821
727,1405.0,-1263.0
728,1521.0,-1183.0
729,1539.246208557097,-1169.526550987811
730,1649.1263118339446,-1080.2893435614255
731,1697.0,-1036.0
732,1748.7435174782297,-983.5849302064329
733,1783.0,-947.0
734,1942.4434873345967,-767.1686766466069
2,2274.1789171268065,-377.12164335542735
3,2385.0,-253.0
4,2420.0,-214.0
5,2458.6971754283563,-170.89843992599626
6,2596.0,-18.0
7,2602.7500647863676,-10.47879939338521
8,2776.636361596569,183.35824539725365
9,2831.0,244.0
10,2906.207933655997,327.97048585594064
11,3019.0,454.0
12,3061.0905169454527,500.9448863700044
13,3250.295034648659,711.6597954055331
14,3256.0,718.0
15,3356.3290818497117,829.046599632187
16,3386.0,862.0
17,3446.1728849341785,929.0093385409274
18,3467.0,952.0
19,3537.9361859938717,1029.119672505055
20,3556.0,1049.0
21,3610.0,1110.0
22,3619.03611939043,1120.4742538122632
23,3662.0,1172.0
24,3711.4543232365168,1238.9113535942956
25,3726.0,1263.0
26,3749.7525237891414,1310.2508040625116
27,3766.0,1348.0
28,3779.265058011997,1384.9222907681929
29,3785.0,1416.0
30,3793.0,1495.0
31,3793.3189640095525,1564.1035836588992
32,3770.04726790038,1639.62991320506
33,3763.0,1656.0
34,3758.205330237136,1667.0520745041954
35,3739.0,1706.0
36,3716.5179962643488,1744.064326281725
37,3708.0,1757.0
38,3681.0248082457706,1792.4903857646782
39,3664.0,1812.0
40,3628.0,1848.0
41,3608.320940942898,1864.5793551121883
42,3592.0,1877.0
43,3525.953361584775,1918.6168934035964
44,3495.0,1934.0
45,3480.792504347266,1940.2033932198347
46,3425.0,1960.0
47,3384.707134347511,1970.9690890400348
48,3343.0,1980.0
49,3296.4130038845615,1987.3826717812751
50,3260.0,1991.0
51,3225.0,1993.0
52,3156.4871327539668,1993.1918800808314
53,3143.0,1992.0
54,3030.0169560630115,1972.650381210832
55,2970.0,1959.0
56,2948.534623246202,1953.2464285355877
57,2913.1561684761487,1939.955351239891
58,2904.0,1936.0
59,2788.0,1881.0
60,2784.275025119135,1879.0166370119882
61,2721.563125027154,1842.3737623080635
62,2678.0,1813.0
63,2611.760360899956,1765.2477970973064
64,2535.0,1708.0
65,2481.4194732372735,1666.4462058171925
66,2435.0,1622.0
67,2334.2623389407254,1520.7702010725332
68,2257.0,1443.0
69,2226.8808886291013,1413.0896963765272
70,2183.5739112946685,1371.6482960373835
71,2145.0,1339.0
72,2103.008674840493,1306.0902584579146
73,2002.0,1239.0
74,1989.2693688988506,1232.2920597640286
75,1948.0,1213.0
76,1896.0474714906236,1194.1118110412863
77,1814.0,1173.0
78,1800.1617300879902,1170.162648433755
79,1726.0,1161.0
80,1693.6936082108764,1160.5680516901293
81,1559.0,1168.0
82,1533.9113238452942,1170.6119693340306
83,1450.0,1191.0
84,1429.528259023374,1197.3066343859184
85,1291.0,1244.0
86,1266.53585571443,1253.9780484504784
87,1193.0,1289.0
88,1187.6091261358442,1291.8817935061966
89,1068.0,1363.0
90,1053.2135822313003,1372.6713518368804
91,944.776950147249,1457.098241538218
92,933.0,1468.0
93,859.0,1543.0
94,793.0,1625.0
95,774.8165570633382,1650.8090816811264
96,706.3305644734032,1761.8696712205754
97,691.0,1791.0
98,635.2320081644614,1924.2124066129395
99,633.0,1931.0
100,618.0,1981.0
101,592.59424803196,2090.822829754993
102,589.0,2111.0
103,562.4387236247478,2303.408416158301
104,558.0,2341.0
105,539.4746512790294,2529.8648691817893
106,534.0,2602.0
107,532.0,2630.0
108,531.5472266703209,2636.3378098429316
109,521.0,2786.0
110,517.9241950923063,2835.675170402791
111,514.0,2902.0
112,507.1926896644309,3013.1647320856646
113,501.0,3108.0
114,497.7241077903284,3155.0055812699648
115,492.0,3241.0
116,476.3536803793058,3531.7136493990106
117,475.0,3559.0
118,471.56049208118657,3638.4382202418738
119,469.0,3714.0
120,456.49271738137077,4019.120752572413
121,454.0,4079.0
122,451.74826489156,4133.075882551188
123,450.0,4175.0
124,445.99678020203623,4270.978559710535
125,442.0,4369.0
126,435.0,4549.0
127,432.7364606344755,4605.56008964194
128,425.0,4798.0
129,420.0,4932.0
130,418.4358145387282,4970.996353778323
131,414.0,5083.0
132,412.7919252139113,5117.4376785326
133,403.0,5423.0
134,402.7013383133003,5432.154848777271
135,398.0,5560.0
136,395.461566650798,5631.897323681394
137,389.0,5819.0
138,382.0,6017.0
139,381.609392090995,6027.6473493032045
140,376.0,6174.0
141,375.03907563387,6199.378713292412
142,369.89660168597396,6341.302231359278
143,369.0,6368.0
144,364.0,6526.0
145,358.0512607496427,6688.845354904208
146,353.0,6826.0
147,349.8938976878265,6916.929215561935
148,347.0,7004.0
149,341.4245019788068,7170.635764203056
150,341.0,7183.0
151,329.0,7525.0
152,327.7872549678181,7558.766290586666
153,326.1295794511438,7602.613621840644
154,325.0,7634.0
155,320.9286168409477,7749.028147037867
156,311.0,8034.0
157,310.1007596205772,8060.493701574504
158,305.2561652944925,8208.680234113734
159,305.0,8216.0
160,295.0,8491.0
161,293.35170211673517,8536.73749106669
162,291.0,8602.0
163,285.2402254490375,8759.145051958048
164,283.0,8823.0
165,277.0,9007.0
166,273.25119640540953,9118.461850637757
167,265.0,9358.0
168,263.7803997344683,9393.004166210703
169,261.0,9472.0
170,259.63416679267243,9512.617425450122
171,257.0,9590.0
172,255.04322516485306,9644.166442572758
173,253.0,9699.0
174,246.85664999931132,9865.031840519103
175,244.0,9946.0
176,242.482339538877,9993.426539130385
177,241.82776399918376,10060.725461073129
178,242.0,10071.0
179,244.64683769880952,10137.444328790038
180,245.0,10142.0
181,256.0,10233.0
182,256.85777465187715,10238.112326310149
183,283.0,10354.0
184,295.4762940334944,10397.640719255445
185,309.1636658982024,10433.664413371458
186,315.0,10448.0
187,335.04107941050194,10492.312362544748
188,337.0,10496.0
189,376.0,10564.0
190,381.0993400735952,10572.753298750227
191,395.19877057177933,10593.147426017567
192,402.0,10599.0
193,465.7412111440554,10650.704933886693
194,497.0,10673.0
195,531.497027853979,10690.584109797901
196,575.0,10698.0
197,597.1174096327355,10701.10923841935
198,655.4075646087608,10707.732442486651
199,659.0,10708.0
200,725.0417470468198,10709.92542328565
201,736.0,10710.0
202,782.8731713121725,10710.035790414047
203,787.0,10710.0
204,847.0,10709.0
205,856.6188590123086,10708.897763225212
206,912.3856342642391,10708.976010287284
207,918.0,10709.0
208,1093.7189883274684,10709.778889481113
209,1165.0,10710.0
210,1221.6096514220042,10709.869785662004
211,1243.0,10710.0
212,1350.6252273281862,10711.364760015944
213,1402.0,10712.0
214,1459.1657089424068,10712.588811304326
215,1511.0,10713.0
216,1645.5476923272852,10713.768509625601
217,1692.0,10714.0
218,1759.7103957194586,10714.318342899478
219,1857.0,10715.0
220,1948.1270515877773,10715.945577336613
221,1955.0,10716.0
222,2091.0,10717.0
223,2096.6822487935196,10717.102398916622
224,2257.0,10724.0
225,2376.420075765862,10741.08340408336
226,2385.0,10743.0
227,2526.6735653979536,10781.588475911645
228,2671.0,10828.0
229,2733.669960707438,10850.825932927393
230,2858.0388746576796,10911.28945391367
231,2872.0,10919.0
232,3063.271165240369,11033.120770764694
233,3080.0,11044.0
234,3127.0,11076.0
235,3196.3640746836563,11129.854811118117
236,3355.0,11265.0
237,3407.4927999168813,11314.058800241539
238,3453.0,11372.0
239,3464.6288146124825,11386.606687809715
240,3525.0,11463.0
241,3572.808731289788,11527.683153550077
242,3617.0,11593.0
243,3651.4307933946284,11648.83491629322
244,3707.56059544714,11749.846010741634
245,3717.0,11768.0
246,3763.8073632242354,11865.656017255078
247,3796.0,11950.0
248,3822.9812827675023,12036.270124327133
249,3841.0,12099.0
250,3863.0,12194.0
251,3871.069310147665,12252.683770629903
252,3876.0,12302.0
253,3878.09396937343,12352.962586938036
254,3874.0,12419.0
255,3867.729846800458,12459.780195748594
256,3860.0,12494.0
257,3836.5657138243137,12566.355513931816
258,3827.0,12589.0
259,3823.0,12591.0
260,3822.5056704747885,12591.426227765241
261,3798.4848579614,12626.834959482461
262,3754.0,12697.0
263,3748.569301511389,12704.067286430864
264,3723.0,12724.0
265,3694.139079330157,12739.605572079643
266,3627.0,12772.0
267,3599.568407158932,12782.008560190725
268,3572.0,12789.0
269,3565.5607977674263,12790.84713433393
270,3523.8469324978732,12803.984765970277
271,3521.0,12805.0
272,3475.219189125188,12824.234259840456
273,3447.0,12840.0
274,3435.0,12848.0
275,3410.184062596221,12867.31767429259
276,3374.0,12903.0
277,3369.6964911440614,12907.991784659862
278,3348.4745052555013,12936.88688271194
279,3342.0,12948.0
280,3323.3255194069584,12986.977258485524
281,3314.0,13010.0
282,3306.2498215555934,13032.873878193914
283,3300.0,13068.0
284,3298.358739873999,13098.409544316812
285,3300.157160326363,13161.007418950172
286,3301.0,13169.0
287,3311.296820366781,13216.626145949072
288,3312.0,13219.0
289,3339.697781473697,13295.336326572784
290,3351.0,13320.0
291,3368.50004122581,13355.009872145669
292,3403.0,13419.0
293,3407.731091409125,13427.517087835336
294,3433.0,13471.0
295,3449.087887522616,13497.958318240584
296,3489.0,13566.0
297,3506.4129046396356,13597.677915264972
298,3536.0,13655.0
299,3552.7597347930905,13689.568787296212
300,3568.0,13724.0
301,3584.4811132530267,13766.900752394235
302,3594.0,13797.0
303,3607.0,13856.0
304,3613.0,13904.0
305,3613.2404192025497,13906.958329398045
306,3615.0,13945.0
307,3608.489840093773,14027.137257356313
308,3608.0,14030.0
309,3596.824213827624,14079.16672022231
310,3596.0,14082.0
311,3583.0124819118714,14119.61951405764
312,3580.0,14127.0
313,3548.0,14184.0
314,3542.7578090217503,14190.675378679267
315,3503.0,14233.0
316,3481.428346773496,14249.673879043203
317,3453.0,14263.0
318,3438.0589837947305,14268.9076299952
319,3389.0,14284.0
320,3375.762542807803,14286.346289155612
321,3319.260400055766,14290.803411128818
322,3316.0,14291.0
323,3298.0,14292.0
324,3247.703144668464,14291.813044139266
325,3219.0,14291.0
326,3141.4279926771164,14289.115532019185
327,3138.0,14289.0
328,3059.0,14286.0
329,2928.4926506598217,14283.16752633877
330,2920.0,14283.0
331,2761.0,14280.0
332,2741.6847894500625,14279.589741330312
333,2695.3089553828268,14278.306637461394
334,2630.0,14277.0
335,2596.9941655299363,14276.441244233805
336,2449.0,14274.0
337,2404.07242261053,14273.05660649767
338,2329.0,14271.0
339,2251.063664836578,14269.658210887272
340,2217.0,14269.0
341,2126.5196931042456,14267.006768812435
342,2005.0,14264.0
343,1976.855222206551,14263.224699902112
344,1891.2720873924388,14260.498034881108
345,1795.0,14259.0
346,1641.0,14257.0
347,1541.012047133043,14256.02882670308
348,1456.0,14257.0
349,1449.479179987166,14257.040313189875
350,1269.6864602600294,14257.780977158176
351,1212.0,14258.0
352,1132.3372758987887,14258.345693355044
353,1004.0,14259.0
354,873.7078191097357,14259.602162536403
355,765.0,14260.0
356,674.9393705831792,14260.085213831726
357,569.0,14260.0
358,500.09346417018907,14260.316200558742
359,451.0,14261.0
360,265.8567319681989,14267.591790765135
361,258.0,14268.0
362,124.0,14279.0
363,115.51489380276547,14280.106532873484
364,-65.15792777319062,14308.941247607914
365,-118.0,14318.0
366,-208.94265856312222,14333.894558058137
367,-306.97262563195056,14352.9579987595
368,-396.61383862163257,14376.867921196848
369,-404.0,14379.0
370,-508.0,14411.0
371,-574.144463470373,14434.439047117947
372,-641.0,14460.0
373,-780.4411240704876,14516.856893419845
374,-803.0,14527.0
375,-895.1289509151923,14571.921978562996
376,-930.0,14590.0
377,-1000.689682593352,14628.221970655806
378,-1080.0,14679.0
379,-1158.3532300282873,14737.584173076988
380,-1305.0,14858.0
381,-1339.5938118332913,14888.649373611355
382,-1384.5771921775927,14936.905298485968
383,-1396.0,14950.0
384,-1531.0,15111.0
385,-1565.5176088211263,15156.932568212691
386,-1671.355067137903,15318.228256315862
387,-1676.0,15326.0
388,-1717.0,15397.0
389,-1806.0128086150505,15569.82858147981
390,-1821.0,15602.0
391,-1923.39900413579,15828.647714988776
392,-1937.0,15859.0
393,-1968.4018859220319,15929.043064470818
394,-1987.0,15969.0
395,-2101.4431034581035,16214.189037922359
396,-2147.0,16313.0
397,-2162.1982698356414,16346.518138822368
398,-2194.4867221553227,16417.22916208454
399,-2229.0,16478.0
400,-2297.55035731297,16590.094659384766
401,-2416.0,16775.0
402,-2447.5727869661023,16821.208698721523
403,-2497.861146543226,16879.186941275173
404,-2523.0,16905.0
405,-2640.1373559833632,17026.084804555754
406,-2715.0,17097.0
407,-2808.8587324527584,17176.831881876933
408,-2844.0,17205.0
409,-2965.0,17295.0
410,-2971.861059780137,17299.701477944287
411,-3106.0,17384.0
412,-3194.0,17432.0
413,-3279.5343948199443,17472.12686123445
414,-3453.0,17545.0
415,-3564.8023751943556,17584.406681820088
416,-3649.0,17607.0
417,-3721.5004559760578,17626.67348229481
418,-3774.0,17640.0
419,-3909.71484722185,17669.482367393422
420,-4030.0,17693.0
421,-4036.7698297234097,17694.31332939139
422,-4175.606680137962,17720.931351401858
423,-4275.0,17740.0
424,-4326.0,17750.0
425,-4429.712412559187,17766.37561428619
426,-4434.0,17767.0
427,-4490.0,17773.0
428,-4553.525377336788,17769.909846566195
429,-4617.0,17758.0
430,-4690.692036178249,17714.442187744575
431,-4708.0,17699.0
432,-4738.249092586847,17668.00177367489
433,-4742.0,17663.0
434,-4767.067794200209,17626.0021218971
435,-4795.0,17579.0
436,-4800.434145926363,17568.46297377786
437,-4817.0,17525.0
438,-4838.665731802299,17437.67475530004
439,-4845.0,17410.0
440,-4859.645951450742,17342.715649159214
441,-4872.0,17294.0
442,-4886.149259392627,17248.742847918533
443,-4896.0,17221.0
444,-4929.40276987321,17137.932581747827
445,-4941.0,17111.0
446,-4988.0,17008.0
447,-4993.86802264,16995.710144111825
448,-5034.90992914499,16911.337870440275
449,-5037.0,16907.0
450,-5071.0,16836.0
451,-5077.860400799137,16821.891005536745
452,-5089.0,16799.0
453,-5133.0,16706.0
454,-5188.80382690278,16583.314072073663
455,-5210.0,16537.0
456,-5254.0,16443.0
457,-5270.941915374213,16408.464698654156
458,-5290.0,16371.0
459,-5359.0,16238.0
460,-5390.499768441314,16179.126054712899
461,-5443.0,16082.0
462,-5492.708922187587,15993.22425809529
463,-5520.0,15946.0
464,-5539.729818288238,15911.422987406644
465,-5606.0,15795.0
466,-5622.696027473938,15765.947333062657
467,-5640.0,15736.0
468,-5677.604411898844,15671.530966442453
469,-5733.2295686531,15575.652544678549
470,-5737.0,15569.0
471,-5798.0,15459.0
472,-5855.752366210865,15353.655463464856
473,-5887.0,15296.0
474,-5942.0,15193.0
475,-5979.480112407339,15121.91356641193
476,-6003.0,15077.0
477,-6030.766921548251,15023.667741153096
478,-6080.464037343633,14928.093440418646
479,-6120.0,14854.0
480,-6228.0,14655.0
481,-6240.160538759242,14632.677957315367
482,-6282.121772424808,14555.833438480944
483,-6316.0,14493.0
484,-6388.0,14356.0
485,-6411.864349252545,14308.997017840127
486,-6499.4656277693775,14132.944379741457
487,-6521.0,14089.0
488,-6565.921150413894,13993.711780417907
489,-6594.0,13930.0
490,-6619.528269426586,13872.724113949032
491,-6685.0,13724.0
492,-6701.3800226450185,13685.336510475649
493,-6753.0,13560.0
494,-6782.437484497844,13487.9779933398
495,-6819.0,13393.0
496,-6903.0,13161.0
497,-6924.500391743805,13100.69043280843
498,-6945.9359015480395,13034.983121234178
499,-6969.0,12955.0
500,-7048.0,12682.0
501,-7054.962369865252,12657.798843686018
502,-7080.0,12569.0
503,-7142.451575072133,12350.855167210031
504,-7145.0,12342.0
505,-7180.27275696081,12219.582759791741
506,-7187.0,12196.0
507,-7233.774794559382,12028.12041137445
508,-7246.0,11983.0
509,-7286.66993542417,11830.14540405244
510,-7328.0,11668.0
511,-7340.738641228123,11615.653376354941
512,-7398.0,11366.0
513,-7419.483203485253,11270.015117890242
514,-7444.0,11151.0
515,-7445.256840909951,11144.58031190028
516,-7469.0,11021.0
517,-7490.161969643657,10908.785287852104
518,-7501.0,10850.0
519,-7522.746069070456,10726.689497348973
520,-7551.0,10541.0
521,-7569.768842038826,10407.515732730417
522,-7592.0,10246.0
523,-7605.75823737023,10144.371973314674
524,-7617.0,10037.0
525,-7619.783944895618,10009.670362160454
526,-7640.0,9810.0
527,-7642.917667637235,9780.395701055502
528,-7660.598606040109,9579.264923082961
529,-7665.0,9512.0
530,-7671.0,9406.0
531,-7680.462783157959,9220.764472545756
532,-7688.0,9052.0
533,-7694.112575870659,8806.564074734155
534,-7695.0,8714.0
535,-7695.6954780356355,8592.364334691867
536,-7695.965053032063,8420.756124287585
537,-7696.0,8393.0
538,-7696.0,8165.0
539,-7695.47033763945,8028.909080317131
540,-7695.0,7933.0
541,-7694.283420725149,7811.014276500945
542,-7693.0,7682.0
543,-7692.112979977423,7586.970984921374
544,-7690.0,7359.0
545,-7688.95278155589,7250.017609734652
546,-7688.0,7143.0
547,-7687.826656230947,7119.654803187428
548,-7687.0,6999.0
549,-7686.279246124672,6864.07786676052
550,-7686.0,6819.0
551,-7684.863819978535,6678.200311190003
552,-7684.0,6584.0
553,-7682.2794293697725,6402.072666234807
554,-7681.0,6258.0
555,-7680.387218353302,6170.708230015925
556,-7680.038950973635,6058.210332711591
557,-7680.0,6039.0
558,-7680.0,5801.0
559,-7680.122441640649,5755.226219648002
560,-7681.0,5507.0
561,-7681.233332771772,5453.005901872578
562,-7681.799963624495,5376.530846193371
563,-7682.0,5342.0
564,-7682.91359560741,5151.522075118423
565,-7683.0,5138.0
566,-7685.5759221556,4807.298370454076
567,-7686.0,4749.0
568,-7686.476025082284,4631.367379092949
569,-7687.0,4488.0
570,-7687.079296378234,4476.892089952296
571,-7689.0,4227.0
572,-7689.725795101658,4098.005256663283
573,-7690.0,3983.0
574,-7690.544560131842,3883.1282737511283
575,-7691.0,3815.0
576,-7693.0,3570.0
577,-7693.548144100339,3477.9226686518464
578,-7695.0,3175.0
579,-7695.280758027523,3110.918458704116
580,-7696.0,2948.0
581,-7696.238026497051,2906.519689250581
582,-7697.0,2778.0
583,-7698.0,2627.0
584,-7699.186262973176,2523.2266060665165
585,-7700.0,2457.0
586,-7702.0762693978095,2258.59491699634
587,-7703.0,2154.0
588,-7704.0,2040.0
589,-7704.104297650929,2030.7492184427692
590,-7707.0,1831.0
591,-7707.976257416327,1746.0015483179857
592,-7710.484593964218,1479.0293917908682
593,-7711.0,1432.0
594,-7712.91393528472,1306.0835716713414
595,-7713.0,1299.0
596,-7714.881315823683,1117.8800721815708
597,-7715.0,1108.0
598,-7718.0,899.0
599,-7718.664905364145,847.7899506017245
600,-7722.0,540.0
601,-7722.289526996951,512.1314311834288
602,-7724.0,348.0
603,-7724.880315036308,265.2629812731613
604,-7727.0,73.0
605,-7727.276912449265,48.74225601053186
606,-7729.0,-99.0
607,-7729.359861334911,-129.24578395973012
608,-7730.487253208154,-216.5926807521576
609,-7731.0,-248.0
610,-7731.8149352206065,-292.7860286817604
611,-7733.0,-383.0
612,-7733.0,-403.0
613,-7733.144923609302,-435.525356282714
614,-7734.4373544237615,-518.9506355608551
615,-7734.0,-572.0
616,-7731.075421380296,-665.1363747398381
617,-7730.0,-689.0
618,-7721.0,-784.0
619,-7719.916347109367,-792.5090863711803
620,-7715.0,-828.0
621,-7709.892700788558,-855.3755475012023
622,-7699.0,-899.0
623,-7687.8004505903755,-934.2065446029367
624,-7681.0,-953.0
625,-7663.185199520378,-996.4378448406484
626,-7655.0,-1014.0
627,-7635.0,-1052.0
628,-7617.2703035454,-1081.428450602239
629,-7607.0,-1097.0
630,-7568.741597035552,-1146.999704120075
631,-7567.0,-1149.0
632,-7542.866300172418,-1174.2575897511108
633,-7541.0,-1176.0
634,-7498.909926094877,-1208.7145992261374
635,-7489.0,-1215.0
636,-7447.0,-1237.0
637,-7440.381631687545,-1239.8024680609028
638,-7415.0,-1249.0
639,-7347.649137037237,-1264.6726567744754
640,-7334.0,-1267.0
641,-7294.194207894551,-1272.431777798133
642,-7259.0,-1277.0
643,-7191.716190201176,-1288.9825829569563
644,-7177.0,-1293.0
645,-7159.0,-1299.0
646,-7125.7987453131645,-1314.219894846964
647,-7031.0,-1370.0
648,-7008.316610452133,-1385.4271434609734
649,-6972.42386284838,-1415.0025515511252
650,-6970.0,-1417.0
651,-6896.84928908392,-1476.3987368544865
652,-6880.0,-1490.0
653,-6811.0,-1544.0
654,-6760.378665049089,-1579.2745796108147
655,-6679.0,-1631.0
656,-6613.464253038318,-1663.4855092363691
657,-6574.0,-1675.0
658,-6508.633028785731,-1688.7550279733064
659,-6392.693901552632,-1705.5823386451214
660,-6348.0,-1709.0
661,-6292.0,-1710.0
662,-6276.33734618118,-1710.1382971695866
663,-6171.582692973218,-1711.987683643129
664,-6135.0,-1713.0
665,-5992.294448958439,-1717.5535410929137
666,-5914.0,-1720.0
667,-5848.424300069467,-1721.7052237052812
668,-5732.0,-1719.0
669,-5713.977561311088,-1718.2727708432487
670,-5707.0,-1718.0
671,-5588.185472525357,-1714.5274990922433
672,-5530.0,-1713.0
673,-5484.975316017544,-1711.713319194054
674,-5425.0,-1710.0
675,-5353.403027738089,-1708.211934844602
676,-5253.0,-1706.0
677,-5109.409384283586,-1702.8521458080977
678,-5076.0,-1702.0
679,-4980.342459968187,-1699.193613492127
680,-4937.0,-1698.0
681,-4723.534871785477,-1692.7012989827867
682,-4695.0,-1692.0
683,-4618.091240519808,-1690.05095012943
684,-4550.0,-1688.0
685,-4545.086510939901,-1687.8483699528394
686,-4367.758712670518,-1682.5794678618365
687,-4344.0,-1682.0
688,-4299.0,-1681.0
689,-4155.683476506927,-1677.6020718027225
690,-4133.0,-1677.0
691,-3997.0,-1673.0
692,-3845.8766189534854,-1668.1609992179258
693,-3750.0,-1665.0
694,-3679.734349950446,-1662.6590995322285
695,-3563.0,-1659.0
696,-3395.2748809226646,-1654.0336446072547
697,-3326.0,-1652.0
698,-3226.0275343802186,-1649.0713584881798
699,-3174.2787982734108,-1648.0000096015463
700,-3091.0,-1647.0
701,-2832.0,-1644.0
702,-2782.900866669908,-1643.6149955452065
703,-2683.084810918968,-1644.6594963746002
704,-2552.0,-1646.0
705,-2458.2840678992993,-1646.4023708032125
706,-2337.0,-1647.0
707,-2249.981393399473,-1648.2613281217177
708,-2170.0,-1651.0
709,-2019.0,-1654.0
710,-1944.3713745208725,-1654.7462909403262
711,-1817.0,-1655.0
712,-1590.7788091827158,-1654.5191082306344
713,-1443.0,-1654.0
714,-1349.4806113217107,-1653.6364246841772
715,-1220.0,-1653.0
716,-1014.0,-1651.0
717,-737.0,-1646.0
718,-706.8960218934811,-1645.3838314076668
719,-616.0,-1643.0
720,-597.3439501814864,-1642.6674779179743
721,-441.0,-1640.0
722,-414.3099227755197,-1639.438070713666
723,-178.0,-1632.0
724,-58.03330446714379,-1626.3327082475143
725,-30.0,-1625.0
726,152.31118869009157,-1616.5519766165535
727,163.0,-1616.0
728,413.0251734913457,-1600.9417431160466
729,463.0,-1597.0
730,658.1287348445293,-1572.4077268429621
731,740.0,-1555.0
732,849.8433056502789,-1527.3673030703724
733,876.0,-1520.0
734,979.369019343771,-1486.7071145782986
735,1042.0,-1461.0
736,1225.6925752828013,-1368.05371558138
737,1372.0,-1285.0
738,1473.5193673113179,-1217.6504473398961
739,1505.0,-1194.0
740,1603.621815262112,-1118.703756261323
741,1736.0717852521768,-996.2838888225274
742,1746.0,-986.0
743,1916.0,-799.0
744,1974.2977597222437,-733.127609478858
745,2066.0,-621.0
1,2225.0,-434.0
2,2316.2405116197483,-330.2083111341608
3,2352.0,-290.0
4,2646.0,37.0
5,2668.8354178630543,62.35557737190858
6,2753.0,156.0
7,2809.8277630877433,219.27436591523937
8,2918.0,340.0
9,2981.275556306627,411.04945285477567
10,3023.0,458.0
11,3098.255169834654,542.7059490001643
12,3127.0,575.0
13,3264.6729748370963,728.3485476168343
14,3287.0,753.0
15,3445.0,927.0
16,3468.8329047926277,953.2994421870287
17,3518.0,1008.0
18,3520.3004679392716,1010.531359728638
19,3586.0,1083.0
20,3624.2020543189424,1126.4607083077872
21,3659.0,1168.0
22,3683.831902718218,1199.4998353796982
23,3712.0,1239.0
24,3739.0666549455927,1284.7743379745834
25,3755.0,1318.0
26,3764.825923726914,1342.691783240177
27,3787.0,1424.0
28,3787.50515462821,1426.5430012890743
29,3793.0,1493.0
30,3788.885282413341,1543.2036477192087
31,3784.0,1584.0
32,3775.383115701861,1634.6373553391286
33,3761.317994136967,1665.3422662901858
34,3745.0,1694.0
35,3725.0,1731.0
36,3720.620662882777,1738.377450249392
37,3692.0,1780.0
38,3673.638647966557,1801.5988699908519
39,3657.0,1819.0
40,3587.0,1881.0
41,3570.002954511182,1892.5054957222465
42,3536.0,1913.0
43,3520.0,1922.0
44,3503.4585435851454,1929.7372540782976
45,3397.0,1968.0
46,3359.027907929681,1979.4067974534107
47,3334.4253796225107,1983.5394839795817
48,3300.0,1987.0
49,3285.265662056102,1988.4665703667722
50,3231.0,1993.0
51,3214.046635805466,1993.6733476317208
52,3189.0,1994.0
53,3145.273459202113,1992.927700452032
54,3109.0,1989.0
55,2959.0629783644044,1954.4227659064086
56,2940.0,1949.0
57,2899.888231375263,1934.9310480227007
58,2878.0,1925.0
59,2856.0617798838534,1914.765074564496
60,2796.0,1885.0
61,2776.9431033313112,1874.548321379969
62,2698.4039498876004,1826.417163142246
63,2678.0,1813.0
64,2599.0,1758.0
65,2571.6090718900314,1737.7031466921446
66,2527.0,1703.0
67,2508.7282753213085,1687.9765858190779
68,2426.0,1613.0
69,2331.6008002256012,1518.7969116019058
70,2309.0,1496.0
71,2229.0,1417.0
72,2212.6829648463554,1401.6682601113334
73,2079.1942606049015,1286.790166175133
74,2074.0,1283.0
75,2048.0,1265.0
76,1991.0293422201453,1232.458328949412
77,1930.0,1206.0
78,1803.0,1171.0
79,1798.928885988018,1170.2939578231476
80,1712.0,1160.0
81,1699.114018703417,1159.0075742551664
82,1560.0,1168.0
83,1553.5020357223752,1169.2881146235663
84,1400.0,1205.0
85,1383.1852250408438,1209.107383765724
86,1341.1236017372455,1222.8250494408371
87,1322.0,1232.0
88,1162.2912850362404,1308.2373289935886
89,1142.0,1318.0
90,1053.096665151312,1362.1050457207448
91,971.0,1435.0
92,892.3349492482354,1510.1688213868922
93,866.0,1536.0
94,831.4388531559997,1573.42223800872
95,814.0,1598.0
96,790.5904062152626,1630.3861938237787
97,714.0,1748.0
98,664.6345214165176,1852.4086264700782
99,630.0,1941.0
100,611.6046091379951,1998.089744178838
101,592.0,2091.0
102,578.7668780512593,2173.7224497106367
103,570.0,2237.0
104,558.5938225627848,2335.3281714636137
105,555.0,2370.0
106,548.2136049979084,2440.2770781425825
107,546.0,2465.0
108,529.8807080993927,2663.289648478264
109,524.0,2741.0
110,517.430213830923,2839.003977434055
111,513.0,2911.0
112,505.21554331271483,3027.930631776369
113,500.0,3113.0
114,496.48447594800086,3178.0903293192314
115,496.0,3187.0
116,489.52824524568814,3298.9046864171582
117,482.0,3427.0
118,477.9898481045365,3502.1801095790306
119,473.0,3611.0
120,466.2837492093089,3780.245453318407
121,465.0,3813.0
122,461.03642032635264,3912.009910507215
123,456.0,4035.0
124,455.78788905798217,4040.416343411276
125,448.3802965274477,4232.426677411872
126,448.0,4242.0
127,443.2193175220543,4358.754799507349
128,442.0,4388.0
129,430.32838056492176,4666.7521892417
130,429.0,4699.0
131,420.99543667429333,4903.152616519199
132,418.0,4983.0
133,415.3540722389757,5053.307027834604
134,407.0,5287.0
135,406.6462611571075,5297.567718996234
136,398.0,5561.0
137,395.3975294401863,5635.682554558266
138,393.0,5698.0
139,388.0043110515047,5828.326611046284
140,384.0,5942.0
141,382.0276257440038,6000.924719360558
142,372.0,6310.0
143,369.38634442165,6385.656663235863
144,366.61635294246184,6453.091665420034
145,362.0,6576.0
146,353.4800615440478,6828.684957215488
147,353.0,6843.0
148,346.3872149936154,7038.969360645405
149,342.0,7166.0
150,341.78685790332526,7172.063064380856
151,332.96224086236043,7411.586894971006
152,332.0,7437.0
153,324.0,7655.0
154,320.65824756448956,7766.431269585934
155,319.0,7820.0
156,307.46050310966257,8153.84306474647
157,307.0,8167.0
158,302.5804349820477,8295.85427912608
159,298.0,8425.0
160,297.7104793213839,8432.891863202258
161,285.0,8775.0
162,282.9573437359173,8830.796213684007
163,271.62472867467875,9158.61255401155
164,268.69801086067787,9251.205831723171
165,262.59375997731354,9432.14469570149
166,261.0,9478.0
167,255.93528511309574,9621.478568898348
168,249.0,9820.0
169,247.45148406523097,9875.134198021313
170,246.0,9909.0
171,241.0,10038.0
172,241.59438698483422,10067.70854590208
173,247.0,10163.0
174,253.81175528895002,10225.701950474373
175,268.1004935809418,10295.534071153095
176,276.0,10326.0
177,286.31718959219336,10361.790186187707
178,307.8354360932226,10426.854174431804
179,322.0,10465.0
180,325.87027206358306,10474.534095916086
181,344.50623154068444,10511.935728830571
182,348.0,10518.0
183,365.2196931931088,10546.66977895359
184,388.0,10582.0
185,409.6329729262435,10611.068370984052
186,441.5235099639499,10637.669446845706
187,445.0,10640.0
188,527.0,10685.0
189,529.9613984119775,10686.2439672753
190,608.5236581797229,10704.323547023741
191,656.0,10707.0
192,658.5681972812512,10707.10738609928
193,725.0300088921975,10708.703943559129
194,801.5730368811987,10708.992984290915
195,805.0,10709.0
196,887.9147608855698,10709.003694063125
197,906.0,10709.0
198,972.0,10709.0
199,1019.356496952429,10708.98591260185
200,1042.0,10709.0
201,1199.0,10710.0
202,1203.1729569832942,10710.051173458956
203,1355.0,10712.0
204,1359.5938534236584,10712.035005010017
205,1489.0,10712.0
206,1493.0806029633964,10712.008076457627
207,1635.0,10713.0
208,1650.2794801509476,10713.169713846813
209,1728.0,10714.0
210,1821.4675262259525,10714.470375901055
211,1957.0,10715.0
212,2067.6736328019633,10716.708292326608
213,2082.0,10717.0
214,2239.622431407792,10722.116197306112
215,2261.0,10724.0
216,2368.586260501698,10739.947470500283
217,2389.0,10744.0
218,2497.893355369544,10770.214589302344
219,2532.0,10780.0
220,2649.0,10819.0
221,2725.0870144645423,10848.912789635327
222,2757.0,10863.0
223,2855.2605977034173,10911.279373836865
224,2889.0,10929.0
225,3074.0,11040.0
226,3079.794265665947,11043.968421786873
227,3207.2959191390614,11136.03062507925
228,3259.0,11176.0
229,3376.0800536714382,11282.279199179804
230,3444.0,11361.0
231,3494.3802141330675,11422.959756673723
232,3518.0,11453.0
233,3610.0,11583.0
234,3633.947996407073,11621.886549333416
235,3701.0,11737.0
236,3748.449317076489,11825.300526127467
237,3774.095547347637,11889.89915369991
238,3790.0,11935.0
239,3818.0,12019.0
240,3826.9040924352457,12050.128687421406
241,3859.0,12179.0
242,3869.8864957536,12233.42685416592
243,3873.0,12271.0
244,3874.152270682218,12288.034500231879
245,3877.0,12351.0
246,3875.542949928462,12398.678084154057
247,3871.0,12438.0
248,3865.2047123806183,12468.988855618572
249,3858.0,12498.0
250,3841.0,12543.0
251,3835.610577571293,12557.992504394082
252,3825.2673628547004,12591.543726861539
253,3807.0,12625.0
254,3781.58161544257,12660.69635565026
255,3751.0,12699.0
256,3744.2701777259376,12706.764471383605
257,3719.0,12727.0
258,3710.3139799696255,12732.368546957337
259,3681.0,12749.0
260,3647.0781142355845,12764.197202888137
261,3620.0,12774.0
262,3586.565272870839,12784.46202991044
263,3572.0,12789.0
264,3527.023659727645,12803.775206994706
265,3479.8459255234684,12821.497294458677
266,3472.0,12825.0
267,3433.0504132393403,12847.96351604807
268,3417.0,12861.0
269,3396.374062471086,12879.924326859415
270,3365.997299109299,12912.526770203553
271,3364.0,12915.0
272,3341.0,12948.0
273,3320.0866956189784,12989.190440951266
274,3317.0,12999.0
275,3297.0,13109.0
276,3296.736731128761,13111.171438595193
277,3299.0,13153.0
278,3301.69885357969,13168.993419359173
279,3311.0,13215.0
280,3311.7735659517084,13217.890016494175
281,3328.0,13267.0
282,3338.7382803590763,13292.731997866456
283,3351.0,13319.0
284,3379.762009174396,13376.541950778563
285,3388.0,13392.0
286,3405.0564948970214,13422.446673289463
287,3427.0,13460.0
288,3439.383783993796,13481.215919215547
289,3469.0,13532.0
290,3516.0,13614.0
291,3524.350814831406,13629.658197680725
292,3555.0,13693.0
293,3556.2977573151247,13695.923606428945
294,3589.0,13778.0
295,3602.007870201547,13826.327606114315
296,3604.0,13836.0
297,3611.0,13882.0
298,3612.3968760990174,13895.374185356532
299,3615.0,13953.0
300,3611.0,14011.0
301,3610.7198842755097,14013.042351051656
302,3600.9102949684875,14062.369128527767
303,3599.0,14070.0
304,3591.0,14098.0
305,3587.1578183873835,14108.883346686423
306,3561.0,14163.0
307,3557.5738494722345,14168.798656941
308,3537.0,14199.0
309,3523.081372277985,14214.732158249863
310,3499.0,14236.0
311,3466.9838866790983,14256.870643301385
312,3455.0,14263.0
313,3436.0,14271.0
314,3384.7864391963835,14284.376772930704
315,3381.0,14285.0
316,3267.738269966301,14292.752427090429
317,3251.0,14293.0
318,3211.7685551047734,14292.456958250248
319,3170.1198091526257,14290.220944540846
320,3141.0,14289.0
321,3020.0,14285.0
322,2943.611141670959,14283.459596265475
323,2818.0,14282.0
324,2814.281721931555,14281.935458696305
325,2725.0,14280.0
326,2703.2091228196464,14279.437658187751
327,2647.0,14278.0
328,2586.949119129272,14276.70983725367
329,2450.0,14274.0
330,2401.499730548889,14272.987062112037
331,2302.069602398356,14270.761882589059
332,2226.0,14269.0
333,2175.2539730407757,14267.824172571662
334,2060.0,14265.0
335,2027.5975111416535,14264.167235649922
336,1863.0,14260.0
337,1819.6557976204926,14259.027647568688
338,1684.7063937768053,14257.148387592113
339,1644.0,14257.0
340,1560.328212877212,14256.982417708346
341,1525.0,14257.0
342,1398.1660960420566,14257.002056102558
343,1390.0,14257.0
344,1349.0,14257.0
345,1171.0,14258.0
346,1151.5820817537099,14258.179308865387
347,1059.0,14259.0
348,1039.0856745293954,14259.09707894311
349,923.3594970152756,14259.02876866125
350,799.0,14259.0
351,750.6669695157341,14259.272434204182
352,657.0,14260.0
353,552.228044951406,14260.72521972861
354,391.0,14262.0
355,299.2185674141722,14263.577191465038
356,226.0,14270.0
357,181.07860015628933,14274.37696155115
358,76.0,14286.0
359,-36.59859087450786,14303.283232288177
360,-76.0,14310.0
361,-218.9034395381245,14336.1559221001
362,-228.0,14338.0
363,-369.8494046376546,14370.445939545185
364,-409.0,14381.0
365,-574.0,14434.0
366,-579.9297940771519,14436.154716678455
367,-692.0,14480.0
368,-727.693671783667,14495.017680971518
369,-924.0,14586.0
370,-954.1612226024333,14601.47247417482
371,-1061.0,14667.0
372,-1208.4353194575513,14778.885195645596
373,-1277.0,14833.0
374,-1321.096767735558,14868.868807563871
375,-1348.0,14900.0
376,-1374.3852480194284,14930.069322097204
377,-1492.9003763961189,15064.579071905126
378,-1520.0,15097.0
379,-1624.0,15244.0
380,-1748.0,15456.0
381,-1753.2059987339787,15465.134652169834
382,-1849.0439462868758,15661.64964843377
383,-1863.0,15694.0
384,-1890.0,15755.0
385,-1914.416215430731,15809.386586977053
386,-1979.0,15951.0
387,-2007.5719538392423,16013.199397805558
388,-2092.4389297557464,16197.659555043334
389,-2108.0,16232.0
390,-2173.176628112904,16369.580511476212
391,-2189.0,16399.0
392,-2311.0,16621.0
393,-2366.096827538009,16715.538845711006
394,-2446.712452113568,16818.792924827812
395,-2478.0,16854.0
396,-2581.0,16968.0
397,-2598.0022424961066,16985.704879855224
398,-2730.0,17111.0
399,-2774.7595748509784,17149.429176188267
400,-2835.0,17199.0
401,-2972.0,17300.0
402,-3092.9313919510214,17372.280569494393
403,-3266.0,17468.0
404,-3366.2980021588887,17513.14130747602
405,-3402.0,17526.0
406,-3465.7228603283265,17549.459698145878
407,-3476.0,17553.0
408,-3766.785279377021,17636.630910550542
409,-3810.0,17648.0
410,-3946.0,17677.0
411,-3960.3306683121027,17679.70212737565
412,-4088.2141760207733,17704.517427428982
413,-4111.0,17709.0
414,-4116.0,17710.0
415,-4194.299038511918,17725.37385141622
416,-4256.0,17737.0
417,-4267.445423227276,17739.066095076938
418,-4325.0,17749.0
419,-4418.187592124652,17764.864969649418
420,-4438.0,17768.0
421,-4470.26198628832,17772.541357124384
422,-4500.326476400972,17774.68512658884
423,-4524.0,17774.0
424,-4546.050635591521,17772.334776262644
425,-4586.0,17767.0
426,-4624.728697214293,17754.691357428113
427,-4628.0,17753.0
428,-4712.0,17694.0
429,-4723.567363499706,17684.250670618847
430,-4752.319384913627,17652.592953500138
431,-4766.0,17630.0
432,-4783.919105437939,17595.529474795927
433,-4820.0,17515.0
434,-4820.787403303145,17512.999847977902
435,-4836.0,17457.0
436,-4838.3230141836575,17444.56811994537
437,-4854.0,17367.0
438,-4881.708862502998,17264.575017002968
439,-4889.0,17240.0
440,-4905.39794602306,17190.59624079542
441,-4920.39912292878,17156.67970193022
442,-4934.0,17126.0
443,-4953.0,17083.0
444,-4954.620874424642,17079.39635838343
445,-4989.105580246295,17005.413605147973
446,-5016.0,16950.0
447,-5045.571737931927,16890.05726826992
448,-5057.0,16866.0
449,-5127.776892837362,16714.279445757416
450,-5166.0,16632.0
451,-5207.765991583209,16542.341273868078
452,-5219.60740955451,16517.616461174333
453,-5240.0,16475.0
454,-5241.637779875927,16471.557391660575
455,-5287.0,16377.0
456,-5340.372369905002,16273.131560695805
457,-5373.0,16212.0
458,-5399.261631696185,16163.345252827861
459,-5440.0,16089.0
460,-5500.557212221223,15981.09149297521
461,-5504.0,15975.0
462,-5550.0,15894.0
463,-5590.978796263898,15822.492174286963
464,-5666.0,15692.0
465,-5668.984293952296,15686.805279645017
466,-5722.089464058105,15593.872512743961
467,-5735.0,15571.0
468,-5784.891525869069,15482.282174262067
469,-5818.0,15423.0
470,-5866.264920884895,15335.530309281366
471,-5901.0,15271.0
472,-6044.0,14999.0
473,-6060.079009088995,14968.463338621634
474,-6093.018236600928,14906.593056016967
475,-6128.0,14841.0
476,-6158.071859087515,14784.272672212119
477,-6185.0,14734.0
478,-6236.0,14641.0
479,-6245.502395705602,14623.72151134578
480,-6346.567436367862,14435.389177721889
481,-6353.0,14423.0
482,-6468.32321376685,14198.170495402204
483,-6474.0,14187.0
484,-6521.299645105864,14090.684811544383
485,-6536.0,14058.0
486,-6551.720359617325,14023.220690884842
487,-6634.093018993995,13840.2439058659
488,-6660.0,13781.0
489,-6717.0,13647.0
490,-6778.0,13497.0
491,-6780.407583621225,13490.974263930419
492,-6840.318721909303,13338.192936312847
493,-6849.0,13315.0
494,-6880.296304643973,13227.379117989905
495,-6898.0,13176.0
496,-6935.0,13066.0
497,-6961.444452102886,12980.644359087877
498,-6983.0,12908.0
499,-7025.0,12764.0
500,-7054.3888270262705,12659.45544454587
501,-7075.0,12586.0
502,-7098.460921016429,12503.907303299353
503,-7149.14352076837,12331.365256826291
504,-7201.0,12147.0
505,-7203.471253212871,12138.017608452772
506,-7270.430984507271,11890.80072419874
507,-7290.0,11818.0
508,-7332.98814685098,11652.264688860718
509,-7356.0,11551.0
510,-7369.491273176265,11490.926381648276
511,-7416.0,11282.0
512,-7439.0985860322,11174.558625486634
513,-7450.074050786873,11116.959985542724
514,-7454.0,11097.0
515,-7481.0,10960.0
516,-7494.934966725235,10886.083840562498
517,-7512.0,10789.0
518,-7573.0,10391.0
519,-7592.0,10252.0
520,-7601.29053088974,10177.110266007456
521,-7628.0,9938.0
522,-7631.284415570665,9905.204874434115
523,-7653.0,9673.0
524,-7653.701249322087,9664.947604260848
525,-7665.78538019366,9499.232700775869
526,-7671.0,9408.0
527,-7674.358690254151,9349.727133720442
528,-7679.0,9265.0
529,-7684.868161915518,9133.37934208565
530,-7686.0,9105.0
531,-7691.291054110874,8954.657868376647
532,-7692.0,8926.0
533,-7694.0,8783.0
534,-7695.244487136329,8632.1841953095
535,-7696.0,8443.0
536,-7696.002145421719,8347.14561126573
537,-7696.0,8278.0
538,-7696.0454294668025,8087.500601871559
539,-7696.0,8075.0
540,-7694.0,7876.0
541,-7693.5855228687005,7828.259350911013
542,-7692.224700953092,7605.557135450725
543,-7692.0,7570.0
544,-7689.710402182063,7264.692142920867
545,-7689.0,7172.0
546,-7687.4337478859,6955.923133950127
547,-7687.0,6901.0
548,-7686.510751270587,6845.93299735703
549,-7685.213792781171,6723.562807815919
550,-7685.0,6701.0
551,-7684.025492079016,6591.247300663418
552,-7683.0,6464.0
553,-7682.2851271824275,6363.755190876615
554,-7681.0,6208.0
555,-7680.0,6117.0
556,-7679.941789312648,6109.695059299656
557,-7680.0,5841.0
558,-7679.922289510345,5741.39730325196
559,-7680.0,5638.0
560,-7680.217553745184,5593.616680033852
561,-7682.0,5397.0
562,-7682.527937446511,5333.6743840880035
563,-7684.0,5118.0
564,-7684.689021293848,4997.671490725029
565,-7685.0,4931.0
566,-7685.859051064247,4659.607258665984
567,-7686.0,4631.0
568,-7686.750636834286,4516.231901996969
569,-7687.0,4481.0
570,-7689.0,4199.0
571,-7690.171145497876,4040.245177286115
572,-7692.0,3765.0
573,-7692.097295735006,3732.5199418711795
574,-7692.1051419298265,3618.6184882766916
575,-7693.0,3519.0
576,-7694.0,3443.0
577,-7694.269984610588,3416.2640146713766
578,-7695.0,3215.0
579,-7696.056109684408,3012.714914149212
580,-7697.0,2854.0
581,-7697.042580259725,2846.2620619847107
582,-7697.7451237175255,2704.428350575402
583,-7698.746537075917,2538.8254299222654
584,-7699.0,2510.0
585,-7701.0,2319.0
586,-7701.467011408372,2272.592461505214
587,-7703.0,2128.0
588,-7703.117131668649,2118.8784594556664
589,-7706.0,1917.0
590,-7706.975553621232,1831.7748308370087
591,-7708.0,1726.0
592,-7710.0,1534.0
593,-7711.0,1458.0
594,-7711.293382567869,1435.3319538605506
595,-7714.596731682514,1162.613361101573
596,-7715.0,1131.0
597,-7718.0,901.0
598,-7718.514794322761,854.6239114453327
599,-7720.0,709.0
600,-7721.30526557196,595.2149222918566
601,-7722.0,531.0
602,-7724.0,328.0
603,-7724.846310209012,269.50289061403186
604,-7726.0,194.0
605,-7728.0,11.0
606,-7728.294646338533,-8.628890513501062
607,-7730.0,-109.0
608,-7730.0659074325995,-114.04950264185464
609,-7731.0,-218.0
610,-7731.457473186811,-257.39751176574924
611,-7732.0,-298.0
612,-7733.523027045496,-407.45625754548
613,-7734.0,-451.0
614,-7734.0,-553.0
615,-7733.927686585344,-558.353932487152
616,-7732.0,-656.0
617,-7730.402690987507,-710.3213683590869
618,-7721.0,-785.0
619,-7715.507037818375,-817.5597460768936
620,-7702.0,-888.0
621,-7694.346377076154,-918.5017360942281
622,-7674.620856484602,-973.0649705680723
623,-7653.0,-1018.0
624,-7646.258391868892,-1031.6432257087667
625,-7635.0,-1052.0
626,-7627.308239674085,-1065.0319666999999
627,-7599.0,-1108.0
628,-7593.120154416525,-1115.6387934081574
629,-7545.011608151924,-1170.5911267314805
630,-7535.0,-1181.0
631,-7501.861012145634,-1206.9304284285738
632,-7500.0,-1208.0
633,-7470.691348705381,-1223.8882349401865
634,-7412.0,-1250.0
635,-7400.202983462598,-1253.7333494973852
636,-7369.0,-1261.0
637,-7351.039778794937,-1264.1278028739853
638,-7279.210052874926,-1274.2934310485196
639,-7267.0,-1276.0
640,-7188.346240619958,-1290.52192436154
641,-7180.0,-1293.0
642,-7136.0,-1309.0
643,-7073.483378218505,-1343.8368244598132
644,-7005.0,-1389.0
645,-6987.7922745442265,-1401.293723213035
646,-6950.0,-1433.0
647,-6938.890992308561,-1442.2654552996034
648,-6889.391295795843,-1482.3928628676756
649,-6868.0,-1499.0
650,-6747.487120524201,-1588.3933400485612
651,-6713.0,-1612.0
652,-6642.374346521063,-1652.001258766589
653,-6596.628229173585,-1667.8374304914864
654,-6586.0,-1671.0
655,-6522.11348439445,-1687.5779790952724
656,-6441.0,-1701.0
657,-6381.085445623385,-1705.7362355145378
658,-6294.0,-1709.0
659,-6207.0,-1711.0
660,-6174.729440720725,-1711.8507815514722
661,-6016.0,-1717.0
662,-5960.285210216513,-1719.499188661412
663,-5886.566220448112,-1722.646370500993
664,-5827.0,-1722.0
665,-5652.023632186675,-1716.7775333955058
666,-5628.0,-1716.0
667,-5547.543804007705,-1713.5598216855642
668,-5487.0,-1712.0
669,-5458.506880220989,-1711.2623994121516
670,-5369.0,-1709.0
671,-5242.50980996237,-1706.161840451416
672,-5194.0,-1705.0
673,-5078.974752078469,-1701.9165334529646
674,-5043.0,-1701.0
675,-4939.861503955624,-1698.6909766884492
676,-4861.0,-1697.0
677,-4769.957222047316,-1694.9169644823555
678,-4704.0,-1693.0
679,-4597.025078734973,-1688.998398376175
680,-4559.0,-1688.0
681,-4500.0,-1687.0
682,-4383.0,-1683.0
683,-4336.683850397108,-1681.7758755073817
684,-4189.0,-1679.0
685,-4032.5021745675876,-1674.6039942153427
686,-3883.0,-1670.0
687,-3809.8455820184818,-1667.6567943092018
688,-3760.0,-1666.0
689,-3705.4460372988597,-1664.2695389002602
690,-3510.0,-1658.0
691,-3502.755664384081,-1657.754774606184
692,-3288.0,-1651.0
693,-3147.715175933262,-1648.0857398536232
694,-3034.0,-1646.0
695,-2863.45947310602,-1643.801346966703
696,-2807.0,-1644.0
697,-2776.5569447214893,-1644.1687563391315
698,-2660.0,-1645.0
699,-2567.720607609764,-1645.7462331746224
700,-2413.0,-1647.0
701,-2371.268783704096,-1647.2950059297173
702,-2318.744471923292,-1647.5139506705857
703,-2281.0,-1648.0
704,-1994.1804504132883,-1652.6495339327419
705,-1829.0,-1655.0
706,-1769.3128242680104,-1655.5018234602187
707,-1660.0,-1655.0
708,-1609.4196591584434,-1655.0464564462038
709,-1473.0,-1655.0
710,-1396.9416708734884,-1654.2821768385725
711,-1269.0,-1653.0
712,-1235.0,-1653.0
713,-1195.7231792649277,-1652.939338173836
714,-1013.0,-1651.0
715,-980.5459200945335,-1650.4464656711866
716,-715.6066869152294,-1645.2672046387413
717,-702.0,-1645.0
718,-449.37993393957333,-1640.4831625609747
719,-372.0,-1639.0
720,-295.3044527742388,-1637.4106375342794
721,-250.0,-1636.0
722,-157.03326102671667,-1631.3219581980522
723,-114.0,-1629.0
724,81.25312187301807,-1620.251529516096
725,109.0,-1619.0
726,284.0,-1610.0
727,396.79658327331106,-1602.1728206055782
728,529.0,-1590.0
729,535.8222221306878,-1589.2540323360759
730,580.0,-1584.0
731,707.8022077243115,-1561.9628018775263
732,835.0,-1532.0
733,841.3607786709279,-1530.3305185217819
734,1050.0,-1458.0
735,1127.2561566270215,-1421.1519270104984
736,1301.0,-1330.0
737,1307.7664573344362,-1326.2620915479397
738,1436.0,-1243.0
739,1578.3036425494925,-1140.5436806426228
740,1605.0,-1118.0
741,1837.1098448786747,-887.8614264504893
742,1879.0,-843.0
743,2018.604349118808,-683.2746004250843
744,2058.0,-630.0
1,2205.0,-456.0
2,2394.0,-244.0
3,2434.801052831304,-198.32382635788431
4,2607.883964086219,-5.457221013076229
5,2620.0,8.0
6,2664.337701013814,57.198806302323945
7,2728.0,128.0
8,2811.4716969285046,221.2516698491388
9,2907.0,328.0
10,2984.464396497016,414.4219262260327
11,3026.0,461.0
12,3073.0,514.0
13,3160.1280119853327,611.7953378505891
14,3302.0,770.0
15,3364.981801567718,839.5735508957413
16,3410.5813843683663,889.3297759925406
17,3434.0,915.0
18,3498.7341875097954,986.253579122342
19,3533.0,1024.0
20,3584.3651073739525,1080.8881219492523
21,3588.0,1085.0
22,3662.043275767511,1171.3938805915643
23,3678.0,1191.0
24,3703.6754448827287,1224.7567097151668
25,3731.0,1270.0
26,3738.716458668847,1284.4181682504106
27,3765.0,1344.0
28,3786.009784385612,1434.805781479065
29,3792.0,1486.0
30,3792.937572259611,1506.743039051597
31,3781.261490787869,1595.9465265777567
32,3777.0,1613.0
33,3749.2820320065766,1685.417656005252
34,3748.0,1688.0
35,3716.0,1746.0
36,3686.6957932276396,1786.133201556194
37,3681.0,1793.0
38,3637.0,1839.0
39,3630.1883048236837,1845.1959995034065
40,3591.592888901395,1877.0574258517306
41,3589.0,1879.0
42,3575.0,1889.0
43,3532.547750339504,1914.760778107773
44,3519.0,1922.0
45,3478.2780978456067,1941.5356496938114
46,3470.0,1945.0
47,3423.0,1961.0
48,3403.2835550487334,1966.5855023390363
49,3330.0,1983.0
50,3300.4119769384383,1987.155896182645
51,3264.0,1991.0
52,3195.0,1994.0
53,3190.7373925358556,1993.8067226692256
54,3048.0,1979.0
55,3023.2491333640573,1975.303076848446
56,2970.0,1959.0
57,2967.161866838161,1958.0157580039163
58,2851.0,1913.0
59,2834.258977147899,1904.6880643094685
60,2695.0,1824.0
61,2653.153935591738,1797.0120396831496
62,2583.866535815003,1746.7452924375348
63,2561.0,1729.0
64,2506.952113079911,1685.2859349612822
65,2424.91753556245,1611.6278886799446
66,2413.0,1600.0
67,2381.0,1568.0
68,2307.0,1493.0
69,2243.8164926397885,1430.6734524678993
70,2178.0,1369.0
71,2138.3936390865574,1333.983514312852
72,2089.0,1294.0
73,2048.350245192415,1265.8092683448485
74,2023.0,1251.0
75,1846.0,1179.0
76,1793.2463294562829,1165.9734362537913
77,1714.0,1160.0
78,1605.0,1162.0
79,1599.5426224108655,1162.4847248295707
80,1475.0,1185.0
81,1395.8936338578685,1205.9334332571284
82,1379.0,1211.0
83,1298.996353603284,1240.096434026926
84,1276.0,1250.0
85,1177.0,1298.0
86,1142.8581590543129,1316.6712723548026
87,1028.1487406572855,1389.5215937043606
88,1014.0,1400.0
89,934.0,1467.0
90,920.5247661821809,1479.6852923876372
91,836.0,1569.0
92,756.0,1678.0
93,746.4347362643582,1693.1611132518167
94,706.0,1763.0
95,687.1715366492873,1798.8904516352786
96,641.2611538736064,1906.3059581767952
97,639.0,1913.0
98,631.0,1938.0
99,592.0,2091.0
100,579.85985884576,2162.8586910307245
101,575.0,2197.0
102,562.887949976163,2298.4905377933715
103,555.0,2375.0
104,543.7108955878141,2491.947416266958
105,536.0,2583.0
106,530.4963397233806,2659.051814757171
107,527.0,2709.0
108,515.0,2878.0
109,512.9888105767876,2910.5536038438777
110,508.0,2995.0
111,491.0,3263.0
112,486.7635201749273,3332.217450171108
113,480.5041587659158,3444.2071157677356
114,476.0,3537.0
115,473.3456947579143,3595.755759043855
116,465.25855044682,3791.805417095794
117,463.0,3850.0
118,457.85470306005664,3986.6162111859885
119,457.0,4008.0
120,451.3576111332579,4142.8965024959125
121,449.0,4201.0
122,445.04812930957917,4304.205811218414
123,444.0,4331.0
124,438.4664916873078,4466.558627758508
125,429.35467349924824,4684.29466459577
126,429.0,4693.0
127,420.84546307471635,4905.691594948102
128,420.0,4927.0
129,416.0,5028.0
130,405.86012899753615,5327.85210122511
131,404.0,5384.0
132,400.36921666682406,5491.820090419999
133,394.0,5677.0
134,390.91093522133815,5770.577038466958
135,384.0,5973.0
136,381.5111172116546,6042.748038462871
137,372.48836355152196,6291.708799181041
138,372.0,6305.0
139,367.1336833464044,6432.478320111375
140,364.0,6516.0
141,358.0,6692.0
142,354.9160024930067,6783.551855837212
143,347.18031819477045,7012.73261884297
144,346.0,7047.0
145,338.7712165584509,7239.4224348655425
146,338.0,7261.0
147,333.0,7405.0
148,331.4182375646586,7450.413926854675
149,323.9391537446455,7665.040083348634
150,323.0,7693.0
151,320.0,7783.0
152,311.28900555051723,8016.6497072289985
153,310.0,8053.0
154,303.96919140953895,8229.994739271126
155,302.0,8289.0
156,298.4219800417069,8399.364625417613
157,296.0,8470.0
158,286.3826058802675,8741.119157694686
159,283.0,8835.0
160,276.7338952417499,9000.677217643377
161,271.0,9165.0
162,262.0,9442.0
163,260.8652405760467,9476.570017358246
164,256.115545703644,9617.592870751347
165,252.0,9730.0
166,251.86151057885732,9733.611981711108
167,249.60704108534833,9790.039367810185
168,248.0,9829.0
169,245.46463939537153,9890.297602826271
170,243.0,9957.0
171,241.8437602265425,10095.830763602055
172,243.0,10117.0
173,246.0,10151.0
174,257.58248371150444,10233.9436304952
175,267.0,10290.0
176,270.61569985930913,10309.229518064698
177,279.5663340035514,10345.503679281772
178,290.0,10377.0
179,303.02482654924574,10415.969215381501
180,316.0,10451.0
181,322.24615016767206,10465.873301856656
182,343.1528615467092,10509.391652566383
183,347.0,10517.0
184,363.381242358183,10548.233326691143
185,380.0,10572.0
186,410.8576060650853,10606.630223931692
187,449.0,10644.0
188,469.5186139093619,10661.253964042597
189,495.69522579988666,10672.610723873277
190,502.0,10675.0
191,557.0,10694.0
192,572.2637663509906,10697.513115120102
193,611.0,10703.0
194,741.0,10709.0
195,752.4510654456906,10709.30041627221
196,827.0985467324755,10709.1562716481
197,852.0,10709.0
198,902.0,10709.0
199,905.212693019774,10709.001251477996
200,970.0,10709.0
201,984.8387349156296,10709.003988243485
202,1126.0,10709.0
203,1138.9683858231879,10708.827573805815
204,1142.0,10709.0
205,1172.7925288345377,10709.571589538793
206,1199.0,10710.0
207,1309.0,10711.0
208,1314.8387003949283,10711.04477899844
209,1511.5315145462887,10712.620602393728
210,1560.0,10713.0
211,1620.9115088808028,10713.443226127383
212,1689.959890485942,10713.826106565048
213,1721.0,10714.0
214,1899.0,10715.0
215,1930.0034617141298,10715.162253157501
216,2049.0,10716.0
217,2076.9310404315056,10716.347824178094
218,2176.0,10719.0
219,2286.4840247227407,10728.436357004099
220,2356.0,10738.0
221,2385.6180529118683,10742.972709899093
222,2487.0,10767.0
223,2663.137633088743,10827.650630311931
224,2760.0,10864.0
225,2805.2163832480337,10882.055073818636
226,2861.0,10913.0
227,2972.0,10977.0
228,3077.189939139041,11041.987833313913
229,3119.0,11070.0
230,3195.4870303449643,11125.245092199651
231,3246.0,11165.0
232,3333.0,11243.0
233,3434.5270123703776,11354.168739594403
234,3535.0,11477.0
235,3562.823030762828,11513.793419161238
236,3648.363546338695,11642.811816623476
237,3680.0,11698.0
238,3768.4178366013193,11884.369650719515
239,3799.0,11961.0
240,3807.183738063916,11983.100546751233
241,3830.3399532733474,12055.450864662445
242,3850.0,12136.0
243,3860.0,12182.0
244,3869.4170524186907,12236.003157241736
245,3875.0,12287.0
246,3876.0,12388.0
247,3875.7730124607815,12391.342330365731
248,3867.0,12459.0
249,3863.0,12479.0
250,3858.129910019183,12500.781462602357
251,3834.0,12572.0
252,3832.4854038207363,12575.167060901838
253,3788.725370954293,12651.654986180985
254,3774.0,12674.0
255,3752.40115242039,12702.470238331254
256,3712.0,12732.0
257,3695.135718436821,12740.80453869171
258,3614.5905170898623,12776.005300401175
259,3612.0,12777.0
260,3559.5127089822254,12792.790431303989
261,3542.0,12798.0
262,3506.4959848865274,12809.949863120557
263,3494.0,12815.0
264,3450.167138544589,12837.853137229737
265,3439.0,12845.0
266,3406.0,12870.0
267,3400.46311989548,12874.991911531992
268,3374.0,12903.0
269,3343.6874409884635,12945.429136639887
270,3335.0,12961.0
271,3321.269667038715,12990.950500155368
272,3312.0,13015.0
273,3304.2402800018276,13039.57313206708
274,3301.0,13062.0
275,3297.0,13121.0
276,3298.5114518878495,13174.544427562554
277,3318.1870568632658,13240.033924734927
278,3324.0,13255.0
279,3327.9627343337393,13265.20746459017
280,3344.0,13303.0
281,3362.9056946314895,13342.056204481063
282,3370.0,13356.0
283,3392.150491172378,13397.176157754111
284,3406.0,13422.0
285,3435.0,13473.0
286,3450.4434075718827,13499.49199863863
287,3463.0,13521.0
288,3511.429130595275,13605.771068313263
289,3531.0,13643.0
290,3539.10345746516,13659.404351188743
291,3566.0,13720.0
292,3581.385202731616,13760.633874261744
293,3594.0,13800.0
294,3603.6847277059032,13840.239893328704
295,3609.0,13870.0
296,3613.0,13898.0
297,3615.4453868409782,13950.27661689813
298,3615.0,13960.0
299,3605.428026637699,14037.51352381468
300,3598.0,14077.0
301,3594.63087961444,14090.565934502723
302,3586.370418117757,14110.886638835032
303,3584.0,14116.0
304,3552.0,14179.0
305,3550.851595293114,14180.876188146038
306,3529.4838159056826,14209.96146076953
307,3511.0,14226.0
308,3479.4975722545414,14246.593710132267
309,3441.0,14268.0
310,3412.9751267314027,14280.483515549227
311,3384.0,14284.0
312,3318.8487731621276,14289.12374784733
313,3268.0,14292.0
314,3247.7399559828464,14292.57487022567
315,3217.0977835811664,14291.533415851254
316,3189.0,14290.0
317,3158.7726642116677,14289.115826563177
318,3085.0,14287.0
319,3075.3916687872443,14286.527494159314
320,3044.0,14285.0
321,3004.6463488066584,14284.151281698312
322,2942.0,14284.0
323,2931.2018882150173,14283.92033795777
324,2871.0,14283.0
325,2843.290001877284,14282.328294122686
326,2724.0,14279.0
327,2701.372871603304,14278.424681622435
328,2621.0,14277.0
329,2600.4750944302464,14276.639364140434
330,2458.0,14274.0
331,2431.6667312151794,14273.516468784963
332,2350.0,14272.0
333,2343.916736051556,14271.88298099507
334,2206.0,14269.0
335,2188.2220447170153,14268.554054788823
336,2045.738560587603,14264.381252095975
337,2029.0,14264.0
338,1919.0,14262.0
339,1807.0,14260.0
340,1773.579245371986,14259.410797157436
341,1636.597408635851,14257.285823730592
342,1602.0,14257.0
343,1450.4241955217565,14256.99429498454
344,1443.0,14257.0
345,1389.0,14257.0
346,1272.9887564970475,14256.925818165753
347,1252.0,14257.0
348,1053.804738157406,14258.67309982107
349,1015.0,14259.0
350,817.9905239761707,14259.936833902531
351,743.0,14260.0
352,714.0,14260.0
353,707.4303138340831,14259.998360107033
354,552.0,14260.0
355,500.8937713578502,14260.209079375792
356,433.0,14261.0
357,319.5494940990551,14264.533967501155
358,223.0,14270.0
359,175.20602832148734,14273.78412872845
360,88.0,14284.0
361,-205.51366464583637,14334.150060328515
362,-233.0,14339.0
363,-312.6550717174812,14352.425896339133
364,-384.0,14374.0
365,-669.9605524747805,14473.672975789746
366,-726.0,14494.0
367,-776.4916965202377,14513.758228848312
368,-814.0,14532.0
369,-898.3963614861325,14573.87961589109
370,-983.0,14619.0
371,-1131.0,14714.0
372,-1175.00062135794,14746.957804864684
373,-1316.0,14869.0
374,-1407.0,14962.0
375,-1432.6906398392425,14989.752994372311
376,-1502.0,15073.0
377,-1521.7791568540397,15099.820696465593
378,-1687.0,15345.0
379,-1691.7588793808682,15352.365398374735
380,-1751.0,15460.0
381,-1784.5685893430705,15529.247887442805
382,-1859.0,15685.0
383,-1914.0,15807.0
384,-1917.4034488449981,15814.57776992686
385,-1976.0,15944.0
386,-1986.4248614025073,15966.78394853944
387,-2042.4030965904399,16088.095701065171
388,-2053.0,16111.0
389,-2117.0,16249.0
390,-2183.592936777236,16390.367679416406
391,-2244.0,16506.0
392,-2287.103818926365,16580.650875675772
393,-2330.0,16651.0
394,-2419.652277227208,16779.94863787363
395,-2427.0,16789.0
396,-2643.0,17030.0
397,-2664.737605401119,17053.552300198873
398,-2694.9570495213816,17081.901002938426
399,-2718.0,17100.0
400,-2802.479611742704,17165.93145831571
401,-3013.0,17327.0
402,-3032.933584446773,17341.42756739098
403,-3151.903625687823,17410.02851686323
404,-3158.0,17413.0
405,-3387.0,17519.0
406,-3424.969361825534,17534.099662878903
407,-3479.0,17554.0
408,-3607.5158677210234,17594.84255358237
409,-3657.0,17609.0
410,-3787.0,17642.0
411,-3862.895514584853,17658.70138118809
412,-4029.0,17693.0
413,-4056.0959045753193,17698.451406385022
414,-4110.0,17709.0
415,-4113.836513470075,17710.16020326459
416,-4126.0,17713.0
417,-4157.692310762944,17718.513441884403
418,-4201.0,17726.0
419,-4312.625573239544,17747.253583844857
420,-4364.0,17757.0
421,-4394.439623953115,17762.266471559604
422,-4441.1951256121365,17768.14296758036
423,-4449.0,17769.0
424,-4498.20609634431,17773.816923102113
425,-4501.0,17774.0
426,-4549.0,17773.0
427,-4552.069830390947,17772.5408474119
428,-4638.0,17749.0
429,-4671.01397249661,17732.80664261953
430,-4695.980174411559,17709.629140313384
431,-4706.0,17700.0
432,-4736.5878220946515,17668.072766303696
433,-4739.0,17665.0
434,-4782.0,17604.0
435,-4787.437853983105,17595.943136625487
436,-4799.083587364433,17573.5699407516
437,-4802.0,17564.0
438,-4828.357583081861,17476.881105924327
439,-4840.0,17435.0
440,-4849.82489583124,17390.313697355912
441,-4860.0,17339.0
442,-4866.456411614779,17313.743062867674
443,-4885.6664021625475,17248.02388136586
444,-4887.0,17244.0
445,-4914.907783210823,17170.331992687523
446,-4920.0,17158.0
447,-4942.894332547093,17104.71693940946
448,-4945.0,17100.0
449,-4977.0,17031.0
450,-4982.324748114849,17019.802291099862
451,-5012.276933780963,16957.67261330924
452,-5015.0,16952.0
453,-5094.114456765039,16785.983895804166
454,-5129.0,16712.0
455,-5169.514677081886,16624.136937488303
456,-5183.0,16595.0
457,-5233.347128262539,16488.229010244213
458,-5258.0,16437.0
459,-5288.623855398739,16374.320063069483
460,-5317.0,16318.0
461,-5386.89718802795,16185.607351673332
462,-5411.0,16141.0
463,-5446.9127833360435,16075.673521142642
464,-5500.0,15982.0
465,-5549.272146293944,15895.520820922982
466,-5553.0,15889.0
467,-5627.0,15760.0
468,-5630.0647137060005,15754.643028604085
469,-5716.0,15604.0
470,-5781.350892995513,15489.329234156181
471,-5786.0,15481.0
472,-5861.970289178567,15342.722873000446
473,-5939.0,15200.0
474,-5972.6404373758505,15136.529235079573
475,-6041.08081441622,15003.171653211572
476,-6049.0,14988.0
477,-6160.890021569361,14778.831457543718
478,-6171.0,14760.0
479,-6200.0,14706.0
480,-6245.882307066516,14621.104166421976
481,-6356.0,14418.0
482,-6393.444498044781,14348.508535129957
483,-6429.0,14278.0
484,-6438.006886642919,14259.778708301099
485,-6485.0,14164.0
486,-6523.681710424943,14083.656496143774
487,-6561.0,14004.0
488,-6591.241260017259,13937.402952366261
489,-6643.6009114197295,13818.560026312003
490,-6653.0,13797.0
491,-6703.748553652541,13679.342654047035
492,-6748.0,13572.0
493,-6793.577646654609,13457.356173585818
494,-6827.0,13372.0
495,-6879.0,13232.0
496,-6910.38920589293,13139.31923778435
497,-6937.0,13058.0
498,-6965.48012127014,12966.804583146633
499,-7005.0,12832.0
500,-7031.203623746714,12739.334021095274
501,-7051.0,12669.0
502,-7081.397289761826,12563.57427318084
503,-7117.0,12440.0
504,-7178.0,12227.0
505,-7182.211956934031,12212.240328200744
506,-7245.584717773001,11987.66186648474
507,-7279.0,11862.0
508,-7284.428889088976,11841.15445061154
509,-7313.0,11727.0
510,-7339.55387438242,11616.300503096794
511,-7397.0,11372.0
512,-7418.431889916276,11275.916450003799
513,-7437.0,11184.0
514,-7441.29652662399,11162.502061693223
515,-7469.091785935457,11021.851217085194
516,-7471.0,11012.0
517,-7501.994781025245,10846.93209892901
518,-7521.0,10734.0
519,-7529.0,10682.0
520,-7546.417839494748,10569.185280425478
521,-7574.0,10385.0
522,-7577.427934691874,10360.186247247286
523,-7595.152765953423,10222.440781496454
524,-7601.0,10174.0
525,-7619.192011842615,10016.369831662483
526,-7629.0,9927.0
527,-7637.953790368976,9840.053000343876
528,-7649.0,9714.0
529,-7656.915132587577,9610.221014994506
530,-7671.306778831669,9402.268953114486
531,-7673.0,9376.0
532,-7681.652516839877,9222.442146415719
533,-7682.0,9215.0
534,-7690.315120977904,8983.006551400742
535,-7692.0,8910.0
536,-7693.834876328698,8807.290553792904
537,-7696.0,8622.0
538,-7696.148074799799,8597.74913174283
539,-7696.0,8478.0
540,-7695.984932256756,8405.80031086412
541,-7696.0,8226.0
542,-7695.747660569166,8143.4434094319095
543,-7695.0,7991.0
544,-7694.5655814635165,7891.303094346835
545,-7694.0,7792.0
546,-7692.931693813403,7676.741541649765
547,-7692.0,7593.0
548,-7690.0,7412.0
549,-7689.0,7267.0
550,-7688.935550527091,7257.966220810352
551,-7688.0,7140.0
552,-7686.051135100075,6876.67510648032
553,-7686.0,6867.0
554,-7685.093362097252,6695.1118751400045
555,-7685.0,6685.0
556,-7683.284389830193,6548.675586399955
557,-7683.0,6521.0
558,-7682.0,6283.0
559,-7681.790237349285,6250.556391881305
560,-7680.0,6025.0
561,-7679.623363286984,5919.613751365405
562,-7680.0,5804.0
563,-7680.260093488586,5745.994699375737
564,-7681.0,5564.0
565,-7681.076161184229,5517.766120767685
566,-7681.843887534491,5333.08000708453
567,-7682.0,5323.0
568,-7683.0,5268.0
569,-7683.919680431971,5109.983606359312
570,-7684.0,5026.0
571,-7684.919848898049,4814.469434327364
572,-7685.0,4803.0
573,-7687.0,4558.0
574,-7687.930990519648,4402.316953681711
575,-7688.0,4390.0
576,-7690.0,4035.0
577,-7690.230863071348,3987.842018782657
578,-7690.48537488881,3891.691883619804
579,-7691.0,3773.0
580,-7691.327626308215,3711.7243090090938
581,-7693.0,3436.0
582,-7693.657602023899,3354.5910246982635
583,-7695.0,3229.0
584,-7695.696169412375,3097.156357540102
585,-7696.0,3041.0
586,-7696.87589562965,2895.4835976784207
587,-7698.0,2703.0
588,-7698.183139625098,2658.252126967759
589,-7698.336879890369,2524.09018323559
590,-7700.0,2382.0
591,-7703.0,2156.0
592,-7704.865151494176,2009.746959947965
593,-7706.0,1891.0
594,-7706.103178180019,1881.9292916148584
595,-7709.07404019622,1631.4984537601592
596,-7710.0,1551.0
597,-7711.175132794799,1439.5264389531185
598,-7713.0,1268.0
599,-7715.154894016106,1102.5134750118405
600,-7717.0,965.0
601,-7718.546779862571,849.7523478191122
602,-7720.0,720.0
603,-7720.533217605483,644.42059756508
604,-7721.0,589.0
605,-7723.872503326644,361.32982010674846
606,-7724.0,352.0
607,-7726.0,204.0
608,-7726.112434943247,195.1910081888641
609,-7728.344448673722,13.6133837296672
610,-7729.0,-38.0
611,-7730.1825097987075,-124.21439804594225
612,-7731.579759151998,-205.97765483990176
613,-7731.994278252594,-274.35817538309306
614,-7732.0,-280.0
615,-7732.0,-359.0
616,-7732.39859586839,-407.5178296116097
617,-7733.0,-454.0
618,-7733.981468272724,-541.2738006423268
619,-7734.0,-555.0
620,-7733.481710001469,-611.0369923739902
621,-7733.0,-632.0
622,-7731.430841538594,-673.725671894312
623,-7728.0,-719.0
624,-7723.113648804372,-762.5930477195693
625,-7712.0,-843.0
626,-7708.920120047051,-861.9638351023675
627,-7702.862974564468,-886.7014460318235
628,-7701.0,-893.0
629,-7676.0,-968.0
630,-7667.8261591727305,-987.6946018550688
631,-7635.627238930352,-1050.1956375957702
632,-7634.0,-1053.0
633,-7619.0,-1078.0
634,-7581.7673578734275,-1132.6652263539227
635,-7574.0,-1141.0
636,-7516.779665684128,-1194.986903438125
637,-7509.0,-1202.0
638,-7490.595354165878,-1217.3711441337305
639,-7478.0,-1222.0
640,-7400.976086641779,-1250.6970982617277
641,-7369.0,-1261.0
642,-7357.734783822387,-1263.931723205431
643,-7331.088186586007,-1267.369910318124
644,-7305.0,-1271.0
645,-7255.646884831349,-1279.2535003364478
646,-7173.0,-1295.0
647,-7151.966729046366,-1299.983585425041
648,-7123.757781161384,-1312.3796696424315
649,-7111.0,-1320.0
650,-7051.74490821503,-1356.455699790239
651,-7015.0,-1382.0
652,-6970.428960535268,-1416.800596199637
653,-6954.0,-1430.0
654,-6898.0,-1475.0
655,-6894.8120585861725,-1477.567352796685
656,-6832.0,-1528.0
657,-6790.0,-1560.0
658,-6746.939170548814,-1588.7353532019456
659,-6656.0,-1643.0
660,-6592.603238995424,-1671.832312573502
661,-6537.0,-1685.0
662,-6486.7701326746965,-1694.5708599841785
663,-6447.0,-1700.0
664,-6328.052194937164,-1707.4226896189634
665,-6210.0,-1711.0
666,-6203.07405554781,-1711.2162390058643
667,-6052.373170519753,-1716.1090230757181
668,-5935.0,-1720.0
669,-5864.0,-1721.0
670,-5710.907440593249,-1718.1792068722089
671,-5704.0,-1718.0
672,-5603.0,-1715.0
673,-5466.622803638325,-1711.568399882819
674,-5316.0,-1708.0
675,-5099.666054364658,-1702.4826948915272
676,-5042.0,-1701.0
677,-4933.631434706144,-1698.400875568356
678,-4917.0,-1698.0
679,-4795.279874581276,-1695.0235851364146
680,-4644.0,-1691.0
681,-4611.083679242554,-1690.0017445919902
682,-4483.0,-1686.0
683,-4242.572041760368,-1679.855996861724
684,-4168.0,-1678.0
685,-3994.0723105651796,-1673.5649377787538
686,-3877.0,-1670.0
687,-3768.820107941245,-1666.2620320946528
688,-3705.0,-1664.0
689,-3525.001389374304,-1657.707561218448
690,-3469.0,-1656.0
691,-3263.0,-1651.0
692,-3239.0789006819396,-1650.4674226877341
693,-3078.1128739187193,-1647.1395986777168
694,-3070.0,-1647.0
695,-2940.0,-1645.0
696,-2915.093928954155,-1644.5658872970384
697,-2875.0,-1644.0
698,-2711.0,-1645.0
699,-2503.8801455285825,-1646.619173027672
700,-2430.0,-1647.0
701,-2280.0,-1648.0
702,-2210.795823852288,-1649.6184812609363
703,-2130.0,-1652.0
704,-1910.0,-1655.0
705,-1819.6772848524283,-1655.1466500753006
706,-1672.0,-1655.0
707,-1538.078618255315,-1654.3960338280438
708,-1468.0,-1654.0
709,-1416.7522533732008,-1653.8273961127607
710,-1245.0,-1653.0
711,-1202.5931398418024,-1652.5120611908483
712,-1159.0,-1652.0
713,-1065.1861115813122,-1651.3430476447325
714,-926.5316702030958,-1650.1733880759825
715,-917.0,-1650.0
716,-761.0,-1646.0
717,-614.0873817035973,-1643.1420267170613
718,-535.0,-1642.0
719,-396.0,-1640.0
720,-300.640111205058,-1637.2500453846149
721,-239.0,-1635.0
722,-162.93002401262885,-1631.8905450720868
723,-21.62782442239878,-1625.1920270509127
724,81.0,-1620.0
725,343.0,-1606.0
726,372.0618757819513,-1604.237607198769
727,471.4639439697103,-1596.577924238069
728,551.0,-1587.0
729,721.0,-1559.0
730,777.4447203889553,-1544.5376493023546
731,984.8749835619616,-1480.2772496440662
732,1036.0,-1463.0
733,1143.5287480310756,-1420.1423330750522
734,1210.0,-1382.0
735,1269.464757568203,-1346.9072279637012
736,1421.0,-1253.0
737,1458.8922433949356,-1227.433336667191
738,1577.0,-1141.0
739,1641.20785680268,-1088.6650562234472
740,1718.0,-1015.0
741,1897.0,-822.0
742,1952.3577879010686,-760.4736478584554
743,2039.6930837349082,-658.0289192564649
1,2315.621713591852,-331.1481414178668
2,2411.116584818433,-224.66719108464665
3,2418.0,-217.0
4,2632.0,21.0
5,2648.2720047178505,39.06668844566845
6,2668.0,61.0
7,2799.0,208.0
8,2873.5256440139674,291.1509433451913
9,3037.0,473.0
10,3098.303599926343,541.8607175132561
11,3180.0,634.0
12,3225.9841334431535,685.3818370257367
13,3358.0,832.0
14,3377.8550321109215,853.9543764611399
15,3440.665626486511,922.9704910808636
16,3479.0,965.0
17,3513.4495800905606,1002.8146828930702
18,3577.0,1073.0
19,3626.4782606888984,1129.1371276393259
20,3667.0,1178.0
21,3691.6720980691443,1209.471372271917
22,3732.0,1273.0
23,3765.001546761762,1349.0029221400805
24,3778.0,1387.0
25,3790.9991006257756,1442.4746236886278
26,3792.945485680469,1509.4460525344464
27,3792.0,1530.0
28,3779.566611967688,1604.1656161580254
29,3777.0,1613.0
30,3759.0,1665.0
31,3732.0,1719.0
32,3720.8899715684793,1736.8533120566394
33,3682.0,1791.0
34,3672.0164868745715,1803.6394312815592
35,3646.9666306219374,1830.0977341083149
36,3639.0,1837.0
37,3555.773584270462,1899.5620878594475
38,3539.0,1911.0
39,3490.5817356562716,1938.7362769674023
40,3444.0,1954.0
41,3393.454759831439,1968.8570499450154
42,3389.0,1970.0
43,3325.0,1983.0
44,3289.8544342753744,1988.1992744184913
45,3265.0,1991.0
46,3222.039162835029,1993.7964859933916
47,3210.0,1994.0
48,3090.731115931701,1986.0301420947874
49,3063.0,1982.0
50,3020.928091301853,1973.475791104293
51,2977.0,1961.0
52,2918.5273900861785,1941.1702795557383
53,2880.0,1926.0
54,2820.9999687383242,1898.6037957621747
55,2744.0,1855.0
56,2724.672935069351,1842.7999874230436
57,2711.0,1834.0
58,2624.9066745324967,1776.7496933940156
59,2611.0,1767.0
60,2560.7598313779094,1730.2331948431301
61,2487.0,1669.0
62,2454.6684516113046,1639.1542466152382
63,2374.0,1561.0
64,2309.9535731442456,1498.3478772826734
65,2218.203185073106,1407.9898902293944
66,2198.0,1388.0
67,2164.3815139436583,1354.6006529888436
68,2077.0,1285.0
69,2053.489275696399,1271.2149536696206
70,1955.5906994509303,1220.0597998558956
71,1918.0,1202.0
72,1873.9643922462833,1183.3580270199382
73,1819.0,1173.0
74,1670.3587067546353,1162.3490028607375
75,1611.0,1162.0
76,1527.3852027404923,1168.555927874783
77,1402.5524108621107,1203.9223565422642
78,1390.0,1208.0
79,1334.8068625533053,1226.2284192208986
80,1287.0,1245.0
81,1276.4678636364204,1249.5889975466964
82,1137.0,1320.0
83,1085.21682610191,1350.973469004838
84,1050.0,1374.0
85,974.5655802184793,1430.6607484011413
86,949.0,1453.0
87,842.0,1562.0
88,809.2817926335198,1601.9442241567494
89,804.0,1609.0
90,745.1550278873364,1698.2502492397448
91,675.0,1825.0
92,655.4068700825685,1867.5905388770088
93,629.0,1945.0
94,594.0912645672068,2083.1541898792766
95,584.0,2137.0
96,561.8310432192745,2305.2734824475183
97,554.0,2379.0
98,539.4536210987818,2535.112180832718
99,530.0,2656.0
100,529.6747468274142,2660.4011805094997
101,520.9031504994285,2786.639123909706
102,512.0,2929.0
103,505.0,3045.0
104,503.7075248941332,3064.8345461375443
105,496.0,3178.0
106,487.0,3329.0
107,486.7141511108916,3334.3376028023836
108,480.67383801950945,3457.1784887007175
109,477.0,3529.0
110,472.51785292284677,3611.1083770154005
111,472.0,3622.0
112,467.0,3763.0
113,464.32133802360363,3830.522708155676
114,459.0,3953.0
115,454.0,4082.0
116,450.7746970709264,4170.467473549294
117,446.0,4292.0
118,442.2999058076206,4379.453765075999
119,434.0,4571.0
120,427.18532520996195,4730.1327320743
121,423.0,4837.0
122,420.311180286665,4906.338475624805
123,418.0,4971.0
124,415.8190367968522,5043.916353405426
125,414.0,5106.0
126,404.0,5378.0
127,402.5359046349682,5417.964171930558
128,396.0,5602.0
129,393.9816844091677,5658.651534811395
130,388.0,5827.0
131,384.3114999622813,5938.369537370529
132,382.0,6007.0
133,376.0,6172.0
134,375.7800943945263,6178.405203745706
135,367.6022086386042,6429.142188463263
136,365.0,6506.0
137,359.2734865267247,6648.254693557237
138,358.0,6682.0
139,351.4145683362759,6879.526447802114
140,349.0,6949.0
141,343.0,7110.0
142,340.99782069771305,7165.999281597576
143,335.0,7344.0
144,326.10289732616593,7608.071493806569
145,324.0,7668.0
146,319.5407091957858,7786.032863305039
147,316.12497839596307,7870.549345237687
148,314.0,7940.0
149,312.0,8012.0
150,310.0206789223341,8070.91387753852
151,306.0,8176.0
152,292.99730539635226,8548.076488926197
153,290.0,8634.0
154,288.5643772516626,8673.820910748751
155,286.26779205923907,8736.147639339446
156,286.0,8744.0
157,280.5039775850738,8911.012293956053
158,278.0,8983.0
159,272.20798555067114,9135.63998207629
160,270.0,9199.0
161,265.0,9364.0
162,264.82886924654633,9368.631736562671
163,260.0,9481.0
164,256.6504518923901,9566.59350303791
165,252.0,9708.0
166,250.57259764602577,9752.338018970346
167,248.0,9828.0
168,243.0,9965.0
169,242.87218649439268,9968.818602354513
170,241.8385332559305,10070.029913268885
171,243.0,10096.0
172,245.93187194656753,10149.058299641356
173,247.0,10162.0
174,258.0228366044743,10241.640641062218
175,261.0,10257.0
176,283.0,10353.0
177,283.64302647472124,10355.503763805591
178,300.0,10406.0
179,301.86381532444744,10411.198401247933
180,327.6041431002122,10476.972209412983
181,330.0,10482.0
182,373.0,10561.0
183,402.2197070120712,10601.652461223375
184,446.0,10641.0
185,488.0,10668.0
186,493.6175776655773,10670.558664974811
187,537.2467788269295,10687.797414533328
188,565.0,10696.0
189,609.2105893890185,10703.762771816602
190,622.0,10705.0
191,745.6334940112002,10709.628577377218
192,770.0,10710.0
193,857.190261072179,10709.387859593608
194,892.0,10709.0
195,948.8348628191902,10709.00011702349
196,958.0,10709.0
197,1115.0,10709.0
198,1207.9941849179538,10709.86256954027
199,1259.0,10711.0
200,1301.4882608423593,10710.971210936446
201,1320.0,10711.0
202,1444.0,10712.0
203,1447.9334687163987,10712.035442324319
204,1529.548428841408,10712.709960597103
205,1564.0,10713.0
206,1767.842293867045,10714.751411032812
207,1807.0,10715.0
208,1875.8726952010059,10715.07392292274
209,1941.0,10715.0
210,1974.7713261097952,10715.386278401464
211,2132.2458239534367,10717.862118283825
212,2141.0,10718.0
213,2270.0,10725.0
214,2330.0820005761457,10734.744274950557
215,2476.0,10765.0
216,2522.663697468098,10776.207037803457
217,2581.0,10796.0
218,2642.0193869444047,10818.103771863905
219,2749.0,10860.0
220,2778.915238248502,10873.28290708726
221,2850.0,10908.0
222,2903.0089159537238,10936.486786516489
223,2986.0,10986.0
224,3105.1824377298244,11068.205741213353
225,3293.2781532975837,11221.44244002185
226,3429.582117883297,11350.716182769786
227,3488.0,11415.0
228,3562.5323859488017,11513.727191939191
229,3567.0,11520.0
230,3666.0,11673.0
231,3677.020103397867,11693.683399019716
232,3775.0,11898.0
233,3786.316520294761,11923.380574941657
234,3810.0,11993.0
235,3810.595306279526,11994.964645898981
236,3837.0595372439257,12085.152441578633
237,3839.0,12093.0
238,3867.343410444132,12234.74234484057
239,3872.0,12261.0
240,3879.1166030315044,12304.543892823876
241,3877.0,12354.0
242,3863.0,12476.0
243,3861.5236931973877,12486.202263661324
244,3851.779310426967,12529.876943382696
245,3836.0,12566.0
246,3821.2737676740344,12598.545270243774
247,3809.0,12623.0
248,3829.0,12567.0
249,3829.9122912791227,12564.242443118748
250,3813.5783560824366,12603.917573173796
251,3795.0,12643.0
252,3775.6261487648953,12671.958785763873
253,3763.0,12686.0
254,3716.8670060321956,12726.554386506365
255,3701.0,12738.0
256,3683.957896573133,12748.467345124944
257,3651.0,12763.0
258,3635.752305600674,12768.573816071172
259,3587.0,12784.0
260,3556.423700679674,12792.163836206208
261,3507.0,12810.0
262,3497.679540680524,12814.49797779832
263,3425.0,12855.0
264,3406.2450293821435,12867.073129272238
265,3384.0,12891.0
266,3383.239876742553,12891.950016307605
267,3344.0373012776854,12943.947420921435
268,3339.0,12952.0
269,3323.4710938869944,12981.768331821926
270,3318.0,12995.0
271,3302.0,13053.0
272,3300.054975053962,13065.481408325079
273,3297.0,13096.0
274,3295.7503906564903,13137.592336622949
275,3301.0,13170.0
276,3308.704371294514,13200.693697783672
277,3335.0,13285.0
278,3357.0,13332.0
279,3361.9455898414526,13341.614014938332
280,3378.0,13373.0
281,3431.0875054278827,13467.066844626564
282,3455.0,13508.0
283,3463.485447270191,13522.391018740853
284,3504.5155955833984,13592.259519153216
285,3516.0,13614.0
286,3536.0,13654.0
287,3555.4916983166986,13694.926966116129
288,3563.0,13712.0
289,3580.4483537542533,13757.266492197392
290,3588.0,13780.0
291,3595.848094545464,13806.401518109848
292,3608.0,13859.0
293,3613.3180619297787,13901.220488806439
294,3614.0,13911.0
295,3614.8473834703414,13947.390422482444
296,3614.0,13974.0
297,3608.711696276861,14024.700839509389
298,3607.0,14034.0
299,3594.191774053302,14083.683052925297
300,3583.0,14119.0
301,3575.4698836669972,14140.740294652664
302,3550.2419975152015,14182.71313843194
303,3543.0,14191.0
304,3507.4746418474547,14227.8657941056
305,3499.0,14236.0
306,3455.7079056916054,14263.38493329891
307,3442.0,14268.0
308,3401.0,14281.0
309,3399.0666469749603,14281.471574191442
310,3339.0,14290.0
311,3276.058559548563,14292.59713855671
312,3234.0,14292.0
313,3125.0,14288.0
314,3123.1342331972714,14287.9219891077
315,3092.540161964817,14286.638288023036
316,3066.0,14286.0
317,2949.1058207165856,14283.790202405524
318,2900.0,14283.0
319,2823.0,14282.0
320,2743.0,14280.0
321,2717.373637647311,14279.389912997598
322,2506.0,14275.0
323,2478.921516373894,14274.457561503647
324,2423.515833039846,14273.358499429716
325,2356.0,14272.0
326,2276.1485315377454,14270.386277135005
327,2162.0,14268.0
328,2094.2642227960487,14266.44263395068
329,1962.8701682695742,14262.729904401476
330,1934.0,14262.0
331,1834.0,14260.0
332,1830.8675032096178,14259.941322070443
333,1704.7045184308229,14257.672115065581
334,1641.0,14257.0
335,1482.0,14257.0
336,1464.5770449923352,14257.002195313786
337,1360.0,14257.0
338,1273.2000994636157,14257.506561610104
339,1180.0,14258.0
340,1110.0,14258.0
341,964.161048348789,14258.916883266678
342,940.0,14259.0
343,820.5290348075936,14258.969346981838
344,810.0,14259.0
345,655.0,14260.0
346,580.9486716163963,14259.874394098895
347,477.0,14261.0
348,362.84919162593457,14265.111230207076
349,146.0,14277.0
350,139.91700104562585,14277.440987805976
351,23.96190163940513,14290.082578812078
352,-38.25495942262765,14302.972226674887
353,-82.0,14311.0
354,-205.0,14333.0
355,-210.48609790210406,14334.06601684379
356,-357.0,14367.0
357,-422.92428042686015,14385.042498562536
358,-433.0,14388.0
359,-689.0807766382297,14478.47121688894
360,-717.0,14490.0
361,-889.9958051317764,14569.0358106804
362,-1018.4209491277766,14640.041203575785
363,-1044.0,14656.0
364,-1224.6069397252504,14788.693177956442
365,-1324.0,14877.0
366,-1395.5776422905158,14949.321429547705
367,-1524.5587459429141,15103.016821991041
368,-1530.0,15110.0
369,-1581.0943304250438,15178.466213917452
370,-1632.149597245035,15254.944867233111
371,-1660.0,15300.0
372,-1710.0,15385.0
373,-1759.738065338002,15477.509899668486
374,-1818.0423072056947,15596.515710517555
375,-1823.0,15607.0
376,-1879.0,15729.0
377,-1933.4863628541548,15850.439573631016
378,-1968.0,15927.0
379,-2031.0,16064.0
380,-2033.1260414389253,16068.574351815514
381,-2095.0,16201.0
382,-2116.782857068528,16247.743241095695
383,-2167.0,16354.0
384,-2214.454440154256,16449.100925681316
385,-2228.0,16475.0
386,-2311.0,16622.0
387,-2378.1098139411397,16728.279148612306
388,-2458.0,16829.0
389,-2478.5505455312036,16852.374182249787
390,-2632.7235394963986,17015.687739374076
391,-2692.0,17076.0
392,-2833.0,17197.0
393,-2836.3282166325657,17199.527057092044
394,-2941.0,17278.0
395,-2973.699852888324,17300.929523556846
396,-3169.0,17419.0
397,-3173.4347657877297,17421.344226057652
398,-3289.0,17478.0
399,-3325.055970639055,17494.078730959947
400,-3474.0,17553.0
401,-3600.754098260894,17593.824907333183
402,-3669.0,17613.0
403,-3821.0,17650.0
404,-3923.0,17672.0
405,-3927.3794972548026,17672.8914250281
406,-4041.0,17695.0
407,-4133.295875103593,17714.28514203576
408,-4137.0,17715.0
409,-4182.976895086714,17722.622238137323
410,-4197.0,17725.0
411,-4242.799527187996,17733.586260279844
412,-4323.846127291577,17748.917621386114
413,-4330.0,17750.0
414,-4404.424592272977,17762.51906592189
415,-4426.0,17766.0
416,-4469.410489911136,17771.621442421194
417,-4479.0,17772.0
418,-4526.937435593989,17772.429743546567
419,-4570.0,17770.0
420,-4600.0,17764.0
421,-4613.481625524022,17758.612426644373
422,-4694.0,17710.0
423,-4705.428871002196,17701.4599761336
424,-4723.0,17682.0
425,-4758.5909526070645,17642.936933207544
426,-4773.0,17619.0
427,-4801.46720526257,17560.560753361617
428,-4814.0,17533.0
429,-4824.0,17501.0
430,-4828.792800478082,17479.271926376474
431,-4852.0,17377.0
432,-4854.102947449462,17367.25595801121
433,-4869.968763995567,17292.23284609019
434,-4885.0,17250.0
435,-4893.48821136185,17227.522035725557
436,-4929.438697247415,17136.120711604362
437,-4936.0,17120.0
438,-4954.892760464736,17075.702207399307
439,-4982.0,17020.0
440,-4986.646593227997,17010.490060292024
441,-5021.633300496301,16938.78121009173
442,-5043.0,16895.0
443,-5061.0,16858.0
444,-5104.28354946709,16766.370843272656
445,-5143.0,16683.0
446,-5206.161567773145,16545.171203311897
447,-5210.0,16537.0
448,-5279.906013382917,16389.89120230265
449,-5291.0,16367.0
450,-5377.0,16203.0
451,-5390.385704284329,16178.597927266928
452,-5464.0,16045.0
453,-5475.531915449535,16024.1828651636
454,-5520.867698310981,15944.592072978014
455,-5549.0,15896.0
456,-5602.902370165411,15801.918305522366
457,-5671.0,15683.0
458,-5685.360225838278,15658.096012892844
459,-5718.946774293396,15600.148665822124
460,-5727.0,15586.0
461,-5810.580508509737,15436.219167309118
462,-5858.0,15350.0
463,-5892.571316655091,15286.485509198143
464,-5920.0,15235.0
465,-6016.0,15051.0
466,-6034.031722775452,15016.616875637523
467,-6083.201302679323,14924.754716247471
468,-6114.0,14867.0
469,-6129.066771532587,14838.50006174564
470,-6178.0,14746.0
471,-6244.0,14624.0
472,-6264.082668747823,14586.85625061583
473,-6407.0,14320.0
474,-6430.36273695634,14275.308030779943
475,-6486.982207752413,14161.150776335102
476,-6520.0,14091.0
477,-6588.0,13944.0
478,-6611.118993327167,13892.491335885325
479,-6673.0,13750.0
480,-6674.948294776812,13745.47029420868
481,-6726.822578842986,13623.946748757216
482,-6731.0,13614.0
483,-6793.0,13460.0
484,-6858.996452478141,13284.68358339065
485,-6892.0,13195.0
486,-6928.307906498372,13091.67331445566
487,-6969.0,12954.0
488,-6985.912886255486,12895.848810975309
489,-7040.0,12709.0
490,-7076.652429285954,12580.818848673192
491,-7101.0,12495.0
492,-7130.485424748525,12392.939136305578
493,-7144.0,12346.0
494,-7178.930918662208,12223.476429532244
495,-7205.0,12131.0
496,-7233.101045552139,12030.280872523143
497,-7251.0,11964.0
498,-7287.2943614645155,11824.572449517407
499,-7329.0,11660.0
500,-7361.114085234336,11528.845838613157
501,-7378.0,11456.0
502,-7386.432650668518,11419.123121551314
503,-7401.0,11354.0
504,-7459.742748631585,11069.018961532154
505,-7483.0,10950.0
506,-7507.0864248798625,10819.457031771792
507,-7522.4305444847205,10724.892160188703
508,-7536.0,10637.0
509,-7548.357596490601,10555.448216058798
510,-7580.97404644131,10332.377466521632
511,-7592.0,10250.0
512,-7609.326051974591,10109.051080873276
513,-7636.0,9860.0
514,-7640.293474279455,9815.95770744523
515,-7647.0,9736.0
516,-7647.356959524685,9731.688144463482
517,-7657.929750032199,9603.030155252722
518,-7665.0,9504.0
519,-7678.6012003181395,9268.98227391566
520,-7684.0,9163.0
521,-7688.2353539639635,9070.704090818428
522,-7692.607347172272,8901.311555351049
523,-7693.0,8875.0
524,-7695.0,8713.0
525,-7695.295579611352,8688.509901942587
526,-7696.0,8623.0
527,-7696.343746145654,8544.264467987323
528,-7696.0,8352.0
529,-7695.991056150629,8298.672051966065
530,-7696.0,8164.0
531,-7695.230301870572,7975.251772820759
532,-7695.0,7947.0
533,-7693.129173594161,7777.876037649403
534,-7693.0,7766.0
535,-7691.0,7530.0
536,-7690.640845913142,7444.62476713669
537,-7690.0,7294.0
538,-7689.652353211552,7253.848003909601
539,-7688.0,7113.0
540,-7687.793758565488,7090.952409163741
541,-7686.3805402091675,6872.217656782348
542,-7686.0,6822.0
543,-7685.0,6712.0
544,-7683.447039662821,6560.108507016034
545,-7682.0,6401.0
546,-7681.057956095877,6281.509141598453
547,-7680.0,6126.0
548,-7679.833375783991,5983.670055571612
549,-7680.0,5905.0
550,-7680.0,5739.0
551,-7680.021706284874,5731.020433459754
552,-7682.0,5387.0
553,-7682.251484007678,5345.973494328401
554,-7682.717020216974,5257.821307615581
555,-7683.0,5202.0
556,-7683.2636060002105,5152.011766602711
557,-7684.089522354736,5001.003064542559
558,-7685.0,4849.0
559,-7685.794190936391,4728.974434737574
560,-7686.0,4699.0
561,-7687.0,4548.0
562,-7687.3162033926255,4489.414577644004
563,-7689.0,4156.0
564,-7690.157523445565,4037.072290144015
565,-7691.0,3931.0
566,-7690.964281992545,3871.3116764618912
567,-7691.0,3800.0
568,-7691.4983432192785,3718.84754019707
569,-7693.0,3575.0
570,-7693.0624302953975,3567.8891383021687
571,-7694.285173487234,3393.329150460194
572,-7695.0,3257.0
573,-7695.512888936528,3117.422156177468
574,-7696.0,3013.0
575,-7696.612422344135,2908.0133147718307
576,-7698.0,2693.0
577,-7698.052774525959,2685.0220588154457
578,-7699.724700740932,2440.3023372776033
579,-7700.911603347015,2288.9044649474586
580,-7701.0,2279.0
581,-7702.148548356775,2174.8890594644245
582,-7704.0,2034.0
583,-7704.331142377585,2006.3054206169322
584,-7709.0,1601.0
585,-7709.426564598361,1565.4059546114836
586,-7710.549407600145,1482.4085688934551
587,-7711.0,1450.0
588,-7713.827221662262,1238.810308214561
589,-7714.0,1225.0
590,-7716.0,1056.0
591,-7716.064119251217,1050.629344820048
592,-7717.826683968917,903.4828661929706
593,-7718.0,888.0
594,-7720.66144787406,632.7561187681232
595,-7722.0,516.0
596,-7724.293685352348,371.3263515381594
597,-7725.965681143876,250.9149504500663
598,-7726.0,225.0
599,-7726.0,192.0
600,-7726.778513349723,92.87703730934362
601,-7728.0,11.0
602,-7729.718428757812,-96.11990489651002
603,-7731.0,-206.0
604,-7731.705124849246,-318.54202615924834
605,-7732.0,-359.0
606,-7732.697819962796,-416.1901291223136
607,-7734.0,-483.0
608,-7734.176245024696,-512.4187573345757
609,-7734.0,-578.0
610,-7732.0,-658.0
611,-7731.87363028482,-660.911894347303
612,-7727.9362941337795,-723.6365128004888
613,-7722.0,-779.0
614,-7719.699886565177,-795.4901280376619
615,-7711.0,-847.0
616,-7705.536444896513,-874.3818100637111
617,-7703.0,-885.0
618,-7673.629683619457,-971.8388930639609
619,-7662.0,-1000.0
620,-7645.793193683346,-1034.1310936944847
621,-7624.0,-1071.0
622,-7623.077955159363,-1072.4683634085661
623,-7601.0,-1106.0
624,-7576.0,-1139.0
625,-7568.273228868481,-1147.9591231425593
626,-7535.0,-1181.0
627,-7512.302002642701,-1199.385421499893
628,-7501.0,-1207.0
629,-7429.297124469646,-1243.0704468453712
630,-7412.0,-1250.0
631,-7377.800521830313,-1259.271294951881
632,-7354.0,-1263.0
633,-7306.0,-1270.0
634,-7292.726810012226,-1271.6426947141988
635,-7239.1476319910635,-1277.8057256981344
636,-7206.0,-1286.0
637,-7122.0,-1315.0
638,-7097.478375900793,-1326.060291029035
639,-7074.0,-1342.0
640,-7052.837776493614,-1356.6216513770169
641,-6992.0,-1400.0
642,-6977.877763540657,-1410.7479521970317
643,-6930.2352234251375,-1448.9544331062623
644,-6908.0,-1467.0
645,-6881.7095530104525,-1488.253106832747
646,-6852.0,-1512.0
647,-6788.800655694511,-1560.872121950287
648,-6762.0,-1580.0
649,-6732.0,-1600.0
650,-6653.0,-1644.0
651,-6650.502530197967,-1645.1598823629809
652,-6517.0,-1689.0
653,-6433.0,-1701.0
654,-6417.209654044056,-1702.5114970724337
655,-6284.0,-1710.0
656,-6227.0,-1711.0
657,-6178.124722074761,-1712.0897712614665
658,-6080.0,-1715.0
659,-5945.791878368389,-1718.7402200195693
660,-5938.0,-1719.0
661,-5829.0,-1722.0
662,-5824.688960192358,-1721.9792369343993
663,-5729.0,-1719.0
664,-5699.163072425959,-1717.9670051250937
665,-5601.0,-1715.0
666,-5492.907105065923,-1712.1833995532913
667,-5445.0,-1711.0
668,-5306.385700140838,-1707.5849059865052
669,-5284.0,-1707.0
670,-5133.0,-1703.0
671,-5086.351653373625,-1702.0264755267854
672,-4950.0,-1699.0
673,-4921.0,-1698.0
674,-4915.7094818942,-1697.8199700252312
675,-4731.928254333254,-1692.4284433726095
676,-4602.0,-1689.0
677,-4510.227120036596,-1686.6997153450243
678,-4438.0,-1685.0
679,-4420.855785909239,-1684.6008741573553
680,-4272.0,-1681.0
681,-4236.593886787053,-1680.019801011942
682,-4073.0,-1675.0
683,-3952.126608228403,-1671.3859590414522
684,-3840.0,-1668.0
685,-3753.795411768858,-1665.274038260849
686,-3588.0,-1660.0
687,-3537.7121323754723,-1658.5194848743045
688,-3412.0,-1655.0
689,-3326.843518455733,-1652.6448818811914
690,-3153.0,-1648.0
691,-3104.5352924187064,-1646.8469207720923
692,-2974.0,-1645.0
693,-2879.3076330557406,-1644.664184993529
694,-2711.0,-1645.0
695,-2672.1169969788525,-1645.2563715166075
696,-2577.0,-1646.0
697,-2376.0,-1647.0
698,-2370.966275309473,-1647.0415239142508
699,-2225.0,-1649.0
700,-2034.217413507819,-1653.8052346396726
701,-2022.0,-1654.0
702,-1869.0,-1655.0
703,-1838.3052462124965,-1655.1299663324846
704,-1630.0,-1655.0
705,-1533.7924049239482,-1654.5547626935477
706,-1423.0,-1654.0
707,-1289.755678279968,-1653.173897943919
708,-1268.0,-1653.0
709,-1186.7228866043952,-1652.7153828316702
710,-939.0,-1650.0
711,-872.2246886829715,-1648.6911035183289
712,-660.0,-1644.0
713,-544.0385241717374,-1642.1105475713732
714,-537.0,-1642.0
715,-422.21130187025454,-1639.9775996174944
716,-274.0,-1636.0
717,-231.09038777816474,-1634.3168384616297
718,-117.0,-1629.0
719,-34.197900605826746,-1625.3091553485478
720,57.0,-1621.0
721,210.20800428654,-1613.1457112689363
722,375.0,-1604.0
723,547.8413175558998,-1590.2768592869718
724,638.0,-1575.0
725,697.1189281553443,-1564.342270886088
726,860.0,-1524.0
727,892.9057511797532,-1513.1821720900323
728,1124.0,-1425.0
729,1154.5267056744108,-1411.7324530709868
730,1291.397185555495,-1341.1232703910707
731,1418.0,-1254.0
732,1442.0145661623283,-1237.6901828736047
733,1591.0,-1130.0
734,1595.4216076498515,-1126.329393212539
735,1734.0,-999.0
736,1809.298135573659,-919.6096818976689
737,1985.0,-717.0
1,2129.0,-546.0
2,2235.6763855282766,-421.2290840149795
3,2242.0,-414.0
4,2328.354070571136,-316.7701479746925
5,2346.0,-297.0
6,2498.0,-127.0
7,2518.6615840935738,-104.12501532529669
8,2662.0,54.0
9,2728.7940371503905,128.50702858837434
10,2802.0,211.0
11,2838.8129438541378,252.24482257385523
12,2954.0,381.0
13,2982.9757251498295,413.4382883513317
14,3098.583226023975,542.8454576949343
15,3105.0,550.0
16,3140.0,589.0
17,3232.4527615498023,692.9535225142007
18,3279.0,745.0
19,3388.0356019394644,864.5676887737917
20,3393.0,870.0
21,3486.0,972.0
22,3549.3304123380235,1041.7199597660683
23,3554.0,1047.0
24,3676.0,1189.0
25,3691.6364884227496,1207.3428562711406
26,3721.2356007276367,1243.435934196465
27,3740.0,1287.0
28,3748.57224373943,1309.6687389546762
29,3784.0,1412.0
30,3792.26088638538,1442.2540373588251
31,3793.0,1488.0
32,3791.4922993917794,1534.1545030080547
33,3789.0,1553.0
34,3778.2090253863053,1600.1014372791838
35,3760.0,1661.0
36,3755.7413741165,1675.262289070628
37,3738.5497225825666,1715.7511447451423
38,3712.0,1751.0
39,3669.0,1806.0
40,3640.7143274392024,1841.1017465856619
41,3610.0,1863.0
42,3607.560948431954,1864.6133824797905
43,3540.1965410916155,1909.2176538864035
44,3518.0,1923.0
45,3485.8330573922144,1940.6023099218796
46,3429.0,1959.0
47,3371.9476415407757,1973.379444590856
48,3324.0,1984.0
49,3283.08569354354,1990.5421743714915
50,3232.0,1993.0
51,3198.3494763250524,1994.1589902030944
52,3174.0,1994.0
53,3079.102424185168,1984.61533959682
54,3075.0,1984.0
55,3004.0,1969.0
56,2999.4450154068836,1967.6560127087942
57,2902.343664274663,1934.2160373507538
58,2875.0,1924.0
59,2831.032373216067,1906.5342629251118
60,2795.0169212032297,1887.1821740413768
61,2752.9490080950454,1860.4658930904789
62,2749.0,1858.0
63,2690.0,1821.0
64,2652.0954270626407,1795.786830996754
65,2614.0,1769.0
66,2534.9561330109714,1708.633225383056
67,2522.0,1698.0
68,2468.332166466149,1651.5714163851278
69,2448.0,1633.0
70,2407.1170669701014,1593.763061431182
71,2359.0,1546.0
72,2308.208790569259,1495.7476440156313
73,2209.0,1398.0
74,2184.7471929482376,1374.3754616242136
75,2149.5111404275676,1342.7172690445434
76,2140.0,1335.0
77,2021.0,1249.0
78,1985.8594522380695,1229.5279592926158
79,1860.8538275184426,1182.4666022936253
80,1855.0,1181.0
81,1802.0,1170.0
82,1670.458206619987,1157.1318113302407
83,1647.0,1159.0
84,1485.4512979416597,1183.2733704740867
85,1464.0,1187.0
86,1415.2502581415736,1196.9146682366822
87,1390.0,1208.0
88,1233.5467621222801,1274.404427065638
89,1170.0,1302.0
90,1148.2554261302428,1311.76213660124
91,1101.7068169057761,1336.199633563619
92,1063.0,1365.0
93,992.8194847607142,1422.3765129791882
94,878.0,1522.0
95,849.4066607437284,1548.9161959329024
96,814.5877804861591,1593.1667097553277
97,800.0,1615.0
98,733.02796132292,1715.5069359318463
99,696.0,1781.0
100,657.4425075870386,1865.1174891192143
101,645.0,1897.0
102,611.0,2008.0
103,609.4187803957193,2014.3172457129042
104,584.0,2138.0
105,572.0,2219.0
106,562.8594837816885,2296.2030841036367
107,547.0,2451.0
108,537.9355942084139,2550.7528411727294
109,532.0,2631.0
110,526.7490093736001,2703.7790497242718
111,523.0,2758.0
112,513.684563557177,2903.5572574308862
113,505.0,3045.0
114,504.4744292191384,3053.5477823515475
115,492.56496543261494,3246.8972956749712
116,483.0,3403.0
117,478.0,3495.0
118,469.36193191765153,3687.3420200611954
119,469.0,3696.0
120,464.0,3822.0
121,457.33017711302443,3989.3050470173775
122,450.0,4172.0
123,439.742720536179,4428.297382398875
124,437.0,4496.0
125,431.75700216803074,4623.628102922484
126,431.0,4643.0
127,425.62789936951174,4784.017301558904
128,419.0,4959.0
129,417.5287812249171,4997.179936430503
130,412.0,5145.0
131,402.857282790978,5417.704620570127
132,400.0,5502.0
133,392.768724010635,5697.991875588128
134,388.0,5829.0
135,384.33180369561273,5949.867177844457
136,382.0,6021.0
137,374.35817025008924,6220.925549851693
138,372.0,6283.0
139,364.0,6511.0
140,363.1166332586034,6537.460331444058
141,357.29437674201705,6715.100463773966
142,357.0,6724.0
143,352.0,6866.0
144,350.85584956502305,6893.198445313967
145,349.0,6937.0
146,343.0,7116.0
147,335.77411605437845,7340.040331157892
148,333.0,7420.0
149,327.0,7583.0
150,324.1915696633778,7658.33502959818
151,321.0,7746.0
152,313.0,7982.0
153,309.6166372979219,8079.099985250081
154,304.0,8238.0
155,298.69800844301864,8381.887182772902
156,296.0,8457.0
157,294.116170963129,8511.937776637475
158,288.0,8696.0
159,286.52486656264017,8741.40044595752
160,285.0,8788.0
161,281.6026524833069,8887.873196338205
162,276.3650985479522,9034.892020065774
163,276.0,9045.0
164,270.0,9209.0
165,264.61495606607025,9354.033587411484
166,262.0,9427.0
167,258.0,9546.0
168,255.50516474561098,9621.928532836906
169,254.0,9668.0
170,252.2781200853074,9720.933306048322
171,249.33938605062568,9808.586381959272
172,247.0,9869.0
173,241.0,10019.0
174,240.56157250978066,10035.106542360105
175,240.9492668761618,10086.473012370589
176,244.0,10123.0
177,252.0,10201.0
178,255.965722008818,10225.671519173946
179,273.3686204376054,10313.618899216974
180,278.0,10335.0
181,289.2222240815265,10378.816908959461
182,299.0,10405.0
183,308.06019879247583,10428.803693914178
184,333.0,10489.0
185,340.14942033569207,10503.556423676182
186,365.0,10548.0
187,379.8903685272429,10572.602236632796
188,403.0,10600.0
189,467.0,10656.0
190,483.9492895044545,10670.123874315346
191,504.5294638295003,10682.23469975114
192,535.0,10688.0
193,640.0,10706.0
194,649.4814649359646,10707.40239330432
195,687.0,10709.0
196,780.1096468377625,10710.013552792037
197,784.0,10710.0
198,839.238591462503,10709.142841484574
199,850.0,10709.0
200,927.637565204237,10708.972319905513
201,950.0,10709.0
202,1030.1949806246525,10708.887690237101
203,1119.0,10709.0
204,1148.0591577253874,10709.202384851616
205,1292.0,10711.0
206,1356.4982950355657,10711.474266693134
207,1444.0,10712.0
208,1448.4114449772223,10712.045929136848
209,1531.0,10713.0
210,1603.7823458969483,10713.701844139896
211,1642.0,10714.0
212,1724.095263591888,10714.431231799055
213,1853.0,10715.0
214,1946.8784959303403,10715.518673901352
215,2061.0,10716.0
216,2133.5380007751487,10715.666426041113
217,2213.0,10721.0
218,2232.900907426956,10723.244641652833
219,2378.0,10742.0
220,2399.6253498949136,10745.539154714683
221,2548.5466707341466,10784.245901011323
222,2598.0,10801.0
223,2675.0,10829.0
224,2806.8007273717035,10888.85156244864
225,2925.0,10949.0
226,3090.877476699549,11049.737591377885
227,3153.0,11094.0
228,3236.780742214757,11158.386786753079
229,3337.879832429271,11247.320285500777
230,3351.0,11260.0
231,3451.0,11369.0
232,3518.139326984356,11456.04092494365
233,3567.0,11521.0
234,3630.2598385693027,11604.196701812867
235,3677.0,11691.0
236,3707.463220243313,11754.144333224944
237,3778.0,11905.0
238,3808.6217082743656,11976.146071059728
239,3823.0,12035.0
240,3826.238428265991,12047.12750538141
241,3843.0,12109.0
242,3858.7366372750967,12175.518620196779
243,3863.0,12197.0
244,3873.0168111656835,12261.808029023698
245,3876.0,12303.0
246,3874.933771003481,12378.86007292954
247,3871.0,12436.0
248,3867.463371708316,12467.969159196517
249,3856.8467455663053,12507.773271072147
250,3854.0,12516.0
251,3825.0,12591.0
252,3824.1342126212403,12592.407105878225
253,3826.0,12582.0
254,3825.150063920945,12582.61244502592
255,3811.8162693249897,12611.431619251596
256,3805.0,12625.0
257,3777.255307558593,12668.40740725923
258,3775.0,12671.0
259,3711.692142874044,12729.280380886335
260,3700.0,12739.0
261,3676.064003122537,12756.93674258002
262,3638.0,12768.0
263,3634.996849625381,12768.921639633367
264,3567.0,12790.0
265,3530.7622036989205,12800.900249004168
266,3497.0,12814.0
267,3468.8464546019645,12827.80012786333
268,3450.0,12838.0
269,3390.0,12885.0
270,3372.478020596951,12906.893944191088
271,3322.0,12984.0
272,3312.621134432731,13000.930646985273
273,3302.0,13049.0
274,3300.2509361379994,13061.400354742656
275,3296.0,13100.0
276,3298.0,13147.0
277,3302.7029469926943,13179.42020119026
278,3307.0,13200.0
279,3326.014515211272,13260.961106218698
280,3339.0,13293.0
281,3355.0,13328.0
282,3356.372071342218,13330.842340370386
283,3389.0,13393.0
284,3404.3013920425433,13420.375912824813
285,3454.7558921625096,13508.243832625847
286,3464.0,13524.0
287,3490.5556296594755,13568.427073595261
288,3492.0,13571.0
289,3527.189314829836,13636.481638059744
290,3529.0,13640.0
291,3563.0,13712.0
292,3569.74207350206,13728.76311774388
293,3601.0,13826.0
294,3603.1356213496324,13834.907874785684
295,3612.0,13889.0
296,3614.3580097458344,13917.920976011563
297,3613.0,13990.0
298,3611.9587104621974,13999.584286742693
299,3602.0,14060.0
300,3599.069811963702,14072.907156964842
301,3586.0423926522153,14112.278723759593
302,3580.0,14126.0
303,3570.8264336149978,14144.86899782629
304,3549.0,14183.0
305,3543.0,14192.0
306,3532.5802847002656,14206.207586452781
307,3500.049684054515,14238.112753265035
308,3472.0,14254.0
309,3414.0063240798186,14276.9403609402
310,3398.0,14282.0
311,3319.0,14291.0
312,3310.9626908898317,14291.41943491418
313,3277.0,14293.0
314,3249.596642035289,14292.894302285858
315,3202.0,14291.0
316,3158.095230655773,14289.720790918545
317,3135.0,14289.0
318,3083.5891524284634,14286.920280524058
319,3047.0,14286.0
320,2929.0,14284.0
321,2871.3130698019345,14282.608656827595
322,2845.0,14282.0
323,2733.2232129385816,14280.162697083677
324,2728.0,14280.0
325,2656.373357771153,14277.173256296735
326,2651.0,14277.0
327,2536.0168166367816,14275.320365290521
328,2510.0,14275.0
329,2403.0,14273.0
330,2386.774876633657,14272.59872404205
331,2326.0,14271.0
332,2171.8677107022495,14267.693208102335
333,2142.0,14267.0
334,2058.1074111805997,14264.758064579559
335,1985.0,14263.0
336,1842.1632951858128,14260.720898851881
337,1811.0,14260.0
338,1773.0,14259.0
339,1702.487180098139,14257.90216419238
340,1499.0,14257.0
341,1449.2271352158032,14256.882361123982
342,1369.2603253853588,14256.981755544693
343,1364.0,14257.0
344,1208.3059249798875,14257.758913509233
345,1173.0,14258.0
346,1033.0,14259.0
347,938.264291031963,14259.101949627453
348,790.0,14259.0
349,670.1166098979254,14259.563189434944
350,616.0,14260.0
351,544.2455321334343,14260.634134046364
352,430.493574689038,14261.98991289469
353,379.0,14263.0
354,305.0,14265.0
355,283.8476942426238,14265.807578712605
356,144.0951923201591,14276.52559944522
357,96.0,14283.0
358,-90.37525821035318,14313.269371513134
359,-192.0,14331.0
360,-276.2902202451563,14346.233811264461
361,-417.0,14383.0
362,-438.63279793267293,14389.461769653644
363,-447.0,14392.0
364,-588.0091835913979,14439.463217130813
365,-655.0,14465.0
366,-705.6744080505798,14485.550798013765
367,-772.0,14514.0
368,-850.0331789900858,14549.675623048806
369,-956.0,14604.0
370,-1098.10160593387,14692.146698324137
371,-1130.0,14714.0
372,-1218.0980368280573,14780.158555596117
373,-1255.0,14813.0
374,-1425.8497480314008,14984.559652711732
375,-1448.0,15008.0
376,-1505.4490190356723,15072.526827768681
377,-1548.0,15135.0
378,-1551.1113289670627,15139.499459664657
379,-1661.6625436117233,15301.966889359144
380,-1675.0,15324.0
381,-1699.0,15366.0
382,-1771.9809546629335,15502.103649382076
383,-1783.0,15524.0
384,-1846.0,15657.0
385,-1913.0603226235971,15805.21385273684
386,-1954.0,15896.0
387,-1982.6776407748898,15958.60132019462
388,-2032.0,16065.0
389,-2106.393938801433,16225.534380668076
390,-2137.0,16292.0
391,-2179.8112563471223,16386.780211938592
392,-2199.1438561082173,16429.511617443615
393,-2242.0,16501.0
394,-2381.0,16728.0
395,-2407.7954135573395,16770.89342322197
396,-2467.076067026594,16854.452400068058
397,-2563.0,16948.0
398,-2631.3156180917244,17014.913691657453
399,-2720.0,17101.0
400,-2784.9634413889044,17160.696852044326
401,-2849.0,17209.0
402,-2971.0,17299.0
403,-3033.4131680099676,17340.866909427896
404,-3144.0,17405.0
405,-3347.040275650908,17499.912604720186
406,-3482.0,17555.0
407,-3568.8197973531906,17585.54130849042
408,-3690.0,17618.0
409,-3863.0,17660.0
410,-4059.0,17699.0
411,-4081.30284856683,17703.297819515366
412,-4139.0,17714.0
413,-4141.3611611664255,17714.517380338864
414,-4161.0,17719.0
415,-4168.536870600935,17720.51294112452
416,-4283.0,17742.0
417,-4329.681601576159,17750.18415139936
418,-4340.0,17752.0
419,-4406.310100968706,17763.462869279447
420,-4410.0,17764.0
421,-4491.458736785528,17772.968991106973
422,-4507.0,17774.0
423,-4563.537865634339,17772.110553269926
424,-4586.0,17767.0
425,-4616.020262722978,17757.65519039936
426,-4623.0,17755.0
427,-4649.524478480739,17742.306454150697
428,-4665.0,17732.0
429,-4709.352654676042,17693.795262207976
430,-4744.0,17659.0
431,-4766.7468795551085,17629.763715723228
432,-4773.0,17620.0
433,-4791.329796978388,17590.691751806607
434,-4812.549453846303,17538.631332220615
435,-4814.0,17534.0
436,-4837.0,17449.0
437,-4843.6714677879345,17421.924472419934
438,-4856.0,17360.0
439,-4856.6413052043445,17357.065284626275
440,-4876.0,17279.0
441,-4884.63596780533,17252.16327778237
442,-4900.0,17210.0
443,-4926.99582101836,17141.427340422226
444,-4943.0,17104.0
445,-4980.680687179469,17023.118991777264
446,-4987.0,17010.0
447,-5040.0,16901.0
448,-5067.0,16844.0
449,-5069.492595449707,16838.778107248556
450,-5104.0,16767.0
451,-5106.355580878054,16762.03119716958
452,-5151.0,16666.0
453,-5209.649845552819,16538.393594220386
454,-5250.0,16451.0
455,-5281.623517501868,16383.788121885638
456,-5308.42113274235,16331.340256229694
457,-5336.0,16280.0
458,-5444.595840892141,16081.277825711906
459,-5458.0,16057.0
460,-5531.842862222473,15925.29394006614
461,-5582.0,15838.0
462,-5610.306294964458,15788.937640414897
463,-5643.0,15732.0
464,-5684.5677501839555,15659.252728706004
465,-5788.0,15477.0
466,-5805.163840600251,15446.338372907085
467,-5876.728861125047,15314.881401750754
468,-5897.0,15277.0
469,-5954.037897448407,15170.073030086134
470,-5979.0,15123.0
471,-6023.4704299928,15038.54952463264
472,-6041.0,15005.0
473,-6103.0,14886.0
474,-6119.630731081271,14854.794482898124
475,-6182.0,14740.0
476,-6275.236090184187,14567.754493460805
477,-6314.0,14496.0
478,-6387.0,14359.0
479,-6395.692753350711,14342.139994043
480,-6468.263409564452,14198.678013263623
481,-6493.0,14148.0
482,-6560.0,14004.0
483,-6563.912373056483,13995.401637870264
484,-6653.569237045765,13795.161665146627
485,-6658.0,13785.0
486,-6763.506979986553,13532.392778408452
487,-6788.0,13472.0
488,-6813.899990975653,13407.38716091642
489,-6838.805312800927,13340.995232716676
490,-6841.0,13335.0
491,-6896.0,13181.0
492,-6925.472097317857,13092.852189144372
493,-6981.0,12914.0
494,-6992.506577623908,12875.489958491498
495,-7000.0,12850.0
496,-7070.242332107397,12602.596178701382
497,-7091.0,12529.0
498,-7133.938466711433,12378.752912335336
499,-7156.0,12303.0
500,-7191.145663292721,12182.258273531885
501,-7203.0,12141.0
502,-7254.470417656641,11954.577740904495
503,-7257.0,11945.0
504,-7330.883639801103,11655.500173725946
505,-7333.0,11647.0
506,-7376.0,11464.0
507,-7380.675389235095,11443.010272992718
508,-7431.0,11212.0
509,-7452.119053900748,11107.684067145192
510,-7458.0,11077.0
511,-7517.0,10754.0
512,-7530.726495210427,10675.914569968883
513,-7550.0,10548.0
514,-7553.001400417934,10527.523587225816
515,-7578.688993992634,10350.492126233892
516,-7580.0,10341.0
517,-7595.960850545312,10217.915378626594
518,-7602.0,10167.0
519,-7629.0,9924.0
520,-7635.5943272371305,9861.269583410434
521,-7649.0,9714.0
522,-7652.944627330544,9666.357099950248
523,-7668.847336763627,9450.641684925367
524,-7671.0,9415.0
525,-7684.0,9168.0
526,-7684.424927176754,9159.14494722265
527,-7691.0,8973.0
528,-7692.224487791849,8917.71604897421
529,-7695.0,8760.0
530,-7695.593960816817,8699.261628871349
531,-7696.0,8618.0
532,-7696.259670553507,8449.939867391782
533,-7696.0,8245.0
534,-7695.112922062471,8047.272460020278
535,-7694.0,7888.0
536,-7693.791286810445,7860.691522783369
537,-7692.615762863386,7719.0929986389365
538,-7691.256156154297,7563.328665097182
539,-7691.0,7531.0
540,-7690.313988187573,7428.712071089605
541,-7690.0,7369.0
542,-7689.718682874176,7311.129941866633
543,-7689.0,7172.0
544,-7688.945979456068,7163.381005116356
545,-7687.0,6939.0
546,-7685.300162738594,6776.266982083905
547,-7684.0,6650.0
548,-7683.261660339245,6572.65189886866
549,-7682.387974700449,6434.131250359366
550,-7682.0,6360.0
551,-7681.763555910373,6318.460649696197
552,-7681.0,6178.0
553,-7680.961604080644,6169.012071437402
554,-7680.214415261474,5967.372180171118
555,-7680.0,5941.0
556,-7679.0,5831.0
557,-7679.368692353111,5712.180371682446
558,-7680.0,5630.0
559,-7680.409166288121,5565.682397868111
560,-7681.0,5464.0
561,-7681.809377888549,5343.83555446012
562,-7682.0,5317.0
563,-7683.0601390711945,5173.799919729922
564,-7684.0,5040.0
565,-7684.247891174991,5002.712226742529
566,-7686.0,4724.0
567,-7686.344442259749,4663.875325635914
568,-7687.0,4539.0
569,-7687.840770337561,4401.1028631829695
570,-7688.0,4371.0
571,-7688.945386521746,4138.247120841298
572,-7689.0,4128.0
573,-7690.0,3978.0
574,-7691.664627826317,3762.8431591394096
575,-7692.0,3715.0
576,-7693.0,3546.0
577,-7693.760587594032,3385.7499704601614
578,-7694.0,3339.0
579,-7695.0,3170.0
580,-7695.345178076228,3111.2139900250177
581,-7697.0,2829.0
582,-7697.877078689904,2700.9902044449636
583,-7698.766928856845,2584.151477782856
584,-7699.0,2545.0
585,-7699.785264416548,2403.471955809399
586,-7700.0,2374.0
587,-7702.645903324414,2135.4332841102755
588,-7703.0,2108.0
589,-7704.0,2032.0
590,-7708.129326165274,1718.7929430126865
591,-7709.0,1651.0
592,-7710.431569793198,1534.9809764496495
593,-7711.344317099445,1446.3664241812735
594,-7712.2925236137835,1361.7643412906048
595,-7713.0,1308.0
596,-7715.0,1155.0
597,-7716.0,1041.0
598,-7716.533916319414,993.3920503626949
599,-7719.0,812.0
600,-7719.810237604941,727.5240412457074
601,-7721.0,584.0
602,-7722.612457857869,442.849841120989
603,-7723.0,413.0
604,-7726.614195309122,168.14055481353333
605,-7727.0,133.0
606,-7729.0,-78.0
607,-7730.029143469046,-161.32248618361737
608,-7731.0,-205.0
609,-7731.6151644607535,-268.02774655311816
610,-7732.0,-312.0
611,-7732.83689801625,-405.56858588521635
612,-7733.0,-421.0
613,-7733.783241392076,-485.6345707198409
614,-7734.0,-519.0
615,-7733.04890153951,-613.2914227636957
616,-7731.0,-668.0
617,-7728.280694624089,-712.414811255335
618,-7726.0,-740.0
619,-7722.37379398569,-774.859186685501
620,-7719.0,-801.0
621,-7705.0,-876.0
622,-7692.065295436804,-922.6728584282434
623,-7691.0,-926.0
624,-7660.423345042616,-1002.9654293112374
625,-7659.0,-1006.0
626,-7637.0,-1049.0
627,-7632.841019556462,-1056.3583068905973
628,-7598.0,-1110.0
629,-7576.9088812588825,-1137.170510825151
630,-7565.0,-1151.0
631,-7535.9669507018525,-1180.2437222532765
632,-7534.0,-1182.0
633,-7503.0,-1206.0
634,-7453.745705215387,-1232.4825826544775
635,-7415.0,-1249.0
636,-7396.330999507838,-1255.6205612800854
637,-7354.468012725461,-1264.2161769384784
638,-7339.0,-1266.0
639,-7319.0,-1268.0
640,-7285.072012646668,-1272.4286434416003
641,-7244.0,-1279.0
642,-7192.0,-1289.0
643,-7149.5252894479345,-1303.4454082683126
644,-7141.0,-1307.0
645,-7072.0,-1343.0
646,-7057.831571639057,-1352.2536041863068
647,-7038.0,-1366.0
648,-7012.067408583275,-1384.4967512507717
649,-6986.0,-1404.0
650,-6965.8823768217935,-1419.9276896962326
651,-6922.0,-1456.0
652,-6867.657214771177,-1499.2922357821867
653,-6817.0,-1540.0
654,-6778.297251685819,-1571.6218252307924
655,-6740.0,-1595.0
656,-6637.0,-1651.0
657,-6629.959553714648,-1654.7332914544384
658,-6573.656801305761,-1681.651550706574
659,-6541.0,-1684.0
660,-6366.124394041501,-1704.0635885620436
661,-6336.0,-1707.0
662,-6266.878212743157,-1711.5044342879773
663,-6182.0,-1712.0
664,-6115.1774968862,-1713.363992647131
665,-6057.0,-1715.0
666,-5969.752342745614,-1717.9072005088658
667,-5869.0,-1721.0
668,-5828.931923304774,-1721.6641270754276
669,-5736.074295238159,-1719.1029825346363
670,-5671.0,-1717.0
671,-5451.0,-1711.0
672,-5358.0,-1709.0
673,-5233.511478952112,-1705.9613227179805
674,-5196.0,-1705.0
675,-4981.362338390933,-1699.4359943541904
676,-4961.0,-1699.0
677,-4877.211764633082,-1697.441571498138
678,-4819.0,-1696.0
679,-4641.669638446133,-1690.3166351277873
680,-4632.0,-1690.0
681,-4457.0,-1685.0
682,-4433.23118418277,-1684.3951270873474
683,-4142.0,-1677.0
684,-4133.5885895931,-1676.7838204992631
685,-3968.064743267824,-1672.4232262076243
686,-3851.0,-1669.0
687,-3832.278562609572,-1668.4254796489317
688,-3694.9010998261883,-1664.0585963983183
689,-3569.0,-1660.0
690,-3482.8780168685166,-1657.2704876504642
691,-3474.0,-1657.0
692,-3222.248766084786,-1649.8354935581117
693,-3157.0,-1648.0
694,-3117.0,-1647.0
695,-3089.270520177047,-1646.60234108013
696,-2918.0,-1645.0
697,-2719.9005387013103,-1644.881994125983
698,-2638.0,-1645.0
699,-2560.826835219299,-1645.2206407263775
700,-2405.0,-1647.0
701,-2396.1152630340725,-1647.1130643581334
702,-2254.0,-1649.0
703,-2208.2472994570426,-1649.747628356705
704,-1984.0,-1654.0
705,-1907.1475928879202,-1654.9254235726316
706,-1899.0,-1655.0
707,-1679.0,-1655.0
708,-1597.382610246202,-1654.7339391410458
709,-1387.0,-1654.0
710,-1304.618785986177,-1653.6346655146156
711,-1214.0,-1653.0
712,-1127.540193546563,-1652.3113967254092
713,-955.0,-1650.0
714,-913.7574342161164,-1649.2678297925422
715,-694.0,-1645.0
716,-557.2132029371022,-1642.4437208121717
717,-449.0,-1640.0
718,-397.3085711444297,-1638.744743596838
719,-80.0,-1629.0
720,135.2357234003596,-1617.498361000303
721,166.0,-1616.0
722,368.7795713161591,-1607.5046127807695
723,432.0,-1600.0
724,677.6295503226713,-1567.1139194306177
725,693.0,-1565.0
726,835.4027837086318,-1544.3980626723853
727,931.0,-1503.0
728,981.7859159974068,-1481.4939329318995
729,1190.0,-1392.0
730,1245.0050329152568,-1365.923137926488
731,1330.2180386247853,-1312.7777431328054
732,1346.0,-1302.0
733,1523.5726647555684,-1179.4618417818062
734,1630.0,-1097.0
735,1660.1467241209625,-1070.7056795879369
736,1751.342924708449,-980.0212164713073
737,1758.0,-973.0
738,1907.0,-810.0
739,1971.4735679210555,-736.2900165202867
740,2040.0,-651.0
1,2279.576060433602,-372.72277063731065
2,2452.0,-180.0
3,2483.1483961097724,-144.9742505677884
4,2604.0,-9.0
5,2686.4267805581094,82.5211526562669
6,2804.0,213.0
7,2861.226940368406,276.74102590296707
8,2913.8879360844894,336.4083824589604
9,2957.0,385.0
10,2980.505215563331,411.3616693792577
11,3050.0,489.0
12,3188.0,642.0
13,3200.2623023243805,655.776872148566
14,3273.0,738.0
15,3343.866850750693,816.3732139377669
16,3391.0,868.0
17,3516.0,1005.0
18,3518.024434922062,1007.2223540214471
19,3573.0,1068.0
20,3615.30448024733,1115.3426483379212
21,3640.0,1145.0
22,3736.0,1281.0
23,3737.0247433857157,1282.6698568153367
24,3759.5194780585543,1324.5235979862148
25,3774.0,1373.0
26,3779.1112205034597,1393.4427083896148
27,3786.0,1426.0
28,3790.4613225609255,1461.4550078970988
29,3792.0474418882277,1512.8542824106682
30,3792.0,1517.0
31,3787.0,1567.0
32,3784.498030481994,1577.8211266108224
33,3758.0,1666.0
34,3740.713583978512,1707.559604650402
35,3729.0,1724.0
36,3700.0061824210047,1765.3134971166141
37,3668.0,1808.0
38,3659.7192181143255,1817.906201427679
39,3632.372992626379,1846.0191868157322
40,3595.0,1875.0
41,3584.9180804638627,1881.9737941806075
42,3546.0,1907.0
43,3536.0,1913.0
44,3491.9440241254206,1935.2120045049858
45,3476.0,1942.0
46,3421.007774020693,1961.6316511557088
47,3370.216451039867,1974.8942701836236
48,3365.0,1976.0
49,3305.0,1986.0
50,3303.2844009968717,1986.2388599551605
51,3243.0,1993.0
52,3208.865315328735,1994.3527582613071
53,3172.0,1993.0
54,3093.883511541942,1985.4233355235533
55,3058.0,1981.0
56,2990.436432720744,1966.3266258770461
57,2978.0,1962.0
58,2869.0059333969425,1920.0374524310457
59,2782.4332154191593,1878.7764010739493
60,2776.0,1875.0
61,2760.0,1865.0
62,2658.0,1800.0
63,2640.4315071083797,1788.0370277848792
64,2558.671910809935,1727.5106901527276
65,2542.0,1714.0
66,2434.8550822780035,1621.2606190721374
67,2428.0,1615.0
68,2309.0,1495.0
69,2267.521345113419,1453.8673296461106
70,2190.0,1380.0
71,2178.9875943836064,1369.8705154743923
72,2107.9601374532745,1308.3742691056277
73,2101.0,1303.0
74,2025.0,1251.0
75,1979.4181053998473,1224.2079088306693
76,1932.0,1206.0
77,1753.0,1163.0
78,1704.93375393019,1153.9890290442827
79,1594.0,1163.0
80,1552.8448599673663,1170.2686757003717
81,1448.0,1191.0
82,1360.843127715482,1217.9135196658044
83,1297.0,1241.0
84,1276.0,1249.0
85,1273.2480973927704,1250.1290648364472
86,1057.8724973241412,1369.1872266490368
87,1050.0,1374.0
88,954.0,1448.0
89,923.9679204077056,1477.1818219127344
90,841.0,1562.0
91,822.8666050537863,1582.4234048972824
92,772.0,1653.0
93,739.5566531431508,1708.2991239370326
94,666.0,1845.0
95,630.0664516895345,1918.5830950091226
96,606.3413902645058,2012.8014413794856
97,599.0,2058.0
98,572.0,2218.0
99,569.7514930189568,2234.68728987316
100,562.0,2301.0
101,540.0,2536.0
102,539.6516399020152,2540.230086511305
103,516.0,2864.0
104,514.3920886003003,2888.7574875455525
105,510.3633246393373,2956.196264197562
106,508.0,2995.0
107,494.0,3217.0
108,489.48009317027413,3293.3738965327593
109,487.0,3337.0
110,479.4391361625347,3475.1821990345675
111,474.0,3581.0
112,469.1092875802781,3691.7715975154206
113,465.0,3799.0
114,460.3028719913633,3913.824070330321
115,458.0,3973.0
116,455.8032207147111,4034.909793269615
117,451.0,4165.0
118,446.34507000698324,4271.488131369713
119,441.0,4391.0
120,434.5588719155502,4555.754169106094
121,432.0,4620.0
122,426.3508157739464,4750.768753737677
123,425.0,4785.0
124,418.26158251746637,4978.43767813537
125,413.0,5136.0
126,411.9442145972037,5164.989572807403
127,409.2708112974985,5230.829660064556
128,409.0,5238.0
129,405.9559223242518,5325.3764575679415
130,399.0,5527.0
131,396.5331240777453,5595.494899413221
132,389.0,5803.0
133,384.3661525011149,5938.200812940604
134,382.0,6015.0
135,378.57712587657625,6110.378959969106
136,377.0,6156.0
137,373.4335950310349,6266.296042277785
138,373.0,6279.0
139,368.413418755647,6401.99767758171
140,363.0,6543.0
141,358.0,6685.0
142,357.87774498494275,6688.5462726027945
143,350.0,6916.0
144,347.907560821293,6972.831916466268
145,343.0,7112.0
146,341.85974973335374,7151.755797439095
147,340.0,7219.0
148,333.66021469794435,7392.154100624337
149,332.0,7436.0
150,322.0,7707.0
151,317.5784938690076,7832.161947250743
152,314.0,7944.0
153,309.0,8090.0
154,308.84062190327893,8094.606353718087
155,300.0,8347.0
156,299.80421548193385,8352.570239662558
157,290.7506671171423,8609.961728466727
158,287.0,8715.0
159,283.03369231193017,8822.202980864839
160,279.0,8937.0
161,276.76734812441407,9009.266332520692
162,275.0,9065.0
163,270.66890227148747,9193.406378629568
164,263.0,9412.0
165,260.14747339997166,9494.503421139934
166,258.2714834931814,9551.53610736532
167,256.0,9615.0
168,252.0,9723.0
169,251.86204677136806,9726.97293090295
170,246.0,9905.0
171,242.84185773720662,10004.245383523248
172,242.0,10083.0
173,243.24983236238984,10115.455366976894
174,251.0,10195.0
175,254.0,10217.0
176,257.6613602514798,10240.36420473118
177,271.0,10306.0
178,277.84434998164534,10333.10720703903
179,290.0,10375.0
180,309.25437038606105,10431.898914162823
181,313.0,10442.0
182,327.382531622068,10478.36827477093
183,345.0,10514.0
184,388.0,10582.0
185,388.92179606507744,10583.328851090537
186,434.0,10631.0
187,438.5136304144447,10634.570111935187
188,484.0,10667.0
189,494.68029413896215,10672.7976710771
190,533.0,10687.0
191,542.0281127125143,10689.248540947843
192,652.0,10707.0
193,695.6246912246191,10711.39606659583
194,769.54243069905,10710.429844440985
195,786.0,10710.0
196,838.3854621810225,10709.066492004778
197,846.0,10709.0
198,934.286777491834,10708.828143765802
199,1010.0,10709.0
200,1154.2963983909326,10709.785040233173
201,1184.0,10710.0
202,1226.843073534488,10710.327851480819
203,1311.0,10711.0
204,1349.8189323805861,10711.301065656411
205,1437.0,10712.0
206,1489.7547339217178,10712.496679865619
207,1543.0,10713.0
208,1664.2092034685516,10714.025376599082
209,1791.0,10715.0
210,1833.073013170625,10715.263835880376
211,1885.7399343997838,10715.13095172914
212,1898.0,10715.0
213,2055.6222821411206,10714.513066606482
214,2118.0,10717.0
215,2200.291748929772,10721.82574837558
216,2306.0,10730.0
217,2433.0,10754.0
218,2446.0670788742063,10757.437963973582
219,2574.0,10793.0
220,2730.1295298388895,10851.190499769065
221,2764.0,10866.0
222,2876.9940048168555,10921.250026687243
223,2912.0,10941.0
224,2981.8312737909605,10984.15038396061
225,3187.305922485154,11134.160987991436
226,3387.4115258985125,11302.46504283802
227,3419.0,11332.0
228,3529.0,11469.0
229,3590.407195352179,11560.910893206885
230,3682.0,11702.0
231,3710.058439398316,11747.616569115613
232,3742.0,11819.0
233,3742.7696218355463,11820.900544775535
234,3783.7020084544347,11922.496865354371
235,3825.0,12038.0
236,3841.0884154328446,12094.910616451349
237,3855.0,12154.0
238,3870.0,12236.0
239,3873.5698922908596,12265.164614777663
240,3877.0,12315.0
241,3876.2735065707598,12383.552493330046
242,3872.0,12429.0
243,3867.022075927942,12459.626986189982
244,3861.0,12487.0
245,3839.0,12560.0
246,3835.133608419986,12569.981707625153
247,3829.703538141693,12574.346483490499
248,3828.0,12577.0
249,3818.9837535669267,12594.816837224233
250,3785.0,12659.0
251,3784.2410290351963,12660.07328219301
252,3749.0,12701.0
253,3733.1614586870946,12716.868927312218
254,3704.0,12737.0
255,3647.5867545451724,12763.16648344538
256,3629.0,12771.0
257,3587.093245696875,12784.244291488889
258,3581.0,12786.0
259,3526.3192295612735,12803.70977059498
260,3506.0,12811.0
261,3445.9459495422,12839.348958228937
262,3429.0,12852.0
263,3376.1378306946235,12901.305580120792
264,3364.0,12915.0
265,3331.7083396641915,12965.467925254934
266,3320.0,12992.0
267,3308.379201317817,13024.253079905906
268,3299.0,13074.0
269,3298.0,13084.0
270,3296.7652962146876,13099.766793297013
271,3298.0,13141.0
272,3300.394040589441,13156.960223937615
273,3322.0,13251.0
274,3328.28969599017,13272.495378934138
275,3351.0,13320.0
276,3351.8794468638307,13321.709496363048
277,3379.0,13374.0
278,3399.3343665692337,13410.855164359118
279,3416.0,13440.0
280,3447.5549069961617,13494.855367183456
281,3498.0,13583.0
282,3498.6082345707073,13584.086576371652
283,3524.0,13631.0
284,3540.266689966402,13661.561700706086
285,3568.0,13722.0
286,3568.6639206663585,13723.76681467007
287,3606.3326248010367,13856.587305068293
288,3609.0,13868.0
289,3613.897351807863,13899.669272502737
290,3614.0,13909.0
291,3613.9204532334156,13933.739495802782
292,3611.0,14007.0
293,3610.8908398493213,14008.098513029041
294,3608.0,14029.0
295,3589.9595529876924,14093.865556532652
296,3576.0,14135.0
297,3568.574888497889,14154.146107056546
298,3549.0,14182.0
299,3543.30165753961,14189.574379092413
300,3522.0,14216.0
301,3495.0600300708256,14239.101364033222
302,3488.0,14244.0
303,3451.8858418982504,14264.313139353473
304,3424.0,14275.0
305,3365.0,14287.0
306,3357.974236660409,14287.915771514301
307,3283.0,14293.0
308,3226.0,14292.0
309,3211.2541220321336,14291.476484109993
310,3173.0,14290.0
311,3158.010373274572,14289.491579092439
312,3109.0,14288.0
313,3059.077814824185,14286.410096110452
314,3005.0,14285.0
315,2909.3127277099175,14283.503895495258
316,2876.0,14283.0
317,2744.0,14280.0
318,2741.8094746634906,14279.944083980918
319,2660.0,14278.0
320,2647.9032292785146,14277.776206112949
321,2568.968299759134,14276.678397153599
322,2531.0,14276.0
323,2487.19862376485,14274.969595668406
324,2448.0,14274.0
325,2352.0,14272.0
326,2316.3411634570093,14271.362186628654
327,2241.0,14270.0
328,2204.5325527168256,14269.199626946276
329,2118.0,14267.0
330,2092.809812160128,14266.318711844413
331,1944.7357076243,14261.946229170007
332,1805.9404375115869,14258.493025415992
333,1679.203347495249,14257.231400778597
334,1629.0,14257.0
335,1480.4258326587244,14256.885485032813
336,1366.0,14257.0
337,1321.257871112451,14256.972493297937
338,1273.0,14257.0
339,1210.562304561041,14257.319726387013
340,1095.0,14258.0
341,1017.6760245258291,14258.434252025472
342,914.0,14259.0
343,795.4894651306756,14259.647875507993
344,715.0,14260.0
345,592.9046486122479,14259.754906000513
346,556.0,14260.0
347,351.0,14264.0
348,316.8558948401064,14265.132386444184
349,233.0,14269.0
350,145.52933827329477,14276.354692486844
351,116.0,14280.0
352,-183.0,14329.0
353,-214.66540432633712,14334.606919518475
354,-317.0,14357.0
355,-330.6666542771896,14360.67357139288
356,-540.5158610117454,14423.086825753378
357,-552.0,14427.0
358,-699.0,14483.0
359,-776.1027488714851,14516.011969889172
360,-828.0,14539.0
361,-966.4526108280497,14608.950744726146
362,-981.0,14618.0
363,-1191.0,14760.0
364,-1290.8615920413029,14832.289409301411
365,-1346.0,14897.0
366,-1397.5979706570783,14956.969088761474
367,-1545.4823577447462,15131.427530034012
368,-1554.0,15142.0
369,-1662.0,15303.0
370,-1689.4492116552906,15349.951003789018
371,-1770.7991066132565,15499.411559572934
372,-1778.0,15514.0
373,-1888.0,15751.0
374,-1931.2523716440774,15844.873899568734
375,-1963.0,15914.0
376,-2016.0400040784768,16031.106322493828
377,-2021.0,16042.0
378,-2075.4361192480274,16160.617794214324
379,-2111.0,16237.0
380,-2176.0,16373.0
381,-2192.8074337522457,16406.8987880331
382,-2244.0,16506.0
383,-2311.0,16621.0
384,-2313.030944796627,16624.218545149175
385,-2405.2259262216667,16759.619195016396
386,-2498.0,16877.0
387,-2556.451780705581,16941.929163978202
388,-2589.0,16976.0
389,-2676.083674840251,17061.734285411552
390,-2686.0,17071.0
391,-2803.063661101088,17173.16717484963
392,-2853.0,17213.0
393,-2936.445387476053,17275.001501556868
394,-2989.0,17311.0
395,-3077.228615284239,17366.27120581228
396,-3132.0,17398.0
397,-3191.0,17430.0
398,-3194.1528057601163,17431.61272253715
399,-3425.8048068150215,17532.528039871737
400,-3557.0,17580.0
401,-3647.4513032346044,17607.97072872442
402,-3821.0,17650.0
403,-3853.3416719331813,17657.33596471614
404,-3943.244879955675,17676.454034082206
405,-3976.0,17683.0
406,-4040.5877514046433,17695.636988012244
407,-4125.0,17712.0
408,-4165.9686556451015,17719.998083140235
409,-4218.0,17730.0
410,-4274.152279699443,17740.274908343534
411,-4289.0,17743.0
412,-4351.885633851887,17754.833110513177
413,-4389.0,17761.0
414,-4434.460612646389,17767.33312348798
415,-4498.0,17774.0
416,-4512.041855635845,17774.81269242941
417,-4565.0,17771.0
418,-4575.88326703972,17768.832586202298
419,-4629.154732429177,17753.316781283942
420,-4643.0,17747.0
421,-4684.747365174912,17719.1608786662
422,-4692.0,17713.0
423,-4704.0,17702.0
424,-4749.485894248255,17653.717665352066
425,-4766.0,17629.0
426,-4804.0,17558.0
427,-4808.970117071053,17547.509003791256
428,-4819.260271978377,17518.37434499702
429,-4822.0,17508.0
430,-4838.0,17442.0
431,-4847.233723816786,17396.909279132924
432,-4856.0,17355.0
433,-4873.0,17290.0
434,-4876.058857045076,17280.026321363322
435,-4906.0,17192.0
436,-4937.966649887913,17114.317489124274
437,-4966.0,17054.0
438,-4975.35848780729,17034.289027684885
439,-5013.007886269612,16956.32485207584
440,-5051.0,16878.0
441,-5068.444653188091,16841.688036293384
442,-5095.251448215011,16784.893924747503
443,-5112.0,16749.0
444,-5153.833651248659,16658.971313513517
445,-5158.0,16650.0
446,-5211.193476015185,16535.526553954576
447,-5243.0,16468.0
448,-5262.840141325966,16426.71936636092
449,-5303.341283501825,16345.599680848345
450,-5321.0,16311.0
451,-5383.0,16192.0
452,-5402.737497801207,16155.748515361369
453,-5437.0,16094.0
454,-5469.545248867669,16035.231536678362
455,-5525.0,15937.0
456,-5617.0,15777.0
457,-5648.742894437572,15722.0607326877
458,-5687.39128656194,15655.33394844912
459,-5691.0,15649.0
460,-5752.0,15541.0
461,-5754.147283797139,15537.164493694037
462,-5893.0,15286.0
463,-5895.305730657743,15281.756554265676
464,-5972.994335553016,15135.863137848544
465,-6032.0,15022.0
466,-6075.332561149471,14939.107932064218
467,-6113.0,14868.0
468,-6155.883137252054,14787.46968048745
469,-6176.0,14750.0
470,-6272.0971639910795,14573.807272611546
471,-6292.0,14537.0
472,-6364.0,14402.0
473,-6393.0,14347.0
474,-6403.276162546042,14326.963416818093
475,-6505.80282918104,14118.16038711714
476,-6544.0,14039.0
477,-6585.796942835765,13950.149697140883
478,-6597.0,13925.0
479,-6699.030598441806,13690.167032108006
480,-6717.0,13647.0
481,-6747.0,13573.0
482,-6760.573664755684,13539.228185992972
483,-6807.0,13423.0
484,-6858.650276797397,13290.498706012258
485,-6892.0,13195.0
486,-6907.173536048964,13149.188909345487
487,-6967.0,12961.0
488,-6988.173110486108,12891.557239598593
489,-7022.0,12771.0
490,-7113.0,12452.0
491,-7114.107431758368,12448.144112635724
492,-7169.0,12259.0
493,-7173.50553988883,12243.126481662293
494,-7219.0,12081.0
495,-7259.0,11935.0
496,-7272.6113628869025,11884.10429893307
497,-7310.0,11739.0
498,-7326.153459817309,11673.599282786736
499,-7370.0,11491.0
500,-7375.037202447999,11469.542016826752
501,-7418.0,11275.0
502,-7428.6343278005625,11224.181592374003
503,-7456.0,11090.0
504,-7488.947171442508,10916.515463262253
505,-7509.0,10803.0
506,-7534.972011265796,10645.787552495993
507,-7537.0,10633.0
508,-7561.0446676745605,10475.017847463292
509,-7585.025348967705,10303.67122919318
510,-7614.903113590003,10062.907571886159
511,-7629.71814584228,9925.030298650297
512,-7644.0,9774.0
513,-7645.876352078471,9752.404676394744
514,-7658.0,9601.0
515,-7659.62544331137,9579.307928608121
516,-7669.0,9446.0
517,-7673.371497131424,9376.127728333046
518,-7678.0,9289.0
519,-7685.505278629919,9110.348824195116
520,-7691.0,8955.0
521,-7693.316790544622,8860.81835483437
522,-7694.0,8779.0
523,-7694.327936870139,8745.62608534447
524,-7695.734512351296,8599.718855999636
525,-7696.0,8550.0
526,-7696.056544718026,8459.509942187025
527,-7696.0,8391.0
528,-7696.192665008615,8152.656287325418
529,-7696.0,8055.0
530,-7694.355025443395,7898.816267454515
531,-7694.0,7861.0
532,-7693.413084939397,7746.804198432515
533,-7693.0,7683.0
534,-7692.275041635759,7608.681317063116
535,-7691.0,7488.0
536,-7690.0,7327.0
537,-7689.966767027898,7322.5460274527895
538,-7688.0,7114.0
539,-7687.0,6971.0
540,-7686.680919847229,6931.621276649389
541,-7685.0,6756.0
542,-7684.295379989684,6680.475148378601
543,-7683.0,6522.0
544,-7682.642267402333,6464.464881572946
545,-7682.0,6342.0
546,-7681.075946982647,6174.677097468492
547,-7681.0,6161.0
548,-7680.027212636399,5955.6800521995065
549,-7680.0,5942.0
550,-7680.0,5778.0
551,-7679.9247736672605,5700.653712787847
552,-7680.0,5614.0
553,-7680.633125202711,5517.603591769076
554,-7681.0,5467.0
555,-7681.914363047372,5296.785475741236
556,-7682.0,5283.0
557,-7683.038341770037,5149.915682711167
558,-7684.0,5026.0
559,-7684.689544800908,4892.547261275129
560,-7685.0,4823.0
561,-7685.724811054211,4668.9187755896555
562,-7686.0,4619.0
563,-7687.0,4471.0
564,-7688.020939730153,4343.602917695308
565,-7690.0,4099.0
566,-7690.257554650851,4060.0359317433185
567,-7690.563887181112,3974.528757034
568,-7691.0,3876.0
569,-7691.146908243005,3850.3255590333456
570,-7693.0,3558.0
571,-7693.483493499724,3463.620264243259
572,-7694.0,3371.0
573,-7694.027931188445,3367.2417025188206
574,-7695.291201825217,3221.200008051058
575,-7696.0,3090.0
576,-7695.898910093598,2997.406117577088
577,-7696.0,2940.0
578,-7699.0,2582.0
579,-7699.047344601245,2576.683323854152
580,-7699.925116263217,2452.6996302249904
581,-7701.0,2337.0
582,-7703.956623649962,2088.8906861813466
583,-7705.0,1997.0
584,-7707.0,1770.0
585,-7707.036602506428,1766.6447075121903
586,-7709.050259715864,1614.3473383795576
587,-7711.0,1467.0
588,-7711.412288678454,1434.2059069756808
589,-7714.0,1220.0
590,-7714.553882064501,1171.8420260762407
591,-7715.635343403742,1066.0993971448743
592,-7717.0,935.0
593,-7719.18042102777,746.3171895496456
594,-7721.0,590.0
595,-7724.613008931433,272.4765851053664
596,-7725.0,241.0
597,-7728.892532769202,-51.27678578790406
598,-7729.0,-60.0
599,-7729.814417116859,-138.60904743595836
600,-7730.700059271603,-229.43050536623494
601,-7731.0,-252.0
602,-7733.457376599739,-421.5331468598102
603,-7734.0,-459.0
604,-7734.8435658870685,-537.7616484270509
605,-7734.0,-573.0
606,-7733.264205825332,-598.292791822859
607,-7732.0,-639.0
608,-7727.0,-731.0
609,-7725.724637455857,-743.0474512906972
610,-7714.0,-832.0
611,-7708.864163434085,-862.3935555225077
612,-7700.0,-894.0
613,-7689.759430525188,-928.9361225494249
614,-7686.0,-940.0
615,-7662.373368672188,-996.6440711128627
616,-7635.0,-1052.0
617,-7626.535366139704,-1067.7715050419374
618,-7605.274551873712,-1101.7162290797141
619,-7588.0,-1124.0
620,-7571.297137694555,-1143.743819801215
621,-7548.0,-1169.0
622,-7530.6100155690165,-1185.513728930938
623,-7514.0,-1198.0
624,-7487.428428647717,-1214.6804943770812
625,-7450.0,-1236.0
626,-7439.51855630344,-1241.7516886482706
627,-7392.0,-1256.0
628,-7383.878941612933,-1257.34973358576
629,-7311.178022769265,-1268.6873097997573
630,-7260.0,-1277.0
631,-7185.681021369994,-1291.7738626988962
632,-7150.249514564799,-1302.7875028782044
633,-7147.0,-1304.0
634,-7116.226310791799,-1317.3112807842224
635,-7062.0,-1349.0
636,-7038.142865400493,-1365.2543275513608
637,-6991.0,-1400.0
638,-6989.474623026802,-1401.1818471767347
639,-6923.0,-1455.0
640,-6914.895753703304,-1461.546125358617
641,-6863.0,-1503.0
642,-6847.773420776064,-1515.1243253343077
643,-6779.0,-1568.0
644,-6746.108097895269,-1590.8373041576087
645,-6740.0,-1595.0
646,-6672.083305954829,-1637.148578722324
647,-6642.0,-1649.0
648,-6403.748429180763,-1703.6115083077702
649,-6395.0,-1705.0
650,-6299.0,-1710.0
651,-6256.161535217778,-1710.5657816451499
652,-6151.0,-1713.0
653,-6095.5587577557335,-1714.7665883558943
654,-5988.0,-1718.0
655,-5888.486483833393,-1719.972982724821
656,-5806.0,-1721.0
657,-5707.0,-1718.0
658,-5704.830283880808,-1717.9172345744541
659,-5612.277072975576,-1715.2681770086688
660,-5498.988911268192,-1712.5932370609432
661,-5476.0,-1712.0
662,-5342.972012083916,-1708.314337035408
663,-5331.0,-1708.0
664,-5169.0,-1704.0
665,-5052.185288193322,-1701.4094634917228
666,-4990.0,-1700.0
667,-4835.0,-1696.0
668,-4816.739287618619,-1695.4570733559726
669,-4706.0,-1692.0
670,-4623.757077634161,-1689.8340409345183
671,-4504.0,-1687.0
672,-4414.552495764134,-1684.7751747262091
673,-4268.0,-1681.0
674,-4214.054696003272,-1679.5320497233308
675,-4094.136019967338,-1675.829720303257
676,-4028.0,-1674.0
677,-3996.9370217908213,-1673.204159163023
678,-3876.0,-1670.0
679,-3706.0,-1664.0
680,-3651.6119272066057,-1662.2627489819372
681,-3505.0,-1658.0
682,-3365.410421992466,-1653.813172504822
683,-3300.0,-1652.0
684,-3130.27968213506,-1647.7437363776935
685,-3098.0,-1647.0
686,-2983.4180023149406,-1644.743239502417
687,-2874.0,-1644.0
688,-2843.147352046536,-1643.9938770609397
689,-2716.0930037927255,-1644.4789448209604
690,-2647.0,-1645.0
691,-2451.0,-1647.0
692,-2416.9049252855525,-1647.3481093755192
693,-2224.1602984988535,-1649.6996524745662
694,-2205.0,-1650.0
695,-1956.0,-1654.0
696,-1876.953967981818,-1655.1192814250833
697,-1732.6813230545845,-1655.4389909428921
698,-1639.0,-1655.0
699,-1587.5389299970707,-1655.0071408096815
700,-1504.0,-1655.0
701,-1335.0,-1654.0
702,-1313.7504897175331,-1653.7964149590816
703,-1149.0,-1652.0
704,-1144.9866277445133,-1651.9642465393995
705,-944.0,-1650.0
706,-776.5547817062189,-1646.6158621448608
707,-653.0,-1644.0
708,-520.9597954504503,-1641.6587485171226
709,-427.4201764000986,-1640.254669870214
710,-378.0,-1639.0
711,-284.9646684317129,-1635.9470675590912
712,-150.05241340965287,-1630.5432194016187
713,-41.0,-1626.0
714,-21.68025810875303,-1625.1883986156695
715,148.0,-1617.0
716,442.31336613512747,-1598.2396504641022
717,460.0,-1597.0
718,672.8120790344788,-1569.2142543459008
719,683.0,-1567.0
720,817.0,-1536.0
721,900.0,-1512.0
722,1002.3332919264343,-1476.9933518741148
723,1095.0,-1439.0
724,1193.1923606087232,-1390.6788326322212
725,1251.0,-1359.0
726,1405.1609324793271,-1264.3355219695777
727,1503.0,-1196.0
728,1651.0,-1078.0
729,1686.0,-1046.0
730,1702.36239454976,-1030.1957863907082
731,1937.0,-774.0
