,x,y
1,1030.0,-157.0
2,1017.8886190637854,-85.51316337032074
3,1001.0,21.0
4,984.935634893691,124.35527228386792
5,956.4110003044132,309.5546582754338
6,948.0,364.0
7,933.1768630562815,458.9079158355057
8,915.1351196233128,581.0589040416282
9,915.0,582.0
10,881.3015188358182,818.6911966051252
11,878.0,842.0
12,849.1518831250085,1047.5873666535629
13,839.0,1122.0
14,819.9141974354973,1266.2442696120272
15,807.0,1364.0
16,800.8881164634636,1409.880537436833
17,779.0994701098599,1575.2157459331258
18,779.0,1576.0
19,754.0,1781.0
20,740.6124788414154,1889.483400013251
21,720.0,2056.0
22,715.5610674942518,2092.2268087614825
23,707.9570216869936,2158.912775660443
24,699.0,2240.0
25,663.102245268454,2557.088234945604
26,663.0,2558.0
27,655.8245682761094,2624.3437314840844
28,652.0,2658.0
29,629.0,2845.0
30,627.0571014959258,2859.6720598170505
31,609.0,2983.0
32,607.006359474654,2994.925755089819
33,589.1676672516446,3089.998141726832
34,582.0,3125.0
35,559.0,3225.0
36,546.6269856915044,3265.259643267418
37,508.0,3361.0
38,504.93116059313087,3367.692290242013
39,475.6349256007443,3423.145834648289
40,446.0,3463.0
41,426.74590579712265,3484.974810037882
42,381.0,3529.0
43,315.13081797718417,3572.169358210315
44,190.518802321756,3613.40142535055
45,94.90958992762738,3635.04094008651
46,41.0,3647.0
47,3.333353345956816,3655.2426411340775
48,-72.0,3673.0
49,-87.58015130896823,3677.249009904517
50,-139.0,3695.0
51,-159.77587521203264,3704.6377715669178
52,-278.0,3773.0
53,-367.95175143291453,3840.7747841004666
54,-425.5718391013476,3893.890894413903
55,-430.0,3898.0
56,-460.3139827739457,3926.150725795704
57,-493.0,3953.0
58,-527.9264995669744,3980.871268990468
59,-588.0,4027.0
60,-675.7908913176501,4074.3497303626796
61,-696.0,4080.0
62,-724.1367507550797,4086.4080587684066
63,-802.0,4088.0
64,-818.4483280858409,4084.496295926166
65,-878.7121775898734,4065.1304865246207
66,-904.0,4055.0
67,-923.4966320353615,4045.8484373618694
68,-958.1113726213762,4019.1664037430082
69,-973.0,4003.0
70,-990.0,3983.0
71,-996.4640963428108,3974.7067769459118
72,-1026.2348562463592,3929.8034419950554
73,-1029.0,3925.0
74,-1056.0,3867.0
75,-1067.4323064058979,3834.4848821234164
76,-1094.0,3747.0
77,-1112.0702152965303,3665.3859721686013
78,-1120.9589451464424,3597.367627177373
79,-1121.0,3597.0
80,-1129.6806318093033,3503.0621597982918
81,-1132.0,3467.0
82,-1132.867131672004,3448.1992985738234
83,-1133.186712311523,3393.2800915625958
84,-1132.0,3360.0
85,-1130.8778787276183,3336.839040095394
86,-1122.0,3237.0
87,-1108.9141279229293,3153.116725061097
88,-1091.0,3057.0
89,-1084.4102578288685,3025.964680003136
90,-1060.5538880512522,2940.244272905732
91,-1058.0,2932.0
92,-1038.2894394710008,2869.7002831711384
93,-1009.0,2784.0
94,-991.1781296936202,2735.85731427642
95,-948.0,2625.0
96,-943.5688355832195,2613.8618184964635
97,-879.0,2457.0
98,-851.8490107546666,2392.4147556873286
99,-818.0,2313.0
100,-793.0,2255.0
101,-761.2171847476986,2178.0002544909794
102,-751.0,2153.0
103,-706.4573131223933,2044.6572644195971
104,-656.0,1915.0
105,-605.0,1776.0
106,-586.4380100119947,1723.5259355462408
107,-555.0,1626.0
108,-548.5174784962727,1604.4371308583682
109,-504.6772518169946,1448.1832423546357
110,-491.0,1392.0
111,-473.01285944858864,1308.7323314154849
112,-465.0,1267.0
113,-450.15374679293075,1176.0115162329112
114,-445.0,1136.0
115,-432.72296643074134,989.36408370088
116,-432.0,976.0
117,-430.0,926.0
118,-429.52801363006813,886.8878704201339
119,-432.62505371640754,770.6776702226191
120,-438.0,695.0
121,-442.6833614012027,655.5336326370843
122,-472.0,547.0
123,-476.83364882908586,533.7678464226328
124,-514.0,460.0
125,-577.0,378.0
126,-608.1471748258589,342.7652945765355
127,-660.5929096820753,302.9154771261661
128,-715.0,281.0
129,-757.3808320483392,264.0966936789404
130,-870.6266103071353,222.11828972640006
131,-871.0,222.0
132,-935.8015543929221,204.78239789405333
133,-949.0,202.0
134,-1084.0,177.0
135,-1128.927581370881,169.86912462403131
136,-1237.4917145407467,158.50353433732866
137,-1296.9061395551867,155.63065516861013
138,-1310.0,155.0
139,-1364.98483294836,152.37555882800123
140,-1426.0,152.0
141,-1497.3341994934276,153.76129650874464
142,-1646.7198829239335,160.08072739666628
143,-1697.0,163.0
144,-1751.5236215180944,167.19814471214994
145,-1830.0,175.0
146,-1875.749853676049,179.39945120816412
147,-1978.0,189.0
148,-2120.7181793483724,201.73150304127012
149,-2157.0,205.0
150,-2341.3393010413333,221.76624996819731
151,-2377.0,225.0
152,-2435.7140013644744,230.16876410122043
153,-2472.0,233.0
154,-2552.6204121720043,239.49063373737638
155,-2583.0,242.0
156,-2721.3651906267314,253.8065825662694
157,-2736.0,255.0
158,-2835.050789554202,262.6400135217595
159,-2879.0,266.0
160,-3036.9966319397427,278.50007761819825
161,-3125.0,285.0
162,-3258.0,294.0
163,-3446.0,309.0
164,-3613.0,323.0
165,-3660.7257857511095,326.9262063858684
166,-3863.0,343.0
167,-3908.7512438302233,346.5352132833423
168,-4019.0,355.0
169,-4129.297411405473,363.6433986311732
170,-4146.0,365.0
171,-4416.111222100694,388.5357395758277
172,-4433.0,390.0
173,-4611.0,406.0
174,-4674.8521384673895,413.13146102181656
175,-4740.0,421.0
176,-4788.0,427.0
177,-4933.004682039885,448.5366143999731
178,-5047.0,470.0
179,-5062.214313641844,473.21985753479856
180,-5221.189348094938,512.2499297813027
181,-5238.0,517.0
182,-5412.0,573.0
183,-5440.277251662517,583.3072573374861
184,-5567.0,637.0
185,-5853.0,783.0
186,-5879.861094214865,797.1975568096502
187,-5931.997220030967,827.6120327969918
188,-5941.0,833.0
189,-6071.8260130778435,910.3991017318709
190,-6088.0,920.0
191,-6231.194738893575,1005.7331841604895
192,-6352.0,1079.0
193,-6381.222657452388,1096.844164450818
194,-6499.0,1169.0
195,-6597.905883916844,1229.3020600753002
196,-6666.0,1271.0
197,-6868.212828958849,1396.8810632379375
198,-6986.42951424387,1471.6909400566522
199,-7012.0,1488.0
200,-7133.71740478459,1566.852298037538
201,-7224.0,1626.0
202,-7310.630552071532,1682.6844771459885
203,-7340.0,1702.0
204,-7451.366160909466,1776.028948298747
205,-7490.0,1802.0
206,-7549.584471950802,1842.3944957817034
207,-7606.0,1881.0
208,-7657.979776201683,1916.8365079174032
209,-7745.0,1975.0
210,-7763.0,1986.0
211,-7771.489463866085,1990.989996393353
212,-7851.0,2032.0
213,-7859.190113261756,2035.8313044629813
214,-7952.0,2075.0
215,-7991.840427714726,2089.6188566313413
216,-8074.0,2116.0
217,-8080.347841328346,2117.8769435505387
218,-8149.859643355313,2134.452047058209
219,-8160.0,2136.0
220,-8238.990232755341,2145.086858556729
221,-8249.0,2146.0
222,-8318.0,2142.0
223,-8346.195068697509,2135.628013657478
224,-8393.0,2123.0
225,-8421.818813002208,2111.807235138983
226,-8463.0,2089.0
227,-8469.285988733065,2084.8929928663442
228,-8538.70635495359,2033.2378319131378
229,-8539.0,2033.0
230,-8582.361632690003,1993.6566884514934
231,-8606.0,1968.0
232,-8633.561524800349,1936.4525865720661
233,-8689.0,1870.0
234,-8693.39014244431,1864.591430362174
235,-8730.0,1817.0
236,-8800.0,1717.0
237,-8821.686621001267,1685.336685893946
238,-8860.008690695795,1627.4960943177095
239,-8902.0,1554.0
240,-8920.753624647517,1519.1484145074887
241,-8989.148137151196,1387.2897217356522
242,-9028.0,1308.0
243,-9073.153568384012,1209.8012111243784
244,-9107.0,1133.0
245,-9114.401351699717,1116.046841713798
246,-9150.840858559943,1031.1125261360482
247,-9172.0,981.0
248,-9181.77384859432,957.7721925554227
249,-9212.243644969178,887.3720665977537
250,-9217.0,877.0
251,-9271.0,765.0
252,-9290.696361258924,726.5591368981966
253,-9331.0,666.0
254,-9360.51542918346,625.2183930733174
255,-9364.0,621.0
256,-9371.0,613.0
257,-9411.193003526094,574.0793752735595
258,-9415.0,571.0
259,-9467.0,539.0
260,-9510.222026248157,526.8305012583501
261,-9532.0,525.0
262,-9552.688009601921,526.0735857064457
263,-9565.0,528.0
264,-9584.150224804083,533.0105657200452
265,-9617.753471250286,547.8709048948881
266,-9618.0,548.0
267,-9673.382613321715,581.1461137048894
268,-9679.0,585.0
269,-9736.285762732703,632.4312036202375
270,-9751.0,646.0
271,-9776.0,670.0
272,-9784.205265901823,678.4899401409989
273,-9815.037348611766,711.4914178610026
274,-9820.0,717.0
275,-9858.188651462286,760.4697568931879
276,-9901.0,811.0
277,-9915.622713456269,829.1353607069162
278,-9948.860301623863,875.3041489779089
279,-9956.0,885.0
280,-9996.0,938.0
281,-10009.879812646395,955.999144134225
282,-10034.0,987.0
283,-10068.838213416226,1031.7647714370096
284,-10106.0,1079.0
285,-10157.0,1142.0
286,-10182.589666750586,1172.509427964747
287,-10231.0,1228.0
288,-10265.089009442614,1264.5948305532202
289,-10292.0,1293.0
290,-10331.84308692221,1335.6632098059938
291,-10371.0,1375.0
292,-10399.486761498123,1401.6427086267772
293,-10515.0,1501.0
294,-10523.483999070655,1507.71303099819
295,-10584.660808015762,1549.114957936763
296,-10627.657015253184,1570.818621934054
297,-10634.0,1574.0
298,-10678.0,1595.0
299,-10686.955956107613,1598.6967425096072
300,-10834.0,1647.0
301,-10847.75342766544,1650.906413934521
302,-10900.379464865575,1657.8991833091955
303,-10906.0,1658.0
304,-10957.455612672096,1658.2705481181997
305,-10980.0,1657.0
306,-11032.0,1648.0
307,-11062.36853151093,1639.7674127826556
308,-11099.0,1625.0
309,-11194.85805270972,1572.5777615012082
310,-11230.0,1552.0
311,-11284.91866030833,1507.9530460855005
312,-11290.0,1502.0
313,-11337.471937729528,1445.3879279409093
314,-11406.163657080655,1362.172378718379
315,-11429.0,1334.0
316,-11451.641311554933,1303.1547474444483
317,-11460.0,1290.0
318,-11503.405420362229,1221.5458075428398
319,-11525.0,1187.0
320,-11544.49471070868,1155.315697981966
321,-11596.0,1066.0
322,-11608.747278851515,1042.3811913824438
323,-11664.0,937.0
324,-11697.695120062985,870.7024549865308
325,-11729.0,808.0
326,-11775.729596195142,716.5319293038968
327,-11776.0,716.0
328,-11850.319953905693,568.2605208552973
329,-11856.0,557.0
330,-11905.425755617918,459.6446511225193
331,-11917.0,437.0
332,-11969.0,336.0
333,-11974.620814197555,325.17180847920974
334,-12028.0,223.0
335,-12033.276277735851,212.92241876196928
336,-12114.0,61.0
337,-12122.860321344391,44.711060276579566
338,-12210.0,-114.0
339,-12281.684689235135,-242.42553025289868
340,-12335.02718134178,-336.16654455656186
341,-12371.0,-401.0
342,-12397.606991587236,-451.3601549598718
343,-12426.548748077692,-507.52303883323054
344,-12443.0,-538.0
345,-12477.0,-600.0
346,-12507.241184230847,-655.48824982174
347,-12538.0,-712.0
348,-12607.060277073251,-836.902706671374
349,-12629.0,-875.0
350,-12756.823634330056,-1083.7311021076735
351,-12766.0,-1098.0
352,-12851.130817241861,-1226.430566628768
353,-12943.0,-1363.0
354,-12961.565601472274,-1391.7275180146812
355,-13034.0,-1512.0
356,-13102.0,-1626.0
357,-13133.765071170938,-1681.0326602223715
358,-13143.0,-1698.0
359,-13172.0,-1759.0
360,-13177.829092356013,-1773.8454492237495
361,-13197.0,-1843.0
362,-13200.161194005037,-1868.4179227498803
363,-13202.0,-1930.0
364,-13201.135367283576,-1954.9113946358104
365,-13191.0,-2042.0
366,-13189.801581733764,-2049.067029413173
367,-13174.0,-2121.0
368,-13170.126725515594,-2134.858199007709
369,-13146.0,-2206.0
370,-13140.594884413176,-2219.5403298544184
371,-13112.0,-2282.0
372,-13108.573042067974,-2288.6867992349366
373,-13081.0,-2338.0
374,-13051.93814824413,-2381.358417883994
375,-13038.0,-2400.0
376,-13013.0,-2431.0
377,-12979.434482666678,-2466.8131633080325
378,-12948.0,-2496.0
379,-12928.514825226383,-2512.516694075349
380,-12886.0,-2545.0
381,-12825.036058755686,-2584.3228280963253
382,-12775.0,-2612.0
383,-12758.236026083545,-2620.5552344965718
384,-12686.669385859519,-2653.6000095619165
385,-12659.0,-2665.0
386,-12575.695792369299,-2695.325771975931
387,-12565.0,-2699.0
388,-12446.53355750427,-2739.443804246158
389,-12437.0,-2743.0
390,-12349.560471600867,-2789.4202369632635
391,-12333.0,-2805.0
392,-12304.732226714032,-2838.346228368861
393,-12280.635898212531,-2874.3588378896893
394,-12241.629739300563,-2953.1894770202744
395,-12209.170760208453,-3060.73175111025
396,-12205.0,-3079.0
397,-12186.0,-3178.0
398,-12182.498320701805,-3197.034455538711
399,-12173.0,-3250.0
400,-12172.192574980065,-3254.936672623945
401,-12158.0,-3343.0
402,-12153.082681271402,-3371.5381944736946
403,-12137.0,-3462.0
404,-12128.393828990642,-3509.320888640005
405,-12118.0,-3546.0
406,-12112.824259312803,-3559.963534006397
407,-12065.15541617294,-3657.06497078013
408,-12045.0,-3687.0
409,-11979.947763217946,-3757.0075024562857
410,-11970.0,-3766.0
411,-11862.0,-3858.0
412,-11817.510008957273,-3894.8808829342897
413,-11791.0,-3916.0
414,-11778.192228895507,-3926.162926171842
415,-11687.0,-3999.0
416,-11589.696325627328,-4078.7436444203304
417,-11537.0,-4122.0
418,-11425.0,-4220.0
419,-11298.0,-4345.0
420,-11227.116540110816,-4421.711554558253
421,-11184.0,-4484.0
422,-11156.873171193845,-4524.924768024676
423,-11128.0,-4569.0
424,-11102.347274066304,-4608.459322756887
425,-11079.0,-4645.0
426,-11050.6180410722,-4690.487962950146
427,-11041.0,-4705.0
428,-10982.024222273674,-4785.443272131813
429,-10970.0,-4800.0
430,-10888.385809809515,-4870.711468905423
431,-10875.0,-4879.0
432,-10869.34739517574,-4882.263680866863
433,-10855.0,-4889.0
434,-10852.71413475622,-4890.015637262085
435,-10808.012123802988,-4905.576437220706
436,-10792.0,-4906.0
437,-10749.142102943611,-4898.743055382129
438,-10728.0,-4893.0
439,-10704.763949824288,-4883.510536509063
440,-10690.0,-4868.0
441,-10685.511304991209,-4863.224960508711
442,-10652.47688098187,-4825.529121444036
443,-10650.0,-4822.0
444,-10631.0,-4788.0
445,-10618.639553991115,-4763.592484734956
446,-10611.0,-4746.0
447,-10594.397012519803,-4700.336171378803
448,-10591.0,-4690.0
449,-10583.918399717795,-4665.70450616888
450,-10578.0,-4641.0
451,-10564.0,-4583.0
452,-10562.407396568558,-4575.197370243761
453,-10543.0,-4473.0
454,-10541.779248016765,-4466.478379118242
455,-10533.0,-4417.0
456,-10531.278156071181,-4406.14249733252
457,-10521.0,-4341.0
458,-10512.159849831716,-4286.6510254113255
459,-10511.0,-4279.0
460,-10495.0,-4152.0
461,-10471.05879297501,-3966.4569895010627
462,-10471.0,-3966.0
463,-10464.497779323425,-3914.9111748084097
464,-10462.0,-3897.0
465,-10455.924567379461,-3855.000018861683
466,-10442.095070139976,-3761.6371804073383
467,-10442.0,-3761.0
468,-10417.250570850605,-3596.8004061760166
469,-10410.0,-3550.0
470,-10404.085246457307,-3512.84376390097
471,-10393.0,-3445.0
472,-10389.710501237338,-3424.5271188548913
473,-10372.0,-3314.0
474,-10357.956254278448,-3228.9582961591386
475,-10350.0,-3179.0
476,-10331.0,-3052.0
477,-10318.465900876185,-2975.100185716047
478,-10303.0,-2883.0
479,-10300.956272955407,-2870.5123922428947
480,-10277.0,-2724.0
481,-10274.770975609554,-2711.30866772841
482,-10260.0,-2630.0
483,-10255.216687290795,-2603.504654977165
484,-10225.0,-2437.0
485,-10214.18267155957,-2381.8387707175634
486,-10200.0,-2311.0
487,-10180.717834220373,-2212.9454159242264
488,-10169.0,-2155.0
489,-10132.0,-1984.0
490,-10126.126518725983,-1957.6779666966424
491,-10092.943637924816,-1815.2164402024443
492,-10088.0,-1795.0
493,-10029.0,-1559.0
494,-10000.677642931609,-1448.8319102949854
495,-9998.0,-1439.0
496,-9934.407203813545,-1213.915274012445
497,-9901.0,-1103.0
498,-9896.413662621253,-1088.3260805976704
499,-9851.696292697918,-951.275586558794
500,-9847.0,-937.0
501,-9802.0,-801.0
502,-9753.0,-662.0
503,-9735.30687366585,-613.1794379973721
504,-9648.0,-378.0
505,-9643.599568744103,-366.3691504007707
506,-9601.601103849076,-258.9329345391014
507,-9587.0,-223.0
508,-9560.0,-158.0
509,-9556.599677195023,-150.2457799317666
510,-9530.0,-93.0
511,-9517.074832327236,-66.04756988361176
512,-9492.0,-20.0
513,-9425.936538058078,62.386587697580616
514,-9416.0,72.0
515,-9372.294149505167,102.57490005157298
516,-9342.0,115.0
517,-9321.599080914217,121.29991256461133
518,-9295.567934432951,126.22858759060603
519,-9277.0,128.0
520,-9226.530880463024,126.27391652501935
521,-9220.0,125.0
522,-9127.251052271955,97.08250619217358
523,-9127.0,97.0
524,-9104.67935952956,89.61696530481649
525,-9075.0,71.0
526,-9060.968730326476,62.170409914635435
527,-9010.0,30.0
528,-8960.71593796238,-2.5692841186045925
529,-8922.0,-34.0
530,-8839.0,-101.0
531,-8735.0,-189.0
532,-8647.0,-265.0
533,-8626.613347362178,-283.3853331022508
534,-8536.0,-366.0
535,-8473.205439831385,-425.01966296403765
536,-8434.0,-463.0
537,-8414.934013661223,-481.39269092616485
538,-8301.0,-591.0
539,-8249.642084135096,-640.0415013596513
540,-8218.0,-669.0
541,-8182.488325342511,-701.1006161441635
542,-8115.0,-762.0
543,-8083.917367327074,-790.2111968079726
544,-8025.0,-842.0
545,-7927.241571389363,-924.0639000045314
546,-7879.0,-964.0
547,-7723.904007837273,-1085.7792341195245
548,-7670.0,-1122.0
549,-7661.3529590911785,-1127.6168360542895
550,-7475.766854534458,-1240.1650873185536
551,-7445.0,-1257.0
552,-7395.565913693115,-1282.6021753158025
553,-7285.0,-1328.0
554,-7230.424095689601,-1345.9101986135963
555,-7047.0,-1399.0
556,-6973.652839784453,-1417.026800360165
557,-6889.435484281805,-1428.3275114352725
558,-6807.0,-1435.0
559,-6752.914596560378,-1439.926279582341
560,-6693.0,-1445.0
561,-6561.0,-1453.0
562,-6459.218935184559,-1458.7900535131803
563,-6341.0,-1466.0
564,-6208.0,-1475.0
565,-6193.911120724494,-1475.9582262114243
566,-6149.0,-1479.0
567,-6023.680613348616,-1487.4292004106553
568,-5955.0,-1492.0
569,-5621.730075733279,-1513.9523388740688
570,-5621.0,-1514.0
571,-5517.335041683877,-1520.7064845747432
572,-5483.0,-1523.0
573,-5366.289067080581,-1530.9162101057823
574,-5189.0,-1543.0
575,-5173.172076638147,-1544.0747462828608
576,-5039.351628044024,-1553.0969693096245
577,-4924.0,-1560.0
578,-4910.274208939218,-1560.7539590377637
579,-4735.0,-1570.0
580,-4719.767712115587,-1570.847235024989
581,-4609.0,-1577.0
582,-4545.0,-1580.0
583,-4346.703085379421,-1588.9649493867703
584,-4196.0,-1595.0
585,-4178.219037059217,-1595.5973578310973
586,-4014.490723991826,-1597.8162919510523
587,-3924.0,-1599.0
588,-3908.41002785172,-1599.3118301478364
589,-3876.0,-1600.0
590,-3699.0,-1604.0
591,-3558.6257694746196,-1608.731917370144
592,-3483.0,-1611.0
593,-3349.0,-1614.0
594,-3253.053254476521,-1617.6752344479028
595,-3165.0,-1622.0
596,-3099.4402327894,-1625.8573745159867
597,-3026.0,-1631.0
598,-2942.0,-1637.0
599,-2922.594439537079,-1638.4719956854103
600,-2828.0,-1648.0
601,-2709.0,-1667.0
602,-2668.3340082668037,-1674.6923948515573
603,-2646.8483891821697,-1682.2693815760383
604,-2631.0,-1690.0
605,-2583.911892247113,-1714.7226807616692
606,-2542.0,-1742.0
607,-2506.7479848430035,-1779.3588656609732
608,-2480.100035354675,-1838.7109453135613
609,-2480.0,-1839.0
610,-2465.1764261107414,-1888.9467445100609
611,-2460.0,-1909.0
612,-2452.0,-1942.0
613,-2436.084246199729,-2006.685887584897
614,-2436.0,-2007.0
615,-2418.0,-2065.0
616,-2415.310948693783,-2072.2100122374463
617,-2376.7012956235053,-2162.974992834378
618,-2355.0,-2209.0
619,-2335.7925455561103,-2244.137345660251
620,-2317.0,-2272.0
621,-2305.9951922968157,-2287.9331014776703
622,-2269.0,-2338.0
623,-2259.421987891244,-2349.254960741805
624,-2223.0,-2387.0
625,-2183.736306033383,-2422.50648506148
626,-2140.0,-2456.0
627,-2120.399119187148,-2468.926664821415
628,-2048.0,-2508.0
629,-1984.9415831698516,-2533.229796991787
630,-1968.0,-2539.0
631,-1917.4481621978778,-2554.1400317298803
632,-1891.0,-2561.0
633,-1793.0,-2581.0
634,-1774.067543653211,-2584.0282012248153
635,-1716.0,-2592.0
636,-1596.0,-2603.0
637,-1547.7514708173526,-2605.8224891544487
638,-1523.0,-2607.0
639,-1455.3055400242201,-2609.054669549909
640,-1349.0,-2610.0
641,-1259.0,-2611.0
642,-1160.0,-2611.0
643,-1060.0,-2613.0
644,-1036.3194882653545,-2613.437994501317
645,-957.0,-2615.0
646,-853.5426851246079,-2618.3333256814485
647,-688.0,-2625.0
648,-570.544757056075,-2630.562079515147
649,-474.37428945941247,-2636.3074633147044
650,-415.0,-2640.0
651,-316.846420728683,-2646.1829046858425
652,-229.0,-2652.0
653,-145.96335181054476,-2657.954052658545
654,-12.63501039484051,-2667.227695128952
655,1.0,-2668.0
656,98.16835583697763,-2672.537262383041
657,165.0,-2674.0
658,279.0,-2671.0
659,351.0,-2665.0
660,415.3197530671996,-2655.8172809959615
661,541.4871418445437,-2620.1936187729066
662,542.0,-2620.0
663,625.0,-2582.0
664,692.5498129450987,-2537.8508664262654
665,767.0,-2479.0
666,830.5237644395913,-2415.9965135130947
667,857.0,-2385.0
668,899.6575803846295,-2331.93798179169
669,951.0,-2262.0
670,996.3267918135725,-2191.0978889221497
671,1027.0,-2137.0
672,1055.8822252181344,-2080.99576383625
673,1098.0,-1987.0
674,1106.6839801707752,-1964.5697704877418
675,1140.0,-1861.0
676,1155.0,-1800.0
677,1166.2600947223934,-1740.326014394416
678,1186.3207120733396,-1599.8004726309398
679,1190.0,-1568.0
680,1195.6172819503804,-1349.2552980453327
681,1194.0,-1313.0
682,1187.0,-1191.0
683,1179.6566897318091,-1107.8908278073332
684,1172.0,-1040.0
685,1166.8709683485458,-1000.9009444372746
686,1155.0,-921.0
687,1129.7937758657374,-764.2772482466869
688,1125.0,-735.0
689,1098.3579164799494,-574.5541456871017
690,1094.0,-549.0
691,1079.0,-462.0
1,1052.626566667408,-301.4890440126049
2,1048.0,-273.0
3,1026.205868467033,-138.8069290064081
4,1000.0,26.0
5,974.0,193.0
6,964.6245756074023,253.73706557744137
7,948.0,363.0
8,944.1534440146722,388.3528927100548
9,915.5584092433774,578.139838369101
10,906.0,644.0
11,892.7855319751538,738.0554095993597
12,886.0,786.0
13,869.9429473258677,896.1801549110953
14,863.0,945.0
15,839.2961387809569,1121.4009767593125
16,837.0,1138.0
17,828.0,1202.0
18,820.702150113344,1255.3382022948786
19,798.1927098616085,1427.1030137298997
20,783.0,1545.0
21,774.7966700686922,1608.9761417409431
22,750.0,1807.0
23,746.8542015369808,1832.9041896599479
24,728.0,1990.0
25,704.0,2191.0
26,693.1876658966444,2283.3753909114885
27,678.9034166271314,2414.4210129969197
28,667.0,2527.0
29,657.2431549557177,2615.035588974562
30,630.0925258449493,2842.307685214202
31,630.0,2843.0
32,613.470763765408,2953.0091866694
33,610.0,2973.0
34,574.0,3164.0
35,561.8484331309867,3220.9317432556513
36,531.4797166835306,3323.663304086551
37,507.89398254416574,3368.0825239885266
38,501.0,3380.0
39,460.5403439821326,3444.4372872530785
40,414.0,3500.0
41,369.8858091475947,3536.3005986380813
42,286.88966266390725,3582.90354855913
43,258.0,3596.0
44,224.74120991270632,3607.965822695638
45,174.0,3620.0
46,144.94025366757126,3626.539091731748
47,81.0,3640.0
48,-4.81021813472705,3655.967662088068
49,-27.0,3662.0
50,-141.01541240376278,3697.667044356193
51,-163.0,3705.0
52,-198.02884499502585,3718.723995919717
53,-218.0,3733.0
54,-263.14806570325123,3762.830501017469
55,-278.0,3773.0
56,-326.58469793043884,3811.4396026268328
57,-332.0,3816.0
58,-374.8137677496181,3851.930256544145
59,-395.0,3869.0
60,-466.73767292893166,3930.7559560231443
61,-505.0,3963.0
62,-559.0,4006.0
63,-625.0,4050.0
64,-683.0,4077.0
65,-698.7728276889476,4082.1037806842314
66,-763.0,4090.0
67,-778.4238709113952,4089.708490587346
68,-816.0,4086.0
69,-850.9239829870776,4077.6017008430454
70,-856.0,4076.0
71,-930.794089741361,4039.036735935549
72,-935.0,4036.0
73,-976.0,3999.0
74,-989.2214051518554,3983.7017755489383
75,-1002.0,3967.0
76,-1011.0,3954.0
77,-1035.3105957884657,3912.4694842867075
78,-1052.0,3877.0
79,-1054.0960532398685,3872.040703406996
80,-1074.0869994755624,3817.098116839098
81,-1076.0,3811.0
82,-1094.0,3745.0
83,-1096.7656803411542,3733.7533931169573
84,-1108.0,3679.0
85,-1128.0,3538.0
86,-1129.6535122776256,3524.1774204265134
87,-1130.8654270047878,3493.342626631332
88,-1131.0,3488.0
89,-1133.0377952659971,3411.6876982506046
90,-1133.0,3402.0
91,-1128.6115102215906,3312.2929346631954
92,-1121.0,3234.0
93,-1118.8566237874734,3215.1065284958377
94,-1107.0,3135.0
95,-1090.031277954435,3055.765947779032
96,-1077.0,3002.0
97,-1038.153020018449,2867.9791486218364
98,-1013.0837186441395,2795.0106895525087
99,-1007.0,2778.0
100,-971.7518979725888,2685.400456121419
101,-943.0,2613.0
102,-916.3563047402034,2546.069558713302
103,-907.0,2523.0
104,-868.5946968562962,2431.3048163150697
105,-854.0,2397.0
106,-829.8389496962436,2340.380275591262
107,-805.0,2282.0
108,-780.3793919836482,2223.5759838464164
109,-735.0,2115.0
110,-725.0,2091.0
111,-720.2684507571348,2079.523543478429
112,-676.0,1968.0
113,-671.4605590719622,1956.23205385809
114,-620.0,1818.0
115,-597.4033961282428,1753.6090596812505
116,-550.0,1610.0
117,-546.3442759562687,1598.3251580389083
118,-509.41980367556476,1468.1775480681474
119,-505.0,1450.0
120,-473.846771064022,1311.0943696331922
121,-470.0,1293.0
122,-446.0,1141.0
123,-440.0163555823366,1079.549902311269
124,-432.0,982.0
125,-429.04923626912205,923.5114772176221
126,-429.0,843.0
127,-429.39727158117495,830.9932443748787
128,-437.9501270017697,701.5346971855869
129,-438.0,701.0
130,-448.62117467427225,625.1603840867718
131,-460.0,586.0
132,-477.0683401598661,540.5435513213254
133,-518.0,454.0
134,-521.5226209042471,447.8732053081677
135,-556.0,402.0
136,-641.0,324.0
137,-669.0378844420128,301.46748642069815
138,-723.712098608819,267.76679653036865
139,-798.0,246.0
140,-831.8116959220398,236.29619892369772
141,-957.0631938251023,201.53998677531183
142,-1032.0,185.0
143,-1124.8385083901003,170.8657474481972
144,-1201.0,163.0
145,-1218.8982957991293,161.42672851640742
146,-1315.7893243098135,155.14254413263748
147,-1358.0,153.0
148,-1372.1601241994895,152.31116191339635
149,-1422.3559276228934,151.79265958313923
150,-1435.0,152.0
151,-1619.0,157.0
152,-1689.3876343562763,160.1231336063747
153,-1836.0,175.0
154,-1949.3038074102396,185.56129319763437
155,-1962.0,187.0
156,-1987.0,190.0
157,-2129.799054845361,202.90151952482753
158,-2143.0,204.0
159,-2316.0,219.0
160,-2451.004236715979,231.05452656720337
161,-2521.0,237.0
162,-2590.7253099238146,242.58052173983634
163,-2633.0,246.0
164,-2699.0901881490354,251.63552057016855
165,-2819.0914234024135,261.9258959431977
166,-2820.0,262.0
167,-3030.040182619787,278.36001762997967
168,-3052.0,280.0
169,-3286.383227809943,296.55521744263734
170,-3348.0,301.0
171,-3455.0,310.0
172,-3493.1314938123023,313.06884569336825
173,-3635.270932655527,324.2718239898446
174,-3657.0,326.0
175,-3817.3754390643307,338.8777937179199
176,-3992.0,353.0
177,-4052.2498394344334,357.86440923641595
178,-4187.1861840625825,368.79494846414707
179,-4214.0,371.0
180,-4359.0,383.0
181,-4407.06261127656,387.00297506702077
182,-4488.0,394.0
183,-4600.562381723498,404.9406118091817
184,-4715.0,418.0
185,-4860.0,438.0
186,-4923.999990150369,447.791551938196
187,-5038.0,468.0
188,-5119.578963242258,486.28315271303234
189,-5183.0,502.0
190,-5272.552797970091,525.724769080642
191,-5358.0,554.0
192,-5419.919120245326,577.7899447329265
193,-5667.0,685.0
194,-5684.3936827271245,693.034408875073
195,-5799.895270354569,751.769218214782
196,-5879.476597118043,797.8400704329989
197,-5892.0,805.0
198,-5981.0,856.0
199,-5998.9608089126305,866.5076623200861
200,-6289.0,1041.0
201,-6316.3909280772605,1057.6223742666377
202,-6423.85086427474,1123.2115394179539
203,-6435.0,1130.0
204,-6536.350807801766,1191.617796026278
205,-6583.0,1220.0
206,-6701.0,1292.0
207,-6773.200584424511,1336.2983418687922
208,-6859.0,1390.0
209,-7074.931430075877,1528.816283530975
210,-7154.0,1580.0
211,-7287.109981386537,1667.3925466581923
212,-7300.0,1676.0
213,-7419.47277062718,1755.8193667531543
214,-7590.55540870148,1870.4178780025306
215,-7646.0,1908.0
216,-7694.061179249546,1941.9506303000078
217,-7710.0,1952.0
218,-7796.465781677763,2002.9311395515595
219,-7839.0,2026.0
220,-7876.507476208384,2044.5774166761585
221,-7970.0,2082.0
222,-7992.144919378754,2089.714445268819
223,-8086.0,2120.0
224,-8140.652754395038,2134.610374720266
225,-8186.0,2141.0
226,-8250.638263944864,2146.9884333617783
227,-8251.0,2147.0
228,-8344.272254434023,2137.613581658605
229,-8351.0,2136.0
230,-8407.46892366628,2117.4387969456943
231,-8420.0,2112.0
232,-8473.0,2083.0
233,-8478.45730701547,2079.467023297556
234,-8528.0,2043.0
235,-8532.668074464227,2039.2169883603926
236,-8598.0,1976.0
237,-8604.751207969397,1968.5159032167912
238,-8670.0,1893.0
239,-8722.179853907306,1827.8365593518852
240,-8759.565345337485,1775.8701536297417
241,-8785.0,1739.0
242,-8804.317481436625,1709.8174384645067
243,-8825.875582914046,1675.8832410273858
244,-8838.0,1657.0
245,-8863.0,1618.0
246,-8885.458593495612,1581.817247104119
247,-8908.0,1544.0
248,-8954.946690501045,1456.8387462781538
249,-8969.0,1429.0
250,-9046.660511027641,1267.6098009214315
251,-9052.0,1256.0
252,-9100.217026607346,1147.9916185708
253,-9152.0,1028.0
254,-9163.050135097472,1002.2378868504684
255,-9210.0,893.0
256,-9254.0,797.0
257,-9276.58965944551,755.0903430546011
258,-9284.0,742.0
259,-9313.0,693.0
260,-9320.240051251054,681.759934391304
261,-9353.0,636.0
262,-9363.97207129885,622.1824148214349
263,-9390.0,593.0
264,-9401.37468590756,582.2504458683571
265,-9446.0,550.0
266,-9449.954423761286,547.7807818273475
267,-9493.0,530.0
268,-9501.666873070804,527.9310823080455
269,-9547.0,525.0
270,-9555.53941348644,526.054289992051
271,-9594.0,537.0
272,-9597.980704641928,538.5556351810792
273,-9627.0,552.0
274,-9653.732113746846,567.5403825430651
275,-9665.0,575.0
276,-9683.0,588.0
277,-9703.684804835539,604.3437793591194
278,-9721.0,619.0
279,-9731.153022005734,627.9278155938621
280,-9752.0,647.0
281,-9779.238594179977,673.3607321478274
282,-9800.0,695.0
283,-9806.721019089937,702.3535809439556
284,-9834.422361858407,734.0293042232119
285,-9845.0,746.0
286,-9877.488438361846,782.5455087467122
287,-9882.0,788.0
288,-9937.088304293746,859.4810575741382
289,-9942.0,866.0
290,-10001.593045755537,945.98304078824
291,-10018.0,968.0
292,-10049.367193202179,1009.8045791309011
293,-10079.882592886825,1050.1850558547471
294,-10144.902466334323,1132.4919189665156
295,-10254.761353403455,1253.6799443969699
296,-10275.0,1275.0
297,-10389.0,1392.0
298,-10411.206822156833,1413.9719406844456
299,-10473.0,1468.0
300,-10478.680644920058,1472.4896135610318
301,-10575.0,1541.0
302,-10603.13943668975,1557.199635904256
303,-10688.0,1600.0
304,-10730.396019142378,1617.7689208063637
305,-10763.0,1628.0
306,-10775.680479657465,1631.5447058518362
307,-10866.242280261422,1652.581420032569
308,-10895.0,1657.0
309,-10964.805315537655,1658.2196002778217
310,-10974.0,1657.0
311,-11069.0,1637.0
312,-11107.439378057767,1623.4129550584435
313,-11128.0,1612.0
314,-11137.546127914376,1607.0478256937147
315,-11203.0,1570.0
316,-11269.465904479157,1517.7278038764427
317,-11306.0,1486.0
318,-11389.0,1388.0
319,-11465.0,1282.0
320,-11509.561067850842,1214.4413047822786
321,-11545.0,1153.0
322,-11569.253603325964,1112.187075487294
323,-11596.0,1066.0
324,-11620.814202883723,1020.2280268482948
325,-11645.0,974.0
326,-11678.10014247523,910.3444268846702
327,-11690.0,887.0
328,-11765.301905007796,736.4327164081636
329,-11781.0,705.0
330,-11892.107424063317,484.76865233983466
331,-11911.0,448.0
332,-11919.080139874757,432.4935680054075
333,-11940.0,393.0
334,-11943.31091940771,386.66375754268665
335,-12008.947220449161,260.493086599908
336,-12034.0,213.0
337,-12103.649089736624,82.13038849338038
338,-12139.0,16.0
339,-12180.322882391567,-60.8786002752499
340,-12216.0,-125.0
341,-12227.281982348555,-145.09454553264686
342,-12315.331717520778,-301.3890443808184
343,-12323.0,-315.0
344,-12391.0,-437.0
345,-12433.906817642846,-518.9298318310238
346,-12463.0,-574.0
347,-12536.140778778155,-708.1738496578204
348,-12552.0,-737.0
349,-12586.755567664528,-799.8735832986597
350,-12622.0,-862.0
351,-12720.0,-1025.0
352,-12731.571337500409,-1043.1069298989278
353,-12873.0,-1258.0
354,-12881.637390790365,-1270.8777414256897
355,-12935.0,-1349.0
356,-12944.761447583898,-1364.4367777221325
357,-13001.0,-1456.0
358,-13041.536809992629,-1523.9333820594688
359,-13047.0,-1533.0
360,-13124.0,-1664.0
361,-13192.863067647017,-1820.6178682632071
362,-13193.0,-1821.0
363,-13201.078481131844,-1864.3586348460697
364,-13201.0,-1879.0
365,-13201.316964428133,-1912.5811220154405
366,-13199.046417754264,-1984.525241106086
367,-13199.0,-1985.0
368,-13177.701534033129,-2102.2250930254845
369,-13170.0,-2134.0
370,-13163.463775100197,-2158.281216140171
371,-13149.0,-2200.0
372,-13143.980807384973,-2212.5082989590237
373,-13114.0,-2279.0
374,-13087.173363171769,-2326.9030093353863
375,-13070.0,-2354.0
376,-13022.0,-2420.0
377,-12989.0238258834,-2456.5604331283193
378,-12946.0,-2497.0
379,-12939.918770280743,-2502.231055142991
380,-12863.0,-2560.0
381,-12855.644253985616,-2564.8257685443914
382,-12808.0,-2594.0
383,-12793.993620194553,-2601.948592120629
384,-12713.0,-2641.0
385,-12678.714073222574,-2655.9002051368725
386,-12632.0,-2675.0
387,-12572.108950967955,-2696.0152325740037
388,-12539.0,-2707.0
389,-12449.0,-2738.0
390,-12435.892186903307,-2742.6860280091532
391,-12374.066935124594,-2772.5632561045873
392,-12367.0,-2778.0
393,-12295.0,-2848.0
394,-12271.755828559724,-2881.1425176776547
395,-12270.0,-2885.0
396,-12240.0,-2956.0
397,-12233.470558722707,-2974.31097352106
398,-12221.0,-3015.0
399,-12219.409522737607,-3020.704300357123
400,-12205.355159442815,-3077.91529357146
401,-12204.0,-3084.0
402,-12192.0,-3142.0
403,-12181.0,-3204.0
404,-12176.846008642124,-3228.96201065878
405,-12154.0,-3371.0
406,-12152.695191249304,-3379.0594797008384
407,-12136.689639192293,-3470.9478417866726
408,-12128.0,-3508.0
409,-12108.0,-3577.0
410,-12104.786301542908,-3585.4663317306267
411,-12073.0,-3649.0
412,-12053.284332716039,-3677.8571892719237
413,-12007.0,-3730.0
414,-11864.904126990617,-3855.595600562212
415,-11844.0,-3873.0
416,-11758.148456728613,-3941.8484061202175
417,-11702.0,-3986.0
418,-11663.91200766115,-4016.8397551834278
419,-11614.96258824257,-4057.406666631331
420,-11580.0,-4086.0
421,-11485.18642485804,-4164.969087912315
422,-11473.0,-4176.0
423,-11300.470436497315,-4341.541879306994
424,-11300.0,-4342.0
425,-11257.356042177387,-4383.582524483374
426,-11217.0,-4440.0
427,-11198.697130089546,-4466.00066955092
428,-11133.0,-4560.0
429,-11075.367291628852,-4649.603414381723
430,-11047.0,-4697.0
431,-10981.0,-4787.0
432,-10910.0,-4856.0
433,-10855.0,-4889.0
434,-10843.23504920639,-4892.816906755066
435,-10792.0,-4906.0
436,-10758.68238731305,-4908.520585589645
437,-10741.0,-4898.0
438,-10732.410233636167,-4892.686463324907
439,-10682.0,-4860.0
440,-10664.325146514208,-4843.503090923512
441,-10658.0,-4832.0
442,-10650.183448702075,-4819.4373617797255
443,-10635.0,-4795.0
444,-10628.142843998963,-4782.850463811314
445,-10617.0,-4759.0
446,-10602.022372477237,-4719.678942554701
447,-10595.0,-4700.0
448,-10574.660890741317,-4630.235744675195
449,-10569.0,-4604.0
450,-10568.118381643555,-4599.83910851046
451,-10549.98176783698,-4511.197143067986
452,-10547.0,-4496.0
453,-10542.196934100048,-4471.048508305055
454,-10532.0,-4412.0
455,-10527.282152098569,-4381.815331523907
456,-10512.0,-4279.0
457,-10506.247708421906,-4237.654372093122
458,-10500.557703857976,-4189.219781966228
459,-10494.0,-4138.0
460,-10489.25067329125,-4103.516791625463
461,-10484.0,-4065.0
462,-10473.0,-3979.0
463,-10463.67525207621,-3909.7558603205425
464,-10452.0,-3827.0
465,-10438.0,-3732.0
466,-10436.358184972454,-3721.578872814218
467,-10431.0,-3688.0
468,-10416.986348987028,-3594.437032294289
469,-10409.0,-3542.0
470,-10367.093576045441,-3280.5770735167453
471,-10367.0,-3280.0
472,-10353.527352583815,-3197.135487748502
473,-10349.0,-3169.0
474,-10333.61489357891,-3072.9194174901295
475,-10310.0,-2926.0
476,-10307.851603598589,-2912.7762828600553
477,-10289.133208331326,-2799.5053308189144
478,-10272.0,-2700.0
479,-10269.924023286589,-2688.1256967956424
480,-10243.0,-2536.0
481,-10240.632490506643,-2522.7246935269623
482,-10223.0,-2426.0
483,-10212.0,-2370.0
484,-10176.220018272978,-2192.805442356499
485,-10148.0,-2057.0
486,-10144.574419243436,-2040.962498214713
487,-10110.245302253717,-1892.7425731743558
488,-10091.0,-1810.0
489,-10087.762661482122,-1795.716743304665
490,-10081.0,-1766.0
491,-10041.0,-1604.0
492,-10008.517957900945,-1479.3489218802615
493,-9989.0,-1407.0
494,-9949.0,-1264.0
495,-9918.938907290509,-1161.8161761283168
496,-9888.0,-1061.0
497,-9858.006644219007,-968.0039143461826
498,-9818.0,-849.0
499,-9777.0,-729.0
500,-9767.584044214052,-701.9388377425331
501,-9719.0,-567.0
502,-9650.0,-382.0
503,-9626.280149636199,-319.0762061767938
504,-9613.770168125711,-287.62512665628475
505,-9604.0,-264.0
506,-9574.25558533877,-192.7151345399974
507,-9546.0,-127.0
508,-9517.475296414234,-65.83198544296661
509,-9484.15562905826,-8.235342144516803
510,-9484.0,-8.0
511,-9457.388569575874,28.794259588387266
512,-9446.0,42.0
513,-9426.0,62.0
514,-9385.209493843455,93.86194464784495
515,-9385.0,94.0
516,-9344.0,115.0
517,-9338.712132471454,116.61159186464083
518,-9270.832519916987,125.993115384207
519,-9236.0,127.0
520,-9209.092606524018,124.38820343909349
521,-9187.0,118.0
522,-9174.21128327779,114.10763882202147
523,-9133.0,100.0
524,-9123.237408688401,95.87961978792384
525,-9089.0,79.0
526,-9055.713554421567,60.1319272023303
527,-9022.0,39.0
528,-9007.819096877329,29.61637132249107
529,-8959.0,-5.0
530,-8919.412658433386,-35.71713413046544
531,-8909.0,-44.0
532,-8878.217672518193,-68.75534776470522
533,-8862.0,-82.0
534,-8801.0,-133.0
535,-8789.438361421819,-142.80987547976133
536,-8754.0,-173.0
537,-8677.0,-239.0
538,-8646.588174145485,-266.0061099184567
539,-8631.0,-280.0
540,-8588.011883720448,-319.0977149231904
541,-8519.0,-383.0
542,-8460.0,-438.0
543,-8400.0,-496.0
544,-8338.0,-556.0
545,-8325.610025054648,-567.828887109201
546,-8285.0,-606.0
547,-8217.838023309636,-668.2966722476488
548,-8097.0,-779.0
549,-8006.719393491565,-858.9121671740779
550,-7935.2625986099265,-918.6639207167179
551,-7902.0,-946.0
552,-7857.268921192014,-982.3369967542235
553,-7813.0,-1017.0
554,-7757.118246298967,-1059.1831577995972
555,-7647.123334078091,-1137.5965746229972
556,-7636.0,-1145.0
557,-7557.979714443986,-1194.1280765972772
558,-7501.0,-1227.0
559,-7394.0,-1282.0
560,-7332.0,-1309.0
561,-7268.30886039285,-1334.2207585072
562,-7111.6575548052415,-1384.8315340859313
563,-7111.0,-1385.0
564,-7002.0,-1408.0
565,-6904.277549397777,-1422.9366114351442
566,-6789.0,-1437.0
567,-6680.591501930573,-1445.9673432071
568,-6631.0,-1449.0
569,-6547.497790891925,-1453.8478542674898
570,-6441.0,-1460.0
571,-6338.859584632743,-1466.2576366320834
572,-6265.0,-1471.0
573,-6191.977598377078,-1475.8562135774778
574,-6072.0,-1484.0
575,-6042.7345229115035,-1485.9681897528253
576,-5907.0,-1495.0
577,-5831.0,-1500.0
578,-5759.17372571502,-1504.7057146484403
579,-5594.098312711481,-1515.5347371168664
580,-5557.0,-1518.0
581,-5305.554913451466,-1535.2607438710018
582,-5264.0,-1538.0
583,-5124.0,-1547.0
584,-5029.356833317191,-1553.1385088224579
585,-4952.0,-1558.0
586,-4907.200023347185,-1560.6612179934873
587,-4811.0,-1566.0
588,-4597.357102170975,-1577.0501934114905
589,-4559.0,-1579.0
590,-4380.382566343718,-1587.7446403423937
591,-4352.0,-1589.0
592,-4256.0,-1593.0
593,-4170.008203207669,-1595.7984874059814
594,-4113.0,-1597.0
595,-3904.0,-1599.0
596,-3855.139312848192,-1599.8144413650546
597,-3630.0,-1606.0
598,-3469.0,-1611.0
599,-3373.0,-1613.0
600,-3242.0,-1618.0
601,-3124.0,-1624.0
602,-2948.4973642389255,-1637.2187300334301
603,-2890.0,-1642.0
604,-2784.598857907774,-1653.042120328839
605,-2767.0,-1656.0
606,-2698.0,-1669.0
607,-2637.0,-1687.0
608,-2630.7769034966263,-1689.3481652627725
609,-2574.0,-1717.0
610,-2564.0742515020097,-1723.498365671226
611,-2521.742703098862,-1761.8844132453214
612,-2507.0,-1783.0
613,-2476.0,-1850.0
614,-2470.9389056522514,-1864.6873869063584
615,-2446.9060363612803,-1960.3450515221098
616,-2440.0,-1992.0
617,-2434.955236621393,-2015.0788716952943
618,-2423.4782342804433,-2054.6499736699343
619,-2409.0,-2090.0
620,-2370.1980849939036,-2178.567875751841
621,-2370.0,-2179.0
622,-2337.1653771603874,-2242.0216037499467
623,-2313.0,-2277.0
624,-2309.753034926541,-2281.667902742498
625,-2257.0,-2352.0
626,-2235.163094257813,-2375.018005527061
627,-2155.1646069004923,-2440.9969242384104
628,-2071.1735944046804,-2494.444977509962
629,-2046.0,-2508.0
630,-2022.2381225029867,-2519.424520071112
631,-1946.0,-2546.0
632,-1872.3772435853116,-2564.6122586722795
633,-1844.0,-2571.0
634,-1734.0,-2590.0
635,-1671.8439395324788,-2596.343187522856
636,-1557.0,-2605.0
637,-1547.2886132794158,-2605.6295780715172
638,-1466.8643961285384,-2608.7877420299506
639,-1452.0,-2609.0
640,-1320.0,-2610.0
641,-1124.6306024955177,-2611.6437257517778
642,-1094.0,-2612.0
643,-1002.9459337110615,-2614.5383088613135
644,-988.0,-2615.0
645,-925.1108152661182,-2616.6054810807977
646,-805.0,-2620.0
647,-717.8457583737805,-2623.8173735825203
648,-693.0,-2625.0
649,-617.1290566477512,-2628.656712256411
650,-514.0,-2634.0
651,-396.0,-2641.0
652,-326.61785632171006,-2645.2930543267516
653,-286.0,-2648.0
654,-123.0,-2660.0
655,-105.00870858017502,-2661.1272140276824
656,109.43899864301447,-2671.998224811793
657,148.0,-2673.0
658,315.30674834713744,-2668.0511773096946
659,366.0,-2663.0
660,392.94614731891454,-2659.630981365977
661,482.34653027707134,-2642.032705533398
662,562.0,-2612.0
663,604.0,-2593.0
664,613.459549014326,-2588.5272218862906
665,774.0,-2472.0
666,817.9065709089786,-2425.380026706824
667,891.0,-2344.0
668,928.8105689423942,-2300.4637071596258
669,942.0862729584006,-2275.967155876251
670,950.0,-2263.0
671,986.5545194531594,-2205.847996476184
672,1000.0,-2184.0
673,1065.8944285118037,-2059.2892056811665
674,1071.0,-2048.0
675,1119.0,-1926.0
676,1146.124453839985,-1839.4638725152001
677,1161.0,-1773.0
678,1174.3841092860907,-1692.3114205599427
679,1191.0,-1560.0
680,1196.9971373840062,-1479.2871912448045
681,1196.0,-1405.0
682,1195.245939222925,-1380.1085380664504
683,1188.6920849859564,-1229.737874542524
684,1187.0,-1202.0
685,1169.0112035055495,-1022.8119956618402
686,1166.0,-1000.0
687,1148.056840589291,-875.2821672511118
688,1146.0,-862.0
689,1128.0,-751.0
690,1105.589812837431,-616.6172150441521
691,1093.0,-542.0
692,1085.572143365613,-498.24128756007525
1,1034.0,-183.0
2,1024.6480728427416,-126.74733829958602
3,1004.0,2.0
4,992.3142931247914,76.92371521521812
5,959.0,294.0
6,946.1957490536859,375.6317059987917
7,936.0,442.0
8,934.1061782423975,454.661073379433
9,912.0607024956148,605.3044409670929
10,903.0,668.0
11,881.0368481323624,820.8899762380786
12,879.0,835.0
13,859.0,974.0
14,830.5337692744885,1182.2029874230004
15,819.0,1269.0
16,809.1311159921427,1346.509928553355
17,802.0,1403.0
18,788.078533242978,1508.1105721090935
19,766.0,1679.0
20,743.7745816834736,1859.7272961658405
21,738.0,1907.0
22,711.7722367225514,2121.904312699508
23,701.0,2215.0
24,695.2904254081304,2266.4673829557037
25,674.0,2460.0
26,651.3773144743353,2657.1918318580606
27,644.0,2721.0
28,624.0810352208366,2889.8902883283763
29,611.0,2973.0
30,601.4458109588385,3026.4482463880313
31,589.0,3092.0
32,561.0,3216.0
33,560.6870239253597,3217.094946438186
34,506.0,3364.0
35,480.13753984400375,3412.8487587827904
36,426.0,3486.0
37,399.4848366124651,3513.808185360369
38,366.0,3541.0
39,365.7541113250119,3541.17794071667
40,258.0,3597.0
41,191.66183172442396,3615.673187688479
42,128.0,3631.0
43,82.82814233640121,3640.9316991187543
44,39.8610583704343,3647.2659113620293
45,5.0,3654.0
46,-26.962363060523234,3661.1370076191834
47,-43.0,3665.0
48,-91.33320558380736,3678.2187056240655
49,-116.0,3687.0
50,-201.1145522298902,3727.856203355188
51,-272.7764581034937,3770.3268175425624
52,-280.0,3775.0
53,-344.2391040651893,3823.713357039299
54,-394.0,3867.0
55,-414.0,3884.0
56,-440.14722423082605,3906.8149311011366
57,-482.0,3944.0
58,-556.839296544842,4004.6324313662067
59,-563.0,4009.0
60,-626.2275021649065,4049.9320688569937
61,-638.0,4057.0
62,-713.0,4085.0
63,-719.4301662866803,4085.5644682162138
64,-780.084720274341,4086.806145318526
65,-820.0,4085.0
66,-830.4233497569415,4083.934771921581
67,-875.0,4069.0
68,-883.0655563727208,4065.2046091173793
69,-929.0,4040.0
70,-929.2223927625165,4039.8437263361047
71,-946.0,4027.0
72,-966.2328113719445,4010.104773923752
73,-991.0,3981.0
74,-1007.6772297340658,3955.906989966145
75,-1040.0,3902.0
76,-1045.4480186269666,3892.2543513884484
77,-1062.0,3850.0
78,-1063.6611186474975,3845.1650122616993
79,-1087.0,3774.0
80,-1090.5144043225598,3760.4006193546866
81,-1099.0,3723.0
82,-1104.3194254373923,3699.530164734485
83,-1116.4732230336747,3632.4197137312267
84,-1119.0,3611.0
85,-1131.0,3485.0
86,-1133.7596096619354,3454.2030393190416
87,-1135.8244904514104,3410.9928684315396
88,-1131.0,3354.0
89,-1124.7622296384466,3280.350383150677
90,-1115.0,3184.0
91,-1103.0882681777484,3107.8196128211457
92,-1085.7834946379087,3035.010855066568
93,-1080.0,3012.0
94,-1067.7203271448514,2964.4304530158843
95,-1041.0,2876.0
96,-1023.9675734415822,2826.3047962276455
97,-992.0,2738.0
98,-991.7935073477469,2737.4496169014355
99,-945.0,2618.0
100,-931.2647319852147,2584.187699546974
101,-895.0,2496.0
102,-850.0,2387.0
103,-849.7486188326864,2386.4099835085594
104,-818.0,2313.0
105,-786.4199912158102,2239.431934772324
106,-758.0,2172.0
107,-724.6394164110662,2090.30040160798
108,-695.0,2015.0
109,-651.603590823497,1903.3215372740672
110,-628.0,1842.0
111,-599.7802384183877,1767.2631684887865
112,-565.0,1657.0
113,-530.6554555136311,1544.685976441082
114,-508.0,1461.0
115,-459.376723312771,1223.8858368075425
116,-450.0,1170.0
117,-439.15035704397224,1091.449742078799
118,-436.0,1049.0
119,-429.0,888.0
120,-429.67061571582644,845.4837453358455
121,-437.525805515627,737.4574955331262
122,-454.90035411161955,620.1160437123835
123,-464.0,571.0
124,-469.53557516017383,546.6857452753618
125,-489.2088360613206,502.04833565046465
126,-497.0,490.0
127,-576.5840734119577,384.2412605422812
128,-602.0,355.0
129,-625.1599100208862,331.5424951337458
130,-715.0,281.0
131,-741.0051305556605,269.35660225207505
132,-784.0,251.0
133,-807.4829396264449,242.032481715319
134,-838.0,232.0
135,-1012.0,189.0
136,-1068.3781485756642,178.5277001148284
137,-1228.0,160.0
138,-1236.7145151314803,159.30879861903753
139,-1298.9205487669462,155.47962521682157
140,-1364.0,153.0
141,-1444.1585955908295,151.27774679186658
142,-1485.0,152.0
143,-1653.6592446894074,160.13958659145877
144,-1701.0,163.0
145,-1812.4276118826242,172.8573317416119
146,-1853.0,177.0
147,-1911.4698961990923,182.4539895318196
148,-1961.0,187.0
149,-2078.6209484320266,197.9608066612715
150,-2090.0,199.0
151,-2190.0,208.0
152,-2299.0,218.0
153,-2558.0,240.0
154,-2610.0617520603982,244.38737450662012
155,-2762.0,257.0
156,-2788.0977041662877,259.0679176900087
157,-2901.0,268.0
158,-2955.8950916208255,272.51252946264793
159,-3024.0,278.0
160,-3101.0342379017575,283.6860009047143
161,-3163.0,288.0
162,-3311.0,298.0
163,-3337.3535545158793,300.0241122769185
164,-3537.0,317.0
165,-3810.0,338.0
166,-3848.6506152197458,340.9807032343214
167,-3923.9715431704135,347.1887688413934
168,-3934.0,348.0
169,-4059.0,358.0
170,-4137.534448823291,364.4518799902679
171,-4281.331540748124,376.55450543205694
172,-4311.0,379.0
173,-4454.0,391.0
174,-4471.617014872556,392.6541606978098
175,-4582.0,404.0
176,-4665.986812172302,413.22072790853554
177,-4826.18531651822,432.32212322244357
178,-4839.0,434.0
179,-4972.503196097076,455.8120044298664
180,-4992.0,460.0
181,-5249.4858400327075,521.7717469071806
182,-5287.0,531.0
183,-5344.583098509205,548.2076622484817
184,-5365.0,557.0
185,-5645.496602195964,674.9395387087809
186,-5664.0,683.0
187,-5805.235460539137,753.6485598539558
188,-5879.0,798.0
189,-5934.729059710151,830.0841426468965
190,-6011.0,874.0
191,-6144.369521523288,953.5441701212678
192,-6185.0,978.0
193,-6278.279280944136,1034.0485327653123
194,-6308.0,1052.0
195,-6628.0,1247.0
196,-6642.909152210763,1256.0999570044098
197,-6740.073496521462,1315.4489615758862
198,-6802.0,1354.0
199,-6886.8410802774815,1407.4133446512178
200,-6946.0,1445.0
201,-7004.929112455462,1482.791007266489
202,-7047.0,1510.0
203,-7117.726443881149,1556.1958537269734
204,-7255.582335500032,1647.086932161541
205,-7283.0,1665.0
206,-7398.0,1740.0
207,-7515.0,1819.0
208,-7515.688582461694,1819.4730129673146
209,-7692.0,1940.0
210,-7692.678434862268,1940.4298340891194
211,-7830.0,2022.0
212,-7830.585598586554,2022.325648316348
213,-7925.782911149099,2067.7378843875485
214,-7993.0,2090.0
215,-8003.111966428545,2093.3288851732696
216,-8113.0,2127.0
217,-8134.655310174018,2131.9886039720545
218,-8211.830575548793,2142.8161034089903
219,-8271.0,2146.0
220,-8328.964430328211,2141.788167430518
221,-8357.0,2134.0
222,-8413.0,2115.0
223,-8418.939463712211,2112.5662803396544
224,-8459.0,2092.0
225,-8491.696817391268,2069.9512750445965
226,-8523.0,2046.0
227,-8533.167356453087,2037.6912178951193
228,-8571.0,2003.0
229,-8664.0,1900.0
230,-8731.415284420284,1813.8944909637687
231,-8735.0,1809.0
232,-8781.0,1744.0
233,-8831.769706236451,1665.935292859921
234,-8870.0,1606.0
235,-8895.395396229404,1565.9174511199574
236,-8929.0,1506.0
237,-8947.200257524535,1471.1806189180043
238,-8971.0,1425.0
239,-8990.450414230061,1386.0902182281916
240,-9003.0,1360.0
241,-9080.984794987085,1191.0942367730058
242,-9091.0,1169.0
243,-9130.265784680038,1079.9215817599315
244,-9153.0,1026.0
245,-9160.186888738985,1008.9123627302882
246,-9200.280037863156,914.4760403104468
247,-9204.0,906.0
248,-9247.0,813.0
249,-9256.64151788289,793.3015364288582
250,-9284.0,742.0
251,-9293.44060267906,725.9127298691063
252,-9328.0,670.0
253,-9367.068505005436,617.8212354306206
254,-9375.0,609.0
255,-9408.0,576.0
256,-9442.121297250413,554.1732460654325
257,-9494.0,530.0
258,-9515.950052833861,524.3142967598313
259,-9533.0,525.0
260,-9557.8190313567,526.7004232125115
261,-9592.0,536.0
262,-9624.296166182377,551.5774791859468
263,-9654.0,568.0
264,-9674.26318683258,579.8781891487728
265,-9705.0,605.0
266,-9731.411373810735,628.3986307105718
267,-9743.0,639.0
268,-9768.756326157862,663.8078171942539
269,-9779.0,674.0
270,-9823.0,720.0
271,-9837.743425283705,736.9409796367423
272,-9864.0,768.0
273,-9868.23806993365,772.9687817638322
274,-9915.0,829.0
275,-9915.401297231268,829.5218049086596
276,-9947.653873302716,873.7778923701147
277,-9955.0,884.0
278,-9974.0,910.0
279,-10012.0,959.0
280,-10018.567904578997,967.4027593976472
281,-10093.56151081346,1063.437428544821
282,-10136.0,1117.0
283,-10158.376500453664,1143.7211395801255
284,-10178.0,1166.0
285,-10213.346612374224,1206.8273463670248
286,-10246.0,1244.0
287,-10320.633847682717,1323.6486241488074
288,-10328.0,1331.0
289,-10493.0,1484.0
290,-10493.389242201925,1484.330242013751
291,-10542.237207068098,1522.2812670515264
292,-10592.0,1551.0
293,-10618.694660438316,1565.4459576016975
294,-10678.0,1595.0
295,-10753.0,1624.0
296,-10768.15159706278,1628.9570244196123
297,-10826.0,1645.0
298,-10899.0,1657.0
299,-10931.0,1659.0
300,-10931.390407632145,1659.0105037377962
301,-11015.0,1651.0
302,-11068.34339902152,1636.0572457410328
303,-11114.0,1618.0
304,-11160.144852565058,1595.359655205862
305,-11197.0,1574.0
306,-11231.1481101635,1550.9102812390522
307,-11248.0,1538.0
308,-11302.0,1490.0
309,-11313.609301508874,1477.9261271593698
310,-11351.0,1435.0
311,-11378.203103520285,1402.7940286611974
312,-11394.0,1383.0
313,-11446.0,1310.0
314,-11451.241074932144,1302.295906874464
315,-11500.0,1228.0
316,-11500.253460003669,1227.5971938463315
317,-11552.866310077807,1140.5367819082542
318,-11563.0,1123.0
319,-11633.751244716908,993.4174164901591
320,-11644.0,974.0
321,-11697.0,872.0
322,-11706.268566158536,853.7462016081291
323,-11771.0,724.0
324,-11786.870348328692,692.8421093208017
325,-11874.0,523.0
326,-11897.472910500283,477.12355831189296
327,-11935.719588542212,401.92171973752505
328,-11959.0,357.0
329,-12066.0,152.0
330,-12080.525693618325,124.5569572519603
331,-12119.582032813625,53.42458937656617
332,-12157.0,-15.0
333,-12163.593527020643,-27.335593067092518
334,-12211.0,-116.0
335,-12256.092311911456,-196.44819185827515
336,-12291.0,-258.0
337,-12370.706345396007,-400.92043408841295
338,-12385.0,-427.0
339,-12419.737491320264,-491.9387756461
340,-12457.0,-563.0
341,-12457.285515061742,-563.5332563043964
342,-12531.0,-699.0
343,-12538.273089594257,-712.2942937759076
344,-12593.006882934911,-811.8372662336625
345,-12614.0,-849.0
346,-12710.0,-1010.0
347,-12730.0,-1041.0
348,-12737.38494117438,-1052.3476032160347
349,-12820.322883261331,-1178.5271430268747
350,-12862.0,-1241.0
351,-12886.479870052564,-1277.3209623215046
352,-12947.0,-1368.0
353,-12976.965162757064,-1415.5769266053649
354,-13032.0,-1507.0
355,-13067.37445187888,-1567.3277939889238
356,-13094.0,-1613.0
357,-13130.0,-1675.0
358,-13130.238852189274,-1675.4285710880815
359,-13164.0,-1741.0
360,-13177.82522261875,-1772.8717292374895
361,-13193.0,-1820.0
362,-13202.0,-1888.0
363,-13202.747355748968,-1905.3706946748307
364,-13198.581326665959,-1988.1627579139847
365,-13192.0,-2036.0
366,-13181.0,-2092.0
367,-13178.914522171566,-2100.834810079229
368,-13163.0,-2160.0
369,-13147.124571772569,-2208.9757662787442
370,-13117.0,-2272.0
371,-13058.0,-2372.0
372,-13052.629017555711,-2380.774795820552
373,-13000.0,-2445.0
374,-12999.658669945236,-2445.303295928084
375,-12922.81020465904,-2510.034880396903
376,-12845.0,-2572.0
377,-12820.733362141684,-2589.7729383393266
378,-12771.0,-2614.0
379,-12748.73437714941,-2624.2941714564313
380,-12667.0,-2661.0
381,-12620.427398140342,-2678.955352112582
382,-12595.0,-2688.0
383,-12537.037911830605,-2706.8310691543834
384,-12465.0,-2732.0
385,-12455.400983353113,-2735.995377545377
386,-12363.0,-2781.0
387,-12336.281054653966,-2798.437482172512
388,-12302.0,-2838.0
389,-12281.025181345465,-2868.089836471846
390,-12278.0,-2873.0
391,-12239.0,-2958.0
392,-12229.045444318199,-2987.436277341592
393,-12215.0,-3039.0
394,-12201.0,-3098.0
395,-12198.07035227841,-3111.0857531644288
396,-12187.0,-3168.0
397,-12185.934658080854,-3175.2596217480323
398,-12184.0,-3189.0
399,-12171.944641336258,-3260.3791341285655
400,-12162.0,-3318.0
401,-12150.305640370618,-3394.20024121997
402,-12149.0,-3402.0
403,-12132.0,-3490.0
404,-12121.185649333609,-3534.40572907155
405,-12102.0,-3593.0
406,-12095.0,-3609.0
407,-12090.953571361119,-3617.294202879779
408,-12034.0,-3700.0
409,-12000.48390679217,-3735.9664859640798
410,-11957.0,-3777.0
411,-11926.021481647229,-3804.378449499498
412,-11863.0,-3857.0
413,-11766.0,-3935.0
414,-11765.587568857407,-3935.328399155428
415,-11707.0,-3982.0
416,-11623.579961914094,-4049.6631558194936
417,-11553.0,-4108.0
418,-11492.484735664977,-4159.126435541551
419,-11410.11201831078,-4233.239424824715
420,-11403.0,-4240.0
421,-11330.41889319232,-4311.462541184708
422,-11247.075524040434,-4402.526745443706
423,-11232.0,-4421.0
424,-11147.376005588667,-4539.710212985765
425,-11109.0,-4599.0
426,-11087.099079854024,-4633.805161757929
427,-11055.77427429338,-4685.258262791367
428,-11030.0,-4722.0
429,-11016.22181842476,-4740.032851797507
430,-10953.68193879544,-4814.59884050365
431,-10929.0,-4841.0
432,-10916.004263247734,-4853.309774392399
433,-10887.0,-4872.0
434,-10866.763026547867,-4882.326361413548
435,-10821.0,-4901.0
436,-10812.138575607996,-4903.187234319267
437,-10777.0,-4906.0
438,-10764.59794734418,-4905.200629613084
439,-10743.0,-4900.0
440,-10693.922878918293,-4871.74580993683
441,-10690.0,-4869.0
442,-10669.53100284192,-4851.66878476147
443,-10656.0,-4829.0
444,-10652.452363508099,-4823.82642450041
445,-10641.0,-4807.0
446,-10620.0,-4767.0
447,-10618.223816384892,-4763.079728200255
448,-10605.0,-4730.0
449,-10603.631244408309,-4726.102648171576
450,-10594.0,-4696.0
451,-10588.992995033836,-4679.749591216792
452,-10575.0,-4630.0
453,-10573.662625560015,-4624.484327477428
454,-10563.0,-4576.0
455,-10553.680272965978,-4527.102706487093
456,-10549.0,-4503.0
457,-10539.71758598871,-4456.860750377619
458,-10536.0,-4437.0
459,-10530.743578143773,-4405.147580177705
460,-10526.0,-4374.0
461,-10518.353489388064,-4325.482120712025
462,-10506.0,-4239.0
463,-10498.982653943895,-4176.196049817603
464,-10498.0,-4168.0
465,-10488.0,-4094.0
466,-10483.47699344106,-4057.958070498889
467,-10474.0,-3983.0
468,-10468.335090040266,-3945.0724387857194
469,-10467.0,-3936.0
470,-10451.0,-3819.0
471,-10450.911441807644,-3818.378203185375
472,-10420.0,-3615.0
473,-10385.0,-3396.0
474,-10362.0,-3252.0
475,-10351.7682833873,-3187.1396155322846
476,-10335.944562626584,-3082.0580754670236
477,-10327.0,-3026.0
478,-10318.567050704292,-2974.526000546827
479,-10308.0,-2910.0
480,-10295.798820556747,-2833.170180014345
481,-10283.0,-2759.0
482,-10270.987079363584,-2692.8011297634557
483,-10251.0,-2584.0
484,-10235.8456737608,-2498.2657340763044
485,-10219.0,-2406.0
486,-10215.338121182971,-2387.418626210854
487,-10155.0,-2089.0
488,-10154.714532892092,-2087.6173618793514
489,-10136.0,-2003.0
490,-10133.886820695725,-1993.8350276968074
491,-10082.0,-1772.0
492,-10065.486964693939,-1704.7255778855933
493,-10014.0,-1499.0
494,-10003.468556637075,-1457.3633620680744
495,-9991.0,-1414.0
496,-9976.864147685326,-1364.5990487342424
497,-9942.0,-1243.0
498,-9922.137548701277,-1174.4281983649873
499,-9882.597586533966,-1043.609056763809
500,-9843.0,-924.0
501,-9772.0,-716.0
502,-9759.009360641121,-678.2841918174599
503,-9720.0,-570.0
504,-9696.706856263665,-506.27941198567845
505,-9677.0,-453.0
506,-9658.987738064443,-405.59732283346483
507,-9639.0,-354.0
508,-9604.822851715662,-265.55546838348783
509,-9587.0,-221.0
510,-9569.255631633048,-178.6415847449637
511,-9556.0,-148.0
512,-9516.0,-64.0
513,-9497.55308194524,-32.331788812994056
514,-9451.0,36.0
515,-9393.048254652105,88.66853028022187
516,-9379.0,98.0
517,-9339.7914589391,117.47441266958164
518,-9325.0,121.0
519,-9284.764527169607,126.9197820916999
520,-9252.0,128.0
521,-9230.842322969525,126.27126341784415
522,-9201.0,121.0
523,-9181.385954952902,116.3407996497325
524,-9163.0,111.0
525,-9145.113020108825,104.7298606494053
526,-9111.618149675662,89.84250542458999
527,-9094.0,81.0
528,-9055.64302627935,60.1121083603139
529,-9047.0,55.0
530,-9005.0,27.0
531,-8997.99479621996,21.938746477454547
532,-8933.401297120858,-26.271710893779552
533,-8906.0,-47.0
534,-8877.083323019944,-69.04548428793277
535,-8858.430156079683,-83.98322447033907
536,-8836.0,-103.0
537,-8825.350930412229,-112.11889438502283
538,-8815.0,-121.0
539,-8732.0,-192.0
540,-8731.382656154801,-192.52124062213375
541,-8673.0,-242.0
542,-8577.635247789129,-327.72455653220976
543,-8550.0,-353.0
544,-8488.0,-411.0
545,-8330.0,-563.0
546,-8274.151121456724,-616.6753014461073
547,-8244.0,-645.0
548,-8230.048939160391,-658.030617974938
549,-8125.0,-754.0
550,-8089.0,-785.0
551,-8047.913735459654,-820.2396944465794
552,-7888.953894773275,-955.5823185754437
553,-7880.0,-963.0
554,-7796.184667042164,-1029.4953132601083
555,-7755.0,-1060.0
556,-7659.4071962187945,-1128.350888246584
557,-7617.0,-1157.0
558,-7534.0,-1208.0
559,-7484.528670826047,-1234.918681641492
560,-7338.0,-1306.0
561,-7238.615463572363,-1345.7583692912922
562,-7205.0,-1357.0
563,-7142.29688630953,-1375.702069153786
564,-7047.0,-1399.0
565,-6972.806974619078,-1412.9147342197875
566,-6915.0,-1422.0
567,-6732.0,-1442.0
568,-6521.0,-1455.0
569,-6241.671848130525,-1472.9748003346608
570,-6226.0,-1474.0
571,-6118.903835462609,-1480.9658220600872
572,-6043.0,-1486.0
573,-5910.852375734782,-1494.9090401379813
574,-5865.0,-1498.0
575,-5759.3367410562905,-1505.104309035742
576,-5746.0,-1506.0
577,-5582.14663677803,-1516.9939777060447
578,-5435.531805471251,-1526.8148399032502
579,-5168.777601151363,-1544.3799808522997
580,-5044.771500416411,-1552.2115764299567
581,-4951.0,-1558.0
582,-4819.24160924814,-1565.9450344412485
583,-4728.0,-1571.0
584,-4615.276093654673,-1576.2611537474822
585,-4535.0,-1580.0
586,-4431.107265075092,-1585.1725264488166
587,-4309.0,-1591.0
588,-4141.654379050118,-1595.7449324248628
589,-4045.0,-1597.0
590,-3927.3386375407604,-1598.78165098923
591,-3913.0,-1599.0
592,-3796.0,-1601.0
593,-3762.1880625515805,-1601.8822960087577
594,-3641.0,-1606.0
595,-3609.397165798617,-1606.9878106489787
596,-3424.0,-1612.0
597,-3362.7765121623715,-1613.6796765046556
598,-3236.0,-1618.0
599,-3222.576678734282,-1618.63756217956
600,-3147.0,-1623.0
601,-3017.711192182234,-1631.7822169821452
602,-2974.0,-1635.0
603,-2876.0046614047187,-1643.2191572207366
604,-2809.148914961549,-1650.5604325905651
605,-2797.0,-1652.0
606,-2675.0,-1675.0
607,-2578.0,-1715.0
608,-2571.9147312434598,-1718.2876708777412
609,-2521.6490548677284,-1762.3750509251827
610,-2513.0,-1775.0
611,-2497.694789601605,-1800.5654021645307
612,-2484.0,-1829.0
613,-2468.0,-1878.0
614,-2463.13727078696,-1896.2633057996445
615,-2451.0,-1946.0
616,-2438.9278141610803,-1991.9529085001445
617,-2415.0,-2075.0
618,-2406.2613285070447,-2100.524223496246
619,-2387.0,-2144.0
620,-2386.8631751860335,-2144.286562737772
621,-2365.0,-2189.0
622,-2322.0,-2265.0
623,-2302.499325347113,-2291.311238808255
624,-2230.0,-2380.0
625,-2199.6501307367926,-2415.7672874969808
626,-2155.0,-2445.0
627,-2154.262353518804,-2445.4214990499026
628,-2009.0,-2524.0
629,-1979.2266458882957,-2538.1544375714784
630,-1921.0,-2553.0
631,-1909.8115660933386,-2555.3820400475247
632,-1753.0,-2587.0
633,-1687.751432715897,-2597.8997391903104
634,-1601.0,-2603.0
635,-1599.815512937457,-2603.0522449295804
636,-1408.0,-2610.0
637,-1393.3536310478705,-2610.323719921994
638,-1254.0,-2611.0
639,-1221.1108332799404,-2611.1558132417376
640,-1133.165976877121,-2611.993193330298
641,-1062.0,-2613.0
642,-1010.5601251916305,-2613.86519339149
643,-960.0,-2615.0
644,-885.4344857703866,-2617.572178588921
645,-825.0,-2620.0
646,-700.0,-2625.0
647,-635.7277425195654,-2627.9675335615875
648,-573.0,-2631.0
649,-534.950138046918,-2632.8190317378712
650,-437.0,-2638.0
651,-386.90734017548726,-2641.4694545235643
652,-312.0,-2647.0
653,-155.33063821114814,-2657.9932874582646
654,-99.0,-2662.0
655,-36.98895703953096,-2666.6748924723797
656,48.0,-2670.0
657,48.69215094003956,-2670.0061882205046
658,314.0,-2669.0
659,314.7626376219791,-2668.9798132394303
660,399.20631611923073,-2663.9164655476216
661,472.0,-2642.0
662,537.0758660700426,-2619.709940267338
663,605.0,-2592.0
664,643.5721979953214,-2571.215291944636
665,679.0,-2548.0
666,774.0731011834363,-2470.377085748573
667,835.0,-2410.0
668,893.0,-2342.0
669,911.1152953213254,-2318.644101181015
670,943.0,-2274.0
671,965.7720330458187,-2239.5401323248375
672,1012.0,-2163.0
673,1024.2846280906597,-2140.864087534055
674,1058.0,-2076.0
675,1089.0,-2009.0
676,1089.481561379312,-2007.8546935116183
677,1138.5246302329713,-1862.987815359618
678,1154.0,-1805.0
679,1172.040031500409,-1724.870638097762
680,1182.0,-1652.0
681,1194.0,-1495.0
682,1197.383116423125,-1409.1596937272902
683,1195.0,-1342.0
684,1193.6165609015925,-1312.2634169987757
685,1186.0907684285312,-1189.614229306238
686,1180.0,-1125.0
687,1166.4870174693265,-1004.9458908307627
688,1160.0,-952.0
689,1143.684714324229,-835.2353104147194
690,1131.8914868261174,-771.5726828581975
691,1120.0,-705.0
692,1115.0434622299829,-676.6506975164127
693,1102.0,-601.0
1,1034.0,-185.0
2,1029.0946299549657,-154.69842553241483
3,1022.0,-111.0
4,993.0,68.0
5,976.5233324745058,174.37051623032
6,972.0,204.0
7,935.0,450.0
8,930.4102956755803,480.84363866965015
9,912.0,605.0
10,902.5946130104838,668.4733875656275
11,884.1323254259906,794.1744124101341
12,882.0,809.0
13,862.8032004695534,946.4912921691699
14,860.0,967.0
15,834.0,1159.0
16,831.4628423580099,1177.9597333150277
17,819.8220097233661,1267.4430460363087
18,813.0,1320.0
19,793.8519462187022,1463.79388584782
20,785.0,1531.0
21,776.8778601134964,1593.8233764901613
22,768.0,1664.0
23,723.0,2029.0
24,716.4902444435106,2082.399399256396
25,694.0,2279.0
26,690.7670295517124,2309.548342184287
27,678.0,2430.0
28,668.9432481200913,2511.3102972153456
29,661.0,2580.0
30,651.8187066465186,2657.6325913962887
31,621.0,2904.0
32,612.2339411930939,2965.772511023976
33,585.2700253747155,3115.2403068784333
34,581.0,3135.0
35,552.0,3250.0
36,533.6820841309717,3303.8062396868086
37,519.0,3343.0
38,514.8071326964423,3353.708349002261
39,501.0,3375.0
40,436.0,3475.0
41,411.5310689864925,3506.185276716642
42,347.32577516641186,3555.8545270969453
43,318.0,3571.0
44,301.3462539562164,3579.2879872849953
45,248.0,3600.0
46,197.8979180070861,3613.606262390852
47,142.0,3627.0
48,103.40281479058017,3635.3918016579046
49,66.0,3643.0
50,-4.0,3657.0
51,-20.342539914314717,3660.6067548265632
52,-117.0,3687.0
53,-133.28215321902437,3692.896599452896
54,-196.0,3721.0
55,-273.0,3769.0
56,-285.6770384535461,3777.9405745745325
57,-326.16156398329395,3809.920821328882
58,-344.0,3825.0
59,-372.0,3849.0
60,-407.25209778860585,3879.3566133000677
61,-480.0,3942.0
62,-499.16341104638394,3958.361639236806
63,-530.0,3984.0
64,-569.6768870065443,4014.107405724867
65,-575.0,4018.0
66,-645.5445814679359,4061.19069604989
67,-653.0,4064.0
68,-716.6690017960609,4081.6640800719138
69,-757.0,4090.0
70,-787.3464029158995,4093.3599376846823
71,-811.0,4087.0
72,-866.0,4073.0
73,-871.5305140536584,4070.8533776641084
74,-947.0,4026.0
75,-979.6213864669521,3994.9503749332716
76,-1012.0,3952.0
77,-1014.404861548547,3948.393244841149
78,-1047.9941235904525,3884.4574381504435
79,-1050.0,3880.0
80,-1063.0,3849.0
81,-1070.0842922008849,3828.3525487024613
82,-1099.0,3724.0
83,-1102.9145252421383,3708.288500315184
84,-1121.6370506152994,3619.5101811845934
85,-1129.422801887926,3533.322364371978
86,-1131.0,3491.0
87,-1131.9247558254824,3441.9314881109567
88,-1132.0,3383.0
89,-1128.0,3295.0
90,-1123.7590396842202,3258.019525205024
91,-1103.5212382667357,3120.9581268264446
92,-1102.0,3111.0
93,-1084.6811809471928,3020.3610865504907
94,-1065.0,2956.0
95,-1033.1985905078257,2855.461452956225
96,-1015.0,2799.0
97,-972.7786685148187,2680.0679809168782
98,-945.0,2617.0
99,-923.8285911106113,2565.394873886322
100,-890.0,2483.0
101,-846.0,2380.0
102,-824.5387644555551,2329.3489026045595
103,-782.0,2228.0
104,-772.0324400018101,2204.2261611385925
105,-736.044636064749,2118.0000022280938
106,-727.0,2096.0
107,-673.0,1961.0
108,-667.8992229326037,1947.7218449973348
109,-630.4965647669295,1847.303797699893
110,-626.0,1835.0
111,-587.4822073411696,1727.2191650729878
112,-564.0,1654.0
113,-496.0,1413.0
114,-471.0501047707789,1307.2148739238685
115,-451.0,1180.0
116,-446.21947442616556,1145.1274309489895
117,-436.0,1047.0
118,-429.6104057306955,874.3960051761408
119,-429.0,845.0
120,-432.0,760.0
121,-433.6127034352606,745.3972363465414
122,-452.0,615.0
123,-454.0287427371998,605.9818668540105
124,-464.0,571.0
125,-490.33296190515,510.2514243756788
126,-550.0,408.0
127,-600.7309841411632,347.4548636399993
128,-680.0,299.0
129,-703.0,287.0
130,-739.6062379410341,269.4246029917786
131,-781.0,252.0
132,-855.0,227.0
133,-892.9466590131796,217.128278386111
134,-1019.0,188.0
135,-1178.0,165.0
136,-1347.0,154.0
137,-1437.0,151.0
138,-1445.6038135695803,151.3922183547636
139,-1513.0,154.0
140,-1520.543966817189,154.23944933484427
141,-1624.5892918687257,157.68313317529478
142,-1724.0,165.0
143,-1817.4193612983297,173.20305011623606
144,-1902.0,181.0
145,-1985.9573279682247,189.48027872282034
146,-2011.0,192.0
147,-2051.3386402213273,195.83876852607722
148,-2185.0,208.0
149,-2256.890824174389,214.16485001100526
150,-2338.0,221.0
151,-2536.0,238.0
152,-2575.153228321804,241.43206081506736
153,-2643.044900741965,247.42621534730355
154,-2675.0,250.0
155,-2818.0,261.0
156,-2832.8570293072767,262.20441341741787
157,-2949.134234427515,272.18915238471425
158,-3022.0,278.0
159,-3155.843891939391,286.9799105338891
160,-3200.0,290.0
161,-3320.0,299.0
162,-3410.3543259325775,306.0464181999453
163,-3498.0,313.0
164,-3791.80282309515,336.784387366656
165,-3992.0,353.0
166,-4024.3532231808,355.58167770349723
167,-4096.792292193074,361.097263182862
168,-4180.0,368.0
169,-4483.0,394.0
170,-4514.283987050133,396.79476427145937
171,-4584.730539448973,403.9466679823648
172,-4595.0,405.0
173,-4769.222075762599,424.2204734590118
174,-4789.0,427.0
175,-4987.883589434733,460.69922997223483
176,-5126.0,488.0
177,-5241.932614230534,515.2225938771514
178,-5338.166889927079,547.1201665577893
179,-5363.0,556.0
180,-5519.0,616.0
181,-5590.290649438533,647.8214787101409
182,-5747.0,725.0
183,-5895.112864814771,805.6096118956153
184,-5998.0,866.0
185,-6086.150146520877,918.7079726919221
186,-6115.0,936.0
187,-6290.0,1041.0
188,-6290.7257784155045,1041.4387603245748
189,-6436.0,1130.0
190,-6526.181475920331,1185.5418283446859
191,-6553.0,1202.0
192,-6759.0,1328.0
193,-6815.913420644911,1363.420895416533
194,-6964.0,1456.0
195,-7084.380011500202,1532.148798062555
196,-7181.0,1598.0
197,-7271.1960739408505,1657.3715062333094
198,-7426.0,1759.0
199,-7517.684857485997,1820.5917036595592
200,-7543.0,1838.0
201,-7621.209986490742,1891.980809177775
202,-7691.0,1939.0
203,-7789.531530434101,2000.0082361065017
204,-7827.0,2020.0
205,-7883.7240266492145,2046.4564439146616
206,-7910.0,2058.0
207,-7962.062074164265,2080.4090678997172
208,-8036.0,2105.0
209,-8145.0,2133.0
210,-8163.5533375818095,2137.4824963514443
211,-8203.0,2143.0
212,-8232.87592130208,2140.8636963980834
213,-8301.685204254934,2132.6988836984833
214,-8362.292340113507,2123.5132427111603
215,-8475.04078120652,2081.042473811641
216,-8512.0,2056.0
217,-8523.674715765537,2046.547546853778
218,-8557.0,2016.0
219,-8577.349411369298,1996.2886989010135
220,-8615.289530462547,1957.1297507887587
221,-8620.0,1952.0
222,-8681.0,1880.0
223,-8681.235363493357,1879.7011923245593
224,-8695.0,1862.0
225,-8716.589766790412,1833.952672620343
226,-8761.0,1773.0
227,-8785.55859372191,1737.0760053246327
228,-8823.0,1681.0
229,-8834.107854498825,1664.1047802952282
230,-8911.0,1538.0
231,-8925.542910208882,1512.2236706178865
232,-8935.0,1495.0
233,-8972.53366836094,1421.896216776432
234,-8981.0,1405.0
235,-9005.36421031954,1356.3364009093557
236,-9064.0,1231.0
237,-9126.0,1089.0
238,-9126.333750490427,1088.2310945636457
239,-9171.787513718984,982.9327421576191
240,-9194.0,930.0
241,-9200.351684909932,914.8222341859898
242,-9228.0,852.0
243,-9256.805135483486,794.6047008898449
244,-9278.0,754.0
245,-9308.713866717864,698.2465654797367
246,-9322.0,678.0
247,-9350.0,639.0
248,-9350.221824060149,638.7320482469958
249,-9437.0,555.0
250,-9452.714269397238,542.9266216794082
251,-9476.219855348707,532.4455468452753
252,-9497.0,529.0
253,-9545.409315517638,524.656177157222
254,-9550.0,525.0
255,-9590.0,535.0
256,-9606.747745989545,542.0111873769654
257,-9623.0,550.0
258,-9654.539891365124,567.8444002511344
259,-9673.0,580.0
260,-9713.0,612.0
261,-9723.0,621.0
262,-9810.0,706.0
263,-9845.532967544572,744.762487887378
264,-9874.0,778.0
265,-9876.742720638133,781.2790711957977
266,-9915.478148797412,830.3477234325145
267,-9922.0,839.0
268,-9952.774626733117,880.2635802133149
269,-9969.0,902.0
270,-9992.478747939454,933.2375982674596
271,-10026.0,977.0
272,-10075.597823815784,1040.6454701224552
273,-10101.0,1073.0
274,-10139.588117980762,1121.2591787297347
275,-10156.0,1141.0
276,-10194.102609280231,1185.8010724768376
277,-10247.0,1244.0
278,-10280.344881033703,1279.6307794298973
279,-10371.0,1375.0
280,-10403.817520442473,1407.8483202702846
281,-10425.0,1426.0
282,-10469.570363922376,1464.8790650828817
283,-10503.0,1492.0
284,-10582.059607894476,1544.7323558433866
285,-10589.0,1549.0
286,-10650.0,1583.0
287,-10682.600055471394,1596.7864993567346
288,-10802.0,1639.0
289,-10818.289523415257,1644.5164444479935
290,-10861.415938199661,1655.0158804101845
291,-10882.0,1655.0
292,-10912.027691031402,1654.2147778390447
293,-11028.508237676328,1646.9792732788387
294,-11043.0,1645.0
295,-11105.968206195766,1622.6352446201513
296,-11121.0,1615.0
297,-11172.0,1589.0
298,-11202.729585198349,1571.0853884992803
299,-11272.0,1518.0
300,-11325.035388080087,1464.595744646364
301,-11343.0,1445.0
302,-11412.196857404739,1358.457632571999
303,-11435.0,1326.0
304,-11450.0,1304.0
305,-11474.231265436723,1266.971914260396
306,-11533.064513425938,1172.97330866443
307,-11553.0,1140.0
308,-11592.418055708697,1072.039645726715
309,-11653.791887570387,955.2267588040704
310,-11657.0,949.0
311,-11689.252156121805,886.0402318971079
312,-11707.0,851.0
313,-11763.0,740.0
314,-11777.394240158037,711.6195039927834
315,-11876.0,518.0
316,-11914.705894551276,442.38896980928405
317,-11955.0,364.0
318,-11955.231741788066,363.5471749924759
319,-12007.0,263.0
320,-12047.502412430995,186.42064629440728
321,-12105.0,79.0
322,-12146.58152241886,1.7334637992589883
323,-12207.0,-108.0
324,-12243.08736371575,-172.35958759350083
325,-12267.0,-215.0
326,-12382.0,-421.0
327,-12382.370004916933,-421.67106071389355
328,-12428.0,-508.0
329,-12455.455059640675,-559.256774649798
330,-12543.0,-721.0
331,-12628.0,-873.0
332,-12628.595208562505,-873.9971580480285
333,-12726.0,-1034.0
334,-12759.24132378887,-1087.635813215408
335,-12813.760457082679,-1169.109607908564
336,-12855.0,-1230.0
337,-12925.438452249664,-1337.4620438665295
338,-12983.0,-1427.0
339,-13010.24664624645,-1470.6906385255777
340,-13052.0,-1541.0
341,-13068.387185086856,-1568.4470705505069
342,-13096.0,-1615.0
343,-13121.552526330135,-1659.6064271349887
344,-13156.33689077904,-1725.386774080004
345,-13160.0,-1733.0
346,-13186.0,-1796.0
347,-13188.46991335835,-1804.2560053572142
348,-13200.7600387643,-1883.0722597781112
349,-13202.0,-1906.0
350,-13200.0,-1978.0
351,-13190.70817065593,-2037.941762704641
352,-13172.701057177654,-2120.3121737410124
353,-13169.0,-2136.0
354,-13144.0,-2213.0
355,-13138.642227362947,-2225.388770543429
356,-13112.0,-2283.0
357,-13075.206142521934,-2348.4641655538376
358,-13060.0,-2370.0
359,-12987.077417201006,-2457.3815051417105
360,-12981.0,-2464.0
361,-12945.290627405539,-2499.6815935914237
362,-12904.0,-2532.0
363,-12860.487942137606,-2561.629078971011
364,-12852.0,-2567.0
365,-12742.0,-2629.0
366,-12671.15517510151,-2660.3735745671906
367,-12624.0,-2678.0
368,-12592.212949052762,-2689.2557956540413
369,-12476.743691532245,-2728.093674122716
370,-12443.0,-2740.0
371,-12418.580257209414,-2749.3842276277956
372,-12379.0,-2771.0
373,-12360.286215338723,-2782.524972025213
374,-12328.0,-2809.0
375,-12304.742735201202,-2837.9845095154606
376,-12253.0,-2923.0
377,-12233.806032517936,-2963.024381131263
378,-12223.0,-3009.0
379,-12216.0,-3034.0
380,-12209.702364233146,-3059.7065371889285
381,-12188.315411831838,-3160.532019164314
382,-12187.0,-3167.0
383,-12182.125576918854,-3192.3825920731197
384,-12180.0,-3207.0
385,-12175.88241870292,-3235.108070912743
386,-12167.078928361667,-3292.974007747399
387,-12159.0,-3341.0
388,-12140.244512779427,-3445.446291380677
389,-12137.0,-3463.0
390,-12124.0,-3523.0
391,-12122.068271317901,-3529.972929220101
392,-12100.446907426718,-3596.0980211488727
393,-12097.0,-3604.0
394,-12005.0,-3731.0
395,-11990.670201913268,-3745.816530384138
396,-11954.0,-3781.0
397,-11884.0,-3840.0
398,-11867.911204905175,-3853.3908599325964
399,-11813.0,-3899.0
400,-11804.574086781271,-3905.8151132069197
401,-11723.0,-3970.0
402,-11672.208999712991,-4010.2820210223827
403,-11639.0,-4037.0
404,-11571.0,-4093.0
405,-11552.785313083288,-4108.404959185301
406,-11411.0,-4233.0
407,-11387.652728674671,-4254.424960909299
408,-11279.0,-4365.0
409,-11272.030187969052,-4372.9629357221675
410,-11222.0,-4433.0
411,-11189.771193243312,-4475.978405721428
412,-11177.0,-4494.0
413,-11123.641339759535,-4574.110928214537
414,-11060.0,-4675.0
415,-11048.634138067397,-4692.86646484951
416,-11022.0,-4733.0
417,-10985.574319104207,-4782.618469819766
418,-10977.0,-4793.0
419,-10951.465943155643,-4820.203030503487
420,-10931.0,-4839.0
421,-10910.984596457678,-4855.41646828254
422,-10880.03416804068,-4876.339495633808
423,-10868.0,-4883.0
424,-10821.0,-4902.0
425,-10812.623719450612,-4903.896613245003
426,-10778.0,-4906.0
427,-10774.05818717056,-4905.723023225238
428,-10747.0,-4900.0
429,-10742.330267143605,-4898.172464716653
430,-10690.0,-4868.0
431,-10679.206572045658,-4859.746536471511
432,-10649.0,-4820.0
433,-10644.357570253756,-4812.257502324011
434,-10632.0,-4789.0
435,-10629.92327503753,-4784.659041812491
436,-10601.0,-4719.0
437,-10589.872737055748,-4688.723897951968
438,-10576.953675026683,-4639.592445833606
439,-10570.0,-4608.0
440,-10566.48645749058,-4591.559514124917
441,-10532.0,-4411.0
442,-10520.94116500748,-4344.318625080232
443,-10519.0,-4331.0
444,-10513.04078571325,-4286.1780746350205
445,-10510.0,-4263.0
446,-10500.0,-4189.0
447,-10493.455241082813,-4137.9993775083185
448,-10488.0,-4095.0
449,-10484.47586878918,-4067.662352718363
450,-10476.0,-4003.0
451,-10469.545334136965,-3954.49156010158
452,-10460.0,-3885.0
453,-10452.811357824374,-3835.3558898197834
454,-10447.0,-3795.0
455,-10434.0,-3702.0
456,-10423.346038621883,-3633.7336266258617
457,-10409.0,-3546.0
458,-10400.770412418398,-3495.0530225440543
459,-10381.0,-3372.0
460,-10375.297575759456,-3336.4261421999727
461,-10362.0,-3252.0
462,-10341.913580205579,-3122.2178160116155
463,-10333.0,-3066.0
464,-10307.76463449841,-2913.7728888176607
465,-10301.0,-2873.0
466,-10284.018858216343,-2769.4340560476967
467,-10275.0,-2715.0
468,-10241.0,-2526.0
469,-10240.843839101753,-2525.183112516161
470,-10201.543876807602,-2322.9447424540463
471,-10185.0,-2238.0
472,-10177.686047316938,-2200.1591608071776
473,-10163.494839860508,-2127.4908572385784
474,-10157.0,-2097.0
475,-10132.0,-1984.0
476,-10114.913255391726,-1910.2133540373563
477,-10088.0,-1797.0
478,-10057.0,-1667.0
479,-10026.092459543124,-1543.4606163930164
480,-9984.0,-1387.0
481,-9976.22097756953,-1359.292946829534
482,-9922.0,-1171.0
483,-9894.973747736803,-1079.5800340140634
484,-9871.10888947174,-1006.841531712013
485,-9852.0,-951.0
486,-9812.78862257428,-834.6966380304013
487,-9782.0,-744.0
488,-9742.0,-630.0
489,-9741.684007962762,-629.1274234784429
490,-9657.0,-401.0
491,-9638.082698637007,-350.9580835392432
492,-9605.087191979983,-265.8229461376496
493,-9583.0,-211.0
494,-9582.87395502576,-210.6913150759545
495,-9552.360105535648,-138.8010138165908
496,-9536.0,-104.0
497,-9514.997605041692,-61.43925376061114
498,-9504.0,-41.0
499,-9484.821403138536,-9.281663604105383
500,-9453.675670005368,32.989586351737316
501,-9446.0,42.0
502,-9430.0,59.0
503,-9394.084062584283,88.37831758362495
504,-9346.0,115.0
505,-9305.0,126.0
506,-9290.456876898927,126.84193552880986
507,-9207.0,123.0
508,-9179.656762141094,119.97454639792441
509,-9158.0,110.0
510,-9109.316605999977,88.025252825677
511,-9080.0,74.0
512,-9043.737324842034,54.554327412574004
513,-8978.014284667755,8.05387878351771
514,-8970.0,2.0
515,-8903.48651206051,-48.92527831328863
516,-8888.0,-61.0
517,-8858.48705737109,-84.35090397538016
518,-8831.0,-107.0
519,-8778.234894596062,-151.81064130924938
520,-8719.0,-203.0
521,-8690.04711342653,-228.31014905105334
522,-8588.028198654398,-319.0037213856825
523,-8578.0,-328.0
524,-8535.665823747297,-366.2300114400224
525,-8489.188282632842,-409.99511729821387
526,-8461.0,-437.0
527,-8398.889043028536,-496.8546330189851
528,-8344.0,-550.0
529,-8316.278714353328,-577.593168524367
530,-8286.0,-606.0
531,-8212.988481755227,-673.6963553178817
532,-8144.0,-737.0
533,-8082.83078473907,-792.0368022708578
534,-7958.709645688647,-898.4839875805287
535,-7927.0,-925.0
536,-7900.613365099672,-946.8568024154356
537,-7849.0,-988.0
538,-7821.578687216197,-1009.2767108264786
539,-7759.0,-1057.0
540,-7675.174027244911,-1118.1178099818737
541,-7622.0,-1154.0
542,-7587.927948116931,-1175.64314821689
543,-7497.228009435963,-1229.234535322671
544,-7487.0,-1235.0
545,-7382.964640624721,-1287.3695731647974
546,-7367.0,-1294.0
547,-7211.602061453755,-1352.1367263919421
548,-7152.0,-1373.0
549,-7045.680281988692,-1405.650307969048
550,-6963.0,-1415.0
551,-6938.419014585794,-1418.2627000306272
552,-6794.0,-1437.0
553,-6767.388740702146,-1439.6423822726138
554,-6681.0,-1446.0
555,-6423.0,-1461.0
556,-6401.160992128305,-1462.2855371046699
557,-6226.709281264852,-1473.265330591667
558,-6089.0,-1483.0
559,-6081.064214461445,-1483.5641690063756
560,-5987.525502438217,-1490.0561297596162
561,-5958.0,-1492.0
562,-5618.0,-1514.0
563,-5598.705962924909,-1515.256447183073
564,-5456.903019716715,-1524.6252672608525
565,-5391.0,-1529.0
566,-5285.250551837891,-1535.918666778328
567,-5163.0,-1544.0
568,-5069.719800504511,-1550.3035698264703
569,-4994.0,-1555.0
570,-4732.0,-1570.0
571,-4661.775432430133,-1573.9823722622975
572,-4605.130712794464,-1577.1891050222391
573,-4546.0,-1580.0
574,-4533.377673710778,-1580.5748060840242
575,-4375.662659637106,-1587.5864755178056
576,-4344.0,-1589.0
577,-4250.0,-1593.0
578,-4186.382216167697,-1594.8232632616953
579,-4046.0,-1597.0
580,-3969.2151636542744,-1598.1312837648518
581,-3921.0,-1599.0
582,-3827.821815959675,-1601.0881085718888
583,-3639.0,-1606.0
584,-3532.90975911702,-1608.5878215392036
585,-3358.0,-1614.0
586,-3152.853253819434,-1622.193351585951
587,-3135.0,-1623.0
588,-3025.379967946186,-1630.0151350338251
589,-2964.0,-1636.0
590,-2963.526024207436,-1636.0366716582819
591,-2923.0,-1639.0
592,-2870.3153525602343,-1642.3900117892904
593,-2778.0,-1654.0
594,-2718.8838876992995,-1665.7298677456758
595,-2663.0,-1678.0
596,-2588.2676711829226,-1701.4668748258841
597,-2566.0,-1722.0
598,-2562.5103047749767,-1724.7285359528928
599,-2510.0,-1779.0
600,-2468.0,-1874.0
601,-2426.4077254610074,-2037.8050443894194
602,-2412.0,-2083.0
603,-2382.0,-2154.0
604,-2337.0,-2239.0
605,-2305.60787885925,-2286.8318820626832
606,-2246.0,-2364.0
607,-2191.0679404496095,-2416.318118344224
608,-2146.0,-2451.0
609,-2145.8089152009034,-2451.1506339949688
610,-2073.947245910097,-2496.4468736588633
611,-2053.0,-2505.0
612,-1938.496948369255,-2547.0227643994904
613,-1927.0,-2551.0
614,-1860.940310916702,-2569.6746485845933
615,-1822.0,-2575.0
616,-1739.0,-2589.0
617,-1728.7300648113437,-2590.455922812361
618,-1651.0,-2599.0
619,-1650.5012578549151,-2599.0445097629395
620,-1526.4383733424272,-2606.997101804432
621,-1465.0,-2609.0
622,-1423.8945585369293,-2609.6527984342615
623,-1389.0,-2610.0
624,-1280.3541775284095,-2610.9014785247377
625,-1253.0,-2611.0
626,-1150.0,-2611.0
627,-949.0285626262975,-2615.98669074339
628,-915.0,-2617.0
629,-659.8889721598051,-2626.2225660940976
630,-642.0,-2627.0
631,-587.7689930397281,-2629.45615962676
632,-473.5457813286374,-2635.5791076459864
633,-451.0,-2637.0
634,-347.0,-2644.0
635,-261.5343339785828,-2649.859334749008
636,-119.0,-2660.0
637,-64.5448980060113,-2664.110461410109
638,-52.0,-2665.0
639,68.0,-2671.0
640,162.98427431606046,-2671.530861660561
641,320.31198362879275,-2667.5140200886717
642,332.0,-2667.0
643,476.0,-2641.0
644,476.6380255958909,-2640.7520028023987
645,704.0,-2531.0
646,714.2475697368534,-2525.1710391289107
647,758.6440871938327,-2493.4776362082075
648,792.0,-2455.0
649,856.4442788386687,-2385.075721182699
650,887.0,-2350.0
651,920.3015409132869,-2306.3887543690653
652,946.0,-2268.0
653,988.8938944169315,-2200.9428636547627
654,995.0,-2191.0
655,1074.0,-2042.0
656,1091.0238570874524,-2000.6940559136071
657,1127.0,-1904.0
658,1143.6595030398666,-1855.01259370771
659,1162.0,-1771.0
660,1169.038571289065,-1724.0085206452363
661,1191.5923921490973,-1538.7659403162286
662,1193.0,-1525.0
663,1198.2167928143056,-1427.3276330050428
664,1196.0,-1367.0
665,1193.42614895396,-1307.783656765857
666,1188.0,-1209.0
667,1167.7582929821824,-1013.8338216165664
668,1163.0,-978.0
669,1153.0,-908.0
670,1133.663756485524,-786.1644579667245
671,1131.0,-770.0
672,1094.0,-550.0
1,1047.726540709254,-270.68297262329037
2,1031.0,-168.0
3,1014.708029731886,-66.33491926516218
4,1003.0,8.0
5,991.6344749046041,81.3613475790298
6,973.0,202.0
7,968.3571918285597,231.54497073350086
8,947.0,369.0
9,936.0,446.0
10,925.4231424260952,518.814739935417
11,900.588945886137,686.3077578984195
12,895.0,724.0
13,857.7829496789196,980.576390054418
14,852.0,1023.0
15,833.0,1166.0
16,820.3412512735258,1263.4276914690488
17,810.0,1343.0
18,803.9807701897419,1388.8194185269735
19,791.0,1488.0
20,762.1513790215298,1715.2685919750506
21,757.0,1756.0
22,733.593087756,1941.5719946498027
23,730.0,1971.0
24,718.0,2071.0
25,707.658528987805,2160.7763416452276
26,701.0,2220.0
27,677.0,2435.0
28,671.3295034817452,2485.426586853425
29,645.0,2715.0
30,626.0,2868.0
31,613.0,2956.0
32,594.0,3068.0
33,573.0,3170.0
34,528.3824551656285,3309.5699418170457
35,512.0,3355.0
36,469.0365211964188,3435.806490996339
37,457.0,3450.0
38,407.0,3506.0
39,352.0,3551.0
40,345.39211039153525,3555.263871805558
41,274.0,3591.0
42,259.26620514937173,3596.659596722165
43,183.57955831394236,3618.3404592096986
44,149.0,3626.0
45,53.0,3645.0
46,33.37236068089457,3649.2666954385168
47,-87.71262079713608,3679.5883893922082
48,-128.0,3691.0
49,-158.48155740186866,3700.4967583121925
50,-210.8059219285315,3725.8221450867795
51,-248.0,3752.0
52,-335.57006568658574,3818.6644116494963
53,-336.0,3819.0
54,-402.0334395207597,3873.1628557759004
55,-440.0,3907.0
56,-444.8569296704862,3911.2926291218846
57,-517.0,3973.0
58,-541.628393891825,3991.928524899789
59,-616.6418296754537,4041.912714770615
60,-684.5781636250395,4076.110581179174
61,-704.0,4083.0
62,-721.8100268863493,4087.6344805826593
63,-774.0,4090.0
64,-819.4346870865962,4085.0102173776963
65,-836.0,4082.0
66,-892.0,4062.0
67,-918.042519154973,4045.647259486281
68,-962.0,4012.0
69,-965.5098919034996,4009.017332145863
70,-990.7576574785942,3981.549237655901
71,-995.0,3976.0
72,-1029.0,3924.0
73,-1065.58079336674,3840.434290235324
74,-1071.0,3827.0
75,-1085.191413724323,3782.8013093930867
76,-1087.0,3775.0
77,-1094.554217096549,3742.7014603798616
78,-1108.0,3680.0
79,-1115.9486074428416,3631.3118440189855
80,-1118.0,3617.0
81,-1123.847860176942,3572.351768837648
82,-1130.0,3509.0
83,-1133.0,3433.0
84,-1132.7216284142185,3389.1227563298576
85,-1132.0,3363.0
86,-1123.0,3250.0
87,-1121.2763114949025,3237.131390193928
88,-1095.7393402284645,3081.734150523407
89,-1090.0,3053.0
90,-1055.0328075062262,2920.302112719342
91,-1041.0,2876.0
92,-1033.0061645465464,2851.341303435247
93,-1001.8803972551736,2760.4637496792766
94,-969.0,2676.0
95,-951.0,2632.0
96,-946.9654479359864,2622.1113692924005
97,-869.0,2432.0
98,-841.9720981855749,2368.631103401254
99,-795.0,2259.0
100,-768.8747367423266,2197.6722516316827
101,-752.7342330953352,2157.644970180772
102,-746.0,2141.0
103,-717.627380336123,2071.2185037217982
104,-707.0,2045.0
105,-648.8790571744315,1898.072857868715
106,-644.0,1885.0
107,-595.0,1746.0
108,-562.7936862653169,1650.594117695816
109,-541.0,1578.0
110,-517.1194529820173,1489.7814076365337
111,-482.0,1351.0
112,-466.5853810827357,1286.5120961095238
113,-458.0,1224.0
114,-454.8331072688748,1197.0386761437337
115,-435.75179642242716,1017.6676027873075
116,-433.0,987.0
117,-428.34063558940636,836.5957175226737
118,-429.0,820.0
119,-435.0717492847698,729.3284452040791
120,-436.0,720.0
121,-446.0,646.0
122,-464.4287203427359,569.6835086000015
123,-479.0,530.0
124,-489.4373430866707,506.91053260329016
125,-513.0,463.0
126,-538.7044122764453,422.9053167266006
127,-550.0,409.0
128,-613.4285047075562,347.9742623420334
129,-645.0,322.0
130,-693.391672963085,289.27819560012216
131,-736.4988157924454,270.4404628010971
132,-750.0,265.0
133,-849.470816599025,228.63063179422934
134,-858.0,226.0
135,-902.0,214.0
136,-923.1893226887819,208.97739706561657
137,-1089.0,176.0
138,-1148.2065489482527,166.68104386705204
139,-1229.0,160.0
140,-1334.0,154.0
141,-1408.0,152.0
142,-1533.0,154.0
143,-1658.4656464367483,161.1085797378421
144,-1719.0,165.0
145,-1765.154366746979,168.382119207678
146,-1866.0,178.0
147,-2016.2066317851022,191.92692112651278
148,-2017.0,192.0
149,-2224.0,211.0
150,-2292.1484049073683,217.06340106778748
151,-2383.0,225.0
152,-2506.0,236.0
153,-2574.885298995998,241.5380872408622
154,-2631.0,246.0
155,-2771.2871961758924,257.9392121055187
156,-2772.0,258.0
157,-2944.4453609693956,272.3537202884675
158,-3032.0,279.0
159,-3149.307036333588,287.036796028338
160,-3164.0,288.0
161,-3267.7092640736805,294.85657953120466
162,-3283.0,296.0
163,-3403.0,306.0
164,-3447.3678139803965,309.65618354832014
165,-3753.0,334.0
166,-3843.8760649475844,341.04454229757937
167,-3908.0,346.0
168,-4007.1414676568183,353.96375248042364
169,-4143.0,365.0
170,-4253.0,374.0
171,-4331.927020126634,380.4462694825198
172,-4476.0,393.0
173,-4556.310327833045,401.11846339822597
174,-4621.0,408.0
175,-4718.789477585671,418.64906778205454
176,-4765.0,424.0
177,-4958.0,454.0
178,-5037.479865005611,470.3493150435589
179,-5214.0,510.0
180,-5308.025803659627,534.2175178788355
181,-5433.690777560273,576.205092738936
182,-5536.1431302868,622.8034868636444
183,-5556.0,632.0
184,-5653.0947283983705,677.9594893176422
185,-5707.0,705.0
186,-5928.0,826.0
187,-6205.0,990.0
188,-6308.023857804248,1051.6803201266084
189,-6395.428845501183,1105.2694074579897
190,-6408.0,1113.0
191,-6508.254944669752,1174.5453038008775
192,-6509.0,1175.0
193,-6625.274587541917,1245.5587546716688
194,-6626.0,1246.0
195,-6800.0,1353.0
196,-6886.828875896045,1407.4806149840874
197,-6916.0,1426.0
198,-6997.1525905391845,1478.23723576137
199,-7104.0,1548.0
200,-7360.310948670292,1715.8306265278848
201,-7391.0,1736.0
202,-7451.948937731204,1776.263926279821
203,-7512.0,1817.0
204,-7581.538102014929,1864.841685887779
205,-7686.0,1936.0
206,-7728.422198354078,1963.8582167376344
207,-7795.0,2004.0
208,-7862.0,2037.0
209,-7883.612063609303,2046.4530905027077
210,-8003.817615465565,2093.310764794787
211,-8042.0,2107.0
212,-8070.77242881178,2116.628869714438
213,-8127.0,2130.0
214,-8147.433349265551,2133.6731716678246
215,-8209.0,2143.0
216,-8265.0,2147.0
217,-8294.36770498852,2145.4076091679194
218,-8410.0,2117.0
219,-8431.369109626892,2107.393984970411
220,-8484.605311645859,2075.5303072145743
221,-8539.0,2033.0
222,-8544.722882740369,2027.994175982808
223,-8625.03796034805,1946.3467683081426
224,-8629.0,1942.0
225,-8668.450430335502,1896.481642637905
226,-8696.0,1861.0
227,-8748.0,1791.0
228,-8778.0,1749.0
229,-8783.74580922051,1740.5642917895645
230,-8855.77799132387,1628.4885671545085
231,-8906.0,1547.0
232,-8914.97364493307,1532.0497133661113
233,-8946.009983527074,1475.7282546329407
234,-8954.0,1460.0
235,-8996.721381346306,1373.201158087514
236,-9018.0,1328.0
237,-9081.0,1192.0
238,-9105.849785187878,1137.7075333706566
239,-9139.0,1059.0
240,-9161.571241325448,1005.3187391955366
241,-9198.0,920.0
242,-9244.0,818.0
243,-9256.0,794.0
244,-9304.0,708.0
245,-9315.198579137435,690.1103075957612
246,-9341.0,652.0
247,-9366.073293112446,618.6711566719878
248,-9370.0,614.0
249,-9397.415900782387,585.5260481166601
250,-9435.0,556.0
251,-9438.920968417651,553.4919850495588
252,-9460.0,542.0
253,-9491.563319895471,530.9372364881049
254,-9523.0,525.0
255,-9549.569534678783,524.0569299582227
256,-9585.0,534.0
257,-9651.0,565.0
258,-9673.5067392378,579.06531909339
259,-9680.0,585.0
260,-9690.385106591439,593.8261489606639
261,-9727.385049026787,624.8082776632377
262,-9731.0,628.0
263,-9761.685358873043,656.7398200935622
264,-9765.0,660.0
265,-9800.954137408877,697.1842284841787
266,-9840.484143268499,741.1669688888521
267,-9858.0,761.0
268,-9868.822450984315,773.3338347757558
269,-9894.0,803.0
270,-9916.782520282724,833.0562184233994
271,-9941.0,866.0
272,-9999.985175441861,944.088660330257
273,-10019.0,969.0
274,-10039.419263999629,995.2945672186422
275,-10051.0,1010.0
276,-10089.277018338145,1058.6994919134447
277,-10111.0,1086.0
278,-10165.034358103563,1151.9017153725872
279,-10184.0,1174.0
280,-10253.0,1252.0
281,-10248.0,1247.0
282,-10300.581512890778,1303.3131463376797
283,-10310.0,1313.0
284,-10427.24555290819,1426.3409981694515
285,-10473.0,1468.0
286,-10534.906963509166,1518.3592244985684
287,-10584.0,1547.0
288,-10611.255463217141,1561.7290700678682
289,-10680.0,1596.0
290,-10700.93801935518,1604.893654401271
291,-10709.0,1608.0
292,-10776.424500002227,1629.5611459600996
293,-10868.0,1653.0
294,-10875.199831174728,1654.5694866543358
295,-10930.350422786998,1660.4300201068436
296,-10958.0,1658.0
297,-10981.204464596123,1655.3884232463306
298,-11036.37208596525,1646.5719139343412
299,-11050.0,1643.0
300,-11082.0,1632.0
301,-11113.855696879918,1618.6389281595843
302,-11159.0,1596.0
303,-11177.299524921356,1585.4561806668312
304,-11208.0,1566.0
305,-11225.740886465584,1553.8575349385223
306,-11273.0,1517.0
307,-11306.206627291978,1485.002484412858
308,-11312.0,1479.0
309,-11414.0,1356.0
310,-11455.0,1297.0
311,-11507.0,1218.0
312,-11533.290128127606,1175.4669294360879
313,-11582.0,1091.0
314,-11602.0,1055.0
315,-11611.234926449371,1038.0154042005497
316,-11655.257466498788,953.2161720591441
317,-11661.0,942.0
318,-11736.52714744238,793.8563464021361
319,-11742.0,783.0
320,-11767.943586840545,730.5267316110239
321,-11788.0,690.0
322,-11818.179331477728,630.7418776633881
323,-11853.0,563.0
324,-11864.420168567602,540.811347461545
325,-11909.245534677473,453.8304536429852
326,-11943.0,388.0
327,-11989.0,298.0
328,-12024.653496188494,229.73921463954304
329,-12061.0,161.0
330,-12073.1882497079,137.98458524903066
331,-12116.0,58.0
332,-12161.0,-23.0
333,-12232.498721643147,-152.06053657622326
334,-12319.0,-308.0
335,-12364.05218368757,-387.4058694355155
336,-12373.0,-404.0
337,-12458.0,-565.0
338,-12478.451208347587,-602.3694229091418
339,-12492.0,-627.0
340,-12588.0,-802.0
341,-12616.194190738508,-851.9825363511193
342,-12645.0,-902.0
343,-12689.755675400089,-977.4060712992467
344,-12743.0,-1063.0
345,-12750.564361906178,-1074.7211443799072
346,-12857.0,-1233.0
347,-12888.10391729508,-1279.798143395731
348,-12977.961520481125,-1417.2782211083604
349,-12988.0,-1433.0
350,-13041.18612426623,-1519.067944954575
351,-13094.0,-1611.0
352,-13106.030608870937,-1631.8317095900425
353,-13147.70683375678,-1705.086365992347
354,-13167.0,-1747.0
355,-13185.0,-1794.0
356,-13189.722742449114,-1809.0262631520625
357,-13203.0,-1916.0
358,-13202.589002148723,-1926.0830194142907
359,-13192.393937899838,-2022.94641734542
360,-13187.0,-2063.0
361,-13181.349336341409,-2101.684672458374
362,-13165.0,-2154.0
363,-13154.666844009058,-2180.1044318185395
364,-13117.526519975425,-2268.364037910573
365,-13105.0,-2296.0
366,-13047.010579980219,-2388.716387050207
367,-13039.0,-2399.0
368,-12996.0,-2450.0
369,-12875.819113844504,-2550.859334285466
370,-12866.0,-2558.0
371,-12804.86663487252,-2597.467638905401
372,-12746.838776812736,-2626.514408090806
373,-12733.0,-2633.0
374,-12692.945199673944,-2650.801106188773
375,-12598.0,-2687.0
376,-12566.31577088643,-2697.7726601995478
377,-12500.644722445104,-2719.416620838755
378,-12493.0,-2722.0
379,-12429.0,-2746.0
380,-12400.283493900155,-2760.4406087651596
381,-12341.0,-2798.0
382,-12335.934757777932,-2801.85371871684
383,-12288.0,-2858.0
384,-12279.321341876848,-2872.6798957856527
385,-12251.0,-2928.0
386,-12246.325711769972,-2938.633060237945
387,-12228.0,-2991.0
388,-12212.583417795113,-3051.7778305476822
389,-12207.0,-3075.0
390,-12198.427305710477,-3110.4775219386825
391,-12188.416683857891,-3162.880447089861
392,-12185.0,-3183.0
393,-12170.0,-3273.0
394,-12168.052141158976,-3284.750807973607
395,-12150.984963971287,-3388.3583932840584
396,-12142.0,-3439.0
397,-12138.504919755385,-3457.731804473066
398,-12111.0,-3568.0
399,-12101.691536046124,-3591.8717354273585
400,-12082.0,-3633.0
401,-11993.0,-3744.0
402,-11978.769898878912,-3757.8085785463727
403,-11932.0,-3800.0
404,-11868.495915361578,-3853.55566650336
405,-11852.0,-3867.0
406,-11769.0,-3933.0
407,-11731.772231076462,-3962.7826505619664
408,-11651.310265881173,-4027.790060808389
409,-11624.0,-4050.0
410,-11583.168074967605,-4083.3912991748066
411,-11520.0,-4136.0
412,-11438.0,-4208.0
413,-11319.0,-4323.0
414,-11310.882384010421,-4331.516673421385
415,-11280.0,-4365.0
416,-11228.58741928312,-4425.565554818634
417,-11200.0,-4463.0
418,-11161.25167532901,-4518.571103068762
419,-11135.0,-4558.0
420,-11110.265548971243,-4595.597242870549
421,-11025.323927519989,-4727.092316117347
422,-10994.390651213185,-4769.641703936468
423,-10983.0,-4784.0
424,-10941.80893108285,-4829.386646803226
425,-10938.0,-4833.0
426,-10907.0,-4859.0
427,-10903.113023671194,-4861.891573873834
428,-10870.0,-4882.0
429,-10859.991328414608,-4886.090682121175
430,-10811.840348900925,-4898.60246916123
431,-10768.0,-4905.0
432,-10760.130398703981,-4905.2735934204375
433,-10745.0,-4900.0
434,-10714.0,-4885.0
435,-10707.276733400859,-4880.939069375836
436,-10683.667692638523,-4862.573704110382
437,-10681.0,-4860.0
438,-10655.182155989685,-4828.071612266029
439,-10651.0,-4822.0
440,-10631.76295740985,-4790.732856841372
441,-10624.0,-4775.0
442,-10603.865981162018,-4725.830855867721
443,-10599.0,-4713.0
444,-10592.87543545743,-4696.2284311416715
445,-10586.0,-4674.0
446,-10579.99877380182,-4651.149822451505
447,-10568.0,-4600.0
448,-10563.542615916123,-4577.847655878945
449,-10561.0,-4565.0
450,-10550.131938630386,-4512.402836066937
451,-10545.0,-4487.0
452,-10533.0,-4421.0
453,-10523.317516128165,-4358.022073955264
454,-10514.0,-4294.0
455,-10507.260504606766,-4244.218984496114
456,-10502.205029452341,-4202.425590935296
457,-10500.0,-4185.0
458,-10481.0,-4039.0
459,-10470.230397242261,-3958.785119976308
460,-10451.059073899956,-3819.423816852363
461,-10451.0,-3819.0
462,-10443.941482179871,-3769.124475002375
463,-10430.0,-3679.0
464,-10402.6738033535,-3504.597742659404
465,-10398.0,-3475.0
466,-10384.68528359125,-3392.6758507827
467,-10373.0,-3321.0
468,-10359.509645063059,-3235.6852047638204
469,-10340.0,-3111.0
470,-10332.85733668671,-3064.75505461216
471,-10318.0,-2970.0
472,-10296.083103351657,-2840.351353942281
473,-10287.0,-2787.0
474,-10264.0,-2653.0
475,-10244.227821417007,-2544.3560494622543
476,-10221.0,-2420.0
477,-10213.556489172372,-2380.8558356199846
478,-10199.391937616556,-2308.7225394619513
479,-10191.0,-2266.0
480,-10163.0,-2125.0
481,-10150.396171366101,-2066.694322373151
482,-10128.0,-1968.0
483,-10118.870681504213,-1927.8392463034363
484,-10070.0,-1721.0
485,-10048.250611391042,-1634.921298690922
486,-10016.0,-1509.0
487,-9997.127922355416,-1435.0398880994737
488,-9976.895018471498,-1361.7897584798889
489,-9967.0,-1328.0
490,-9892.128245339556,-1077.8203424858093
491,-9873.0,-1015.0
492,-9829.585271311016,-883.6751452731332
493,-9823.0,-865.0
494,-9796.854598003945,-790.0627992067579
495,-9731.24890247278,-601.7056946530581
496,-9731.0,-601.0
497,-9684.0,-472.0
498,-9669.0,-434.0
499,-9640.65221134683,-358.51538798374446
500,-9620.0,-304.0
501,-9573.055830361282,-189.27832372023028
502,-9537.0,-105.0
503,-9521.591524590543,-71.43412839775704
504,-9510.0,-52.0
505,-9467.0,15.0
506,-9454.148157282716,33.87647483918795
507,-9416.0,72.0
508,-9392.500360760778,87.60547990601782
509,-9348.0,113.0
510,-9312.471894598635,128.73402397516185
511,-9235.0,127.0
512,-9228.931106151987,126.16405027393228
513,-9195.0,120.0
514,-9136.189387019049,99.38031252197857
515,-9097.0,83.0
516,-9076.95310713231,73.18048935778695
517,-9045.88432189081,53.57728359617477
518,-9042.0,51.0
519,-9000.720775484146,23.20704238330496
520,-8996.0,20.0
521,-8938.0,-21.0
522,-8894.481023519915,-55.59676102989047
523,-8842.0,-99.0
524,-8818.262496291227,-118.74612774561535
525,-8732.593235627925,-191.0532853183705
526,-8721.0,-201.0
527,-8684.282240578765,-232.70398943483076
528,-8607.345195899386,-300.3179192992026
529,-8590.0,-316.0
530,-8553.197178366705,-350.10617654138593
531,-8479.0,-421.0
532,-8447.459393181096,-451.1305323222151
533,-8354.297695892761,-540.1145749003181
534,-8345.0,-549.0
535,-8281.081158119898,-610.1154889479083
536,-8226.0,-661.0
537,-8153.03541131133,-727.9095888307593
538,-8107.0,-770.0
539,-8030.763935206665,-838.3774309621674
540,-8010.0,-856.0
541,-7946.367683675296,-908.8934804698939
542,-7917.0,-933.0
543,-7830.0,-1003.0
544,-7770.396144953701,-1048.6016298477998
545,-7687.0,-1109.0
546,-7624.027327368966,-1151.9292405028827
547,-7569.0,-1187.0
548,-7454.0,-1252.0
549,-7442.628369847368,-1257.8048305793236
550,-7321.0,-1314.0
551,-7207.0,-1356.0
552,-7105.27284008923,-1383.7581068012832
553,-6994.0,-1410.0
554,-6760.110630002733,-1441.0379715630781
555,-6672.0,-1446.0
556,-6659.648335073344,-1446.7004799313943
557,-6514.363779987508,-1455.0429361567676
558,-6424.269121019489,-1460.60318018022
559,-6403.0,-1462.0
560,-6243.0,-1473.0
561,-6229.748634213175,-1473.834056707281
562,-6096.0,-1482.0
563,-6050.7739549506005,-1484.9268416292753
564,-5932.214105469219,-1493.0419206312836
565,-5889.0,-1496.0
566,-5695.0,-1509.0
567,-5484.0,-1523.0
568,-5398.999528743366,-1528.6133171694353
569,-5332.0,-1533.0
570,-5179.0,-1543.0
571,-5147.451717442508,-1545.0890144029636
572,-4962.852428970323,-1557.3295597138901
573,-4902.0,-1561.0
574,-4779.9466535960655,-1567.5951477486449
575,-4732.0,-1570.0
576,-4425.553167787713,-1584.0499610370402
577,-4235.552775338244,-1591.7184189033474
578,-4062.0,-1597.0
579,-3958.0774845159144,-1598.3953066463298
580,-3921.0,-1599.0
581,-3812.613767665423,-1601.3893158411827
582,-3749.0,-1603.0
583,-3572.420997712121,-1608.16306489302
584,-3513.0,-1610.0
585,-3245.2831587366813,-1618.3969433384175
586,-3227.0,-1619.0
587,-3107.749355815987,-1625.3326188440078
588,-3098.0,-1626.0
589,-3053.0,-1629.0
590,-2929.0,-1639.0
591,-2917.7537329081288,-1640.1304549395466
592,-2809.810303954844,-1652.144538552262
593,-2743.0,-1660.0
594,-2700.530227992375,-1665.154669288263
595,-2660.0,-1680.0
596,-2595.9006296739262,-1706.9861195116614
597,-2569.0,-1721.0
598,-2522.1120162171774,-1756.6141279263625
599,-2485.6628370981757,-1823.334212420863
600,-2475.0,-1852.0
601,-2464.109452583568,-1890.9711436160032
602,-2457.0,-1923.0
603,-2447.31134081067,-1963.9329371503889
604,-2441.0,-1987.0
605,-2419.542516507042,-2059.226331509086
606,-2414.0,-2077.0
607,-2397.454489526709,-2122.6055995632264
608,-2388.0,-2142.0
609,-2374.196448234952,-2169.433786872024
610,-2344.2590661041863,-2226.6155057007295
611,-2324.0,-2261.0
612,-2290.0,-2311.0
613,-2276.33212484553,-2328.961027372702
614,-2252.0,-2358.0
615,-2178.8266271900375,-2426.2417275784437
616,-2173.0,-2431.0
617,-2116.9214795055714,-2471.527806370558
618,-2100.0,-2481.0
619,-1985.0,-2533.0
620,-1977.0880427560364,-2536.2146545329274
621,-1936.5553802811626,-2550.1604086889374
622,-1900.0,-2558.0
623,-1693.0,-2595.0
624,-1559.1023576545197,-2606.728174568598
625,-1507.0,-2608.0
626,-1409.1537493042874,-2609.5653612907336
627,-1354.0,-2610.0
628,-1222.32003747851,-2610.7367729161238
629,-1194.0,-2611.0
630,-1096.2261151063665,-2612.6061675520536
631,-1030.0,-2614.0
632,-983.0,-2615.0
633,-952.58199310478,-2615.805158783887
634,-761.0,-2622.0
635,-705.541962307761,-2624.098139992885
636,-571.0,-2631.0
637,-515.2096983424971,-2633.6234466707187
638,-454.0,-2637.0
639,-329.2803477427018,-2645.257392093881
640,-180.0,-2656.0
641,-164.75983778377125,-2657.1316465666714
642,8.0,-2668.0
643,72.35020253430169,-2669.708446909503
644,236.0,-2673.0
645,249.71634233407275,-2673.2317429030577
646,354.4907257090536,-2669.352583380566
647,405.0,-2657.0
648,550.3135306259101,-2612.335158809745
649,598.0,-2596.0
650,690.9455229581813,-2546.199952282996
651,720.0,-2518.0
652,748.3404885941881,-2492.097023947288
653,835.0,-2410.0
654,880.0,-2358.0
655,893.9300333497679,-2340.8581378276185
656,944.7990180509015,-2273.9136479652257
657,1027.0881818165274,-2140.6314261049774
658,1070.0,-2051.0
659,1115.0,-1938.0
660,1126.633679418651,-1903.0632521141554
661,1150.0,-1820.0
662,1152.950574196102,-1807.8550801361137
663,1179.0,-1670.0
664,1180.7668239859981,-1657.1788246826513
665,1193.0,-1527.0
666,1195.9666494444357,-1394.7112481311133
667,1194.0,-1314.0
668,1191.3165999801913,-1259.5079983688272
669,1187.0,-1200.0
670,1172.07443671217,-1054.0700300293252
671,1162.0,-970.0
672,1150.1670302802877,-884.8684181901617
673,1133.0,-785.0
674,1123.5704820552503,-729.2579162962395
675,1103.0,-606.0
676,1079.431515760059,-463.94752070310716
2,1037.7576280888645,-210.58988576268644
3,1021.0,-107.0
4,1018.7597619956537,-93.05897292077589
5,995.4262885807789,54.25761415219259
6,993.0,70.0
7,968.0,235.0
8,963.7224495369956,262.356515387365
9,944.0,388.0
10,901.0,680.0
11,897.0252566529995,707.7135640852964
12,889.3963179079594,763.4084513091782
13,888.0,773.0
14,867.49930259424,911.7048461948858
15,865.0,929.0
16,843.4296517257981,1084.3715912769744
17,826.0,1215.0
18,821.8913544174341,1246.0171846775715
19,805.0,1375.0
20,788.9571255462822,1499.7866529956405
21,778.0,1586.0
22,749.2326321714786,1817.7771374136692
23,733.4994461780467,1947.152921925626
24,730.0,1976.0
25,712.4656558116803,2121.3271894533063
26,700.0,2228.0
27,688.77905538845,2326.283912880562
28,685.0,2360.0
29,670.4633411075574,2493.0805488789497
30,665.0,2543.0
31,655.7929698995588,2625.915972234324
32,646.0,2710.0
33,635.8560444835957,2790.711395351169
34,617.0,2931.0
35,613.0,2960.0
36,610.9954925862929,2973.544493106465
37,589.0,3094.0
38,586.6688440185151,3105.4683350812284
39,558.0,3226.0
40,540.9392894646073,3278.5361823434014
41,505.0,3372.0
42,503.40141437962166,3376.0732404484334
43,487.46362742233316,3402.5977070279646
44,482.0,3410.0
45,426.6145188496776,3484.2205035537017
46,419.0,3494.0
47,357.0,3547.0
48,328.64004707677066,3562.9529188823
49,280.0,3588.0
50,246.81659893465905,3600.653311321532
51,194.0,3615.0
52,185.5452316212522,3617.021141131715
53,88.42056905058772,3637.9137555786774
54,88.0,3638.0
55,23.958589733599702,3650.630984782159
56,-13.0,3659.0
57,-56.96728482401318,3670.439663931318
58,-146.0,3698.0
59,-152.97027485582873,3700.5625979946644
60,-210.0,3728.0
61,-315.0,3801.0
62,-346.2141401005561,3824.171030507001
63,-396.08366635365326,3865.0372827567717
64,-442.0,3909.0
65,-464.12153774382875,3928.4028578813263
66,-547.6961790434166,3997.5485547994094
67,-594.0,4031.0
68,-645.216828250938,4060.7267394674977
69,-683.0,4077.0
70,-691.4297970351229,4079.9541823701916
71,-734.6693554016082,4088.788121826374
72,-762.0,4090.0
73,-775.1160065574131,4089.9932190126583
74,-817.3221397528781,4085.599304271794
75,-824.0,4084.0
76,-900.0,4058.0
77,-926.7808372058337,4046.149820221019
78,-971.0,4004.0
79,-999.8911607335885,3969.001309140464
80,-1003.0,3965.0
81,-1009.0,3957.0
82,-1038.5373195969648,3905.1018929441598
83,-1041.0,3900.0
84,-1070.0,3830.0
85,-1088.0797796223285,3771.03351063751
86,-1096.0,3739.0
87,-1103.0024867606626,3706.1659346051497
88,-1107.0,3686.0
89,-1113.0388223041405,3654.2540075365223
90,-1121.9458992046236,3594.4665840009066
91,-1122.0,3594.0
92,-1131.4492967047734,3483.0258422395627
93,-1132.0,3471.0
94,-1130.2050850550095,3335.324302793621
95,-1128.0,3298.0
96,-1121.0,3233.0
97,-1118.4186389613226,3211.651558732239
98,-1106.604683560992,3131.120128559284
99,-1104.0,3118.0
100,-1079.915967405228,3016.1137634752477
101,-1050.0,2905.0
102,-1040.274380048869,2870.89224946025
103,-1018.0049616820677,2809.3262370535153
104,-1012.0,2793.0
105,-976.0,2695.0
106,-963.2270451867798,2662.494418242925
107,-941.0,2608.0
108,-909.3177441423745,2530.53817563186
109,-876.0,2450.0
110,-832.0,2346.0
111,-812.2954997765812,2299.9440763850903
112,-777.0,2217.0
113,-751.6944089212108,2155.9130652193094
114,-732.0,2108.0
115,-704.1627984299083,2040.468823158853
116,-678.0,1974.0
117,-659.3236182024357,1924.3980126728484
118,-586.0,1721.0
119,-580.9156537547944,1706.4397684637759
120,-548.1351041687572,1607.0002777749796
121,-528.055150382778,1536.0774673001292
122,-525.0,1525.0
123,-504.0,1444.0
124,-499.99957899365717,1426.205472525781
125,-442.0,1112.0
126,-437.62938797669074,1083.4211120953294
127,-433.2328535653443,994.6208107992951
128,-433.0,986.0
129,-429.73702593351436,905.9081335650183
130,-429.0,870.0
131,-431.0,785.0
132,-433.0440035212945,736.8700146650153
133,-440.0,683.0
134,-474.62796873453556,553.6732494354862
135,-489.0,507.0
136,-527.0727926525645,436.53686661783087
137,-533.0,431.0
138,-589.5679212326734,380.5897584297935
139,-673.2024634405124,309.57511814643533
140,-702.0,287.0
141,-735.6275411773164,269.7191344932928
142,-750.0,265.0
143,-822.8690050250871,238.3914127204904
144,-859.0,226.0
145,-891.6732006603108,215.91918756748998
146,-982.0,195.0
147,-1005.8324580801547,190.57610494934818
148,-1112.0,173.0
149,-1178.045671776625,164.49594959798094
150,-1239.0,160.0
151,-1327.482801425961,154.0256546859054
152,-1328.0,154.0
153,-1472.9397783836166,151.84665345123818
154,-1484.0,152.0
155,-1579.594303056633,154.88832207200304
156,-1602.0,156.0
157,-1703.0,163.0
158,-1713.8994686306605,163.9427897005397
159,-1817.0,174.0
160,-1827.1343372665274,174.98612231948422
161,-1980.0,189.0
162,-1996.5681688625295,190.48399840584923
163,-2159.0,205.0
164,-2292.6952242929447,217.0018767457383
165,-2392.729634935611,226.00194443047437
166,-2462.0,232.0
167,-2515.5522622601798,236.33184545806978
168,-2575.7531255244453,241.12110855017858
169,-2609.0,244.0
170,-2677.0,250.0
171,-2737.5781413746045,255.04638445428978
172,-2799.0,260.0
173,-2934.4424783187933,270.7713743084329
174,-2977.0,274.0
175,-3221.8368665612848,291.7163035617739
176,-3239.0,293.0
177,-3395.3197629887973,305.15595435070236
178,-3567.0,319.0
179,-3604.7117534177837,322.0193683008015
180,-3780.0,336.0
181,-3965.0,351.0
182,-4058.037013013949,358.50930268650455
183,-4089.0,361.0
184,-4214.0,371.0
185,-4245.388556831461,373.4865436581564
186,-4387.0,385.0
187,-4434.281880978313,389.25170465534853
188,-4545.0,400.0
189,-4592.005288616866,404.815170488375
190,-4769.0,425.0
191,-4784.156069840636,426.98158714796176
192,-4944.0,451.0
193,-4975.0713019255845,456.51261003259094
194,-5135.0,490.0
195,-5165.712695434831,497.61327956788364
196,-5307.0,538.0
197,-5321.779776276454,542.752008540967
198,-5431.0,581.0
199,-5536.941395074241,623.5242243239762
200,-5583.0,644.0
201,-5658.0,680.0
202,-5746.008882219451,725.1367203172189
203,-5820.0,765.0
204,-5863.073274472962,788.87855323283
205,-5951.0,839.0
206,-6065.5091995614775,906.5005627628622
207,-6153.0,959.0
208,-6181.431506142677,976.1164259417411
209,-6297.938746487805,1046.5143811342323
210,-6340.0,1072.0
211,-6464.11670457796,1147.4725513647588
212,-6483.0,1159.0
213,-6732.5858670011185,1311.8387493571765
214,-6754.0,1325.0
215,-6966.520278699068,1457.5587836234247
216,-7018.0,1491.0
217,-7119.861397389594,1558.5134137699115
218,-7222.409027155134,1627.784688977617
219,-7424.109258595442,1765.135343713625
220,-7634.674605753381,1902.2184728719403
221,-7666.0,1922.0
222,-7823.0,2018.0
223,-7851.67829724391,2033.9092765000582
224,-7923.0,2063.0
225,-7929.165498169443,2065.348811960489
226,-8031.0,2103.0
227,-8059.781457607692,2111.7544389716677
228,-8145.0,2134.0
229,-8186.322765544766,2141.6996987758994
230,-8217.0,2144.0
231,-8228.816480999036,2144.3812604766968
232,-8312.102794345812,2142.1604406238257
233,-8338.0,2139.0
234,-8399.096228012191,2121.6029576896326
235,-8407.0,2118.0
236,-8488.0,2074.0
237,-8519.835945177234,2051.647349894314
238,-8536.0,2036.0
239,-8543.546420315139,2028.9514150452121
240,-8596.0,1978.0
241,-8651.099146972567,1914.8401868868452
242,-8682.0,1878.0
243,-8760.0,1775.0
244,-8834.0,1664.0
245,-8878.67110215443,1594.6980560952768
246,-8913.0,1535.0
247,-8934.694087428397,1495.6913011732117
248,-8959.0,1450.0
249,-8983.078065208952,1402.1972299528506
250,-9003.0,1361.0
251,-9017.648184344136,1328.300403130046
252,-9025.0,1312.0
253,-9093.493439397584,1162.9847967749995
254,-9108.0,1131.0
255,-9192.766981131075,933.4755314202665
256,-9205.0,904.0
257,-9210.023347733026,892.0135225222293
258,-9222.0,865.0
259,-9223.902416888675,860.880584297119
260,-9261.39323284448,783.7003745502877
261,-9275.0,759.0
262,-9311.70060774935,697.5284207705495
263,-9330.0,668.0
264,-9350.780152843114,635.4641569742365
265,-9369.0,615.0
266,-9375.125475134086,608.8632803979716
267,-9424.560134540741,564.2603008932547
268,-9429.0,561.0
269,-9470.0,538.0
270,-9498.736885281702,528.42162078675
271,-9518.0,526.0
272,-9564.181398782825,528.5155199512811
273,-9574.0,530.0
274,-9595.11593308116,535.6511220732426
275,-9615.0,546.0
276,-9665.0,575.0
277,-9670.412771628728,578.9248836256912
278,-9734.0,630.0
279,-9737.815797517456,633.2298608570927
280,-9763.0,658.0
281,-9768.640609385446,663.8092370030383
282,-9803.0,699.0
283,-9830.281060261215,727.9422967367567
284,-9834.0,732.0
285,-9892.0,801.0
286,-9974.79456835168,909.7263325550488
287,-9975.0,910.0
288,-9998.505879944301,941.7091290327771
289,-10007.0,953.0
290,-10026.911574662803,979.1608446881773
291,-10071.68982486051,1036.6109652718928
292,-10072.0,1037.0
293,-10154.106758729262,1137.2051521847545
294,-10180.0,1168.0
295,-10202.687269475948,1194.6050063767618
296,-10247.0,1245.0
297,-10259.191061732086,1258.5096641273594
298,-10322.0,1326.0
299,-10372.594612290986,1376.8898878439609
300,-10403.0,1406.0
301,-10481.0,1475.0
302,-10528.129089116599,1510.151532879262
303,-10584.0,1546.0
304,-10591.494694434725,1550.4264110224794
305,-10678.0,1595.0
306,-10685.367820194646,1598.2594616437827
307,-10732.0,1617.0
308,-10746.912136947936,1622.3572764682203
309,-10838.0,1648.0
310,-10867.643663381577,1653.441343592288
311,-10905.0,1658.0
312,-10954.521804338436,1659.3014110703368
313,-10983.0,1657.0
314,-11065.0,1638.0
315,-11077.370770071862,1634.021117810098
316,-11141.418160679463,1605.8699586535831
317,-11150.0,1601.0
318,-11246.0,1540.0
319,-11280.634321884181,1510.5378547734774
320,-11284.0,1507.0
321,-11347.0,1440.0
322,-11363.079456027946,1421.1482692108707
323,-11398.0,1377.0
324,-11402.741852265863,1370.745542374566
325,-11448.288170317464,1306.9896832405436
326,-11453.0,1300.0
327,-11497.0,1232.0
328,-11541.0,1160.0
329,-11557.477187637898,1131.5385695502162
330,-11645.0,972.0
331,-11649.776961308668,962.9796673640935
332,-11701.99559021609,860.3271149759468
333,-11723.0,819.0
334,-11763.0,741.0
335,-11768.068251249113,730.9632574970298
336,-11808.0,651.0
337,-11827.866884173229,611.957888518104
338,-11867.0,536.0
339,-11969.265195858965,336.6086380374155
340,-11984.0,308.0
341,-12044.809664268916,190.91188704159865
342,-12085.0,115.0
343,-12112.522082571842,63.96141047010674
344,-12148.052179199545,-0.7460337277130895
345,-12173.0,-46.0
346,-12240.846333701562,-168.57566969301124
347,-12250.0,-185.0
348,-12383.641103603031,-424.34997536692237
349,-12384.0,-425.0
350,-12414.760824090105,-482.35872434654846
351,-12456.0,-561.0
352,-12476.415141430365,-598.5427263688912
353,-12551.0,-735.0
354,-12622.34650869841,-865.5216308627449
355,-12679.0,-958.0
356,-12803.0,-1154.0
357,-12957.0,-1385.0
358,-13050.0,-1537.0
359,-13066.52041506077,-1565.4325655689256
360,-13136.0,-1685.0
361,-13179.809750816365,-1753.9853472442019
362,-13187.0,-1799.0
363,-13189.602079334541,-1822.1672045127202
364,-13201.0,-1963.0
365,-13198.603216107258,-2017.3034993201136
366,-13191.0,-2044.0
367,-13183.752172128112,-2076.1671351287623
368,-13170.0,-2137.0
369,-13162.772880071998,-2163.09677385371
370,-13146.0,-2208.0
371,-13113.776561711958,-2277.3773473100637
372,-13097.0,-2311.0
373,-13030.874959976247,-2413.3249533555563
374,-13002.0,-2443.0
375,-12997.32924147757,-2447.558079877806
376,-12894.829725743268,-2537.5786662131686
377,-12877.0,-2551.0
378,-12847.62094356113,-2571.4296914627444
379,-12778.0,-2610.0
380,-12742.502782269263,-2626.704383464724
381,-12622.0,-2679.0
382,-12574.112417887016,-2697.8869994576016
383,-12521.00267978841,-2713.7203896043698
384,-12476.0,-2728.0
385,-12448.06255653931,-2738.131444210331
386,-12419.0,-2750.0
387,-12365.0,-2780.0
388,-12329.797429946238,-2808.895433755234
389,-12295.0,-2848.0
390,-12264.0,-2897.0
391,-12261.445771887222,-2902.4207541896194
392,-12254.0,-2920.0
393,-12233.904913452088,-2972.199623214533
394,-12225.0,-3001.0
395,-12193.0635216341,-3137.69967353194
396,-12193.0,-3138.0
397,-12184.622463584317,-3182.158596470966
398,-12182.0,-3198.0
399,-12172.979035404347,-3252.6821092983023
400,-12159.0,-3338.0
401,-12157.719298081216,-3345.888326098195
402,-12146.423556877147,-3416.288581383937
403,-12134.0,-3480.0
404,-12132.336693276655,-3487.5267091960914
405,-12106.0,-3582.0
406,-12102.799196696476,-3589.9058594579947
407,-12075.0,-3645.0
408,-12056.0,-3674.0
409,-11973.420876783783,-3759.620436037409
410,-11904.0,-3823.0
411,-11895.792310843788,-3830.3628683250195
412,-11819.105950398507,-3894.8046536160814
413,-11773.0,-3930.0
414,-11764.883800406224,-3936.152582058545
415,-11748.0,-3949.0
416,-11658.0,-4021.0
417,-11584.99608954942,-4081.6376677509193
418,-11550.0,-4111.0
419,-11497.0,-4156.0
420,-11448.226535372109,-4198.614327482759
421,-11394.0,-4248.0
422,-11343.201922559389,-4297.664383132909
423,-11281.0,-4364.0
424,-11226.0,-4429.0
425,-11213.88191133636,-4444.18878297339
426,-11155.0,-4526.0
427,-11079.0,-4646.0
428,-11053.55521809112,-4686.973509939749
429,-11040.692402393053,-4707.103868385627
430,-11030.0,-4722.0
431,-10996.490900688112,-4766.770225501457
432,-10964.0,-4807.0
433,-10930.148505065856,-4841.534435446032
434,-10890.181758108745,-4869.886037234988
435,-10890.0,-4870.0
436,-10859.494237428393,-4887.4737006601645
437,-10847.0,-4893.0
438,-10826.0,-4900.0
439,-10788.187987282192,-4905.9947171967915
440,-10788.0,-4906.0
441,-10753.0,-4902.0
442,-10749.04617641044,-4900.746866886711
443,-10704.69686239421,-4877.532396098017
444,-10684.0,-4863.0
445,-10669.703772006505,-4849.116452480879
446,-10660.0,-4835.0
447,-10654.44900127867,-4826.900772794619
448,-10637.0,-4800.0
449,-10633.075434655242,-4793.089932779717
450,-10620.0,-4767.0
451,-10608.113604499598,-4739.203281942708
452,-10597.0,-4709.0
453,-10592.632394758635,-4695.804779851984
454,-10579.0,-4648.0
455,-10569.454967510475,-4606.292047670997
456,-10567.0,-4595.0
457,-10559.706560043012,-4561.027489313431
458,-10556.0,-4543.0
459,-10543.0,-4475.0
460,-10540.50140651038,-4461.954782846102
461,-10533.0,-4422.0
462,-10520.0,-4339.0
463,-10515.335481437403,-4307.46523503257
464,-10513.0,-4291.0
465,-10506.804357397672,-4243.12944455356
466,-10497.0,-4161.0
467,-10488.0,-4091.0
468,-10479.0,-4019.0
469,-10467.0,-3931.0
470,-10464.21651092009,-3911.616239647718
471,-10455.0,-3849.0
472,-10442.050306701545,-3760.8306838502785
473,-10420.0,-3612.0
474,-10402.652519411065,-3499.9383347896387
475,-10387.887266004192,-3410.3197111749078
476,-10381.0,-3369.0
477,-10371.778446123551,-3313.9905420183613
478,-10363.0,-3260.0
479,-10352.3970257043,-3192.073634739324
480,-10332.05707076159,-3060.0807072755297
481,-10330.0,-3047.0
482,-10315.555708668093,-2956.6826962508344
483,-10305.0,-2892.0
484,-10285.0,-2773.0
485,-10273.0,-2706.0
486,-10260.990326280258,-2638.3586910183494
487,-10232.123973401453,-2475.675900923358
488,-10232.0,-2475.0
489,-10211.0,-2364.0
490,-10191.43714844879,-2266.7799389423217
491,-10168.0,-2153.0
492,-10145.77713313038,-2045.2683068084743
493,-10135.0,-1996.0
494,-10115.934101486315,-1913.317391866285
495,-10091.0,-1809.0
496,-10067.125919708675,-1710.9369803204422
497,-10048.0,-1634.0
498,-10026.39351355996,-1548.458908598995
499,-9989.0,-1405.0
500,-9980.512205250136,-1373.9001463251125
501,-9943.0,-1243.0
502,-9921.0,-1169.0
503,-9899.329241583468,-1099.0040130470338
504,-9847.82650159709,-938.259305143945
505,-9836.0,-902.0
506,-9751.585772456436,-657.4335719598749
507,-9738.0,-620.0
508,-9694.0,-500.0
509,-9666.56978430107,-426.2569995484514
510,-9645.0,-369.0
511,-9632.624363633555,-336.48401287840977
512,-9607.0,-271.0
513,-9554.944170536786,-146.59436705121144
514,-9546.0,-126.0
515,-9507.31436699736,-46.87360084362787
516,-9501.0,-36.0
517,-9479.0,0.0
518,-9458.922381065653,27.90834617573722
519,-9445.0,44.0
520,-9389.0,93.0
521,-9374.707863090342,101.62844022353933
522,-9304.0,126.0
523,-9252.0,129.0
524,-9221.0,126.0
525,-9177.0,116.0
526,-9136.0,101.0
527,-9066.371501782667,64.74721290045345
528,-9042.0,51.0
529,-8989.424610556714,15.429024669259878
530,-8979.0,8.0
531,-8938.0,-21.0
532,-8896.0,-55.0
533,-8891.185618366697,-58.954045369078656
534,-8841.0,-100.0
535,-8830.748694329726,-108.47780718598908
536,-8777.902447723289,-152.83188331677948
537,-8753.0,-174.0
538,-8681.0,-236.0
539,-8665.518543507606,-249.611123059253
540,-8564.682314328356,-340.26909389210044
541,-8530.0,-372.0
542,-8503.280825119045,-396.7637883724913
543,-8454.24925714228,-443.90870461369104
544,-8418.0,-479.0
545,-8331.437970036297,-562.5789327923128
546,-8331.0,-563.0
547,-8257.151829351535,-633.1157921884555
548,-8205.0,-681.0
549,-8198.222439310608,-687.1831868140739
550,-8094.0,-781.0
551,-8055.22887190923,-814.8174043900672
552,-7925.830304266981,-924.1669393047712
553,-7800.244636760847,-1025.7977293750753
554,-7764.0,-1054.0
555,-7730.564004903999,-1079.3649280920342
556,-7628.0,-1150.0
557,-7531.035594317193,-1208.7188637617696
558,-7494.0,-1230.0
559,-7352.0,-1301.0
560,-7271.282211655364,-1332.0861341864213
561,-7122.0,-1382.0
562,-7109.458644730435,-1385.7470698263687
563,-7006.963412586536,-1407.888092671408
564,-6988.0,-1411.0
565,-6821.0,-1434.0
566,-6585.699247492307,-1450.886632622654
567,-6552.0,-1453.0
568,-6492.172143568425,-1456.213154815254
569,-6479.0,-1457.0
570,-6409.491891889457,-1461.3868520889148
571,-6263.0,-1471.0
572,-6160.741351640942,-1478.016317154509
573,-6132.0,-1480.0
574,-6044.824648723128,-1485.9864561066138
575,-5927.0,-1494.0
576,-5793.0,-1503.0
577,-5717.146656871345,-1508.0575051984129
578,-5673.0,-1511.0
579,-5493.0,-1523.0
580,-5472.927829309512,-1524.3293901236514
581,-5232.040045499775,-1540.162275073079
582,-5188.0,-1543.0
583,-4989.7121035555965,-1555.2356663490623
584,-4927.0,-1559.0
585,-4893.1966974533325,-1561.0388446146953
586,-4776.649941652682,-1568.0805184110327
587,-4663.0,-1574.0
588,-4601.0,-1577.0
589,-4586.986499510169,-1577.6981061314282
590,-4320.0,-1590.0
591,-4233.323076439731,-1592.7240056297703
592,-4084.0,-1597.0
593,-4000.796947367333,-1599.0110625606994
594,-3948.633759247581,-1598.8183044958832
595,-3927.0,-1599.0
596,-3836.0647276479576,-1600.2699974016716
597,-3802.0,-1601.0
598,-3613.485356917865,-1607.4908126897196
599,-3597.0,-1608.0
600,-3426.0,-1612.0
601,-3317.47912820042,-1614.7841289171645
602,-3240.0,-1618.0
603,-3148.7872134422137,-1622.9692873049798
604,-3006.0,-1632.0
605,-2933.387887005246,-1637.3258315738053
606,-2880.0,-1643.0
607,-2861.378681539266,-1645.1305832930148
608,-2748.8979665256556,-1659.127572163767
609,-2730.0,-1662.0
610,-2637.7142170496154,-1685.9404409893539
611,-2628.0,-1690.0
612,-2577.0202395199203,-1715.8111726386287
613,-2572.0,-1719.0
614,-2534.0,-1749.0
615,-2500.1947849938656,-1793.3405144212245
616,-2486.0,-1822.0
617,-2479.0873156453617,-1840.3680233162163
618,-2468.0,-1878.0
619,-2458.470665742242,-1914.0815853806673
620,-2455.0,-1928.0
621,-2438.2313763071897,-1997.7424017933008
622,-2430.0,-2030.0
623,-2416.301177559947,-2074.8686231906254
624,-2401.8352384294844,-2109.199385887625
625,-2397.0,-2120.0
626,-2359.3740641813056,-2199.374372268472
627,-2356.0,-2206.0
628,-2338.0,-2239.0
629,-2328.8083950109713,-2253.6741500928633
630,-2252.0,-2357.0
631,-2223.0090725704836,-2390.472773273199
632,-2178.0,-2428.0
633,-2115.0,-2472.0
634,-2067.0,-2498.0
635,-1935.0,-2549.0
636,-1837.9428837469463,-2571.859893184254
637,-1793.0,-2581.0
638,-1758.226036371352,-2587.2405074121934
639,-1679.0,-2596.0
640,-1559.630652147233,-2604.968912891105
641,-1559.0,-2605.0
642,-1388.0,-2610.0
643,-1314.6455215183692,-2610.80031436917
644,-1205.0,-2611.0
645,-1101.0,-2612.0
646,-1043.461606979445,-2612.926200876184
647,-996.0,-2614.0
648,-876.6072803156083,-2617.9779931610215
649,-876.0,-2618.0
650,-729.078214982914,-2623.5521098372765
651,-654.0,-2627.0
652,-552.6942199928345,-2632.3669753001113
653,-540.0,-2633.0
654,-450.32468534746477,-2637.250677733013
655,-437.0,-2638.0
656,-333.0,-2645.0
657,-296.0554964939076,-2647.614161445968
658,-51.0,-2665.0
659,18.78931325711626,-2669.569492990451
660,69.0,-2671.0
661,152.80404323469597,-2673.0077940468504
662,268.0,-2672.0
663,358.0,-2664.0
664,418.28811531336913,-2654.1851412401793
665,519.0,-2628.0
666,570.3445992230219,-2608.792057913633
667,610.0,-2590.0
668,668.188039767707,-2555.039884193483
669,695.0,-2537.0
670,798.0,-2449.0
671,836.3356755076206,-2406.0195943089884
672,918.0,-2308.0
673,958.0737051140436,-2256.845058103344
674,1000.9672540159197,-2192.137072931297
675,1026.97422511967,-2137.2557612933397
676,1033.0,-2125.0
677,1067.1449607151253,-2056.936242939427
678,1086.0,-2016.0
679,1146.0,-1839.0
680,1187.0,-1601.0
681,1197.8148390545136,-1512.3427609697596
682,1196.2104830304984,-1429.6833954610902
683,1196.0,-1417.0
684,1194.026677479924,-1313.7832044126471
685,1194.0,-1313.0
686,1187.0564879054912,-1189.744222963674
687,1187.0,-1189.0
688,1170.0,-1025.0
689,1159.7821059922994,-952.8176236164132
690,1156.0,-928.0
691,1144.2314277381854,-854.1024011379183
692,1128.0,-756.0
693,1089.2078251934904,-523.1279412262377
694,1082.0,-480.0
1,1048.3026028072281,-271.22680542801396
2,1017.1280838926644,-81.9961149007073
3,1015.0,-69.0
4,994.5187819231172,60.10118341434602
5,980.0,155.0
6,957.5600588863382,301.7497628339829
7,945.0,384.0
8,918.8294666610082,557.1765951589766
9,906.0,647.0
10,895.5273797016866,720.1205064968116
11,879.0,836.0
12,859.0,978.0
13,849.2232644857412,1047.1677239387589
14,830.0,1185.0
15,825.6811619933961,1217.2924158353871
16,810.7437350725064,1333.7764693265362
17,807.0,1363.0
18,784.0,1541.0
19,781.690901917539,1559.0513762582
20,764.0986365524917,1698.2054538543043
21,762.0,1715.0
22,744.4829260644435,1857.2659650898222
23,733.0,1952.0
24,696.0,2261.0
25,681.7733484627242,2386.087835841844
26,667.0,2527.0
27,662.4184417874161,2569.510381865572
28,648.0,2694.0
29,618.2762676104238,2917.996309892529
30,613.0,2956.0
31,595.0,3060.0
32,591.3134413672705,3077.1628952124656
33,557.0,3230.0
34,554.3634654191575,3240.2292016315496
35,543.0,3279.0
36,516.5555029902762,3342.787266734371
37,460.0,3446.0
38,413.43859898399603,3507.5038749792984
39,342.0,3557.0
40,321.0,3569.0
41,286.61676117841097,3585.3330386538573
42,247.0,3600.0
43,178.0,3620.0
44,143.68694772366308,3627.6036449128715
45,31.0,3649.0
46,-102.0,3682.0
47,-235.0,3744.0
48,-347.0,3829.0
49,-354.07832284764953,3835.2412783512445
50,-395.0,3869.0
51,-399.48235414558377,3872.897085343693
52,-461.07804606812624,3928.729007616994
53,-511.0,3969.0
54,-554.9591646446089,4002.227618888944
55,-594.0,4031.0
56,-631.5885552721276,4055.3029696516137
57,-642.0,4059.0
58,-658.937829677034,4065.4289610725373
59,-716.0,4085.0
60,-747.974394734107,4090.65113340016
61,-783.0,4090.0
62,-862.0,4074.0
63,-876.4460083122087,4069.7811312659596
64,-897.7787175146749,4059.729437293566
65,-907.0,4054.0
66,-947.0,4026.0
67,-950.8916247873024,4022.7810938271796
68,-979.1177685330756,3995.1308887996724
69,-995.0,3976.0
70,-1021.1064864564696,3937.8186417609973
71,-1029.0,3924.0
72,-1048.0,3885.0
73,-1058.5426392264812,3860.4630997890085
74,-1067.0,3837.0
75,-1090.5278849253689,3751.2677953398024
76,-1106.0,3689.0
77,-1108.7346382237358,3678.244129933585
78,-1116.352939387689,3646.833840693928
79,-1121.0,3603.0
80,-1133.0,3449.0
81,-1133.933096225233,3432.860506580076
82,-1133.2842951070927,3393.7851309324355
83,-1133.0,3388.0
84,-1127.173717640386,3289.6281904416273
85,-1126.0,3278.0
86,-1109.2326306808284,3156.464964367141
87,-1094.0,3069.0
88,-1076.866242178401,2992.29791422188
89,-1056.896984749504,2928.311330085225
90,-1052.0,2913.0
91,-1021.0,2819.0
92,-1004.7882194942647,2773.366746875104
93,-965.0,2667.0
94,-920.8709810746595,2556.4569540804705
95,-887.0,2476.0
96,-857.6462372843345,2407.567160991383
97,-848.0,2385.0
98,-789.0,2245.0
99,-788.7522125102304,2244.409744706062
100,-739.0,2125.0
101,-708.9399194786562,2050.195424277005
102,-700.0,2028.0
103,-633.0,1855.0
104,-615.6493074441821,1805.511736344838
105,-571.0,1676.0
106,-534.850825728448,1570.3365215497606
107,-513.0,1478.0
108,-493.6105107225842,1391.492315995395
109,-461.0,1242.0
110,-445.7331422198246,1147.0790712653657
111,-443.0,1119.0
112,-435.8500572306714,1031.202650396869
113,-431.0,952.0
114,-428.6638947570536,838.5476623992915
115,-430.0,796.0
116,-434.46679133767555,732.9570739252608
117,-437.0,704.0
118,-442.35038710635325,646.7457809117186
119,-465.0,568.0
120,-517.0,455.0
121,-526.7012645771812,435.9495014264523
122,-557.0,399.0
123,-588.999889221337,376.6348337049886
124,-664.6268364691047,328.02276146165764
125,-732.7034705911517,286.6604010716816
126,-884.8777079690954,220.2307926523704
127,-946.0,203.0
128,-966.8658492241411,198.18734917707303
129,-1030.0,186.0
130,-1069.5480667582706,179.21031013530302
131,-1146.0890793697386,168.18870893841603
132,-1156.0,167.0
133,-1291.0,156.0
134,-1291.529573689859,155.97935877190415
135,-1322.0,155.0
136,-1361.3168712119568,153.2571080761383
137,-1426.0,151.0
138,-1470.4662853415607,151.69838357972296
139,-1544.0,154.0
140,-1566.9538837378232,154.955989081548
141,-1752.0,168.0
142,-1788.7350523688822,170.94731540901972
143,-1813.0,173.0
144,-1913.9371630031562,182.74505407201204
145,-1937.0,185.0
146,-2002.9955706705332,191.17832491802048
147,-2170.0,206.0
148,-2358.0,223.0
149,-2359.01866046587,223.09088620469404
150,-2499.213468855932,234.792057565101
151,-2577.0,241.0
152,-2600.0603675814573,243.0098730689902
153,-2704.0,252.0
154,-2818.2946288428266,261.18500319558814
155,-2904.0,268.0
156,-3034.7446786054484,278.8048893958145
157,-3093.0,283.0
158,-3212.0,291.0
159,-3212.9305478251013,291.0674151208495
160,-3576.0,320.0
161,-3645.4918471607098,325.56990937750084
162,-3759.188263090657,334.4014842322981
163,-3844.0,341.0
164,-4015.077484494654,354.67128510809516
165,-4031.0,356.0
166,-4172.0,368.0
167,-4235.32593368835,373.0066299594392
168,-4299.0,378.0
169,-4426.189388331751,388.7038312495015
170,-4506.0,396.0
171,-4698.0,416.0
172,-4746.0,422.0
173,-5163.0,497.0
174,-5322.61123504153,542.272018500262
175,-5445.0,586.0
176,-5456.714122421434,590.4274644724715
177,-5617.297260101856,660.306048350127
178,-5643.0,673.0
179,-5761.8032437395,733.8392740819185
180,-5822.0,766.0
181,-5904.937116491013,812.3380153892117
182,-6012.0,875.0
183,-6157.7978255050475,961.7700345357366
184,-6230.0,1005.0
185,-6332.385306592089,1066.9765729362548
186,-6375.0,1093.0
187,-6478.440507317096,1155.9794726524904
188,-6601.0,1231.0
189,-6671.18430422217,1274.1330060445493
190,-6853.0,1386.0
191,-6912.9027420766015,1422.5331725714911
192,-6949.0,1446.0
193,-7031.141329322126,1500.2502341768488
194,-7093.0,1541.0
195,-7237.99198079282,1635.5332027466025
196,-7251.0,1644.0
197,-7364.0,1718.0
198,-7418.140985059372,1754.051672943313
199,-7603.0,1879.0
200,-7627.550025866076,1895.9804205035234
201,-7686.014442483676,1938.2645927017386
202,-7711.0,1953.0
203,-7747.751754520474,1973.3507284144782
204,-7891.150425874642,2048.197920558444
205,-7909.0,2057.0
206,-7985.651379862571,2088.395808432754
207,-8003.0,2094.0
208,-8061.0,2112.0
209,-8096.694574059931,2121.9803319770594
210,-8180.0,2139.0
211,-8244.875232999979,2145.263924425105
212,-8267.0,2146.0
213,-8353.177609280492,2134.966857998531
214,-8381.0,2127.0
215,-8399.0,2121.0
216,-8427.372963897109,2108.020659682835
217,-8494.87073135422,2067.252133278235
218,-8518.0,2051.0
219,-8564.6679642942,2012.9088521620442
220,-8638.459216394227,1932.167047227891
221,-8642.0,1928.0
222,-8674.497625537892,1888.1825370064817
223,-8692.0,1866.0
224,-8748.0,1792.0
225,-8761.899040306038,1771.9996919502867
226,-8855.0,1631.0
227,-8891.564946086877,1573.7870431666643
228,-8927.0,1511.0
229,-8927.19077323196,1510.641060056802
230,-8970.0,1427.0
231,-9006.606455127298,1351.53981523198
232,-9059.0,1241.0
233,-9092.75714317233,1167.2543079325794
234,-9131.0,1076.0
235,-9155.134860392727,1019.4006089590744
236,-9170.0,985.0
237,-9235.0,837.0
238,-9235.205174080635,836.5415609478201
239,-9260.0,787.0
240,-9274.284098043761,761.9171779670269
241,-9319.0,684.0
242,-9360.0,626.0
243,-9360.290056241372,625.6818756793367
244,-9408.0,577.0
245,-9424.260627774946,561.1836819127645
246,-9450.74327806626,541.6444977215218
247,-9472.0,537.0
248,-9508.885560903236,529.2521198874143
249,-9540.0,525.0
250,-9555.754876129144,525.404805584865
251,-9584.0,534.0
252,-9596.093219078613,538.4570210925091
253,-9617.0,547.0
254,-9636.566156640225,556.9283801160054
255,-9664.73967195794,574.7622278423577
256,-9668.0,577.0
257,-9695.0,597.0
258,-9698.534283051104,599.8390113112835
259,-9732.209458412166,629.1788560657931
260,-9742.0,638.0
261,-9773.0,667.0
262,-9799.710058855972,695.3138058506777
263,-9837.518105809117,737.6283651354512
264,-9845.0,746.0
265,-9886.0,793.0
266,-9892.58689390244,801.1499651452425
267,-9923.0,840.0
268,-9960.173367874759,890.5478090771987
269,-9974.0,909.0
270,-10036.044681155585,989.519551012224
271,-10041.0,996.0
272,-10068.954653318495,1033.296297069172
273,-10100.0,1073.0
274,-10132.96182571882,1111.8906732129183
275,-10139.0,1119.0
276,-10209.0,1202.0
277,-10249.317522397441,1248.234872714886
278,-10281.0,1282.0
279,-10305.60865378882,1307.353354055974
280,-10407.930859795824,1409.356571327518
281,-10440.0,1440.0
282,-10464.560073098437,1462.3114350623728
283,-10515.0,1500.0
284,-10540.630281273125,1518.3651475440543
285,-10590.0,1550.0
286,-10633.247054137066,1572.4841543875093
287,-10746.0,1622.0
288,-10796.43646392809,1640.5205271754348
289,-10849.0,1650.0
290,-10878.0,1655.0
291,-10907.1620138166,1656.555736997394
292,-11018.937134865177,1649.7620851698157
293,-11026.0,1649.0
294,-11052.844314355316,1643.8027534495568
295,-11067.0,1637.0
296,-11094.956331687974,1625.346107719637
297,-11150.681944500138,1600.9170052502334
298,-11191.0,1577.0
299,-11269.51345194338,1519.224249631914
300,-11282.0,1509.0
301,-11321.0,1469.0
302,-11325.60924071575,1463.7877390913059
303,-11370.5925628562,1412.495679064144
304,-11376.0,1406.0
305,-11463.0,1286.0
306,-11473.194837793326,1270.264685263427
307,-11498.0,1231.0
308,-11544.0,1156.0
309,-11554.343425565805,1138.3504586323804
310,-11589.0,1077.0
311,-11594.234626574029,1067.523476743642
312,-11644.0,975.0
313,-11674.463968033238,916.3706686450728
314,-11694.0,878.0
315,-11734.0,798.0
316,-11745.721032806417,774.6842573917295
317,-11846.0,577.0
318,-11861.91652763911,545.5670262949768
319,-11935.0,402.0
320,-11940.440384968011,391.53115649442793
321,-11982.0,312.0
322,-12011.311247767373,256.03767339364316
323,-12024.0,232.0
324,-12084.29339838585,119.2730801035518
325,-12167.0,-34.0
326,-12183.046487519274,-63.853788135745354
327,-12225.0,-141.0
328,-12284.972301088605,-247.15364369603822
329,-12299.0,-272.0
330,-12340.30124828241,-345.64648838018405
331,-12373.0,-405.0
332,-12404.689733557154,-463.9299416049205
333,-12453.188726645472,-555.8906348801177
334,-12472.0,-591.0
335,-12547.0,-728.0
336,-12561.512895927253,-754.1824014481654
337,-12625.0,-867.0
338,-12632.18219035762,-879.4259190454314
339,-12684.0,-966.0
340,-12694.236619950854,-982.4847289798303
341,-12825.0,-1187.0
342,-12854.83905837102,-1232.5399022557624
343,-12959.0,-1387.0
344,-12975.931679908497,-1414.3386418840669
345,-13019.0,-1487.0
346,-13026.104823676069,-1498.8668000918913
347,-13123.0,-1662.0
348,-13157.427684900176,-1725.8483937873293
349,-13188.433167788544,-1804.3737580400355
350,-13198.0,-1851.0
351,-13200.993971173066,-1875.809932119378
352,-13168.0,-2143.0
353,-13140.0022965176,-2222.845544263157
354,-13134.0,-2237.0
355,-13113.18275568796,-2280.9342011660037
356,-13102.0,-2302.0
357,-13064.0,-2364.0
358,-13034.718738034635,-2404.15131522639
359,-13008.0,-2436.0
360,-12990.124248274893,-2455.1209680059046
361,-12946.0,-2497.0
362,-12912.240177868276,-2525.306040544995
363,-12860.0,-2563.0
364,-12817.063624820652,-2589.1572899341777
365,-12781.0,-2609.0
366,-12700.0,-2648.0
367,-12641.690925408784,-2671.275313063643
368,-12574.0,-2695.0
369,-12537.7391761865,-2707.424126956156
370,-12454.0,-2736.0
371,-12430.986160640661,-2744.0781642513157
372,-12389.0,-2765.0
373,-12334.975888787152,-2805.558566922377
374,-12314.0,-2825.0
375,-12269.902886031163,-2886.0506472226916
376,-12261.0,-2904.0
377,-12241.862724342169,-2951.1613033535677
378,-12233.0,-2976.0
379,-12210.0,-3060.0
380,-12209.918971790576,-3060.370603978023
381,-12190.7998124112,-3153.374678170538
382,-12183.0,-3193.0
383,-12179.569355031672,-3210.893187866606
384,-12173.412797421965,-3247.235683238942
385,-12171.0,-3263.0
386,-12162.0,-3322.0
387,-12155.517314400095,-3361.953946657998
388,-12144.0,-3427.0
389,-12129.0,-3504.0
390,-12119.337387623675,-3556.3240610456846
391,-12089.0,-3621.0
392,-12080.645453273286,-3633.749919222677
393,-12012.0,-3725.0
394,-11974.31849591672,-3769.1715553069703
395,-11932.36366202068,-3801.7722947133125
396,-11900.0,-3826.0
397,-11838.508666652431,-3877.135268589972
398,-11790.0,-3917.0
399,-11723.0,-3969.0
400,-11722.44945712911,-3969.43681843244
401,-11571.0,-4093.0
402,-11536.605370695726,-4121.669388374859
403,-11475.324202523674,-4174.253621808366
404,-11431.0,-4214.0
405,-11430.733888714114,-4214.242191538503
406,-11360.111613327175,-4280.841944751346
407,-11323.0,-4319.0
408,-11277.747242655836,-4367.499247085014
409,-11256.0,-4392.0
410,-11222.173212632484,-4432.675686471047
411,-11176.231423315061,-4494.8582631207
412,-11166.0,-4510.0
413,-11146.0,-4541.0
414,-11107.614296393644,-4600.953163378406
415,-11065.0,-4668.0
416,-11034.0,-4716.0
417,-11023.284204723801,-4730.863189963467
418,-10962.0,-4810.0
419,-10941.895419522074,-4833.816319059678
420,-10923.0,-4846.0
421,-10880.10322348885,-4874.500217379306
422,-10854.0,-4890.0
423,-10821.099126943232,-4904.738993657072
424,-10760.685056077347,-4904.73690803847
425,-10754.0,-4903.0
426,-10704.832211870149,-4880.033602255633
427,-10695.0,-4873.0
428,-10678.475792160694,-4857.670742696402
429,-10666.0,-4842.0
430,-10645.26966647824,-4811.227408528959
431,-10625.0,-4776.0
432,-10616.468642219601,-4758.457046067833
433,-10593.094995264713,-4694.533124394184
434,-10591.0,-4688.0
435,-10582.424075517807,-4659.336287600223
436,-10574.991819998739,-4628.7343270155325
437,-10571.0,-4611.0
438,-10562.596653723076,-4572.553263212866
439,-10555.0,-4537.0
440,-10549.143998019501,-4507.477448681069
441,-10543.0,-4472.0
442,-10532.396016066492,-4412.754010406158
443,-10523.0,-4358.0
444,-10515.151180749672,-4307.557747313962
445,-10501.41199157585,-4196.652373960339
446,-10498.0,-4168.0
447,-10495.084061106601,-4144.513865239873
448,-10489.0,-4098.0
449,-10485.666015808289,-4072.5192483222454
450,-10478.0,-4014.0
451,-10467.714214738098,-3936.1122491441674
452,-10461.0,-3887.0
453,-10456.582085550011,-3855.6285807877657
454,-10444.414498457429,-3772.3775238132653
455,-10443.0,-3763.0
456,-10428.24600401146,-3668.3039521436062
457,-10426.0,-3654.0
458,-10404.328739367524,-3515.8635708963743
459,-10396.0,-3463.0
460,-10380.846601364428,-3368.555877195824
461,-10369.0,-3296.0
462,-10365.637835877906,-3274.62781800221
463,-10346.0,-3149.0
464,-10342.303374186278,-3125.6391931858593
465,-10330.0,-3049.0
466,-10292.0,-2817.0
467,-10288.697577518202,-2797.2236434862966
468,-10261.22794209011,-2637.6405484272586
469,-10238.0,-2509.0
470,-10236.667266412209,-2501.550187173618
471,-10220.448676775124,-2413.045281346259
472,-10215.0,-2385.0
473,-10150.0,-2062.0
474,-10146.095751365208,-2043.6962894426626
475,-10115.127584544314,-1909.5483080489876
476,-10100.0,-1848.0
477,-10076.35817186025,-1751.0122724970315
478,-10047.0,-1631.0
479,-10021.808499906898,-1529.71659655277
480,-10000.0,-1448.0
481,-9922.0,-1172.0
482,-9901.085824589542,-1100.0752749526384
483,-9884.431540408556,-1047.8091758356045
484,-9866.0,-994.0
485,-9861.998799753375,-982.1041581726149
486,-9811.336914472464,-830.5035863599012
487,-9801.0,-800.0
488,-9770.0,-710.0
489,-9749.06754413765,-650.5859627546316
490,-9704.0,-526.0
491,-9680.841710828397,-463.63875430906654
492,-9667.0,-427.0
493,-9641.482132621575,-360.4980310763925
494,-9593.0,-236.0
495,-9568.473955996627,-172.75260404746936
496,-9529.0,-90.0
497,-9476.729424886735,1.204114071800404
498,-9472.0,9.0
499,-9439.424914469082,54.14250404503418
500,-9413.0,74.0
501,-9412.803596007898,74.16089366886466
502,-9396.0,88.0
503,-9372.459868330756,105.60694482354319
504,-9318.0,123.0
505,-9277.940819195008,126.44695142317165
506,-9239.0,128.0
507,-9182.948665981308,122.91942499310036
508,-9159.0,110.0
509,-9155.535906998488,108.5529218189285
510,-9097.0,83.0
511,-9024.0,40.0
512,-8903.08265453962,-47.472367458157024
513,-8867.0,-78.0
514,-8808.0,-127.0
515,-8731.0,-192.0
516,-8682.899425845751,-233.72485748003774
517,-8598.0,-309.0
518,-8528.247922365155,-373.38774063615057
519,-8473.0,-426.0
520,-8472.754035071035,-426.23544354720076
521,-8388.267181414882,-507.5438777233955
522,-8369.0,-526.0
523,-8269.064036091391,-621.4435518090953
524,-8259.0,-631.0
525,-8197.061642786657,-688.411791710139
526,-8158.0,-723.0
527,-8080.0,-793.0
528,-8070.481849925678,-801.5440335119022
529,-7999.0,-865.0
530,-7998.542142909222,-865.3958274778531
531,-7884.378192286406,-959.7040210205171
532,-7826.0,-1006.0
533,-7785.923057017486,-1037.3458255255498
534,-7756.0,-1060.0
535,-7681.275922994017,-1113.0255559302784
536,-7661.0,-1127.0
537,-7562.0,-1191.0
538,-7360.309349971146,-1295.1126861651867
539,-7326.0,-1311.0
540,-7059.352308835491,-1396.9635136931474
541,-7040.0,-1401.0
542,-6980.925979530071,-1412.3087793481764
543,-6855.583124518593,-1430.351727626221
544,-6831.0,-1433.0
545,-6718.0,-1443.0
546,-6625.219362418958,-1449.100175505178
547,-6471.0,-1458.0
548,-6412.489412922543,-1462.080076067782
549,-6399.0,-1463.0
550,-6269.0,-1471.0
551,-6164.281450361831,-1477.6013379663611
552,-5988.254573193352,-1489.1214558163795
553,-5975.0,-1490.0
554,-5797.0,-1502.0
555,-5796.116706904614,-1502.0592135242136
556,-5466.0,-1524.0
557,-5450.405222696054,-1525.0210567797958
558,-5377.388297383011,-1529.6730512524664
559,-5314.0,-1534.0
560,-5196.922159315606,-1542.4940559722274
561,-5130.0,-1547.0
562,-5028.437988460545,-1553.0570413452344
563,-4945.0,-1558.0
564,-4836.121190477611,-1565.0722048177245
565,-4821.0,-1566.0
566,-4603.0,-1577.0
567,-4545.955138807763,-1579.722648524309
568,-4415.0,-1586.0
569,-4349.445932713328,-1589.1528305397424
570,-4243.0,-1593.0
571,-4185.532695305975,-1594.400709122841
572,-3960.9048330852665,-1598.7276684066142
573,-3944.0,-1599.0
574,-3820.680868380529,-1600.3035038535472
575,-3755.0,-1602.0
576,-3695.571990623258,-1604.2101061982248
577,-3597.0,-1608.0
578,-3375.4753211120037,-1613.725583657241
579,-3329.0,-1615.0
580,-3237.0,-1618.0
581,-3128.6505750078136,-1623.9888066725293
582,-3114.0,-1625.0
583,-2924.0,-1639.0
584,-2834.5080412542834,-1646.1895461998092
585,-2800.06983288381,-1651.0818607422434
586,-2794.0,-1652.0
587,-2722.0,-1664.0
588,-2691.028331414199,-1670.9573870559752
589,-2623.9595172362783,-1692.5428490985937
590,-2618.0,-1695.0
591,-2571.0,-1719.0
592,-2546.0632934108535,-1738.238985545449
593,-2533.0,-1751.0
594,-2487.0,-1820.0
595,-2481.653736453134,-1832.6069581794009
596,-2462.0,-1898.0
597,-2461.9174056123866,-1898.3294254294342
598,-2450.0,-1950.0
599,-2438.0478956251995,-1999.874510407913
600,-2426.0,-2042.0
601,-2423.9380906042365,-2048.37415562407
602,-2404.0,-2103.0
603,-2385.7298047323966,-2146.848212978615
604,-2380.0,-2159.0
605,-2364.0,-2190.0
606,-2360.6058057750856,-2196.427997230092
607,-2338.0,-2238.0
608,-2297.07677357397,-2300.6055571952793
609,-2293.0,-2306.0
610,-2229.119667322897,-2379.433182186461
611,-2215.0,-2394.0
612,-2126.7873025981658,-2464.5477664709774
613,-2112.0,-2473.0
614,-2058.3637795293416,-2501.214984535838
615,-2020.0,-2519.0
616,-1949.1829682770485,-2544.6392205393995
617,-1868.0,-2565.0
618,-1850.511562149666,-2569.024705621397
619,-1783.0,-2582.0
620,-1782.6201313925885,-2582.0633055951935
621,-1702.0,-2594.0
622,-1653.7677125073178,-2598.6535216489083
623,-1606.0,-2602.0
624,-1556.6354232013618,-2604.9068459903583
625,-1486.0,-2608.0
626,-1408.6191977444673,-2609.9570613775372
627,-1318.0,-2611.0
628,-1203.3124037010439,-2611.4573132635587
629,-1122.0,-2612.0
630,-1046.6694350342852,-2613.1165123790734
631,-877.0,-2618.0
632,-856.4904667875086,-2618.700721676468
633,-772.1939477586599,-2621.930878860889
634,-681.0,-2626.0
635,-531.7586912965035,-2633.1053692193063
636,-441.0,-2638.0
637,-377.46079555651596,-2641.832515347397
638,-301.0,-2647.0
639,-106.0,-2661.0
640,-29.704583035792183,-2665.896283886885
641,108.25020885171844,-2672.367532849514
642,172.0,-2674.0
643,209.8219023011933,-2674.39055873793
644,288.657344003009,-2672.157437311997
645,344.0,-2666.0
646,365.58473160003746,-2662.8892840538224
647,468.0,-2643.0
648,479.5408220280019,-2639.921978706983
649,572.0,-2607.0
650,601.8126987788743,-2592.884592005347
651,658.0,-2561.0
652,730.6646981151719,-2508.556576936928
653,789.0,-2457.0
654,843.092505260017,-2400.5370089971466
655,865.0,-2375.0
656,927.0,-2295.0
657,927.2752016574107,-2294.6260947083615
658,975.4112456877966,-2222.537671714567
659,980.0,-2215.0
660,1033.0,-2124.0
661,1074.4621260644246,-2039.6347368639413
662,1084.0,-2018.0
663,1140.0,-1859.0
664,1191.0,-1549.0
665,1193.4127418661374,-1530.0860723782282
666,1196.0,-1432.0
667,1194.194874393582,-1380.9191619308147
668,1182.0,-1136.0
669,1180.5668991430896,-1116.4575848851516
670,1164.976545976472,-980.0326140419246
671,1150.0,-889.0
672,1132.4582954859493,-783.6340325673502
673,1108.390356203593,-640.2592136259294
674,1091.0,-536.0
675,1089.3005258412709,-525.7348577964412
676,1075.0,-438.0
4,951.0,346.0
5,936.1560682641173,440.5764010760302
6,918.0,562.0
7,897.0,710.0
8,866.0,923.0
9,863.7774213399141,939.1712096044673
10,847.0,1066.0
11,838.4711403692554,1129.45081244288
12,821.0,1258.0
13,804.0,1386.0
14,800.3050308762424,1414.1373227116753
15,777.0,1597.0
16,773.3845555310671,1625.9628265997258
17,745.0,1854.0
18,729.5104878655518,1975.108118224588
19,726.0,2005.0
20,700.6451330814108,2227.8325931584095
21,683.0,2385.0
22,677.6592608678191,2433.303526841325
23,670.0,2502.0
24,648.8627959837631,2682.364852065064
25,645.0,2715.0
26,634.4940456213053,2803.4025128600924
27,622.0,2898.0
28,615.7022619885502,2939.3077718154973
29,607.0,2993.0
30,590.3326749716837,3088.324249272909
31,582.0,3126.0
32,555.2485538384675,3225.5321975287125
33,517.1239395309209,3346.6394974426853
34,517.0,3347.0
35,505.56236771836774,3373.4538211592585
36,496.0,3386.0
37,401.0,3512.0
38,282.0,3587.0
39,220.0,3609.0
40,179.7298450690779,3619.3139213817385
41,139.0,3628.0
42,81.69554269178434,3639.6006134971017
43,49.0,3646.0
44,0.20487485924988613,3655.4968887906466
45,-16.0,3659.0
46,-97.0,3681.0
47,-129.94044013309735,3692.4882356421076
48,-193.0,3719.0
49,-266.59519242340116,3763.5082140856866
50,-324.0,3809.0
51,-404.1837781677102,3876.362613912094
52,-446.0,3912.0
53,-477.9450826629218,3939.3614831508357
54,-531.2390178860157,3985.0446139842443
55,-551.0,4000.0
56,-576.8340032787264,4018.8741804473107
57,-599.0,4034.0
58,-631.0,4053.0
59,-641.5783188607838,4058.4834357604923
60,-683.7542171507572,4076.2670091864193
61,-689.0,4078.0
62,-752.0,4090.0
63,-768.1629046915938,4090.3308068366728
64,-821.0,4085.0
65,-868.0,4072.0
66,-884.0,4065.0
67,-914.2706347691999,4050.4454193072525
68,-949.0,4024.0
69,-1004.1014079492323,3961.862026761825
70,-1012.0,3952.0
71,-1041.6933664797762,3899.6937267516814
72,-1047.0,3887.0
73,-1058.0,3861.0
74,-1062.2286443990631,3850.6242496077393
75,-1076.0,3812.0
76,-1090.7315221033386,3756.408042558174
77,-1106.4093378595433,3686.5060196669547
78,-1108.0,3679.0
79,-1116.796022332804,3634.3776534880813
80,-1122.7688944795132,3593.032157011944
81,-1126.0,3559.0
82,-1129.0,3519.0
83,-1132.8982937641283,3460.244492286618
84,-1133.0,3431.0
85,-1130.7723788452877,3366.747450064355
86,-1123.0,3245.0
87,-1119.7270886899614,3209.376056618123
88,-1112.0,3167.0
89,-1088.0,3043.0
90,-1075.0397100144648,2991.427741477838
91,-1047.0,2897.0
92,-1043.54216770442,2886.0154994771224
93,-1014.0,2797.0
94,-983.0,2714.0
95,-949.2333656449679,2626.662384050533
96,-945.0,2616.0
97,-900.0,2507.0
98,-869.0398376137032,2433.694093378847
99,-803.0,2278.0
100,-777.1935911886824,2216.7525132784194
101,-744.0,2136.0
102,-733.1433044662048,2109.046720404386
103,-670.2601407190266,1950.5079807691418
104,-598.7397273817389,1758.9430833486706
105,-567.0,1664.0
106,-522.9059166934687,1516.9141370346183
107,-506.0,1454.0
108,-496.94527654587563,1418.004971888664
109,-478.0,1334.0
110,-455.22677375099687,1209.5907377194949
111,-451.0,1181.0
112,-438.2192645453497,1067.3308454978373
113,-435.0,1028.0
114,-430.6551288326769,946.9912503387887
115,-429.0,886.0
116,-428.1050717389627,829.8468964465885
117,-431.0,775.0
118,-444.42330380127726,671.4576517894337
119,-455.0,606.0
120,-465.07425404620903,555.8715580951567
121,-486.0,515.0
122,-522.0,448.0
123,-526.213699217477,441.1951368468271
124,-563.0,394.0
125,-685.4560868540862,297.64850033081
126,-693.0,293.0
127,-798.0,246.0
128,-814.2704877067445,240.39315238213334
129,-901.0,214.0
130,-954.5985569529028,201.0790595188027
131,-1008.0,190.0
132,-1061.383076024648,180.0623655005125
133,-1081.0,177.0
134,-1148.3075263273033,168.55776221554342
135,-1284.0,157.0
136,-1337.7191186152993,154.07488704238673
137,-1410.918476083602,152.27736721843496
138,-1451.0,152.0
139,-1460.3933078710074,152.11493642163367
140,-1485.0,153.0
141,-1631.0,158.0
142,-1822.0,174.0
143,-1929.0,184.0
144,-2076.0,198.0
145,-2157.5316026365626,205.2236555650432
146,-2189.0,208.0
147,-2392.0,226.0
148,-2440.252487292318,230.09552944097715
149,-2504.874849315643,234.99901089321452
150,-2517.0,236.0
151,-2797.0,260.0
152,-2911.5518213946475,269.67249209339906
153,-3032.734643114297,278.54260774318385
154,-3053.0,280.0
155,-3345.0,301.0
156,-3399.879028096278,305.25632148781244
157,-3499.0,314.0
158,-3661.695745741754,326.9344988118583
159,-3878.0,344.0
160,-4008.1837199432616,354.4053588715189
161,-4100.20259435891,362.1752147021533
162,-4136.0,365.0
163,-4252.668076582624,374.13245540782043
164,-4287.0,377.0
165,-4398.0,387.0
166,-4538.534270762365,399.2766061701329
167,-4575.0,403.0
168,-4748.500218112776,423.41452634015286
169,-4864.0,438.0
170,-4937.206094124817,447.5165798312181
171,-5041.0,469.0
172,-5405.0,571.0
173,-5406.086879842013,571.355203581008
174,-5663.629564948671,682.864225536662
175,-5710.0,707.0
176,-5750.790683776944,727.8070123244289
177,-5844.0,778.0
178,-5894.998569511521,807.2825864204929
179,-6070.148248499617,910.259942782044
180,-6149.0,957.0
181,-6292.21018308535,1042.651159743684
182,-6424.0,1123.0
183,-6504.821799524154,1172.4620354599465
184,-6635.0,1252.0
185,-6722.0,1305.0
186,-6897.0,1414.0
187,-7056.0,1516.0
188,-7070.400980117487,1525.3327856512951
189,-7229.0,1629.0
190,-7357.970437479657,1714.380234172185
191,-7371.0,1723.0
192,-7445.0,1772.0
193,-7663.277433326516,1920.1054607144536
194,-7675.0,1928.0
195,-7751.654884130578,1978.544452511037
196,-7805.131666031641,2008.9378422858267
197,-7813.0,2013.0
198,-7894.908710585369,2051.8314460211627
199,-7944.0,2072.0
200,-7964.0,2079.0
201,-7986.207023943738,2086.6069677496744
202,-8076.870381121958,2116.4765317249135
203,-8104.0,2124.0
204,-8196.971771818353,2142.4566235846023
205,-8267.0,2146.0
206,-8318.528070017206,2141.0992975273552
207,-8384.618805507102,2125.1429597095043
208,-8410.0,2117.0
209,-8441.873300038718,2102.9697305050327
210,-8467.0,2087.0
211,-8471.344826098022,2084.0318854067964
212,-8540.0,2032.0
213,-8545.454515145717,2027.294651774595
214,-8588.0,1987.0
215,-8626.506455609184,1944.1374104586296
216,-8631.0,1939.0
217,-8667.0,1897.0
218,-8740.026740756573,1801.5165892560215
219,-8763.0,1770.0
220,-8789.070087251936,1732.5613816320902
221,-8822.0,1682.0
222,-8830.094477611336,1669.791816508909
223,-8859.0,1625.0
224,-8898.474404162453,1557.9464174441932
225,-8956.274604674756,1454.3383565956185
226,-8971.0,1427.0
227,-8994.500248443943,1377.3971213938344
228,-9002.0,1361.0
229,-9050.74696629539,1259.5951394876251
230,-9075.0,1207.0
231,-9093.0,1166.0
232,-9133.275846872757,1072.0816661381516
233,-9158.0,1014.0
234,-9172.790146732612,979.3312305718828
235,-9187.0,946.0
236,-9215.972628309491,877.86300261292
237,-9234.0,838.0
238,-9272.0,764.0
239,-9278.364507481112,752.1184663774369
240,-9299.0,716.0
241,-9307.989035703024,701.9986217613133
242,-9370.0,615.0
243,-9376.412578297484,606.4972339013107
244,-9401.0,583.0
245,-9433.716711426803,557.6465665392717
246,-9442.0,552.0
247,-9477.0,536.0
248,-9492.262264005742,532.7057091326354
249,-9563.0,528.0
250,-9572.032525928931,528.6487283520215
251,-9601.909376079744,538.0657606553922
252,-9626.0,552.0
253,-9651.0,566.0
254,-9687.9613330198,592.6928907631303
255,-9716.0,615.0
256,-9739.0,635.0
257,-9744.177595482062,639.8976883651109
258,-9785.0,680.0
259,-9812.106588301252,708.2672325077867
260,-9844.0,744.0
261,-9853.685377203974,755.2615562995436
262,-9893.0,802.0
263,-9925.0,843.0
264,-9931.4069827906,851.8908263825376
265,-9967.0,901.0
266,-10054.80329024037,1014.5743210039336
267,-10066.0,1029.0
268,-10089.408113569252,1059.4590918081385
269,-10127.0,1106.0
270,-10133.468366790898,1113.6533776129738
271,-10231.0,1227.0
272,-10296.0,1298.0
273,-10351.391470180208,1355.3513110484366
274,-10373.0,1377.0
275,-10441.0,1441.0
276,-10458.070608148453,1455.3477978361761
277,-10565.0,1535.0
278,-10579.150445689836,1544.5775544379599
279,-10672.0,1592.0
280,-10769.375539210798,1627.7749704677303
281,-10802.0,1639.0
282,-10853.230832657953,1654.960075155551
283,-10885.10633439413,1657.9919506104047
284,-10910.0,1658.0
285,-10996.0,1655.0
286,-11015.750274717993,1652.0341196624436
287,-11056.0,1641.0
288,-11128.187594197316,1610.7481193759718
289,-11158.0,1597.0
290,-11206.0,1568.0
291,-11334.0,1455.0
292,-11367.18585875434,1421.3123619821097
293,-11401.0,1373.0
294,-11450.941272595126,1300.9594862739452
295,-11490.0,1244.0
296,-11512.30419480269,1210.3472035934167
297,-11530.844674697815,1177.4745023859248
298,-11534.0,1172.0
299,-11608.0,1044.0
300,-11627.41269576173,1007.6678417993325
301,-11651.0,962.0
302,-11665.637316127946,933.5065788057975
303,-11695.0,876.0
304,-11713.450893718913,839.5561032559411
305,-11750.0,767.0
306,-11835.755776753444,597.1891100145288
307,-11849.0,571.0
308,-11900.277939623113,470.15856733223995
309,-11932.0,409.0
310,-12009.0,261.0
311,-12021.460069008248,236.98796574690246
312,-12082.0,121.0
313,-12120.013901604052,50.3800311319929
314,-12169.0,-39.0
315,-12188.0,-73.0
316,-12222.096428851606,-134.21296733350178
317,-12276.492691792891,-232.02598259063976
318,-12304.0,-281.0
319,-12358.0,-377.0
320,-12371.113772176477,-401.07429184854914
321,-12410.0,-474.0
322,-12463.405390676002,-573.5703370160877
323,-12516.0,-671.0
324,-12528.581257191392,-694.2617395891566
325,-12584.0,-795.0
326,-12666.0,-937.0
327,-12817.8794467999,-1175.3174894683043
328,-12825.0,-1186.0
329,-12880.331399982017,-1266.5821440307855
330,-12929.0,-1341.0
331,-12968.780794376906,-1404.9808227377678
332,-13042.844304948561,-1526.546860798609
333,-13071.0,-1573.0
334,-13122.500229679732,-1660.5720477530567
335,-13126.0,-1667.0
336,-13178.830393180757,-1773.547138632911
337,-13187.0,-1798.0
338,-13194.0,-1829.0
339,-13201.14632530756,-1885.9059030327558
340,-13202.0,-1954.0
341,-13195.0,-2022.0
342,-13192.380176387636,-2038.576988969168
343,-13175.0,-2118.0
344,-13161.614835096902,-2162.678353850955
345,-13154.0,-2185.0
346,-13139.933442226838,-2222.6591193109357
347,-13137.0,-2230.0
348,-13085.0,-2331.0
349,-13020.122333532476,-2417.883958098771
350,-12977.0,-2469.0
351,-12908.814242618684,-2529.335454418322
352,-12874.0,-2553.0
353,-12826.0,-2584.0
354,-12748.616618520695,-2623.61544919692
355,-12670.0,-2660.0
356,-12650.375907473739,-2668.7302772793155
357,-12595.96638465107,-2689.4073460716095
358,-12561.0,-2700.0
359,-12545.8816964594,-2704.5951646473995
360,-12453.0,-2736.0
361,-12415.226685911082,-2753.129912053776
362,-12341.0,-2798.0
363,-12334.028779744778,-2803.590043901619
364,-12273.975175784846,-2880.2115056316256
365,-12266.0,-2894.0
366,-12254.925968292491,-2914.6037296996465
367,-12241.236326094408,-2947.412413907921
368,-12231.0,-2981.0
369,-12226.0,-2999.0
370,-12222.770380041438,-3011.000416090163
371,-12208.376863912492,-3068.766208320471
372,-12203.0,-3092.0
373,-12192.625041562498,-3139.5900340200737
374,-12189.0,-3158.0
375,-12183.375576856222,-3189.4919181030846
376,-12178.0,-3222.0
377,-12170.433933893888,-3269.194499538057
378,-12165.0,-3303.0
379,-12157.302182973135,-3349.8079782856394
380,-12155.0,-3364.0
381,-12144.0,-3429.0
382,-12139.949419731474,-3449.1054964861514
383,-12111.0,-3569.0
384,-12108.537919466939,-3577.153339530266
385,-12077.091080321323,-3642.2476632848866
386,-12073.0,-3648.0
387,-12035.605738835071,-3695.3214554721144
388,-11983.0,-3753.0
389,-11969.873920707269,-3765.855700067888
390,-11887.0,-3837.0
391,-11771.384193204907,-3930.8305396244123
392,-11760.0,-3940.0
393,-11693.0,-3993.0
394,-11582.0,-4084.0
395,-11573.089541066714,-4091.421039918324
396,-11505.0,-4149.0
397,-11488.124913304593,-4163.586611194836
398,-11420.431952760708,-4223.876143936087
399,-11395.0,-4248.0
400,-11318.5895345821,-4326.202204703626
401,-11253.195606447192,-4399.480763294917
402,-11202.0,-4460.0
403,-11197.970241053563,-4465.0287363404095
404,-11171.4211706624,-4502.36482643066
405,-11162.0,-4517.0
406,-11121.29817145576,-4581.071723811456
407,-11071.0,-4659.0
408,-11065.37827656742,-4667.50214180484
409,-10988.008311230366,-4778.4036362872275
410,-10978.0,-4791.0
411,-10950.120438392853,-4822.537979023388
412,-10887.0,-4872.0
413,-10871.984748888197,-4880.725240476761
414,-10843.0,-4894.0
415,-10836.059766126367,-4896.860645505736
416,-10799.0,-4906.0
417,-10793.443850606865,-4905.913768455523
418,-10718.0,-4889.0
419,-10698.827556493767,-4880.2142927369805
420,-10685.0,-4865.0
421,-10660.172269017401,-4836.607228839332
422,-10655.0,-4830.0
423,-10638.838500732529,-4805.046087843751
424,-10627.0,-4781.0
425,-10612.355112765825,-4747.6942755580985
426,-10599.0,-4715.0
427,-10583.949246673637,-4664.82187243282
428,-10583.0,-4661.0
429,-10572.308180674114,-4617.594403649711
430,-10571.0,-4612.0
431,-10552.0,-4523.0
432,-10548.70915732821,-4505.813882532014
433,-10542.677522677479,-4470.591982039354
434,-10541.0,-4461.0
435,-10524.422476592792,-4366.936438202009
436,-10522.0,-4352.0
437,-10512.0,-4284.0
438,-10507.197389451247,-4245.893321248024
439,-10501.0,-4194.0
440,-10487.280162201958,-4083.9524974766587
441,-10486.0,-4074.0
442,-10476.416750108641,-4002.7724414713166
443,-10469.0,-3950.0
444,-10459.919023300728,-3885.095653250518
445,-10445.0,-3781.0
446,-10412.579001964723,-3566.878153401034
447,-10409.0,-3544.0
448,-10400.287110058363,-3489.723325228657
449,-10390.854478193547,-3433.35008934677
450,-10388.0,-3416.0
451,-10378.076171373847,-3354.9664033547397
452,-10363.0,-3260.0
453,-10330.78760482474,-3051.722680267569
454,-10320.0,-2983.0
455,-10314.429384426301,-2949.660889247283
456,-10309.0,-2919.0
457,-10287.164293705677,-2785.689772532033
458,-10269.0,-2680.0
459,-10254.0,-2600.0
460,-10214.535096836247,-2389.6837129622604
461,-10197.0,-2297.0
462,-10182.29711126328,-2223.3834226415993
463,-10177.0,-2198.0
464,-10151.399926582591,-2075.4954559065814
465,-10135.0,-2000.0
466,-10124.896540708036,-1955.2312354363894
467,-10105.0,-1870.0
468,-10077.274107744506,-1754.2130022224735
469,-10060.0,-1683.0
470,-10026.0,-1545.0
471,-9987.0,-1398.0
472,-9939.0,-1233.0
473,-9899.817663709262,-1100.6798312536334
474,-9895.0,-1085.0
475,-9837.0,-907.0
476,-9832.354398490086,-893.0408064058262
477,-9775.31793142757,-724.4398292394436
478,-9756.0,-670.0
479,-9717.308353030807,-563.2370806227805
480,-9672.0,-440.0
481,-9643.080231543736,-362.215205241477
482,-9616.322593590088,-294.1900059290613
483,-9611.0,-281.0
484,-9564.0,-167.0
485,-9557.101800557239,-151.1743286209869
486,-9530.172519364158,-92.46032611532772
487,-9510.0,-53.0
488,-9503.215003426812,-40.69435688874323
489,-9483.0,-7.0
490,-9466.0,17.0
491,-9392.0,90.0
492,-9365.52478202435,107.26854312713822
493,-9297.49324373168,126.72147889181016
494,-9283.0,128.0
495,-9258.699665348304,128.38135128408496
496,-9210.525089160566,123.15169850163058
497,-9185.0,118.0
498,-9155.923349626317,109.37580897511046
499,-9120.0,94.0
500,-9093.809727681357,81.17990169965586
501,-9066.0,66.0
502,-9025.0,40.0
503,-9020.555779292932,37.04026806657159
504,-8994.0,19.0
505,-8965.737454434473,-0.6577565874906356
506,-8949.0,-13.0
507,-8915.483480085475,-39.03526452789593
508,-8844.0,-97.0
509,-8843.711290856818,-97.23615374157772
510,-8801.550541100774,-132.11739853494967
511,-8764.0,-164.0
512,-8715.0,-206.0
513,-8654.169877898756,-259.4757257753279
514,-8585.0,-321.0
515,-8556.910699884354,-346.44218408154495
516,-8527.78885512415,-374.4351331599197
517,-8523.0,-379.0
518,-8406.0,-490.0
519,-8398.774896185618,-496.93888382385944
520,-8350.0,-544.0
521,-8327.52458848853,-565.5076591632875
522,-8246.361807459944,-642.2087204306504
523,-8223.0,-664.0
524,-8157.834761954807,-723.8975806876007
525,-8112.0,-765.0
526,-8095.4417959638085,-779.6640558773258
527,-8023.000564624478,-842.9809325300618
528,-7957.0,-900.0
529,-7929.0,-924.0
530,-7910.89278818351,-939.2748398475
531,-7814.8396519963235,-1015.4008983459112
532,-7802.0,-1025.0
533,-7651.0,-1134.0
534,-7614.571739445501,-1159.1645202753195
535,-7521.311129697282,-1216.221935258528
536,-7477.0,-1240.0
537,-7395.0,-1281.0
538,-7251.822737096985,-1337.4093413467615
539,-7149.0,-1374.0
540,-7098.262997168267,-1391.0588979524664
541,-6928.858568045302,-1421.0891600132936
542,-6911.0,-1423.0
543,-6700.0,-1444.0
544,-6637.416819668755,-1448.954601398266
545,-6567.0,-1452.0
546,-6530.328033800322,-1454.1213515021143
547,-6392.0,-1463.0
548,-6315.5242259933575,-1468.0080872621731
549,-6226.0,-1474.0
550,-6109.534337197999,-1482.0352610705509
551,-6095.0,-1483.0
552,-5963.3827222807295,-1491.2000176892313
553,-5919.0,-1494.0
554,-5814.2795273284255,-1500.951665107117
555,-5740.0,-1506.0
556,-5592.0,-1516.0
557,-5544.087439132831,-1519.2013266326746
558,-5381.0,-1530.0
559,-5322.960818335382,-1533.8197475833144
560,-5214.0,-1541.0
561,-4971.0,-1557.0
562,-4970.10701221987,-1557.0567110539944
563,-4872.03882072789,-1562.8362125148637
564,-4787.0,-1567.0
565,-4602.0,-1577.0
566,-4601.214491739909,-1577.0394335586507
567,-4541.0,-1580.0
568,-4331.007069058779,-1590.2623939328403
569,-4308.0,-1591.0
570,-4067.0,-1597.0
571,-4028.5212527277877,-1597.750023822365
572,-3888.0,-1599.0
573,-3821.2632452263388,-1600.7254755303823
574,-3599.1043235417583,-1607.4330661475117
575,-3547.0,-1609.0
576,-3395.730576395995,-1613.250035215241
577,-3370.0,-1614.0
578,-3244.0,-1618.0
579,-3191.8515111125953,-1620.2457824819007
580,-3087.0,-1627.0
581,-3077.7246570042716,-1627.662595728412
582,-3059.0,-1629.0
583,-2935.598059648005,-1637.784829082174
584,-2912.0,-1640.0
585,-2807.7099066165033,-1651.8542264464875
586,-2743.0,-1660.0
587,-2700.0792631130025,-1665.744076761807
588,-2663.0,-1679.0
589,-2569.0,-1721.0
590,-2550.2514257229504,-1731.4726652128197
591,-2526.0,-1759.0
592,-2523.020607586516,-1763.2102711260354
593,-2492.0,-1811.0
594,-2489.1742627587028,-1816.2937979046674
595,-2460.0,-1910.0
596,-2440.0,-1994.0
597,-2435.3561173292514,-2013.014334318841
598,-2423.0,-2053.0
599,-2380.0,-2158.0
600,-2376.819270225466,-2164.702062425341
601,-2340.0,-2234.0
602,-2327.0,-2255.0
603,-2307.2950255192827,-2286.518948508448
604,-2280.0,-2324.0
605,-2258.081365268875,-2349.1772334900847
606,-2185.0,-2422.0
607,-2165.586796418188,-2439.8210566289767
608,-2071.0,-2496.0
609,-2010.0,-2524.0
610,-1919.0,-2553.0
611,-1800.0,-2580.0
612,-1745.0765899053358,-2588.340914248841
613,-1717.0,-2592.0
614,-1667.0,-2598.0
615,-1574.0,-2605.0
616,-1559.9495956107519,-2605.5604482935178
617,-1415.5709540160078,-2608.815994274064
618,-1339.0,-2610.0
619,-1255.896754100497,-2610.8801618293496
620,-1236.0,-2611.0
621,-1191.5051558814703,-2611.291347086684
622,-1060.0,-2613.0
623,-847.9105087045654,-2618.5412114026994
624,-833.0,-2619.0
625,-637.2957455977914,-2627.45354156097
626,-626.0,-2628.0
627,-523.0,-2633.0
628,-436.380547689645,-2637.912395724691
629,-405.0,-2640.0
630,-160.0,-2658.0
631,-48.70960468340516,-2665.188508711075
632,6.0,-2668.0
633,16.153848263052836,-2668.5398213480817
634,158.0,-2674.0
635,228.0,-2673.0
636,432.9885239621299,-2652.391850104052
637,448.0,-2648.0
638,599.3131203211053,-2593.6045896437636
639,613.0,-2588.0
640,701.6269403475692,-2536.3076820513434
641,734.0,-2507.0
642,818.0,-2429.0
643,835.4912523300084,-2410.6963663457846
644,891.0,-2345.0
645,977.1473520772589,-2224.4678317898693
646,1006.0,-2176.0
647,1057.39996193476,-2072.4664585514893
648,1127.3231299343174,-1869.3436522099792
649,1176.9401214913555,-1637.168518611712
650,1194.0,-1509.0
651,1197.7328992952812,-1440.0032034109067
652,1194.0,-1315.0
653,1191.0581719098564,-1257.1143241993973
654,1185.0,-1165.0
655,1172.9020456027279,-1047.2576929727331
656,1163.0,-972.0
657,1146.0,-864.0
658,1127.0,-745.0
659,1106.0,-621.0
660,1075.3306739002417,-438.4826262941092
1,1046.5288996259687,-263.04274422952767
2,1035.0,-192.0
3,1027.6381174669461,-146.76890081093353
4,1016.0,-75.0
5,994.8692873491032,58.431694175388365
6,986.0,116.0
7,968.0,235.0
8,963.1948936653991,266.28510537011795
9,940.0,416.0
10,930.215011631509,481.3726982401446
11,922.0,537.0
12,879.0,831.0
13,871.5542775119561,882.540372301179
14,854.5038553393666,1007.8345206266146
15,853.0,1019.0
16,836.0,1145.0
17,829.3408280901207,1195.1066700723177
18,815.0,1304.0
19,796.0,1447.0
20,795.7888270716855,1448.5963089354123
21,778.957418407287,1577.108988822498
22,773.0,1624.0
23,762.2932901419374,1710.7834842766003
24,744.0,1861.0
25,737.4902210431126,1912.552320585094
26,722.0,2037.0
27,689.4795725239162,2323.8098583524134
28,685.0,2364.0
29,674.7327289897815,2456.285472607285
30,661.0,2579.0
31,646.0,2711.0
32,624.0,2889.0
33,582.236878934737,3124.6539254720174
34,577.0,3151.0
35,553.9305156008636,3248.2615496034077
36,544.0,3276.0
37,536.510974383977,3294.28896295018
38,505.979851332406,3357.1957075753035
39,474.54959566677894,3411.819085628729
40,426.707556046482,3480.955994993357
41,357.61660775364805,3545.8752284450375
42,319.0,3570.0
43,290.36095981936995,3583.739196934533
44,262.0,3595.0
45,186.0,3618.0
46,169.83177708680648,3621.809114763674
47,109.0,3634.0
48,108.23398886282556,3634.1499076658306
49,10.0,3654.0
50,1.592442553166748,3655.8455479294903
51,-90.68105275037007,3678.853673114022
52,-113.0,3686.0
53,-174.0,3710.0
54,-182.14175861539994,3713.91624760038
55,-196.0,3721.0
56,-276.0,3772.0
57,-322.8105523712167,3808.4690004294325
58,-419.92717517524454,3889.9824407553647
59,-427.0,3896.0
60,-507.38802705263714,3965.8239092066788
61,-544.0,3995.0
62,-544.5513482991438,3995.4242180439164
63,-561.0,4008.0
64,-621.7433394894305,4051.756136151816
65,-649.0,4063.0
66,-740.0,4089.0
67,-771.802688673541,4096.728596947112
68,-815.0,4086.0
69,-822.9215166188492,4083.4933182086206
70,-897.0,4059.0
71,-904.9381955716087,4055.8519936995162
72,-959.7361530376876,4016.8597622443203
73,-970.0,4005.0
74,-985.7483181695795,3986.8308752423945
75,-1005.0,3962.0
76,-1010.5643963718832,3953.900486208697
77,-1027.0,3927.0
78,-1044.6691600316824,3890.6120156539982
79,-1070.0,3828.0
80,-1076.8725612251667,3808.647547864599
81,-1089.0,3764.0
82,-1092.8216884932087,3747.3065313710513
83,-1114.863122451306,3638.208910094944
84,-1116.0,3632.0
85,-1123.0,3588.0
86,-1124.119680459189,3577.7864174505494
87,-1132.0,3454.0
88,-1133.0806694596104,3427.466556694198
89,-1131.0,3340.0
90,-1127.5632781143413,3295.1320694711976
91,-1122.0,3237.0
92,-1116.0,3189.0
93,-1108.1195973885492,3139.161478618372
94,-1092.0,3060.0
95,-1071.0,2979.0
96,-1065.2072993151614,2958.2971780159205
97,-1030.384934011942,2844.555742606251
98,-1021.0,2817.0
99,-985.0,2719.0
100,-972.5698684744332,2686.345389058728
101,-943.0,2611.0
102,-929.0933022866479,2577.337181554592
103,-902.0,2513.0
104,-865.0,2423.0
105,-864.5276263619699,2421.8671940556055
106,-792.0,2252.0
107,-768.0,2194.0
108,-767.5110874773475,2192.8246065939284
109,-709.0,2052.0
110,-661.427440770523,1928.705555782848
111,-611.202382176785,1793.4859367613878
112,-607.0,1782.0
113,-584.2886833713826,1718.3049680890024
114,-564.0,1655.0
115,-563.7135763489499,1654.098584733241
116,-526.6590085700091,1531.650526516244
117,-518.0,1498.0
118,-487.0172675846982,1363.881158322959
119,-461.0,1241.0
120,-444.8928632579392,1152.5435109445134
121,-441.24935503962996,1105.2159925263152
122,-440.0,1089.0
123,-429.08881279363465,905.1781659976209
124,-429.0,892.0
125,-433.36776407990493,748.1553951777325
126,-434.0,737.0
127,-453.7322692097604,605.756911178041
128,-458.0,592.0
129,-497.35634680331026,490.19512952952834
130,-501.0,483.0
131,-553.0,405.0
132,-553.5386732820133,404.3418039675195
133,-564.0,392.0
134,-600.3407264243228,355.9962776603521
135,-646.0,321.0
136,-667.8975831698116,306.81666536421227
137,-727.0,275.0
138,-758.9845153007936,260.9550057108207
139,-798.0,246.0
140,-822.9078672337955,237.31655160361942
141,-879.0,220.0
142,-904.5163917243837,213.01650073330248
143,-954.0,201.0
144,-1107.0,174.0
145,-1117.3280709048215,172.50222101626792
146,-1183.0,164.0
147,-1272.0,157.0
148,-1273.065491516835,156.9427274604042
149,-1375.0,153.0
150,-1396.2070384550107,152.11617429338472
151,-1430.0,152.0
152,-1430.8319031399858,152.01787121001303
153,-1598.4872224519913,157.46699641908032
154,-1653.0,160.0
155,-1739.6250217766014,165.85788572387798
156,-1821.7902447951979,174.28966931995728
157,-1864.0,178.0
158,-1888.0,180.0
159,-1962.2387139978298,186.68358506849228
160,-2058.0,196.0
161,-2083.082163149503,198.44395739484088
162,-2205.0,210.0
163,-2321.365159201066,219.94924621397865
164,-2334.0,221.0
165,-2454.666515044187,230.85727492985362
166,-2493.0,234.0
167,-2600.0,243.0
168,-2663.04693108716,248.7019734173803
169,-2711.0,253.0
170,-2763.554593415599,257.45363601506
171,-2938.0,271.0
172,-2939.702875702243,271.1281425735111
173,-3140.0,286.0
174,-3193.5677283676077,289.97704951076065
175,-3420.0,307.0
176,-3436.5946122344917,308.27223669509516
177,-3636.0,324.0
178,-3745.309128606701,332.9687372612073
179,-3963.0,351.0
180,-4097.912895958086,361.9217746583476
181,-4227.0,372.0
182,-4353.0,382.0
183,-4354.5575255794265,382.1280142400682
184,-4527.0,398.0
185,-4590.9807311269,404.98857613996995
186,-4830.0,433.0
187,-4894.824261858423,440.64227468318086
188,-4958.434538826275,450.89028142610096
189,-5021.0,465.0
190,-5115.215798199699,487.52795092537576
191,-5288.0,531.0
192,-5308.700761207828,536.5585380540512
193,-5441.009680090361,583.6386785241843
194,-5472.0,597.0
195,-5623.0,663.0
196,-5641.681783992068,671.9061916724071
197,-5785.034494651662,745.9385602939848
198,-5946.0,836.0
199,-6033.253092484708,886.6098730525365
200,-6206.0,990.0
201,-6262.847578085173,1024.3955314174395
202,-6359.680331049685,1083.6265199452544
203,-6393.0,1104.0
204,-6653.0,1263.0
205,-6676.203512234529,1277.220091457523
206,-6809.468283872238,1359.1659516400457
207,-6888.804281298869,1408.6127176811385
208,-6962.57026304977,1455.5746028690357
209,-6971.0,1461.0
210,-7099.143059858973,1544.6914202934986
211,-7173.0,1593.0
212,-7245.0,1640.0
213,-7261.009266073235,1650.5001873970614
214,-7375.642351560557,1726.295737539366
215,-7416.0,1753.0
216,-7547.0,1840.0
217,-7559.930477117281,1848.821992538464
218,-7684.0,1935.0
219,-7766.141829364577,1987.0020849472157
220,-7794.0,2003.0
221,-7877.613557241761,2043.959987467831
222,-7887.0,2048.0
223,-8012.0,2097.0
224,-8068.540625501835,2116.3985724369454
225,-8118.0,2128.0
226,-8161.111028595672,2136.4147701374736
227,-8181.0,2140.0
228,-8262.0,2147.0
229,-8272.361646027199,2146.207750686621
230,-8370.0,2131.0
231,-8384.887507539668,2127.7253631002595
232,-8431.516781442428,2106.9485943895647
233,-8435.0,2105.0
234,-8490.0,2071.0
235,-8498.525415552705,2064.3990612689895
236,-8584.0,1990.0
237,-8584.669839254404,1989.3889064205378
238,-8629.265454872919,1943.3922120217665
239,-8644.0,1925.0
240,-8698.568727097027,1857.6847735380752
241,-8714.0,1838.0
242,-8760.500207059433,1775.4293913768508
243,-8765.0,1769.0
244,-8814.0,1695.0
245,-8838.1453245036,1657.7546044767666
246,-8853.0,1634.0
247,-8895.650672074014,1562.0086968351752
248,-8957.496691330694,1451.384908725168
249,-8962.0,1443.0
250,-9022.400678154263,1319.905615332175
251,-9027.0,1310.0
252,-9095.784847636603,1159.7010434814479
253,-9101.0,1148.0
254,-9152.623029354807,1026.7359480640791
255,-9183.471861984464,953.1547567661164
256,-9187.0,945.0
257,-9239.266318883496,829.9339500252642
258,-9266.0,775.0
259,-9271.994431854902,763.2352719529795
260,-9302.00102231631,710.4904950690723
261,-9308.0,701.0
262,-9351.0,638.0
263,-9371.475413451939,612.8937800539236
264,-9416.0,570.0
265,-9436.0,556.0
266,-9436.366711861338,555.7718854453583
267,-9474.0,536.0
268,-9522.730959340995,524.6260277835528
269,-9544.0,525.0
270,-9565.897198545676,528.8423078637663
271,-9578.0,532.0
272,-9606.989563742402,542.1651338959142
273,-9611.0,544.0
274,-9674.843936941741,581.8916712570657
275,-9678.0,584.0
276,-9710.0,609.0
277,-9716.149023232938,614.4882737907831
278,-9761.0,656.0
279,-9764.790291095327,659.587388960089
280,-9791.599910181123,686.0127400392668
281,-9800.0,695.0
282,-9835.768017272741,734.926528025246
283,-9857.0,759.0
284,-9880.558980650889,785.753024571367
285,-9900.649820422159,809.8139993985285
286,-9915.0,829.0
287,-9947.0,873.0
288,-9969.166340435882,902.8051313656856
289,-10005.0,950.0
290,-10005.465906342186,950.6107927328922
291,-10048.0,1006.0
292,-10063.129076906072,1025.4053476985823
293,-10106.0,1079.0
294,-10106.637505265986,1079.7780598670017
295,-10219.0,1213.0
296,-10241.730212663835,1238.956482848899
297,-10261.0,1260.0
298,-10322.1156580322,1325.3029979318962
299,-10352.0,1356.0
300,-10436.0,1436.0
301,-10459.84760174809,1456.59426987078
302,-10537.492857192923,1516.6861343275925
303,-10568.0,1537.0
304,-10639.0,1577.0
305,-10671.0,1592.0
306,-10695.571705995319,1602.60099254256
307,-10779.0,1633.0
308,-10847.0,1650.0
309,-10866.221529766546,1652.762817282561
310,-10971.132033346348,1657.5722771875992
311,-10980.0,1657.0
312,-11088.605452534704,1629.2810608999375
313,-11131.0,1611.0
314,-11136.756621062978,1608.3588674593902
315,-11185.652607439393,1582.271538974122
316,-11207.0,1568.0
317,-11264.0,1525.0
318,-11274.340904583736,1516.3548169362796
319,-11329.0,1461.0
320,-11329.769881387145,1460.0975663835789
321,-11402.44805353204,1369.7503128095475
322,-11410.0,1360.0
323,-11457.866110407576,1295.7175269904023
324,-11495.475915963525,1237.1875075333407
325,-11518.0,1200.0
326,-11521.792283822186,1193.690459515128
327,-11562.249253073542,1125.2124417260534
328,-11581.0,1092.0
329,-11594.229349388577,1068.0536074714257
330,-11629.0,1003.0
331,-11665.16926645943,932.8141127112692
332,-11721.0,823.0
333,-11750.939881198366,764.3037547735444
334,-11776.0,715.0
335,-11828.0,612.0
336,-11847.230194873977,574.0811822592185
337,-11936.0,400.0
338,-11964.062438728266,345.25803050570204
339,-11998.0,280.0
340,-12069.205297965053,146.13313535554246
341,-12100.0,89.0
342,-12131.538797270394,30.96313421838051
343,-12162.0,-25.0
344,-12181.0,-60.0
345,-12258.542634307782,-200.77365271665678
346,-12271.0,-223.0
347,-12331.0,-329.0
348,-12338.333574693777,-341.98430230380325
349,-12384.0,-424.0
350,-12391.189946847624,-437.327026856557
351,-12468.252006933517,-585.1979238997366
352,-12474.0,-596.0
353,-12520.514182513873,-681.0794001124164
354,-12535.0,-707.0
355,-12661.0,-928.0
356,-12705.32040686608,-1002.632715842049
357,-12736.0,-1051.0
358,-12830.062368730278,-1193.475529516113
359,-12839.0,-1207.0
360,-12919.52137976689,-1329.230332416595
361,-12989.0,-1436.0
362,-13029.73444139641,-1502.5763354823057
363,-13052.0,-1542.0
364,-13079.719550491485,-1588.5846112656163
365,-13136.0,-1685.0
366,-13144.0,-1700.0
367,-13148.15729376699,-1707.7836926219004
368,-13181.0,-1783.0
369,-13200.006226670612,-1915.7900829785663
370,-13202.0,-1938.0
371,-13206.09467535013,-2066.4522949648945
372,-13200.031521166085,-2110.831865038893
373,-13172.913408994496,-2169.9221175907173
374,-13122.0,-2261.0
375,-13080.785814798119,-2330.7123451426046
376,-13030.0,-2410.0
377,-13029.319164232671,-2410.9579282303935
378,-12981.252440141398,-2466.506439812912
379,-12956.0,-2489.0
380,-12902.0,-2533.0
381,-12893.889222906137,-2539.0910166263693
382,-12825.0,-2584.0
383,-12716.99005572965,-2637.7470903257204
384,-12625.0,-2678.0
385,-12551.66975245381,-2704.2947654980876
386,-12505.0,-2718.0
387,-12504.359846795694,-2718.1935444702412
388,-12419.0,-2750.0
389,-12401.892325161207,-2759.7035373451063
390,-12319.0,-2819.0
391,-12301.927273598752,-2834.7086419252655
392,-12291.0,-2853.0
393,-12282.090902621689,-2868.307456966103
394,-12252.618048014923,-2924.1696593050065
395,-12244.0,-2946.0
396,-12218.864408042093,-3027.1487784665187
397,-12213.0,-3048.0
398,-12199.0,-3106.0
399,-12193.15838606216,-3135.3579426828055
400,-12187.0,-3168.0
401,-12181.245853214277,-3201.5778846984435
402,-12176.0,-3234.0
403,-12170.482451847418,-3268.467891072386
404,-12166.0,-3296.0
405,-12147.038385503289,-3406.0436978501452
406,-12143.0,-3429.0
407,-12128.964618461152,-3503.354520259248
408,-12127.0,-3512.0
409,-12116.0,-3554.0
410,-12070.555710323433,-3646.6606643725054
411,-12024.0,-3712.0
412,-12002.760466546843,-3736.9030278139408
413,-11938.0,-3794.0
414,-11918.565826626218,-3810.3930158724907
415,-11836.0,-3879.0
416,-11730.60357297477,-3963.7552354194077
417,-11689.0,-3997.0
418,-11641.920843923233,-4034.6250715895685
419,-11621.0,-4052.0
420,-11567.912717758947,-4096.614063565409
421,-11478.0,-4173.0
422,-11441.352425517556,-4204.815990938101
423,-11374.0,-4268.0
424,-11372.899218814937,-4269.084520294564
425,-11290.0,-4354.0
426,-11241.852095793121,-4409.50245900663
427,-11169.0,-4506.0
428,-11162.03850232304,-4516.031557260396
429,-11118.0,-4583.0
430,-11117.206470192163,-4584.2390711287135
431,-11064.0,-4669.0
432,-11041.506502840446,-4704.955228684065
433,-11029.0,-4724.0
434,-11007.030027172135,-4754.741325417288
435,-10972.80856789862,-4796.666235056674
436,-10969.0,-4801.0
437,-10931.0,-4840.0
438,-10930.569312892178,-4840.38493765864
439,-10887.0,-4873.0
440,-10886.560144327319,-4873.273397031555
441,-10843.0,-4895.0
442,-10833.4891524189,-4898.37524574926
443,-10825.0,-4901.0
444,-10784.0,-4907.0
445,-10775.358223244502,-4906.542776566795
446,-10735.0,-4897.0
447,-10713.51633925882,-4886.227106370388
448,-10692.0,-4870.0
449,-10677.404629283265,-4855.464767157962
450,-10657.0,-4831.0
451,-10650.0,-4822.0
452,-10639.68170148557,-4805.544037994277
453,-10631.0,-4789.0
454,-10622.517871723538,-4771.862548034291
455,-10611.0,-4745.0
456,-10605.360951864115,-4729.739321200765
457,-10589.660308975774,-4681.841154333675
458,-10578.0,-4642.0
459,-10569.197965518164,-4607.285851292479
460,-10562.521205060966,-4574.5058323977655
461,-10558.0,-4551.0
462,-10553.453813828577,-4526.827575077518
463,-10543.0,-4471.0
464,-10538.04224273653,-4445.126429799001
465,-10528.0,-4390.0
466,-10520.09879786783,-4335.871029264244
467,-10517.0,-4315.0
468,-10511.0,-4276.0
469,-10503.0,-4211.0
470,-10499.097241392166,-4178.715185000762
471,-10491.490828621845,-4118.671709885357
472,-10471.0,-3966.0
473,-10460.462445080022,-3888.3621153818285
474,-10449.0,-3805.0
475,-10441.392125289349,-3752.3079616882133
476,-10433.0,-3699.0
477,-10411.19045235479,-3557.586334258091
478,-10406.0,-3524.0
479,-10393.074149423466,-3440.7896765372107
480,-10382.0,-3373.0
481,-10376.0,-3338.0
482,-10361.65849640452,-3251.649724292408
483,-10358.0,-3229.0
484,-10346.064560734943,-3153.4581770248815
485,-10329.0,-3043.0
486,-10318.769029042167,-2977.0810590262377
487,-10313.0,-2941.0
488,-10298.079892911408,-2852.802180129928
489,-10291.0,-2812.0
490,-10263.445891545512,-2654.1775444420946
491,-10242.0,-2534.0
492,-10213.512321013373,-2382.6180250970815
493,-10189.0,-2259.0
494,-10186.513911731683,-2246.534654920741
495,-10163.767176106518,-2133.154191725096
496,-10140.0,-2021.0
497,-10136.673399740672,-2005.8665022343034
498,-10121.0,-1936.0
499,-10097.063904220837,-1833.7836244099105
500,-10094.0,-1821.0
501,-10048.0,-1635.0
502,-10039.537946959514,-1601.3453715307774
503,-10004.0,-1463.0
504,-9960.113707322034,-1303.6006805023933
505,-9917.0,-1155.0
506,-9888.179169998635,-1060.5866829464608
507,-9821.0,-859.0
508,-9815.031912682905,-841.6405860289894
509,-9740.915068755568,-629.2457582367641
510,-9703.0,-523.0
511,-9680.567381376357,-461.64637817086
512,-9639.0,-353.0
513,-9638.646223442358,-352.09297909073797
514,-9609.468569138526,-278.0364443996057
515,-9551.0,-136.0
516,-9547.976689934512,-129.15759149259648
517,-9519.742898013597,-70.82340131246585
518,-9509.0,-51.0
519,-9482.145521440256,-4.809471951182289
520,-9479.0,0.0
521,-9445.844944846682,41.967503613752285
522,-9438.0,50.0
523,-9370.83300259717,102.77497831568746
524,-9367.0,105.0
525,-9305.0,125.0
526,-9295.19815343753,126.26281641797672
527,-9247.0,128.0
528,-9246.268463207534,127.95946889888904
529,-9199.0,121.0
530,-9179.291368033042,116.04689137655208
531,-9141.613891579726,103.45075369900646
532,-9133.0,100.0
533,-9104.643481379435,87.097412880086
534,-9087.0,78.0
535,-9049.706104352332,56.33773026452398
536,-9032.0,45.0
537,-8990.0,16.0
538,-8984.73998886577,12.288360164441542
539,-8951.0,-12.0
540,-8915.17453375362,-39.75891922328953
541,-8901.0,-51.0
542,-8855.129467824849,-87.94485511404638
543,-8849.0,-93.0
544,-8757.0,-170.0
545,-8708.12031428879,-211.532575451243
546,-8695.0,-223.0
547,-8664.761123633085,-249.61472238327872
548,-8616.0,-293.0
549,-8608.292841588722,-299.932243328206
550,-8552.918978743754,-350.3881638477814
551,-8519.0,-382.0
552,-8455.0,-443.0
553,-8423.277940945643,-473.44736805676337
554,-8373.0,-522.0
555,-8335.522662912721,-558.6957606115602
556,-8330.0,-564.0
557,-8257.678403185,-631.8737653211554
558,-8250.0,-639.0
559,-8172.723922291862,-710.1191279644173
560,-8099.0,-777.0
561,-8074.022913461225,-799.4446185343728
562,-8046.0,-824.0
563,-7908.797991547168,-939.1204105591307
564,-7869.0,-972.0
565,-7802.242899044022,-1026.3208316787036
566,-7764.196472874993,-1054.7657889188235
567,-7720.0,-1086.0
568,-7636.0,-1144.0
569,-7634.964100191452,-1144.6908073565712
570,-7549.0,-1199.0
571,-7519.104106968314,-1216.8059195786577
572,-7410.960031983955,-1274.857164820899
573,-7350.0,-1301.0
574,-7160.0,-1371.0
575,-7158.465967237236,-1371.5180779595773
576,-7063.851601545825,-1397.7588633945334
577,-7014.0,-1406.0
578,-6910.160885213707,-1422.5823144078304
579,-6819.0,-1434.0
580,-6783.30511893609,-1437.4253182046887
581,-6635.0,-1448.0
582,-6538.867790754919,-1454.3427149164183
583,-6464.0,-1459.0
584,-6434.654625904017,-1460.7361854188432
585,-6289.3508817478205,-1469.2121620719347
586,-6277.0,-1470.0
587,-6133.0,-1480.0
588,-5969.614953219184,-1491.2969349489458
589,-5943.0,-1493.0
590,-5824.754923138507,-1500.1365083423593
591,-5811.0,-1501.0
592,-5679.782123479808,-1509.7189228869272
593,-5559.0,-1518.0
594,-5514.8316301504265,-1520.9924895043491
595,-5379.0,-1530.0
596,-5213.0,-1541.0
597,-5196.607103699002,-1542.097829434536
598,-5046.0,-1552.0
599,-4840.267821582007,-1564.0632083903886
600,-4771.0,-1568.0
601,-4713.410788661322,-1571.241790341833
602,-4633.46864093142,-1575.5915444776579
603,-4587.0,-1578.0
604,-4528.9466719938855,-1580.944698366728
605,-4402.0,-1587.0
606,-4244.983974132727,-1593.061474742193
607,-4216.0,-1594.0
608,-4059.3863889166832,-1597.8023611968022
609,-4044.0,-1598.0
610,-3919.0,-1599.0
611,-3885.1680005510552,-1599.4556021962792
612,-3747.0,-1603.0
613,-3688.1806327937743,-1604.8928954226585
614,-3559.0,-1609.0
615,-3431.691749750817,-1612.3554426390042
616,-3295.0,-1616.0
617,-3227.232562638858,-1618.3381541222157
618,-3140.0,-1623.0
619,-3034.2280567156076,-1629.993730614377
620,-2958.0,-1636.0
621,-2927.740214578427,-1638.5787747256138
622,-2815.0,-1649.0
623,-2792.982819019335,-1651.305498076189
624,-2739.4096151466647,-1659.219141560499
625,-2704.0,-1668.0
626,-2636.0,-1687.0
627,-2610.2949882022103,-1697.8063273131806
628,-2573.0,-1718.0
629,-2558.572940700434,-1726.6515148265535
630,-2524.0,-1760.0
631,-2491.5394066807753,-1818.562449494102
632,-2475.0,-1853.0
633,-2464.36211202491,-1877.5500360710805
634,-2458.0,-1915.0
635,-2454.22365319759,-1933.0585324908138
636,-2447.0,-1965.0
637,-2429.0,-2033.0
638,-2409.6457364205307,-2085.944239593515
639,-2378.0,-2163.0
640,-2374.745476471393,-2170.4356055922494
641,-2340.0,-2235.0
642,-2328.7872393220873,-2252.906693558516
643,-2296.0,-2303.0
644,-2271.7874285021576,-2336.4575331373
645,-2218.0,-2392.0
646,-2200.0072074181853,-2407.3143003218174
647,-2136.0,-2458.0
648,-2085.378608225172,-2490.716826703191
649,-2062.0,-2501.0
650,-1979.2517014891719,-2534.4565519604616
651,-1972.0,-2537.0
652,-1882.413683256746,-2562.3829651703068
653,-1858.0,-2568.0
654,-1813.506453187964,-2577.3179637377825
655,-1769.0,-2585.0
656,-1732.0,-2590.0
657,-1722.2321858268283,-2591.242392476547
658,-1551.8423042208105,-2605.493966554488
659,-1538.0,-2606.0
660,-1380.0,-2610.0
661,-1327.187937767681,-2610.8695856139125
662,-1239.6395720101887,-2610.85484471395
663,-1213.0,-2611.0
664,-1132.5445526467322,-2611.8625226414597
665,-1122.0,-2612.0
666,-960.0,-2615.0
667,-840.0,-2619.0
668,-656.0,-2627.0
669,-482.0,-2636.0
670,-388.64690262147417,-2641.7062483820846
671,-246.0,-2651.0
672,-175.25359151370128,-2656.057847115312
673,17.0,-2669.0
674,18.53731511021385,-2669.0705383568516
675,137.35402361191947,-2672.369053287064
676,245.64060281197584,-2671.3259542409073
677,322.0,-2668.0
678,351.72556987350504,-2665.758193520122
679,412.81177826243515,-2657.846339407592
680,478.0,-2641.0
681,586.0167574844359,-2601.499794706591
682,627.0,-2581.0
683,668.7126347981479,-2555.404596610599
684,705.0,-2530.0
685,742.0,-2501.0
686,820.1317775294981,-2421.996615888101
687,904.0,-2328.0
688,913.4722191760133,-2317.1154835874036
689,962.0,-2244.0
690,1006.4139506015605,-2170.7963783712185
691,1025.0,-2139.0
692,1085.0,-2018.0
693,1116.6114297332754,-1930.0172205736956
694,1163.0,-1767.0
695,1171.0743812033932,-1731.320579268347
696,1187.0,-1601.0
697,1187.0900130362293,-1599.876238963529
698,1196.0,-1445.0
699,1196.2015037934495,-1390.1899704414723
700,1194.0,-1312.0
701,1192.763228821188,-1284.2075141602083
702,1188.0,-1206.0
703,1183.513372837385,-1151.2132075831635
704,1168.5038913537762,-1015.9592906611377
705,1165.0,-990.0
1,1054.3897535251126,-311.7511304007823
2,1048.0,-273.0
3,1010.0,-38.0
4,1001.3330532917242,15.796928801371761
5,990.9605300638793,82.15659463466594
6,989.0,95.0
7,943.0,398.0
8,923.6419650543719,526.3318053312825
9,905.0107785634428,654.2247237148376
10,902.0,675.0
11,859.0,973.0
12,850.50303245708,1033.344973164637
13,840.0,1116.0
14,824.7362538189745,1231.5593505894426
15,804.0,1388.0
16,789.9223534045448,1494.8633597602804
17,773.0838931307095,1627.2599354525137
18,768.0,1668.0
19,753.2670882122487,1786.4572625256671
20,749.0,1821.0
21,735.0,1935.0
22,717.371128329022,2077.8091389846168
23,713.0,2115.0
24,693.0887840888668,2293.3295725029707
25,680.0,2413.0
26,671.4873247439016,2489.8401946640697
27,659.0,2596.0
28,615.0,2946.0
29,614.8609285556928,2946.9857321974428
30,577.27857118663,3147.457901675439
31,570.0,3179.0
32,563.8106269465752,3207.5522519352035
33,547.0,3266.0
34,536.2275401118582,3293.6507312348094
35,496.66942012509,3382.6434591050474
36,477.0,3421.0
37,433.8433607387759,3485.292030245229
38,379.0,3531.0
39,343.32270739114233,3555.0923406940765
40,282.0,3587.0
41,238.0,3603.0
42,147.0,3627.0
43,60.0,3644.0
44,52.101234612847556,3645.5350939378923
45,-35.0,3664.0
46,-108.98300186411828,3684.3452070810245
47,-117.0,3687.0
48,-165.0,3706.0
49,-305.36528674081023,3794.5031216629322
50,-313.0,3800.0
51,-364.3776504067562,3840.3269843995017
52,-401.58803609755626,3873.2633479187893
53,-407.0,3878.0
54,-462.97577464309387,3926.5630283496735
55,-500.0,3959.0
56,-517.0,3974.0
57,-534.6927189328989,3988.6788228670475
58,-599.2558011545674,4034.492528462775
59,-619.0,4046.0
60,-691.2493394428875,4077.740286120164
61,-748.0,4090.0
62,-789.5193032491949,4090.222528953779
63,-842.5441288313632,4079.6003334348775
64,-863.0,4074.0
65,-888.9384791192804,4064.548869507519
66,-909.0,4053.0
67,-912.4120803496945,4050.7745068593713
68,-964.0,4011.0
69,-967.7335980754285,4007.4494238919538
70,-995.0,3977.0
71,-1018.2790857397476,3942.488043403552
72,-1021.0,3938.0
73,-1042.0,3899.0
74,-1073.2928339254545,3817.358870226104
75,-1082.0,3791.0
76,-1091.0264752107523,3759.840370994238
77,-1100.0,3719.0
78,-1102.0782449559852,3709.428352298281
79,-1109.0,3674.0
80,-1116.9646636031769,3618.477593811779
81,-1127.4170748790973,3530.140075427211
82,-1130.0,3506.0
83,-1133.1035155984941,3457.1104576909606
84,-1133.0,3441.0
85,-1130.6258736356074,3347.0181531774047
86,-1128.0,3300.0
87,-1125.0,3264.0
88,-1113.9677320202702,3179.5826812840264
89,-1104.0,3122.0
90,-1096.4505314204116,3083.675870040608
91,-1088.0,3045.0
92,-1067.8583241515614,2965.378668525582
93,-1053.0,2914.0
94,-1015.0,2799.0
95,-1007.8255901959366,2779.156273684185
96,-983.0,2714.0
97,-971.791478654142,2685.4766130401636
98,-892.0,2487.0
99,-883.3283218393543,2465.832647757292
100,-849.0,2386.0
101,-810.955109133229,2296.5289225021875
102,-801.0,2273.0
103,-757.0,2168.0
104,-739.1324640533942,2124.4927278533028
105,-661.0,1930.0
106,-651.0973891431447,1904.4723686688121
107,-618.2488628466123,1814.3331622055916
108,-590.0,1732.0
109,-560.0,1643.0
110,-520.2431742300508,1503.1824548797647
111,-492.0,1394.0
112,-472.0,1300.0
113,-468.1739677558921,1278.091390947187
114,-442.0,1107.0
115,-431.9418347011754,1002.0443995310386
116,-429.0,892.0
117,-429.3391630975617,860.7506255706339
118,-434.0,738.0
119,-446.0,642.0
120,-449.0763133787577,626.0686334443983
121,-471.0,550.0
122,-557.5016397048635,402.9300510162333
123,-570.0,385.0
124,-599.3730818453777,347.9985763165179
125,-646.0,320.0
126,-651.7274479451361,316.76817958560383
127,-736.0,271.0
128,-817.0,239.0
129,-885.1034373738474,217.9213031327413
130,-911.0,211.0
131,-992.0,193.0
132,-1012.493114019941,189.22556146003717
133,-1143.0,169.0
134,-1160.8414017900232,166.53315473924943
135,-1284.0,156.0
136,-1413.1838114409713,152.72855418786935
137,-1454.0,152.0
138,-1508.2748853687938,151.44768377802342
139,-1522.1900594751849,153.24512659256777
140,-1552.0,155.0
141,-1689.0,162.0
142,-1723.3646741704606,164.81779866938257
143,-1797.0,172.0
144,-1935.2464333339233,184.7365076093701
145,-1993.0,190.0
146,-2091.0,199.0
147,-2385.0,225.0
148,-2463.529193905024,232.23593198524418
149,-2556.0,240.0
150,-2694.3628486184507,251.22798569448264
151,-2803.0,260.0
152,-2865.472584248812,265.050995855208
153,-2918.982853361362,269.2993870930201
154,-2928.0,270.0
155,-3141.0,286.0
156,-3200.0620165691194,289.9678983485268
157,-3273.0,295.0
158,-3317.8148977464434,298.48836665324427
159,-3407.0,306.0
160,-3462.8182707404926,310.7869137593573
161,-3572.0,320.0
162,-3822.756898234881,339.99885813349175
163,-3861.0,343.0
164,-4003.7473471017984,353.9096868814884
165,-4093.0,361.0
166,-4313.0,379.0
167,-4347.342189841362,381.8670106386044
168,-4504.0,396.0
169,-4601.547150313647,406.0582575676805
170,-4727.0,420.0
171,-4775.0,426.0
172,-4861.022994410305,438.4610232635239
173,-4996.843855102534,461.1328594132679
174,-5063.0,474.0
175,-5189.0,503.0
176,-5220.20467905384,511.4595924641726
177,-5314.0,540.0
178,-5439.991285369666,584.8135322694825
179,-5560.0,634.0
180,-5587.959424632822,646.4645598030822
181,-5709.0,706.0
182,-5886.0,802.0
183,-6163.788437964411,965.6519260508227
184,-6176.0,973.0
185,-6269.124189036393,1028.5653084220507
186,-6364.0,1086.0
187,-6448.579407798792,1137.820192515468
188,-6613.753812400023,1239.3242070868707
189,-6682.0,1281.0
190,-6843.810916568913,1379.2960436182432
191,-6856.0,1387.0
192,-7045.37272778381,1510.2462936810416
193,-7090.0,1539.0
194,-7148.0,1576.0
195,-7249.710027783347,1642.2115157442004
196,-7364.0,1718.0
197,-7472.0,1790.0
198,-7497.593451959836,1807.2637438468362
199,-7617.0,1889.0
200,-7682.788741689224,1934.3729627861446
201,-7714.0,1955.0
202,-7763.469419142139,1985.4408066789438
203,-7773.0,1991.0
204,-7905.0,2056.0
205,-8015.831781062458,2096.7976161392185
206,-8080.0,2118.0
207,-8152.413383570201,2135.6647756687485
208,-8183.0,2140.0
209,-8226.0,2145.0
210,-8285.755130970854,2143.4795432255532
211,-8343.0,2138.0
212,-8357.081783138368,2136.1290017276524
213,-8394.132018621664,2125.733680720531
214,-8417.0,2114.0
215,-8426.983031835294,2108.787932488599
216,-8491.0,2071.0
217,-8520.277670398485,2048.308550765347
218,-8585.0,1989.0
219,-8591.815701074138,1982.159270751953
220,-8665.89015285278,1897.6259705529817
221,-8678.0,1883.0
222,-8696.09135469261,1861.1525009233915
223,-8724.704028211961,1825.757095971328
224,-8753.0,1786.0
225,-8768.0,1764.0
226,-8778.058921661825,1749.1342293949424
227,-8827.249447589373,1675.0645174273973
228,-8847.0,1644.0
229,-8886.999998182433,1578.404946122586
230,-8902.0,1553.0
231,-8926.879130197236,1509.951597560389
232,-8951.0,1466.0
233,-8982.521986463747,1402.8965030573956
234,-9005.0,1356.0
235,-9037.818746356012,1287.4644428007718
236,-9047.0,1268.0
237,-9084.0,1187.0
238,-9095.036352667621,1161.9149256885999
239,-9160.0,1010.0
240,-9164.2908667981,999.7583008366948
241,-9197.01549262178,920.7479886107661
242,-9200.0,914.0
243,-9225.362933924986,859.0037851485446
244,-9256.0,795.0
245,-9262.445208724805,781.713685236835
246,-9298.0,717.0
247,-9349.892219763418,640.3235003155536
248,-9355.0,633.0
249,-9384.0,599.0
250,-9434.0,557.0
251,-9438.006841876693,554.1809173756752
252,-9472.0,537.0
253,-9483.346028462305,533.9583319969702
254,-9539.264114209564,526.9156814453778
255,-9559.0,527.0
256,-9607.359260838235,536.9190203963263
257,-9637.412708794667,555.8048881979062
258,-9662.0,573.0
259,-9664.182678900088,574.4911235140529
260,-9682.070236743866,586.6686850766932
261,-9689.0,592.0
262,-9718.048906244963,616.1553993572807
263,-9756.0,651.0
264,-9760.551044386692,655.435586533749
265,-9828.677229093251,726.6024084366142
266,-9838.0,737.0
267,-9864.610009904007,767.747544684272
268,-9926.0,845.0
269,-9938.80929813115,862.0865651115082
270,-9963.0,895.0
271,-9969.438392601376,903.5794190062004
272,-10008.0,954.0
273,-10014.427686491052,962.287258781978
274,-10109.0,1083.0
275,-10136.75091692728,1117.7172007002941
276,-10166.0,1152.0
277,-10221.332811305827,1215.5386804337334
278,-10234.0,1230.0
279,-10280.546584409534,1282.7295471851837
280,-10326.0,1330.0
281,-10390.630515584782,1392.8186973375584
282,-10454.0,1452.0
283,-10542.819595602126,1521.018898512644
284,-10549.0,1525.0
285,-10619.393407344578,1567.155954480843
286,-10629.0,1572.0
287,-10789.0,1635.0
288,-10814.663118487813,1643.4777987756138
289,-10851.196520601614,1650.8860000148088
290,-10861.0,1652.0
291,-10959.608327199781,1657.7755549694693
292,-10974.0,1657.0
293,-11034.0,1647.0
294,-11065.386843572222,1638.018511602021
295,-11106.0,1622.0
296,-11187.065123493663,1579.9830505682678
297,-11194.0,1576.0
298,-11239.21206085329,1546.5572484417353
299,-11269.0,1521.0
300,-11305.532868028036,1485.5264242285307
301,-11360.0,1425.0
302,-11455.19541265671,1297.120266983863
303,-11465.0,1283.0
304,-11488.13428082096,1248.4347176785518
305,-11511.775471796716,1209.956044104275
306,-11519.0,1198.0
307,-11544.324244781292,1155.8191543848593
308,-11582.0,1090.0
309,-11658.74022314865,945.3231055349816
310,-11684.0,897.0
311,-11696.818351487722,872.7001607748817
312,-11709.0,849.0
313,-11758.689150185552,749.0703841903057
314,-11799.0,669.0
315,-11831.0,607.0
316,-11914.505894196865,444.5031153942705
317,-11951.0,373.0
318,-11979.665559046183,315.98742359814634
319,-11990.0,296.0
320,-12041.20557273952,198.90789626753568
321,-12073.0,139.0
322,-12091.87203868738,103.49030357047315
323,-12128.0,36.0
324,-12178.047532134204,-55.302873694399594
325,-12210.0,-113.0
326,-12275.0,-230.0
327,-12341.0,-348.0
328,-12400.0,-455.0
329,-12452.354705220741,-553.5197685586869
330,-12459.0,-566.0
331,-12539.0,-714.0
332,-12545.239617695232,-725.4314047399535
333,-12621.902263567084,-862.2467847121168
334,-12651.0,-911.0
335,-12712.339683308652,-1011.4360375354127
336,-12787.0,-1131.0
337,-12837.010920353106,-1207.7478323944379
338,-12891.25915132142,-1283.0132565237432
339,-12902.0,-1299.0
340,-12993.0,-1443.0
341,-13005.562929339892,-1463.5803991911584
342,-13052.219129078678,-1541.5851939445602
343,-13085.0,-1597.0
344,-13095.658100082373,-1615.0238960092865
345,-13126.0,-1667.0
346,-13148.0,-1708.0
347,-13198.0,-1854.0
348,-13205.202153216525,-1900.982943370033
349,-13196.887813310937,-2010.4082760759293
350,-13193.0,-2033.0
351,-13185.522781722277,-2070.641565771412
352,-13167.155202664117,-2144.5966568468707
353,-13155.0,-2184.0
354,-13137.811857415076,-2229.3954229374904
355,-13110.0,-2286.0
356,-13086.877712161127,-2327.1956612888844
357,-13060.0,-2370.0
358,-13014.0,-2430.0
359,-13008.251990285878,-2436.370614813446
360,-12972.0,-2473.0
361,-12936.393038451544,-2505.9527006385156
362,-12913.0,-2524.0
363,-12860.052947045515,-2559.2331322401933
364,-12739.0,-2630.0
365,-12738.530946225772,-2630.259156359947
366,-12676.080865233876,-2661.0479543407187
367,-12625.0,-2678.0
368,-12555.0,-2702.0
369,-12482.341019621093,-2727.85309078214
370,-12406.0,-2756.0
371,-12377.060305270206,-2767.7665346606504
372,-12357.835082094838,-2783.201532182346
373,-12355.0,-2786.0
374,-12288.0,-2859.0
375,-12284.304052253068,-2864.082890257954
376,-12262.0,-2901.0
377,-12253.527217256818,-2919.122974364834
378,-12229.563074115405,-2986.7068378646127
379,-12224.0,-3005.0
380,-12211.983159983283,-3051.141218623749
381,-12205.0,-3082.0
382,-12202.477687399607,-3093.2755078376513
383,-12191.494605288488,-3143.24255917814
384,-12183.0,-3191.0
385,-12180.0,-3212.0
386,-12178.04243422431,-3225.352809230171
387,-12166.641590983425,-3294.4235381101103
388,-12165.0,-3304.0
389,-12145.0,-3419.0
390,-12140.070458464234,-3446.2999854829877
391,-12126.315229556183,-3512.396406927457
392,-12118.0,-3544.0
393,-12098.0,-3602.0
394,-12036.736133217722,-3690.3766964118154
395,-11987.0,-3750.0
396,-11961.846625715356,-3778.139238337678
397,-11865.529350889141,-3855.7175230179346
398,-11855.0,-3864.0
399,-11731.0,-3963.0
400,-11695.351383978876,-3991.4630787242177
401,-11655.0,-4024.0
402,-11632.107157830647,-4042.7724500444388
403,-11552.0,-4109.0
404,-11523.28659747606,-4133.190475848975
405,-11490.0,-4162.0
406,-11419.145278661794,-4224.576313433338
407,-11410.0,-4233.0
408,-11333.090904664887,-4308.664668989723
409,-11309.0,-4334.0
410,-11255.130825912489,-4393.52342706974
411,-11220.0,-4436.0
412,-11159.0,-4521.0
413,-11141.426938433582,-4547.408628358446
414,-11087.0,-4633.0
415,-11069.471502859087,-4661.560539186961
416,-11039.0,-4709.0
417,-10973.0,-4797.0
418,-10972.758007161206,-4797.304230076042
419,-10946.126722082157,-4828.310699191202
420,-10923.0,-4846.0
421,-10872.0,-4881.0
422,-10871.77150964009,-4881.124738265658
423,-10854.0,-4890.0
424,-10796.977994101519,-4907.454808639247
425,-10791.0,-4907.0
426,-10729.0,-4894.0
427,-10719.321063154166,-4891.319601458901
428,-10693.0,-4871.0
429,-10683.191082113199,-4859.079310013532
430,-10650.473513109673,-4819.741372357136
431,-10643.0,-4810.0
432,-10624.484123807633,-4776.661282803819
433,-10622.0,-4771.0
434,-10610.0,-4743.0
435,-10604.312312278502,-4728.1753530036885
436,-10590.0,-4685.0
437,-10588.656924450896,-4680.690475122317
438,-10586.0,-4672.0
439,-10572.547765279702,-4619.6235469697785
440,-10570.0,-4608.0
441,-10557.919625710185,-4549.338901199695
442,-10550.0,-4510.0
443,-10544.275165859191,-4482.246037354829
444,-10537.0,-4441.0
445,-10518.0,-4324.0
446,-10513.872649407018,-4297.706370228174
447,-10507.0,-4247.0
448,-10506.146695242045,-4240.088150729346
449,-10497.0,-4164.0
450,-10496.02281533943,-4155.777248215714
451,-10478.0,-4012.0
452,-10459.0,-3877.0
453,-10454.49649112359,-3845.77315359982
454,-10444.0,-3776.0
455,-10417.0,-3595.0
456,-10415.18247118736,-3583.6211698238676
457,-10395.0,-3460.0
458,-10388.0,-3414.0
459,-10378.551346402312,-3355.588251630731
460,-10367.0,-3285.0
461,-10358.347945876203,-3230.4636683042004
462,-10331.0,-3055.0
463,-10324.018743241979,-3010.586277593508
464,-10296.0,-2839.0
465,-10279.0,-2735.0
466,-10252.0,-2590.0
467,-10220.0,-2415.0
468,-10204.10765207045,-2332.624521161422
469,-10196.0,-2292.0
470,-10182.0,-2223.0
471,-10157.0,-2097.0
472,-10153.067633572758,-2078.7722326693265
473,-10111.405299358194,-1896.6637931280907
474,-10089.0,-1801.0
475,-10064.135389062125,-1696.7244189982366
476,-10058.0,-1672.0
477,-10044.269550345036,-1616.9755326693678
478,-10002.0,-1455.0
479,-9928.254879890048,-1195.0085354290795
480,-9923.0,-1177.0
481,-9852.231915544493,-952.9420694598122
482,-9848.0,-940.0
483,-9809.0,-821.0
484,-9775.086116404802,-722.7622754855427
485,-9763.0,-689.0
486,-9672.0,-441.0
487,-9638.234236968898,-351.271666888172
488,-9624.0,-316.0
489,-9621.112060291784,-308.8323604301085
490,-9581.0,-209.0
491,-9565.0,-169.0
492,-9507.630062778295,-47.52067334933471
493,-9503.0,-40.0
494,-9455.504386701032,29.84207163504203
495,-9451.0,36.0
496,-9415.522098643756,74.74515372843128
497,-9400.0,85.0
498,-9360.0,108.0
499,-9350.348123553971,112.20404589621928
500,-9316.0,123.0
501,-9262.277260505645,129.13504983583027
502,-9242.0,128.0
503,-9199.46040922533,120.2341809461652
504,-9118.34423508843,88.86018341179363
505,-9027.986807131796,38.63009435231659
506,-8979.0,8.0
507,-8953.10206241081,-9.984524315145208
508,-8908.0,-45.0
509,-8887.737871635862,-61.292168086567294
510,-8855.0,-88.0
511,-8809.767743685126,-125.67829137418468
512,-8775.0,-155.0
513,-8713.0,-208.0
514,-8661.0,-254.0
515,-8607.0,-301.0
516,-8508.731800719852,-392.4652530898969
517,-8466.0,-433.0
518,-8446.70946695375,-451.38866282899744
519,-8392.0,-504.0
520,-8316.022900502601,-576.3141417920285
521,-8291.0,-600.0
522,-8194.0,-691.0
523,-8186.653025783586,-697.798733746072
524,-8110.0,-767.0
525,-8066.12721186384,-805.5794021943915
526,-7967.0,-892.0
527,-7940.434993095858,-914.9767630685836
528,-7862.18018347628,-980.9206439996831
529,-7801.395003475178,-1025.9804656774763
530,-7784.0,-1039.0
531,-7733.0,-1077.0
532,-7722.522930481923,-1084.6148445300253
533,-7607.0,-1163.0
534,-7574.262039221199,-1183.4378352968033
535,-7507.0,-1223.0
536,-7366.424158135112,-1294.2388083121248
537,-7342.0,-1305.0
538,-7266.839219730732,-1335.3111426944795
539,-7190.0,-1362.0
540,-7073.0,-1394.0
541,-7059.637110597041,-1396.9613671527934
542,-6922.0,-1421.0
543,-6893.999599534166,-1425.0139589089754
544,-6753.0,-1441.0
545,-6639.0,-1448.0
546,-6608.771974795057,-1449.73492787554
547,-6470.0,-1458.0
548,-6371.474017111923,-1463.9374822592854
549,-6355.0,-1465.0
550,-6079.0,-1484.0
551,-5992.068345217315,-1489.0999606428588
552,-5961.0,-1491.0
553,-5826.232212048657,-1500.0765262681557
554,-5798.0,-1502.0
555,-5664.0,-1511.0
556,-5378.0,-1530.0
557,-5162.707868546749,-1544.043033416647
558,-5103.0,-1548.0
559,-5000.909674174319,-1554.8286624304149
560,-4934.0,-1559.0
561,-4736.066552069534,-1569.9832476042618
562,-4717.0,-1571.0
563,-4540.2008346994935,-1580.2501926984773
564,-4343.0,-1590.0
565,-4295.925075510686,-1592.1114771453158
566,-4171.0,-1596.0
567,-4078.7250191320186,-1597.3598968751855
568,-3966.0,-1599.0
569,-3918.567395134578,-1599.7867088429184
570,-3745.0,-1603.0
571,-3652.6938785477737,-1605.484876186451
572,-3585.0,-1608.0
573,-3399.581218416866,-1612.7855798671758
574,-3320.0,-1615.0
575,-3220.3148315498033,-1618.4482939828827
576,-3172.0,-1621.0
577,-2951.0,-1637.0
578,-2919.5858259972656,-1639.3970160596482
579,-2888.6996538680455,-1641.8620940174394
580,-2867.0,-1644.0
581,-2794.256666066356,-1651.8058198696513
582,-2785.0,-1653.0
583,-2712.1775346926997,-1665.4245366697696
584,-2670.0,-1676.0
585,-2656.527235846014,-1680.0143603992335
586,-2617.0,-1695.0
587,-2576.42183863722,-1718.4555636782625
588,-2527.7232731314516,-1756.5598945428444
589,-2523.0,-1761.0
590,-2494.622164951833,-1797.2710156281287
591,-2482.1856405437347,-1831.0006333434708
592,-2477.0,-1847.0
593,-2468.0,-1877.0
594,-2461.9191904184663,-1900.7826814028003
595,-2452.0,-1944.0
596,-2442.8544472578883,-1980.0498985564946
597,-2424.0,-2047.0
598,-2417.954739958997,-2066.025094941933
599,-2402.499975695172,-2108.276771574522
600,-2380.0,-2158.0
601,-2363.336447280348,-2191.419124943063
602,-2347.0,-2223.0
603,-2300.0,-2297.0
604,-2284.5206504104585,-2316.2236702595405
605,-2235.0,-2375.0
606,-2210.9260293737398,-2401.9021171520203
607,-2193.0,-2415.0
608,-2172.918179010067,-2430.036963783674
609,-2113.0,-2473.0
610,-2106.1783826490364,-2477.355949125287
611,-2036.0,-2513.0
612,-1918.3804487234258,-2551.938570945061
613,-1865.0,-2567.0
614,-1811.4508506642082,-2579.442958922856
615,-1771.0151879119173,-2584.6788683441987
616,-1746.0,-2588.0
617,-1701.1445164041986,-2594.3326958251037
618,-1630.0,-2601.0
619,-1488.0,-2608.0
620,-1414.8892120557514,-2610.445435192934
621,-1359.0,-2610.0
622,-1313.5914331502256,-2610.0374220180597
623,-1155.0,-2611.0
624,-1096.350841108802,-2612.000079431536
625,-1021.944839068996,-2614.248188616984
626,-955.0,-2616.0
627,-944.8132307215025,-2616.2142830775924
628,-859.0,-2618.0
629,-736.0,-2623.0
630,-577.86925312341,-2630.81102203526
631,-495.0,-2635.0
632,-437.466618272448,-2637.966633041637
633,-379.0,-2642.0
634,-105.41525481846318,-2661.347405110615
635,-68.0,-2664.0
636,79.0,-2672.0
637,89.5704337478025,-2672.144574786365
638,269.0,-2672.0
639,329.0594467005849,-2670.022065345929
640,467.0,-2644.0
641,520.7288855216482,-2625.120817994167
642,609.0,-2590.0
643,662.9835657589075,-2565.176567254861
644,717.0,-2521.0
645,723.8787448840098,-2514.7533439897115
646,814.8118856435337,-2430.2372910040335
647,861.0,-2381.0
648,916.3394843820989,-2311.559701437454
649,927.0,-2297.0
650,953.0,-2257.0
651,953.2061069123126,-2256.6768740728066
652,1005.0,-2175.0
653,1057.8133856897362,-2076.907623469023
654,1083.0,-2023.0
655,1105.3185169183703,-1969.562311873796
656,1126.0,-1907.0
657,1177.0,-1685.0
658,1177.1212488320843,-1684.3759725629016
659,1186.70884455941,-1621.6200665331753
660,1189.0,-1583.0
661,1194.3932315886175,-1465.0786990750555
662,1196.0,-1414.0
663,1196.6941425949176,-1350.266087825119
664,1191.0,-1243.0
665,1182.3973560479203,-1145.0242507601117
666,1175.0,-1069.0
667,1168.8379968497459,-1011.5282041802312
668,1152.0,-897.0
669,1131.0,-773.0
670,1128.256763644983,-756.7029150938978
671,1103.5784073089287,-608.25224339437
672,1078.0,-452.0
1,1062.0,-356.0
2,1057.0,-327.0
3,1031.3324842124357,-166.6219150933601
4,1029.0,-152.0
5,998.0,39.0
6,974.8909369309,188.09309185279542
7,963.0,265.0
8,951.0666476734418,341.1573828945796
9,944.0,387.0
10,933.4759934664055,457.98211144330617
11,915.1403688344752,586.027108772209
12,915.0,587.0
13,882.3707394006115,812.4451596333424
14,879.0,836.0
15,844.0522292612621,1086.7768209707003
16,835.0,1153.0
17,820.0,1265.0
18,815.2543895849841,1301.314537221858
19,797.7522031737581,1436.5149338142242
20,795.0,1458.0
21,774.18076438969,1621.7857937793306
22,751.0,1805.0
23,742.9386848743776,1868.4781685396986
24,725.2375924607627,2010.4532934665353
25,722.0,2038.0
26,705.0,2186.0
27,699.3980605413985,2235.4432319696643
28,690.0,2319.0
29,677.1131225477918,2434.5729756441124
30,664.0,2552.0
31,647.0,2701.0
32,639.3156092806194,2765.55314534072
33,625.0,2877.0
34,613.8711994909648,2952.52752795377
35,605.0,3008.0
36,592.5162771006687,3079.6915406615303
37,579.0,3141.0
38,568.0925323324137,3182.9794505899026
39,521.0,3338.0
40,517.6556571624249,3347.7531971431818
41,495.45609162599095,3397.4354833455586
42,474.71043772598017,3424.735802065099
43,471.0,3430.0
44,442.0,3469.0
45,435.36660260099467,3476.190798189892
46,312.0,3574.0
47,299.3515285620345,3582.13956217227
48,241.96388916824563,3602.4744504555065
49,236.0,3604.0
50,182.8258610665729,3618.001145791288
51,158.0,3624.0
52,94.0,3637.0
53,57.485857788185015,3643.6503774621424
54,14.0,3653.0
55,-102.06037627543665,3684.441554587608
56,-145.0,3697.0
57,-214.5534364941374,3730.213448743732
58,-221.0,3735.0
59,-280.7270093815496,3780.045357620477
60,-366.5794370980037,3845.7741781064033
61,-395.0,3868.0
62,-422.7201689050234,3891.806511038576
63,-433.0,3901.0
64,-486.6594420644865,3947.4063404094995
65,-512.0,3969.0
66,-533.4271729524157,3987.067089511942
67,-586.0,4026.0
68,-599.3607369046072,4034.110981946912
69,-658.0,4066.0
70,-693.1638391243221,4081.445043936071
71,-725.0,4087.0
72,-772.7255777229359,4090.002229921974
73,-773.0,4090.0
74,-845.9001739020043,4079.493475958012
75,-851.0,4078.0
76,-892.0909874822892,4061.61327374247
77,-901.0,4057.0
78,-938.0,4033.0
79,-941.6704708156634,4030.083167418241
80,-974.0,4000.0
81,-977.0643182764082,3996.905904052455
82,-1018.0,3944.0
83,-1021.6912385823146,3937.431004841284
84,-1055.0,3870.0
85,-1077.8587925856846,3810.3648507297567
86,-1090.1638863550745,3761.4720767446324
87,-1098.0,3727.0
88,-1103.8680710817575,3700.1732356746443
89,-1109.8921066808364,3669.3363427624413
90,-1113.0,3652.0
91,-1119.0,3616.0
92,-1123.3360668940193,3582.319086957497
93,-1127.0,3547.0
94,-1132.4610247434448,3465.7361399539614
95,-1133.0,3440.0
96,-1127.0297602744845,3291.790139277592
97,-1126.0,3281.0
98,-1112.8571619607333,3179.44646583575
99,-1092.0,3063.0
100,-1086.4555698619156,3036.9023029655805
101,-1053.0,2916.0
102,-1013.0,2796.0
103,-989.3243853703751,2730.1010383930034
104,-981.0,2708.0
105,-946.0,2620.0
106,-937.0591750798101,2597.8410322226764
107,-896.0,2497.0
108,-881.8279327344196,2463.0393715113432
109,-848.0,2383.0
110,-833.600618385064,2348.8334936334286
111,-779.0,2219.0
112,-774.2569631390825,2207.765478228342
113,-724.0,2088.0
114,-714.4000355044203,2064.4164176571785
115,-666.0,1941.0
116,-656.8279414380685,1916.7462409760237
117,-615.0,1803.0
118,-610.6444087090767,1790.9582753981676
119,-579.0,1701.0
120,-550.8404766462494,1611.167637314087
121,-539.0,1571.0
122,-520.0,1504.0
123,-499.1585797658565,1423.4203767860984
124,-483.0,1354.0
125,-474.1651474296217,1312.8483635554078
126,-458.0,1228.0
127,-442.588868197161,1118.6585441181408
128,-435.0,1038.0
129,-433.2627586592221,1012.5902364319692
130,-429.48592879635083,911.9035413796773
131,-429.0,876.0
132,-431.0394426912478,775.785412458341
133,-432.0,763.0
134,-451.66267277995655,618.0733401204777
135,-454.0,606.0
136,-498.1759227769398,482.15969451296763
137,-516.0,455.0
138,-554.3624428233321,407.2901597909326
139,-595.982862214415,365.10413610910507
140,-689.9776500386824,293.87851388742087
141,-833.5281025806373,233.76799212565092
142,-859.0,226.0
143,-1000.0,191.0
144,-1027.287666789136,185.19673811912497
145,-1102.0,174.0
146,-1108.721763590339,173.16547595709164
147,-1228.0,161.0
148,-1267.575912527915,158.5395812844706
149,-1383.0,153.0
150,-1407.6774965158108,151.6800153760774
151,-1425.0,152.0
152,-1438.1950120660454,152.27799948881372
153,-1579.7499042456766,155.87279843395737
154,-1627.0,158.0
155,-1739.1728976747595,166.56360613714318
156,-1755.0,168.0
157,-1926.0,184.0
158,-1997.7830508853986,190.32090519126524
159,-2039.0,194.0
160,-2058.25528675563,195.83912594637223
161,-2195.0,209.0
162,-2347.9621032655195,222.51792583794597
163,-2435.0,230.0
164,-2655.0,248.0
165,-2865.0,265.0
166,-2991.6468106251273,275.35017735828217
167,-3096.0,283.0
168,-3165.8302749714294,287.6015860939626
169,-3244.0,293.0
170,-3319.5519267771037,298.93111472995406
171,-3393.0,305.0
172,-3489.9405323048236,312.8346952613535
173,-3529.0,316.0
174,-3804.535107407569,338.4835363374474
175,-3860.0,343.0
176,-4185.496838526143,369.1336912103674
177,-4235.0,373.0
178,-4256.494721306897,374.6487615995036
179,-4314.0,379.0
180,-4323.138543926836,379.7083137789448
181,-4502.556380532975,394.9463727128684
182,-4569.0,402.0
183,-4750.607785695775,423.49101195479176
184,-4842.0,435.0
185,-4947.697478027951,449.71341156575954
186,-5034.0,468.0
187,-5060.9950040487665,474.125472883664
188,-5269.272679924412,525.7538124275245
189,-5287.0,531.0
190,-5442.0,585.0
191,-5543.316121568033,626.26748511965
192,-5610.0,657.0
193,-5769.816024952812,738.0031410740056
194,-5804.0,756.0
195,-5878.4553192816165,796.5924804619285
196,-5951.0,839.0
197,-6139.0,950.0
198,-6160.143184539871,962.7689400485917
199,-6413.0,1117.0
200,-6428.238968874642,1126.2858434218442
201,-6529.0,1187.0
202,-6551.627642386522,1200.72119873797
203,-6688.0,1284.0
204,-6790.747753596043,1347.741427862376
205,-6804.0,1356.0
206,-6992.0,1475.0
207,-7279.0,1662.0
208,-7351.922963129625,1710.2899812362361
209,-7374.0,1725.0
210,-7424.879239688999,1758.7646027117516
211,-7529.353623776159,1828.5624289158034
212,-7530.0,1829.0
213,-7676.367327962254,1929.6675437437607
214,-7714.0,1955.0
215,-7742.4299716096375,1973.3654635510638
216,-7791.0,2001.0
217,-7805.834340431153,2008.7052624109358
218,-7885.0,2047.0
219,-7940.330361395569,2070.3372340900673
220,-7971.0,2082.0
221,-8045.0,2107.0
222,-8087.435544693701,2119.7080689926456
223,-8137.0,2132.0
224,-8143.707921840381,2133.353761836102
225,-8221.0,2144.0
226,-8227.369453649571,2144.5094843171523
227,-8267.0,2146.0
228,-8279.704904667675,2145.6213583754707
229,-8357.0,2134.0
230,-8381.014494991163,2127.11918163019
231,-8411.0,2116.0
232,-8451.78346678759,2096.0354311049855
233,-8475.0,2082.0
234,-8539.0,2033.0
235,-8548.454782048248,2024.8407723566345
236,-8598.05348899831,1975.7633942719578
237,-8605.0,1968.0
238,-8685.0,1874.0
239,-8717.660538980232,1833.5469501979392
240,-8721.0,1829.0
241,-8782.0,1743.0
242,-8797.851942588199,1719.5765225299647
243,-8833.0,1666.0
244,-8837.846373292632,1658.499682210686
245,-8885.116628348607,1583.16507578858
246,-8890.0,1575.0
247,-8935.0,1496.0
248,-8978.0,1412.0
249,-8994.307577653512,1378.5212980200376
250,-9082.0,1191.0
251,-9086.675638507717,1180.6374391050067
252,-9135.083839445566,1067.778166007781
253,-9153.0,1025.0
254,-9186.0,947.0
255,-9190.087182078667,937.4788112431127
256,-9221.0,867.0
257,-9234.838364741252,836.7485890632088
258,-9260.0,786.0
259,-9323.91968659978,675.9152919628433
260,-9333.0,662.0
261,-9369.868747622666,614.1161992031141
262,-9394.0,590.0
263,-9410.690709379161,575.1005589910606
264,-9432.718943022943,558.3003910673503
265,-9449.0,548.0
266,-9494.90473467173,528.7277784415141
267,-9501.0,528.0
268,-9588.76248626994,534.966515074109
269,-9589.0,535.0
270,-9609.931497633603,538.5792207230345
271,-9633.0,555.0
272,-9644.018116240299,562.3701974186313
273,-9684.0,589.0
274,-9721.08679641622,616.0652937859627
275,-9746.0,642.0
276,-9801.0,697.0
277,-9867.0,771.0
278,-9921.0,837.0
279,-9933.059475631399,853.248182272418
280,-9986.0,926.0
281,-10021.40175025343,973.3560170474991
282,-10051.0,1010.0
283,-10065.961920956233,1028.5287513079443
284,-10157.0,1141.0
285,-10197.035124973401,1188.8310814711533
286,-10218.0,1212.0
287,-10240.411150475451,1236.7332139176285
288,-10285.0,1286.0
289,-10308.629717451036,1312.1969203247922
290,-10356.0,1361.0
291,-10433.061278295278,1432.356171103033
292,-10471.0,1466.0
293,-10593.199718775726,1555.0828494792333
294,-10633.0,1574.0
295,-10639.220248289626,1576.806618663369
296,-10766.781446182295,1628.2027123374276
297,-10787.0,1635.0
298,-10818.837007271835,1644.6144998125674
299,-10884.0,1655.0
300,-10913.751169208135,1655.8432141805295
301,-11010.0,1652.0
302,-11046.923443786101,1647.5944235144275
303,-11084.796803364065,1634.060414222928
304,-11120.0,1616.0
305,-11143.428155084763,1604.4078472999458
306,-11169.0,1591.0
307,-11222.0,1557.0
308,-11260.110433812846,1527.3308989187617
309,-11303.0,1488.0
310,-11351.0,1436.0
311,-11355.84959439669,1430.0982300815301
312,-11371.0,1411.0
313,-11412.080430756483,1357.9152337387318
314,-11434.0,1327.0
315,-11538.769525260142,1165.3694598444072
316,-11539.0,1165.0
317,-11571.812398897531,1108.9008904889695
318,-11582.0,1090.0
319,-11615.726096651728,1027.045970859872
320,-11667.0,930.0
321,-11671.686726699343,920.9597538417645
322,-11712.819196979013,839.3650466236643
323,-11750.0,765.0
324,-11754.443183760352,756.2423013168344
325,-11812.0,644.0
326,-11817.170893944869,633.9508820355046
327,-11855.0,560.0
328,-11876.0,518.0
329,-11945.650889130398,382.57422480421025
330,-12000.0,278.0
331,-12006.41327545683,265.65492106776094
332,-12065.871093481148,151.40831119367832
333,-12101.0,86.0
334,-12107.166577772456,74.62256523546858
335,-12120.0,51.0
336,-12189.0,-75.0
337,-12245.519052965878,-176.88943011340515
338,-12277.0,-233.0
339,-12334.0,-334.0
340,-12373.310931468655,-405.4450224954661
341,-12413.0,-479.0
342,-12452.209943025337,-552.7698379455898
343,-12505.0,-652.0
344,-12559.0,-751.0
345,-12571.687161828402,-774.0267690627854
346,-12644.0,-900.0
347,-12765.0,-1096.0
348,-12810.072147566107,-1165.8997619854592
349,-12839.808498665367,-1207.419840341985
350,-12862.0,-1240.0
351,-12926.52162921637,-1337.9872993301497
352,-12985.0,-1429.0
353,-13038.632765996503,-1516.0005675983698
354,-13090.772158211446,-1605.6080684036933
355,-13091.0,-1606.0
356,-13127.946346696017,-1669.9419109786097
357,-13141.0,-1694.0
358,-13160.0,-1732.0
359,-13188.897114068695,-1804.6406779075378
360,-13189.0,-1805.0
361,-13200.0,-1873.0
362,-13200.353499007302,-1881.541857281846
363,-13195.55713714205,-1989.3654940300744
364,-13190.0,-2044.0
365,-13183.021768983155,-2085.4633503294867
366,-13174.0,-2118.0
367,-13168.649321043305,-2136.5782600114158
368,-13150.0,-2196.0
369,-13144.844568255297,-2210.0166877304396
370,-13124.0,-2259.0
371,-13099.342971506976,-2306.412714511542
372,-13070.0,-2354.0
373,-13056.401382240292,-2373.8195478157945
374,-13004.0,-2440.0
375,-12955.472291851049,-2488.9437238531464
376,-12942.0,-2501.0
377,-12900.707146914337,-2534.621220119678
378,-12878.0,-2551.0
379,-12788.0,-2605.0
380,-12770.712349702551,-2614.1603763665566
381,-12718.0,-2640.0
382,-12609.0,-2683.0
383,-12568.837376893529,-2697.1626164813592
384,-12549.0,-2704.0
385,-12497.867479626682,-2721.086516470611
386,-12429.0,-2746.0
387,-12381.0,-2770.0
388,-12339.0,-2799.0
389,-12299.0,-2842.0
390,-12291.019645008708,-2852.551234776897
391,-12269.0,-2888.0
392,-12247.980047607669,-2935.8637053893767
393,-12221.0,-3015.0
394,-12204.39379988224,-3074.9287663062714
395,-12195.175097834723,-3123.4250082878134
396,-12191.0,-3146.0
397,-12185.321301584154,-3176.305445969333
398,-12180.0,-3207.0
399,-12173.770326303398,-3246.8166917278477
400,-12161.376706977178,-3326.826802966517
401,-12160.0,-3335.0
402,-12149.677253729224,-3392.7288958262366
403,-12142.0,-3435.0
404,-12127.0,-3513.0
405,-12115.0,-3555.0
406,-12099.297232398816,-3596.0381494699523
407,-12044.291792375332,-3688.6375418835496
408,-12044.0,-3689.0
409,-11990.0,-3746.0
410,-11938.742423197575,-3792.866009910714
411,-11877.0,-3846.0
412,-11816.854696588935,-3894.945024622298
413,-11789.0,-3917.0
414,-11742.264448165435,-3953.946213325148
415,-11682.0,-4002.0
416,-11622.492273411619,-4050.4885848371696
417,-11582.0,-4084.0
418,-11546.313189357112,-4113.925382775297
419,-11489.0,-4163.0
420,-11473.227498734568,-4176.68566640981
421,-11395.0,-4247.0
422,-11354.0,-4288.0
423,-11317.26260572513,-4326.800870907942
424,-11237.073906858954,-4415.933313852662
425,-11220.0,-4436.0
426,-11127.531062873137,-4569.897216596713
427,-11115.0,-4590.0
428,-11074.0,-4654.0
429,-11048.684927270133,-4693.119262887991
430,-11029.0,-4723.0
431,-11017.800505287469,-4739.599771167733
432,-10994.0,-4772.0
433,-10940.664688753623,-4830.532680185757
434,-10931.0,-4840.0
435,-10884.626538883474,-4873.917748576278
436,-10877.0,-4878.0
437,-10851.0,-4891.0
438,-10827.49106837485,-4900.204674605169
439,-10812.0,-4904.0
440,-10757.0,-4904.0
441,-10744.788012711717,-4900.993598114604
442,-10694.0,-4873.0
443,-10666.0,-4843.0
444,-10651.0,-4824.0
445,-10633.0,-4793.0
446,-10617.0,-4760.0
447,-10593.686713251214,-4696.180588547627
448,-10586.0,-4673.0
449,-10572.441222957901,-4617.501332226531
450,-10570.0,-4606.0
451,-10560.0,-4561.0
452,-10550.0,-4512.0
453,-10548.901211525525,-4506.31551296745
454,-10538.0,-4447.0
455,-10535.874097061436,-4434.890346822551
456,-10525.473850591277,-4372.485573415472
457,-10521.0,-4343.0
458,-10509.0,-4257.0
459,-10506.492309710538,-4238.116160274116
460,-10490.448992797199,-4112.617251113126
461,-10485.0,-4070.0
462,-10480.837189552074,-4038.0658957569267
463,-10472.536337176498,-3977.781896876891
464,-10465.0,-3923.0
465,-10446.095110807168,-3785.679133843403
466,-10446.0,-3785.0
467,-10430.56588725247,-3680.9622609410358
468,-10420.0,-3616.0
469,-10418.603082119034,-3607.3211887047946
470,-10397.0,-3472.0
471,-10389.086242473995,-3422.0893581557184
472,-10363.147272198963,-3257.5739527574415
473,-10338.218814478849,-3100.045586991412
474,-10331.0,-3055.0
475,-10324.32652404243,-3013.6863663006334
476,-10304.0,-2890.0
477,-10285.186516416155,-2776.7950742022604
478,-10278.0,-2734.0
479,-10250.0,-2574.0
480,-10233.578857432527,-2487.03574641244
481,-10203.0,-2329.0
482,-10200.455033762155,-2315.8022864466957
483,-10179.912442047478,-2209.4385713813485
484,-10176.0,-2190.0
485,-10140.0,-2021.0
486,-10085.66556226122,-1786.650591397161
487,-10077.0,-1750.0
488,-10048.839805166188,-1637.6693110654537
489,-10044.0,-1619.0
490,-10024.028419074693,-1541.0779918671867
491,-9986.0,-1395.0
492,-9957.56671500809,-1292.5687780202297
493,-9949.0,-1263.0
494,-9921.206006897854,-1170.372441545678
495,-9882.0,-1045.0
496,-9839.0,-912.0
497,-9813.96188278565,-837.0439941045911
498,-9799.0,-793.0
499,-9737.0,-617.0
500,-9730.520682464996,-599.1794522795971
501,-9656.695929890597,-399.6816555419859
502,-9644.0,-366.0
503,-9593.38390794897,-236.89805863569856
504,-9579.0,-202.0
505,-9571.301901566265,-183.54737426728212
506,-9545.271957356254,-123.38944865242888
507,-9521.0,-74.0
508,-9508.0,-49.0
509,-9505.090961044956,-43.40634857242506
510,-9445.0,43.0
511,-9422.53522520461,63.201260699150495
512,-9383.0,96.0
513,-9360.394465768173,112.87014523120766
514,-9343.074192972306,115.63208837909596
515,-9336.0,117.0
516,-9306.853726932372,123.93351498351107
517,-9296.0,126.0
518,-9236.200947420184,127.54870291161149
519,-9231.0,127.0
520,-9177.0,116.0
521,-9141.589164667384,103.74743338963034
522,-9116.0,92.0
523,-9085.90894414976,76.28373757272166
524,-9038.0,49.0
525,-9010.728995307758,31.563726282082257
526,-8983.0,11.0
527,-8972.602830643104,3.2831872183628406
528,-8906.729622716402,-45.966427573789886
529,-8895.0,-55.0
530,-8826.72728771183,-111.59439616500075
531,-8818.0,-119.0
532,-8767.037225518598,-161.90929430170513
533,-8761.0,-167.0
534,-8708.0,-212.0
535,-8652.679087770837,-260.6317868925277
536,-8621.0,-289.0
537,-8600.731001713992,-307.21131477975473
538,-8559.0,-345.0
539,-8518.069968156042,-382.87058467478033
540,-8502.0,-398.0
541,-8420.489298059962,-475.86212050818995
542,-8384.0,-511.0
543,-8338.602923395292,-555.167845780782
544,-8306.042633183815,-586.6505668982678
545,-8294.0,-598.0
546,-8195.46732556825,-689.2570999819086
547,-8187.0,-697.0
548,-8144.0,-736.0
549,-8123.613762143074,-754.2730269976418
550,-7966.0,-893.0
551,-7908.95194156297,-941.1635144705742
552,-7830.0,-1003.0
553,-7729.0,-1080.0
554,-7655.0,-1132.0
555,-7464.0,-1247.0
556,-7329.778149917065,-1308.883455533785
557,-7268.0,-1335.0
558,-7220.3013183356725,-1353.5649892833903
559,-7112.0,-1384.0
560,-6948.85398252545,-1416.8696587507816
561,-6948.0,-1417.0
562,-6723.0,-1443.0
563,-6639.179738066144,-1449.3984853578836
564,-6522.0,-1455.0
565,-6392.0,-1463.0
566,-6320.353107186733,-1467.9928116456322
567,-6262.0,-1472.0
568,-6116.736041035798,-1480.95379489597
569,-6116.0,-1481.0
570,-5938.520134731031,-1492.8784439190956
571,-5849.0,-1499.0
572,-5729.836638797884,-1507.0079132232015
573,-5715.0,-1508.0
574,-5610.542639253607,-1514.9677325096484
575,-5595.0,-1516.0
576,-5474.0,-1524.0
577,-5431.706018383455,-1526.7882756054469
578,-5155.0,-1545.0
579,-5075.621722679445,-1550.2231902531707
580,-5017.0,-1554.0
581,-4919.864895600635,-1560.2032426181636
582,-4785.0,-1568.0
583,-4676.0,-1573.0
584,-4598.428975520721,-1576.727609388812
585,-4458.0,-1584.0
586,-4380.06338849341,-1588.1274521345838
587,-4317.0,-1591.0
588,-4220.632774691953,-1593.9712254310414
589,-4175.0,-1595.0
590,-3985.0,-1598.0
591,-3906.590882346237,-1599.4560723881423
592,-3732.0,-1603.0
593,-3638.3412382710962,-1605.1233481603601
594,-3511.087725628161,-1608.6874492652523
595,-3404.6634358656147,-1612.3299923368147
596,-3384.0,-1613.0
597,-3283.7202823795674,-1616.1238127931508
598,-3235.0,-1618.0
599,-3069.0,-1628.0
600,-2857.0,-1645.0
601,-2786.4057124153396,-1651.1079271105107
602,-2747.3505428459184,-1658.6020177771952
603,-2741.0,-1660.0
604,-2689.366330731857,-1671.9069360151511
605,-2689.0,-1672.0
606,-2636.3090877764494,-1687.8863073130651
607,-2636.0,-1688.0
608,-2568.0,-1722.0
609,-2539.6709510116084,-1744.550872023891
610,-2531.0,-1753.0
611,-2509.352146889195,-1779.1372334992486
612,-2488.0,-1820.0
613,-2454.531755067827,-1932.0569960732923
614,-2451.0,-1946.0
615,-2444.3014333867077,-1974.4241505341568
616,-2437.0,-2004.0
617,-2426.626955711068,-2037.8388758450335
618,-2408.0,-2092.0
619,-2398.1548571960493,-2117.6703782103664
620,-2379.0,-2162.0
621,-2356.0,-2206.0
622,-2347.360244850474,-2220.632842337284
623,-2292.185180902698,-2305.026995396896
624,-2273.0,-2332.0
625,-2257.506087819404,-2352.1971026942697
626,-2220.0,-2390.0
627,-2205.169457583377,-2403.131804758821
628,-2158.0,-2442.0
629,-2108.0,-2476.0
630,-2078.9677414456187,-2491.9795394091134
631,-1947.0,-2545.0
632,-1918.0786707350978,-2553.464861712419
633,-1837.460941988636,-2572.296623664901
634,-1744.0,-2588.0
635,-1733.5586839200062,-2589.424806394384
636,-1574.1828065149332,-2604.422743305763
637,-1566.0,-2605.0
638,-1482.6726407078568,-2609.318665003045
639,-1420.0,-2610.0
640,-1299.0,-2610.0
641,-1232.0,-2611.0
642,-1218.8970441397942,-2611.2139627338684
643,-1048.6554178562174,-2613.857566865533
644,-927.0,-2616.0
645,-904.956767683703,-2616.4784750629246
646,-825.2759386124748,-2619.146329361539
647,-804.0,-2620.0
648,-688.4698845295541,-2624.9219710024163
649,-629.0,-2628.0
650,-449.0,-2638.0
651,-371.96824815916506,-2642.569688515081
652,-228.0,-2653.0
653,-154.69030404020006,-2657.909933772953
654,-41.0,-2665.0
655,119.0,-2673.0
656,159.0,-2674.0
657,309.0,-2669.0
658,343.9033006154599,-2665.499781173212
659,425.0,-2653.0
660,502.6220408528579,-2633.635794977699
661,514.0,-2630.0
662,586.5260326125639,-2600.941911707304
663,674.0,-2551.0
664,682.7486677382046,-2545.036144074933
665,728.0,-2511.0
666,787.5698111428553,-2457.510210876002
667,842.0,-2402.0
668,886.8570519070634,-2352.6887579620393
669,942.0,-2275.0
670,1039.0,-2114.0
671,1072.3713096267247,-2051.301702849585
672,1081.0,-2028.0
673,1094.3124637766996,-1992.0896288291815
674,1138.3048195910437,-1865.5819817792749
675,1142.0,-1853.0
676,1167.750344076628,-1743.3285212859028
677,1170.0,-1731.0
678,1188.1732249729962,-1589.87086034601
679,1195.6781083724977,-1433.9370487202386
680,1196.0,-1375.0
681,1195.4196968138122,-1341.4668101614343
682,1192.0,-1265.0
683,1186.1242999925332,-1182.5557430711945
684,1177.0,-1095.0
685,1150.969364069375,-902.2797677728369
686,1142.0,-841.0
687,1131.308600472235,-774.3531735362519
688,1126.0,-743.0
689,1110.8456997638825,-650.823413231874
690,1101.0,-590.0
1,1030.0,-158.0
2,1011.1650111203835,-40.14586147512908
3,1002.0,17.0
4,969.0,225.0
5,968.8611945521093,225.90543032104478
6,935.108490739126,449.3414621368282
7,921.0,543.0
8,914.6851280675911,584.6798739553657
9,902.6882791377946,664.4829274099236
10,898.0,698.0
11,881.0,822.0
12,869.6609417916143,901.8376873771313
13,852.0,1026.0
14,833.0,1169.0
15,820.1063943476865,1264.2757277589828
16,803.0,1393.0
17,799.4987527817768,1419.9036834109572
18,774.0,1618.0
19,761.5614395305339,1716.221712894639
20,751.9522960787846,1796.9902108084164
21,744.0,1862.0
22,726.8658763463008,1998.3249239641168
23,714.0,2103.0
24,699.0,2234.0
25,698.8814751427905,2235.065193631797
26,666.0,2533.0
27,657.9417161168985,2604.77218662238
28,641.5611322978247,2745.9746061079986
29,629.0,2847.0
30,628.9277920958868,2847.556229300732
31,610.9168954474067,2971.5262363287675
32,600.0,3034.0
33,585.1909965262746,3113.815165843991
34,577.0,3153.0
35,561.8693492406112,3215.0718958165135
36,535.6035210181,3299.985755130924
37,529.0,3318.0
38,515.0,3352.0
39,480.843530647547,3414.692845994416
40,431.0,3482.0
41,384.0,3527.0
42,365.6405688675057,3539.091042897411
43,255.0,3597.0
44,216.3836102781735,3612.848034878008
45,180.0,3619.0
46,99.9918835848142,3635.0671876982306
47,52.0,3645.0
48,-7.210315276535356,3657.530918692317
49,-112.54930685862112,3685.357388061231
50,-125.0,3690.0
51,-225.7023448155474,3738.7275357196636
52,-249.0,3753.0
53,-293.35812214228747,3784.226193578673
54,-326.0,3810.0
55,-372.67271345630735,3849.4161294733726
56,-422.0,3892.0
57,-448.51609888492453,3914.53506878357
58,-552.0647702723008,4000.825008592418
59,-562.0,4009.0
60,-601.3879394489257,4041.011213914383
61,-637.8407936599749,4059.7559999737437
62,-659.0,4067.0
63,-704.9033967793426,4079.82429027334
64,-747.0,4090.0
65,-779.7008448274463,4095.169227382533
66,-808.0,4087.0
67,-855.2018833373081,4073.7378146190676
68,-896.0,4060.0
69,-928.5009555589945,4044.584805937374
70,-977.2260154266152,3998.207609097403
71,-988.0,3985.0
72,-996.77407296338,3973.9368889177285
73,-1012.0,3952.0
74,-1019.312246705342,3940.282547669369
75,-1035.0,3913.0
76,-1053.019183959565,3873.736757846008
77,-1063.0,3848.0
78,-1068.9678058596742,3831.426109422988
79,-1083.480841098542,3787.031681280442
80,-1085.0,3782.0
81,-1098.3306848056984,3729.470639042279
82,-1100.0,3721.0
83,-1114.6695472560657,3636.59821624071
84,-1120.0,3604.0
85,-1128.8023698637571,3545.9866771829834
86,-1131.0,3498.0
87,-1131.4436122764373,3483.2791392625427
88,-1133.0,3396.0
89,-1132.8231603500676,3379.844063543247
90,-1130.0,3326.0
91,-1110.0,3155.0
92,-1107.7882865293336,3140.3228097251667
93,-1084.1028515005778,3021.5463960582674
94,-1056.0,2924.0
95,-1054.3107323426257,2918.199806527318
96,-1032.9978345429145,2850.5806693842223
97,-1026.0,2831.0
98,-943.0,2611.0
99,-937.8697197103533,2597.941938350653
100,-895.4838295899654,2494.614746602728
101,-874.0,2444.0
102,-840.0724104576091,2364.2298522091987
103,-801.0,2273.0
104,-770.9031796806246,2203.0097568125425
105,-747.0,2145.0
106,-666.0,1941.0
107,-644.5154785118083,1886.0745715332753
108,-627.7508153555426,1841.277738111655
109,-611.0,1793.0
110,-607.4163439932659,1782.6601504630944
111,-563.2776282067246,1653.1068911092104
112,-555.0,1627.0
113,-532.0,1549.0
114,-517.3677470113086,1495.0620796162052
115,-488.0,1376.0
116,-474.3791009317659,1314.3223183440666
117,-467.0,1275.0
118,-454.85101980929625,1195.9555869176725
119,-435.0,1032.0
120,-426.4024589846987,944.7180597193108
121,-429.0,814.0
122,-443.4430355151366,661.3070489387956
123,-445.0,648.0
124,-460.32036388526035,565.8039285254482
125,-484.0,518.0
126,-484.1737002406351,517.6307108511112
127,-499.0,486.0
128,-519.7726439798548,444.13589984338745
129,-579.0,376.0
130,-628.4928631272452,336.97921455604444
131,-678.0,301.0
132,-757.2498840816305,255.44855379737476
133,-802.0,245.0
134,-807.9725287131866,243.1221401408887
135,-910.0,212.0
136,-1051.0,182.0
137,-1337.1099830645749,153.5263509120527
138,-1381.0,153.0
139,-1435.0,152.0
140,-1577.0,155.0
141,-1667.3268745509968,160.7790867901081
142,-1821.0,174.0
143,-1943.4117063677736,185.16098321017716
144,-2035.0,194.0
145,-2035.3891814227309,194.03871251019035
146,-2169.9561497365453,207.02550794115362
147,-2205.0,210.0
148,-2392.4241062403034,225.4568067180884
149,-2411.0,227.0
150,-2513.2154930097245,236.08420799499822
151,-2569.0,241.0
152,-2692.0,251.0
153,-2707.0523278487112,252.27314118845624
154,-2819.0,262.0
155,-2819.7066305241588,262.05996373199605
156,-2991.855294794735,275.7842709764715
157,-3078.0,282.0
158,-3136.6761934219076,285.98938925299007
159,-3180.0,289.0
160,-3285.5763858847768,296.94501606255835
161,-3313.0,299.0
162,-3448.0,309.0
163,-3785.10870941639,336.5068840289609
164,-3840.0,341.0
165,-4160.665898972242,366.3907592920988
166,-4181.0,368.0
167,-4245.4881067716415,373.17923462073486
168,-4389.867719954512,385.4554083479111
169,-4418.0,388.0
170,-4545.0,400.0
171,-4642.08046965362,410.1076909336266
172,-4800.0,429.0
173,-4864.064050291712,437.8146525767795
174,-4879.0,440.0
175,-5023.0,465.0
176,-5136.106881920567,491.4469225810153
177,-5322.981144630638,542.8578676601039
178,-5337.0,547.0
179,-5521.0,617.0
180,-5521.885632131686,617.415509402358
181,-5849.0,781.0
182,-5864.329273748079,789.0133181406873
183,-5935.32770920412,828.391211360898
184,-5995.0,865.0
185,-6105.237780401061,930.4851655902264
186,-6168.0,968.0
187,-6262.74617146741,1025.442041541536
188,-6341.0,1073.0
189,-6443.4954676422785,1134.8155760755553
190,-6457.0,1143.0
191,-6636.0,1253.0
192,-6687.583937519248,1284.5386641092277
193,-6811.0,1360.0
194,-6872.297509478076,1398.090568081884
195,-6970.0,1461.0
196,-7022.768174661984,1495.2656503087198
197,-7229.38571513279,1629.817856179747
198,-7245.0,1640.0
199,-7359.763019023327,1715.1067142443821
200,-7418.0,1754.0
201,-7469.115089289159,1788.4193275296893
202,-7551.0,1844.0
203,-7713.194817314933,1955.1925037221354
204,-7743.0,1974.0
205,-7800.0,2007.0
206,-7884.830095321472,2047.3600935736074
207,-7896.0,2052.0
208,-8032.0,2104.0
209,-8100.673368800842,2125.6758167769335
210,-8133.453712526163,2131.016665951109
211,-8139.0,2132.0
212,-8204.0,2143.0
213,-8232.816046182463,2145.816034360013
214,-8299.594213279144,2144.7040211769167
215,-8306.0,2144.0
216,-8360.0,2134.0
217,-8391.955344243926,2124.066944095593
218,-8410.0,2117.0
219,-8486.0,2075.0
220,-8497.443738141821,2066.815272591028
221,-8551.0,2022.0
222,-8551.261765395864,2021.760097163052
223,-8592.0,1982.0
224,-8631.527711514362,1938.5558830620387
225,-8665.0,1899.0
226,-8670.055758588785,1892.8953487988338
227,-8713.0,1839.0
228,-8746.464465586885,1793.0188501639652
229,-8756.0,1780.0
230,-8781.0,1746.0
231,-8786.129454799482,1738.5519402209932
232,-8819.0,1687.0
233,-8873.043614464674,1602.1893407565815
234,-8878.0,1594.0
235,-8949.390817789916,1467.367576731445
236,-8964.0,1440.0
237,-9040.263182209246,1282.7828997371469
238,-9051.0,1259.0
239,-9088.606460116927,1174.7296682171886
240,-9114.0,1117.0
241,-9156.115477491152,1018.8180918662647
242,-9198.0,919.0
243,-9206.56789204801,899.0566310113852
244,-9237.0,833.0
245,-9237.164340161737,832.6650694831332
246,-9271.0,766.0
247,-9289.338514122186,732.1821451858935
248,-9307.0,702.0
249,-9325.779152559113,672.7261703213687
250,-9352.0,636.0
251,-9377.69421492264,604.5768418035135
252,-9407.0,577.0
253,-9445.523168295957,550.2278178320133
254,-9474.0,536.0
255,-9501.784465934486,527.8402510906193
256,-9568.0,529.0
257,-9575.621392496729,530.100108186165
258,-9604.718893143989,537.7919589431986
259,-9634.0,555.0
260,-9641.0,560.0
261,-9676.846934887737,584.2299682837187
262,-9700.0,601.0
263,-9715.176472470672,613.6886264764289
264,-9733.0,630.0
265,-9779.0,674.0
266,-9797.49576643134,692.7171779630193
267,-9832.729141242586,731.5208896257733
268,-9850.0,751.0
269,-9860.660419432255,762.9187948488365
270,-9884.49201284108,789.7816321813419
271,-9902.0,812.0
272,-9908.897901319162,821.1946915672659
273,-9943.0,868.0
274,-9947.190835856754,873.7004118284674
275,-9984.0,923.0
276,-9996.940858287093,940.0413558844382
277,-10023.0,974.0
278,-10060.802213754703,1022.70541228338
279,-10096.0,1067.0
280,-10134.26361907507,1113.7806009155706
281,-10151.0,1134.0
282,-10204.0,1197.0
283,-10204.294792505454,1197.339989119271
284,-10275.884481457826,1276.3771337955045
285,-10282.0,1283.0
286,-10344.0,1349.0
287,-10402.737492119386,1405.941553563087
288,-10418.0,1420.0
289,-10528.0,1510.0
290,-10727.0,1615.0
291,-10739.129957371995,1620.5321569070593
292,-10795.0,1637.0
293,-10820.324013834394,1641.7334406872321
294,-10940.0,1659.0
295,-10949.783322326888,1659.5405675505187
296,-11021.26261054836,1652.9452241684587
297,-11069.0,1637.0
298,-11120.842776779757,1613.9560333821696
299,-11187.110625988536,1577.8998700391246
300,-11230.0,1552.0
301,-11233.773056799077,1549.5337004091875
302,-11269.0,1521.0
303,-11269.198275980412,1520.8127627149725
304,-11309.639134472241,1480.908454344505
305,-11343.0,1445.0
306,-11389.0,1389.0
307,-11394.132635296259,1382.3382728223899
308,-11463.0,1285.0
309,-11463.278061687146,1284.5808956659932
310,-11510.75164616418,1211.060134154968
311,-11527.0,1185.0
312,-11551.157454734046,1144.9522517436621
313,-11582.893105538145,1088.9572598068837
314,-11595.0,1067.0
315,-11653.0,958.0
316,-11659.711586097861,944.9272350665683
317,-11718.163058441018,829.3323462881235
318,-11736.0,794.0
319,-11757.758966695152,751.1665260332943
320,-11779.840134093954,708.1263873730802
321,-11787.0,694.0
322,-11844.0,581.0
323,-11850.909857128436,567.4021862784177
324,-11911.30814082902,449.28389859630795
325,-11952.0,370.0
326,-11990.135134047014,295.84424890012235
327,-12019.05538092884,240.48066352265414
328,-12039.0,203.0
329,-12069.0,147.0
330,-12098.010047758396,92.71616375611464
331,-12173.0,-46.0
332,-12208.804488969483,-110.63112870691509
333,-12271.0,-222.0
334,-12302.218331548436,-277.60358931578105
335,-12351.0,-365.0
336,-12356.928173149065,-375.8367542934252
337,-12450.138674506168,-548.938479502926
338,-12456.0,-560.0
339,-12522.0,-683.0
340,-12634.0,-882.0
341,-12643.823084693095,-899.2999705952539
342,-12686.299409793257,-970.505498873377
343,-12693.0,-981.0
344,-12737.553204570248,-1052.1417070090076
345,-12810.0,-1165.0
346,-12810.544588158076,-1165.8300041526559
347,-12959.920550544068,-1390.2321371551786
348,-12980.0,-1421.0
349,-13047.808887942525,-1531.2752871630428
350,-13077.0,-1583.0
351,-13156.704983813244,-1730.4683256487351
352,-13177.0,-1771.0
353,-13186.21003919639,-1791.1194187888523
354,-13195.693216060568,-1828.1650976810074
355,-13197.0,-1846.0
356,-13197.340564966808,-1970.9976466743274
357,-13194.0,-2025.0
358,-13185.648511939184,-2077.465560988663
359,-13173.0,-2124.0
360,-13156.0,-2181.0
361,-13120.0,-2266.0
362,-13021.0,-2422.0
363,-13016.653963540151,-2428.128614541656
364,-12988.429666775832,-2460.677896905806
365,-12969.0,-2477.0
366,-12883.358048456092,-2544.851768837357
367,-12850.0,-2569.0
368,-12821.03812348378,-2587.800406372823
369,-12760.0,-2619.0
370,-12699.121839599966,-2647.5025137273865
371,-12621.0,-2679.0
372,-12470.978240761207,-2729.3961021532723
373,-12461.0,-2733.0
374,-12390.875895225347,-2762.9683045738393
375,-12344.093473951274,-2795.4388380212094
376,-12341.0,-2798.0
377,-12294.665179324624,-2849.158862907227
378,-12292.0,-2853.0
379,-12262.0,-2904.0
380,-12252.609524216603,-2925.211556726673
381,-12228.0,-2992.0
382,-12216.36590754065,-3032.2736239487886
383,-12209.0,-3066.0
384,-12194.406732836276,-3130.2578712003124
385,-12193.0,-3137.0
386,-12184.22584611137,-3183.718834395165
387,-12177.0,-3228.0
388,-12167.650484555994,-3288.166184274353
389,-12166.0,-3298.0
390,-12149.864000210966,-3391.6322182458844
391,-12148.0,-3403.0
392,-12139.049924129293,-3471.7080139285217
393,-12118.0,-3544.0
394,-12113.52678244,-3554.739615374844
395,-12065.0,-3661.0
396,-12040.343324174853,-3702.12801244366
397,-11997.454437888544,-3742.0987380699644
398,-11970.0,-3765.0
399,-11950.290182166973,-3782.043714903889
400,-11887.0,-3837.0
401,-11824.226846514937,-3888.9519801450865
402,-11776.0,-3928.0
403,-11718.657994731426,-3972.9749910710207
404,-11676.0,-4007.0
405,-11635.86280749035,-4039.8346345115665
406,-11514.0,-4141.0
407,-11467.906107465677,-4179.539794537946
408,-11418.731550639044,-4225.379481156926
409,-11410.0,-4234.0
410,-11325.567956912253,-4319.486106046432
411,-11246.0,-4403.0
412,-11202.288016138298,-4455.742162945145
413,-11179.0,-4492.0
414,-11163.732755212892,-4515.285263929389
415,-11122.0,-4578.0
416,-11057.893274975277,-4670.661669303413
417,-10953.665534449252,-4807.945001922363
418,-10903.234512220792,-4860.745057550527
419,-10896.0,-4867.0
420,-10836.03851773148,-4898.092316649477
421,-10824.0,-4901.0
422,-10781.459354544984,-4907.048918700101
423,-10777.0,-4907.0
424,-10745.367080756474,-4901.3377274048635
425,-10699.856550207427,-4877.111103533234
426,-10694.0,-4873.0
427,-10674.566191557478,-4856.052324035087
428,-10653.0,-4826.0
429,-10652.871559777923,-4825.793129527774
430,-10625.320742012393,-4777.324484541248
431,-10621.0,-4769.0
432,-10610.884035257295,-4746.196480582458
433,-10604.0,-4726.0
434,-10592.635833267736,-4694.962411895589
435,-10590.0,-4687.0
436,-10583.673315673066,-4664.415944908203
437,-10579.0,-4645.0
438,-10565.0,-4584.0
439,-10564.945245185058,-4583.751515430967
440,-10554.101341245594,-4532.560012209806
441,-10552.0,-4522.0
442,-10543.334959113234,-4475.977193241321
443,-10539.0,-4452.0
444,-10528.0,-4388.0
445,-10526.0,-4375.0
446,-10525.94941467987,-4374.669937458158
447,-10513.0,-4289.0
448,-10509.047648638942,-4259.594444085693
449,-10499.0,-4178.0
450,-10498.937672097944,-4177.496621892756
451,-10478.0,-4012.0
452,-10469.176326720608,-3946.152438863586
453,-10453.47953313248,-3835.863079086224
454,-10450.0,-3812.0
455,-10440.264557013063,-3746.4104337151325
456,-10428.0,-3667.0
457,-10424.816277415332,-3646.7703584509118
458,-10409.0,-3548.0
459,-10407.079578791254,-3536.2830014375922
460,-10398.0,-3481.0
461,-10380.0,-3366.0
462,-10378.082150281434,-3353.8062383948354
463,-10352.0,-3190.0
464,-10344.43414693748,-3141.269126386003
465,-10337.0,-3093.0
466,-10329.235832191323,-3042.5856766159454
467,-10313.284058303094,-2941.138158967311
468,-10307.0,-2904.0
469,-10298.0,-2853.0
470,-10279.330505625887,-2745.842331668553
471,-10253.0,-2593.0
472,-10248.804680384785,-2568.812824902825
473,-10231.10059973742,-2470.0829863847453
474,-10229.0,-2459.0
475,-10205.0,-2336.0
476,-10199.338287755234,-2307.231588473064
477,-10171.727791995292,-2169.1194837107123
478,-10169.0,-2156.0
479,-10142.0,-2031.0
480,-10135.57977131013,-2002.2240297826074
481,-10110.0,-1890.0
482,-10090.297581393785,-1805.1455779323442
483,-10066.0,-1704.0
484,-10054.209689461848,-1656.6845023383848
485,-10019.0,-1519.0
486,-10003.090097229511,-1457.2611649850496
487,-9992.0,-1416.0
488,-9917.0,-1156.0
489,-9903.376440415172,-1110.9911389948788
490,-9875.194962354988,-1022.578794838204
491,-9851.0,-949.0
492,-9839.217858330521,-913.0963937933336
493,-9786.0,-756.0
494,-9768.936487879257,-707.8010732401742
495,-9705.0,-530.0
496,-9647.894939885926,-375.718860326691
497,-9624.075970012254,-315.8484542117826
498,-9621.0,-308.0
499,-9572.0,-185.0
500,-9529.268375204552,-90.91892149406769
501,-9496.0,-26.0
502,-9482.917611631348,-3.82452691220702
503,-9454.0,33.0
504,-9429.52220700303,58.90279491747252
505,-9412.0,75.0
506,-9356.428444479783,110.31708362994765
507,-9342.0,116.0
508,-9295.468729384977,126.54516621072888
509,-9280.0,128.0
510,-9233.0,127.0
511,-9222.573267283902,125.71542090488097
512,-9183.181448445255,117.1964478078617
513,-9160.0,110.0
514,-9146.197489439364,104.98309869213637
515,-9120.0,94.0
516,-9084.441311476214,76.45600188286373
517,-9080.0,74.0
518,-9023.001162612685,38.42909319748068
519,-9012.0,31.0
520,-8976.148686236744,5.942723306598589
521,-8927.0,-30.0
522,-8907.454912569196,-44.939548806169675
523,-8886.991695010378,-61.81490689173782
524,-8865.0,-80.0
525,-8803.0,-131.0
526,-8794.847973858277,-137.89096702857339
527,-8721.631247864274,-200.56360574247438
528,-8706.0,-214.0
529,-8653.118337466847,-259.57976890112616
530,-8625.443285595657,-284.28960987751475
531,-8605.0,-303.0
532,-8552.0,-352.0
533,-8551.656294706952,-352.3179591048649
534,-8511.0,-390.0
535,-8441.773546609347,-455.7455903588184
536,-8427.0,-470.0
537,-8362.23806784843,-532.9613781208917
538,-8355.0,-540.0
539,-8313.118885824719,-580.590894693587
540,-8263.417311951549,-627.6231959893917
541,-8226.0,-662.0
542,-8193.877540908135,-691.2841777226776
543,-8160.0,-722.0
544,-8125.296562382322,-753.2645526710708
545,-8074.0,-799.0
546,-7976.0,-884.0
547,-7928.534782213849,-923.4203067311198
548,-7813.0,-1016.0
549,-7794.0,-1031.0
550,-7793.523866132869,-1031.373402816932
551,-7681.0,-1114.0
552,-7642.2125951911785,-1139.292735021014
553,-7447.151397457314,-1254.403133787861
554,-7437.0,-1260.0
555,-7317.0,-1315.0
556,-7248.317662754463,-1339.0739340211812
557,-7073.0,-1394.0
558,-6990.509898163116,-1414.149111083646
559,-6857.814720481856,-1430.0418839610497
560,-6825.0,-1433.0
561,-6641.0,-1448.0
562,-6410.899917924114,-1462.992920638827
563,-6307.0,-1469.0
564,-6306.439764857042,-1469.0331662283145
565,-6189.776495062888,-1476.2961624808454
566,-6148.0,-1479.0
567,-6054.8965005033415,-1485.055373453125
568,-5807.864425349654,-1501.2172929895235
569,-5796.0,-1502.0
570,-5707.0,-1508.0
571,-5693.017721978689,-1508.9408375640494
572,-5348.0,-1532.0
573,-5347.028025730434,-1532.064606623743
574,-5217.309068233328,-1540.6465421167522
575,-5076.0,-1550.0
576,-5065.270690072696,-1550.7260814462697
577,-4924.0,-1560.0
578,-4879.55889853552,-1562.5826680819741
579,-4666.113326606177,-1573.9685903004327
580,-4586.0,-1578.0
581,-4541.8191576308855,-1580.153336058912
582,-4369.0,-1588.0
583,-4319.005883108324,-1590.2030943656164
584,-4198.0,-1595.0
585,-4150.316281583339,-1596.2891076899853
586,-4042.0,-1598.0
587,-4024.1357908150526,-1598.2398294617692
588,-3760.0,-1602.0
589,-3705.2001747997037,-1603.2656400165697
590,-3498.571559415712,-1610.2686181512838
591,-3475.0,-1611.0
592,-3345.9108176572386,-1614.243045342791
593,-3322.0,-1615.0
594,-3160.0,-1622.0
595,-3042.962617175098,-1629.8013552278949
596,-2900.0,-1641.0
597,-2844.1818673103353,-1645.1600568587978
598,-2790.0,-1653.0
599,-2749.820740601199,-1660.4118602048652
600,-2656.470203906389,-1681.1780381579108
601,-2647.0,-1684.0
602,-2543.3479051471063,-1741.2547428192895
603,-2534.0,-1749.0
604,-2522.342795055842,-1759.514305987532
605,-2507.0,-1782.0
606,-2488.7622927951925,-1819.7542063237436
607,-2471.0,-1865.0
608,-2456.467291141124,-1921.475326185896
609,-2451.0,-1946.0
610,-2439.0,-1996.0
611,-2432.2081589566988,-2020.9333679515921
612,-2415.0,-2075.0
613,-2406.0,-2099.0
614,-2398.238867559867,-2117.8907899263263
615,-2374.1943640758827,-2169.9495968822503
616,-2361.0,-2196.0
617,-2328.0,-2255.0
618,-2290.0,-2311.0
619,-2210.284446299941,-2400.247084053445
620,-2205.0,-2405.0
621,-2176.0,-2429.0
622,-2138.0997868569243,-2455.963038203262
623,-2126.0,-2464.0
624,-2040.0366068760259,-2512.650848482762
625,-1993.0,-2530.0
626,-1931.0546487378072,-2548.978522541076
627,-1895.0,-2559.0
628,-1760.8117525003606,-2586.3191330926797
629,-1707.0,-2593.0
630,-1615.1537291268817,-2602.0253147371845
631,-1569.0,-2605.0
632,-1476.6539207907508,-2608.2253181517453
633,-1435.0,-2609.0
634,-1329.0,-2610.0
635,-1261.9809089888206,-2610.846851657175
636,-1250.0,-2611.0
637,-1145.118954216936,-2612.24974466584
638,-1012.0,-2614.0
639,-961.3706974688998,-2614.993748937298
640,-888.4790843887856,-2617.3525297888805
641,-870.0,-2618.0
642,-800.9874555023629,-2620.441717014448
643,-735.0,-2623.0
644,-661.6761563045336,-2626.1872736005757
645,-523.0,-2633.0
646,-475.83597329991517,-2635.546657015282
647,-291.5426288724206,-2646.6415443092715
648,-169.80574522997819,-2654.990731941996
649,154.92728656053026,-2673.0197726129163
650,238.0,-2673.0
651,309.66291220884005,-2669.785032994737
652,366.0,-2663.0
653,387.8301299449397,-2659.4341092160994
654,506.8009928317768,-2632.514453879618
655,540.0,-2621.0
656,582.0,-2603.0
657,630.0424062715341,-2579.4789632808756
658,744.0,-2498.0
659,744.5821754531122,-2497.469379854901
660,865.0,-2376.0
661,882.6536739402461,-2356.879567459218
662,925.1655052219867,-2300.729118428285
663,946.0,-2268.0
664,978.5151767545906,-2218.8124454811746
665,984.0,-2210.0
666,1030.0,-2129.0
667,1056.382172006408,-2079.538976621788
668,1105.0,-1967.0
669,1105.2532033540288,-1966.2675313869752
670,1155.4124358719641,-1795.6624040113227
671,1163.0,-1766.0
672,1184.8496711368107,-1657.8647428244553
673,1188.8874032983963,-1595.0351144018946
674,1191.0,-1553.0
675,1195.3504494004735,-1448.2462021417145
676,1196.0,-1424.0
677,1193.0,-1292.0
678,1192.9308496852036,-1290.974848354502
679,1174.0,-1065.0
680,1172.0608975414843,-1044.0503652665489
681,1151.0,-890.0
682,1133.0,-780.0
683,1106.1777057891384,-618.5231869873724
1,1051.8725345831488,-297.38441131775477
2,1014.4542025367575,-64.74920806729682
3,1006.0,-12.0
4,983.5857453844302,129.8695236650148
5,973.0,199.0
6,953.1955871168507,329.08750568428667
7,938.0,430.0
8,916.5393354738172,574.4776502444829
9,885.0,790.0
10,871.0637508622132,887.5208730622935
11,858.1608028916894,981.3203735696604
12,856.0,997.0
13,834.9098694862563,1149.99618619158
14,823.0,1238.0
15,807.2434598990563,1359.7368211342696
16,798.0,1432.0
17,765.7536870993516,1682.4560212474933
18,756.0,1759.0
19,729.8307050417231,1970.366712838782
20,713.5616657758158,2108.516267473259
21,712.0,2122.0
22,698.9664022517438,2237.268465176563
23,684.0,2372.0
24,669.0,2506.0
25,667.3697759028867,2520.717527264887
26,646.0,2707.0
27,637.6427774818803,2772.016876053736
28,609.0,2982.0
29,597.6823981432249,3054.9382046466308
30,587.0,3101.0
31,581.1597118511875,3127.126639762554
32,561.0,3215.0
33,556.3782790002741,3233.1502089154837
34,537.308693113726,3297.3033352839407
35,521.0,3338.0
36,491.06454306951514,3398.0584224985946
37,480.0,3416.0
38,385.81348074549277,3520.115015600979
39,346.0,3554.0
40,317.442397704178,3572.5124612412596
41,293.0,3582.0
42,269.38822132305916,3590.5791515927363
43,205.90383718232738,3611.9973775924204
44,181.0,3619.0
45,127.1760108898941,3630.891906258024
46,95.0,3637.0
47,63.0,3643.0
48,-16.0,3659.0
49,-63.2946421923431,3671.0675787587875
50,-112.0,3686.0
51,-189.0,3717.0
52,-304.0,3793.0
53,-316.7380602301385,3803.0052376780413
54,-345.0,3826.0
55,-405.0,3877.0
56,-423.1551307287265,3892.692103488724
57,-495.13205489553945,3955.2517926631044
58,-496.0,3956.0
59,-547.0,3998.0
60,-569.0,4013.0
61,-583.4234878896408,4022.9621607208182
62,-651.0,4063.0
63,-672.609173571598,4070.4336237902335
64,-747.0,4089.0
65,-781.2661146964115,4093.6705754481486
66,-799.135383404219,4089.662788848889
67,-823.0,4084.0
68,-836.4812208662672,4081.1362336459924
69,-837.0,4081.0
70,-921.0,4045.0
71,-925.3713846441642,4042.683673421104
72,-949.1750510904424,4026.9990985421427
73,-967.0,4008.0
74,-996.619370806528,3974.530610185165
75,-997.0,3974.0
76,-1038.1989126390056,3903.3441554697038
77,-1056.0,3868.0
78,-1068.2641312938467,3841.2080644996954
79,-1080.0041975155395,3805.3073507184586
80,-1088.8683664979046,3768.5531131343514
81,-1089.0,3768.0
82,-1106.858815582068,3688.7195514174946
83,-1107.0,3688.0
84,-1117.0,3630.0
85,-1118.9507766245697,3616.629457818475
86,-1127.0,3544.0
87,-1130.7228173158092,3491.855189429575
88,-1133.0,3435.0
89,-1131.2308780101548,3349.173458071521
90,-1125.0,3269.0
91,-1116.0,3190.0
92,-1106.3461285639953,3133.5965802638257
93,-1084.0,3028.0
94,-1065.5589909501286,2954.395258644215
95,-1049.0,2902.0
96,-1025.4168998193518,2833.5095793237447
97,-960.3499296945718,2654.9325717929555
98,-960.0,2654.0
99,-943.095340473385,2611.124089189417
100,-933.0,2587.0
101,-898.5685055339726,2503.707000831509
102,-867.0,2428.0
103,-818.0,2313.0
104,-788.5783558160135,2243.8376541691855
105,-758.0,2171.0
106,-748.8223853904234,2148.8241626398935
107,-699.0,2026.0
108,-689.9234756603571,2003.2475215712375
109,-655.0,1914.0
110,-613.3818279008941,1801.2417424183539
111,-604.0,1775.0
112,-572.8131870277788,1685.1832245647813
113,-545.0,1593.0
114,-491.0,1391.0
115,-484.2215361894679,1364.5704698903405
116,-463.0,1254.0
117,-457.6260177413888,1212.7018192324704
118,-433.1275833901841,998.3841031963309
119,-433.0,997.0
120,-428.3474279592094,905.4994828426386
121,-429.0,856.0
122,-431.0,772.0
123,-433.8537319633331,732.5591186964534
124,-441.0,675.0
125,-447.07292700276207,640.0853854913329
126,-464.0,572.0
127,-511.0,466.0
128,-578.0,377.0
129,-613.0,345.0
130,-631.8767450807655,330.73291179390316
131,-709.0,284.0
132,-714.5325536163972,281.0345587096859
133,-779.0,253.0
134,-847.0147123497933,230.44457198417211
135,-903.0,213.0
136,-965.6024503118015,196.6356310768216
137,-1002.0,191.0
138,-1083.951200147496,177.20682106290647
139,-1105.0,174.0
140,-1185.0,164.0
141,-1290.5034843602075,156.55199072978888
142,-1320.0,155.0
143,-1374.6184505798503,152.55822994637714
144,-1456.0,152.0
145,-1476.5879126944826,152.38283978395214
146,-1501.0,153.0
147,-1710.0,164.0
148,-1755.3473789682748,167.58125935752648
149,-1886.0281280915563,179.75212136385213
150,-1981.0,189.0
151,-2010.5389747373688,191.79717630895902
152,-2065.4664241491582,196.69700310418926
153,-2135.0,203.0
154,-2183.657254682797,207.57072851290704
155,-2253.0,214.0
156,-2442.747500966216,229.71744337247634
157,-2482.0,233.0
158,-2701.824387460342,251.73011922299676
159,-2705.0,252.0
160,-2850.787403457761,264.27266613339066
161,-2958.1720625246576,273.04290583065483
162,-3033.9333219247337,278.70089843377133
163,-3140.850793993481,286.1261800081607
164,-3310.2887741762725,298.9826042570603
165,-3427.0,308.0
166,-3721.481904040841,330.994851903746
167,-3747.0,333.0
168,-3941.347723919038,348.47423966442403
169,-4046.0,357.0
170,-4092.099659037992,360.7503075167582
171,-4196.616251606733,369.26268354709515
172,-4301.0,378.0
173,-4346.443084541421,381.8683617923938
174,-4348.0,382.0
175,-4465.7496008458975,391.6487689884388
176,-4590.0,404.0
177,-4798.780938178593,429.77594253023915
178,-4881.0,441.0
179,-4980.599769045451,456.91355085017886
180,-5042.0,469.0
181,-5113.6359163134875,483.8354838210478
182,-5314.0,539.0
183,-5354.948484155217,553.5099321079973
184,-5532.0,622.0
185,-5608.774890942259,654.5391805276463
186,-5685.0,693.0
187,-5832.503009401818,771.6440153673348
188,-5864.0,789.0
189,-5945.733945375714,835.4095576911301
190,-6070.0,909.0
191,-6236.602979414901,1008.8672982990975
192,-6275.0,1032.0
193,-6371.150135477079,1090.4647111043184
194,-6450.0,1139.0
195,-6533.652403774292,1190.1904940067327
196,-6612.0,1238.0
197,-6770.379701861524,1334.6891837768792
198,-6803.0,1355.0
199,-6901.366151570453,1417.1906506049204
200,-7052.0,1514.0
201,-7118.359499188271,1556.9213536598158
202,-7213.886847863257,1619.2139767442604
203,-7241.0,1637.0
204,-7381.80229883716,1729.9106859632311
205,-7439.0,1768.0
206,-7539.305443171478,1835.6183945604096
207,-7553.0,1845.0
208,-7667.0,1923.0
209,-7702.594141132204,1945.544514635003
210,-7857.864722280519,2034.7204367819545
211,-7870.0,2041.0
212,-8001.0,2093.0
213,-8065.0,2114.0
214,-8162.390218215323,2135.575028236125
215,-8192.0,2141.0
216,-8238.10997900412,2147.6980001699058
217,-8278.286533259257,2146.948792984544
218,-8289.0,2146.0
219,-8352.310921423563,2136.5600838600512
220,-8368.0,2132.0
221,-8462.070290335712,2089.7469091983467
222,-8469.0,2086.0
223,-8538.0,2034.0
224,-8547.556784633827,2025.0633423891313
225,-8587.0,1987.0
226,-8591.201355948037,1982.7680402841993
227,-8633.0,1937.0
228,-8701.627479141287,1852.120166748999
229,-8719.0,1830.0
230,-8741.286606751282,1801.1835255218148
231,-8770.461128550076,1761.0837761401103
232,-8789.0,1733.0
233,-8809.855807023272,1699.9076230070932
234,-8870.853418139668,1598.0507281789514
235,-8978.756606178853,1404.7399606214767
236,-9005.0,1354.0
237,-9061.853536003971,1235.497927927295
238,-9067.0,1224.0
239,-9124.452079174922,1091.2735834693826
240,-9125.0,1090.0
241,-9179.663838880262,963.3218045511412
242,-9226.0,857.0
243,-9235.470531579327,835.9373484567151
244,-9247.0,813.0
245,-9271.608000410266,765.560437253808
246,-9292.0,729.0
247,-9352.0,636.0
248,-9355.112008385213,631.7207389154775
249,-9381.299599141594,601.2052106362548
250,-9399.0,585.0
251,-9429.0,560.0
252,-9444.088614443845,550.2745462812042
253,-9473.0,537.0
254,-9494.0310135838,530.6095195656047
255,-9521.0,526.0
256,-9561.47370978003,528.0920825592474
257,-9566.0,529.0
258,-9615.0,546.0
259,-9618.339690627987,547.5562039507656
260,-9652.0,567.0
261,-9656.01154327616,569.7426953381004
262,-9708.951234801034,609.632115749935
263,-9727.0,624.0
264,-9755.16794413187,648.6743760655186
265,-9770.0,664.0
266,-9782.960894324544,677.6549340680522
267,-9802.0,698.0
268,-9842.0,742.0
269,-9849.042486663018,749.8342052153431
270,-9904.0,815.0
271,-9919.305361113178,835.4632399654615
272,-9959.0,890.0
273,-9987.707148613388,927.4239074180625
274,-10010.93093795162,955.1752844265075
275,-10037.0,991.0
276,-10046.0,1004.0
277,-10063.490651238655,1027.4468891525757
278,-10134.535910040124,1114.545700338404
279,-10165.0,1151.0
280,-10208.680452564528,1201.3796545036694
281,-10237.0,1233.0
282,-10267.85242284755,1267.9108375925696
283,-10297.0,1300.0
284,-10369.0,1373.0
285,-10383.074803053689,1386.654526837407
286,-10443.795275522147,1443.5280503548256
287,-10475.0,1470.0
288,-10534.69184740267,1514.3496459046169
289,-10543.0,1520.0
290,-10641.0,1578.0
291,-10713.928680728326,1609.92042778304
292,-10722.0,1613.0
293,-10744.0,1621.0
294,-10831.0,1646.0
295,-10873.366147119055,1653.910340365041
296,-10931.0,1659.0
297,-10972.429572609304,1657.5644311207748
298,-10987.0,1656.0
299,-11080.846598527776,1632.0098701540217
300,-11108.0,1621.0
301,-11134.0,1609.0
302,-11167.326544422442,1592.7894793322262
303,-11226.0,1554.0
304,-11252.414494142524,1532.471923525444
305,-11303.0,1488.0
306,-11364.994859587645,1422.997020809325
307,-11405.065056653824,1367.5758296420724
308,-11415.0,1354.0
309,-11433.253510776365,1329.8817748213992
310,-11461.58420225512,1290.1695742603285
311,-11494.0,1238.0
312,-11538.24639252747,1164.660760007826
313,-11572.0,1108.0
314,-11599.812977810165,1059.603110180578
315,-11612.0,1035.0
316,-11624.759809187217,1010.6989470264388
317,-11664.27683313128,936.0376031277892
318,-11690.0,886.0
319,-11791.0,684.0
320,-11801.646208130276,662.8020805787652
321,-11833.89179995651,599.6137722829166
322,-11871.312551827636,526.3543154953019
323,-11877.0,515.0
324,-11888.0,493.0
325,-11925.195448179675,420.17159968026857
326,-11970.904002749425,332.9576851407462
327,-11985.0,306.0
328,-12074.0,136.0
329,-12096.801923723644,93.36505079610902
330,-12131.759835472187,30.09123957773454
331,-12162.0,-25.0
332,-12185.148317120998,-67.73072874433272
333,-12232.0,-154.0
334,-12237.977378147618,-164.83082237705327
335,-12291.327349816294,-259.81746716353706
336,-12292.0,-261.0
337,-12346.0,-356.0
338,-12384.94437055063,-428.11077282880626
339,-12412.0,-479.0
340,-12478.545208745958,-603.0784329533127
341,-12512.0,-665.0
342,-12581.0,-790.0
343,-12630.013948995549,-874.3205754746327
344,-12713.0,-1014.0
345,-12738.048104458303,-1055.558473483002
346,-12771.012963724826,-1107.210946326884
347,-12783.0,-1125.0
348,-12898.0,-1293.0
349,-12942.51507406596,-1361.776123747658
350,-12982.0,-1425.0
351,-13030.0,-1504.0
352,-13084.868887861227,-1596.881142323032
353,-13112.0,-1643.0
354,-13143.556867410802,-1696.6612079770687
355,-13168.773733765687,-1742.1381288591779
356,-13181.0,-1781.0
357,-13184.71639467033,-1793.8289781572546
358,-13187.0,-1802.0
359,-13202.837800330726,-1890.173355343581
360,-13202.0,-1931.0
361,-13194.938260629227,-2004.8584178656586
362,-13189.0,-2052.0
363,-13180.734187795962,-2103.954393089439
364,-13167.0,-2146.0
365,-13155.756783511964,-2179.7301132861576
366,-13148.0,-2202.0
367,-13117.027445518266,-2274.3182275558456
368,-13107.0,-2292.0
369,-13030.0,-2411.0
370,-13006.55133317161,-2448.318010922032
371,-12949.0,-2495.0
372,-12838.686894827772,-2575.0258113442383
373,-12826.0,-2584.0
374,-12776.78735488623,-2615.525196510236
375,-12753.784404867654,-2622.1676729603837
376,-12747.0,-2625.0
377,-12657.0,-2665.0
378,-12569.607470622619,-2697.1800283937782
379,-12546.0,-2705.0
380,-12508.271108867004,-2717.24890047211
381,-12448.0,-2738.0
382,-12385.570863723751,-2766.678663451485
383,-12385.0,-2767.0
384,-12334.041298979115,-2803.198399503019
385,-12329.0,-2808.0
386,-12300.12939924243,-2841.5336968803967
387,-12296.0,-2847.0
388,-12272.0,-2884.0
389,-12251.258542235519,-2929.6752677734594
390,-12224.0,-3004.0
391,-12216.542942568403,-3027.6649647122813
392,-12209.0,-3064.0
393,-12194.131702774635,-3131.3411107449265
394,-12194.0,-3132.0
395,-12179.0,-3218.0
396,-12175.360674618332,-3238.2504222501757
397,-12164.0,-3303.0
398,-12159.511770110867,-3336.5887993763063
399,-12155.0,-3365.0
400,-12130.256783576173,-3490.7860207981075
401,-12124.0,-3524.0
402,-12121.289726042267,-3550.64306915404
403,-12109.0,-3573.0
404,-12035.422804590371,-3690.1444970736025
405,-12013.0,-3723.0
406,-11985.763376536761,-3758.1985718943383
407,-11957.777947499124,-3780.179934876971
408,-11934.0,-3798.0
409,-11890.853501447506,-3833.6588182869737
410,-11809.0,-3902.0
411,-11726.149676792133,-3968.058135974918
412,-11658.0,-4022.0
413,-11586.275110789005,-4080.5424316458507
414,-11555.0,-4107.0
415,-11498.777078854846,-4154.792515552646
416,-11481.0,-4170.0
417,-11394.0,-4248.0
418,-11373.468691856384,-4268.357473834739
419,-11227.0,-4427.0
420,-11208.755365891444,-4449.017211471759
421,-11133.42553432802,-4557.448695724584
422,-11111.0,-4594.0
423,-11092.23545722476,-4624.159841856337
424,-11079.0,-4645.0
425,-11014.0,-4744.0
426,-11010.30971415561,-4749.18882844237
427,-10958.0,-4813.0
428,-10954.046246373808,-4816.906844813675
429,-10915.879688450805,-4849.647785885241
430,-10872.0,-4881.0
431,-10850.614337636387,-4893.878019126301
432,-10820.0,-4901.0
433,-10816.178347617984,-4901.433756451674
434,-10753.0,-4902.0
435,-10718.747891555151,-4889.464355902666
436,-10681.0,-4858.0
437,-10676.409649015983,-4853.700549997075
438,-10669.0,-4845.0
439,-10652.335430994452,-4823.6437542023305
440,-10643.0,-4810.0
441,-10624.0,-4775.0
442,-10620.843691886806,-4768.38189666005
443,-10607.0,-4736.0
444,-10605.661692448894,-4732.5221510914125
445,-10593.885989833318,-4699.057338602749
446,-10587.0,-4676.0
447,-10576.558693885578,-4633.602365342766
448,-10573.0,-4619.0
449,-10564.563678083496,-4585.129378012654
450,-10563.0,-4578.0
451,-10541.0,-4460.0
452,-10535.481260336837,-4428.894542069878
453,-10524.356202594681,-4363.5147851957945
454,-10521.0,-4342.0
455,-10498.928602082915,-4182.130315619441
456,-10498.0,-4175.0
457,-10491.044693613641,-4119.940027524359
458,-10487.0,-4087.0
459,-10473.0,-3975.0
460,-10453.0,-3834.0
461,-10439.0,-3739.0
462,-10429.575259431018,-3674.7910009565003
463,-10421.0,-3618.0
464,-10397.04430768592,-3469.7010633031473
465,-10395.0,-3457.0
466,-10380.0,-3363.0
467,-10365.026496469894,-3271.7728328460757
468,-10354.0,-3203.0
469,-10337.189563565324,-3091.252049203438
470,-10337.0,-3090.0
471,-10321.0,-2988.0
472,-10301.0,-2871.0
473,-10292.563161565515,-2818.493919670897
474,-10288.0,-2791.0
475,-10251.930538238155,-2587.863036901972
476,-10232.0,-2478.0
477,-10227.7352774166,-2454.586448359637
478,-10213.056783213848,-2377.340849884478
479,-10211.0,-2367.0
480,-10180.425943612068,-2214.6975563437336
481,-10174.0,-2183.0
482,-10132.322184048326,-1984.4343004009284
483,-10132.0,-1983.0
484,-10105.0,-1867.0
485,-10084.817866030637,-1781.935330444533
486,-10063.0,-1692.0
487,-10025.50996489762,-1542.9476887117003
488,-10022.0,-1529.0
489,-9975.0,-1354.0
490,-9939.859255383204,-1235.0418230998703
491,-9892.0,-1075.0
492,-9861.808818939608,-975.6378389563727
493,-9838.0,-909.0
494,-9765.616431709725,-697.3908012073551
495,-9751.0,-655.0
496,-9717.729489990988,-562.9573537954464
497,-9703.0,-525.0
498,-9671.462767389867,-440.6651204912073
499,-9641.0,-359.0
500,-9623.749332388605,-313.40770591956846
501,-9605.0,-266.0
502,-9560.952379237908,-161.80323239969252
503,-9540.0,-113.0
504,-9523.698122093361,-74.39839487758474
505,-9507.34572861517,-47.52447123298873
506,-9507.0,-47.0
507,-9436.498471453386,51.40150877282525
508,-9436.0,52.0
509,-9386.032252299983,97.39775689262804
510,-9348.0,113.0
511,-9343.776972445237,114.23132766609979
512,-9302.58773523342,122.71000566359604
513,-9262.658846450693,127.16889894419728
514,-9251.0,128.0
515,-9232.851217382948,128.05992398171585
516,-9211.0,124.0
517,-9173.102552139593,114.51781591396163
518,-9162.0,111.0
519,-9109.0,89.0
520,-9089.706551809424,79.30868181038744
521,-9062.0,64.0
522,-9022.596974493168,39.331197096800835
523,-9005.0,27.0
524,-8936.09727086154,-23.44282946354996
525,-8922.0,-34.0
526,-8883.32639831847,-64.35785958046822
527,-8854.0,-89.0
528,-8839.538350714483,-100.84722674744677
529,-8804.0,-130.0
530,-8792.795692498556,-139.35364578903807
531,-8733.230298429024,-190.31785594000127
532,-8714.0,-207.0
533,-8656.324917760685,-257.4997894649716
534,-8649.0,-264.0
535,-8588.0,-319.0
536,-8561.458988610306,-343.4180028551492
537,-8507.076983140925,-394.3823241552957
538,-8452.777242132388,-446.524499022088
539,-8324.106370925458,-570.3213928586741
540,-8260.0,-630.0
541,-8227.7312578738,-659.6222645908747
542,-8167.0,-715.0
543,-8106.290570826008,-770.3969096579083
544,-8079.0,-795.0
545,-8036.065725572725,-833.0600748486115
546,-8006.0,-859.0
547,-7876.362441552832,-966.249302501768
548,-7853.0,-985.0
549,-7763.147418283529,-1054.3156222129521
550,-7689.0,-1108.0
551,-7681.091819816473,-1113.6411722038683
552,-7600.039295683066,-1168.6861548692764
553,-7569.0,-1187.0
554,-7356.0,-1299.0
555,-7190.0,-1362.0
556,-7070.0,-1394.0
557,-6874.0,-1428.0
558,-6779.299435578885,-1442.0625175656837
559,-6732.0,-1442.0
560,-6648.173651429007,-1447.0884827639206
561,-6544.0,-1454.0
562,-6383.0,-1464.0
563,-6343.291685276667,-1466.4651201928107
564,-6236.62395148213,-1473.205948721182
565,-6148.0,-1479.0
566,-6051.995881455125,-1485.436772532866
567,-5999.0,-1489.0
568,-5875.180600923115,-1497.2754441111654
569,-5789.0,-1503.0
570,-5666.327131542099,-1511.0759735816655
571,-5514.0,-1521.0
572,-5455.284727194099,-1524.8304446904187
573,-5391.0,-1529.0
574,-5268.0,-1537.0
575,-5212.559354604498,-1540.960016984169
576,-5113.0,-1548.0
577,-4801.0,-1567.0
578,-4786.098991015393,-1567.880569981904
579,-4718.187150823287,-1571.8044420134856
580,-4628.0,-1576.0
581,-4564.649465203743,-1578.9790090288648
582,-4343.0,-1589.0
583,-4111.745617406205,-1596.076331464341
584,-3976.0,-1598.0
585,-3966.9211040633973,-1598.132642992579
586,-3898.8432965690326,-1599.160305287
587,-3817.2936828353295,-1600.9669918363693
588,-3816.0,-1601.0
589,-3671.0,-1605.0
590,-3653.1951773601168,-1605.5063569481872
591,-3327.0,-1615.0
592,-3287.3105516624464,-1616.223058697485
593,-3227.3141924810434,-1618.3617280679075
594,-3180.0,-1621.0
595,-3115.368790330487,-1625.1577559285338
596,-3030.0,-1631.0
597,-2948.0,-1637.0
598,-2919.22464195861,-1639.3610175283627
599,-2835.0,-1647.0
600,-2827.931543285131,-1647.67155477918
601,-2765.0,-1656.0
602,-2694.0856731785498,-1672.2058897278225
603,-2648.0,-1684.0
604,-2582.3543408856112,-1706.745983981408
605,-2559.0,-1728.0
606,-2522.0,-1764.0
607,-2515.142546337222,-1772.0582714508955
608,-2483.0,-1832.0
609,-2480.3456192782105,-1839.6141991483898
610,-2457.0,-1919.0
611,-2448.9971338595196,-1948.9045511210054
612,-2439.5122771587357,-1992.0097250965823
613,-2427.0,-2038.0
614,-2403.4080566627235,-2105.9860671324363
615,-2403.0,-2107.0
616,-2380.0,-2158.0
617,-2368.0,-2183.0
618,-2361.878351514341,-2194.999316190809
619,-2318.029114315271,-2269.848373412745
620,-2314.0,-2276.0
621,-2284.0,-2318.0
622,-2261.490082861936,-2346.1750842617425
623,-2246.0,-2364.0
624,-2198.3045164281966,-2410.8348597863337
625,-2162.0,-2440.0
626,-2123.593430311061,-2466.3931870773395
627,-2074.0,-2495.0
628,-2015.0,-2522.0
629,-1992.642192258503,-2530.563458806187
630,-1935.0,-2549.0
631,-1909.8416918148785,-2555.5865766977845
632,-1865.0,-2566.0
633,-1840.6187641282563,-2571.377359255657
634,-1775.6555142022737,-2584.272650198715
635,-1707.0,-2593.0
636,-1576.0,-2604.0
637,-1542.9729664628899,-2606.311675679885
638,-1457.524741410858,-2609.5653317576316
639,-1418.0,-2610.0
640,-1342.3288562307462,-2610.565296061796
641,-1273.0,-2611.0
642,-1125.119171476749,-2611.9910588730663
643,-1124.0,-2612.0
644,-1041.0,-2613.0
645,-967.1163193562039,-2614.9895413679733
646,-851.0,-2619.0
647,-754.6648522672671,-2622.571247947866
648,-587.0,-2630.0
649,-432.0,-2639.0
650,-313.0,-2646.0
651,-136.0671676990899,-2658.977116809887
652,-108.0,-2661.0
653,53.658060859119956,-2670.940878425501
654,55.0,-2671.0
655,159.8410120170441,-2674.012627478629
656,200.0,-2674.0
657,311.57653744461766,-2669.2404129107263
658,325.0,-2668.0
659,420.0,-2654.0
660,475.29091400540347,-2640.7846644153688
661,520.0,-2627.0
662,624.0,-2582.0
663,662.8407726572846,-2558.611580941749
664,711.0,-2525.0
665,768.8615860834059,-2478.8655843927622
666,816.0,-2431.0
667,947.0,-2267.0
668,977.0856129325277,-2225.3973174315392
669,1010.0,-2167.0
670,1054.4694627670603,-2082.982840655054
671,1081.0,-2027.0
672,1103.6298642667914,-1972.082859910888
673,1132.0,-1888.0
674,1171.563481657534,-1717.8211554964557
675,1174.0,-1704.0
676,1191.0,-1562.0
677,1195.8186798031866,-1419.2968384369265
678,1195.0,-1350.0
679,1190.8349400471561,-1256.0828962431417
680,1185.0,-1175.0
681,1178.053060249822,-1099.9892395285053
682,1162.1782833951622,-971.7104617757379
683,1150.0,-890.0
684,1115.0799105704966,-677.8477949214272
685,1103.0,-606.0
686,1093.2851342130368,-547.96139768742
687,1072.0,-418.0
1,996.0,51.0
2,982.02226497436,141.69277189471353
3,961.0,278.0
4,944.6306578184235,384.3536649466882
5,940.0,415.0
6,926.2993409989672,507.91393653505065
7,908.0,633.0
8,887.0,774.0
9,876.2472071258045,853.5434042400971
10,870.0,900.0
11,843.0,1091.0
12,840.0828009628351,1112.1843568558488
13,806.0961362476313,1365.5378749493625
14,800.0,1412.0
15,773.2779520174944,1623.2779030940244
16,765.0,1691.0
17,760.5408050552575,1727.7126017889073
18,745.1150355533555,1856.1201647506819
19,729.0,1984.0
20,720.0,2054.0
21,718.027073494139,2069.6587062356834
22,686.0,2354.0
23,675.755889941373,2446.0846693024946
24,658.0,2605.0
25,648.0286025062899,2693.6165942435446
26,641.5835664298486,2746.2427460140225
27,639.0,2767.0
28,628.1873831538858,2853.5685151536577
29,624.0,2885.0
30,598.4457195372424,3044.836825885859
31,596.0,3058.0
32,568.0,3190.0
33,545.2203851761059,3271.7162735690995
34,528.0,3319.0
35,508.1564186693074,3362.9580617064435
36,475.0,3424.0
37,449.5194957416809,3463.8740840643813
38,413.0,3500.0
39,399.1767230786577,3511.210993383802
40,310.422970295825,3573.47429025808
41,294.0,3583.0
42,190.15651864450356,3617.163123513844
43,177.0,3620.0
44,104.7340772614825,3635.4741782786114
45,97.0,3637.0
46,33.0,3649.0
47,-37.83462788775769,3664.567908963773
48,-77.0,3675.0
49,-100.62105812768425,3682.0160371576253
50,-147.0,3698.0
51,-190.75572057958922,3717.816272066835
52,-207.0,3727.0
53,-284.698180223981,3779.7600596251564
54,-319.0,3805.0
55,-362.62226253917163,3839.1712086047837
56,-392.7114491613538,3865.930650703221
57,-403.0,3875.0
58,-481.77710431811585,3943.6718151765003
59,-488.0,3949.0
60,-518.0,3974.0
61,-531.6290073730603,3984.57180138632
62,-632.0,4054.0
63,-665.4318167840254,4073.1125765409447
64,-707.0,4084.0
65,-761.0,4090.0
66,-797.0,4088.0
67,-879.0,4068.0
68,-923.7548506794806,4042.1346651170675
69,-943.0,4029.0
70,-957.1256934589022,4018.1505467119096
71,-984.0,3989.0
72,-1018.8400349990314,3941.2722325687287
73,-1019.0,3941.0
74,-1056.0,3866.0
75,-1066.5431325149634,3840.0784149655583
76,-1078.0,3803.0
77,-1093.0,3751.0
78,-1099.9006457207488,3720.0846835480675
79,-1105.0,3694.0
80,-1116.9459547872218,3626.3500990566918
81,-1117.0,3626.0
82,-1127.6648157343407,3539.5714090000083
83,-1131.0,3493.0
84,-1133.000061039826,3427.2950816471657
85,-1133.0,3419.0
86,-1131.4016855429743,3360.0358950752193
87,-1131.0,3351.0
88,-1126.0,3278.0
89,-1122.9170902842245,3251.612775700912
90,-1095.0,3075.0
91,-1085.2307955345248,3024.2315253058314
92,-1073.0,2984.0
93,-1052.2777717542108,2915.2645966251184
94,-1026.0,2832.0
95,-1008.0,2783.0
96,-990.533006878914,2735.802897769038
97,-951.0,2631.0
98,-928.4261217962539,2575.404958089955
99,-910.0,2531.0
100,-881.6470502837185,2462.5728389219416
101,-868.0,2430.0
102,-809.0,2292.0
103,-784.4763456021,2233.73783716842
104,-730.0,2103.0
105,-700.9962488887461,2032.0450983387675
106,-662.2783843364964,1933.119243242504
107,-631.0035119975244,1847.563541766016
108,-625.0,1831.0
109,-595.9458146153519,1749.9656569494123
110,-580.0,1704.0
111,-520.0,1507.0
112,-462.0,1248.0
113,-443.46797055043794,1150.3701111816536
114,-437.672913598214,1070.0475130802554
115,-437.0,1059.0
116,-432.0303868169169,972.6236300792971
117,-432.0,972.0
118,-429.0056594677985,878.5621480201808
119,-429.0,878.0
120,-433.0,750.0
121,-439.3711844102866,691.1517522811174
122,-442.0,672.0
123,-450.4800222507313,620.3630533862764
124,-469.0,558.0
125,-540.1015111018103,424.33814880248866
126,-550.0,409.0
127,-572.2876154104442,379.5889623509313
128,-602.0,355.0
129,-637.6206217176914,328.64302835419403
130,-698.0,290.0
131,-729.2027725519856,274.3637859990266
132,-786.0,251.0
133,-844.0,231.0
134,-864.240743286143,225.09101770307313
135,-986.9141706149156,194.85599297498118
136,-1028.0,186.0
137,-1060.183859402583,179.85253350936546
138,-1130.0,171.0
139,-1155.8356371247335,168.09232585602965
140,-1237.0,160.0
141,-1319.0,155.0
142,-1353.6516031942401,153.4491490753693
143,-1471.0,153.0
144,-1503.6413559167418,153.9893322681212
145,-1609.0589573413072,158.40143787979778
146,-1734.0,166.0
147,-1747.337724613506,166.99966835530012
148,-1939.2798353470184,185.0489296746975
149,-1949.0,186.0
150,-2048.984148651929,195.2722766060892
151,-2123.0,202.0
152,-2264.0,215.0
153,-2343.0,222.0
154,-2358.443134345456,223.33403818532722
155,-2558.5259361436765,240.1545008070246
156,-2701.0,252.0
157,-2726.716345743524,254.14303150080303
158,-2818.629672865961,261.8931978548035
159,-2843.0,264.0
160,-2975.849358055068,275.0713868693259
161,-3045.0,280.0
162,-3253.0,294.0
163,-3335.310300825118,299.7531152244873
164,-3449.0,310.0
165,-3529.1315483971403,316.4008527007702
166,-3663.0,327.0
167,-3849.0,342.0
168,-3896.0,345.0
169,-4085.0,361.0
170,-4132.022546189095,364.6550865645172
171,-4245.0,373.0
172,-4356.1553839518965,382.49008392827926
173,-4373.0,384.0
174,-4485.07326876198,394.36275180901976
175,-4631.0,409.0
176,-4646.19495568338,410.6263986282204
177,-4728.0,420.0
178,-4851.846671657164,437.4894670320959
179,-4970.0,456.0
180,-5057.215895231946,470.0108117279567
181,-5179.0,501.0
182,-5432.0,581.0
183,-5525.647995163028,616.6010392416604
184,-5556.0,632.0
185,-5602.956460252292,655.1252304234469
186,-5767.061144375255,736.6277898715072
187,-5783.0,745.0
188,-5917.560184674849,819.7289146349449
189,-5932.0,828.0
190,-6087.297053290674,918.8061659950836
191,-6254.460535285597,1019.7691028605805
192,-6327.0,1064.0
193,-6371.406467673178,1091.1789322274346
194,-6474.0,1154.0
195,-6566.843032360136,1210.278632170032
196,-6666.0,1271.0
197,-6907.9326245094135,1421.7437714582566
198,-6983.0,1469.0
199,-7052.464685671134,1513.938207460871
200,-7086.0,1536.0
201,-7198.612594797108,1609.1825393320726
202,-7261.0,1650.0
203,-7403.887514394951,1745.1618633697944
204,-7444.0,1772.0
205,-7593.0,1872.0
206,-7648.0,1910.0
207,-7728.041094521706,1964.350297491511
208,-7739.0,1971.0
209,-7880.660663154764,2043.6292040222093
210,-7936.0,2069.0
211,-8007.177290112186,2097.730053207375
212,-8058.0,2112.0
213,-8085.968185710929,2119.5459986210767
214,-8156.0,2136.0
215,-8177.05138552153,2139.1349092496703
216,-8185.0,2140.0
217,-8248.82792439074,2142.714623898357
218,-8333.0,2140.0
219,-8339.624387912741,2139.4341164122097
220,-8390.406658896183,2127.2572546849224
221,-8415.0,2115.0
222,-8435.297629955658,2104.245882920821
223,-8482.646743978592,2076.76459163244
224,-8494.0,2069.0
225,-8520.0,2049.0
226,-8545.098390230665,2027.7971931707107
227,-8580.0,1995.0
228,-8594.18373184988,1980.271587773526
229,-8618.0,1954.0
230,-8631.740269859762,1938.308003620963
231,-8669.0,1894.0
232,-8696.994927184878,1859.3576562643643
233,-8702.0,1853.0
234,-8794.0,1726.0
235,-8832.0,1667.0
236,-8881.0,1589.0
237,-8906.066989007306,1546.7603820833801
238,-8952.0,1463.0
239,-8970.0,1428.0
240,-8978.120831978138,1411.8679729397834
241,-9015.89124243074,1332.9539759135318
242,-9021.0,1322.0
243,-9089.995422845559,1172.1308407865222
244,-9095.0,1161.0
245,-9118.439163045578,1106.7816106165847
246,-9135.0,1067.0
247,-9158.48122727526,1012.1652356423854
248,-9184.0,953.0
249,-9191.873968814496,934.6987461573137
250,-9220.387168528521,868.4413846151112
251,-9241.0,824.0
252,-9269.0,770.0
253,-9290.149924029927,732.114727200536
254,-9311.0,697.0
255,-9317.797240446554,686.0789405864647
256,-9341.0,651.0
257,-9365.0,620.0
258,-9405.812609145813,582.2594292985159
259,-9457.0,544.0
260,-9485.123775128557,532.132772967721
261,-9491.0,531.0
262,-9546.0,525.0
263,-9558.083518409796,527.0380922307527
264,-9566.0,529.0
265,-9622.0,550.0
266,-9636.72014197609,557.6301088009654
267,-9651.0,566.0
268,-9672.24057317679,580.1654366732507
269,-9696.0,598.0
270,-9699.229037715799,600.5486799814412
271,-9743.0,639.0
272,-9756.373852204919,651.9468109789256
273,-9797.042003340615,692.8541951627102
274,-9802.0,698.0
275,-9831.507099862687,729.671524052924
276,-9869.0,773.0
277,-9877.751239459825,783.5463267831695
278,-9909.995266419213,824.4562228070293
279,-9931.0,852.0
280,-9956.0,885.0
281,-9963.997309424261,895.5739052713202
282,-10023.0,973.0
283,-10029.03622681966,980.8027934051061
284,-10089.2466555302,1058.1270656592924
285,-10115.0,1091.0
286,-10141.100314528323,1124.025679986037
287,-10185.0,1175.0
288,-10207.778052590616,1200.4696258671593
289,-10285.763994827437,1286.6264172177137
290,-10311.0,1314.0
291,-10410.012801376044,1412.0774979317823
292,-10422.0,1423.0
293,-10482.0,1475.0
294,-10613.137637542624,1563.236985468662
295,-10623.0,1569.0
296,-10680.80060857159,1598.4422346829947
297,-10729.644469293118,1616.0941709593753
298,-10741.0,1620.0
299,-10773.232843203861,1630.7354374577294
300,-10849.0,1650.0
301,-10875.485586247709,1653.9932126231665
302,-10932.173910029274,1658.8744222121563
303,-10939.0,1659.0
304,-11000.0,1654.0
305,-11031.57075874031,1646.6845057657265
306,-11104.0,1623.0
307,-11110.591767176411,1620.4569942572334
308,-11185.0,1581.0
309,-11201.399846687335,1570.2501244455293
310,-11260.0,1528.0
311,-11270.727482467433,1519.1768111613057
312,-11320.0,1471.0
313,-11372.269769080584,1409.0749004322402
314,-11392.0,1385.0
315,-11422.274902747122,1347.8205605541273
316,-11461.746087066767,1288.7826582282796
317,-11476.0,1266.0
318,-11539.0,1164.0
319,-11547.12326695584,1150.6241741671995
320,-11615.27028622519,1030.611889684787
321,-11645.0,973.0
322,-11655.74278719893,952.2974887888897
323,-11719.0,829.0
324,-11733.345626172777,799.9922475851404
325,-11759.0,748.0
326,-11838.0,593.0
327,-11848.395672989995,572.4803073778244
328,-11881.0,508.0
329,-11925.535344383976,421.30535516740804
330,-11937.0,399.0
331,-11994.0,288.0
332,-12020.04211831436,238.0749316751049
333,-12076.953796173248,130.4795283315094
334,-12096.0,95.0
335,-12123.977013174921,43.64140143628345
336,-12172.0,-43.0
337,-12256.0,-195.0
338,-12350.0,-362.0
339,-12356.652140405899,-374.174180705602
340,-12383.0,-423.0
341,-12431.399339021726,-514.3599622361467
342,-12462.0,-572.0
343,-12508.410906577667,-658.070948309685
344,-12543.0,-721.0
345,-12578.078304240948,-783.6120666454854
346,-12723.966759562763,-1031.0822824436445
347,-12786.694246136096,-1129.262468976963
348,-12811.0,-1166.0
349,-12902.04315835079,-1299.9741347816364
350,-12910.0,-1312.0
351,-12970.0,-1406.0
352,-12976.92574724818,-1417.1600113107108
353,-13030.0,-1505.0
354,-13044.094570958734,-1528.9537591625367
355,-13105.298822198145,-1635.202436343243
356,-13157.0,-1727.0
357,-13165.795550515684,-1743.1174935645936
358,-13178.0,-1773.0
359,-13196.0,-1838.0
360,-13198.582804761296,-1853.7936613132983
361,-13202.045296282686,-1917.0880307455673
362,-13202.0,-1925.0
363,-13196.003720331479,-2011.1236417824894
364,-13194.0,-2026.0
365,-13179.838064665337,-2096.635023266781
366,-13171.0,-2128.0
367,-13140.599983049424,-2217.5583755538087
368,-13132.0,-2240.0
369,-13119.807716278105,-2268.590536030226
370,-13102.0,-2302.0
371,-13083.871157204583,-2332.223556367181
372,-13037.0,-2401.0
373,-13005.484934475515,-2439.1577244215055
374,-12988.0,-2458.0
375,-12930.825193383025,-2510.9293918912094
376,-12903.0,-2533.0
377,-12825.0,-2584.0
378,-12758.10653928282,-2618.8759979876045
379,-12691.0,-2651.0
380,-12634.046602398452,-2675.5546560388
381,-12586.414602084793,-2691.4122845613224
382,-12569.0,-2697.0
383,-12440.0,-2741.0
384,-12387.571459281637,-2767.6598376070997
385,-12319.201765720321,-2818.8341188537306
386,-12319.0,-2819.0
387,-12295.373158389584,-2839.9871095918697
388,-12270.0,-2887.0
389,-12233.757541837524,-2976.7865801130474
390,-12228.0,-2992.0
391,-12214.364028974847,-3034.2686377843106
392,-12208.0,-3070.0
393,-12199.041256453409,-3112.201802103896
394,-12186.0,-3174.0
395,-12181.659966880352,-3197.158513659762
396,-12174.0,-3246.0
397,-12162.891907029541,-3315.426357590327
398,-12158.0,-3345.0
399,-12144.0,-3423.0
400,-12130.19036921649,-3488.765673720629
401,-12112.0,-3564.0
402,-12105.023679559146,-3587.033388738586
403,-12086.655048666646,-3626.8094787461337
404,-12072.0,-3649.0
405,-12016.0,-3720.0
406,-11988.583080578184,-3748.058026860983
407,-11938.0,-3794.0
408,-11917.162126694142,-3812.351737519896
409,-11808.0,-3903.0
410,-11762.05612784309,-3939.412874628878
411,-11694.0,-3993.0
412,-11651.723402136351,-4026.7261879175276
413,-11610.581016054904,-4061.0227526407534
414,-11594.0,-4075.0
415,-11477.761286376282,-4173.486383540766
416,-11448.0,-4199.0
417,-11373.941409843752,-4267.648171494641
418,-11363.0,-4279.0
419,-11321.18653186816,-4323.027530603536
420,-11221.36413874434,-4434.554231878983
421,-11221.0,-4435.0
422,-11158.0,-4521.0
423,-11142.0,-4547.0
424,-11108.04942562329,-4601.177603726548
425,-11082.0,-4641.0
426,-11026.593764851008,-4722.641478139811
427,-10985.0,-4782.0
428,-10966.7477853375,-4805.8373412605215
429,-10953.0,-4819.0
430,-10903.0,-4862.0
431,-10887.870433509495,-4873.177778498189
432,-10848.0,-4892.0
433,-10826.367448602336,-4898.285159142952
434,-10787.0,-4907.0
435,-10757.350204303933,-4909.543990054871
436,-10707.0,-4881.0
437,-10703.373902030642,-4878.388793803342
438,-10684.0,-4863.0
439,-10655.17533686369,-4826.0105215056265
440,-10637.0,-4799.0
441,-10628.14871298289,-4784.133250291543
442,-10616.33802915673,-4758.260851311363
443,-10615.0,-4755.0
444,-10601.49627532805,-4720.125730273283
445,-10600.0,-4716.0
446,-10583.0,-4663.0
447,-10572.916122892417,-4623.528668732539
448,-10562.0,-4575.0
449,-10557.230929168361,-4551.894365677402
450,-10541.107478181686,-4462.204604441747
451,-10539.0,-4450.0
452,-10532.387966765396,-4411.55001257724
453,-10518.902853497964,-4330.787689344046
454,-10516.0,-4312.0
455,-10510.101235959457,-4270.960391911693
456,-10499.0,-4183.0
457,-10494.322628045684,-4144.838860013451
458,-10480.424858244533,-4031.367155522881
459,-10479.0,-4020.0
460,-10468.067881754378,-3940.8354256467132
461,-10458.0,-3872.0
462,-10445.185159055647,-3781.27592179718
463,-10437.0,-3724.0
464,-10422.12334048498,-3628.6693107430124
465,-10418.0,-3603.0
466,-10405.687174722167,-3524.944240730192
467,-10400.0,-3489.0
468,-10383.0,-3383.0
469,-10371.540497825503,-3312.0700123396255
470,-10356.0,-3214.0
471,-10344.78672390021,-3139.6350353464436
472,-10335.0,-3076.0
473,-10314.0,-2949.0
474,-10311.937089773885,-2936.536305372393
475,-10290.0,-2804.0
476,-10269.0,-2685.0
477,-10250.402332789148,-2580.491324080215
478,-10230.0,-2467.0
479,-10185.512680896336,-2234.9352818414586
480,-10167.0,-2146.0
481,-10164.292467384119,-2133.244813659081
482,-10130.278292486433,-1977.7230907573096
483,-10108.206105365844,-1881.1862677139493
484,-10103.0,-1859.0
485,-10064.0,-1699.0
486,-10060.793366888021,-1685.8760305269134
487,-10028.0,-1553.0
488,-10016.283178806114,-1507.7446456173159
489,-9983.99667445363,-1388.4324111437786
490,-9972.0,-1345.0
491,-9916.0,-1151.0
492,-9849.0,-941.0
493,-9821.185477055644,-856.8345841315551
494,-9799.0,-792.0
495,-9749.0,-649.0
496,-9738.94130377732,-621.0138145678427
497,-9682.767141130413,-470.36025042652153
498,-9666.0,-426.0
499,-9635.360029695017,-345.12532755329323
500,-9624.0,-316.0
501,-9555.783312908754,-154.39483478041032
502,-9515.591411235055,-68.7297812823417
503,-9478.0,1.0
504,-9454.171439899299,33.206240789872055
505,-9445.0,43.0
506,-9417.07691840162,70.22410929528778
507,-9400.0,85.0
508,-9348.121576253832,115.49514877297702
509,-9329.0,120.0
510,-9238.60120224925,126.89802307678643
511,-9232.0,127.0
512,-9172.35853737666,114.63889484028869
513,-9168.0,113.0
514,-9149.0,106.0
515,-9093.0,81.0
516,-9087.26407604092,77.76323060750882
517,-9028.611634089984,41.3472955709507
518,-8991.0,17.0
519,-8966.55761793396,1.1225105836403313
520,-8933.0,-25.0
521,-8877.482291487871,-69.36134416489418
522,-8852.0,-90.0
523,-8798.433088230844,-134.3525958690597
524,-8724.63020667108,-198.186859369184
525,-8695.0,-224.0
526,-8655.524669996561,-258.2955503451484
527,-8623.0,-287.0
528,-8580.508754581133,-325.3464374491618
529,-8556.0,-348.0
530,-8478.26469974337,-420.80153668281685
531,-8459.0,-439.0
532,-8408.477971428525,-487.99205706796005
533,-8386.0,-510.0
534,-8354.100472543603,-540.7181498017935
535,-8287.006353764968,-604.5574355886835
536,-8245.0,-644.0
537,-8180.0,-704.0
538,-8154.660493547066,-726.9525644089047
539,-8111.0,-766.0
540,-7993.765069249619,-868.4496471051541
541,-7985.0,-876.0
542,-7904.684137271768,-943.8165614481186
543,-7882.0,-962.0
544,-7734.0,-1076.0
545,-7723.955274617306,-1083.669040715829
546,-7673.119147040662,-1121.9177661673991
547,-7628.0,-1150.0
548,-7373.0,-1291.0
549,-7209.577670748329,-1357.2523654147462
550,-7143.0,-1376.0
551,-7012.455034794843,-1406.7518625495022
552,-6953.0,-1417.0
553,-6828.122717611263,-1432.9889984183508
554,-6798.0,-1436.0
555,-6670.395649113264,-1445.883522386126
556,-6573.0,-1452.0
557,-6507.0,-1456.0
558,-6468.285083847742,-1458.3534702880604
559,-6247.0,-1472.0
560,-6183.545776291217,-1476.0470232504279
561,-6026.0,-1487.0
562,-5960.181910927683,-1491.47910927124
563,-5893.0,-1496.0
564,-5768.324064783875,-1504.331342390784
565,-5623.0,-1514.0
566,-5607.687739740056,-1515.016751835966
567,-5410.0,-1528.0
568,-5336.446590493128,-1532.8010887028254
569,-5151.0,-1545.0
570,-5135.22636234256,-1546.0613338521578
571,-5005.85449866628,-1554.894953264829
572,-4935.0,-1559.0
573,-4725.739740190958,-1570.3186037220664
574,-4656.0,-1574.0
575,-4507.878451437121,-1581.2894794723018
576,-4452.0,-1584.0
577,-4398.381333428035,-1586.7047282485353
578,-4232.0,-1594.0
579,-4138.0,-1596.0
580,-4106.793597583569,-1596.5950040532439
581,-3980.903393959651,-1599.1025028969448
582,-3725.306266934969,-1604.669705985974
583,-3582.0,-1608.0
584,-3424.0,-1612.0
585,-3377.228260227687,-1613.423865811578
586,-3274.0,-1617.0
587,-3260.766677571402,-1617.4976554822983
588,-3138.0,-1623.0
589,-3128.212197530737,-1623.562540887695
590,-3036.0,-1630.0
591,-2935.598741078139,-1638.0612415638402
592,-2880.0,-1643.0
593,-2847.7619754028765,-1646.1359426170807
594,-2815.0,-1650.0
595,-2735.618309246639,-1662.340467670455
596,-2691.0,-1671.0
597,-2648.2254470604585,-1682.3435276379196
598,-2605.0,-1701.0
599,-2582.462646631434,-1711.31373844876
600,-2540.0,-1744.0
601,-2501.9143602966624,-1795.0981099589728
602,-2491.0,-1812.0
603,-2459.7298647571133,-1898.2296098172346
604,-2455.0,-1930.0
605,-2447.1344334427095,-1966.3649985968664
606,-2423.0,-2050.0
607,-2410.0,-2088.0
608,-2405.613221854949,-2100.0106057567423
609,-2383.413302196962,-2152.261112719225
610,-2379.0,-2161.0
611,-2339.3261080783795,-2232.4258600102644
612,-2305.0,-2290.0
613,-2283.4829649446965,-2323.322799064545
614,-2249.0,-2361.0
615,-2223.0,-2388.0
616,-2101.8031890912757,-2477.2547153124815
617,-2065.0,-2500.0
618,-2048.4615013240755,-2509.184904096174
619,-2005.0,-2526.0
620,-1947.993964135619,-2543.799967289485
621,-1863.0,-2567.0
622,-1794.3532492136085,-2580.2469859471385
623,-1782.0,-2582.0
624,-1664.8095199307495,-2595.810544974497
625,-1608.0,-2602.0
626,-1575.8578684982253,-2605.484045442512
627,-1537.0,-2607.0
628,-1517.635570000121,-2607.377247497008
629,-1335.7814173528577,-2610.6211325592394
630,-1309.0,-2611.0
631,-1177.8199542266855,-2611.8229868769304
632,-1148.0,-2612.0
633,-1066.9928179592755,-2612.800937980096
634,-1055.0,-2613.0
635,-947.1901953426827,-2615.9602444347324
636,-850.0,-2619.0
637,-776.0,-2621.0
638,-704.3328310122614,-2624.126468085947
639,-650.0,-2627.0
640,-432.9917373998871,-2639.212222075518
641,-337.0,-2645.0
642,-217.87827962188257,-2653.285756831891
643,-165.0,-2657.0
644,-43.0,-2665.0
645,65.0,-2671.0
646,173.81405115999877,-2673.405743989472
647,214.0,-2673.0
648,355.3439941669769,-2664.218030639375
649,404.0,-2657.0
650,519.0,-2628.0
651,541.0440840782303,-2620.356771792096
652,584.0,-2603.0
653,644.668641241213,-2570.862461675772
654,683.0,-2546.0
655,790.0,-2457.0
656,856.11076153306,-2385.8478711595803
657,884.0,-2353.0
658,916.2362817989504,-2312.3758950236966
659,956.0,-2254.0
660,967.9854230659419,-2235.077624362998
661,994.0,-2193.0
662,1027.578533229418,-2136.9685742999654
663,1052.0,-2088.0
664,1129.0,-1895.0
665,1134.0001787408587,-1880.9209188151062
666,1171.4928687101176,-1721.4976236588507
667,1173.0,-1712.0
668,1191.0,-1557.0
669,1191.8996785177703,-1535.9735664889768
670,1195.0,-1344.0
671,1195.0855464867989,-1306.8540160566608
672,1183.222582192668,-1151.3574851186738
673,1182.0,-1141.0
674,1171.7508952026292,-1048.2642710026287
675,1163.0,-976.0
676,1153.3036150394219,-908.8147655114383
677,1141.0,-832.0
678,1132.8050660092451,-781.0388587696169
679,1118.0,-691.0
680,1088.5056530531574,-517.7731736012229
681,1079.0,-462.0
682,1068.1425805965696,-397.5797177209016
683,1055.0,-316.0
684,1031.9168994793124,-171.30582163781614
1,1051.0,-289.0
2,1030.0,-158.0
3,1025.174422929431,-128.18494312671095
4,997.0,46.0
5,992.2468195244694,76.131033743908
6,974.0,194.0
7,951.0,345.0
8,946.2566313281385,376.064783256445
9,927.7184552768402,497.6255559135475
10,921.0,543.0
11,912.0,605.0
12,900.5463614661503,682.966886215627
13,876.0,852.0
14,869.6433357594127,898.975655572269
15,859.0,978.0
16,843.125157197319,1088.8836444340475
17,841.0,1104.0
18,814.8095524838518,1304.403673020508
19,812.0,1326.0
20,787.5370487785377,1512.2216824725033
21,772.0,1631.0
22,760.627763299564,1721.2261523917678
23,752.0,1796.0
24,730.0,1976.0
25,727.6545131417392,1995.3861207199552
26,693.0,2288.0
27,675.7163863570988,2440.050950990966
28,656.0,2617.0
29,654.4364324036535,2630.867846121026
30,629.5938601675496,2841.4444600441034
31,628.0,2854.0
32,617.0,2935.0
33,609.5189356450524,2980.5592420706826
34,571.0,3174.0
35,565.1926140351836,3200.383758686363
36,532.4392407510712,3326.9661423905854
37,493.12647153757433,3400.0176622934277
38,469.0,3433.0
39,438.9804514359672,3470.340252485329
40,401.0,3512.0
41,340.0,3559.0
42,312.6556254264774,3572.4776043333923
43,208.5743744788759,3611.4495752115045
44,201.0,3614.0
45,132.88932171775386,3629.913819486002
46,85.0,3639.0
47,10.126092820537824,3654.2039696582847
48,-32.0,3663.0
49,-121.93061251200075,3684.169997631144
50,-169.0,3708.0
51,-206.54667453619115,3728.3589745278914
52,-263.0,3762.0
53,-323.0,3808.0
54,-353.1162532253668,3832.7771842506872
55,-414.0,3884.0
56,-427.61737476971524,3895.7225656467213
57,-473.8887788993947,3936.3532346976704
58,-485.0,3946.0
59,-549.0,3999.0
60,-554.9868564345044,4003.494245755151
61,-598.7765688742836,4033.609654933153
62,-604.0,4037.0
63,-648.4691987955244,4063.796247325829
64,-678.0,4075.0
65,-774.0,4090.0
66,-813.7919439504008,4089.084926697828
67,-857.0,4076.0
68,-868.7203026793909,4072.1463294399914
69,-902.0,4057.0
70,-961.9064541211058,4012.3570755482074
71,-972.0,4004.0
72,-998.0,3973.0
73,-1002.0871596181058,3966.313025241642
74,-1039.0,3904.0
75,-1041.5063481843956,3899.1532610097643
76,-1051.0,3879.0
77,-1066.145507885034,3838.8604140810644
78,-1090.0,3762.0
79,-1104.1982095981066,3705.5823495990007
80,-1116.0,3632.0
81,-1119.0,3611.0
82,-1123.5682880370496,3576.3791292158594
83,-1128.0,3536.0
84,-1132.0,3463.0
85,-1131.774180994643,3424.3206292288264
86,-1128.0,3294.0
87,-1106.0,3133.0
88,-1067.0,2962.0
89,-1008.0,2782.0
90,-1003.5762940699336,2770.157335707473
91,-980.0,2706.0
92,-977.280170241793,2698.8350315695047
93,-936.2742934182442,2595.04665835503
94,-896.0,2498.0
95,-858.2095435735545,2408.1098251745775
96,-824.0,2327.0
97,-790.0001159743649,2246.1181398164676
98,-780.0,2222.0
99,-763.9352952805064,2183.260907812486
100,-711.0,2055.0
101,-682.96028076691,1985.8543654086482
102,-653.0,1908.0
103,-585.0,1719.0
104,-572.2981281112612,1681.9502291493236
105,-552.6167012835721,1618.6987001706386
106,-544.0,1589.0
107,-507.0,1456.0
108,-503.4583482083169,1442.2414970321172
109,-478.3135770821116,1335.0887837080745
110,-465.0,1268.0
111,-445.47699926352357,1144.7709204349935
112,-441.0,1105.0
113,-434.0,1005.0
114,-430.4086901950159,947.2161769108096
115,-429.0,899.0
116,-435.5543823488158,756.3987678887723
117,-443.0,662.0
118,-444.22756257897015,646.0124561555218
119,-449.01557549268324,604.5557325395542
120,-467.0,563.0
121,-538.0,424.0
122,-546.1885579970547,410.20237935378407
123,-571.2893046648958,384.30127244231875
124,-575.0,381.0
125,-637.6890220628803,326.56144801337655
126,-646.0,321.0
127,-741.6474693160397,270.9846580656931
128,-814.0,240.0
129,-877.3873215204227,217.68841743091008
130,-934.2826162403305,205.1692369849519
131,-949.0,202.0
132,-1043.0,183.0
133,-1088.7194660171624,175.8368850443827
134,-1194.0,163.0
135,-1298.8292857354054,155.32953921090683
136,-1375.0,153.0
137,-1441.2092656977907,152.01022614051817
138,-1463.0,152.0
139,-1597.0,156.0
140,-1597.5685315495714,156.02956047229725
141,-1714.0,164.0
142,-1788.7189401096168,170.8913729301505
143,-1811.0,173.0
144,-1985.0,189.0
145,-2034.7543528497372,193.69067315223606
146,-2165.0,206.0
147,-2271.677440386762,215.8192083547167
148,-2364.0,223.0
149,-2448.877453819947,230.2492538573444
150,-2596.0,243.0
151,-2693.1057622937383,251.46855284375226
152,-2723.0,254.0
153,-2817.3597586700894,261.8148457900233
154,-2907.0,269.0
155,-3051.934222177559,279.9261228023778
156,-3110.0,284.0
157,-3198.476996903865,289.89644291577986
158,-3243.0,293.0
159,-3347.0690095276996,301.06104944709637
160,-3467.0,311.0
161,-3619.5634681094316,323.3636799214327
162,-3804.0,338.0
163,-3925.98293136936,347.5605423484706
164,-4107.474272385463,361.60496868540463
165,-4228.064196941781,370.91202409355753
166,-4488.558935653442,394.31041044940616
167,-4594.0,405.0
168,-4630.087086579723,408.79534132500413
169,-4739.0,421.0
170,-4806.16935686592,429.6921051967669
171,-4932.21842991336,449.2361118477055
172,-4948.0,452.0
173,-5155.0,495.0
174,-5155.80686324557,495.19533638420626
175,-5203.0,507.0
176,-5275.904422152594,526.8030417874667
177,-5421.0,577.0
178,-5500.242951682258,609.5813209535208
179,-5620.0,662.0
180,-5655.0529001499435,678.0722383463567
181,-5888.0,803.0
182,-5932.035632781596,828.2432119144311
183,-5961.0,845.0
184,-6079.325137977253,915.0828169091853
185,-6106.0,931.0
186,-6181.561725883031,976.0361377658173
187,-6367.0,1088.0
188,-6571.0,1213.0
189,-6572.065297229708,1213.6532660900623
190,-6696.0624709995445,1289.6117218978516
191,-6775.0,1338.0
192,-6805.280693121785,1356.586563347776
193,-6939.0,1440.0
194,-7057.65279835896,1517.4160343617004
195,-7142.0,1573.0
196,-7272.893470099083,1657.773695850399
197,-7331.0,1696.0
198,-7444.0,1772.0
199,-7444.813777180254,1772.5505285476147
200,-7722.0,1960.0
201,-7765.931832694133,1988.5555131071371
202,-7817.129404537147,2017.1497811246027
203,-7858.0,2035.0
204,-7957.061091566848,2076.5232562557994
205,-7966.0,2080.0
206,-8040.0,2106.0
207,-8071.311586807995,2115.5911358351423
208,-8102.0,2124.0
209,-8161.397695751016,2136.7701474124597
210,-8197.0,2142.0
211,-8277.0,2146.0
212,-8296.0,2145.0
213,-8451.0,2096.0
214,-8504.089202822288,2062.348195354369
215,-8542.0,2030.0
216,-8545.614071807817,2026.805329769803
217,-8595.002611075857,1978.6259372757986
218,-8603.0,1970.0
219,-8640.077363543727,1928.7679973487843
220,-8658.0,1908.0
221,-8680.757204449597,1880.2167379305747
222,-8712.0,1839.0
223,-8761.88405074632,1771.0238956443577
224,-8787.0,1736.0
225,-8820.309757802539,1685.7027864198817
226,-8834.0,1664.0
227,-8869.224126363912,1610.1362329638484
228,-8911.0,1538.0
229,-8934.647267985258,1493.8597642516343
230,-8994.0,1379.0
231,-9006.19424063182,1354.5134750928985
232,-9013.0,1339.0
233,-9038.79666335691,1284.2962767197882
234,-9059.0,1241.0
235,-9104.952713028242,1138.3123335980779
236,-9109.0,1129.0
237,-9144.0,1047.0
238,-9161.035705624867,1006.8209689405389
239,-9220.0,868.0
240,-9227.921564317687,849.5871347126077
241,-9248.227749897627,806.981674306466
242,-9258.0,790.0
243,-9272.399293699167,765.12379699831
244,-9328.86359162669,669.3860984724902
245,-9336.0,658.0
246,-9368.66729412839,615.7034305256097
247,-9377.0,607.0
248,-9406.0,578.0
249,-9425.008576476317,562.4262435318597
250,-9474.0,537.0
251,-9515.622567112507,526.7291613994663
252,-9530.0,525.0
253,-9586.410250013985,534.9011461655152
254,-9606.0,542.0
255,-9619.0,547.0
256,-9638.615759278682,557.1902055331539
257,-9682.934679033136,587.605692817777
258,-9698.0,599.0
259,-9728.354617951089,623.9896810582547
260,-9777.464248273747,672.4018096567376
261,-9780.0,675.0
262,-9804.941457331646,700.9790871077954
263,-9818.0,715.0
264,-9858.0,760.0
265,-9868.284464188653,772.3675198647833
266,-9939.0,861.0
267,-9967.014923445815,898.2417506007405
268,-9998.0,941.0
269,-9998.183616899929,941.2410469076417
270,-10040.0,995.0
271,-10073.849190373936,1038.0312816507462
272,-10123.0,1100.0
273,-10160.124949012907,1145.724555536779
274,-10219.0,1214.0
275,-10254.50843377112,1253.9500086938795
276,-10279.0,1280.0
277,-10402.0,1404.0
278,-10402.404297085117,1404.4050187510652
279,-10455.0,1454.0
280,-10486.439526669199,1477.7973335867114
281,-10585.0,1547.0
282,-10676.0,1594.0
283,-10676.60382806723,1594.2437966389764
284,-10774.0,1631.0
285,-10806.867826080908,1642.7524765117946
286,-10857.619025478918,1655.620936115064
287,-10891.0,1656.0
288,-10947.945572796214,1656.7593703405712
289,-10997.0,1655.0
290,-11023.210336476131,1651.3323716331367
291,-11072.0,1636.0
292,-11091.538702422706,1628.4354760968167
293,-11125.0,1614.0
294,-11157.719552580358,1597.212283244022
295,-11207.202002748432,1566.8503592170402
296,-11213.0,1563.0
297,-11261.0,1528.0
298,-11267.107095483398,1522.8794658965478
299,-11322.602818879566,1468.0443387307855
300,-11338.0,1451.0
301,-11385.0,1394.0
302,-11424.698291201907,1339.4812020694098
303,-11479.651506062277,1259.4712712863488
304,-11490.0,1244.0
305,-11541.0,1160.0
306,-11550.064570415734,1144.419247755623
307,-11593.0,1070.0
308,-11640.104589836426,982.8433822871424
309,-11656.0,952.0
310,-11723.606873008297,817.7052868644131
311,-11729.0,807.0
312,-11759.905041902664,746.1873346966295
313,-11791.0,685.0
314,-11819.70320326146,627.5598926882736
315,-11825.0,617.0
316,-11890.0,489.0
317,-11932.94323414318,406.3045820231848
318,-11964.0,347.0
319,-11986.044516057362,304.91870783614274
320,-12070.829354201745,143.35441812639735
321,-12097.0,94.0
322,-12117.0914108465,56.62930140310766
323,-12159.0,-19.0
324,-12180.559374252869,-58.57260380399999
325,-12223.0,-136.0
326,-12261.332042953767,-204.7528604927021
327,-12363.0,-386.0
328,-12408.391938097096,-468.97180530484866
329,-12455.0,-559.0
330,-12481.0,-608.0
331,-12508.636879680858,-658.7393154299372
332,-12619.86690418155,-858.3427109707698
333,-12627.0,-871.0
334,-12654.72146444105,-919.1088316182032
335,-12671.0,-945.0
336,-12703.137678032926,-996.543085682742
337,-12768.674008139167,-1100.681544138046
338,-12820.0,-1179.0
339,-12925.83392020413,-1335.7868647761934
340,-12942.0,-1360.0
341,-12983.0,-1427.0
342,-12987.885965873676,-1435.1980328585942
343,-13038.050517099455,-1518.169225797589
344,-13044.0,-1528.0
345,-13131.0,-1676.0
346,-13139.673062712089,-1692.345066005295
347,-13159.0,-1731.0
348,-13186.0,-1798.0
349,-13190.158880039451,-1813.4869389294267
350,-13199.0,-1867.0
351,-13199.792103653297,-1875.1373069882484
352,-13201.0,-1953.0
353,-13196.927844028833,-2001.4072884134746
354,-13193.0,-2031.0
355,-13182.0,-2086.0
356,-13177.768093299655,-2102.0891667767655
357,-13132.0,-2241.0
358,-13123.338563935955,-2262.1060793629745
359,-13073.0,-2349.0
360,-13068.946120440454,-2355.117038092053
361,-13037.0,-2401.0
362,-13011.786515274112,-2431.5002747888643
363,-13000.0,-2444.0
364,-12939.168231602293,-2499.206081351023
365,-12850.0,-2568.0
366,-12832.358830770696,-2579.994893281818
367,-12784.0,-2607.0
368,-12709.46568640574,-2642.886922684944
369,-12691.0,-2651.0
370,-12633.768713625923,-2674.143916163477
371,-12588.0,-2691.0
372,-12545.434880607032,-2705.410262890096
373,-12485.15967795368,-2724.474661428447
374,-12464.0,-2732.0
375,-12391.0,-2764.0
376,-12379.2919686194,-2770.8562285489843
377,-12335.0,-2804.0
378,-12330.280490234567,-2808.1639444108455
379,-12300.0,-2841.0
380,-12295.205255085164,-2847.8953441685785
381,-12246.0,-2940.0
382,-12236.47956469815,-2962.09162486233
383,-12213.0,-3049.0
384,-12208.899437486898,-3064.6432729624357
385,-12198.0,-3110.0
386,-12196.371690130634,-3118.2701603315345
387,-12175.0,-3241.0
388,-12166.22291677627,-3295.1119490147253
389,-12153.622028688344,-3377.02935319967
390,-12144.0,-3428.0
391,-12138.272231071664,-3454.345853722819
392,-12018.0,-3718.0
393,-11939.027112207896,-3793.896881436943
394,-11924.0,-3807.0
395,-11876.420006367418,-3846.8555873519067
396,-11853.0,-3866.0
397,-11781.0,-3924.0
398,-11730.78812789145,-3963.7752296876856
399,-11689.0,-3997.0
400,-11663.146190077892,-4017.7991231683854
401,-11604.0,-4066.0
402,-11561.344128230498,-4101.190456272141
403,-11507.0,-4147.0
404,-11477.064936960001,-4173.45152941998
405,-11451.0,-4197.0
406,-11372.0,-4269.0
407,-11316.325441831508,-4322.892220798172
408,-11258.0,-4389.0
409,-11228.448829510253,-4426.490170881348
410,-11162.0,-4516.0
411,-11143.824382258537,-4541.641726863355
412,-11110.0,-4597.0
413,-11063.313252523083,-4671.284824274919
414,-11044.0,-4701.0
415,-10996.275781895614,-4769.138383210661
416,-10984.0,-4784.0
417,-10952.96269321315,-4817.180607718302
418,-10937.0,-4833.0
419,-10885.0,-4873.0
420,-10884.77287524901,-4873.114653842067
421,-10827.791586892254,-4896.921552828886
422,-10804.0,-4905.0
423,-10793.60022542141,-4907.811645788917
424,-10774.866764361808,-4906.897559300392
425,-10767.0,-4905.0
426,-10738.0,-4897.0
427,-10720.822972448217,-4889.62558537209
428,-10697.0,-4874.0
429,-10673.0,-4851.0
430,-10657.978720613202,-4834.13207972992
431,-10641.0,-4807.0
432,-10637.763304725668,-4800.944050521509
433,-10615.0,-4755.0
434,-10604.150613745536,-4731.561545491321
435,-10596.820762994965,-4710.050515355878
436,-10592.0,-4692.0
437,-10581.914760301408,-4654.667760394032
438,-10574.0,-4625.0
439,-10564.0,-4584.0
440,-10563.924207317848,-4583.645461275294
441,-10544.0,-4480.0
442,-10539.280324032916,-4453.631132801264
443,-10530.00488238805,-4397.883092242843
444,-10523.0,-4354.0
445,-10522.95936457437,-4353.748062236266
446,-10512.908109705,-4291.2176330862085
447,-10508.0,-4254.0
448,-10502.086373772616,-4204.084093305525
449,-10499.0,-4178.0
450,-10493.535966730316,-4133.232082209088
451,-10484.356973690898,-4061.138330719636
452,-10482.0,-4043.0
453,-10477.0,-4005.0
454,-10466.060460395453,-3924.9271484791407
455,-10452.0,-3825.0
456,-10440.0,-3742.0
457,-10435.322214801039,-3711.4363332675557
458,-10407.0,-3532.0
459,-10397.080769815046,-3472.414726057905
460,-10388.0,-3416.0
461,-10368.101873276113,-3288.4785850630574
462,-10356.0,-3211.0
463,-10340.632643055033,-3113.546587163513
464,-10310.703455592098,-2929.3880169988597
465,-10307.0,-2907.0
466,-10276.239254023692,-2723.8124980488724
467,-10269.0,-2682.0
468,-10255.051306521296,-2603.6050076834013
469,-10242.0,-2533.0
470,-10216.984739220323,-2400.65491504069
471,-10189.0,-2257.0
472,-10175.386309768544,-2189.662664433306
473,-10127.693103580932,-1966.4778934394074
474,-10123.0,-1945.0
475,-10103.127208441325,-1855.078083877891
476,-10079.702772620996,-1758.3678681080924
477,-10065.0,-1700.0
478,-10032.225743113018,-1571.6069502556973
479,-10002.0,-1454.0
480,-9979.593442811058,-1367.7521950019204
481,-9957.0,-1292.0
482,-9916.933367899905,-1158.1836548934643
483,-9880.0,-1037.0
484,-9846.679774621687,-931.5132373071631
485,-9776.671079808115,-727.622339273835
486,-9759.0,-678.0
487,-9744.663001348425,-638.1245718786456
488,-9719.0,-568.0
489,-9706.148313569807,-533.070344257071
490,-9678.0,-457.0
491,-9644.295666135411,-367.7938409717085
492,-9625.0,-318.0
493,-9613.297296753166,-288.30303326547624
494,-9584.143409804321,-215.7519558499524
495,-9581.0,-208.0
496,-9551.23306929463,-137.9109359587312
497,-9547.0,-129.0
498,-9507.103390307524,-50.47293782160786
499,-9492.0,-22.0
500,-9465.307118487199,24.343424707811288
501,-9444.0,44.0
502,-9437.452097179019,50.214734819884
503,-9398.0,86.0
504,-9390.33910424314,91.70838881324693
505,-9364.0,106.0
506,-9280.0,128.0
507,-9272.85396238335,129.01183313579386
508,-9215.963767693813,127.45559166070754
509,-9171.0,113.0
510,-9168.369686669055,112.26836537768028
511,-9137.430334459666,102.52562915223409
512,-9128.0,98.0
513,-9021.0,38.0
514,-9014.934664000892,34.24224532852539
515,-8970.215146336695,3.2870422468056315
516,-8949.0,-13.0
517,-8913.923767135573,-40.49206809201064
518,-8872.0,-74.0
519,-8839.340561252962,-100.35303749564066
520,-8811.0,-124.0
521,-8708.0,-212.0
522,-8680.097523795175,-236.09787781736244
523,-8657.107766410829,-256.5479981866451
524,-8631.0,-280.0
525,-8625.363500794605,-285.0283717668741
526,-8554.361711551725,-348.67099935865224
527,-8540.0,-362.0
528,-8497.0,-403.0
529,-8467.247372923712,-431.4881450010821
530,-8401.0,-495.0
531,-8365.75062016971,-529.1147628018432
532,-8343.0,-551.0
533,-8296.966508536416,-594.8020240481798
534,-8200.0,-686.0
535,-8145.715667894505,-736.4103279239755
536,-8042.0,-827.0
537,-7904.403412868429,-943.5904818949122
538,-7892.0,-954.0
539,-7807.631403293052,-1022.8360174564231
540,-7742.0,-1070.0
541,-7741.512106443435,-1070.3483729145
542,-7700.0,-1100.0
543,-7645.041298770223,-1139.8728278535984
544,-7525.0,-1213.0
545,-7435.181842915913,-1259.3408706286596
546,-7347.0,-1303.0
547,-7211.411355537429,-1360.5988052902858
548,-7141.0,-1376.0
549,-7131.325838459324,-1378.4591788779273
550,-6965.0,-1415.0
551,-6740.0,-1442.0
552,-6361.895869824893,-1467.2239987243652
553,-6259.0,-1472.0
554,-6098.0,-1482.0
555,-5906.0,-1495.0
556,-5790.425539708836,-1502.759262493136
557,-5591.0,-1516.0
558,-5434.513252180435,-1526.2894589265727
559,-5318.0,-1534.0
560,-5317.500255753942,-1534.0336709730152
561,-5147.309467292744,-1545.3672270864
562,-5105.0,-1548.0
563,-4881.119437233478,-1561.6671534949908
564,-4859.0,-1563.0
565,-4737.870846417195,-1569.9472327041642
566,-4674.0,-1573.0
567,-4534.0,-1580.0
568,-4517.16490971649,-1580.8519088682367
569,-4394.0,-1587.0
570,-4393.226860738276,-1587.0364966195446
571,-4205.480790115615,-1594.8074835778718
572,-4112.0,-1597.0
573,-4048.518499435532,-1597.6386511349128
574,-4002.0,-1598.0
575,-3889.841961244803,-1599.4160152283291
576,-3860.0,-1600.0
577,-3718.0,-1604.0
578,-3444.5494647283217,-1611.7226721462907
579,-3401.0,-1613.0
580,-3137.084101578959,-1623.0940489329203
581,-3121.0,-1624.0
582,-3071.8133295816688,-1627.0330194348462
583,-2971.9310643148906,-1634.4921947731248
584,-2954.0,-1636.0
585,-2877.0,-1643.0
586,-2822.6706327024895,-1648.805711135059
587,-2743.0,-1660.0
588,-2713.648908547716,-1665.5809757585487
589,-2707.0,-1667.0
590,-2647.0,-1684.0
591,-2606.126143353037,-1702.6489089032204
592,-2545.3407594786167,-1739.8897903727416
593,-2541.0,-1743.0
594,-2497.0,-1800.0
595,-2496.857627825797,-1800.3495430662872
596,-2453.0,-1938.0
597,-2451.1364898755523,-1944.611309864195
598,-2443.3825915734124,-1975.8235485216826
599,-2437.0,-2002.0
600,-2423.1247158155365,-2048.972579681432
601,-2414.0,-2076.0
602,-2398.0737966500587,-2117.594480314095
603,-2383.0,-2152.0
604,-2360.3092385967666,-2196.8184288973825
605,-2357.0,-2203.0
606,-2305.0,-2289.0
607,-2289.4677140979757,-2309.9974840065133
608,-2252.0,-2357.0
609,-2232.171337211055,-2380.284683798564
610,-2194.0,-2414.0
611,-2171.652800144852,-2430.3315992955086
612,-2081.0615458134025,-2490.6911070809524
613,-2074.0,-2495.0
614,-2018.1386493675918,-2522.2819324604798
615,-1985.0,-2533.0
616,-1954.936481193132,-2542.361862169852
617,-1904.0,-2557.0
618,-1778.645941180196,-2582.5960130816884
619,-1751.0,-2587.0
620,-1694.0,-2595.0
621,-1606.5618550615227,-2602.309073901365
622,-1594.0,-2603.0
623,-1429.0,-2610.0
624,-1322.4428159394326,-2611.7303659747613
625,-1260.213878895223,-2611.052878745491
626,-1251.0,-2611.0
627,-1149.0,-2611.0
628,-1101.4841357874611,-2611.626185805248
629,-984.2673896021712,-2614.661955282826
630,-973.0,-2615.0
631,-877.0,-2618.0
632,-815.3013970235593,-2619.770983955652
633,-779.0,-2621.0
634,-617.0,-2629.0
635,-590.9050804848941,-2630.3552480986164
636,-463.0,-2637.0
637,-462.3613306349603,-2637.034593152441
638,-359.0,-2643.0
639,-237.36680975842282,-2651.3699696268814
640,-132.0,-2659.0
641,-117.14736592737488,-2660.065037714803
642,2.0,-2668.0
643,96.88487186174507,-2672.209305615492
644,123.0,-2673.0
645,189.0,-2674.0
646,202.61682587522836,-2673.868092061004
647,290.0,-2670.0
648,418.7341341629857,-2654.4635095565486
649,430.0,-2652.0
650,587.5900476631938,-2599.0323022280118
651,619.0,-2585.0
652,770.8992085447326,-2476.6456132926387
653,790.0,-2457.0
654,854.9637876988724,-2385.479969286723
655,896.0,-2337.0
656,953.9464245643003,-2259.2419272749858
657,1002.0,-2179.0
658,1013.5132994674276,-2159.2922566563616
659,1059.0,-2074.0
660,1059.2235259250717,-2073.5280974311163
661,1102.0,-1975.0
662,1122.62871550094,-1916.460993450617
663,1140.0,-1858.0
664,1155.5343771928933,-1796.4765801920598
665,1173.0,-1711.0
666,1185.6253908714014,-1626.8672700335035
667,1193.0,-1532.0
668,1195.2979882550599,-1409.5765453819208
669,1194.0,-1321.0
670,1190.3338951129513,-1236.8480642115182
671,1172.0,-1041.0
672,1169.1375362044043,-1017.5794330452172
673,1155.0146309083516,-923.0590351025935
674,1138.0,-815.0
675,1134.0,-788.0
676,1110.8327663673256,-650.2544422365579
677,1094.0,-554.0
678,1082.2051143840556,-483.52191983189846
1,1027.0,-144.0
2,1026.815103426549,-143.62753591671827
3,1011.0210652386893,-46.85910491970637
4,994.0,63.0
5,957.0,305.0
6,945.0164222078222,384.5426918532868
7,934.0,459.0
8,913.0,598.0
9,910.363733260581,615.6894354307445
10,892.0339331869698,740.908978639063
11,890.0,755.0
12,869.5213735751843,899.0345965059678
13,861.0,961.0
14,844.0,1088.0
15,843.7843802720265,1089.59224478847
16,826.0560202315434,1217.5704363372006
17,813.0,1313.0
18,799.9486141767552,1412.8035318425798
19,786.0,1524.0
20,776.0421530600447,1605.4916165829854
21,774.0,1622.0
22,736.0,1922.0
23,726.3923866156075,1998.7720181009909
24,713.4844312030715,2105.171948071497
25,699.4442620213235,2231.5027960628727
26,698.0,2245.0
27,680.0,2412.0
28,672.0,2479.0
29,669.8568488239068,2497.3951825452127
30,655.2660653865465,2630.9196126784195
31,650.0,2678.0
32,640.5233969174312,2758.3641061414246
33,627.0,2862.0
34,616.235794355382,2934.6887613170466
35,599.0,3039.0
36,598.785228598291,3040.2376471191214
37,586.0,3110.0
38,571.2221117098587,3177.1248643038557
39,566.0,3198.0
40,531.0,3312.0
41,510.6266172436295,3357.2814777106955
42,502.0,3374.0
43,484.34562609122037,3407.8152851071786
44,460.0,3445.0
45,424.47462815087295,3484.728940564
46,319.0,3570.0
47,303.06992739891996,3579.556111117864
48,248.46560845951245,3601.7472932720043
49,204.0,3613.0
50,133.70043463629654,3628.94202108217
51,66.0,3643.0
52,-33.98139021622055,3663.819770998772
53,-44.0,3666.0
54,-109.97094665844803,3683.231979691239
55,-141.0,3696.0
56,-170.26083685142743,3709.0262455700195
57,-227.0,3738.0
58,-251.58514070861446,3753.5226957578225
59,-295.0,3785.0
60,-352.0,3832.0
61,-359.9615290332712,3838.7604556232586
62,-500.0,3958.0
63,-506.8010313377853,3963.733145122969
64,-574.0,4017.0
65,-583.8647137758917,4023.897238370261
66,-649.0,4063.0
67,-649.5684925049163,4063.2548644175977
68,-666.0,4070.0
69,-734.2579867844929,4088.451548225298
70,-739.0,4089.0
71,-777.211262942232,4090.1927168943625
72,-782.0,4090.0
73,-833.0,4083.0
74,-866.3556133811554,4072.4872449392305
75,-875.0,4069.0
76,-927.0,4041.0
77,-927.4051470425806,4040.724059787873
78,-979.0037379782177,3995.349563884314
79,-982.0,3992.0
80,-1007.0,3960.0
81,-1026.6955764158697,3928.36578669313
82,-1034.0,3915.0
83,-1054.8470680085427,3869.6055577846146
84,-1057.0,3864.0
85,-1080.6466105453462,3793.0161876123207
86,-1092.0,3753.0
87,-1111.474911261178,3660.7686312965507
88,-1117.0,3626.0
89,-1123.4836151689594,3576.242234368593
90,-1130.0,3505.0
91,-1132.0,3480.0
92,-1132.5218309166644,3471.172089957095
93,-1132.0,3377.0
94,-1131.5929821998395,3366.9738773808986
95,-1125.0,3265.0
96,-1120.6738542198448,3225.401827321794
97,-1114.0,3178.0
98,-1080.9902756902657,3014.4609528449655
99,-1079.0,3006.0
100,-1059.999434933182,2930.495113306611
101,-1026.2272762263083,2819.576884925952
102,-1003.6555512549548,2759.8110011355348
103,-952.3744367832942,2633.1757444392647
104,-876.0,2450.0
105,-875.0986257501502,2447.8564581990213
106,-803.0,2277.0
107,-761.5567483132722,2178.1006675419394
108,-739.0,2124.0
109,-730.6632083646188,2104.2618333137725
110,-694.0,2015.0
111,-611.4410552369698,1794.6265796340203
112,-601.0,1766.0
113,-569.227722548435,1670.4610302131025
114,-567.0,1663.0
115,-542.5144299196334,1581.1186265953856
116,-506.0,1452.0
117,-502.1081378217821,1436.9035701507055
118,-481.0,1348.0
119,-473.4554473351648,1312.4401558507686
120,-469.0,1288.0
121,-444.0385445280368,1093.2657185269497
122,-433.0,987.0
123,-426.789832624838,914.3083970050467
124,-428.11308676541273,831.8846080384856
125,-429.0,817.0
126,-437.0,711.0
127,-443.0,665.0
128,-446.27923040345263,646.3758706650393
129,-476.0,540.0
130,-485.0163465439995,516.6370833285456
131,-511.0,465.0
132,-554.535736731802,405.9344241959177
133,-593.0,363.0
134,-625.9652115187937,333.43233121422725
135,-671.0,305.0
136,-677.3309487025068,301.35620095692894
137,-729.4853934485923,273.6865226307215
138,-778.0,254.0
139,-894.0,216.0
140,-914.6150266353054,209.8154491343992
141,-1010.5573822732953,189.47745030745014
142,-1019.0,188.0
143,-1094.0,175.0
144,-1134.146678531945,168.88592458519216
145,-1274.0,157.0
146,-1367.323988916432,153.9395552269003
147,-1443.0,152.0
148,-1460.674076973344,151.12575083260774
149,-1484.0,153.0
150,-1679.0471089874732,161.35703635304006
151,-1692.0,162.0
152,-1777.8377549319544,167.78405007335422
153,-1899.0,181.0
154,-1919.1842419800766,182.91020177784847
155,-2061.0,196.0
156,-2079.4699179185195,197.72149932684127
157,-2220.809639339158,211.34863562004836
158,-2240.0,213.0
159,-2386.0,225.0
160,-2513.516169016617,236.25378415363895
161,-2592.0,243.0
162,-2643.41847051798,247.097385752366
163,-2705.0,252.0
164,-2852.4180269191093,264.1869629386018
165,-2948.0,272.0
166,-3216.2467717145364,291.1106672697144
167,-3243.0,293.0
168,-3306.1398952538893,297.81918797421974
169,-3385.52932599098,304.4362997864681
170,-3516.0,315.0
171,-3542.9250696643207,317.15702946070485
172,-3779.0,336.0
173,-3875.695458026269,343.9956976970047
174,-3936.0,349.0
175,-4030.285026548207,356.4772623011786
176,-4062.0,359.0
177,-4192.493865539998,369.5231988228339
178,-4286.0,377.0
179,-4319.485480497813,379.6305465752347
180,-4398.0,386.0
181,-4512.438009910697,396.9216119489754
182,-4543.0,400.0
183,-4640.648395704514,410.0314131940049
184,-4754.0,423.0
185,-4915.150116655963,445.38533981137675
186,-5029.0,467.0
187,-5070.585097044751,476.3349609288242
188,-5285.22323162449,534.1691249153992
189,-5410.0,573.0
190,-5453.519081689172,587.8531167771124
191,-5571.18058977109,637.711983022946
192,-5641.0,672.0
193,-5761.801708517916,732.9927119234369
194,-5792.0,749.0
195,-5883.094633060908,799.8153288381467
196,-5925.0,824.0
197,-6057.0,902.0
198,-6188.667139983877,979.8679080570088
199,-6262.0,1024.0
200,-6379.0,1096.0
201,-6457.646184926406,1143.8805748888592
202,-6504.0,1172.0
203,-6691.600831116219,1286.313990651581
204,-6778.0,1340.0
205,-6986.0,1471.0
206,-6988.317164636477,1472.4719654281344
207,-7239.383760960129,1636.2990142846334
208,-7248.0,1642.0
209,-7326.871108049341,1693.876164013599
210,-7419.0,1755.0
211,-7557.28201703944,1848.1439251158565
212,-7653.0,1913.0
213,-7684.769774405397,1934.6206112591694
214,-7766.0,1987.0
215,-7812.16880772992,2012.0339741347566
216,-7869.0,2040.0
217,-7906.377609011437,2056.676409174949
218,-7974.931736740369,2083.442719423777
219,-7999.0,2092.0
220,-8070.0,2115.0
221,-8070.719696675986,2115.220560461933
222,-8127.167051279783,2130.4900563212204
223,-8135.0,2132.0
224,-8233.842944624641,2144.6450548003286
225,-8253.0,2146.0
226,-8316.29492351068,2145.354881814801
227,-8377.38026826822,2128.745496231163
228,-8382.0,2127.0
229,-8440.600370534492,2099.924980117021
230,-8504.0,2061.0
231,-8508.691245732778,2057.618062581377
232,-8546.436372882183,2026.261878205617
233,-8579.0,1995.0
234,-8603.0,1971.0
235,-8608.155976532138,1965.6629829243811
236,-8642.79106263545,1927.4434560926102
237,-8692.0,1866.0
238,-8744.444369671151,1796.5266999248659
239,-8750.0,1789.0
240,-8823.0,1682.0
241,-8827.593192758439,1674.8072107967741
242,-8891.0,1572.0
243,-8904.012775927302,1549.7253678518746
244,-8950.0,1468.0
245,-8956.494706542895,1455.9203297161234
246,-9010.634388489372,1347.1618769185193
247,-9052.0,1257.0
248,-9082.238556247696,1189.7867020462536
249,-9124.0,1093.0
250,-9179.204329602177,963.2274431926055
251,-9184.0,952.0
252,-9225.777961009173,856.5007734834251
253,-9246.0,815.0
254,-9266.505211976772,774.6629824644922
255,-9284.0,742.0
256,-9301.542756293313,711.6454412591793
257,-9311.0,696.0
258,-9340.296206616744,651.7705899197026
259,-9344.0,647.0
260,-9404.0,580.0
261,-9408.294124688538,575.7010728535763
262,-9447.0,549.0
263,-9450.750386069218,547.287835309846
264,-9493.058370223669,530.3532271585528
265,-9501.0,528.0
266,-9540.342415624897,523.3623104258867
267,-9560.0,527.0
268,-9597.918833998849,539.2222695050575
269,-9608.0,543.0
270,-9635.646581191828,556.7751360563431
271,-9645.0,563.0
272,-9657.796831327703,571.4466023465261
273,-9688.211206675629,592.0130698853595
274,-9695.0,597.0
275,-9728.626730952476,625.110668595398
276,-9736.0,632.0
277,-9763.615487505776,659.0098988213197
278,-9795.0,691.0
279,-9799.239609221886,695.4132242781371
280,-9838.626178999077,738.7359063687949
281,-9854.0,756.0
282,-9869.0,773.0
283,-9904.99274213111,818.4005790304183
284,-9947.0,874.0
285,-9956.013651030895,885.9092301527965
286,-9992.651878316048,934.0602839049321
287,-10018.0,967.0
288,-10032.30716082216,985.5347930520256
289,-10073.0,1038.0
290,-10092.71777421267,1063.151333951422
291,-10121.0,1098.0
292,-10184.256477532086,1172.5374159030291
293,-10226.0,1221.0
294,-10243.937258057367,1241.6684755929355
295,-10296.0,1298.0
296,-10309.18875109166,1311.771979520538
297,-10353.0,1357.0
298,-10397.0,1400.0
299,-10462.229035112847,1458.9520871884897
300,-10484.0,1477.0
301,-10534.449255971382,1514.7165028135335
302,-10583.0,1546.0
303,-10604.243761669064,1558.366752265572
304,-10659.834139880226,1586.9342624408569
305,-10680.0,1596.0
306,-10742.0,1620.0
307,-10742.666419127421,1620.235251981739
308,-10789.0,1635.0
309,-10829.582226546707,1644.3884779784394
310,-10896.921607313645,1655.4656473978364
311,-10910.0,1657.0
312,-10961.07777712495,1658.1666173410467
313,-10975.0,1657.0
314,-11001.722785764763,1653.7333063289634
315,-11083.103539439635,1631.3860984581563
316,-11091.0,1628.0
317,-11193.0,1576.0
318,-11230.113587754598,1552.8848145134484
319,-11241.0,1544.0
320,-11303.0,1489.0
321,-11344.923750227425,1444.6181475029277
322,-11379.0,1402.0
323,-11467.021443775013,1279.0488133556
324,-11478.0,1263.0
325,-11513.93473973641,1206.9724045041755
326,-11529.0,1182.0
327,-11576.4124522258,1102.8664066381284
328,-11610.0,1041.0
329,-11636.57562466327,990.0360987348888
330,-11669.0,927.0
331,-11711.206319793595,844.7233445086553
332,-11724.0,819.0
333,-11742.422586099536,781.6665507718747
334,-11780.0,706.0
335,-11796.669932270775,673.2081686640457
336,-11839.0,591.0
337,-11839.546956920069,589.9288063703337
338,-11906.101490905743,458.3303469808004
339,-11916.0,439.0
340,-11974.0,328.0
341,-11974.864927217277,326.35139688259414
342,-12069.0,147.0
343,-12145.311021268648,4.025761378471165
344,-12188.0,-73.0
345,-12214.0,-120.0
346,-12214.357108101876,-120.64313860730863
347,-12353.484252691986,-369.3762270783448
348,-12361.0,-383.0
349,-12410.039724766222,-473.2207778958472
350,-12464.260329107472,-575.6611511695356
351,-12474.0,-594.0
352,-12520.417792580876,-680.8264844166326
353,-12568.305264429404,-766.5902430629462
354,-12584.0,-794.0
355,-12701.0,-994.0
356,-12718.818039475469,-1023.6419214095692
357,-12793.771924165076,-1141.8911310434996
358,-12844.0,-1215.0
359,-12859.342286427718,-1236.9000961186514
360,-12910.0,-1311.0
361,-13039.0,-1519.0
362,-13049.757158120197,-1536.7774964075559
363,-13106.674321887116,-1632.7563653802076
364,-13141.105760048307,-1695.2241367371028
365,-13149.0,-1710.0
366,-13168.63805311324,-1748.8799041717325
367,-13178.0,-1775.0
368,-13187.843452333364,-1810.9574261308535
369,-13202.0,-1894.0
370,-13202.817970691773,-1910.707048134277
371,-13201.0,-1959.0
372,-13196.45259819606,-1999.199547832449
373,-13179.0,-2101.0
374,-13175.462047891397,-2117.6523043072298
375,-13144.0,-2212.0
376,-13126.0,-2255.0
377,-13069.0,-2357.0
378,-12970.0,-2475.0
379,-12939.899880246034,-2506.819923147153
380,-12918.43644979351,-2522.3034746150865
381,-12900.0,-2535.0
382,-12849.0,-2569.0
383,-12816.47634311084,-2587.5453654682606
384,-12686.0,-2653.0
385,-12651.410009736093,-2668.6377617432017
386,-12607.0,-2684.0
387,-12606.355982638022,-2684.2177257072326
388,-12518.0,-2714.0
389,-12509.283734388671,-2716.8747402063054
390,-12432.0,-2744.0
391,-12424.690241536453,-2747.2526950864985
392,-12363.194834969156,-2781.227670051325
393,-12353.0,-2788.0
394,-12320.008729909649,-2815.1499635483788
395,-12302.0,-2839.0
396,-12257.267688703469,-2914.269164434558
397,-12253.0,-2922.0
398,-12233.381616685645,-2960.798512630296
399,-12226.0,-2999.0
400,-12223.147467787161,-3010.1190619889467
401,-12213.0,-3048.0
402,-12203.732731496935,-3085.0257943356087
403,-12201.0,-3097.0
404,-12186.218607649402,-3174.407101960517
405,-12184.0,-3187.0
406,-12169.0,-3276.0
407,-12161.098592660039,-3328.101251846587
408,-12160.0,-3335.0
409,-12149.0,-3399.0
410,-12144.428283031262,-3424.2365616392854
411,-12135.0,-3473.0
412,-12113.58021574227,-3559.494557007238
413,-12111.0,-3567.0
414,-12077.294028638462,-3639.3919114858777
415,-12048.0,-3683.0
416,-12024.183178360905,-3711.7889006173373
417,-11996.0,-3741.0
418,-11911.859098083478,-3816.0510577145365
419,-11845.0,-3872.0
420,-11774.0,-3929.0
421,-11751.181235905928,-3947.1566147918334
422,-11700.0,-3988.0
423,-11631.35123994453,-4043.054051540608
424,-11607.0,-4063.0
425,-11522.0,-4135.0
426,-11476.14709232741,-4175.026478727032
427,-11373.0,-4268.0
428,-11344.892404578848,-4294.585523108018
429,-11266.0,-4380.0
430,-11257.847418568355,-4390.028582306977
431,-11174.70165769769,-4498.895145285387
432,-11148.0,-4536.0
433,-11090.5796522546,-4626.16411158742
434,-11087.0,-4632.0
435,-11045.97466950939,-4697.434311732254
436,-11033.0,-4717.0
437,-11003.57668848433,-4758.139003681958
438,-10996.0,-4768.0
439,-10964.334695208643,-4805.89222447445
440,-10953.0,-4818.0
441,-10892.738604461687,-4869.13080484108
442,-10885.0,-4874.0
443,-10843.0,-4894.0
444,-10824.198870418093,-4900.0514403245
445,-10802.0,-4905.0
446,-10782.476828876917,-4906.30036830632
447,-10768.0,-4905.0
448,-10738.245075263843,-4897.203308242721
449,-10735.0,-4896.0
450,-10705.0,-4880.0
451,-10702.036432602608,-4877.776375012863
452,-10669.259962682692,-4843.960032499583
453,-10648.525687976166,-4812.829944510817
454,-10610.178382555143,-4739.224568916267
455,-10600.0,-4716.0
456,-10596.247922312628,-4706.487685868227
457,-10583.67926346113,-4664.541264530389
458,-10578.0,-4641.0
459,-10573.755670040046,-4622.7739900745255
460,-10562.0,-4570.0
461,-10559.187818890037,-4556.5932270299045
462,-10545.0,-4483.0
463,-10535.815985050609,-4433.309904983102
464,-10525.95138990624,-4375.199120989764
465,-10524.0,-4363.0
466,-10514.0,-4297.0
467,-10511.076392806961,-4274.631815627737
468,-10505.0,-4225.0
469,-10501.908965699364,-4200.745845632846
470,-10482.0,-4049.0
471,-10473.627462416855,-3985.878994388012
472,-10467.189624654577,-3938.399760218096
473,-10461.0,-3893.0
474,-10454.0,-3842.0
475,-10452.373413924888,-3830.449815939492
476,-10437.0,-3726.0
477,-10422.0,-3627.0
478,-10420.096761209941,-3614.7485298931856
479,-10405.790929037024,-3524.9615097579904
480,-10393.0,-3445.0
481,-10390.93407339562,-3431.945978112941
482,-10375.683495541532,-3335.471049113558
483,-10372.0,-3313.0
484,-10366.0,-3277.0
485,-10334.751456758117,-3077.7347047284584
486,-10315.0,-2951.0
487,-10300.805760827545,-2867.4517721062166
488,-10295.0,-2833.0
489,-10275.0,-2713.0
490,-10257.316332601573,-2617.3773793833993
491,-10255.0,-2605.0
492,-10230.562378067343,-2472.657327769799
493,-10209.0,-2358.0
494,-10175.0,-2189.0
495,-10174.823353304804,-2188.1460117319857
496,-10142.817594873517,-2035.075060164513
497,-10133.0,-1989.0
498,-10114.52818821602,-1907.072020507393
499,-10110.0,-1888.0
500,-10083.757091194808,-1778.5394328359919
501,-10061.0,-1685.0
502,-10045.582640970082,-1622.5326454036904
503,-10028.0,-1552.0
504,-10008.026358496596,-1472.7666387261388
505,-9968.0,-1331.0
506,-9928.44654762705,-1197.1536783768124
507,-9892.0,-1075.0
508,-9861.723603429018,-975.015794713186
509,-9844.0,-925.0
510,-9840.16759233201,-913.809055613115
511,-9799.995289993218,-795.0996092516486
512,-9773.0,-717.0
513,-9736.869287218078,-616.6609304912407
514,-9718.0,-565.0
515,-9689.465462907283,-486.7493470056022
516,-9681.0,-464.0
517,-9654.970623361387,-396.223797120731
518,-9651.0,-386.0
519,-9596.932663176438,-247.26778482977824
520,-9568.0,-175.0
521,-9564.20131427292,-165.78669382369196
522,-9539.763814896896,-110.71712367813987
523,-9520.0,-72.0
524,-9505.362142275777,-43.82839059545379
525,-9486.0,-11.0
526,-9472.0,8.0
527,-9471.654642635905,8.455582688839993
528,-9439.148647922675,50.620127124109025
529,-9410.0,77.0
530,-9404.333384471838,81.06898202758236
531,-9348.0,113.0
532,-9322.614400567276,122.66144474809636
533,-9290.0,127.0
534,-9250.0,128.0
535,-9244.303964546347,127.6982962008408
536,-9202.957467083117,121.73655294066246
537,-9154.0,108.0
538,-9135.067739457692,101.12701101977868
539,-9100.213419377193,85.63796819456017
540,-9065.0,66.0
541,-9064.540261306902,65.71956587290312
542,-9028.0,42.0
543,-9002.38371898079,24.674148468413236
544,-8968.0,0.0
545,-8932.289209239252,-26.832433929241137
546,-8906.0,-47.0
547,-8869.551350597409,-76.22187247912784
548,-8839.0,-102.0
549,-8784.0,-148.0
550,-8771.287725167353,-158.7210945269561
551,-8712.0,-209.0
552,-8711.735725236065,-209.22316943057598
553,-8655.0,-258.0
554,-8564.816325990929,-339.77758975991657
555,-8546.0,-357.0
556,-8507.934668862958,-392.19712433697566
557,-8475.0,-424.0
558,-8453.379503338523,-444.79534735523634
559,-8355.0,-539.0
560,-8258.489611107554,-631.0020662867076
561,-8249.0,-640.0
562,-8124.70398638552,-753.5807746255914
563,-8104.0,-772.0
564,-8024.0,-843.0
565,-7970.470109385357,-889.0690680576339
566,-7921.0,-930.0
567,-7794.0,-1031.0
568,-7605.0,-1165.0
569,-7560.0,-1192.0
570,-7336.0,-1308.0
571,-7272.630255787989,-1337.2889927818148
572,-7164.393852213682,-1370.8916714406066
573,-7144.0,-1376.0
574,-7036.76272417337,-1401.5043059437987
575,-7010.0,-1407.0
576,-6867.955019362594,-1428.898199801661
577,-6841.0,-1432.0
578,-6656.0,-1447.0
579,-6613.547694188067,-1449.5351155285832
580,-6533.0,-1454.0
581,-6416.221870361359,-1461.1383748597673
582,-6403.0,-1462.0
583,-6272.0,-1471.0
584,-6270.623986317058,-1471.096226473595
585,-6141.0,-1480.0
586,-6025.040054198813,-1487.468247017542
587,-5859.0,-1498.0
588,-5804.774240032964,-1501.4883249060308
589,-5667.848040693527,-1510.8362094412826
590,-5621.0,-1514.0
591,-5546.0,-1519.0
592,-5410.0,-1528.0
593,-5408.173131254758,-1528.1203241738956
594,-5228.988771834389,-1539.8872641436124
595,-5060.0,-1551.0
596,-5059.1912532400365,-1551.0534714734827
597,-4906.0,-1561.0
598,-4883.438389200606,-1562.3078576362695
599,-4721.0,-1571.0
600,-4656.981903208798,-1574.163562960284
601,-4466.187886679847,-1583.289986659296
602,-4410.0,-1586.0
603,-4320.402419326788,-1590.4608552426512
604,-4222.0,-1594.0
605,-4111.870523076891,-1596.111334907507
606,-4064.0,-1597.0
607,-3953.0,-1599.0
608,-3827.0,-1600.0
609,-3765.408624043288,-1601.413951887695
610,-3558.0,-1609.0
611,-3360.2430306183046,-1613.4848168099725
612,-3342.0,-1614.0
613,-3114.0075475494427,-1624.8380797283974
614,-3095.0,-1626.0
615,-2976.0,-1635.0
616,-2975.1559654493885,-1635.076261067798
617,-2843.8049689264553,-1647.4840492235535
618,-2777.0,-1655.0
619,-2768.604018853506,-1656.1053709088908
620,-2717.263430200069,-1665.3493215069082
621,-2693.0,-1671.0
622,-2675.1128838989584,-1675.2573866586856
623,-2643.0,-1685.0
624,-2588.7548927899475,-1711.542547571864
625,-2549.0,-1736.0
626,-2529.7924135799362,-1750.2257321908555
627,-2504.0915602217297,-1785.912708781837
628,-2496.0,-1803.0
629,-2486.1605137995266,-1825.0082000908944
630,-2477.0,-1848.0
631,-2457.0,-1921.0
632,-2456.8553341330958,-1921.624672837911
633,-2444.0,-1978.0
634,-2428.017785877112,-2035.4010609049383
635,-2420.0,-2060.0
636,-2401.0,-2111.0
637,-2400.7340819379338,-2111.652065314811
638,-2375.0,-2170.0
639,-2360.553346783976,-2200.4739135353843
640,-2308.0,-2286.0
641,-2254.0860826110047,-2354.644342223405
642,-2248.0,-2362.0
643,-2193.8895231421243,-2415.82380723539
644,-2176.0,-2429.0
645,-2139.4202296345243,-2455.2853931874697
646,-2098.0,-2482.0
647,-2068.129469049316,-2498.1916529588657
648,-2010.0,-2524.0
649,-1945.0,-2546.0
650,-1936.2010295321681,-2548.504578010299
651,-1848.0,-2570.0
652,-1828.8953868688654,-2574.0145239508774
653,-1764.0,-2586.0
654,-1681.767446568039,-2596.4445206752002
655,-1636.0,-2600.0
656,-1475.9867451078014,-2607.9084633207995
657,-1417.0,-2610.0
658,-1350.0,-2610.0
659,-1284.4636654902204,-2610.2741004318136
660,-1194.0,-2611.0
661,-1166.0036932077521,-2611.2772976933707
662,-1053.0,-2613.0
663,-1028.635055460311,-2613.5672518115803
664,-931.8748362362447,-2616.401474171175
665,-884.0,-2618.0
666,-773.0,-2622.0
667,-759.276867600394,-2622.4985066672
668,-647.0,-2627.0
669,-558.0,-2632.0
670,-531.1787081785932,-2633.403407353292
671,-441.0,-2638.0
672,-310.15969288330336,-2646.86651467328
673,-211.0,-2654.0
674,-115.3258120884106,-2660.389754402494
675,-90.0,-2662.0
676,72.0,-2671.0
677,73.3764400053676,-2671.0571696876777
678,127.0,-2673.0
679,180.81096225072818,-2674.4318073107634
680,326.0,-2668.0
681,343.10674380902697,-2665.567008461964
682,504.5776035980357,-2632.031984492039
683,516.0,-2629.0
684,590.6551950053397,-2601.4931309555145
685,631.0,-2578.0
686,705.1995045874579,-2529.636996537116
687,735.0,-2506.0
688,873.4310379890325,-2364.9716524229893
689,889.0,-2347.0
690,935.3104488380258,-2287.7351714688198
691,971.0,-2231.0
692,982.4516174926052,-2211.8789068735705
693,1043.5627963978798,-2104.727532573657
694,1054.0,-2085.0
695,1111.0,-1950.0
696,1155.915045519591,-1786.9344627485764
697,1169.0,-1735.0
698,1191.1261342632158,-1623.0074110195999
699,1192.700208560934,-1544.5018415404495
700,1193.0,-1531.0
701,1196.0,-1387.0
702,1195.3078615589627,-1282.9895811018312
703,1185.0,-1179.0
704,1180.1866079946694,-1127.460846440696
1,1052.0,-294.0
2,1041.8478489085674,-232.39633821762453
3,1023.0,-117.0
4,1013.9487052949373,-61.03017438727676
5,990.0,91.0
6,983.0,137.0
7,968.3017139120059,231.175774368928
8,952.0,335.0
9,934.1752867372048,454.5180183634072
10,918.0,566.0
11,894.1245046006901,730.7816985385393
12,877.0,849.0
13,859.0,976.0
14,858.9033421100661,976.7050655978477
15,828.6240182684506,1198.145151114172
16,813.0,1314.0
17,781.8906953347198,1555.8372911134811
18,771.0,1644.0
19,763.2524337791904,1706.8724275239833
20,747.0,1838.0
21,746.9080450241349,1838.734081890371
22,722.8308858118586,2031.6669825111849
23,721.0,2047.0
24,704.043581640997,2195.7631988919657
25,702.0,2214.0
26,670.0,2499.0
27,665.9938139494047,2534.1310171835853
28,645.9849834932654,2706.3510756170185
29,643.0,2733.0
30,628.0,2859.0
31,622.3564913124087,2896.899246825993
32,585.9136725582649,3104.7325693781213
33,580.0,3137.0
34,564.5234545228706,3219.635786224526
35,553.8232683195629,3255.5622508208694
36,537.0,3296.0
37,522.7674932786887,3328.218018799782
38,483.0,3411.0
39,437.6567995236144,3478.538460982813
40,388.0,3523.0
41,374.4685276421984,3533.794795957935
42,319.1019125878583,3571.6857978418952
43,260.0,3596.0
44,244.0,3601.0
45,172.94189451374467,3620.4938882573274
46,158.0,3624.0
47,100.19941173568652,3635.479107828564
48,73.0,3641.0
49,16.40546429874687,3653.3089883658586
50,-77.0,3675.0
51,-106.82959218337295,3682.575013296365
52,-156.07821344874986,3701.5303938493116
53,-161.0,3704.0
54,-235.42966450355013,3745.167939997329
55,-263.0,3763.0
56,-302.1242241105317,3791.892906500639
57,-320.0,3806.0
58,-360.2650502559772,3838.995291726457
59,-378.0,3854.0
60,-430.0,3899.0
61,-459.83536685148647,3925.3344164969376
62,-502.0,3961.0
63,-509.3340133088803,3966.7935790859524
64,-573.6200208054131,4014.469046472219
65,-625.0,4050.0
66,-638.2880825534862,4058.1990410567178
67,-655.0,4065.0
68,-711.0,4084.0
69,-818.0,4085.0
70,-859.7384851561593,4075.0520457198986
71,-869.0,4071.0
72,-898.3756760351004,4057.789675783899
73,-920.0,4046.0
74,-954.0,4020.0
75,-961.34304056017,4013.264604190633
76,-982.0,3992.0
77,-1001.2823658959065,3968.055851237822
78,-1010.0,3956.0
79,-1027.41682696835,3929.059670932126
80,-1046.0,3890.0
81,-1055.931586129161,3865.330139883057
82,-1079.0,3803.0
83,-1085.5408529079468,3783.898614370649
84,-1092.855097341316,3756.3048856464357
85,-1098.0,3730.0
86,-1103.7940554912548,3702.1157039913996
87,-1112.0,3657.0
88,-1120.1920869813307,3597.0566823015465
89,-1131.0,3497.0
90,-1132.1408158164043,3483.942238352839
91,-1133.0,3429.0
92,-1125.8206774598116,3275.578206001217
93,-1125.0,3266.0
94,-1112.5153910577606,3169.15726153423
95,-1111.0,3160.0
96,-1098.4604390427007,3091.581726996916
97,-1077.0,2998.0
98,-1068.3981013995713,2967.0882391149325
99,-1040.0,2875.0
100,-1036.8814410888901,2864.783003420248
101,-1027.0,2833.0
102,-984.0,2715.0
103,-942.9334190238119,2611.211997160447
104,-909.0,2529.0
105,-876.0,2451.0
106,-875.7608140517789,2450.4336840576325
107,-817.4807094222896,2311.60268785378
108,-790.0,2246.0
109,-759.2384398221366,2172.6402807585628
110,-721.0,2080.0
111,-711.6866065699772,2056.969786467092
112,-663.0,1934.0
113,-626.0,1834.0
114,-601.8846439315021,1763.9050670365552
115,-537.0,1564.0
116,-536.7340346948955,1563.1311344880937
117,-498.1294582175205,1423.976136062588
118,-476.0,1321.0
119,-462.38042525213746,1249.5189550530847
120,-450.0,1170.0
121,-446.2205548337889,1143.3382586056448
122,-441.0,1103.0
123,-431.0,954.0
124,-429.05299373398765,874.9079725435337
125,-429.0,854.0
126,-438.0,697.0
127,-440.4623895837145,678.8880936031996
128,-454.0,609.0
129,-463.64097171438436,574.9918789869723
130,-487.73861644895885,510.43077778562827
131,-491.0,503.0
132,-527.4783110459878,438.45206479103496
133,-534.0,430.0
134,-600.0,357.0
135,-606.8199899425707,350.1664337426429
136,-641.872828467981,321.38503542734503
137,-666.0,308.0
138,-734.3399478462028,272.86497661726617
139,-767.0,258.0
140,-798.0526957163515,245.5984448722773
141,-833.0,234.0
142,-1015.0,189.0
143,-1042.3738120373387,183.2112262160959
144,-1154.0,168.0
145,-1172.1328079600883,166.06467939357518
146,-1244.0,159.0
147,-1293.2742818012414,155.68798694549864
148,-1336.0,154.0
149,-1385.5415935345504,152.99990527902588
150,-1551.0,154.0
151,-1596.782491354329,155.57997121960972
152,-1728.0365858709874,165.31011277580362
153,-1747.0,167.0
154,-1864.0,178.0
155,-1926.0119578351182,184.15726069134095
156,-1986.0,190.0
157,-2019.5230293294999,193.062869891265
158,-2110.0,201.0
159,-2287.0,217.0
160,-2346.7879572681645,222.31382222925663
161,-2486.523054969342,234.163941498733
162,-2546.0,239.0
163,-2579.3765575581556,241.66490025521293
164,-2682.0,250.0
165,-2775.3693400999186,258.16138337367244
166,-2880.0,267.0
167,-2953.5188597422975,272.6639233750785
168,-3025.0,278.0
169,-3157.0,288.0
170,-3187.33703477597,290.21861194988867
171,-3366.0,303.0
172,-3396.9783899670692,305.3481732567906
173,-3518.0,315.0
174,-3672.0,328.0
175,-3703.775241629116,330.590528841868
176,-3828.222605237351,340.36444416816374
177,-3874.0,344.0
178,-3936.0,349.0
179,-4015.163157270747,355.3516788454277
180,-4189.0,369.0
181,-4236.472449379858,372.6224090471949
182,-4316.0,379.0
183,-4428.5945712930115,389.58134049424194
184,-4444.0,391.0
185,-4648.190359470787,410.27746633739366
186,-4670.0,413.0
187,-4857.234326757367,439.1386583471526
188,-4976.0,457.0
189,-5064.938475382392,471.7731002706048
190,-5136.0,490.0
191,-5310.0,539.0
192,-5328.582463011349,545.1651775667201
193,-5605.0,655.0
194,-5744.722776827419,723.4954400302099
195,-5904.0,812.0
196,-5916.41307019138,819.0855884520213
197,-6111.050608650954,934.3469332909817
198,-6124.0,942.0
199,-6212.0,994.0
200,-6266.0875933444295,1026.5050032095446
201,-6519.0,1181.0
202,-6555.713050877226,1203.4726806685771
203,-6752.3894584263335,1323.8157978027687
204,-6915.637880738977,1425.8294348946272
205,-6992.0,1475.0
206,-7079.077640523949,1531.7130228504836
207,-7182.0,1599.0
208,-7326.0,1693.0
209,-7378.754597781394,1727.7525733287534
210,-7560.032068116385,1849.018243787566
211,-7573.0,1858.0
212,-7681.259704052051,1938.7812204288718
213,-7741.0,1973.0
214,-7832.246200999724,2021.0789308573346
215,-7883.0,2047.0
216,-7985.272107657023,2092.8910239335823
217,-8028.0,2102.0
218,-8063.731207134628,2112.2686768317853
219,-8120.0,2128.0
220,-8186.0,2141.0
221,-8216.690856047226,2144.607188196952
222,-8276.0,2147.0
223,-8289.661728383193,2146.3220756173837
224,-8338.034793832714,2138.8001107916234
225,-8350.0,2136.0
226,-8420.0,2113.0
227,-8426.42376860185,2110.0214856907805
228,-8472.51445538567,2083.55556461222
229,-8478.0,2080.0
230,-8524.78567060577,2046.1645268467964
231,-8554.0,2020.0
232,-8642.0,1927.0
233,-8676.434403248657,1886.9413435034066
234,-8714.0,1837.0
235,-8725.445908856182,1821.723607362524
236,-8760.0,1774.0
237,-8826.300317110763,1675.6297026991115
238,-8838.0,1658.0
239,-8877.0,1596.0
240,-8884.185103850092,1583.7519422289215
241,-8948.0,1471.0
242,-8952.635097675324,1462.1664817147866
243,-8971.0,1426.0
244,-9003.291147605225,1359.7413583139196
245,-9060.0,1239.0
246,-9100.521095739536,1148.4528365780097
247,-9149.0,1035.0
248,-9162.0,1005.0
249,-9181.300058019317,959.8866724132346
250,-9201.0,913.0
251,-9233.0,840.0
252,-9249.04996730774,808.5864439063438
253,-9302.0,712.0
254,-9361.0,625.0
255,-9425.0,563.0
256,-9509.0,527.0
257,-9514.170431295937,526.306994954613
258,-9539.0,525.0
259,-9541.82847333829,525.1272141784101
260,-9583.407866145764,531.6116707109023
261,-9617.0,547.0
262,-9646.209058684342,563.9584000147495
263,-9672.0,580.0
264,-9696.169671558508,597.6394813896018
265,-9703.0,604.0
266,-9714.340126609906,613.9816169919274
267,-9752.0,647.0
268,-9771.335345326303,665.4985028106163
269,-9793.0,688.0
270,-9847.0,747.0
271,-9857.597746308571,758.9781946843415
272,-9875.584642766169,780.5621245510707
273,-9884.0,791.0
274,-9922.0,839.0
275,-9926.046984965951,844.2935309917284
276,-9958.605506794092,888.2539062482549
277,-9980.0,917.0
278,-10021.467469875048,971.088497197331
279,-10036.0,990.0
280,-10076.0,1042.0
281,-10101.147120900227,1073.3504406684153
282,-10125.0,1102.0
283,-10210.776974362268,1201.4833975694673
284,-10273.0,1273.0
285,-10283.834300799139,1285.5300248352182
286,-10315.730432643752,1321.891748555242
287,-10357.0,1361.0
288,-10499.0,1489.0
289,-10513.605476059358,1501.4763873000675
290,-10546.338768391932,1523.25224684852
291,-10551.0,1526.0
292,-10629.21121942723,1571.5990321488903
293,-10638.0,1576.0
294,-10725.652914307073,1612.658511349215
295,-10786.0,1634.0
296,-10836.019574148453,1649.1514779351328
297,-10877.207504229478,1655.0648730935632
298,-10888.0,1656.0
299,-10956.0,1658.0
300,-10986.524668049515,1654.9060333759417
301,-11053.0,1641.0
302,-11116.872767485795,1618.028240719347
303,-11161.0,1595.0
304,-11198.09813729049,1572.7428445422006
305,-11210.0,1565.0
306,-11279.0,1512.0
307,-11279.275597049684,1511.7511518842905
308,-11333.0,1457.0
309,-11365.487012198848,1419.400466244659
310,-11375.0,1408.0
311,-11445.0,1312.0
312,-11464.134988196362,1282.615870817375
313,-11514.0,1205.0
314,-11555.043659242909,1140.9971942281081
315,-11589.0,1079.0
316,-11619.130863627317,1021.9524758723559
317,-11671.0,923.0
318,-11704.430418320064,856.1361823676466
319,-11715.0,835.0
320,-11749.254553862555,767.792987451328
321,-11782.0,704.0
322,-11834.563468379745,601.390678379246
323,-11856.0,559.0
324,-11889.217962523488,492.5254509917532
325,-11905.0,461.0
326,-11937.520651090534,396.86249371770543
327,-11990.0,296.0
328,-12073.0,138.0
329,-12087.444791780985,110.562873306636
330,-12122.0,46.0
331,-12151.533728769702,-7.4628231084981635
332,-12220.095793540026,-130.62877375859452
333,-12281.000770117897,-239.7579278893873
334,-12405.357382492719,-466.30620859150326
335,-12451.0,-551.0
336,-12466.094071031726,-579.1995287901298
337,-12511.0,-663.0
338,-12539.49035574717,-715.0709634867561
339,-12594.945341025556,-813.6658308832098
340,-12602.0,-826.0
341,-12697.0,-987.0
342,-12697.383118282793,-987.6223948722458
343,-12720.0,-1024.0
344,-12756.0296487922,-1080.7724426222544
345,-12832.0,-1196.0
346,-12874.33441000446,-1259.1818487483465
347,-12937.0,-1353.0
348,-12954.214241034415,-1379.2482904091364
349,-13045.0,-1529.0
350,-13061.995020653349,-1557.440584253923
351,-13073.0,-1576.0
352,-13114.759897313947,-1648.3381478174483
353,-13124.0,-1664.0
354,-13150.512680414395,-1706.8648884788229
355,-13190.0,-1809.0
356,-13203.0,-1926.0
357,-13203.045802347577,-1926.6327189274107
358,-13201.2536237881,-2012.4301959506104
359,-13189.0,-2057.0
360,-13186.078051038943,-2070.1781853038597
361,-13172.0,-2128.0
362,-13152.097278122354,-2187.9351685351544
363,-13136.0,-2232.0
364,-13106.481799049854,-2296.054027452795
365,-13090.0,-2323.0
366,-13055.0,-2377.0
367,-13054.70056314605,-2377.393854262952
368,-12926.0,-2514.0
369,-12901.557412105753,-2536.268962191302
370,-12862.72537780567,-2563.7125996538134
371,-12826.0,-2584.0
372,-12738.532716422926,-2629.9250291810386
373,-12730.0,-2634.0
374,-12653.0,-2667.0
375,-12618.751243398307,-2679.969163455304
376,-12585.0,-2692.0
377,-12520.526266079038,-2713.401702208798
378,-12483.0,-2726.0
379,-12404.0,-2757.0
380,-12387.0,-2766.0
381,-12275.0,-2879.0
382,-12247.043691025356,-2933.235340726168
383,-12232.0,-2979.0
384,-12230.611260598798,-2983.3885019518857
385,-12213.45451701261,-3044.728525971139
386,-12211.0,-3055.0
387,-12200.08284953455,-3103.219537754396
388,-12195.0,-3127.0
389,-12188.802726716054,-3158.0328227921855
390,-12181.0,-3203.0
391,-12169.149297601769,-3277.0014844204534
392,-12163.0,-3315.0
393,-12153.454603967535,-3368.9698781575175
394,-12150.0,-3393.0
395,-12143.377692754522,-3454.6654467432754
396,-12123.0,-3527.0
397,-12106.547460035963,-3567.6729043581745
398,-12057.0,-3672.0
399,-12034.85593093496,-3705.6427842164067
400,-12014.0,-3723.0
401,-11972.496341879227,-3762.684373577827
402,-11941.0,-3792.0
403,-11863.007735461848,-3857.31206634367
404,-11856.0,-3863.0
405,-11793.0,-3914.0
406,-11758.133068651037,-3942.146325807002
407,-11628.0,-4047.0
408,-11610.00132747081,-4061.4559209241806
409,-11559.411916475763,-4102.6313386488055
410,-11534.0,-4125.0
411,-11497.080040053039,-4157.919428122639
412,-11353.961472254952,-4288.003091967364
413,-11336.0,-4305.0
414,-11257.81459004482,-4388.836236068654
415,-11241.0,-4410.0
416,-11187.0,-4481.0
417,-11156.01332394698,-4524.855270618872
418,-11092.0,-4624.0
419,-11047.684179907388,-4694.235912598169
420,-11033.0,-4717.0
421,-10976.517686493953,-4794.724842696748
422,-10956.0,-4816.0
423,-10942.0,-4829.0
424,-10920.302633466463,-4846.844873694074
425,-10869.652054413207,-4881.474322152941
426,-10852.0,-4891.0
427,-10815.401411764118,-4904.479698851328
428,-10754.80855638381,-4902.554411515465
429,-10752.0,-4902.0
430,-10727.682785588353,-4893.589090206187
431,-10716.0,-4887.0
432,-10683.0,-4862.0
433,-10676.232290849384,-4854.5791484821875
434,-10637.0,-4800.0
435,-10623.897443541813,-4777.603626327768
436,-10614.0,-4752.0
437,-10613.941017288787,-4751.850070543265
438,-10601.0,-4718.0
439,-10592.127786804787,-4690.989447910444
440,-10580.0,-4650.0
441,-10570.509122376636,-4613.208346855576
442,-10562.0,-4574.0
443,-10563.253402320806,-4580.661724062347
444,-10562.0,-4574.0
445,-10543.0,-4474.0
446,-10542.932259098454,-4473.6409013469365
447,-10535.0,-4429.0
448,-10530.13934861407,-4399.891612178239
449,-10515.0,-4306.0
450,-10503.0,-4213.0
451,-10502.915950986895,-4212.316377641886
452,-10489.0,-4099.0
453,-10484.200876265324,-4060.123599950235
454,-10475.891021305279,-3995.8135786820176
455,-10469.0,-3948.0
456,-10457.247547298593,-3866.9293646410306
457,-10447.0,-3796.0
458,-10441.385406401534,-3756.7730711485365
459,-10430.0,-3679.0
460,-10424.988776586264,-3646.697558758191
461,-10416.0,-3590.0
462,-10406.685459818429,-3531.99213147341
463,-10391.77270793307,-3439.2128619871673
464,-10390.0,-3428.0
465,-10375.0,-3332.0
466,-10373.000272702231,-3319.243860526919
467,-10353.635324498899,-3196.7411534362686
468,-10348.0,-3161.0
469,-10330.0,-3047.0
470,-10313.573374313732,-2946.047233826203
471,-10289.70873806061,-2802.057916480823
472,-10285.0,-2774.0
473,-10259.0,-2626.0
474,-10254.621647247157,-2601.783467234027
475,-10234.0,-2489.0
476,-10208.107846733847,-2354.449362529748
477,-10199.0,-2308.0
478,-10160.151261964811,-2112.280325975895
479,-10157.0,-2097.0
480,-10138.530965585986,-2011.8820473932442
481,-10118.0,-1925.0
482,-10097.633297539294,-1839.3150777988833
483,-10094.0,-1824.0
484,-10052.0,-1648.0
485,-10022.775333407568,-1533.407974900185
486,-10001.0,-1453.0
487,-9985.507584314015,-1397.2641777187796
488,-9925.692058660825,-1187.92359771722
489,-9907.0,-1124.0
490,-9892.42755626266,-1075.2802226805713
491,-9860.0,-975.0
492,-9842.821851387322,-922.7731322231107
493,-9810.0,-825.0
494,-9781.903099141618,-744.0667401217634
495,-9710.0,-542.0
496,-9678.942754268994,-457.1564581675477
497,-9651.0,-386.0
498,-9636.0,-347.0
499,-9621.548805825276,-310.2227295882487
500,-9568.333696719877,-178.14257766243634
501,-9565.0,-170.0
502,-9552.43149523655,-140.35776888477093
503,-9546.0,-127.0
504,-9533.231879176345,-99.58318642098776
505,-9506.982312453869,-46.03732345801415
506,-9486.0,-12.0
507,-9441.518400584511,46.16077623463978
508,-9434.0,55.0
509,-9406.0,80.0
510,-9402.313961387074,82.47588914077133
511,-9365.630814142443,104.69397799362149
512,-9361.0,107.0
513,-9278.0,128.0
514,-9267.791753574262,128.49004801180274
515,-9243.0,128.0
516,-9198.0,121.0
517,-9187.7358869693,118.55102897802578
518,-9153.0,108.0
519,-9147.79129719789,106.0777988611619
520,-9099.0,84.0
521,-9069.802302014059,68.08827526964869
522,-9051.0,57.0
523,-9012.0,32.0
524,-9000.732386265965,24.21943959493835
525,-8906.0,-46.0
526,-8890.944905516199,-57.66858022631111
527,-8822.0,-115.0
528,-8816.965416715499,-119.35720570684731
529,-8778.0,-153.0
530,-8748.221733095725,-177.8573066752491
531,-8735.0,-189.0
532,-8671.520229275968,-244.09547022678726
533,-8583.0,-323.0
534,-8565.420803631489,-338.8797170406507
535,-8519.0,-382.0
536,-8454.454052273897,-444.1588872078831
537,-8439.0,-459.0
538,-8392.118529884441,-503.66982086097545
539,-8355.0,-539.0
540,-8320.27875445133,-572.2918428610219
541,-8267.831843157639,-622.5571743309214
542,-8246.0,-643.0
543,-8153.0,-728.0
544,-8135.011459280948,-744.2127294454241
545,-8057.0,-814.0
546,-8048.127954697686,-821.9164583370567
547,-7984.0,-878.0
548,-7971.403910603129,-888.5832446229148
549,-7810.0,-1019.0
550,-7771.837557862459,-1048.5392081888858
551,-7622.0,-1154.0
552,-7593.725942415818,-1172.9380632308103
553,-7510.0,-1222.0
554,-7494.785220497492,-1229.8075111370313
555,-7270.0,-1334.0
556,-7172.019170598072,-1370.9516928788082
557,-7026.378872534052,-1405.1468332980526
558,-6936.0,-1419.0
559,-6889.144525671188,-1425.1617930903078
560,-6397.0,-1463.0
561,-6235.660175209598,-1473.120878094569
562,-6207.0,-1475.0
563,-6118.428939099618,-1481.0293663081975
564,-6075.0,-1484.0
565,-5941.0,-1493.0
566,-5851.425498454013,-1499.0488111278014
567,-5778.0,-1504.0
568,-5732.441505302263,-1507.050124832013
569,-5628.0,-1514.0
570,-5552.711990663603,-1519.001389088533
571,-5447.0,-1526.0
572,-5371.137649139427,-1530.9916383128632
573,-5310.0,-1535.0
574,-5173.0,-1544.0
575,-5077.006843026045,-1550.5261739044713
576,-4958.0,-1558.0
577,-4889.527533516726,-1561.9351986207466
578,-4725.0,-1571.0
579,-4677.754394592585,-1573.5514721105542
580,-4569.0,-1579.0
581,-4404.555597697011,-1586.9289894747048
582,-4334.0,-1590.0
583,-4146.479693644793,-1596.0959760584665
584,-4097.0,-1597.0
585,-3972.167684819516,-1598.2641100406686
586,-3907.0,-1599.0
587,-3686.0,-1605.0
588,-3685.062542694597,-1605.027174712754
589,-3454.273406837133,-1611.3786438231848
590,-3358.0,-1614.0
591,-3315.4206908995807,-1615.183030424659
592,-3241.1272844683517,-1617.732248345076
593,-3216.0,-1619.0
594,-3129.0,-1624.0
595,-3071.512462498053,-1627.624046170574
596,-2983.0,-1634.0
597,-2892.0,-1642.0
598,-2837.789590705164,-1646.3786532927588
599,-2776.0,-1655.0
600,-2763.840459676461,-1657.213693532883
601,-2677.0,-1675.0
602,-2635.3833561313495,-1684.6682024060783
603,-2607.0526160417203,-1696.2862883890823
604,-2589.0,-1709.0
605,-2551.851178809358,-1736.43697033224
606,-2525.0,-1760.0
607,-2498.0,-1798.0
608,-2497.830277246047,-1798.3583444075205
609,-2460.0,-1907.0
610,-2452.1828173674558,-1933.847515549665
611,-2439.2330997980393,-1987.325755522899
612,-2430.0,-2027.0
613,-2429.941952843545,-2027.224242351031
614,-2412.7459096212147,-2080.6258053356855
615,-2401.0,-2110.0
616,-2384.9171347075007,-2148.3783714651404
617,-2376.0,-2168.0
618,-2359.5165474930423,-2200.8751088535773
619,-2330.5084572479304,-2251.1030948935545
620,-2323.0,-2263.0
621,-2307.0,-2287.0
622,-2271.2242396182787,-2333.7498440701756
623,-2223.0,-2387.0
624,-2179.0,-2426.0
625,-2161.7820720847067,-2438.1547952719247
626,-2058.0,-2503.0
627,-2022.9986415236115,-2522.4421823999487
628,-1984.0,-2533.0
629,-1895.4749032223297,-2557.882457110632
630,-1841.0,-2572.0
631,-1770.8091957108904,-2587.048123769137
632,-1630.1490882115609,-2600.899571590332
633,-1613.0,-2602.0
634,-1472.0159684854823,-2609.0529905975404
635,-1437.0,-2610.0
636,-1365.6569797578252,-2610.758663763172
637,-1301.0,-2611.0
638,-1184.7064024626338,-2611.627948940128
639,-1061.0,-2613.0
640,-1003.5269198411597,-2614.141610759466
641,-814.5274903969179,-2620.3564251304756
642,-796.0,-2621.0
643,-716.3970339907596,-2623.623186564092
644,-632.2639900094157,-2627.3838450835747
645,-583.0,-2630.0
646,-475.7927456346168,-2636.0200074525355
647,-375.0,-2642.0
648,-282.3940239200921,-2648.6162722822387
649,-199.0,-2655.0
650,-78.90459476342974,-2663.073520722275
651,27.0,-2669.0
652,119.75796076555946,-2672.279829239309
653,301.3009589102024,-2668.946323120618
654,345.0,-2666.0
655,379.4982079294051,-2662.4464425456126
656,440.0,-2650.0
657,470.87586903190146,-2641.910681017902
658,539.0,-2621.0
659,621.1795167600496,-2584.146054871441
660,668.0,-2556.0
661,696.1435436117226,-2536.4049714752664
662,766.2567565326111,-2478.9796753357773
663,774.0,-2472.0
664,844.7381326995344,-2399.7507926933877
665,853.0,-2390.0
666,921.0201448817317,-2302.7070107520553
667,946.0,-2269.0
668,993.8250179992689,-2200.2832356964554
669,1032.0,-2127.0
670,1041.6271337973715,-2107.477550583345
671,1094.0,-1996.0
672,1102.7474055749417,-1975.1595686906178
673,1127.0,-1905.0
674,1178.0,-1682.0
675,1181.3909829535075,-1662.8300837724173
676,1197.8447436795718,-1507.257061454865
677,1196.0,-1381.0
678,1195.9776323869019,-1373.7383930519545
679,1194.1460450593238,-1288.1443539370814
680,1192.0,-1261.0
681,1159.0,-948.0
682,1156.7575638360481,-930.2793710818855
683,1136.826351867386,-800.4407897492124
684,1126.0,-739.0
685,1108.341582284465,-636.8839962495318
686,1090.0,-528.0
1,1049.5134854612086,-281.11632291028286
2,1025.0,-130.0
3,1010.7842212294286,-41.912087011010875
4,991.8190634294325,77.02591880002728
5,980.0,153.0
6,968.0567604180183,231.09163736738267
7,950.0,351.0
8,940.749523949677,413.0095856461336
9,920.0417954456727,552.9143089895776
10,891.5854280499154,747.0984038851061
11,854.1108467941,1007.9664594724543
12,852.0,1023.0
13,835.2080607679244,1145.6024631801424
14,828.0,1200.0
15,807.0,1361.0
16,803.2529798343303,1389.9298689630846
17,786.0,1524.0
18,781.0025900798199,1563.0553715541068
19,755.3170466139983,1764.8019000195159
20,746.0,1839.0
21,729.3009397805353,1974.8504442887793
22,715.7053010198954,2091.265154969316
23,701.0,2222.0
24,695.6561947312749,2270.2484577854625
25,684.595912107459,2371.1838278001965
26,671.0,2489.0
27,665.0,2539.0
28,663.0810226147951,2554.9366914926
29,639.6067370342842,2749.4607081263457
30,616.0,2938.0
31,607.9803840520383,2996.7367472228934
32,582.0,3126.0
33,574.9391140599666,3156.916463944447
34,554.0,3242.0
35,551.4275324060366,3250.8144208278645
36,539.0,3289.0
37,528.5453543981744,3317.203910919884
38,506.0,3365.0
39,499.56353609464156,3376.85742629001
40,439.0,3471.0
41,422.93489334143555,3489.7732729861254
42,392.0,3519.0
43,377.79182318724474,3531.0362398306934
44,309.0,3575.0
45,245.40055619024042,3598.6441621347035
46,182.0,3618.0
47,115.0,3633.0
48,-15.0,3659.0
49,-101.57312902754992,3681.498291959537
50,-103.0,3682.0
51,-187.95616936761695,3717.3045551650416
52,-211.0,3729.0
53,-268.5096710880363,3763.8867589807323
54,-377.0381973112819,3852.1824436100615
55,-378.0,3853.0
56,-466.82238830589637,3930.1272380926216
57,-496.0,3955.0
58,-580.9071096707096,4022.6858934347747
59,-598.0,4034.0
60,-623.9781527708705,4049.1196007809704
61,-656.0,4065.0
62,-665.344119005485,4069.2483404090117
63,-696.0,4081.0
64,-715.674244368829,4085.6039337038483
65,-732.0,4088.0
66,-778.4660377945632,4089.277835061803
67,-805.0,4087.0
68,-854.0,4077.0
69,-857.9812078968022,4075.761990223995
70,-902.7254908202632,4056.368298643214
71,-912.0,4051.0
72,-933.0,4037.0
73,-936.395058010089,4034.4811297125443
74,-965.3322451174223,4009.63994492668
75,-966.0,4009.0
76,-989.8171441761851,3983.6882846909
77,-1015.0,3947.0
78,-1028.8306719529505,3922.505427690351
79,-1047.0,3887.0
80,-1069.586220166796,3833.829339360978
81,-1090.0,3763.0
82,-1100.5051956074758,3715.716279393645
83,-1104.0,3698.0
84,-1121.854227713414,3592.1515596342915
85,-1122.0,3591.0
86,-1128.2340435202395,3529.9778764430694
87,-1129.0,3521.0
88,-1133.0,3455.0
89,-1132.8326349130102,3403.1909099935406
90,-1123.0,3248.0
91,-1117.2668201010372,3201.629117546616
92,-1090.4026054653357,3056.409971887644
93,-1087.0,3040.0
94,-1072.356702329539,2976.260250534207
95,-1057.0,2927.0
96,-1022.9381914011892,2826.1090289933145
97,-996.0,2749.0
98,-977.5229422780161,2698.283635752444
99,-952.5670133875233,2635.7758476203744
100,-945.0,2617.0
101,-910.0592824775043,2530.4467011100373
102,-895.0,2494.0
103,-876.0,2449.0
104,-852.2437608226501,2393.0542856379175
105,-817.0,2310.0
106,-803.5402041231355,2278.120469295328
107,-773.0,2205.0
108,-736.5033585715692,2115.879789805972
109,-681.8623459151574,1980.434396105096
110,-665.0,1938.0
111,-628.862589776536,1843.2662906272622
112,-609.0,1787.0
113,-561.0,1645.0
114,-557.4956633751924,1633.8812579450735
115,-530.0,1540.0
116,-518.9202901086098,1498.2636218760208
117,-480.2321035049005,1337.001168793274
118,-468.0,1281.0
119,-446.0,1143.0
120,-437.48242117227267,1034.3866690190282
121,-429.06122554816113,873.6875573040834
122,-429.0,872.0
123,-428.524145776763,814.4416500758034
124,-431.0,777.0
125,-437.1730336457129,704.5519994766335
126,-442.0,672.0
127,-452.9616576680251,621.2163898794387
128,-478.5251203812388,538.8982088076308
129,-494.0,497.0
130,-545.9992222388954,414.0528843336839
131,-547.0,413.0
132,-655.0,315.0
133,-670.8270043121491,303.07780519103045
134,-729.6185114069547,268.2822563353514
135,-802.0249275262113,244.25935094855714
136,-809.0,242.0
137,-850.8141935450072,228.49441202778354
138,-894.0,216.0
139,-993.0,193.0
140,-1040.767293239631,184.04761064802432
141,-1177.0,165.0
142,-1267.5656499441911,157.1059817799346
143,-1269.0,157.0
144,-1340.35616587149,152.70227896554735
145,-1397.0,152.0
146,-1552.0,154.0
147,-1609.9520905191673,155.62874365742783
148,-1741.7624621995615,166.88257381583657
149,-1743.0,167.0
150,-1840.1516687604314,175.6085205518233
151,-1888.0,180.0
152,-1935.233162411595,184.5580576007293
153,-2001.0,191.0
154,-2063.387793848352,196.9176107358466
155,-2219.0,211.0
156,-2242.103990873893,213.0357462273701
157,-2311.0,219.0
158,-2435.806187414701,229.47564944779631
159,-2562.0,240.0
160,-2645.5391709913256,247.1652422248799
161,-2702.0,252.0
162,-2724.250288665704,253.8746587735655
163,-2858.0,265.0
164,-2870.54123328337,266.0336097408396
165,-2985.6039580393835,275.4106837801033
166,-3059.0,281.0
167,-3186.36415263697,289.75257201925535
168,-3247.0,294.0
169,-3363.740959563706,302.8224370092425
170,-3366.0,303.0
171,-3503.0,314.0
172,-3515.9686494575244,315.02237418648565
173,-3670.0,327.0
174,-3779.0,336.0
175,-3794.198802815989,337.24981274588777
176,-4089.0562948729735,360.77615435177785
177,-4092.0,361.0
178,-4230.443819307822,371.0802400987076
179,-4340.0214288565285,378.0536867427071
180,-4433.301942641411,382.2615060625249
181,-4612.5053731074795,401.57911723008596
182,-4771.717063097145,424.9110840753059
183,-4798.0,429.0
184,-4969.159243010967,456.7258321309198
185,-5040.0,469.0
186,-5126.615580512578,485.4183564158955
187,-5249.182111281404,518.2725068581709
188,-5326.0,544.0
189,-5385.572067366904,564.5341852817322
190,-5420.0,577.0
191,-5542.119937018535,626.5755439495197
192,-5590.0,648.0
193,-5727.0,715.0
194,-5790.182540653455,748.5511290828191
195,-5876.0,796.0
196,-6081.0,916.0
197,-6093.453887056539,923.3551112120211
198,-6169.0,968.0
199,-6263.002380449038,1024.553975559687
200,-6344.0,1074.0
201,-6368.352240607329,1088.9249429843442
202,-6507.526437010748,1174.4851575172838
203,-6564.0,1209.0
204,-6748.0,1321.0
205,-6777.078223846538,1338.7361364155909
206,-6924.0,1431.0
207,-6947.3067067641605,1446.124106364101
208,-7070.0,1526.0
209,-7157.114251178647,1582.4460290811949
210,-7244.0,1639.0
211,-7346.311955684828,1706.8821195693627
212,-7429.0,1762.0
213,-7515.5126533487555,1819.3195315401194
214,-7570.0,1856.0
215,-7624.750341005548,1894.7300176408376
216,-7684.0,1935.0
217,-7692.853691198403,1940.4438379040912
218,-7905.0,2056.0
219,-7912.22737427671,2059.5616402412215
220,-7955.608982147934,2078.394364191875
221,-7986.68953208384,2087.8814336493115
222,-7993.0,2090.0
223,-8056.7830539201805,2111.597423489696
224,-8076.0,2117.0
225,-8157.080811225001,2134.8403698185602
226,-8203.0,2143.0
227,-8246.193887505347,2147.856716902413
228,-8276.0,2146.0
229,-8319.327425376114,2141.248654804713
230,-8346.0,2137.0
231,-8424.0,2110.0
232,-8446.759595603413,2097.1097896301667
233,-8515.0,2053.0
234,-8557.709712276454,2019.286975282763
235,-8582.2828791516,1993.0054910038702
236,-8587.0,1988.0
237,-8620.2238588408,1952.4821118947036
238,-8626.0,1946.0
239,-8674.0,1888.0
240,-8695.057058450902,1862.1257596373712
241,-8742.0,1800.0
242,-8836.0,1661.0
243,-8840.818544960042,1653.7200403811858
244,-8870.413770684798,1607.3537853702444
245,-8886.0,1581.0
246,-8936.0,1494.0
247,-8940.920198346937,1484.8900566885554
248,-9000.0,1369.0
249,-9034.0,1297.0
250,-9041.867301505743,1279.753307956013
251,-9077.898319159634,1199.0095861727766
252,-9092.0,1167.0
253,-9133.0,1073.0
254,-9166.416981072625,995.7259452473451
255,-9231.0,846.0
256,-9241.561413657417,822.2340761492532
257,-9248.0,810.0
258,-9286.0,739.0
259,-9288.963107344594,733.6210316845736
260,-9313.836363947185,690.2526456546982
261,-9336.0,658.0
262,-9363.180527031425,623.9674122600314
263,-9392.0,591.0
264,-9399.421237897153,582.979525941684
265,-9429.648683912725,554.7517049107507
266,-9462.0,541.0
267,-9466.0,540.0
268,-9494.832974228359,531.1734446626084
269,-9517.0,526.0
270,-9571.064967891272,529.5307155228371
271,-9580.0,532.0
272,-9621.0,549.0
273,-9628.352056448366,552.7389326977127
274,-9667.0,576.0
275,-9673.691448087513,580.8285261854872
276,-9692.0,595.0
277,-9723.892511210412,620.4732822121085
278,-9728.0,624.0
279,-9759.138032708353,653.161291648752
280,-9763.0,657.0
281,-9794.299296447416,689.4902375767751
282,-9805.0,701.0
283,-9821.395741223816,718.9581666637498
284,-9855.0,757.0
285,-9877.306862042073,782.8551430584253
286,-9905.0,816.0
287,-9918.342952959385,833.1140219709429
288,-9943.0,867.0
289,-9966.670962369219,898.7988867583541
290,-10003.0,947.0
291,-10018.458921271273,967.4542617163054
292,-10075.0,1040.0
293,-10099.727766686297,1070.7566432907881
294,-10139.0,1119.0
295,-10215.452781423064,1208.7388250437427
296,-10276.0,1276.0
297,-10279.637052811753,1280.0520363262399
298,-10345.013580540863,1349.0475691708034
299,-10346.0,1350.0
300,-10453.533632085078,1449.9037137085465
301,-10511.0,1498.0
302,-10609.322458390903,1561.0248217961641
303,-10632.0,1573.0
304,-10676.17909467599,1594.5546333041318
305,-10704.0,1606.0
306,-10737.322872655459,1618.5391244103773
307,-10768.0,1629.0
308,-10810.109200225763,1641.1135180472475
309,-10874.0,1654.0
310,-10879.871394370508,1654.8316022649656
311,-10929.0,1659.0
312,-10984.0,1656.0
313,-11030.635609638075,1647.2103147994535
314,-11108.100891842314,1621.3692587558976
315,-11109.0,1621.0
316,-11161.0,1595.0
317,-11243.074666165972,1540.852624215182
318,-11253.0,1534.0
319,-11314.0,1477.0
320,-11349.82367377451,1432.920542439559
321,-11433.0,1329.0
322,-11447.960365856856,1309.2258533059803
323,-11479.334838651173,1262.5054618323547
324,-11507.0,1217.0
325,-11524.913469801668,1187.8646214994574
326,-11546.0,1153.0
327,-11596.062311386759,1064.8326639603263
328,-11602.0,1054.0
329,-11637.907699085992,987.1373288747453
330,-11649.0,966.0
331,-11680.22968891717,905.2430285179228
332,-11721.573860527484,822.8576467934097
333,-11727.0,812.0
334,-11788.0,690.0
335,-11796.853183958725,672.5825756400208
336,-11837.250905104715,594.074014827202
337,-11863.0,544.0
338,-11923.444201240462,425.9031473571094
339,-11980.0,316.0
340,-11986.129055714195,304.19778061505315
341,-12069.504763303967,146.3256494147564
342,-12075.0,136.0
343,-12117.49372587655,56.261752796475655
344,-12155.0,-13.0
345,-12204.988169782802,-104.16795122373732
346,-12206.0,-106.0
347,-12288.992040003975,-254.64900733740575
348,-12325.0,-319.0
349,-12358.406438340968,-378.9070649369953
350,-12392.0,-440.0
351,-12431.887880499806,-514.9562602346447
352,-12451.0,-551.0
353,-12497.231830842024,-637.2880052384737
354,-12518.0,-676.0
355,-12547.342506416036,-730.8742065233288
356,-12615.0,-851.0
357,-12647.789200048992,-905.7858953074544
358,-12751.0,-1074.0
359,-12856.0,-1231.0
360,-12928.0,-1338.0
361,-13000.08788398758,-1453.9279604285068
362,-13032.0,-1507.0
363,-13101.74734597977,-1625.0221254513008
364,-13145.0,-1701.0
365,-13164.144632603762,-1737.165114903998
366,-13181.995931018257,-1783.9370982774437
367,-13184.0,-1791.0
368,-13200.876642687632,-1875.6672238797894
369,-13201.0,-1877.0
370,-13191.367323411634,-2036.5284679836884
371,-13170.0,-2134.0
372,-13160.050434998273,-2166.3890032904415
373,-13122.0,-2261.0
374,-13111.735199473798,-2286.536602730876
375,-13071.0,-2353.0
376,-13025.36288736059,-2409.5977839980187
377,-12970.0,-2475.0
378,-12949.243081061522,-2497.9128850740253
379,-12920.0,-2519.0
380,-12862.781339641477,-2557.794493980448
381,-12791.259526997816,-2603.2622921919974
382,-12790.0,-2604.0
383,-12713.873549494361,-2643.1803758923097
384,-12632.0,-2675.0
385,-12535.0,-2708.0
386,-12513.208401859198,-2715.5795910990623
387,-12438.0,-2742.0
388,-12377.791720374928,-2762.08766828121
389,-12351.500002181161,-2785.1312161317433
390,-12341.0,-2797.0
391,-12273.0,-2881.0
392,-12269.386252905522,-2886.043436342562
393,-12247.0,-2937.0
394,-12232.294517531835,-2979.0962243778245
395,-12232.0,-2980.0
396,-12213.43092808871,-3045.3606174173356
397,-12201.0,-3099.0
398,-12196.308691506494,-3121.607621716124
399,-12181.239239334025,-3203.989654539222
400,-12175.0,-3240.0
401,-12172.069603230486,-3257.102563601718
402,-12163.307335074456,-3310.0352099706524
403,-12156.0,-3356.0
404,-12144.0,-3426.0
405,-12134.651401697518,-3465.160161889268
406,-12072.746252615112,-3625.429994465722
407,-12013.948376912891,-3715.6604597689575
408,-11949.0,-3785.0
409,-11881.0,-3842.0
410,-11874.411123085823,-3847.4002304588566
411,-11803.0,-3906.0
412,-11780.610876451898,-3923.949183819901
413,-11706.0,-3983.0
414,-11643.204694454027,-4033.8179659783664
415,-11553.513717876667,-4107.873757955272
416,-11545.0,-4115.0
417,-11478.198861402094,-4172.4100375176395
418,-11463.0,-4186.0
419,-11368.0,-4274.0
420,-11295.335114570378,-4348.104742236797
421,-11272.0,-4374.0
422,-11175.56653986882,-4497.198212353099
423,-11175.0,-4498.0
424,-11123.0,-4576.0
425,-11086.0,-4635.0
426,-11077.922999220687,-4647.772974930625
427,-11044.0,-4700.0
428,-11028.45386600417,-4722.866126769807
429,-10989.0,-4777.0
430,-10953.069252758114,-4819.064989503736
431,-10945.0,-4827.0
432,-10914.0,-4853.0
433,-10899.577026540655,-4863.842745657699
434,-10879.0,-4877.0
435,-10833.826249472151,-4896.710993780463
436,-10810.0,-4904.0
437,-10776.661687436696,-4905.604946391032
438,-10773.0,-4905.0
439,-10740.680749233476,-4896.636194944037
440,-10730.0,-4893.0
441,-10694.626684178731,-4872.5370696842165
442,-10687.0,-4865.0
443,-10661.992747507667,-4836.704227896575
444,-10650.0,-4822.0
445,-10634.009240813575,-4799.772892915737
446,-10623.0,-4772.0
447,-10615.866741918297,-4755.334639379212
448,-10601.511618283388,-4721.43925238664
449,-10598.0,-4712.0
450,-10584.0,-4667.0
451,-10581.690621247577,-4658.45617828915
452,-10579.0,-4648.0
453,-10568.14125515483,-4600.675625887262
454,-10561.0,-4567.0
455,-10554.724196598132,-4536.142978233334
456,-10545.328989273636,-4487.093977108959
457,-10535.0,-4429.0
458,-10530.478963176767,-4401.117935615944
459,-10525.0,-4367.0
460,-10521.934684921713,-4348.603814102064
461,-10512.163171666003,-4287.173839298781
462,-10512.0,-4286.0
463,-10504.0,-4221.0
464,-10501.88177095048,-4203.787184240726
465,-10482.0,-4048.0
466,-10479.208273775917,-4025.186292073223
467,-10470.0,-3952.0
468,-10467.608050810519,-3935.309225114649
469,-10455.0,-3851.0
470,-10446.13071082508,-3789.261428498233
471,-10432.0,-3692.0
472,-10423.406615624066,-3637.977076158918
473,-10416.0,-3592.0
474,-10405.439212122077,-3524.7722609373923
475,-10398.0,-3477.0
476,-10390.750997959138,-3430.575808345537
477,-10375.748613241643,-3335.339647559342
478,-10372.0,-3312.0
479,-10348.0,-3164.0
480,-10334.887829291598,-3080.4479028411893
481,-10316.0,-2960.0
482,-10286.498219563256,-2781.7474407546333
483,-10271.232671303409,-2697.281663192749
484,-10271.0,-2696.0
485,-10249.0,-2574.0
486,-10233.253691616004,-2483.460202066072
487,-10217.0,-2394.0
488,-10186.556750310183,-2243.653054660483
489,-10186.0,-2241.0
490,-10135.043279220012,-2002.5869836049403
491,-10125.0,-1956.0
492,-10110.608642354367,-1890.1605685835204
493,-10102.0,-1854.0
494,-10070.0,-1723.0
495,-10066.797532707444,-1709.9340399122239
496,-10022.912029058785,-1532.6852596409383
497,-10011.0,-1487.0
498,-9991.0,-1413.0
499,-9973.083447308834,-1348.5726800442847
500,-9920.0,-1165.0
501,-9883.065350758648,-1046.5010415419295
502,-9873.0,-1015.0
503,-9819.0,-850.0
504,-9771.768900768187,-715.8669679238131
505,-9756.0,-671.0
506,-9721.0,-571.0
507,-9692.894424125781,-495.6394541784732
508,-9637.0,-350.0
509,-9622.639084778819,-312.65205602854735
510,-9594.0,-240.0
511,-9591.657951081415,-234.2501360804055
512,-9555.0,-146.0
513,-9525.0,-81.0
514,-9516.096182992758,-62.897566922030336
515,-9489.073935451519,-14.888138390280496
516,-9479.0,-1.0
517,-9444.249138264426,39.86493585243787
518,-9403.0,83.0
519,-9387.553138737312,98.37394977896822
520,-9375.046572090532,104.73584561487792
521,-9358.0,109.0
522,-9272.640753807445,127.89064270087108
523,-9272.0,128.0
524,-9217.51109608709,128.54224903928284
525,-9186.0,118.0
526,-9178.249141536766,115.52883709682135
527,-9141.461973325124,103.17890275687515
528,-9141.0,103.0
529,-9101.0,85.0
530,-9082.076170088207,75.12336896232391
531,-9057.0,60.0
532,-9037.503379896803,47.33192444551752
533,-8981.0,9.0
534,-8962.157214762025,-4.258214717034187
535,-8915.849583505893,-39.428000734211686
536,-8881.143564055716,-67.69107805454829
537,-8877.0,-71.0
538,-8844.06037104026,-96.86966680689531
539,-8799.0,-134.0
540,-8767.182502049538,-162.1973172387065
541,-8749.0,-178.0
542,-8695.920753668575,-222.2106706564211
543,-8695.0,-223.0
544,-8646.153598275941,-266.64100359179315
545,-8627.0,-284.0
546,-8574.441949937078,-331.2568507458639
547,-8567.0,-338.0
548,-8518.0,-383.0
549,-8447.0,-451.0
550,-8433.460341288412,-464.1048391391422
551,-8327.0,-567.0
552,-8280.0,-611.0
553,-8197.0,-688.0
554,-8180.72530388617,-702.8931078839332
555,-8102.0,-774.0
556,-8062.4237840699625,-809.4894733281928
557,-8003.0,-861.0
558,-7811.0,-1018.0
559,-7794.544890777535,-1031.163152747543
560,-7729.0,-1080.0
561,-7694.24488777523,-1104.4419882677034
562,-7612.0,-1160.0
563,-7430.541305324777,-1263.2237883796506
564,-7417.0,-1270.0
565,-7294.510615895654,-1324.5325649726924
566,-7245.0,-1343.0
567,-7143.341431025547,-1375.7313787744108
568,-7128.0,-1380.0
569,-7007.8234564692375,-1407.304729042136
570,-6964.0,-1415.0
571,-6836.0,-1432.0
572,-6809.474284445486,-1434.7432121726767
573,-6694.322281913162,-1443.99474428872
574,-6606.0,-1450.0
575,-6491.193502587445,-1457.4358259441346
576,-6461.0,-1459.0
577,-6417.0,-1461.0
578,-6282.26868859653,-1469.222522262941
579,-6063.992168539773,-1484.9382034229402
580,-6034.0,-1487.0
581,-5974.853224358549,-1490.4763186088046
582,-5930.0,-1493.0
583,-5849.940593748111,-1498.230993558492
584,-5794.0,-1502.0
585,-5500.268072626026,-1522.1713034095133
586,-5415.0,-1528.0
587,-5363.524640876641,-1531.3891615679916
588,-5322.0,-1534.0
589,-5242.457610709735,-1539.134605284188
590,-5137.0,-1546.0
591,-5069.818043005524,-1550.3976611673338
592,-4982.0,-1556.0
593,-4934.6087506654185,-1558.8426486133853
594,-4806.707709109193,-1565.8871127635598
595,-4731.0,-1570.0
596,-4621.0,-1576.0
597,-4547.31427219727,-1579.6296787036438
598,-4432.0,-1585.0
599,-4418.446917102039,-1585.6358769740807
600,-4292.194675800365,-1591.3288600221372
601,-4274.0,-1592.0
602,-4164.854843310657,-1595.0017383454197
603,-4051.0,-1597.0
604,-3987.0,-1598.0
605,-3937.457649287987,-1598.9221666729666
606,-3780.8595152040198,-1602.5410711828094
607,-3684.0,-1605.0
608,-3568.207618271597,-1608.1119766950228
609,-3450.2504431841944,-1611.5228157209597
610,-3367.0,-1614.0
611,-3198.743971068383,-1619.733033829552
612,-3174.0,-1621.0
613,-3107.86752391327,-1625.1994679036475
614,-3030.0,-1631.0
615,-2959.257117711558,-1636.2843140060468
616,-2938.0,-1638.0
617,-2812.9347568065323,-1650.4030877457617
618,-2721.1906840381034,-1663.0404599646877
619,-2610.028395439721,-1694.8458616307576
620,-2542.6322082089155,-1741.396304175131
621,-2542.0,-1742.0
622,-2504.8146980430465,-1786.5503009225642
623,-2490.0,-1814.0
624,-2481.0,-1837.0
625,-2475.02031989399,-1854.640331546329
626,-2459.0,-1912.0
627,-2454.7747086300506,-1929.9059063922496
628,-2444.0,-1976.0
629,-2433.0846560365617,-2014.3486811519626
630,-2404.0,-2104.0
631,-2402.0441988368007,-2109.6962192792294
632,-2387.8718915566706,-2148.499793379247
633,-2352.0,-2214.0
634,-2329.391857494514,-2250.5887268816414
635,-2297.0,-2301.0
636,-2246.134858508273,-2366.591116254173
637,-2208.7010758290635,-2400.3714720431744
638,-2208.0,-2401.0
639,-2161.0,-2440.0
640,-2125.586851375768,-2463.041750794175
641,-2038.0,-2512.0
642,-1948.5568164426165,-2546.7069097685107
643,-1901.017533362431,-2557.7596827846087
644,-1900.0,-2558.0
645,-1839.0,-2572.0
646,-1786.0956395208852,-2581.8979258287304
647,-1747.0,-2588.0
648,-1700.0,-2594.0
649,-1691.8057243121675,-2594.926418669862
650,-1589.0,-2604.0
651,-1569.7715728653577,-2605.1442371209587
652,-1453.0,-2609.0
653,-1444.2053274905138,-2609.149457191205
654,-1344.0,-2610.0
655,-1332.9061360495962,-2610.073305619335
656,-1116.2494781592377,-2611.9671629975287
657,-1114.0,-2612.0
658,-861.2415826728364,-2618.5660674140445
659,-849.0,-2619.0
660,-685.8441436501296,-2625.621411969595
661,-650.0,-2627.0
662,-599.0,-2629.0
663,-521.5638423084752,-2633.1172378639585
664,-339.0,-2645.0
665,-284.0843447263559,-2648.7462269062316
666,-198.41181271188893,-2654.9053225475177
667,-72.0,-2664.0
668,36.0,-2670.0
669,51.171043810007944,-2670.443018710437
670,221.65623813894558,-2672.188147309746
671,260.0,-2672.0
672,346.44876200473306,-2669.099252081751
673,414.0,-2655.0
674,514.0,-2630.0
675,555.9828605804503,-2614.7081177158207
676,627.0,-2580.0
677,722.0,-2517.0
678,730.1543714214836,-2510.501237216535
679,800.0,-2447.0
680,815.3182915595695,-2431.4328229718326
681,870.0,-2370.0
682,892.147371176249,-2342.0738158047084
683,985.0,-2209.0
684,989.9039194987512,-2201.5230823138063
685,1038.0140031370372,-2121.4378753934766
686,1060.0,-2073.0
687,1096.8465694080046,-1979.1983681759457
688,1144.0,-1845.0
689,1166.5176917824763,-1752.1674297230593
690,1171.0,-1723.0
691,1186.7812005014098,-1611.0044113282972
692,1187.0,-1609.0
693,1196.0,-1427.0
694,1195.4384942290594,-1356.0603886575554
695,1194.0,-1307.0
696,1181.0,-1131.0
697,1173.9027095507936,-1071.1446767510047
698,1150.0,-890.0
699,1142.7328717810437,-838.528011979154
700,1130.0,-764.0
701,1128.6317179283747,-756.0958129342455
702,1094.736198113303,-556.2530287834988
1,1054.3182706449466,-309.45090696760064
2,1029.0,-154.0
3,1027.0161946442254,-141.63039867374883
4,1004.4577394132361,0.3397731591875157
5,1001.0,22.0
6,973.5190971521661,193.82660549599424
7,970.0,216.0
8,945.0,383.0
9,934.8968066240824,451.6592378570814
10,918.0,566.0
11,907.1712292068812,639.8121842212283
12,891.0,752.0
13,888.4824622763977,769.7287292435293
14,860.1224341512783,971.135938339122
15,860.0,972.0
16,841.3269445012883,1101.8249372386906
17,831.0,1177.0
18,819.2114788847156,1267.8766220145076
19,796.0,1450.0
20,794.190345205021,1463.6776328944734
21,779.0,1579.0
22,749.0,1821.0
23,739.8443066198095,1895.0623012999247
24,724.4021332369464,2019.0179885485172
25,709.0,2149.0
26,702.0089648882099,2211.2384622065897
27,676.1873451942507,2446.6299992141426
28,661.0,2582.0
29,642.5758243434838,2740.03291989781
30,628.0,2856.0
31,624.6820316799505,2880.4924406912887
32,607.1053192700282,2993.3850600821374
33,596.0,3057.0
34,590.7323389411506,3086.6549467827135
35,571.6529534802725,3177.4517820628735
36,568.0,3191.0
37,521.0,3338.0
38,503.0437443939136,3386.734272569435
39,454.0,3454.0
40,405.916431057372,3507.241492977532
41,400.0,3513.0
42,388.0,3524.0
43,318.79786195844815,3570.559945227051
44,312.0,3574.0
45,216.0,3610.0
46,139.3691577282074,3628.135399649633
47,100.0,3636.0
48,61.18953650833466,3643.524995210325
49,38.0,3648.0
50,2.4846360035650683,3654.91991222286
51,-61.50853949679684,3670.851348775985
52,-62.0,3671.0
53,-175.60103489548226,3711.818100369893
54,-187.0,3717.0
55,-298.1090543175889,3788.1801958051833
56,-326.0,3810.0
57,-374.0,3850.0
58,-389.291415311803,3863.4093391451497
59,-443.9179693707518,3911.1111367744775
60,-452.0,3918.0
61,-510.1793234221296,3966.50797484056
62,-572.0,4016.0
63,-593.1063192458757,4031.8341848108694
64,-638.3034246459613,4057.0573982664423
65,-647.0,4061.0
66,-694.0,4080.0
67,-709.9178512838059,4083.997436964929
68,-737.0,4088.0
69,-774.4565390586965,4089.841936694649
70,-812.0,4087.0
71,-858.0,4076.0
72,-877.0876711293977,4068.895473623543
73,-909.0,4053.0
74,-930.1727954465838,4039.0438630111457
75,-946.0,4027.0
76,-967.7216304521288,4008.371078785881
77,-986.0,3988.0
78,-997.7989535791087,3972.050712583682
79,-1040.0,3903.0
80,-1042.8752177074382,3897.7306169907893
81,-1061.2421579152003,3857.5478353328517
82,-1071.5061760535996,3825.7997048016423
83,-1073.0,3821.0
84,-1083.0,3787.0
85,-1084.8631635287668,3779.8784196494835
86,-1112.0,3658.0
87,-1114.457511287737,3645.89377380923
88,-1122.39525932522,3592.609333013485
89,-1123.0,3587.0
90,-1128.1012011338607,3536.4162723410905
91,-1130.0,3512.0
92,-1133.0,3446.0
93,-1133.7803381231988,3406.9067070729943
94,-1132.0,3358.0
95,-1118.708397620477,3221.1473740798524
96,-1113.0,3170.0
97,-1096.7066105630897,3080.6141535310853
98,-1094.0,3071.0
99,-1068.0307925971651,2980.668671890616
100,-1030.4103139897265,2851.8082254063083
101,-1019.0,2813.0
102,-1011.3221969009487,2789.625201337518
103,-1006.0,2776.0
104,-970.5646069653355,2682.0684079894572
105,-952.0,2634.0
106,-935.0710364009515,2591.6138405911115
107,-888.0,2479.0
108,-875.6661238781901,2449.554485005424
109,-821.0,2319.0
110,-787.5692798830286,2239.5106334318784
111,-757.0,2167.0
112,-712.2546187826118,2059.623028787288
113,-712.0,2059.0
114,-644.8245017949456,1887.0722111770926
115,-640.0,1874.0
116,-599.9344085401482,1761.1042253349424
117,-591.0,1735.0
118,-553.0,1619.0
119,-549.1617135595363,1606.4588774679396
120,-515.0,1487.0
121,-511.77621324630644,1475.1774300936636
122,-471.0,1296.0
123,-467.6861124137853,1276.6618848440808
124,-440.0,1090.0
125,-427.0810122634879,951.321969774993
126,-428.04023300977707,864.747480804082
127,-430.0,808.0
128,-431.650773516428,765.7771872075832
129,-435.1054387470364,722.075524490125
130,-438.0,699.0
131,-445.0,653.0
132,-453.12291937482337,614.4231024257832
133,-463.0,577.0
134,-492.2122695614322,500.11350398350834
135,-504.0,478.0
136,-589.0210558266532,366.5237045116061
137,-596.0,360.0
138,-665.5460833765394,309.00899786071955
139,-750.0,265.0
140,-769.0776757964013,256.36617528307386
141,-863.0,225.0
142,-967.0,198.0
143,-1019.9888846033385,187.17018792882826
144,-1038.0,184.0
145,-1113.0,173.0
146,-1132.1604846738885,170.52678982324264
147,-1220.0,161.0
148,-1249.9559796894669,158.73158901480272
149,-1321.0,155.0
150,-1351.2824333773563,153.85821710250985
151,-1467.0,152.0
152,-1477.1892247454857,152.05281762766353
153,-1587.0,155.0
154,-1608.5333384283708,156.18613326140851
155,-1721.0,165.0
156,-1743.3454534375355,166.99943541126146
157,-1849.0,177.0
158,-1860.1861307231754,178.07150476500473
159,-1944.0,186.0
160,-2029.2823469971577,193.52352715034633
161,-2067.0,197.0
162,-2129.0,203.0
163,-2205.0474038158495,209.47553371286097
164,-2271.0,215.0
165,-2309.8344263101803,218.51431805232602
166,-2390.0,226.0
167,-2495.816578894458,235.14816285867508
168,-2578.0,242.0
169,-2604.987625126977,244.25573493320383
170,-2717.2618862717372,253.61786799935865
171,-2759.0,257.0
172,-2882.7437060280777,266.65681539646295
173,-2900.0,268.0
174,-3112.426778005401,284.5788848703288
175,-3131.0,286.0
176,-3341.143910513297,301.0679332134441
177,-3396.0,305.0
178,-3500.7659249798717,312.851084642328
179,-3602.5773113653154,320.8237093953572
180,-3806.746163773767,337.46507331403086
181,-4081.3864513270564,360.13964508777866
182,-4128.0,364.0
183,-4380.0,385.0
184,-4427.844664078575,389.1064112810354
185,-4555.0,401.0
186,-4566.476244087596,402.11536178919437
187,-4763.0,424.0
188,-4822.188955592726,432.5580814314037
189,-5003.0,462.0
190,-5092.982190794496,479.04846583505065
191,-5162.0,496.0
192,-5188.888745411538,503.4011741863631
193,-5381.148344927566,563.3745928685676
194,-5442.0,585.0
195,-5590.107644614427,647.3566993305179
196,-5610.0,657.0
197,-5818.0,764.0
198,-5903.274438443249,811.1204723483535
199,-5950.0,839.0
200,-5971.7062258255455,851.7143108148113
201,-6124.0,941.0
202,-6289.978088158405,1041.5793975534398
203,-6384.0,1099.0
204,-6620.0,1243.0
205,-6839.0,1377.0
206,-6968.314377363191,1458.596936162483
207,-7070.0,1526.0
208,-7137.979186094697,1570.41329994676
209,-7214.0,1620.0
210,-7287.345535049601,1667.9613901127898
211,-7359.0,1715.0
212,-7451.500768549888,1776.3285561965065
213,-7482.0,1797.0
214,-7657.454709012089,1917.835784183758
215,-7691.0,1940.0
216,-7886.316395525349,2047.1681923851509
217,-7915.0,2060.0
218,-7927.062315293854,2065.223567491194
219,-7957.0,2077.0
220,-7961.693726273026,2078.791315271977
221,-8052.282523716009,2110.7616035624683
222,-8084.0,2119.0
223,-8167.795681001499,2135.877566415289
224,-8209.0,2143.0
225,-8254.561235897849,2149.467387781346
226,-8288.0,2146.0
227,-8298.867397806069,2144.252787189326
228,-8383.083643983353,2126.2308144720373
229,-8390.0,2124.0
230,-8448.0,2098.0
231,-8484.732342829118,2076.240541738199
232,-8508.0,2059.0
233,-8561.661995425773,2011.6453890547411
234,-8573.0,2001.0
235,-8597.528381750984,1976.8227164979785
236,-8621.0,1951.0
237,-8682.0,1879.0
238,-8688.976035527203,1869.9870711819076
239,-8773.0,1757.0
240,-8778.049669616752,1750.0862707284282
241,-8811.0,1701.0
242,-8818.48813902181,1689.0427924012424
243,-8864.0,1616.0
244,-8899.199974817453,1558.1339183401685
245,-8904.0,1550.0
246,-8975.0,1418.0
247,-9056.798441330682,1246.4310068201835
248,-9057.0,1246.0
249,-9080.764772483786,1193.9477741238197
250,-9089.0,1175.0
251,-9107.712584903458,1131.5806884438205
252,-9146.75006066893,1040.582747320078
253,-9147.0,1040.0
254,-9206.346149861889,901.8321505452783
255,-9222.0,866.0
256,-9233.836838918463,839.4910304976072
257,-9254.0,798.0
258,-9260.118198028968,786.3477707218417
259,-9293.0,727.0
260,-9317.143568648487,686.3172792464258
261,-9331.0,665.0
262,-9366.0,619.0
263,-9387.892725377538,594.8500090533696
264,-9415.0,570.0
265,-9418.750900854599,567.0540198595943
266,-9464.0,540.0
267,-9468.013887616487,538.3233182039513
268,-9494.0,530.0
269,-9502.521246498958,528.1138897447183
270,-9556.0,526.0
271,-9573.2984782952,529.7040424467613
272,-9595.0,537.0
273,-9623.754654614577,550.0503350739617
274,-9640.0,559.0
275,-9685.0,589.0
276,-9691.640034381166,593.874688112959
277,-9726.206147448882,622.5255729876626
278,-9731.0,627.0
279,-9786.0,681.0
280,-9808.704441111191,704.4285468657938
281,-9811.0,707.0
282,-9853.0,755.0
283,-9864.36745860531,768.0234773807896
284,-9890.0,798.0
285,-9893.480114224882,802.2608502423072
286,-9927.313326718457,846.1258417738326
287,-9931.0,851.0
288,-9967.0,899.0
289,-10005.0,951.0
290,-10020.645489502951,971.7139147186772
291,-10114.0,1090.0
292,-10119.722429386173,1096.9945032241324
293,-10188.132226359689,1177.332756474488
294,-10207.0,1199.0
295,-10236.0,1232.0
296,-10241.297625155988,1237.9057414737813
297,-10296.0,1298.0
298,-10322.991949110543,1326.9683913300446
299,-10375.0,1379.0
300,-10517.767748468941,1501.5936389672506
301,-10538.0,1517.0
302,-10618.090817551583,1567.5364424532986
303,-10668.0,1591.0
304,-10701.227454828768,1605.256281328729
305,-10742.926875090954,1621.0931100252083
306,-10772.0,1631.0
307,-10849.156390759379,1650.8786749059263
308,-10859.0,1652.0
309,-10997.626896929522,1654.0024528554143
310,-10998.0,1654.0
311,-11030.885157972869,1654.1362006551863
312,-11072.0,1636.0
313,-11091.646812389694,1627.005448039527
314,-11163.0,1594.0
315,-11230.171143229065,1559.8650685378557
316,-11273.0,1517.0
317,-11363.0,1422.0
318,-11457.0,1295.0
319,-11528.0,1183.0
320,-11543.168588985358,1157.033519264194
321,-11609.0,1042.0
322,-11650.182133170538,964.7181796173633
323,-11678.0,909.0
324,-11692.032846234491,881.2341051204517
325,-11777.0,714.0
326,-11812.579618336411,643.1508756451503
327,-11832.0,604.0
328,-11854.228534076074,559.5199496717669
329,-11897.0,475.0
330,-11916.994965787802,436.4743624393535
331,-11954.0,366.0
332,-12012.938611468313,253.39174821305514
333,-12042.0,198.0
334,-12138.791090977144,17.25754907712639
335,-12172.0,-43.0
336,-12177.215904388897,-52.44642206216779
337,-12285.455073102947,-247.61632262601927
338,-12303.0,-279.0
339,-12330.965747858952,-328.8103957353526
340,-12390.0,-436.0
341,-12417.52527705118,-487.4484358431937
342,-12508.0,-658.0
343,-12544.077114871063,-725.0346697661396
344,-12585.558660699204,-798.654786604368
345,-12627.0,-870.0
346,-12654.411353355114,-917.2400885823268
347,-12685.0,-969.0
348,-12754.0,-1079.0
349,-12810.2020749379,-1163.7703491275147
350,-12876.0,-1261.0
351,-12945.0,-1365.0
352,-12951.634969480278,-1375.4208921213296
353,-12972.0,-1408.0
354,-13025.510984850975,-1496.5710223782376
355,-13051.0,-1540.0
356,-13156.784927985422,-1724.6139916604147
357,-13157.0,-1725.0
358,-13181.505328493018,-1777.1397373455072
359,-13185.0,-1794.0
360,-13193.834797897129,-1852.039545919704
361,-13202.0,-1941.0
362,-13202.220397140152,-1948.988909090126
363,-13197.132361811291,-2017.1433394427302
364,-13185.0,-2074.0
365,-13183.486027980693,-2080.557470098526
366,-13162.0,-2162.0
367,-13159.73112160557,-2168.927892337779
368,-13142.0,-2217.0
369,-13132.0,-2241.0
370,-13085.37427747849,-2325.622754554894
371,-13044.0,-2392.0
372,-13038.900886881867,-2399.638723092406
373,-12984.624959671693,-2463.896193797638
374,-12948.0,-2496.0
375,-12941.561995314914,-2501.5426814394777
376,-12928.0,-2513.0
377,-12847.0,-2571.0
378,-12778.037039708997,-2610.586754389888
379,-12737.0,-2631.0
380,-12657.0,-2666.0
381,-12603.249348370155,-2685.632133602069
382,-12551.0,-2703.0
383,-12501.39706945618,-2719.2277960837573
384,-12441.0,-2741.0
385,-12390.0,-2765.0
386,-12379.1322022901,-2770.770174728649
387,-12329.0,-2809.0
388,-12268.0,-2889.0
389,-12249.44652839736,-2919.5667888472394
390,-12244.326927654172,-2940.977652673005
391,-12240.0,-2958.0
392,-12225.045466186497,-3008.625136617521
393,-12211.0,-3057.0
394,-12198.837159374554,-3107.6947734666155
395,-12187.056527889594,-3170.6994737000878
396,-12187.0,-3171.0
397,-12177.38998167949,-3222.4724159522625
398,-12174.0,-3243.0
399,-12169.0,-3277.0
400,-12157.060134979685,-3349.6319359620543
401,-12157.0,-3350.0
402,-12145.0,-3420.0
403,-12143.171801802207,-3428.8829704706077
404,-12115.984300718112,-3541.9674208181864
405,-12099.0,-3599.0
406,-12080.515005774407,-3641.155575022913
407,-12056.0,-3673.0
408,-12040.535630130948,-3691.1817564377116
409,-11987.0,-3749.0
410,-11973.133158073208,-3762.438655840625
411,-11921.0,-3809.0
412,-11867.123601486124,-3854.457751522192
413,-11811.0,-3900.0
414,-11787.373611908291,-3918.762457732122
415,-11706.0,-3983.0
416,-11639.81318406367,-4037.4506562974398
417,-11622.0,-4052.0
418,-11568.525812986318,-4095.0012815355008
419,-11544.0,-4115.0
420,-11474.0,-4176.0
421,-11457.937844622254,-4190.296369043994
422,-11404.0,-4239.0
423,-11303.0,-4340.0
424,-11265.977666736637,-4380.492616756929
425,-11248.0,-4401.0
426,-11204.11798059072,-4455.37716771413
427,-11147.0,-4539.0
428,-11101.0,-4611.0
429,-11061.0,-4674.0
430,-11022.0,-4734.0
431,-11013.91467094716,-4745.42519556112
432,-10989.0,-4777.0
433,-10956.355052055758,-4812.270293330881
434,-10903.0,-4862.0
435,-10862.839496537214,-4889.181399977064
436,-10831.080092961984,-4898.743912717189
437,-10817.0,-4902.0
438,-10798.962100477056,-4905.49368364525
439,-10782.0,-4906.0
440,-10761.194106103681,-4903.003153396787
441,-10723.373688594895,-4890.682601065269
442,-10720.0,-4889.0
443,-10698.73624617295,-4874.968191529936
444,-10685.0,-4863.0
445,-10662.0,-4838.0
446,-10651.0,-4822.0
447,-10640.509154942258,-4805.223958219369
448,-10618.08044457107,-4763.1784452279935
449,-10618.0,-4763.0
450,-10606.0,-4733.0
451,-10596.127821118156,-4704.948578553282
452,-10585.0,-4670.0
453,-10575.503600721635,-4633.0085923327515
454,-10572.0,-4618.0
455,-10567.117811912918,-4597.216073052954
456,-10561.0,-4569.0
457,-10553.710321519777,-4530.637992663355
458,-10548.0,-4500.0
459,-10542.30062694076,-4470.126319695914
460,-10533.0,-4420.0
461,-10530.789179908197,-4407.079123054388
462,-10521.0,-4345.0
463,-10516.0,-4310.0
464,-10511.142985408018,-4273.613891672821
465,-10499.618161981662,-4183.549866333795
466,-10497.0,-4163.0
467,-10478.380218328959,-4017.787148891254
468,-10475.0,-3992.0
469,-10463.0,-3903.0
470,-10453.76618726641,-3841.3077450430173
471,-10446.0,-3790.0
472,-10441.616574939924,-3759.903878005759
473,-10432.0,-3694.0
474,-10408.325955692188,-3543.3812179798433
475,-10404.0,-3516.0
476,-10383.491417252682,-3385.1766502048786
477,-10380.0,-3364.0
478,-10368.0,-3292.0
479,-10357.757987993808,-3225.611620621426
480,-10351.0,-3181.0
481,-10325.0,-3017.0
482,-10318.75497888774,-2978.1493553070604
483,-10289.0,-2796.0
484,-10266.0,-2663.0
485,-10251.0,-2582.0
486,-10229.0,-2459.0
487,-10205.0,-2335.0
488,-10160.132027927864,-2115.345255333408
489,-10144.0,-2038.0
490,-10105.940184634297,-1870.9570934220123
491,-10098.0,-1838.0
492,-10067.0,-1709.0
493,-10034.0,-1577.0
494,-10029.925649035753,-1561.062713053912
495,-9985.0,-1390.0
496,-9975.902154956166,-1356.960888230038
497,-9930.447825934807,-1200.787806841533
498,-9910.0,-1134.0
499,-9853.0,-955.0
500,-9840.951974212194,-918.5384625374891
501,-9763.685815486055,-693.2747363341508
502,-9738.0,-620.0
503,-9718.99031453019,-566.3871826831
504,-9687.936024506378,-482.9489159451996
505,-9665.0,-423.0
506,-9610.265048373984,-280.6831535009644
507,-9610.0,-280.0
508,-9571.536183158107,-183.89445326104303
509,-9552.0,-140.0
510,-9549.488031918034,-134.4172769297489
511,-9511.0,-54.0
512,-9496.546014882708,-29.28744107213425
513,-9447.778836396676,36.11247048456453
514,-9398.790623568828,83.77004023879618
515,-9384.0,95.0
516,-9369.978771931626,103.90200903787121
517,-9325.0,120.0
518,-9282.197432433399,126.75256913706117
519,-9266.0,128.0
520,-9207.0,123.0
521,-9177.00407647439,114.81535428638587
522,-9124.0,96.0
523,-9119.601483301543,94.22881390948568
524,-9084.998199459602,76.48619076678258
525,-9079.0,73.0
526,-9027.0,41.0
527,-8950.16650807562,-13.210541610225352
528,-8938.0,-22.0
529,-8899.582444544742,-51.57600666214683
530,-8893.0,-57.0
531,-8865.593907153723,-79.5320587791807
532,-8813.0,-123.0
533,-8773.587719724646,-156.1509102501798
534,-8762.0,-166.0
535,-8725.51480704861,-197.27316214349923
536,-8674.0,-242.0
537,-8614.0,-295.0
538,-8579.490545748748,-326.2782990721212
539,-8559.0,-345.0
540,-8473.0,-425.0
541,-8463.704575653228,-433.9213353461821
542,-8354.259195523668,-540.4337597212655
543,-8334.0,-560.0
544,-8238.827160860312,-649.5593185052314
545,-8207.0,-679.0
546,-8189.440333783699,-695.2560590046348
547,-8125.494806546872,-754.356450140152
548,-8060.0,-812.0
549,-8024.0,-843.0
550,-8015.876084158464,-850.0390958001217
551,-7855.0,-984.0
552,-7799.495618110957,-1026.0411283313063
553,-7703.0,-1098.0
554,-7648.690591323995,-1137.7761837151172
555,-7611.43377558545,-1160.5959023934845
556,-7596.0,-1170.0
557,-7531.510345585686,-1209.639846546669
558,-7507.0,-1224.0
559,-7364.961903308138,-1295.3889092208633
560,-7352.0,-1301.0
561,-7213.0,-1354.0
562,-7120.668241174915,-1382.7265879876772
563,-7048.0,-1399.0
564,-6956.134545607011,-1414.8065571095249
565,-6804.0,-1436.0
566,-6716.980523755787,-1444.6800035915917
567,-6633.0,-1449.0
568,-6602.437747416032,-1450.7078217608366
569,-6410.726693131034,-1461.9081931881833
570,-6376.0,-1464.0
571,-6167.760328003133,-1477.334297718469
572,-6143.0,-1479.0
573,-6010.245244258239,-1488.0357173659568
574,-5996.0,-1489.0
575,-5877.0,-1497.0
576,-5743.576155508254,-1505.9928850299925
577,-5669.0,-1511.0
578,-5623.739153885722,-1514.022863198931
579,-5534.0,-1520.0
580,-5447.304491423604,-1525.787087176526
581,-5414.0,-1528.0
582,-5248.4795337584355,-1538.929957084838
583,-5172.0,-1544.0
584,-5065.074765586909,-1551.2085809647383
585,-4983.394008369393,-1556.4910314687359
586,-4958.0,-1558.0
587,-4773.299853479926,-1568.1887192815411
588,-4758.0,-1569.0
589,-4681.0,-1573.0
590,-4644.932786908403,-1574.8122793596112
591,-4371.0,-1588.0
592,-4275.564326458527,-1592.3835399875697
593,-4151.0,-1596.0
594,-3993.0,-1598.0
595,-3883.0,-1600.0
596,-3614.0,-1607.0
597,-3439.8561654721066,-1611.7876053871105
598,-3361.0,-1614.0
599,-3300.646179491183,-1615.7519339077385
600,-3187.0,-1620.0
601,-3081.589112200846,-1626.958087955892
602,-3081.0,-1627.0
603,-2917.0,-1639.0
604,-2866.310657408976,-1643.3406322237793
605,-2811.0,-1650.0
606,-2742.0,-1660.0
607,-2706.315076583176,-1667.1871674560355
608,-2679.0,-1674.0
609,-2617.288862901163,-1694.8751642183
610,-2617.0,-1695.0
611,-2554.4391668499593,-1731.2914985882032
612,-2529.0,-1755.0
613,-2501.906135373195,-1792.7760268723775
614,-2499.0,-1798.0
615,-2481.2582164099836,-1837.8050906280948
616,-2479.0,-1844.0
617,-2464.0,-1893.0
618,-2459.4487864293724,-1909.9215589687446
619,-2432.0,-2020.0
620,-2422.290755716839,-2055.0344035317785
621,-2411.0,-2084.0
622,-2393.7778182275433,-2126.516726914912
623,-2368.0,-2184.0
624,-2343.0,-2230.0
625,-2323.5664596199204,-2261.772347470746
626,-2285.0,-2317.0
627,-2261.4123577470996,-2346.369611733284
628,-2241.0,-2369.0
629,-2207.4576858773016,-2401.1825153323366
630,-2191.0,-2416.0
631,-2115.0,-2472.0
632,-2079.0639268804093,-2490.6320885804903
633,-1996.0,-2529.0
634,-1949.6125169829998,-2547.696742961653
635,-1881.0568400689622,-2567.394255619548
636,-1817.3209474861976,-2577.0996747339495
637,-1805.0,-2579.0
638,-1744.735131693827,-2588.317902385483
639,-1710.0,-2593.0
640,-1558.0,-2606.0
641,-1355.0,-2610.0
642,-1268.60231411735,-2610.721190791381
643,-1181.5760320000304,-2610.904633197678
644,-1171.0,-2611.0
645,-1090.5963412383808,-2611.990610954984
646,-1090.0,-2612.0
647,-995.5961093448977,-2613.9834205890393
648,-995.0,-2614.0
649,-850.0,-2619.0
650,-776.7200371994898,-2621.1739290771193
651,-752.0,-2622.0
652,-682.948589189257,-2624.890440491363
653,-588.0,-2630.0
654,-342.28646855428076,-2644.960483672627
655,-311.0,-2647.0
656,-244.09052845176763,-2651.664471300046
657,-173.0,-2657.0
658,-99.74288802811932,-2662.107957617044
659,14.0,-2669.0
660,68.34325799235711,-2671.4959649934704
661,163.0,-2674.0
662,257.0,-2672.0
663,287.2187325830165,-2669.451486323289
664,455.04582547704115,-2643.5868871960515
665,508.0,-2632.0
666,547.553125259674,-2620.8809901321747
667,622.0,-2583.0
668,648.4085143358542,-2566.760448277906
669,727.0,-2513.0
670,796.0,-2451.0
671,830.2702140791056,-2414.639803146468
672,953.0,-2259.0
673,972.9948882461691,-2229.704386372788
674,1017.8800004578437,-2156.1723295591587
675,1062.0,-2067.0
676,1066.7961540436536,-2056.1297373984366
677,1135.8415948415034,-1872.711580170303
678,1139.0,-1863.0
679,1165.039002413464,-1764.172335637557
680,1176.0,-1691.0
681,1191.0,-1551.0
682,1195.0,-1473.0
683,1195.1537981755985,-1457.5255899521394
684,1188.0534324300993,-1253.0102624720953
685,1179.0,-1108.0
686,1177.0333002903385,-1082.4072597792185
687,1166.441574454745,-996.0462320013486
688,1163.0,-973.0
689,1144.0506789357166,-846.8578428602735
690,1134.0,-786.0
691,1103.0,-605.0
692,1088.877906894986,-522.3812853751236
2,1019.0,-90.0
3,981.0,146.0
4,974.354872549472,188.48494578778553
5,956.0,311.0
6,954.3227309272149,321.95602746895213
7,926.0,507.0
8,917.7703192995148,563.3644321356742
9,893.0,737.0
10,880.6009761527596,824.5218666204527
11,871.0,893.0
12,867.2501276920405,919.9000109340349
13,840.4129645399197,1114.067003856188
14,832.0,1176.0
15,811.7363442604628,1328.9920835549503
16,809.0,1350.0
17,780.0,1574.0
18,766.5425102258594,1678.3708102582784
19,759.0,1738.0
20,755.8477591303546,1763.149650505074
21,735.0,1932.0
22,711.9145933162823,2123.8805329487504
23,699.0,2233.0
24,670.0,2495.0
25,642.0,2741.0
26,624.819361673472,2883.7432450550737
27,609.0,2983.0
28,597.8044305276096,3045.4183154528337
29,585.0,3112.0
30,572.3416413035307,3171.4852677362733
31,559.0,3226.0
32,538.9996705997727,3291.2573014379914
33,532.0,3310.0
34,488.62501345407173,3401.617993069504
35,478.0,3419.0
36,370.9525740400225,3534.6497291394035
37,350.0,3552.0
38,341.2036903040455,3558.6616399300365
39,318.0,3571.0
40,314.0941048026765,3572.7641617267254
41,233.95498806233743,3604.2963959817935
42,203.0,3613.0
43,116.71301244712396,3632.2130403461424
44,73.0,3641.0
45,22.453869909844016,3650.7725765434193
46,-19.0,3660.0
47,-32.00438101310327,3663.315068098472
48,-132.45104224880748,3692.7998439350786
49,-141.0,3696.0
50,-215.0,3731.0
51,-260.3540275702639,3760.5451317564025
52,-289.0,3782.0
53,-356.33145154490273,3835.9754726829333
54,-371.0,3848.0
55,-404.4354444266768,3875.779118562048
56,-439.0,3906.0
57,-521.0,3977.0
58,-529.6380658230053,3983.5321815720445
59,-630.0,4053.0
60,-636.0003803879528,4056.9075240689094
61,-675.0,4074.0
62,-683.5751724269583,4076.28284885228
63,-735.0,4088.0
64,-773.6893445415923,4090.0549820348247
65,-779.0,4090.0
66,-859.0,4076.0
67,-946.7994789159432,4026.134011955195
68,-947.0,4026.0
69,-966.4820477851333,4009.453411059616
70,-972.0,4003.0
71,-985.0293855988239,3987.9564404090816
72,-1011.8367726701072,3953.2488177030154
73,-1012.0,3953.0
74,-1048.0292996245043,3885.1949517617863
75,-1057.0,3865.0
76,-1063.614374305698,3848.5833696006416
77,-1074.0,3817.0
78,-1076.9602601312172,3807.1877276350606
79,-1092.0,3753.0
80,-1101.762911278565,3709.616746073443
81,-1107.0,3683.0
82,-1119.0,3612.0
83,-1124.3301900830081,3569.3298861990484
84,-1129.0,3517.0
85,-1129.5283725010727,3509.6023329163045
86,-1133.0,3418.0
87,-1132.912345115873,3409.734808534073
88,-1131.0,3356.0
89,-1130.09653864666,3338.4463307300193
90,-1121.0,3227.0
91,-1115.9999183623108,3188.7045629351983
92,-1108.0,3139.0
93,-1093.9397838776836,3070.5248696896815
94,-1084.0,3029.0
95,-1050.0,2905.0
96,-1045.1101544603923,2888.785717495093
97,-1017.0503084755084,2807.638247193779
98,-1012.0,2794.0
99,-947.0,2622.0
100,-918.9740035837648,2554.007216522576
101,-916.0,2547.0
102,-861.0,2415.0
103,-846.2523668616593,2379.8252670347956
104,-813.0,2301.0
105,-808.4207177206217,2290.1593434955407
106,-763.6916477794359,2184.179383914232
107,-759.0,2173.0
108,-715.0,2067.0
109,-672.0,1958.0
110,-656.1294857185836,1915.8076352944963
111,-574.0,1685.0
112,-569.7573995780967,1672.3162492015263
113,-527.922957475469,1533.198007160287
114,-513.0,1477.0
115,-486.0,1369.0
116,-482.8605339805699,1354.9435689470079
117,-461.0,1243.0
118,-452.1413426160335,1190.289656627578
119,-440.0,1095.0
120,-429.2463861540203,876.8439150878344
121,-429.0,848.0
122,-433.41022663051433,741.4580475103683
123,-441.0,681.0
124,-447.5516599030324,641.8216789012633
125,-458.3410688965094,594.0475419477682
126,-468.0,561.0
127,-503.61912057827135,476.69331672442604
128,-510.0,467.0
129,-617.6954897988184,341.3306450497826
130,-618.0,341.0
131,-645.3585633643081,311.88634553500617
132,-695.0,291.0
133,-718.3407552150695,281.0334951696991
134,-803.0,245.0
135,-884.5192654548683,213.84811996608158
136,-951.0,202.0
137,-1095.0,175.0
138,-1269.0,158.0
139,-1415.0,152.0
140,-1447.1972596060689,152.23165209318188
141,-1588.0,155.0
142,-1679.4343357619885,160.28094609208543
143,-1745.0,167.0
144,-1777.9249846380008,170.1985306669444
145,-1977.0,189.0
146,-2061.294975684043,196.9269356725492
147,-2107.0,201.0
148,-2158.5785035094414,205.49003043023842
149,-2257.0,214.0
150,-2302.584531765432,217.95080177514274
151,-2385.0,225.0
152,-2513.0497019623126,235.72915969244235
153,-2576.0,241.0
154,-2787.225140534218,258.9579596187901
155,-2860.0,265.0
156,-2871.4107746273257,265.9315712621434
157,-3107.1484742040875,284.33118283190987
158,-3145.0,287.0
159,-3205.0199595705553,290.98155501428533
160,-3334.0,300.0
161,-3395.884240112501,304.9358998507726
162,-3601.0,322.0
163,-3681.6100977023416,328.5398070716211
164,-3770.3088794669684,335.15296237730377
165,-3858.0,342.0
166,-3916.5012583159914,346.76482240624284
167,-3981.0,352.0
168,-4120.0,363.0
169,-4228.0935573904235,372.1317852480726
170,-4354.0,383.0
171,-4495.0,395.0
172,-4510.221954255892,396.3966382790328
173,-4559.0,401.0
174,-4692.869147402084,414.36136047507955
175,-4765.0,424.0
176,-5111.2455838029655,483.8545415432186
177,-5112.0,484.0
178,-5217.772618679947,509.5299923482712
179,-5252.0,521.0
180,-5367.952841934953,561.5342257510433
181,-5543.0,627.0
182,-5558.49515697575,633.3015648543188
183,-5687.667242510361,692.8359833398422
184,-5795.0,751.0
185,-5807.589273765397,757.9737897091227
186,-5968.0,849.0
187,-5982.232483576782,857.3030690062695
188,-6083.0,917.0
189,-6133.0,947.0
190,-6313.676948960492,1056.2983402512589
191,-6455.0,1142.0
192,-6471.0228441416075,1151.7219444402588
193,-6600.868218100937,1230.723868227851
194,-6678.0,1278.0
195,-6692.186413121852,1286.702471653548
196,-6722.0,1305.0
197,-6882.0,1404.0
198,-7001.007225312827,1480.285369761829
199,-7068.0,1524.0
200,-7196.0,1608.0
201,-7282.423263142107,1664.4234004580899
202,-7367.0,1720.0
203,-7447.743817580188,1774.131334522303
204,-7551.0,1844.0
205,-7649.0,1910.0
206,-7670.586495872432,1924.9264467280027
207,-7777.0,1994.0
208,-7926.0,2065.0
209,-7977.378028780311,2087.321482424442
210,-8005.094928293496,2095.959795162498
211,-8027.0,2102.0
212,-8093.818646619887,2120.446089850434
213,-8157.0,2136.0
214,-8219.830684331078,2146.013845548896
215,-8289.684787461934,2145.029078171407
216,-8290.0,2145.0
217,-8342.2626828306,2137.6396626321607
218,-8362.0,2133.0
219,-8393.0,2123.0
220,-8450.72927111772,2096.1483662467917
221,-8451.0,2096.0
222,-8499.0,2065.0
223,-8504.688227202287,2060.5505743452704
224,-8573.667832854819,1998.5223186198439
225,-8608.0,1965.0
226,-8634.014311244444,1937.5367985511762
227,-8655.0,1912.0
228,-8667.214914381715,1896.7500010373792
229,-8707.0,1846.0
230,-8716.623473740336,1833.3944940497825
231,-8751.0,1787.0
232,-8785.085267202512,1738.2936172161158
233,-8820.0,1686.0
234,-8834.726008078453,1663.3501355592534
235,-8885.0,1583.0
236,-8924.045877408018,1516.1168493788512
237,-8934.0,1498.0
238,-8962.50972783476,1443.211223978196
239,-8976.0,1416.0
240,-9019.0,1325.0
241,-9028.06214357684,1306.4193958202152
242,-9057.0,1247.0
243,-9111.0,1123.0
244,-9132.378868219785,1074.334749564664
245,-9143.0,1050.0
246,-9169.699237928231,986.9275227675992
247,-9206.0,900.0
248,-9235.0,837.0
249,-9263.0,781.0
250,-9294.0,724.0
251,-9300.696636490537,712.4856414372039
252,-9322.0,679.0
253,-9351.134619679315,639.8534173647697
254,-9400.0,583.0
255,-9437.768051639892,550.8806671162257
256,-9469.245242064086,537.8584223864616
257,-9484.0,533.0
258,-9503.882487813982,527.3393440521169
259,-9523.0,525.0
260,-9546.281147597625,526.1489371082664
261,-9589.837810739335,535.5701989139717
262,-9594.0,537.0
263,-9621.909997461971,549.4486850015794
264,-9641.0,560.0
265,-9674.0,581.0
266,-9691.0,594.0
267,-9708.379838567578,608.2393462683478
268,-9750.827157641008,645.839757748906
269,-9751.0,646.0
270,-9779.0,673.0
271,-9803.343118919813,698.5247332196388
272,-9832.0,730.0
273,-9859.917935571773,762.2257954380941
274,-9873.0,778.0
275,-9895.193382668405,805.3171531446967
276,-9924.0,842.0
277,-9952.52534466068,880.1895068756235
278,-9974.0,909.0
279,-9996.087373664626,937.9858367516822
280,-10034.0,987.0
281,-10043.50246297428,999.300652873494
282,-10089.0,1058.0
283,-10116.0,1092.0
284,-10143.379719615912,1125.0492370650063
285,-10209.795717827477,1202.5429021747236
286,-10225.0,1220.0
287,-10334.476010506194,1338.4076295829411
288,-10354.0,1358.0
289,-10421.0,1423.0
290,-10466.657467271314,1463.116744760734
291,-10504.0,1493.0
292,-10525.588870319727,1508.9334587206008
293,-10572.0,1539.0
294,-10675.57434606604,1593.2628840037817
295,-10694.0,1602.0
296,-10777.009474523344,1632.4921612795883
297,-10790.0,1636.0
298,-10834.0,1647.0
299,-10873.25117025919,1654.2815555194275
300,-10899.0,1657.0
301,-10991.0,1655.0
302,-11011.679745878722,1651.794614512188
303,-11104.0,1623.0
304,-11170.0,1590.0
305,-11208.0,1567.0
306,-11262.0,1527.0
307,-11313.0,1479.0
308,-11394.834189462223,1379.3737272154656
309,-11423.0,1343.0
310,-11481.603823451758,1256.5235564480838
311,-11493.0,1238.0
312,-11538.0,1165.0
313,-11583.0,1088.0
314,-11587.890100666636,1079.3334369851589
315,-11636.0,991.0
316,-11645.508183181159,972.9683902951244
317,-11693.269761426667,879.906422203129
318,-11715.0,837.0
319,-11776.0,716.0
320,-11788.826733013186,690.4755782695191
321,-11870.553804229237,527.4795252133447
322,-11898.0,473.0
323,-11918.682172858045,432.2712241284786
324,-11956.78227727213,359.2702093296754
325,-11989.0,298.0
326,-12068.603444592478,146.750279042306
327,-12069.0,146.0
328,-12131.650791307611,29.129212935177538
329,-12171.0,-42.0
330,-12176.11292658537,-51.22814898862641
331,-12254.0,-192.0
332,-12282.089542348021,-243.16985939739322
333,-12372.881722151105,-409.98491254811006
334,-12458.561590297415,-567.4868719284324
335,-12483.0,-612.0
336,-12505.377626852594,-652.519346361986
337,-12572.0,-772.0
338,-12632.68857681325,-880.4844281227266
339,-12656.0,-921.0
340,-12747.0,-1068.0
341,-12798.38606657608,-1145.795483011809
342,-12892.0,-1285.0
343,-12899.641563107596,-1296.3845838087022
344,-12956.645345422028,-1382.9936886452115
345,-12966.0,-1398.0
346,-13040.0,-1521.0
347,-13126.130383802936,-1667.7570318324765
348,-13139.0,-1690.0
349,-13170.11777633525,-1752.5966276292086
350,-13173.0,-1762.0
351,-13184.613689593229,-1801.5557466338894
352,-13201.0,-1878.0
353,-13202.66672716657,-1935.0143241629237
354,-13202.0,-1951.0
355,-13197.893941193255,-1998.3695025712632
356,-13188.0,-2060.0
357,-13172.0,-2127.0
358,-13161.647548587644,-2163.182488711982
359,-13155.0,-2184.0
360,-13119.0,-2268.0
361,-13114.051514732271,-2277.147316702703
362,-13048.464569516027,-2384.929736692738
363,-13035.0,-2404.0
364,-12961.533341351986,-2484.0900213421733
365,-12934.0,-2508.0
366,-12918.497699229298,-2520.845568498335
367,-12859.975955246926,-2564.094612994371
368,-12805.0,-2596.0
369,-12776.0,-2611.0
370,-12769.10230256402,-2614.5074549646915
371,-12616.0,-2681.0
372,-12569.478942374371,-2697.0125106743744
373,-12491.0,-2723.0
374,-12448.462850122753,-2736.96289697234
375,-12429.043360150128,-2744.961380338765
376,-12421.0,-2749.0
377,-12386.316490436557,-2766.806333672038
378,-12374.0,-2774.0
379,-12317.25974309501,-2821.257525122636
380,-12313.0,-2826.0
381,-12274.0,-2880.0
382,-12255.104132959203,-2917.5696686647684
383,-12244.0,-2947.0
384,-12231.94522643416,-2983.7183561310503
385,-12214.0,-3044.0
386,-12204.979280283598,-3078.07020265083
387,-12198.0,-3113.0
388,-12195.464119635151,-3126.2312459109844
389,-12179.727776352946,-3210.7326131029654
390,-12177.0,-3226.0
391,-12161.963422127461,-3318.672278238587
392,-12160.0,-3331.0
393,-12148.330668152546,-3402.1661340873816
394,-12147.0,-3410.0
395,-12135.0,-3476.0
396,-12116.53169824432,-3551.6993233629305
397,-12102.0,-3592.0
398,-12091.396434389866,-3615.12876851166
399,-12066.0,-3659.0
400,-12034.220925251891,-3700.527255788153
401,-12020.0,-3716.0
402,-11941.067396775386,-3790.3244170583403
403,-11903.0,-3824.0
404,-11848.743337210635,-3870.099623776883
405,-11805.543241471334,-3904.2712890615726
406,-11792.0,-3915.0
407,-11692.418847876514,-3994.2374112336674
408,-11684.0,-4001.0
409,-11642.0,-4035.0
410,-11623.727114106005,-4049.987561193252
411,-11496.0,-4157.0
412,-11447.039157888936,-4199.276432470595
413,-11375.0,-4267.0
414,-11291.0,-4353.0
415,-11237.0,-4414.0
416,-11133.0,-4560.0
417,-11079.893452210536,-4644.566174460109
418,-11057.0,-4681.0
419,-11040.005235886227,-4707.391095093562
420,-11006.0,-4755.0
421,-10957.2567676531,-4813.741525013101
422,-10957.0,-4814.0
423,-10890.0,-4871.0
424,-10867.84305298221,-4885.45730581374
425,-10839.0,-4896.0
426,-10802.0,-4906.0
427,-10782.4381089941,-4906.759679784344
428,-10767.0,-4905.0
429,-10730.174254993875,-4894.0770421144225
430,-10730.0,-4894.0
431,-10692.265593530266,-4869.593189784879
432,-10676.0,-4854.0
433,-10657.074452612374,-4830.908077342092
434,-10655.0,-4828.0
435,-10641.93287790849,-4807.32221463576
436,-10640.0,-4804.0
437,-10625.0,-4776.0
438,-10620.391677034824,-4765.926465146242
439,-10594.0,-4698.0
440,-10586.033819056192,-4673.9039825247055
441,-10581.0,-4654.0
442,-10574.522252648876,-4629.338000521322
443,-10566.0,-4593.0
444,-10559.0,-4556.0
445,-10553.580635065264,-4527.3800225003615
446,-10543.0,-4472.0
447,-10536.943485830941,-4439.4241216952805
448,-10532.0,-4412.0
449,-10524.45459176791,-4368.241691719494
450,-10521.0,-4347.0
451,-10508.0,-4253.0
452,-10502.775598203925,-4211.4792052315825
453,-10491.0,-4117.0
454,-10484.38808330655,-4064.6808842259884
455,-10474.476892625607,-3988.5755067943246
456,-10464.902086175121,-3919.339014293941
457,-10463.0,-3906.0
458,-10453.457150387087,-3841.0288065197947
459,-10448.0,-3804.0
460,-10424.0,-3643.0
461,-10390.0,-3428.0
462,-10377.287807248882,-3346.24902723936
463,-10365.748419728152,-3272.5743670852044
464,-10364.0,-3262.0
465,-10350.099120945464,-3177.63064782774
466,-10350.0,-3177.0
467,-10335.096491736718,-3077.625796058491
468,-10335.0,-3077.0
469,-10310.0,-2925.0
470,-10297.345428448785,-2848.036855591829
471,-10293.0,-2822.0
472,-10280.439139357679,-2748.9849124924835
473,-10263.0,-2651.0
474,-10219.488803207667,-2410.4147413664696
475,-10214.0,-2381.0
476,-10202.315875704584,-2321.0027140072284
477,-10189.0,-2257.0
478,-10173.858548504759,-2181.8628042701794
479,-10149.0,-2061.0
480,-10136.552376221742,-2004.016077908203
481,-10114.0,-1906.0
482,-10090.0,-1807.0
483,-10081.370917345404,-1771.8649687452512
484,-10027.901554301316,-1555.8833825243885
485,-10010.0,-1485.0
486,-9996.092420167446,-1431.2523580653776
487,-9966.0,-1324.0
488,-9954.579549023936,-1284.7006046233923
489,-9919.0,-1164.0
490,-9883.0,-1046.0
491,-9862.520362693544,-982.0478984729716
492,-9774.0,-721.0
493,-9756.328381866217,-670.8297454674033
494,-9710.015358281606,-542.3943249154677
495,-9663.0,-416.0
496,-9658.24631784138,-403.4683441116488
497,-9595.907874902967,-244.32782347349738
498,-9593.0,-237.0
499,-9565.585411926075,-168.24634163407492
500,-9546.0,-125.0
501,-9508.0,-49.0
502,-9488.0,-15.0
503,-9483.966956196138,-9.221229196331553
504,-9429.020277567774,54.14942907391851
505,-9388.0,93.0
506,-9380.281041776088,99.2204078621313
507,-9349.524472835024,113.34288252940738
508,-9341.0,116.0
509,-9295.385256748761,127.76276896319565
510,-9272.0,128.0
511,-9202.0,122.0
512,-9174.439162847397,118.3491096282954
513,-9138.0,102.0
514,-9112.449139238674,89.93616622738048
515,-9070.0,69.0
516,-9013.0,32.0
517,-8999.0,22.0
518,-8940.0,-20.0
519,-8925.152875191805,-31.6161471721615
520,-8889.0,-61.0
521,-8851.711180672142,-90.38684066225906
522,-8846.0,-95.0
523,-8807.896920372094,-127.14103239703795
524,-8756.0,-172.0
525,-8750.281195291049,-176.81086267051643
526,-8719.0,-203.0
527,-8673.475322161908,-242.4840883505492
528,-8629.0,-282.0
529,-8591.473753848684,-315.59206557034224
530,-8535.0,-368.0
531,-8419.0,-478.0
532,-8373.670509880543,-521.8370116640011
533,-8359.0,-536.0
534,-8337.213817574388,-556.7551977237393
535,-8260.103046971923,-629.4214640723501
536,-8252.0,-637.0
537,-8178.222744831321,-705.4534043165377
538,-8170.0,-713.0
539,-8079.6819456008225,-794.6451487011334
540,-7977.885286558945,-882.9639819793994
541,-7932.0,-921.0
542,-7903.442731060383,-944.1983298338503
543,-7836.0,-998.0
544,-7772.48514231494,-1048.0259699369103
545,-7706.0,-1096.0
546,-7550.542545146008,-1196.5872108425222
547,-7501.0,-1227.0
548,-7448.500306707313,-1255.8635039516555
549,-7420.0,-1269.0
550,-7327.344503499006,-1310.5650987808776
551,-7275.0,-1332.0
552,-7147.825727397164,-1374.6763061251033
553,-7109.0,-1385.0
554,-6947.0,-1417.0
555,-6878.0,-1427.0
556,-6768.1217457961475,-1439.5886534786446
557,-6752.0,-1441.0
558,-6529.964989622403,-1454.979456366463
559,-6440.0,-1460.0
560,-6319.5839848887745,-1467.5602187261886
561,-6225.0,-1474.0
562,-6172.191608173072,-1477.3698533490701
563,-6037.0,-1486.0
564,-5994.44301537116,-1488.8798529099256
565,-5978.0,-1490.0
566,-5840.773863083222,-1499.3272298830816
567,-5654.0,-1512.0
568,-5639.198673730077,-1513.003973548076
569,-5522.924518866187,-1520.8743194830608
570,-5461.0,-1525.0
571,-5408.336858493727,-1528.4880052326776
572,-5281.685565312773,-1536.8787797761681
573,-5250.0,-1539.0
574,-5175.0,-1544.0
575,-5100.456708625514,-1548.5698331666172
576,-4993.0,-1555.0
577,-4947.720166411092,-1557.945937897977
578,-4870.0,-1563.0
579,-4824.664797749912,-1565.6615941174887
580,-4701.0,-1572.0
581,-4609.23870433284,-1576.2398490563867
582,-4593.0,-1577.0
583,-4299.0,-1591.0
584,-4174.0,-1595.0
585,-4017.0,-1598.0
586,-3935.7874386763365,-1599.1723912204986
587,-3782.0,-1602.0
588,-3719.0,-1604.0
589,-3689.5232484653166,-1604.894045522508
590,-3547.036721514694,-1608.529699344044
591,-3529.0,-1609.0
592,-3298.2478385600616,-1615.4736087107015
593,-3282.0,-1616.0
594,-3208.2349112153665,-1618.9769525333486
595,-3159.0,-1622.0
596,-3089.056837462609,-1626.6337377926857
597,-3013.0,-1632.0
598,-2989.532365617261,-1633.7563892920432
599,-2904.8573049599636,-1640.6452471088164
600,-2848.0,-1646.0
601,-2779.0,-1654.0
602,-2732.335337793309,-1662.082981990512
603,-2689.0,-1672.0
604,-2675.0667882158004,-1675.6692704623547
605,-2629.0,-1690.0
606,-2588.0,-1709.0
607,-2538.9364271478576,-1752.6898176312736
608,-2490.0,-1814.0
609,-2474.952564862293,-1852.5185591605912
610,-2473.0,-1861.0
611,-2453.0,-1941.0
612,-2448.1741680147943,-1959.8002189748968
613,-2445.0,-1972.0
614,-2422.0,-2053.0
615,-2414.077236663774,-2077.1365614891934
616,-2405.0,-2102.0
617,-2388.4848280730885,-2140.5280674696005
618,-2367.0,-2185.0
619,-2363.9551328043617,-2191.075029571439
620,-2318.0,-2271.0
621,-2302.1960625716856,-2293.299433179166
622,-2251.506508689102,-2357.577616834053
623,-2245.0,-2365.0
624,-2204.0552603831134,-2406.3830260318614
625,-2145.0,-2452.0
626,-2130.0425534567057,-2462.160375932125
627,-2070.507564921376,-2496.2982088174267
628,-2034.0,-2513.0
629,-1992.0,-2530.0
630,-1977.7361847201664,-2535.260572261893
631,-1864.0,-2567.0
632,-1852.8436083523575,-2569.21846967823
633,-1744.5693557161574,-2587.2516023614007
634,-1699.0,-2594.0
635,-1653.4647292083819,-2600.065727273623
636,-1580.0,-2604.0
637,-1541.8591827038604,-2605.2770527022667
638,-1410.8804698008862,-2609.011102861717
639,-1368.0,-2610.0
640,-1196.8965373602634,-2610.924462348872
641,-1178.0,-2611.0
642,-1086.0,-2612.0
643,-876.0844625150494,-2617.4889655808884
644,-860.0,-2618.0
645,-764.4014271147134,-2621.455073416761
646,-681.9585713425831,-2625.130229982946
647,-663.0,-2626.0
648,-609.7826731388327,-2628.491289943443
649,-473.0,-2636.0
650,-416.51515260960707,-2639.5759144053927
651,-291.4298963969049,-2647.9760850380835
652,-277.0,-2649.0
653,-154.0,-2658.0
654,-90.02924289776061,-2662.267590681274
655,59.0,-2671.0
656,72.70211931033131,-2671.6633985127096
657,231.0,-2673.0
658,266.4486677833621,-2671.0641830251725
659,393.0,-2659.0
660,415.9060228254699,-2655.5193444788156
661,519.0,-2628.0
662,625.1631949455785,-2578.405553766136
663,665.0,-2558.0
664,725.9330008722922,-2524.75843975368
665,792.733177568513,-2457.8080852962885
666,815.0,-2432.0
667,911.0,-2318.0
668,922.7082784272969,-2303.6518813153816
669,996.7014715295256,-2196.546640006639
670,1020.0,-2147.0
671,1030.5894258733401,-2125.9985490405516
672,1098.0,-1985.0
673,1110.3860942095566,-1951.7395237435744
674,1130.0,-1892.0
675,1173.0,-1708.0
676,1177.0045314690142,-1683.3553193428654
677,1187.0,-1606.0
678,1194.0437405209145,-1503.3250237834188
679,1195.0,-1477.0
680,1195.0,-1345.0
681,1192.2757986616716,-1283.8257146659014
682,1182.7919313104787,-1150.1622531844155
683,1179.0,-1107.0
684,1172.6934416055014,-1046.2239598430706
685,1159.0,-947.0
686,1131.0,-771.0
687,1100.0,-585.0
688,1097.6622281832147,-571.1430028950141
689,1088.0,-514.0
1,1033.16871593234,-178.50150655605967
2,1020.0,-95.0
3,1015.9739375037767,-69.55546997332766
4,987.0,113.0
5,982.6818917748606,140.2371062918529
6,956.0,310.0
7,954.1185178914477,322.2063550227599
8,935.464678216351,444.9205106717861
9,935.0,448.0
10,916.9097302041923,568.4899183444395
11,896.0,712.0
12,867.9855168168567,913.8767721994047
13,863.0,948.0
14,856.0,995.0
15,848.9779504219912,1044.2306218091765
16,809.0,1349.0
17,804.2198601819606,1385.8618693399173
18,771.864003365905,1635.6659018675252
19,768.0,1666.0
20,757.3658562105445,1751.3777477038625
21,743.0,1871.0
22,734.5746730821998,1941.0158266531275
23,712.949370530941,2120.9047903396677
24,701.0,2222.0
25,686.8062489951774,2346.9688772155305
26,673.0,2473.0
27,669.8956219961418,2500.8026794228317
28,654.0,2640.0
29,638.5859839646769,2765.5172431115316
30,618.833128235879,2911.923810409898
31,594.2139178037927,3064.310221827056
32,583.0,3122.0
33,559.0,3222.0
34,536.119327799341,3291.940386472291
35,511.0,3357.0
36,476.87625540267993,3421.5702174822786
37,462.0,3442.0
38,425.0,3487.0
39,371.2360498145464,3535.280717747945
40,360.0,3544.0
41,313.0,3573.0
42,248.5389285058188,3597.1761238254007
43,170.0,3621.0
44,108.59684944779417,3636.0316798495746
45,15.0,3652.0
46,5.670598158762216,3653.724085732616
47,-57.893028529652696,3668.77610583233
48,-78.0,3675.0
49,-131.07890994596852,3692.8489394524136
50,-157.0,3703.0
51,-194.06772435843018,3720.027089043994
52,-218.0,3733.0
53,-267.62475371734456,3765.6972227838733
54,-319.0,3805.0
55,-338.8472680834,3820.7279110839686
56,-389.0,3862.0
57,-433.9132211087437,3901.2339882515266
58,-454.0,3919.0
59,-482.73086545316687,3944.249456641476
60,-521.0,3976.0
61,-533.3030160058759,3985.4577209216586
62,-604.9651083873393,4036.50411272744
63,-617.0,4045.0
64,-661.1941140772769,4071.9698480348243
65,-689.0,4078.0
66,-767.0,4090.0
67,-780.6946511362468,4091.590497676407
68,-817.7321317698363,4088.8853436244426
69,-834.0,4082.0
70,-849.1730404856141,4076.4005070164017
71,-910.0,4052.0
72,-918.1630311103961,4047.337461398901
73,-950.0,4024.0
74,-961.0,4014.0
75,-964.3396710047916,4010.5731621159207
76,-1018.5815117199392,3939.893451468073
77,-1026.0,3929.0
78,-1041.0837121991058,3903.598333235186
79,-1051.0,3879.0
80,-1070.0,3829.0
81,-1071.8820594147696,3823.2510651225552
82,-1091.6310691606586,3754.008687766766
83,-1105.0,3698.0
84,-1114.3094065375067,3650.394017548427
85,-1123.8755634069937,3578.624793817269
86,-1128.0,3539.0
87,-1130.99616412928,3505.0249239343348
88,-1133.3098816833178,3413.9546440337626
89,-1133.0,3403.0
90,-1128.2986783697222,3308.2212289742897
91,-1126.0,3276.0
92,-1111.3037949244792,3159.762908336636
93,-1111.0,3158.0
94,-1089.0,3047.0
95,-1058.6589348595317,2934.1594603881995
96,-1052.0,2912.0
97,-1028.0,2838.0
98,-972.0,2685.0
99,-968.1309477120213,2674.7472118009755
100,-936.024865285294,2593.521809825405
101,-909.0,2529.0
102,-872.0,2439.0
103,-855.4060029069203,2399.350739159338
104,-786.6271904095121,2237.5066597912114
105,-769.0,2196.0
106,-737.5728126316275,2121.2734334826587
107,-714.0,2063.0
108,-710.7292463854004,2054.805509153342
109,-660.7880362558083,1928.1716714420286
110,-641.0,1877.0
111,-600.3567142825532,1765.1550967112353
112,-587.0,1724.0
113,-541.3625181339225,1577.4530133184621
114,-526.0,1527.0
115,-499.8019021686914,1437.9088605529207
116,-486.9808342936526,1373.2619598515382
117,-483.0,1353.0
118,-463.0,1253.0
119,-454.2524711118575,1203.6663331125708
120,-427.13053906831396,959.3631173253348
121,-427.1437961081649,838.0068526050443
122,-431.0,774.0
123,-434.2589113969745,738.1377272419938
124,-445.0,654.0
125,-468.28392403471213,559.8792420186077
126,-471.0,552.0
127,-494.42189490615056,492.1031192704637
128,-537.0,426.0
129,-585.6575852459273,371.106966137913
130,-602.0,354.0
131,-642.911393495621,319.0416523060399
132,-667.0,307.0
133,-768.9926223483163,261.1000090043223
134,-831.0,235.0
135,-886.7190612209104,215.71131471779154
136,-934.0,206.0
137,-1100.6136705896165,176.8093854650364
138,-1173.0,165.0
139,-1199.7776069866893,161.02012071582723
140,-1253.2398473176756,158.07391568042374
141,-1255.0,158.0
142,-1402.4502770963484,151.65874612119723
143,-1423.0,151.0
144,-1469.617003542159,152.3688446532864
145,-1483.0,153.0
146,-1589.9560346033982,156.37431372058367
147,-1643.0,159.0
148,-1776.0,170.0
149,-1875.0,179.0
150,-1884.74968368865,179.92169247856836
151,-1989.0,190.0
152,-2122.7148759774855,202.1606680939355
153,-2290.0,217.0
154,-2340.2524789549407,221.61010960345527
155,-2413.0,228.0
156,-2441.0783009273664,230.33635518813347
157,-2706.0,252.0
158,-2716.9730532423264,252.91624451923118
159,-2821.0,262.0
160,-2850.710537659548,264.49515116138497
161,-2999.8527561292153,276.60191819668376
162,-3113.0,285.0
163,-3172.0,289.0
164,-3183.598076017038,289.7652992877365
165,-3292.0,297.0
166,-3307.138222084184,298.0976681761135
167,-3519.7747220926703,314.8442160949666
168,-3596.0,321.0
169,-3651.790707570199,325.4892130082117
170,-3794.083673522454,336.84644732375136
171,-3796.0,337.0
172,-4032.0,356.0
173,-4137.835502260156,364.5849126124131
174,-4192.0,369.0
175,-4417.992521272984,387.82262107567834
176,-4464.0,392.0
177,-4687.466232738069,415.2993209143298
178,-4820.0,432.0
179,-4902.61650287041,443.92267493859185
180,-5111.0,484.0
181,-5193.910479386437,504.6542621738315
182,-5378.435108572437,561.0996669012451
183,-5397.0,568.0
184,-5428.0,580.0
185,-5566.380075046459,637.5230825903097
186,-5629.0,666.0
187,-5735.4804768638605,719.2952135146551
188,-5780.0,743.0
189,-5880.99569190987,798.6439246317553
190,-5929.0,826.0
191,-6028.853015450778,884.8352706608356
192,-6061.0,904.0
193,-6208.0,992.0
194,-6234.729139342692,1008.1663527586705
195,-6369.0,1090.0
196,-6522.451561067587,1183.5986305308365
197,-6546.0,1198.0
198,-6874.095098004824,1399.37463543713
199,-6917.0,1426.0
200,-7064.0,1522.0
201,-7072.917633737151,1527.8604010578
202,-7239.0,1636.0
203,-7309.4448888032775,1682.167749590356
204,-7409.0,1748.0
205,-7524.506501788315,1825.3842154916135
206,-7552.0,1844.0
207,-7644.263892106501,1907.1155666601471
208,-7679.0,1931.0
209,-7727.1095993882955,1963.7608748697087
210,-7729.0,1965.0
211,-7821.0,2017.0
212,-7998.52204171899,2091.0718087636483
213,-8019.0,2099.0
214,-8086.2054836479465,2119.8162745697946
215,-8087.0,2120.0
216,-8165.0,2137.0
217,-8226.366865921731,2145.4895185826217
218,-8234.0,2146.0
219,-8303.366446413558,2143.750947676667
220,-8323.0,2141.0
221,-8372.0,2130.0
222,-8423.149277126113,2110.400236563482
223,-8424.0,2110.0
224,-8467.776203313357,2086.1739938150577
225,-8484.0,2076.0
226,-8551.0,2022.0
227,-8623.0,1948.0
228,-8683.0,1877.0
229,-8751.0,1788.0
230,-8791.975697006903,1728.2761559070304
231,-8839.0,1657.0
232,-8868.606183343267,1609.7478420778734
233,-8882.0,1587.0
234,-8897.223450696109,1560.8442339503504
235,-8945.57964883867,1475.6036277430514
236,-8955.0,1458.0
237,-8976.59986393453,1415.298500836434
238,-9001.0,1364.0
239,-9051.385270667979,1256.4083437868492
240,-9085.0,1184.0
241,-9100.517667900596,1149.9098211165679
242,-9117.0,1110.0
243,-9120.234976395208,1102.3288945650354
244,-9183.80956823661,953.1297494452359
245,-9209.0,895.0
246,-9250.579823103162,804.0818827086565
247,-9273.0,762.0
248,-9293.325511074127,725.4282421658631
249,-9321.0,680.0
250,-9323.605077287273,676.085804942134
251,-9359.0,628.0
252,-9365.427732151897,620.3722268689058
253,-9401.0,583.0
254,-9435.123232531714,555.3773436836397
255,-9442.0,552.0
256,-9505.931843655404,528.3700949073807
257,-9507.0,528.0
258,-9524.762839034305,521.6970694905283
259,-9536.0,525.0
260,-9542.961194787622,526.9256326274738
261,-9620.0,549.0
262,-9638.018904694809,555.9949327724743
263,-9665.0,575.0
264,-9679.698064036907,585.8958134856994
265,-9724.0,621.0
266,-9755.600455393045,650.6952262327998
267,-9777.0,672.0
268,-9797.677738798782,693.5869232053722
269,-9820.0,718.0
270,-9841.622916896735,741.4034058538043
271,-9854.0,755.0
272,-9919.0,834.0
273,-9925.416654926947,843.4163492116393
274,-9934.0,856.0
275,-10032.92133234535,985.6041666502157
276,-10034.0,987.0
277,-10072.897636818983,1037.9012170887986
278,-10114.0,1090.0
279,-10133.472253315016,1113.540333026193
280,-10165.0,1151.0
281,-10213.141890996369,1207.0627208915164
282,-10234.0,1231.0
283,-10259.823286161109,1260.1355073802051
284,-10287.0,1289.0
285,-10412.085346980772,1413.475041863385
286,-10423.0,1424.0
287,-10490.080194555921,1483.4689471596676
288,-10524.0,1507.0
289,-10541.262108147337,1518.5871144759608
290,-10605.0,1558.0
291,-10662.024055737867,1586.9714615714945
292,-10708.0,1608.0
293,-10744.067516777994,1621.7885597467186
294,-10765.0,1628.0
295,-10818.321870428374,1642.4975944023035
296,-10857.0,1651.0
297,-10927.0,1659.0
298,-10959.85188873122,1658.437082728236
299,-11015.0,1651.0
300,-11065.78488080103,1636.9445577298604
301,-11093.0,1627.0
302,-11143.713561869876,1604.6401757548072
303,-11145.0,1604.0
304,-11206.646926621455,1568.475708034629
305,-11226.0,1555.0
306,-11272.0,1518.0
307,-11296.764876211306,1495.7601459039472
308,-11333.0,1457.0
309,-11346.422002424735,1440.8780912259874
310,-11415.720368570279,1351.5106616520889
311,-11435.0,1326.0
312,-11460.0,1290.0
313,-11462.714789335538,1285.865299227306
314,-11519.0,1199.0
315,-11552.601371304921,1141.4325345667553
316,-11572.0,1107.0
317,-11599.038612717595,1058.9308585394888
318,-11636.0,991.0
319,-11680.855864943747,904.256768553958
320,-11738.0,791.0
321,-11741.890739332448,783.2397460032421
322,-11795.38335179785,675.834346364177
323,-11810.0,647.0
324,-11891.0,488.0
325,-11939.473946573156,393.239956757028
326,-11968.03587469006,338.5268663565822
327,-11982.0,312.0
328,-12020.702341174,238.68706626771012
329,-12029.0,223.0
330,-12120.156142888507,51.24908471098613
331,-12145.0,5.0
332,-12175.413213394659,-50.81039542068628
333,-12221.090983029284,-132.08565941686152
334,-12242.0,-170.0
335,-12299.903185954454,-275.2198509998867
336,-12308.0,-289.0
337,-12329.0,-324.0
338,-12402.0,-458.0
339,-12432.233569454194,-515.8033469511086
340,-12474.0,-595.0
341,-12574.186549140322,-777.6025384089837
342,-12612.0,-845.0
343,-12638.479559796817,-891.3385300546429
344,-12686.0,-969.0
345,-12722.012409142253,-1025.2696139392103
346,-12865.427447324599,-1244.8020565260235
347,-12884.0,-1273.0
348,-12927.391212738825,-1338.0520600013592
349,-12944.0,-1364.0
350,-12972.771206220315,-1411.065264478993
351,-13043.04069221512,-1530.4314440471267
352,-13100.835666682475,-1631.2946919709611
353,-13165.6967516259,-1755.175539873952
354,-13189.0,-1809.0
355,-13200.256338114648,-1845.7139473801928
356,-13202.325237377074,-1889.2021774359741
357,-13202.0,-1909.0
358,-13200.902337804819,-1944.9517456829008
359,-13199.0,-1978.0
360,-13194.206321796739,-2020.8636691811569
361,-13191.0,-2039.0
362,-13177.125336418498,-2099.2938291179366
363,-13150.0,-2196.0
364,-13136.143040251318,-2237.236973818846
365,-13110.0,-2286.0
366,-13092.56656712899,-2317.423404499229
367,-13080.0,-2339.0
368,-13059.90231437549,-2370.6010875623724
369,-13044.0,-2392.0
370,-12980.349109818895,-2461.49648278157
371,-12930.0,-2511.0
372,-12905.533597906491,-2534.0865520210305
373,-12860.172300431002,-2566.3410166177596
374,-12817.0,-2589.0
375,-12727.366338835545,-2632.979824802337
376,-12666.0,-2662.0
377,-12612.67433375618,-2685.5934188345846
378,-12575.022107672869,-2696.3170193004207
379,-12556.0,-2702.0
380,-12479.798635490128,-2726.8017951079933
381,-12444.0,-2740.0
382,-12381.0,-2770.0
383,-12370.955411687972,-2776.136821017642
384,-12349.0,-2791.0
385,-12332.366148813198,-2803.6911466543593
386,-12300.912926141062,-2839.612439007231
387,-12300.0,-2841.0
388,-12246.0,-2940.0
389,-12222.38512619975,-3000.03709064937
390,-12214.0,-3046.0
391,-12211.0,-3058.0
392,-12208.349992990436,-3068.811468220213
393,-12195.0,-3129.0
394,-12187.939864538637,-3165.066727353909
395,-12175.0,-3238.0
396,-12174.101340603564,-3243.264055575134
397,-12164.0,-3305.0
398,-12156.529128512222,-3354.0520175047377
399,-12155.0,-3363.0
400,-12148.0,-3401.0
401,-12143.289967834677,-3430.103601182716
402,-12131.452412964361,-3495.2075247474113
403,-12131.0,-3497.0
404,-12078.0,-3640.0
405,-12074.684302624846,-3646.2317482969343
406,-11990.0,-3746.0
407,-11984.713521265036,-3750.996562104757
408,-11940.0,-3792.0
409,-11865.911778264028,-3854.8871962877197
410,-11809.0,-3901.0
411,-11802.51750329696,-3906.2137306767245
412,-11744.0,-3953.0
413,-11654.621385330636,-4024.6736601849507
414,-11653.0,-4026.0
415,-11551.951587486721,-4109.623639906651
416,-11518.0,-4138.0
417,-11483.958940137964,-4166.797511782688
418,-11440.0,-4207.0
419,-11434.132636974537,-4212.4172237786315
420,-11363.0,-4279.0
421,-11313.575022158611,-4328.68948376472
422,-11252.0,-4397.0
423,-11239.228481018563,-4412.423352140628
424,-11212.0,-4447.0
425,-11176.162327245876,-4496.02206040135
426,-11148.0,-4537.0
427,-11125.112545625749,-4571.844181209377
428,-11067.0,-4664.0
429,-11026.583506293604,-4725.862030904079
430,-11014.0,-4745.0
431,-10993.776227983433,-4775.359758256481
432,-10979.0,-4790.0
433,-10949.097380258158,-4817.438160876439
434,-10897.23778252079,-4863.405154361094
435,-10887.0,-4872.0
436,-10862.950675531381,-4886.659168768962
437,-10856.0,-4889.0
438,-10805.0,-4905.0
439,-10801.98449426439,-4905.375223043254
440,-10773.0,-4905.0
441,-10740.972160792317,-4898.991809656306
442,-10731.0,-4894.0
443,-10698.187434466025,-4872.840057105551
444,-10687.0,-4865.0
445,-10658.765765958922,-4840.652066538609
446,-10648.0,-4819.0
447,-10637.339564911248,-4799.070606250238
448,-10613.0,-4751.0
449,-10599.212514958152,-4715.823182975075
450,-10587.0,-4677.0
451,-10582.62243134876,-4661.4949857450765
452,-10573.36677492525,-4622.125705702408
453,-10570.0,-4608.0
454,-10566.0,-4592.0
455,-10565.375438911095,-4589.307250169193
456,-10552.288448938372,-4524.559635739144
457,-10552.0,-4523.0
458,-10528.0,-4386.0
459,-10527.128523082261,-4380.899801827628
460,-10522.00978148414,-4350.276787323049
461,-10517.0,-4315.0
462,-10501.589384005802,-4201.633521936329
463,-10496.0,-4159.0
464,-10490.239840983168,-4112.735873863696
465,-10480.443914456486,-4031.0164679019013
466,-10479.0,-4020.0
467,-10460.0,-3882.0
468,-10455.993770609775,-3854.1070395672004
469,-10443.0,-3767.0
470,-10433.726456792228,-3705.318481168445
471,-10423.0,-3635.0
472,-10419.728948741975,-3613.960596581099
473,-10397.996742164583,-3477.282632852825
474,-10394.0,-3452.0
475,-10379.0,-3357.0
476,-10371.99091842796,-3314.346819330539
477,-10361.0,-3247.0
478,-10326.877944264928,-3026.4477418019746
479,-10322.0,-2995.0
480,-10312.891333469766,-2939.7382407821037
481,-10309.0,-2917.0
482,-10289.499450933241,-2800.939222235647
483,-10289.0,-2798.0
484,-10263.975333893683,-2653.7599431267104
485,-10261.0,-2637.0
486,-10236.0,-2500.0
487,-10233.718643415488,-2487.82846236452
488,-10207.70297737883,-2351.3847004013687
489,-10182.543983299121,-2222.733313765644
490,-10182.0,-2220.0
491,-10143.0,-2035.0
492,-10140.715189941842,-2024.6696067058958
493,-10114.0,-1906.0
494,-10100.856535296827,-1849.8353032017453
495,-10065.691439893071,-1704.8216001448936
496,-10065.0,-1702.0
497,-10037.155711695515,-1590.0012492242865
498,-10032.0,-1570.0
499,-9963.0,-1314.0
500,-9945.588806360218,-1252.078486867163
501,-9902.692579732868,-1108.7386613540502
502,-9883.0,-1046.0
503,-9853.80498956618,-954.6627018297713
504,-9829.0,-880.0
505,-9769.30830729129,-705.7749625575685
506,-9768.0,-702.0
507,-9716.690970475827,-559.3749239451528
508,-9709.0,-539.0
509,-9684.65615555663,-474.777547393642
510,-9652.0,-389.0
511,-9640.643129132477,-359.26809255317306
512,-9614.0,-290.0
513,-9604.005222781716,-264.33896183680486
514,-9576.0,-194.0
515,-9563.944165698691,-164.9580211507933
516,-9536.0,-104.0
517,-9519.195945172716,-71.90476889744662
518,-9475.0,4.0
519,-9449.278721930958,40.21180040114767
520,-9410.0,76.0
521,-9404.94108850986,80.03216436179923
522,-9374.0,101.0
523,-9330.69643027205,118.7932791757728
524,-9330.0,119.0
525,-9293.2716045149,126.36288686773166
526,-9260.0,128.0
527,-9237.853398653868,126.77262568529815
528,-9218.0,124.0
529,-9175.684336875142,113.95993091360744
530,-9144.0,104.0
531,-9089.369986108588,79.3791839729596
532,-9065.0,65.0
533,-9012.625398463937,31.700048769780306
534,-8995.0,20.0
535,-8957.676790006799,-6.299273337235147
536,-8932.0,-26.0
537,-8903.645049907695,-48.569103652904175
538,-8882.0,-66.0
539,-8852.283443119948,-89.99076348591785
540,-8817.0,-119.0
541,-8795.446750664858,-137.38856857816862
542,-8743.0,-183.0
543,-8651.610001106912,-261.9459499456936
544,-8640.0,-272.0
545,-8594.975202736538,-311.75179094193004
546,-8572.0,-333.0
547,-8561.398702137194,-342.72625427754724
548,-8508.0,-392.0
549,-8460.763347753644,-437.4752465167777
550,-8413.0,-484.0
551,-8335.212288060478,-558.5749752338469
552,-8278.0,-613.0
553,-8240.509810577058,-648.4089656060278
554,-8180.0,-704.0
555,-8157.3623775579335,-724.4940522048835
556,-8110.0,-767.0
557,-8048.380980202582,-821.1159519543927
558,-8029.0,-838.0
559,-7907.0,-941.0
560,-7840.320639087085,-993.1207005475417
561,-7711.735280145445,-1090.4427449744753
562,-7664.0,-1126.0
563,-7614.20624704397,-1160.6911998681123
564,-7588.0,-1176.0
565,-7502.126389588197,-1225.080690418464
566,-7438.0,-1260.0
567,-7315.0,-1316.0
568,-7220.390110383756,-1348.175944985059
569,-7054.0,-1398.0
570,-7029.001842905084,-1404.7959988907367
571,-6974.748870207182,-1415.1452605677791
572,-6928.0,-1420.0
573,-6907.190834543945,-1422.5692728139668
574,-6773.0,-1439.0
575,-6760.167169856324,-1440.2465974186705
576,-6584.118339313314,-1451.8794661206348
577,-6582.0,-1452.0
578,-6464.75572264833,-1458.8299596443983
579,-6462.0,-1459.0
580,-6191.962457521482,-1476.5473529219244
581,-6154.0,-1479.0
582,-6075.749272083656,-1483.7599819543307
583,-6022.467725523795,-1486.905777592167
584,-6021.0,-1487.0
585,-5814.909615240248,-1500.806197774471
586,-5812.0,-1501.0
587,-5599.565633400905,-1515.021981994181
588,-5525.0,-1520.0
589,-5433.671516980933,-1526.479476335748
590,-5249.0,-1539.0
591,-5079.0,-1550.0
592,-5056.27292852634,-1551.4671107494137
593,-4942.530950474452,-1558.7629587266895
594,-4878.0,-1562.0
595,-4787.293316264946,-1566.7885086942806
596,-4580.0,-1578.0
597,-4538.145509335648,-1580.4000950806726
598,-4403.490962605187,-1587.482148095461
599,-4359.0,-1589.0
600,-4197.200775187857,-1594.0018814953964
601,-4090.0,-1597.0
602,-3970.5296059575608,-1598.2407202518405
603,-3930.0,-1599.0
604,-3675.4496358091587,-1605.924763577828
605,-3563.0,-1609.0
606,-3448.3448742999267,-1611.3765435247492
607,-3375.0,-1613.0
608,-3291.6567176277626,-1615.4851695544542
609,-3227.0,-1618.0
610,-3144.466274291485,-1622.484231190444
611,-3077.0,-1627.0
612,-2998.1413410901255,-1632.8391962957617
613,-2996.0,-1633.0
614,-2901.076653718786,-1640.441421674601
615,-2868.0,-1644.0
616,-2762.9610615223105,-1658.5104885844548
617,-2700.0,-1669.0
618,-2673.240161742649,-1674.3222818762101
619,-2637.4597803575234,-1686.146767552512
620,-2616.0,-1696.0
621,-2589.6941800131895,-1708.5913603769943
622,-2578.0,-1715.0
623,-2540.8348130328363,-1742.2426320345453
624,-2532.0,-1751.0
625,-2495.0,-1805.0
626,-2492.67311992092,-1809.7337975604376
627,-2474.3236491457706,-1857.8156876170633
628,-2465.0,-1890.0
629,-2453.0,-1940.0
630,-2441.0,-1990.0
631,-2439.702150480155,-1995.1167004990045
632,-2423.0,-2052.0
633,-2420.73908636529,-2058.3755826607344
634,-2392.787902433006,-2128.9270599724823
635,-2375.0,-2170.0
636,-2348.195635715742,-2223.1622479139664
637,-2326.1154698245186,-2257.7179856838115
638,-2322.0,-2264.0
639,-2297.0,-2301.0
640,-2293.0942650781903,-2306.395236449106
641,-2230.0,-2381.0
642,-2220.129424602909,-2390.712429545668
643,-2174.2247869591774,-2430.052855457108
644,-2173.0,-2431.0
645,-2101.0,-2480.0
646,-2095.7171969922438,-2483.1164146790506
647,-2029.1137719531682,-2516.514913060604
648,-2013.0,-2523.0
649,-1923.0,-2552.0
650,-1916.164428709818,-2553.871279667205
651,-1836.0,-2573.0
652,-1828.8868270947692,-2574.453410332817
653,-1763.0,-2586.0
654,-1656.364520089288,-2598.152430565113
655,-1638.0,-2600.0
656,-1496.0,-2608.0
657,-1368.0,-2610.0
658,-1312.4613721697397,-2610.748322843871
659,-1224.5106186602402,-2610.9516588085003
660,-1208.0,-2611.0
661,-1093.0,-2612.0
662,-1023.6635162731419,-2613.4060970236155
663,-962.0,-2615.0
664,-903.9076322603521,-2616.5844224610273
665,-803.0,-2620.0
666,-706.5305444423491,-2624.6996679679487
667,-679.0,-2626.0
668,-565.0,-2631.0
669,-450.8662322519482,-2637.8208526583344
670,-448.0,-2638.0
671,-276.0,-2649.0
672,-264.22067430484407,-2649.8214181437784
673,-101.08466916780577,-2661.8945638743503
674,-84.0,-2663.0
675,91.0,-2672.0
676,143.51108827989242,-2673.353070062273
677,275.85149259879466,-2671.4884658057786
678,288.0,-2671.0
679,360.1069118599582,-2667.1169080279305
680,455.0,-2647.0
681,469.0372274638777,-2642.5059247753506
682,616.0775034538451,-2584.934452828075
683,634.0,-2577.0
684,761.4021404369107,-2490.513502363873
685,794.0,-2453.0
686,924.8279129818302,-2296.757111668025
687,941.0,-2276.0
688,976.8278608160572,-2226.8402918699853
689,1027.336578021558,-2136.6304893940355
690,1043.0,-2105.0
691,1067.497515178674,-2054.350844029499
692,1112.0,-1949.0
693,1147.4486010965452,-1830.9412781936235
694,1151.0,-1817.0
695,1172.0,-1717.0
696,1178.9056236994754,-1671.1463946620797
697,1191.8321973859552,-1539.6770608163538
698,1192.0,-1537.0
699,1196.0,-1431.0
700,1195.1506652931275,-1329.4012186707153
701,1194.0,-1308.0
702,1173.0,-1056.0
703,1165.8165157575559,-982.8126321425798
704,1152.9441498024423,-906.6028891861753
705,1150.0,-889.0
706,1126.8558711969383,-748.019202196301
707,1109.0,-639.0
708,1093.093402557325,-543.4535441817798
709,1085.0,-499.0
1,1068.2337009307712,-393.32427129721975
2,1019.0,-92.0
3,1016.3263998521389,-75.5247800203611
4,994.5077214757437,61.491010763871856
5,993.0,71.0
6,974.0,191.0
7,973.7691164118232,192.4740452646098
8,946.0,373.0
9,941.6132258385467,402.1548035673403
10,920.9285632853938,542.7244961486521
11,912.0,604.0
12,884.2155998002034,795.0780618445341
13,878.0,838.0
14,862.7518294796331,945.5286217736676
15,856.0,996.0
16,848.6975486581651,1050.448196839266
17,826.0,1220.0
18,825.7772607605873,1221.673319215143
19,807.0,1364.0
20,797.169633023683,1440.470833706549
21,780.0,1575.0
22,774.1199776034526,1620.5199605095904
23,745.0,1846.0
24,731.7260244467734,1957.1303580643962
25,729.0,1980.0
26,711.0,2129.0
27,697.3170295601739,2250.045354139475
28,678.0,2429.0
29,668.3887318168545,2515.287408040849
30,663.0,2563.0
31,645.5563394814116,2713.7391900412385
32,642.0,2743.0
33,632.0,2821.0
34,629.3862545349798,2839.850770729189
35,588.0,3095.0
36,580.1045924681541,3136.4418600774266
37,550.7119303583735,3255.4939006993377
38,537.0,3296.0
39,515.3473130457493,3350.698187971532
40,479.3303451018934,3418.535949569359
41,465.0,3439.0
42,396.0,3516.0
43,395.3030163443668,3516.612832469586
44,320.8174297563722,3566.607267776091
45,260.0,3595.0
46,203.00212297995412,3613.7106770681125
47,161.0,3623.0
48,97.82573210937151,3635.7844260381307
49,6.0,3654.0
50,-2.2293376188555225,3655.713781040058
51,-56.0,3669.0
52,-76.63710604947991,3675.042121629212
53,-158.0,3703.0
54,-218.67643636170163,3734.0005660320753
55,-232.0,3742.0
56,-311.0,3798.0
57,-338.17039469680867,3819.7794875520717
58,-394.0,3867.0
59,-443.34739215478317,3909.9252893881057
60,-499.0,3958.0
61,-559.5825027766098,4007.2249401354884
62,-629.0,4052.0
63,-629.6089589559748,4052.310671177018
64,-679.8026467658553,4073.6585718594006
65,-755.0,4090.0
66,-755.602341341662,4090.041933453226
67,-859.0,4075.0
68,-866.5092403990029,4072.7627043463162
69,-913.0,4050.0
70,-924.4327868806683,4042.3403892123133
71,-960.0,4015.0
72,-971.4969143379448,4003.893316269345
73,-1000.0,3970.0
74,-1003.3556642923404,3965.471748579792
75,-1028.0,3926.0
76,-1055.9891445890512,3864.0298531021376
77,-1063.0,3847.0
78,-1076.2017349572448,3811.0567866315646
79,-1083.0,3787.0
80,-1095.3051528727467,3738.5784281908445
81,-1098.0,3727.0
82,-1110.4480663335544,3664.613044675213
83,-1116.0,3629.0
84,-1128.0,3533.0
85,-1128.080099043131,3532.2149675301303
86,-1132.6525067434675,3465.1666397768868
87,-1133.0,3444.0
88,-1131.0,3347.0
89,-1128.900181683539,3309.5274168957044
90,-1116.0,3189.0
91,-1103.42458842113,3117.705939573306
92,-1100.0,3100.0
93,-1077.0,3000.0
94,-1057.6659591829612,2933.5337857799145
95,-1034.0,2856.0
96,-1018.2290493604643,2805.8632912877015
97,-997.0,2751.0
98,-990.7786594494067,2734.756548792757
99,-951.0,2632.0
100,-885.0689052157624,2471.0262466968206
101,-868.0,2430.0
102,-842.6648846265656,2370.8975928485447
103,-819.0,2316.0
104,-745.1930668304717,2139.5793273979607
105,-706.0,2045.0
106,-682.576892836489,1987.5023678072084
107,-658.0,1922.0
108,-654.0609960299086,1911.3464160933795
109,-594.0,1745.0
110,-589.2040741392149,1730.8274241967579
111,-577.0,1694.0
112,-539.5315364416017,1575.933511381518
113,-536.0,1564.0
114,-502.9236667222847,1441.8623804729841
115,-500.0,1430.0
116,-467.0,1275.0
117,-464.3682054749406,1260.2801003296338
118,-444.0,1124.0
119,-436.05550060724147,1041.120847254679
120,-432.0,979.0
121,-429.4332285336024,917.3861203335288
122,-429.0,896.0
123,-432.0,766.0
124,-432.0786101885356,764.5147181849837
125,-437.7157567951263,690.3862632561611
126,-447.0,642.0
127,-482.2092808912722,533.3297802787232
128,-503.0,480.0
129,-529.0,437.0
130,-544.277455153997,419.9803715205544
131,-651.0,318.0
132,-730.4906614677585,270.92996480282875
133,-789.0834005134733,249.22378432634125
134,-816.0,240.0
135,-855.6798188959654,227.3985698366922
136,-895.0,216.0
137,-1018.0761655997268,186.9954843866959
138,-1043.0,183.0
139,-1140.4512475650727,170.11352015260593
140,-1232.0,160.0
141,-1320.678603225427,153.43310846957746
142,-1371.0,153.0
143,-1407.071767879085,152.25299893109565
144,-1451.0,152.0
145,-1513.7377464982912,153.05011015882968
146,-1564.0,155.0
147,-1629.0851076847637,158.58544112785205
148,-1738.0,166.0
149,-1773.07023582423,168.7865632883481
150,-1848.0,176.0
151,-1951.0315196386825,185.61588305259917
152,-1987.0,189.0
153,-2077.3643796530855,197.6914381667706
154,-2154.0,205.0
155,-2286.0,217.0
156,-2314.429106118434,219.49496787405897
157,-2474.0,233.0
158,-2610.0,244.0
159,-2611.949496429237,244.15855206156652
160,-2793.0,259.0
161,-2795.020894967053,259.1675229848864
162,-3022.0,278.0
163,-3063.328674216203,280.9107175329423
164,-3168.0,288.0
165,-3227.0,292.0
166,-3361.7689045228667,302.68927310484986
167,-3390.0,305.0
168,-3629.0,324.0
169,-3692.009071487584,328.885091576336
170,-3782.0,336.0
171,-3815.533948433673,338.77297297969267
172,-3937.0,349.0
173,-4026.548620696998,355.9999604745874
174,-4077.0,360.0
175,-4378.0,385.0
176,-4380.769955589246,385.2325957570257
177,-4484.65055152501,393.9932374669636
178,-4586.0,404.0
179,-4602.237391060655,405.7301172881357
180,-4713.0,418.0
181,-4762.015919136405,423.8717949562344
182,-4841.0,435.0
183,-5040.1861082861,472.24850494697597
184,-5207.0,508.0
185,-5280.415310034794,528.3885402170697
186,-5300.0,535.0
187,-5455.0,590.0
188,-5516.746744539635,614.456284510535
189,-5682.0,692.0
190,-5828.904294700369,770.7523083326155
191,-5962.0,845.0
192,-6030.983141098775,884.581951735084
193,-6098.675061999869,925.7463812298048
194,-6150.0,957.0
195,-6309.0,1053.0
196,-6311.390648241396,1054.4477836230753
197,-6439.0,1132.0
198,-6470.791901220675,1151.3801335147236
199,-6570.0,1212.0
200,-6704.756523281631,1294.573478147313
201,-6774.0,1337.0
202,-6815.222454881265,1362.2316707809878
203,-6905.0,1418.0
204,-6948.233607924884,1445.8451501904183
205,-7049.0,1512.0
206,-7150.0,1578.0
207,-7255.009170036195,1646.326648415035
208,-7350.0,1709.0
209,-7480.435340979211,1796.2075512637311
210,-7535.0,1833.0
211,-7601.006622182955,1878.1675842671903
212,-7687.0,1936.0
213,-7733.6134594691,1963.8852703739678
214,-7844.303669722066,2027.0527646202602
215,-7867.0,2039.0
216,-7969.297269217005,2082.0015273000636
217,-8002.0,2093.0
218,-8020.4322771698635,2099.5010470930815
219,-8068.0,2114.0
220,-8101.482465697896,2121.4296799604385
221,-8185.254962944732,2137.3663024950224
222,-8232.0,2145.0
223,-8244.091213677548,2146.599469797747
224,-8288.0,2145.0
225,-8305.963260700692,2142.891480192766
226,-8345.0,2137.0
227,-8370.485990989799,2130.676976316696
228,-8415.0,2114.0
229,-8427.07677506195,2108.431387495931
230,-8483.189478784641,2076.302049937222
231,-8488.0,2073.0
232,-8575.0,1999.0
233,-8588.043261979896,1985.8748800896985
234,-8662.287928191025,1903.1898839296316
235,-8679.0,1883.0
236,-8738.908585365854,1804.886319428363
237,-8792.540412707844,1728.090739417763
238,-8796.0,1723.0
239,-8826.56367874568,1676.7931615646814
240,-8860.0,1623.0
241,-8865.136534164409,1614.5598638068245
242,-8905.0,1548.0
243,-8905.714057694102,1546.7835566934596
244,-8954.0,1459.0
245,-8986.097096574487,1394.5868884896076
246,-9043.0,1277.0
247,-9077.844696590855,1202.6845994338523
248,-9101.153112935717,1147.3377541713025
249,-9111.0,1124.0
250,-9151.077265380098,1029.6778176641492
251,-9159.0,1011.0
252,-9180.974853865464,959.0053506263621
253,-9197.0,922.0
254,-9244.0,817.0
255,-9267.342882112423,767.0022037890669
256,-9300.0,715.0
257,-9341.0,652.0
258,-9395.0,589.0
259,-9427.0,562.0
260,-9448.374755341458,547.5209398362663
261,-9485.0,533.0
262,-9502.070554136299,529.4078487404985
263,-9535.0,525.0
264,-9586.0,535.0
265,-9586.419880607396,535.1956995058988
266,-9675.0,582.0
267,-9684.730356997836,587.8303961069782
268,-9708.0,607.0
269,-9741.816760857684,638.0863179793605
270,-9769.0,664.0
271,-9786.643086633823,681.5898512115464
272,-9830.78219466758,728.9659167013547
273,-9847.0,747.0
274,-9895.914305829232,804.0885465687204
275,-9899.0,808.0
276,-9939.0,861.0
277,-9952.450916789416,879.233244732967
278,-9995.0,937.0
279,-10011.87471149162,959.3644113651533
280,-10052.0,1011.0
281,-10053.062756362113,1012.3506460185068
282,-10145.0,1128.0
283,-10173.140666220948,1162.4033009214788
284,-10224.0,1219.0
285,-10302.66011096779,1305.67836234885
286,-10320.0,1324.0
287,-10395.012814543588,1398.4825933927787
288,-10482.152925429882,1474.828491635209
289,-10513.0,1499.0
290,-10600.065597097133,1556.100987962581
291,-10653.0,1584.0
292,-10669.140154947705,1591.6603139748395
293,-10719.0,1612.0
294,-10719.572873765492,1612.212747459896
295,-10798.734584616883,1638.5080041898273
296,-10812.0,1642.0
297,-10889.0,1656.0
298,-10896.621156141151,1656.7462873554778
299,-10977.0,1657.0
300,-10977.64921474696,1656.9431271472668
301,-11056.0,1641.0
302,-11105.060720598678,1621.9723027860325
303,-11134.0,1609.0
304,-11158.56368918776,1596.7318251263796
305,-11197.20462522645,1573.1750055467867
306,-11202.0,1570.0
307,-11261.0,1527.0
308,-11267.428927818535,1521.5248396738714
309,-11322.0,1468.0
310,-11352.367456561016,1434.99782935877
311,-11401.0,1374.0
312,-11408.332507097224,1363.892348740438
313,-11492.0,1241.0
314,-11519.742330385194,1196.6742462806715
315,-11536.0,1169.0
316,-11559.884624489761,1128.934435111558
317,-11610.0,1040.0
318,-11678.0,909.0
319,-11678.95191308799,907.1442086830443
320,-11719.638832672277,826.9906484573621
321,-11748.0,770.0
322,-11783.423155483355,699.162163697674
323,-11816.0,635.0
324,-11838.909562140008,590.8026438339399
325,-11860.0,550.0
326,-11904.243596527891,462.0402508160109
327,-11920.0,431.0
328,-11983.0,310.0
329,-11995.527514178837,285.8748634021175
330,-12036.0,208.0
331,-12085.0,116.0
332,-12104.50302765046,79.6378425966244
333,-12141.0,12.0
334,-12192.0,-81.0
335,-12232.550990029733,-153.82400408555048
336,-12285.0,-247.0
337,-12310.861295154293,-292.65760061282174
338,-12359.0,-379.0
339,-12407.629294524077,-469.1410089370833
340,-12471.0,-588.0
341,-12490.809306963687,-625.1351464944859
342,-12528.701110389826,-695.3961890685647
343,-12545.0,-725.0
344,-12600.79346035124,-825.3014062064726
345,-12608.0,-838.0
346,-12712.0,-1012.0
347,-12751.979913760868,-1076.036461165916
348,-12790.0,-1135.0
349,-12872.0,-1255.0
350,-12909.568685820404,-1312.5404672362115
351,-13013.0,-1477.0
352,-13074.12813005993,-1579.4114625328095
353,-13103.0,-1628.0
354,-13131.196460666133,-1674.921691926437
355,-13141.0,-1694.0
356,-13193.0,-1824.0
357,-13199.5775184926,-1847.6002323663972
358,-13206.09524645954,-1914.821248367981
359,-13200.0,-1969.0
360,-13191.121074110206,-2026.5439755129023
361,-13177.485945855398,-2097.3386575036047
362,-13169.0,-2138.0
363,-13152.727406078171,-2199.380933686635
364,-13130.0,-2246.0
365,-13076.039406060348,-2341.750719224183
366,-13060.0,-2369.0
367,-13037.68378159181,-2404.325761305267
368,-13016.0,-2427.0
369,-13010.797420789944,-2432.5414603219265
370,-12957.0,-2488.0
371,-12922.978790655627,-2517.506579956319
372,-12874.0,-2553.0
373,-12864.999668500144,-2558.8771099846017
374,-12772.0,-2613.0
375,-12760.163588863314,-2619.510512630006
376,-12704.0,-2645.0
377,-12701.927839956243,-2645.831880113912
378,-12580.0,-2693.0
379,-12498.859363715499,-2722.5346095485816
380,-12461.404032911814,-2732.4733706257834
381,-12448.0,-2738.0
382,-12391.0,-2764.0
383,-12390.140237456739,-2764.418115292415
384,-12335.0,-2803.0
385,-12296.64715715326,-2848.6137590800536
386,-12276.0,-2876.0
387,-12231.99600249689,-2954.1359813385225
388,-12221.0,-3015.0
389,-12218.491217636067,-3025.6547839743025
390,-12210.0,-3059.0
391,-12194.03476182285,-3133.242392042868
392,-12190.0,-3154.0
393,-12178.0,-3222.0
394,-12168.030273408784,-3279.8403912337403
395,-12167.0,-3286.0
396,-12153.184875073539,-3371.8304330515994
397,-12148.0,-3404.0
398,-12133.0,-3488.0
399,-12132.811209685955,-3488.8516292598374
400,-12112.0,-3564.0
401,-12074.720589514593,-3644.891533601706
402,-12004.28596783706,-3731.117641799312
403,-11896.0,-3829.0
404,-11894.878844208695,-3829.949523720068
405,-11772.438307545723,-3930.005596092421
406,-11745.0,-3952.0
407,-11712.980841538703,-3977.451252208904
408,-11682.673448902666,-4001.2660502042554
409,-11678.0,-4005.0
410,-11630.081451111468,-4043.6455125629764
411,-11532.0,-4126.0
412,-11451.413642986025,-4196.787181348261
413,-11376.0,-4266.0
414,-11331.713705888043,-4309.466896511506
415,-11253.220990685524,-4394.985496229686
416,-11248.0,-4401.0
417,-11171.0,-4503.0
418,-11154.352451403587,-4528.1768948490735
419,-11087.0,-4633.0
420,-11063.684802348693,-4669.284240834795
421,-11029.0,-4723.0
422,-11001.645730454922,-4763.9956880975415
423,-10983.0,-4785.0
424,-10948.67307036617,-4822.488929261001
425,-10941.0,-4830.0
426,-10892.0,-4869.0
427,-10891.423669606456,-4869.393355329466
428,-10852.720450250672,-4891.011818853707
429,-10837.0,-4896.0
430,-10783.0,-4907.0
431,-10753.959773888888,-4908.168676270926
432,-10736.0,-4897.0
433,-10735.501314922622,-4896.663928345465
434,-10674.870102941171,-4852.419558514933
435,-10672.0,-4850.0
436,-10655.425153462576,-4833.332509875532
437,-10642.0,-4808.0
438,-10620.0,-4766.0
439,-10608.0,-4737.0
440,-10595.0,-4702.0
441,-10591.294124521726,-4690.8639281222295
442,-10586.0,-4673.0
443,-10577.0,-4637.0
444,-10573.282233659138,-4621.00959252869
445,-10556.0,-4541.0
446,-10553.540024088663,-4528.452743995796
447,-10548.862845717553,-4502.159326669308
448,-10545.0,-4481.0
449,-10541.861600292405,-4464.330278056434
450,-10533.0,-4416.0
451,-10528.216615985051,-4387.723737395161
452,-10511.0,-4278.0
453,-10509.763547376893,-4269.472058469678
454,-10503.159944036091,-4216.245305145819
455,-10499.0,-4180.0
456,-10487.0,-4082.0
457,-10483.567861148538,-4054.4996310137653
458,-10471.424529231004,-3961.3621569309353
459,-10470.0,-3951.0
460,-10455.137339203926,-3845.686814742852
461,-10441.0,-3748.0
462,-10429.493275645698,-3671.684854273874
463,-10417.0,-3596.0
464,-10404.0,-3517.0
465,-10403.732889321238,-3515.339793213373
466,-10386.10928712882,-3402.3390159192973
467,-10384.0,-3389.0
468,-10348.978546622418,-3170.509512227865
469,-10347.0,-3158.0
470,-10328.0,-3032.0
471,-10327.662580668473,-3029.9033394975527
472,-10301.478165303548,-2870.142746218785
473,-10283.0,-2759.0
474,-10269.827688706775,-2682.1295503759534
475,-10260.521536258495,-2632.2145970599236
476,-10259.0,-2624.0
477,-10231.098521585009,-2473.7588111659466
478,-10226.0,-2447.0
479,-10203.696540754963,-2333.0909057036947
480,-10196.0,-2294.0
481,-10168.0,-2153.0
482,-10134.401045994544,-1996.8396535940285
483,-10128.0,-1968.0
484,-10098.777043838814,-1841.359594781269
485,-10084.0,-1780.0
486,-10065.852370026794,-1705.6947394329381
487,-10059.0,-1678.0
488,-10011.615535511019,-1492.324039148937
489,-9991.0,-1415.0
490,-9937.511955935946,-1225.332111356424
491,-9932.0,-1207.0
492,-9867.233525291549,-1000.0159976843509
493,-9851.0,-949.0
494,-9829.603879133603,-882.2278199837506
495,-9812.0,-830.0
496,-9767.0,-699.0
497,-9737.176059725925,-615.1052467683965
498,-9701.617775705765,-518.7441643815149
499,-9689.0,-485.0
500,-9647.0,-374.0
501,-9620.640192533267,-304.95149844865955
502,-9599.0,-251.0
503,-9558.72348727859,-155.49331568902116
504,-9549.0,-133.0
505,-9515.371228373911,-59.494058191969934
506,-9500.828961188636,-34.89576715478641
507,-9492.0,-21.0
508,-9451.0,36.0
509,-9443.617453405766,44.04484081190038
510,-9388.96102922531,87.74513364328192
511,-9303.172489924435,121.2717807981972
512,-9253.284443835739,126.62144221533445
513,-9213.274751142048,123.62815796583217
514,-9199.0,121.0
515,-9169.0,113.0
516,-9143.707969128096,104.41440442951715
517,-9130.0,99.0
518,-9087.0,78.0
519,-9086.237410943031,77.57554970794776
520,-9019.199266499625,35.550077528474574
521,-8989.0,15.0
522,-8954.438459961888,-9.664418748229703
523,-8916.0,-39.0
524,-8877.349413409951,-69.71542952641911
525,-8866.0,-79.0
526,-8752.111538967076,-174.6872479083935
527,-8740.0,-185.0
528,-8709.93518994301,-210.8392137875909
529,-8679.500912619158,-237.78487711321688
530,-8661.0,-254.0
531,-8596.0,-311.0
532,-8595.056693080642,-311.8451582654677
533,-8528.0,-374.0
534,-8423.24861442928,-473.3077337118665
535,-8390.0,-505.0
536,-8331.23935437713,-561.8001119256677
537,-8299.0,-593.0
538,-8298.507925163625,-593.4674591666262
539,-8209.25674660646,-676.4797066969784
540,-8151.821335431183,-728.9961129816332
541,-8132.0,-747.0
542,-8018.0,-848.0
543,-7848.0,-989.0
544,-7633.0,-1146.0
545,-7632.142039695476,-1146.5826800799812
546,-7522.0,-1215.0
547,-7429.65533898573,-1263.7466201204281
548,-7381.0,-1287.0
549,-7218.0,-1352.0
550,-7204.020121776581,-1356.8236744590056
551,-7100.0,-1387.0
552,-7097.506342171913,-1387.5701813636792
553,-6865.0,-1429.0
554,-6862.5868298559735,-1429.3662196586756
555,-6756.681667598684,-1442.0201688142856
556,-6681.0,-1446.0
557,-6624.180308095585,-1448.9127523109225
558,-6567.0,-1452.0
559,-6477.695056519548,-1457.472213058723
560,-6422.0,-1461.0
561,-6277.0,-1470.0
562,-6219.127958459786,-1473.7773842954828
563,-6026.0,-1487.0
564,-5965.375070799873,-1491.0987255366415
565,-5773.0,-1504.0
566,-5683.27904286311,-1510.0036802324682
567,-5623.0,-1514.0
568,-5536.502503324073,-1519.6948271791548
569,-5410.0,-1528.0
570,-5346.017198047252,-1532.200410541094
571,-5288.0,-1536.0
572,-5137.3358050554425,-1545.78929405882
573,-5057.0,-1551.0
574,-4886.224457481358,-1562.0394309607261
575,-4855.0,-1564.0
576,-4734.389547245804,-1571.1873829193642
577,-4602.525419934546,-1577.5008434121617
578,-4590.0,-1578.0
579,-4512.0,-1581.0
580,-4371.183417458064,-1587.9702407767822
581,-4307.0,-1591.0
582,-4124.401819057155,-1596.3303468876736
583,-4086.0,-1597.0
584,-3835.522904976668,-1600.6699807089599
585,-3816.0,-1601.0
586,-3674.0791562654244,-1604.3372623066346
587,-3562.0,-1608.0
588,-3442.312573821479,-1611.481045666083
589,-3293.702017399672,-1615.7181257200057
590,-3227.0,-1618.0
591,-3180.1460034648303,-1620.0775101209792
592,-3110.0,-1625.0
593,-3099.6556347415835,-1625.7091905917691
594,-2996.0,-1633.0
595,-2956.936417567714,-1636.1770000511817
596,-2812.5996284197754,-1650.0870884398207
597,-2796.0,-1652.0
598,-2720.0,-1665.0
599,-2719.450189691923,-1665.1267217214659
600,-2668.7087903094084,-1677.6951298056028
601,-2617.0,-1695.0
602,-2616.1092999766074,-1695.3772975868999
603,-2569.0,-1721.0
604,-2554.2099553740736,-1731.873861052321
605,-2526.0,-1758.0
606,-2521.944962183961,-1762.553079071142
607,-2495.0,-1806.0
608,-2478.5724944615386,-1850.1625635478872
609,-2462.0,-1903.0
610,-2449.6070230961645,-1948.8080871680916
611,-2439.0,-1998.0
612,-2435.610107231659,-2009.780558220266
613,-2422.0,-2053.0
614,-2410.156557318219,-2086.40341331129
615,-2391.0,-2135.0
616,-2349.0,-2218.0
617,-2341.7704260837395,-2230.10366438781
618,-2308.0,-2285.0
619,-2291.5669616031714,-2310.9075285312792
620,-2271.5475163609613,-2338.315579467722
621,-2249.0,-2360.0
622,-2177.4259219578857,-2425.4380452985633
623,-2141.0,-2454.0
624,-2102.1032441628104,-2479.744689058528
625,-2024.5829565433894,-2517.880344047037
626,-1993.0,-2530.0
627,-1956.5395526125108,-2542.1063146055903
628,-1865.5891357548326,-2565.4668468808104
629,-1816.0,-2576.0
630,-1798.9108803532304,-2579.292888025148
631,-1685.0455599325278,-2595.298995810629
632,-1637.0,-2600.0
633,-1556.0,-2606.0
634,-1526.655812699916,-2607.1690950328953
635,-1388.0,-2610.0
636,-1340.5306784799711,-2610.3759671707485
637,-1278.0,-2610.0
638,-1175.9333575231126,-2611.3247249564943
639,-1130.0,-2612.0
640,-1012.0,-2614.0
641,-898.7501851148824,-2617.0318249955944
642,-805.0,-2620.0
643,-697.6570110797231,-2624.2670486605507
644,-611.136808086864,-2628.9301435327307
645,-554.0,-2632.0
646,-534.536420446959,-2633.0090378462955
647,-383.6015411460588,-2641.278709584973
648,-373.0,-2642.0
649,-197.0,-2655.0
650,-168.4386444277419,-2656.993202916357
651,-76.0,-2663.0
652,-27.32213092132477,-2665.964476742456
653,175.0,-2674.0
654,177.40682385861737,-2673.9900322661333
655,350.3806431957085,-2662.8655689475404
656,438.0,-2650.0
657,475.0881303185623,-2642.6768088125514
658,529.424808965393,-2627.239519265267
659,595.0,-2597.0
660,605.0324278064206,-2591.6737301974126
661,689.0,-2541.0
662,717.5201834777415,-2519.757440838551
663,751.0,-2492.0
664,825.0,-2421.0
665,893.927891798805,-2339.57716370018
666,928.0,-2294.0
667,987.0,-2206.0
668,987.9424794641985,-2204.4692669616115
669,1035.0,-2122.0
670,1035.836764461659,-2120.419763898374
671,1072.0,-2046.0
672,1109.5835757921209,-1949.0532213704992
673,1153.0,-1811.0
674,1153.4793053134658,-1809.2258962300768
675,1178.9727023583978,-1669.9496139077235
676,1180.0,-1661.0
677,1196.0,-1452.0
678,1196.1949429580388,-1390.0034747854245
679,1195.0,-1358.0
680,1181.0,-1130.0
681,1171.584504738805,-1023.5901193088156
682,1164.0,-979.0
683,1144.0,-852.0
684,1141.645823020166,-837.1863328089188
685,1115.975126637029,-679.8047255971925
686,1114.0,-668.0
687,1088.825398472851,-520.894154074123
1,1042.0,-232.0
2,1023.0,-115.0
3,1004.8934569190465,-3.1949978117956173
4,998.0,40.0
5,971.5131547456325,209.83429009335686
6,962.0,272.0
7,939.0,424.0
8,934.3555848539395,454.5203381429717
9,925.0,516.0
10,910.9698126788576,609.5522308615456
11,902.0,671.0
12,877.0,850.0
13,858.3246627788204,980.5805181356692
14,849.0,1047.0
15,835.8149552317789,1144.6148859098594
16,819.0,1271.0
17,815.0422131155433,1299.879621537862
18,807.0,1359.0
19,795.6723886450544,1449.5841797112068
20,786.0,1528.0
21,750.0,1812.0
22,747.3874216197969,1832.530508836342
23,718.5230927354398,2064.7468446563603
24,717.0,2078.0
25,694.0,2284.0
26,691.0109675715131,2310.6021582453827
27,664.0,2550.0
28,658.7783252274402,2596.3905299204534
29,636.5140032458578,2787.460532420633
30,635.0,2799.0
31,621.4159179371094,2900.603053983513
32,610.0,2977.0
33,598.1155138718279,3044.6533354321978
34,584.0,3116.0
35,575.221338918362,3158.8136845644844
36,558.0,3226.0
37,517.2746808889831,3340.9973030879314
38,505.0,3373.0
39,493.9417954266585,3399.833673483932
40,482.0,3411.0
41,435.2151094367699,3475.627549456842
42,430.0,3482.0
43,382.0,3529.0
44,342.9018572290283,3557.040241360462
45,315.0,3573.0
46,272.4871163365078,3590.917373035855
47,258.0,3596.0
48,134.0,3629.0
49,64.96642511345019,3642.621191862994
50,23.0,3651.0
51,-16.05540149059628,3659.617892340878
52,-88.0,3678.0
53,-195.53409511490867,3719.738996349576
54,-206.0,3726.0
55,-308.0,3796.0
56,-333.99374997337395,3815.1864642910577
57,-366.0,3843.0
58,-433.0,3901.0
59,-471.69486360277676,3937.0743042631566
60,-551.0,4000.0
61,-614.0,4043.0
62,-624.3339620314771,4049.943115891908
63,-680.0,4076.0
64,-751.0,4090.0
65,-786.7135797223214,4091.187411853987
66,-806.0,4088.0
67,-902.0,4057.0
68,-907.0082169361453,4055.1125236304338
69,-935.0,4037.0
70,-945.9365809529494,4026.023755991168
71,-986.7563954015887,3984.0195311794396
72,-1006.0,3961.0
73,-1028.9328810172103,3928.323886071655
74,-1064.2674931267823,3851.4672721164643
75,-1077.1997973943273,3810.132531125594
76,-1089.0,3766.0
77,-1102.2079790309751,3706.6910957570135
78,-1110.0,3666.0
79,-1115.3298158593643,3635.934574299093
80,-1119.0,3613.0
81,-1127.0,3546.0
82,-1128.351090113814,3530.8883521781427
83,-1133.0,3417.0
84,-1132.6717639459503,3398.51564088075
85,-1128.0,3303.0
86,-1125.6493504988425,3269.14560141712
87,-1116.0,3189.0
88,-1091.8547772936588,3068.377322709192
89,-1071.0,2978.0
90,-1050.181374834585,2900.550501311509
91,-1017.0,2807.0
92,-997.0306892168309,2752.4416250424306
93,-980.0,2707.0
94,-943.0,2613.0
95,-922.4503412157973,2561.6042097908025
96,-897.0,2499.0
97,-851.0,2390.0
98,-841.320295370637,2367.3785170077476
99,-797.0,2264.0
100,-792.2085210426864,2252.717387280803
101,-758.0,2171.0
102,-728.9799342391291,2099.7293926151715
103,-676.0,1967.0
104,-671.2477234481024,1954.9462289248286
105,-620.0,1819.0
106,-611.7601617126745,1795.6780497172308
107,-581.0,1706.0
108,-553.402910507964,1620.3476378092973
109,-538.0,1569.0
110,-522.2059526790404,1513.4579920337374
111,-500.0,1430.0
112,-473.1279895340545,1309.6628889927015
113,-473.0,1309.0
114,-451.0,1180.0
115,-436.82767219024,1047.309573100365
116,-435.0,1024.0
117,-429.0,899.0
118,-437.0313038636427,733.1042981774619
119,-442.0,671.0
120,-449.77011498063047,623.2325390782008
121,-454.0,609.0
122,-479.0,530.0
123,-482.31812011030047,521.8617100166608
124,-518.0,454.0
125,-522.4933646287991,446.9579556242588
126,-562.0430405241588,394.1117123711367
127,-573.0,382.0
128,-621.229021131061,338.17596713433977
129,-648.0,319.0
130,-714.0,282.0
131,-721.6076499185019,278.2764508605807
132,-784.0,251.0
133,-816.4186977700093,239.16556915532263
134,-901.0,214.0
135,-953.9788948497376,200.864552749419
136,-990.0,193.0
137,-1063.379797851803,179.6052321447654
138,-1101.0,174.0
139,-1178.3457179791196,164.86597485710865
140,-1198.0,163.0
141,-1298.0,156.0
142,-1318.4592886172802,154.99443138450295
143,-1423.0,152.0
144,-1465.5024721242014,151.92073302619778
145,-1476.0,152.0
146,-1568.3607790849517,154.50734330246752
147,-1579.0,155.0
148,-1750.0,167.0
149,-1772.7267109447455,169.01992199696744
150,-1897.0,181.0
151,-1955.8526171291678,186.38081667194018
152,-2006.0,191.0
153,-2100.0,200.0
154,-2209.0,210.0
155,-2345.3509036563178,221.84631895350668
156,-2359.0,223.0
157,-2479.0,233.0
158,-2533.1052405973587,237.63831923114228
159,-2641.0,247.0
160,-2692.4389396568813,251.33967803759143
161,-2835.0,263.0
162,-2955.1863752565673,272.72526648500457
163,-3047.0,280.0
164,-3108.375999940625,284.5786405829127
165,-3191.0,290.0
166,-3202.969867532748,290.7949276844487
167,-3307.0,298.0
168,-3321.314002394286,299.0874145165061
169,-3499.0,314.0
170,-3528.620556934508,316.3890893818199
171,-3679.0,328.0
172,-3805.870827963016,338.1605285762829
173,-3853.0,342.0
174,-3930.286885585111,348.34487789830666
175,-4082.6048758026354,360.7815034089778
176,-4098.0,362.0
177,-4175.0,368.0
178,-4292.887219363848,377.19165701687353
179,-4338.0,381.0
180,-4479.0,394.0
181,-4599.645030473925,405.23539871870173
182,-4645.0,410.0
183,-4785.768658939407,427.47385151930297
184,-4819.0,432.0
185,-4922.0,447.0
186,-5110.54055925119,484.31913743418085
187,-5126.0,488.0
188,-5344.0,550.0
189,-5359.332297999046,555.2249147001486
190,-5481.0,601.0
191,-5602.0,653.0
192,-5739.74108953098,721.5593499083834
193,-5772.0,739.0
194,-5927.847085033885,826.6760458782629
195,-6053.0,899.0
196,-6203.0,989.0
197,-6349.279810784529,1077.592648782977
198,-6396.0,1106.0
199,-6540.0,1194.0
200,-6574.655764579479,1215.0923641811264
201,-6668.82259633967,1272.441332130906
202,-6686.0,1283.0
203,-6925.0,1431.0
204,-6956.4564419094,1450.7071309160237
205,-7024.34632928731,1495.0661930071615
206,-7147.0,1576.0
207,-7171.218755691501,1591.7649903070724
208,-7304.0,1678.0
209,-7387.081290293734,1732.1277410576947
210,-7469.0,1788.0
211,-7493.5541975696715,1804.99460855842
212,-7661.2147812680505,1920.1054908208205
213,-7707.0,1950.0
214,-7771.063567645704,1989.3114789410338
215,-7873.431777823884,2041.8787030284873
216,-7880.0,2045.0
217,-7954.269657681837,2076.476480646508
218,-7978.0,2085.0
219,-8086.016070377743,2119.887977664556
220,-8094.0,2122.0
221,-8178.199266367648,2138.972936622847
222,-8193.0,2141.0
223,-8221.0,2144.0
224,-8280.0,2146.0
225,-8298.665501246689,2144.860695525817
226,-8376.0,2129.0
227,-8417.472263601212,2113.2994187770714
228,-8429.0,2108.0
229,-8484.0,2076.0
230,-8511.0,2056.0
231,-8526.74615297717,2043.377462492895
232,-8572.0,2003.0
233,-8634.607681959134,1936.0063480666272
234,-8654.0,1913.0
235,-8698.0,1858.0
236,-8750.0,1790.0
237,-8796.0,1723.0
238,-8848.0,1642.0
239,-8925.0,1514.0
240,-8982.0,1405.0
241,-9005.0,1354.0
242,-9089.0,1174.0
243,-9117.493036793201,1108.8355652677078
244,-9165.0,998.0
245,-9185.991483874956,947.8652108114529
246,-9197.0,921.0
247,-9223.80922567084,860.5954781516058
248,-9245.0,817.0
249,-9259.715325118688,788.4984443759117
250,-9289.0,734.0
251,-9312.365129004467,692.2692056899043
252,-9334.0,661.0
253,-9369.0,616.0
254,-9398.642082745899,582.1582755696028
255,-9422.0,566.0
256,-9441.138382331395,555.5293867392304
257,-9497.0,530.0
258,-9526.157042011188,521.9406612053432
259,-9543.0,525.0
260,-9557.0,527.0
261,-9581.888149194114,533.4240376081805
262,-9608.0,543.0
263,-9656.0,569.0
264,-9664.671489157658,574.9773289719229
265,-9733.0,630.0
266,-9795.284694356564,691.5828228340695
267,-9809.0,706.0
268,-9834.361973270312,733.1651152754956
269,-9843.0,743.0
270,-9861.746468280027,764.7120190825253
271,-9874.0,779.0
272,-9910.0,822.0
273,-9925.20002702974,842.0127306411084
274,-9952.0,879.0
275,-9956.083001391056,884.5322499716922
276,-9992.543590469542,932.8765258392945
277,-9998.0,940.0
278,-10086.033961579018,1053.3457843049146
279,-10114.0,1089.0
280,-10139.460380279976,1121.1169392812396
281,-10167.63918539168,1154.6300669231641
282,-10180.0,1169.0
283,-10227.0,1223.0
284,-10242.153893959541,1239.9631318787392
285,-10315.0,1318.0
286,-10334.244773593597,1338.5148276550754
287,-10417.0,1420.0
288,-10427.17582144546,1428.7134377523557
289,-10539.0,1517.0
290,-10590.249346732904,1552.874744736337
291,-10632.0,1574.0
292,-10638.12244518546,1576.890000505241
293,-10712.96393739779,1609.8589580675095
294,-10729.0,1616.0
295,-10793.227783536056,1636.8788541619665
296,-10801.0,1639.0
297,-10867.148017972062,1652.9868081253453
298,-10881.0,1655.0
299,-10921.057535887987,1658.776246648818
300,-10942.0,1659.0
301,-10994.0,1655.0
302,-11068.0,1637.0
303,-11094.09687607011,1625.9367467491477
304,-11187.0,1580.0
305,-11200.120726929603,1573.5524818579415
306,-11233.209206640875,1558.3936086544393
307,-11285.0,1507.0
308,-11367.0,1417.0
309,-11429.265127565763,1340.7610607593354
310,-11464.485340461508,1286.433030564309
311,-11498.0,1231.0
312,-11521.321467307005,1193.4846212647137
313,-11560.0,1129.0
314,-11564.681832780923,1120.8355350062798
315,-11592.0,1072.0
316,-11628.935216696827,1002.6321363694972
317,-11673.0,918.0
318,-11704.429837639094,856.5173037320076
319,-11732.0,801.0
320,-11740.467295659611,784.4383186234493
321,-11773.0,721.0
322,-11866.29563029,537.4392119176416
323,-11899.0,473.0
324,-11928.419889467037,415.1400062707712
325,-11954.650732374725,364.39678136040385
326,-11958.0,358.0
327,-12050.46294776542,183.52895249079202
328,-12120.091078546902,53.35325319939021
329,-12177.397465097405,-52.43307661937546
330,-12233.588572038228,-154.66235550735033
331,-12275.0,-229.0
332,-12315.784083181332,-301.33680334407984
333,-12369.0,-397.0
334,-12434.0,-520.0
335,-12521.0,-682.0
336,-12527.533701318616,-693.9113211025565
337,-12580.0,-788.0
338,-12608.637622548422,-838.245233169543
339,-12670.0,-943.0
340,-12731.0,-1042.0
341,-12744.293964265078,-1063.015844819279
342,-12831.0,-1195.0
343,-12844.959252291012,-1216.038505944833
344,-12955.0,-1382.0
345,-13005.825577245969,-1463.6665167085607
346,-13015.0,-1480.0
347,-13089.165900042457,-1605.7558163601234
348,-13140.0,-1693.0
349,-13153.818446119705,-1718.2385740090608
350,-13168.0,-1751.0
351,-13194.748414577805,-1838.0162245571366
352,-13198.0,-1855.0
353,-13202.669084351332,-1904.6734363777812
354,-13201.0,-1962.0
355,-13198.892793650162,-1987.0411833701078
356,-13195.0,-2020.0
357,-13183.902900083804,-2081.9620187266623
358,-13177.0,-2108.0
359,-13153.09685705422,-2179.848260933418
360,-13114.156766626156,-2277.641943670579
361,-13114.0,-2278.0
362,-13093.772573105982,-2318.3795644191655
363,-13079.0,-2341.0
364,-12981.0,-2465.0
365,-12860.0,-2562.0
366,-12797.0,-2600.0
367,-12755.926184558683,-2621.962162053181
368,-12714.0,-2642.0
369,-12654.045976456973,-2666.401849336787
370,-12620.0,-2679.0
371,-12570.111676646742,-2696.56095186916
372,-12554.0,-2702.0
373,-12478.0,-2727.0
374,-12449.493258954724,-2737.5645551278944
375,-12397.0,-2761.0
376,-12334.484610649994,-2804.008951033025
377,-12330.0,-2808.0
378,-12304.0,-2836.0
379,-12268.06011435165,-2895.011732374347
380,-12250.0,-2929.0
381,-12236.616487828773,-2956.2974755780006
382,-12219.740174804669,-3016.277639976372
383,-12215.0,-3039.0
384,-12208.591279538612,-3066.972539476126
385,-12203.0,-3091.0
386,-12195.0,-3127.0
387,-12192.60901422749,-3139.156179956586
388,-12184.093596723094,-3188.7193022544066
389,-12183.0,-3195.0
390,-12169.0,-3273.0
391,-12165.518228725821,-3294.1532256347105
392,-12154.0,-3367.0
393,-12141.0,-3441.0
394,-12136.0,-3470.0
395,-12126.747755752924,-3526.971711469997
396,-12099.0,-3599.0
397,-12009.889910558983,-3722.7057739289776
398,-11995.0,-3741.0
399,-11909.019544312094,-3819.9271268779457
400,-11889.0,-3836.0
401,-11849.0,-3869.0
402,-11833.219983823832,-3881.913003619311
403,-11776.0,-3928.0
404,-11697.682114709192,-3990.814944221521
405,-11606.666189504303,-4063.9842630602016
406,-11598.0,-4071.0
407,-11554.626278841391,-4106.520019046084
408,-11527.018403620441,-4130.395425882122
409,-11494.0,-4159.0
410,-11449.0,-4198.0
411,-11385.37997749341,-4255.350728088104
412,-11358.0,-4283.0
413,-11302.798898652149,-4342.748696204008
414,-11206.0,-4454.0
415,-11180.712778538102,-4485.298526426723
416,-11161.0,-4518.0
417,-11100.0,-4613.0
418,-11077.642338583835,-4648.538032292605
419,-11041.0,-4706.0
420,-11036.883124898677,-4712.075638879269
421,-11004.0,-4758.0
422,-10973.0,-4797.0
423,-10941.827491610224,-4829.380670625026
424,-10938.0,-4833.0
425,-10898.0,-4865.0
426,-10871.027049773587,-4879.729509893334
427,-10814.0,-4903.0
428,-10791.86476732893,-4908.48038111609
429,-10765.0,-4905.0
430,-10756.876002909516,-4902.205549315941
431,-10712.890009278273,-4879.187129444666
432,-10667.614339181691,-4842.9874308794615
433,-10650.0,-4822.0
434,-10629.022234983637,-4785.344055466045
435,-10621.0,-4768.0
436,-10616.420027294322,-4757.537109609322
437,-10606.0,-4732.0
438,-10591.955982364716,-4693.480812389236
439,-10589.0,-4684.0
440,-10578.339030512318,-4643.555657015781
441,-10575.0,-4630.0
442,-10568.824344960454,-4605.087384924972
443,-10564.0,-4584.0
444,-10558.524364259481,-4557.279604909798
445,-10552.0,-4523.0
446,-10538.093062807708,-4447.333936948692
447,-10529.0,-4397.0
448,-10522.003407153234,-4356.910487042334
449,-10516.0,-4312.0
450,-10506.0,-4235.0
451,-10504.951105227823,-4226.659428345197
452,-10497.0,-4162.0
453,-10474.33581522269,-3987.94391016201
454,-10473.0,-3978.0
455,-10455.0,-3848.0
456,-10452.211645761188,-3828.0510058617224
457,-10437.0,-3722.0
458,-10426.96797318121,-3658.754835120304
459,-10417.0,-3597.0
460,-10407.541419187733,-3535.7174286956474
461,-10404.0,-3513.0
462,-10391.389008414824,-3434.0591496796173
463,-10366.0,-3278.0
464,-10356.991178665416,-3221.8649101824058
465,-10345.583999888659,-3149.3949738183337
466,-10334.0,-3075.0
467,-10328.185941744186,-3037.572644968261
468,-10315.0,-2954.0
469,-10287.0,-2787.0
470,-10247.0,-2561.0
471,-10225.0,-2438.0
472,-10192.0,-2273.0
473,-10174.1584281535,-2181.551340100239
474,-10167.0,-2147.0
475,-10119.0,-1928.0
476,-10107.363937531705,-1875.9490263624764
477,-10090.291412745777,-1805.2539025841097
478,-10087.0,-1792.0
479,-10010.0,-1484.0
480,-9973.843748953355,-1345.0601572711166
481,-9934.251600230698,-1215.029469762536
482,-9928.0,-1195.0
483,-9839.0,-913.0
484,-9820.232159214478,-853.9843751455198
485,-9794.0,-779.0
486,-9760.498204125077,-684.7801449125194
487,-9716.0,-560.0
488,-9686.740628315081,-478.83799479789474
489,-9656.7647759808,-400.0101529390109
490,-9648.0,-377.0
491,-9622.411223436333,-309.7713426623219
492,-9615.0,-291.0
493,-9591.0,-233.0
494,-9563.060535945875,-164.0712234009902
495,-9556.0,-148.0
496,-9522.486546039512,-78.78504842630554
497,-9500.0,-35.0
498,-9485.363239526241,-7.250276614947149
499,-9461.0,24.0
500,-9366.0,105.0
501,-9365.696835568386,105.19750740459403
502,-9283.283917834013,128.62533841017637
503,-9267.0,129.0
504,-9252.940264180797,129.3903745901179
505,-9222.0,126.0
506,-9205.337523317681,121.95741200867975
507,-9148.466836693788,104.94533366164322
508,-9123.0,96.0
509,-9077.223973285414,75.1575756628779
510,-9035.0,47.0
511,-9008.195162590197,28.83536138114003
512,-8964.0,-2.0
513,-8934.0,-24.0
514,-8873.0,-73.0
515,-8813.0,-123.0
516,-8807.479815015584,-127.66546838526811
517,-8745.0,-181.0
518,-8688.029872612584,-229.74380107562214
519,-8682.0,-235.0
520,-8646.0,-267.0
521,-8515.847446825892,-385.729605920076
522,-8508.0,-393.0
523,-8450.254787988291,-447.3589746441381
524,-8408.359490463465,-487.80540058224904
525,-8403.0,-493.0
526,-8353.538803100178,-541.1393565146291
527,-8293.0,-599.0
528,-8268.387331524564,-622.0522684468383
529,-8172.634008769178,-710.2634409538891
530,-8142.0,-738.0
531,-8024.898433190176,-842.0396916287248
532,-7927.0,-925.0
533,-7851.391746014588,-985.6090228081231
534,-7749.264598917558,-1063.290106506021
535,-7708.0,-1094.0
536,-7651.721926590706,-1134.7336369936872
537,-7602.0,-1167.0
538,-7593.199484508072,-1172.4345913971517
539,-7448.0,-1255.0
540,-7435.653342431242,-1261.2238407815325
541,-7334.0,-1308.0
542,-7232.1068903864925,-1347.6847516231194
543,-7220.0,-1352.0
544,-7122.0,-1382.0
545,-6911.897057998661,-1421.1299935444156
546,-6847.0,-1431.0
547,-6777.151840765966,-1439.822304165896
548,-6678.0,-1446.0
549,-6647.317358301272,-1447.7311578808203
550,-6537.0,-1454.0
551,-6412.516416036164,-1461.5930960853984
552,-6249.138205805479,-1472.1097560088087
553,-6205.0,-1475.0
554,-6115.887312409115,-1481.0789219982416
555,-6088.0,-1483.0
556,-5929.829442086771,-1493.731289942649
557,-5852.0,-1499.0
558,-5793.0,-1503.0
559,-5656.619503962837,-1512.2421984543628
560,-5568.0,-1518.0
561,-5511.962149453076,-1521.442242748218
562,-5455.0,-1525.0
563,-5328.74610943516,-1533.6879263931112
564,-5250.0,-1539.0
565,-5089.0,-1549.0
566,-5059.090481833789,-1551.053119381201
567,-4958.0,-1558.0
568,-4915.477269616494,-1560.6056566298282
569,-4632.0,-1576.0
570,-4603.015221159923,-1577.4623147252928
571,-4499.0,-1582.0
572,-4367.695656713475,-1588.4650587933825
573,-4335.0,-1590.0
574,-4201.0,-1595.0
575,-4143.579654436673,-1596.2338949176747
576,-3878.0,-1600.0
577,-3843.646462659489,-1600.6129161290874
578,-3726.824452525101,-1603.7719797598213
579,-3625.0,-1607.0
580,-3514.0,-1610.0
581,-3331.374583096087,-1614.9618270935046
582,-3186.0,-1620.0
583,-3070.0,-1628.0
584,-3049.906006470851,-1629.5036023672583
585,-2917.0,-1639.0
586,-2837.991332757267,-1645.9324780723587
587,-2760.0,-1657.0
588,-2739.160544593054,-1660.9806691810295
589,-2661.0,-1679.0
590,-2606.0,-1700.0
591,-2596.1730471756105,-1704.79717856667
592,-2550.0,-1735.0
593,-2484.189535298488,-1832.4876321598965
594,-2477.0,-1846.0
595,-2463.2469695105538,-1876.6982891300052
596,-2457.0,-1919.0
597,-2456.003448019396,-1924.142515834726
598,-2439.0,-1997.0
599,-2422.0,-2055.0
600,-2404.9878171348305,-2100.7299979727914
601,-2398.0,-2118.0
602,-2374.0,-2172.0
603,-2367.023867382727,-2185.5126708840885
604,-2318.0,-2270.0
605,-2311.1956973119445,-2281.1710481484465
606,-2257.0,-2351.0
607,-2186.4672680490753,-2418.049232260493
608,-2162.0,-2440.0
609,-2121.782246914463,-2473.136727656943
610,-2089.790765953922,-2488.7897718615995
611,-2063.0,-2500.0
612,-1969.0,-2538.0
613,-1945.9919754251482,-2545.6614206442355
614,-1896.0,-2559.0
615,-1799.8840684677446,-2578.439814161019
616,-1759.0,-2586.0
617,-1685.0,-2596.0
618,-1458.0,-2609.0
619,-1384.3196478279638,-2610.3166000852343
620,-1320.0,-2610.0
621,-1237.9645258624134,-2610.440326886835
622,-1173.0,-2611.0
623,-1130.8692612702955,-2611.5407039188162
624,-1077.167398774139,-2612.822851551073
625,-1069.0,-2613.0
626,-891.0,-2617.0
627,-841.8900449785658,-2618.6238428832917
628,-781.0,-2621.0
629,-743.5678661724489,-2622.6035256715168
630,-669.0,-2626.0
631,-622.2316015452856,-2628.1603219904164
632,-530.0,-2633.0
633,-315.5699067214745,-2646.809088223799
634,-283.0,-2649.0
635,-164.25637896660822,-2657.4198091983217
636,-89.0,-2662.0
637,100.0,-2672.0
638,129.78278054902924,-2673.1376528959872
639,263.0,-2672.0
640,337.96316904376687,-2665.3133560002652
641,430.0,-2652.0
642,464.0,-2644.0
643,522.3565926109565,-2625.50033923999
644,610.6523007572312,-2588.948571057913
645,652.0,-2566.0
646,727.0,-2512.0
647,744.6659862511654,-2497.4946883955427
648,796.0,-2451.0
649,862.9209846718363,-2377.361559907142
650,916.0,-2311.0
651,925.183954340188,-2298.8276857162073
652,961.0,-2245.0
653,1034.0,-2124.0
654,1123.5637892878337,-1911.6695640322876
655,1127.0,-1902.0
656,1152.4382631807205,-1826.8814840634222
657,1167.0,-1744.0
658,1176.1433889698926,-1668.5816655786352
659,1190.6121703058484,-1521.0956163722929
660,1195.0,-1462.0
661,1194.585113840631,-1328.3037837058862
662,1194.0,-1317.0
663,1181.5233084264391,-1125.4090468999182
664,1177.0,-1082.0
665,1170.0,-1028.0
666,1156.6553472298488,-934.4533793216424
667,1140.0,-826.0
668,1122.0,-715.0
669,1117.4076886566056,-687.3439983737214
670,1094.0,-549.0
671,1079.4358325322366,-463.5360003752952
1,1045.0,-251.0
2,1028.2309807901154,-149.11472850824396
3,1021.0,-105.0
4,1002.0,12.0
5,991.4468685595039,79.36805911690931
6,979.0,161.0
7,945.4349701911922,383.613335777353
8,933.0,466.0
9,912.1158912676294,604.3280959536937
10,910.0,619.0
11,890.1964021223769,757.5499431585847
12,861.5156623497053,959.6285443387949
13,852.0,1027.0
14,842.5948089462244,1095.2248925926003
15,839.0,1122.0
16,820.1454350865599,1262.1037574414638
17,811.0,1331.0
18,803.0094546030596,1392.240866620728
19,782.0,1558.0
20,776.4890837324497,1601.8197019429967
21,752.0,1797.0
22,737.0199660976808,1916.734950620982
23,724.0,2022.0
24,706.0983141816785,2170.1467750303946
25,706.0,2171.0
26,680.921537634787,2404.5091429700356
27,679.0,2422.0
28,661.9234160402217,2571.141252386915
29,658.0,2605.0
30,641.0,2751.0
31,639.1953367008948,2766.012114988637
32,622.0,2901.0
33,620.2387085984009,2913.577197131953
34,591.0,3081.0
35,587.6143801052052,3097.1419817994856
36,553.0,3247.0
37,519.1658470612299,3349.9719116503325
38,487.64468823919395,3404.7814789273984
39,464.0,3440.0
40,444.27189520484046,3466.912215427177
41,419.328560765205,3494.4221496690893
42,405.0,3508.0
43,375.0,3534.0
44,346.6076816078969,3554.044324284633
45,316.0,3572.0
46,240.10830219992968,3602.8550677322723
47,216.0,3610.0
48,84.00537096232073,3639.1279523107432
49,75.0,3641.0
50,-5.919963245614241,3658.328504724299
51,-94.0,3680.0
52,-113.57707850171336,3685.8501525425677
53,-203.0,3725.0
54,-292.0,3783.0
55,-340.84682534284065,3821.5791981088546
56,-351.0,3830.0
57,-361.0,3840.0
58,-369.1827391793422,3847.2126886569486
59,-437.0,3905.0
60,-457.64282875914,3922.7261289684357
61,-500.0,3959.0
62,-517.4977730054559,3973.514532362181
63,-582.0,4023.0
64,-587.4352146453818,4026.6973320750635
65,-644.0,4060.0
66,-654.8665421861002,4065.2377800735057
67,-711.0,4085.0
68,-722.1179306459139,4087.0878015827166
69,-774.0,4090.0
70,-779.3184329456217,4089.8346681907537
71,-818.0,4086.0
72,-855.4077842565574,4077.419583625741
73,-871.0,4072.0
74,-895.0,4061.0
75,-921.2372724248644,4045.8175104298434
76,-942.0,4031.0
77,-953.6534187128619,4021.40419048169
78,-976.0,4000.0
79,-1000.7081123214291,3969.806483450122
80,-1017.0,3945.0
81,-1021.9483303693676,3936.6222844491012
82,-1040.6476273600724,3900.6881453968367
83,-1047.0,3887.0
84,-1063.8730256916856,3845.0916717057407
85,-1066.0,3839.0
86,-1090.0486835482698,3761.074098078615
87,-1092.0,3754.0
88,-1110.190827455628,3666.5900198444897
89,-1114.0,3642.0
90,-1121.0511705446374,3594.627596480175
91,-1127.6788263085389,3548.1798213490597
92,-1136.9686529308995,3450.8306038552173
93,-1128.0353159081858,3299.197312000365
94,-1125.0,3272.0
95,-1104.0,3121.0
96,-1099.2173132661983,3092.103504483466
97,-1081.0,3014.0
98,-1079.0411649640619,3006.7545986377745
99,-1042.0,2881.0
100,-1029.3108582909035,2842.9494632485103
101,-988.0,2726.0
102,-965.3069962704222,2665.873717772645
103,-946.0,2618.0
104,-938.2810604402389,2599.1784022556885
105,-881.4465602343071,2462.9519135493447
106,-863.0,2419.0
107,-816.4835400193156,2308.399635132547
108,-810.0,2293.0
109,-741.0,2129.0
110,-711.9973985564517,2059.0529412529722
111,-696.0,2019.0
112,-688.6969503007442,2000.6430741061267
113,-639.0,1871.0
114,-588.1859166608596,1723.820509156853
115,-560.0,1640.0
116,-500.0,1428.0
117,-457.0,1220.0
118,-437.9884636270386,1098.5775916209786
119,-434.0,1010.0
120,-431.12037247544583,952.6701230837195
121,-429.0,891.0
122,-429.25117743231567,835.5713092821806
123,-431.0,784.0
124,-435.09504148622057,718.8713422719688
125,-438.0,697.0
126,-466.80774343612455,567.1534432287573
127,-475.0,542.0
128,-565.4492998788883,393.4671115190751
129,-584.0,372.0
130,-591.9401482916581,363.2560109531838
131,-614.0,344.0
132,-617.7611542723234,341.16274361002337
133,-696.2716474513969,289.9862432706478
134,-728.0,275.0
135,-818.5619761922884,240.11248750576266
136,-865.0,224.0
137,-919.5950960043289,207.12556166400844
138,-968.0,198.0
139,-983.3714845582527,195.07188570949717
140,-1104.2721680573586,173.4898436869684
141,-1115.0,172.0
142,-1213.0,162.0
143,-1280.2300642629843,156.3489695703525
144,-1326.0,154.0
145,-1438.5792813112823,152.06567611991105
146,-1463.0,152.0
147,-1517.083496946792,152.60655591735423
148,-1572.0,155.0
149,-1716.0,164.0
150,-1732.213525005622,165.3903125122709
151,-1926.0,184.0
152,-1937.6446007958998,185.12854613170003
153,-2014.0,192.0
154,-2031.2728445209402,193.55583726354297
155,-2135.0,203.0
156,-2212.869143663434,210.0084331906427
157,-2224.0,211.0
158,-2419.0,228.0
159,-2687.347661730846,250.94469792608473
160,-2688.0,251.0
161,-2759.701358561448,256.9771008225292
162,-2784.0,259.0
163,-2840.7639307850773,263.7664543312994
164,-2966.1491328277903,273.93456490353486
165,-2967.0,274.0
166,-3184.6602435954237,289.687202965951
167,-3246.0,294.0
168,-3294.2250719007197,297.4161137785568
169,-3381.0,304.0
170,-3407.159919932396,306.1532923994448
171,-3548.0,318.0
172,-3654.9936293935107,326.30309557787353
173,-3717.0,331.0
174,-3872.0,343.0
175,-3965.271774665699,350.7136609694673
176,-4076.0,360.0
177,-4090.86709868684,361.2178230450053
178,-4264.0,375.0
179,-4279.098848560292,376.1876423836833
180,-4376.0,384.0
181,-4407.278922646171,386.75013422367755
182,-4601.0,406.0
183,-4665.043737725782,412.7022033056452
184,-4747.0,422.0
185,-4859.154611702454,437.34336336857297
186,-4925.0,448.0
187,-5118.0,486.0
188,-5147.384881575472,492.4596132906423
189,-5303.306690598329,535.3759671284037
190,-5325.0,543.0
191,-5573.0,640.0
192,-5669.306284979324,685.8461054815199
193,-5679.0,691.0
194,-5858.0,786.0
195,-5904.1180510628055,811.9634931425608
196,-6005.0,871.0
197,-6018.693876944372,879.0796453970594
198,-6150.997684533365,957.6555023588908
199,-6165.0,966.0
200,-6297.0,1045.0
201,-6428.0,1125.0
202,-6484.964757780039,1159.8732070745107
203,-6821.0,1366.0
204,-6837.9362181274555,1376.4898395071768
205,-6991.660697228782,1473.9610927379467
206,-7050.0,1512.0
207,-7166.0,1588.0
208,-7180.738039786415,1597.6930081144617
209,-7295.0,1673.0
210,-7348.80841342354,1708.3234954589877
211,-7445.0,1772.0
212,-7654.715824230585,1914.8987848887832
213,-7682.0,1933.0
214,-7781.545110332197,1994.7326464616858
215,-7838.0,2025.0
216,-7875.522771006594,2043.2007597167235
217,-7922.248143664676,2063.2463555851436
218,-7954.0,2076.0
219,-8035.761267100533,2105.1161676039906
220,-8046.0,2108.0
221,-8188.618567824414,2140.9139844637234
222,-8189.0,2141.0
223,-8222.33125318978,2149.168803932014
224,-8262.0,2146.0
225,-8281.182819274602,2143.9803760834957
226,-8351.0,2136.0
227,-8417.085288104972,2122.6198847784067
228,-8457.0,2093.0
229,-8539.0,2033.0
230,-8626.0,1945.0
231,-8693.0,1864.0
232,-8707.710696340446,1844.572977135001
233,-8772.0,1758.0
234,-8812.86374445465,1700.0367058729125
235,-8841.0,1653.0
236,-8855.158053047908,1629.278200701407
237,-8940.0,1486.0
238,-8971.17172066269,1427.8220452158005
239,-8986.0,1395.0
240,-9004.672514616825,1355.820487110951
241,-9041.0,1280.0
242,-9057.245957860072,1245.1906866191853
243,-9086.0,1181.0
244,-9130.581391065165,1077.963682601142
245,-9152.0,1028.0
246,-9213.203664841378,882.5158246606394
247,-9231.0,844.0
248,-9233.843922244161,838.1500536240732
249,-9293.705006268961,725.2748174101481
250,-9303.0,709.0
251,-9317.360579993292,684.6914774285851
252,-9349.0,641.0
253,-9365.145781449288,622.7398691836015
254,-9420.0,567.0
255,-9441.73482915606,547.9675226674007
256,-9466.111093282325,536.1160100211193
257,-9491.0,531.0
258,-9507.724456080545,527.5638455087111
259,-9526.0,525.0
260,-9564.0,528.0
261,-9592.461756651377,536.0268348531124
262,-9624.0,550.0
263,-9657.0,570.0
264,-9660.567480986236,572.3398623316277
265,-9672.0,580.0
266,-9702.154418627897,602.2970182047167
267,-9718.0,616.0
268,-9793.83243090891,689.8320216183057
269,-9794.0,690.0
270,-9818.590659079193,715.538977525621
271,-9827.0,725.0
272,-9855.54814943309,757.642752895375
273,-9899.0,809.0
274,-9902.897377096602,813.8179364773872
275,-9936.115593569593,857.7521126344018
276,-9967.0,900.0
277,-9970.840268921735,905.1270245977547
278,-10022.0,972.0
279,-10026.640861825701,977.9601213699083
280,-10061.0,1022.0
281,-10081.0,1048.0
282,-10150.865702109317,1133.5337527573186
283,-10207.0,1200.0
284,-10213.743355040837,1207.8550564370057
285,-10279.738084944633,1280.7226312170324
286,-10319.0,1322.0
287,-10325.790434262042,1329.150021377472
288,-10340.0,1344.0
289,-10421.0,1422.0
290,-10482.946047898913,1475.1603190661806
291,-10518.0,1502.0
292,-10585.0,1547.0
293,-10630.035179113842,1572.290396528856
294,-10675.0,1594.0
295,-10719.950473118799,1612.7238280127362
296,-10780.0,1633.0
297,-10839.0,1648.0
298,-10852.420906657464,1651.0494297670666
299,-10924.0,1659.0
300,-11035.0,1647.0
301,-11073.79041753505,1639.5183758606543
302,-11095.420347719733,1628.7220705335476
303,-11113.0,1619.0
304,-11167.009676267366,1589.8459329341872
305,-11218.0,1560.0
306,-11268.143082668463,1523.3217541271083
307,-11322.75551441385,1468.2735142088356
308,-11323.0,1468.0
309,-11363.45099539127,1420.258907872025
310,-11379.0,1401.0
311,-11404.0,1369.0
312,-11452.762597886809,1300.3478487986029
313,-11453.0,1300.0
314,-11497.0,1233.0
315,-11502.487433915814,1224.1922426206277
316,-11571.47801214085,1108.7418744952126
317,-11604.0,1052.0
318,-11623.020111246737,1015.2837464210171
319,-11639.0,983.0
320,-11650.849208081563,960.649958275172
321,-11692.0,883.0
322,-11701.422554105482,864.1992203414909
323,-11734.0,797.0
324,-11768.024506519549,729.191509451694
325,-11804.0,659.0
326,-11819.208288930013,629.352672885729
327,-11872.0,526.0
328,-11915.478607009492,439.60592299967135
329,-11927.0,417.0
330,-11961.200319179,351.054862431745
331,-11979.0,317.0
332,-12044.0,193.0
333,-12056.169035539755,169.997451551148
334,-12093.0,101.0
335,-12169.0,-38.0
336,-12198.779965871894,-92.34953924506101
337,-12214.0,-120.0
338,-12255.651750777703,-194.76693897970418
339,-12321.0,-311.0
340,-12375.0,-409.0
341,-12428.0,-508.0
342,-12488.0,-620.0
343,-12501.02689636358,-644.2071260045751
344,-12543.0,-721.0
345,-12602.228928425191,-825.4720296308012
346,-12702.0,-996.0
347,-12776.132966692709,-1114.6745703600257
348,-12837.324432365976,-1203.6590413113515
349,-12870.0,-1252.0
350,-12919.084130674211,-1326.008479632487
351,-12961.0,-1391.0
352,-13000.152182637348,-1453.9496131299238
353,-13059.45638085698,-1552.7289667610657
354,-13065.0,-1562.0
355,-13101.845138976207,-1623.7617222948234
356,-13126.0,-1666.0
357,-13164.0,-1740.0
358,-13180.0,-1779.0
359,-13191.320288188002,-1817.4312247896519
360,-13201.989627754894,-1908.6161895331147
361,-13202.0,-1909.0
362,-13200.0,-1972.0
363,-13193.119603552037,-2024.9041703385
364,-13182.0,-2085.0
365,-13168.637921544325,-2139.8843640697696
366,-13161.0,-2164.0
367,-13146.684121567812,-2203.571134931065
368,-13126.0,-2253.0
369,-13102.934637725368,-2299.7065404734035
370,-13084.0,-2333.0
371,-13063.339726834227,-2365.506097082501
372,-13025.0,-2417.0
373,-13014.750956143647,-2428.931308236097
374,-12963.0,-2482.0
375,-12931.0,-2511.0
376,-12897.592672707804,-2536.2369534637132
377,-12814.990973973669,-2589.601107902159
378,-12796.0,-2601.0
379,-12658.425682907768,-2665.0193365495747
380,-12634.0,-2674.0
381,-12552.0,-2703.0
382,-12501.882522687798,-2719.333306343914
383,-12464.0,-2732.0
384,-12443.127133619866,-2739.6514169183465
385,-12403.0,-2758.0
386,-12332.530008587275,-2807.9924093683117
387,-12321.0,-2818.0
388,-12277.148605337214,-2874.724279078615
389,-12272.0,-2884.0
390,-12256.0,-2915.0
391,-12243.261942005847,-2946.536572731494
392,-12236.0,-2968.0
393,-12215.0,-3042.0
394,-12210.613998054861,-3059.664071957026
395,-12192.0,-3145.0
396,-12180.0,-3210.0
397,-12173.0,-3251.0
398,-12162.0,-3317.0
399,-12151.0,-3387.0
400,-12123.192414353945,-3517.953312681696
401,-12112.0,-3564.0
402,-12070.489991761751,-3655.731035269996
403,-12057.0,-3672.0
404,-12001.0,-3735.0
405,-11937.0,-3795.0
406,-11929.56481229149,-3801.4783898814617
407,-11853.0,-3865.0
408,-11837.804168867724,-3877.316520479396
409,-11761.925446205623,-3938.062636500108
410,-11727.0,-3966.0
411,-11628.0,-4046.0
412,-11607.34705865681,-4063.0999186353224
413,-11477.353090205996,-4173.713238258693
414,-11434.0,-4211.0
415,-11401.442968672867,-4239.027825780286
416,-11345.326265304684,-4292.150031796191
417,-11303.0,-4340.0
418,-11202.476925595862,-4459.413590759179
419,-11202.0,-4460.0
420,-11137.956965536774,-4547.692334028444
421,-11110.0,-4596.0
422,-11106.255970298076,-4602.234731113387
423,-11049.0,-4693.0
424,-11029.345712405631,-4721.060134827985
425,-10969.54448497526,-4795.746429134571
426,-10914.890074159472,-4850.828380991425
427,-10899.0,-4864.0
428,-10884.273961068871,-4874.57710050495
429,-10841.0,-4895.0
430,-10804.462402335097,-4905.15358523689
431,-10791.0,-4907.0
432,-10744.0,-4899.0
433,-10722.148738959826,-4888.36807887051
434,-10686.0,-4865.0
435,-10683.239111196726,-4862.83525172467
436,-10665.757119570964,-4841.919016597553
437,-10663.0,-4838.0
438,-10640.0,-4804.0
439,-10613.89362282089,-4750.617339750566
440,-10610.0,-4742.0
441,-10599.54167844835,-4713.0476735256625
442,-10598.0,-4708.0
443,-10591.408902159385,-4687.314375224005
444,-10579.0,-4645.0
445,-10570.810901898902,-4609.071091974521
446,-10569.0,-4601.0
447,-10565.361256208495,-4586.29626425817
448,-10561.0,-4567.0
449,-10551.0,-4513.0
450,-10544.664939694978,-4480.763104033354
451,-10541.0,-4462.0
452,-10527.0,-4381.0
453,-10525.510931263687,-4371.33376436386
454,-10508.07361365751,-4251.412184771189
455,-10505.0,-4229.0
456,-10492.10325798959,-4124.698151356653
457,-10488.0,-4090.0
458,-10485.66775913023,-4070.8359307182645
459,-10476.560758406049,-4000.753919692534
460,-10466.0,-3927.0
461,-10460.0,-3886.0
462,-10458.675241671706,-3876.7522116867453
463,-10433.0,-3696.0
464,-10423.233759255174,-3634.232253164555
465,-10406.0,-3527.0
466,-10396.241713111627,-3466.841811609405
467,-10389.616955890433,-3426.6688962665767
468,-10387.0,-3410.0
469,-10376.14580687802,-3340.2602628127465
470,-10372.0,-3314.0
471,-10348.048650940638,-3166.1120719703176
472,-10346.0,-3153.0
473,-10325.0,-3014.0
474,-10309.401234243389,-2917.499438443707
475,-10297.0,-2845.0
476,-10281.776331847183,-2758.234931585671
477,-10257.0,-2618.0
478,-10243.020887685601,-2535.6418812437446
479,-10228.0,-2453.0
480,-10222.178000058186,-2422.92286310297
481,-10184.703266674012,-2235.235129264503
482,-10178.0,-2202.0
483,-10138.336072057002,-2011.47023960328
484,-10133.0,-1988.0
485,-10102.216886712922,-1857.7624250108145
486,-10099.0,-1844.0
487,-10072.0,-1728.0
488,-10032.279882261295,-1570.7663877802693
489,-10010.0,-1486.0
490,-9997.617096471433,-1439.6969220055603
491,-9974.0,-1353.0
492,-9949.070507218863,-1263.4401668801108
493,-9939.0,-1229.0
494,-9887.221443177208,-1061.4689749539468
495,-9863.0,-985.0
496,-9829.065504117345,-879.4708888186746
497,-9802.467131289253,-801.1893335905222
498,-9794.0,-777.0
499,-9731.96506762001,-603.7341013780095
500,-9727.0,-590.0
501,-9703.0,-524.0
502,-9692.592188476725,-495.77618728533605
503,-9621.0,-306.0
504,-9597.619259987358,-245.9916789123663
505,-9570.0,-181.0
506,-9536.0,-105.0
507,-9514.0,-60.0
508,-9458.0,28.0
509,-9415.887418343065,69.94633405441758
510,-9396.0,87.0
511,-9380.24160419248,98.70346155551036
512,-9342.0,115.0
513,-9283.311608236563,127.98410912488197
514,-9283.0,128.0
515,-9202.0,122.0
516,-9176.768459989458,117.09797346815415
517,-9146.0,105.0
518,-9104.0,86.0
519,-9080.78613690033,74.37451038657812
520,-9062.0,64.0
521,-9015.236302035795,34.159134848136894
522,-9015.0,34.0
523,-8958.188785384078,-5.944938550046459
524,-8929.0,-28.0
525,-8889.080292981567,-59.840854749225
526,-8884.0,-64.0
527,-8847.510461643695,-94.38087019049664
528,-8842.0,-99.0
529,-8798.0,-136.0
530,-8781.797060931665,-149.70046427045477
531,-8671.0,-244.0
532,-8638.18140543462,-272.6972776649862
533,-8613.0,-296.0
534,-8572.317135407986,-333.0123255144
535,-8515.0,-386.0
536,-8466.0,-433.0
537,-8427.641456623413,-469.82241664353694
538,-8364.0,-531.0
539,-8343.23808050668,-551.3759009808107
540,-8326.0,-568.0
541,-8287.97605923487,-603.5170397088165
542,-8267.0,-623.0
543,-8166.0,-716.0
544,-8122.26947151679,-755.3883441920174
545,-8024.0,-843.0
546,-7970.268279067681,-889.9881745098261
547,-7894.11115894227,-953.8055386560968
548,-7826.265998781126,-1006.7971175540885
549,-7813.0,-1017.0
550,-7747.437981852026,-1066.557228322475
551,-7710.0,-1094.0
552,-7546.0,-1201.0
553,-7319.0,-1315.0
554,-7231.169704660255,-1353.3092950547664
555,-7149.565912616722,-1374.056186860368
556,-7138.0,-1377.0
557,-7045.697411662453,-1399.8474922080613
558,-7045.0,-1400.0
559,-6933.701971529788,-1419.8942068606686
560,-6933.0,-1420.0
561,-6763.0,-1440.0
562,-6676.6327654481165,-1446.2301145583506
563,-6648.0,-1448.0
564,-6570.500677368805,-1452.322408227842
565,-6468.0,-1458.0
566,-6207.874473906453,-1474.8702290529977
567,-6176.0,-1477.0
568,-6111.331333238277,-1481.3595853455154
569,-6043.0,-1486.0
570,-5962.498581407435,-1491.3856723499405
571,-5833.0,-1500.0
572,-5772.07603095061,-1504.0423369040363
573,-5667.0,-1511.0
574,-5561.0,-1518.0
575,-5524.8651295361105,-1520.3768324021703
576,-5310.8098950466665,-1534.3947958733359
577,-5240.0,-1539.0
578,-5184.980365681113,-1542.5510416871643
579,-5069.0,-1550.0
580,-5026.776491064634,-1552.7687307497786
581,-4898.0,-1561.0
582,-4773.0,-1568.0
583,-4705.553274546843,-1571.7131362139605
584,-4427.0,-1586.0
585,-4371.194205441499,-1588.2545284589455
586,-4223.772765400158,-1593.0755200004264
587,-4063.0,-1597.0
588,-4045.5675626345123,-1597.359497467543
589,-3789.9044462293555,-1601.7178525217676
590,-3777.0,-1602.0
591,-3646.8012995912686,-1606.2127329016555
592,-3555.0,-1609.0
593,-3387.0,-1613.0
594,-3303.0,-1616.0
595,-3287.239596170192,-1616.7086167959028
596,-3090.4882836040497,-1627.6274814702108
597,-2960.0,-1636.0
598,-2938.652345510316,-1637.5240171643245
599,-2883.376885031808,-1642.851405298606
600,-2870.0,-1644.0
601,-2792.8795258255245,-1650.9660355812841
602,-2759.0,-1657.0
603,-2665.0,-1678.0
604,-2628.7414479750964,-1686.998567714054
605,-2588.0,-1709.0
606,-2562.458524171587,-1727.2166680658233
607,-2523.0,-1761.0
608,-2485.0,-1825.0
609,-2478.0,-1843.0
610,-2457.0,-1920.0
611,-2452.569465057635,-1938.9930308307821
612,-2442.0,-1984.0
613,-2430.0238338957947,-2028.2559340825223
614,-2428.0,-2035.0
615,-2412.966665220373,-2080.224209209437
616,-2389.0,-2140.0
617,-2386.1858251569433,-2146.2814678493114
618,-2370.0,-2180.0
619,-2342.7396666606082,-2229.128143997689
620,-2315.0,-2275.0
621,-2293.5875381643277,-2308.89341906319
622,-2257.0,-2351.0
623,-2173.0,-2431.0
624,-2138.826090408389,-2457.449031873385
625,-2126.0,-2464.0
626,-2106.597332969705,-2474.5194351109826
627,-2038.0254668072216,-2510.764316178664
628,-2031.0,-2514.0
629,-1968.1101169644264,-2538.604289054402
630,-1961.0,-2541.0
631,-1880.0957484837816,-2563.992888605698
632,-1783.994474512253,-2582.707309276948
633,-1740.0,-2589.0
634,-1712.4584717709026,-2592.359260381263
635,-1647.0,-2599.0
636,-1584.8420736393132,-2604.0039585304125
637,-1520.0,-2607.0
638,-1369.7237545012777,-2609.4696664179182
639,-1322.0,-2610.0
640,-1271.7664438497393,-2610.719600350964
641,-1245.0,-2611.0
642,-1158.5664712891755,-2611.546064809628
643,-1110.0,-2612.0
644,-993.1029808563728,-2614.0544914425345
645,-958.0,-2615.0
646,-814.0,-2620.0
647,-753.0,-2622.0
648,-656.924409161377,-2626.167156697181
649,-641.0,-2627.0
650,-390.9125864874138,-2641.562669802928
651,-288.0,-2648.0
652,-164.1456808254649,-2656.905796609447
653,-81.0,-2663.0
654,-32.91019729026435,-2665.9462553751587
655,91.0,-2672.0
656,129.3854942853161,-2672.9597869389654
657,144.0,-2673.0
658,262.5583302079176,-2668.0763627974147
659,419.0,-2654.0
660,431.1192142102648,-2652.4935279372626
661,520.0476539499149,-2631.687193745967
662,562.0,-2612.0
663,597.1407228947565,-2594.1634444319297
664,679.4906366298419,-2547.4627324998273
665,699.0,-2534.0
666,743.0,-2499.0
667,783.7650812041974,-2462.139689447561
668,839.0,-2405.0
669,861.719075915961,-2378.969546945884
670,897.0,-2336.0
671,912.8678558515594,-2315.668553077203
672,947.0,-2267.0
673,978.1912763783587,-2218.4610450537
674,984.0,-2209.0
675,1088.0,-2010.0
676,1121.0,-1920.0
677,1155.0,-1802.0
678,1168.8816360341634,-1738.6703126432258
679,1186.0,-1615.0
680,1190.0,-1564.0
681,1191.6731604830516,-1540.1090132982747
682,1196.1540323032027,-1423.1494115367418
683,1196.0,-1408.0
684,1187.8709686385544,-1210.362548906565
685,1187.0,-1196.0
686,1181.3464993977,-1127.2522563131483
687,1175.0,-1075.0
688,1165.559593983261,-998.5720529736109
689,1154.0,-912.0
690,1149.8924754913567,-884.0065331907515
691,1132.217042839934,-775.8429216089471
692,1118.0,-692.0
693,1098.0,-572.0
1,1037.9510592859012,-207.44265911737887
2,1030.0,-159.0
3,1017.8919481442534,-86.87858075495743
4,995.3955342383649,51.080481303654665
5,992.0,76.0
6,988.0,106.0
7,978.7696390331846,169.5164369430522
8,955.0,316.0
9,936.0023542336751,439.64377433634144
10,934.0,453.0
11,897.3540666746428,702.4418964138722
12,891.0,746.0
13,873.7010604964,865.3536229480458
14,860.0,966.0
15,845.2856213883873,1076.0785254711018
16,824.0,1236.0
17,817.8425220499097,1282.07422091499
18,801.715709135699,1400.924682537076
19,792.0,1477.0
20,788.230272648904,1507.278862233196
21,776.0,1606.0
22,764.8789826246212,1695.0460151628035
23,736.6861682876934,1919.5547421747442
24,735.0,1933.0
25,715.0,2097.0
26,703.4939888511607,2197.6134284442996
27,698.0,2246.0
28,673.4837679873176,2463.069711314298
29,670.0,2494.0
30,644.0,2724.0
31,641.9091225017035,2742.1780648740687
32,623.0,2891.0
33,597.0,3048.0
34,594.2700497853892,3063.518203333942
35,572.0,3172.0
36,558.4442334820665,3226.87718631569
37,540.0,3286.0
38,483.653623217605,3408.9559104227924
39,476.0,3423.0
40,423.0,3490.0
41,391.83534934290094,3518.1291861318546
42,330.0,3564.0
43,317.0,3571.0
44,289.093382482639,3583.9464473295657
45,255.0,3597.0
46,187.1777087087628,3617.1169748716034
47,158.0,3624.0
48,126.41404760759264,3630.4423011738345
49,97.0,3636.0
50,34.41955283084339,3647.8769476872744
51,-42.0,3665.0
52,-43.563442285762676,3665.4131817056086
53,-97.0,3681.0
54,-122.33411116487662,3689.3333865626223
55,-168.0,3707.0
56,-184.95741407779525,3715.0402702018214
57,-228.0,3739.0
58,-256.6299207170944,3757.518215071559
59,-330.0,3814.0
60,-331.253927171719,3815.0089540585914
61,-406.0,3877.0
62,-416.570994603151,3886.055257926255
63,-488.0,3948.0
64,-529.5918892218058,3983.7958381718736
65,-544.0,3995.0
66,-598.0,4034.0
67,-599.0796762726965,4034.72343714925
68,-658.1629714506538,4068.2777979122857
69,-692.0,4079.0
70,-706.7474641137571,4082.2882495484996
71,-761.0,4090.0
72,-783.6639237104725,4091.007744077031
73,-837.0,4081.0
74,-865.3863834022919,4072.1980837729916
75,-902.0,4057.0
76,-927.2252884833375,4041.080227916472
77,-938.0,4033.0
78,-957.0,4017.0
79,-981.7695358594052,3991.3427809610685
80,-1021.0,3938.0
81,-1035.582526749677,3911.6597838711386
82,-1059.0315173512927,3858.716332338149
83,-1069.0,3834.0
84,-1078.6156081643312,3806.3890330633535
85,-1085.0,3780.0
86,-1104.7080873056868,3691.2278886904805
87,-1115.0,3641.0
88,-1123.8535744689575,3585.9134009208974
89,-1128.0,3533.0
90,-1130.2897376587491,3499.8878928297877
91,-1132.0,3466.0
92,-1131.277328377219,3356.3780305118967
93,-1131.0,3349.0
94,-1127.7863970820629,3289.513750620561
95,-1119.0,3216.0
96,-1111.7511148258645,3170.1970423541306
97,-1091.0,3055.0
98,-1084.4243433036174,3024.4686183288522
99,-1075.0,2993.0
100,-1041.5853529034646,2878.7315531901777
101,-1035.0,2858.0
102,-1012.1655064731053,2791.5645641158476
103,-985.0,2719.0
104,-963.1458807745871,2662.574271932816
105,-951.0,2632.0
106,-918.681657264161,2553.3717709836933
107,-878.0,2456.0
108,-853.8085635936443,2397.105431485605
109,-850.0,2388.0
110,-806.0,2286.0
111,-786.5074988738838,2240.130188259947
112,-753.0,2159.0
113,-666.0,1941.0
114,-610.0,1791.0
115,-574.8750778083125,1690.505319474245
116,-555.0,1625.0
117,-493.0,1400.0
118,-484.4716613058678,1368.1477888470558
119,-473.15220160856444,1317.746410179958
120,-469.0,1288.0
121,-456.91318085443845,1202.8332677702351
122,-435.0,1025.0
123,-430.1031356449745,958.386023882812
124,-431.7365703033232,767.4638515943549
125,-433.0,746.0
126,-440.54533209383584,681.9765892689458
127,-442.0,672.0
128,-461.9941623841821,575.1238264392284
129,-470.0,555.0
130,-510.9125803707722,473.2189752531184
131,-542.0,419.0
132,-555.8702781883352,397.2962176531392
133,-584.0,372.0
134,-599.0168753942967,357.3539466017637
135,-644.0,322.0
136,-761.1872267698299,260.70975473047343
137,-771.0,256.0
138,-851.4549058763733,222.3989157101234
139,-909.5531689303189,211.39522679595945
140,-916.0,210.0
141,-998.0,192.0
142,-1092.0308418880516,175.7773844403029
143,-1113.0,173.0
144,-1221.9713338003662,161.0511033910904
145,-1245.0,159.0
146,-1341.3566206389237,153.86021640947905
147,-1373.0,153.0
148,-1389.3492193521251,152.53479598861662
149,-1437.0,152.0
150,-1573.0,155.0
151,-1587.0771436898008,155.6217813839557
152,-1631.0,158.0
153,-1704.7897049934404,163.14505879862978
154,-1763.0,168.0
155,-1898.0,181.0
156,-1976.6300609833772,188.39910846203486
157,-2078.668982287301,197.8555541135108
158,-2101.0,200.0
159,-2178.36384064108,207.55592330357274
160,-2205.0,210.0
161,-2398.1746091863597,226.12198096480546
162,-2445.0,230.0
163,-2617.7076719402376,245.26923514604232
164,-2638.0,247.0
165,-2721.022586153607,253.86816269006698
166,-2822.0,262.0
167,-2936.0,271.0
168,-2982.591500459179,274.6058781146531
169,-3096.0,283.0
170,-3126.2348175442903,285.0469084224098
171,-3288.0,296.0
172,-3482.0,312.0
173,-3485.5966596091075,312.3027200825692
174,-3619.5803794479584,323.56888317825536
175,-3663.0,327.0
176,-3755.160210605217,334.0418029695089
177,-3833.0,340.0
178,-3914.4527595268096,346.37809092272613
179,-3973.0,351.0
180,-4097.864026118837,360.8355425021887
181,-4208.0,370.0
182,-4299.273279056868,378.1231590949491
183,-4366.0,384.0
184,-4527.395514818162,397.6821043288183
185,-4541.0,399.0
186,-4653.0,411.0
187,-4655.238988615299,411.24836049817407
188,-4765.0,424.0
189,-4894.497376178265,442.3188908743631
190,-4941.0,450.0
191,-5055.40737377862,471.92250790281724
192,-5179.0,501.0
193,-5212.821058574623,510.0059977632294
194,-5336.0,547.0
195,-5429.0,580.0
196,-5520.938208559612,616.7522851186785
197,-5582.0,644.0
198,-5691.311536986537,697.5255776950364
199,-5879.0,798.0
200,-5918.034843177041,819.867364117808
201,-6213.0,995.0
202,-6245.130662883436,1014.4321526678411
203,-6518.0,1180.0
204,-6531.437908436716,1188.1372331410805
205,-6692.0,1286.0
206,-6761.497905172135,1329.2176052860125
207,-6955.0,1451.0
208,-6971.915923479772,1461.7970403401655
209,-7081.44282783366,1533.0540676072724
210,-7115.0,1555.0
211,-7247.21080708688,1641.2763264295795
212,-7259.0,1649.0
213,-7362.366605954897,1717.0764251353287
214,-7400.0,1742.0
215,-7563.0,1851.0
216,-7594.472321016065,1872.2463286790226
217,-7719.186310708809,1956.5758607935168
218,-7778.0,1995.0
219,-7853.520115857347,2034.1552868565523
220,-7878.0,2044.0
221,-7948.0,2073.0
222,-7995.628810137513,2091.911413857187
223,-8020.0,2100.0
224,-8076.150177677895,2115.5058910354664
225,-8185.0,2140.0
226,-8186.5525113482745,2140.3065543801586
227,-8240.564460720225,2145.8094855509444
228,-8247.0,2146.0
229,-8285.757170249175,2148.0111655803785
230,-8356.0,2135.0
231,-8392.98914144277,2121.3649164480157
232,-8446.0,2099.0
233,-8503.511823671657,2063.8160784459524
234,-8513.0,2055.0
235,-8585.0,1989.0
236,-8599.888833282997,1973.846329620442
237,-8634.0,1936.0
238,-8643.855349360687,1924.6624184912062
239,-8686.0,1874.0
240,-8700.565836567268,1855.0953424815332
241,-8723.0,1825.0
242,-8772.0,1758.0
243,-8806.900502327091,1706.0145266064833
244,-8816.0,1692.0
245,-8866.848371821558,1611.2786106983485
246,-8886.0,1580.0
247,-8916.229115126745,1529.4811319648713
248,-8931.0,1503.0
249,-8983.443130651454,1399.248729277037
250,-9000.0,1365.0
251,-9051.441921655136,1255.8982484080693
252,-9102.0,1145.0
253,-9106.351661149482,1135.2609175690068
254,-9140.518088974139,1056.0918946449867
255,-9146.0,1043.0
256,-9202.0,911.0
257,-9259.0,788.0
258,-9297.335907519922,718.2655436135873
259,-9304.0,708.0
260,-9326.490375081341,672.8637709295361
261,-9340.0,653.0
262,-9387.181116755934,595.3446907268075
263,-9395.0,588.0
264,-9444.31295646789,552.9330321397557
265,-9485.0,533.0
266,-9511.748457528152,524.6306911869926
267,-9535.470008894275,523.3642985498141
268,-9564.0,528.0
269,-9583.161736856455,533.2841137548887
270,-9618.0,547.0
271,-9638.738405204822,558.3251073614066
272,-9665.0,575.0
273,-9698.378317032259,598.6831452376387
274,-9706.0,605.0
275,-9736.68017901856,632.8576844726833
276,-9763.0,658.0
277,-9793.748312350375,688.5978998503978
278,-9796.0,691.0
279,-9844.0,744.0
280,-9872.988413267534,777.4277909367833
281,-9895.0,804.0
282,-9922.576444587197,839.6403672942981
283,-9946.0,871.0
284,-9998.153069080246,940.8797769205732
285,-10002.0,946.0
286,-10049.0,1007.0
287,-10109.616727618837,1082.6694679690515
288,-10163.0,1148.0
289,-10193.887561143874,1184.557242434199
290,-10246.0,1243.0
291,-10271.264695444932,1271.2041870258047
292,-10304.0,1307.0
293,-10412.748696755461,1415.2110910953543
294,-10419.0,1421.0
295,-10441.0,1441.0
296,-10483.339551587263,1477.2737326113493
297,-10543.0,1520.0
298,-10605.81754221414,1556.9839808164547
299,-10682.0,1597.0
300,-10718.368137944006,1613.3290438097288
301,-10751.010561053445,1623.7335198288854
302,-10755.0,1625.0
303,-10860.755701245494,1653.0406690567322
304,-10878.0,1655.0
305,-10970.0,1658.0
306,-10979.268603489863,1657.7558555022679
307,-11034.010335961411,1647.3163327788548
308,-11038.0,1646.0
309,-11144.0,1604.0
310,-11151.819107097566,1599.9392217230748
311,-11188.0,1579.0
312,-11242.0,1543.0
313,-11260.280498925866,1528.2299210895178
314,-11287.0,1504.0
315,-11304.626215739832,1486.5837725323752
316,-11368.0,1415.0
317,-11369.042982305502,1413.718583960776
318,-11409.0,1362.0
319,-11450.087372483102,1303.7117844519537
320,-11454.0,1298.0
321,-11504.0,1222.0
322,-11564.655117979473,1119.8024171569136
323,-11610.0,1040.0
324,-11610.89071306603,1038.3997988346023
325,-11653.0,958.0
326,-11689.431649467466,886.1621826408013
327,-11727.0,812.0
328,-11734.454820864652,797.2704812351997
329,-11785.476304396137,696.3692767942379
330,-11820.0,628.0
331,-11851.058215728532,566.3903949968468
332,-11893.851703780218,481.7894656771383
333,-11918.0,435.0
334,-11935.322556127525,401.75694406888124
335,-11981.0,314.0
336,-12004.0,269.0
337,-12054.18861471823,173.42219347790729
338,-12125.446279875358,40.27863920115773
339,-12131.0,30.0
340,-12166.263177012235,-33.68271902068449
341,-12189.0,-74.0
342,-12254.0,-191.0
343,-12282.012789723238,-241.4699167769241
344,-12320.0,-310.0
345,-12345.652489957232,-356.46560627562224
346,-12413.0,-480.0
347,-12432.17949225087,-515.6337902539632
348,-12553.0,-740.0
349,-12682.0,-964.0
350,-12753.864632101051,-1079.2138002618658
351,-12759.0,-1087.0
352,-12849.083607144297,-1220.8244323192146
353,-12864.0,-1243.0
354,-12963.0,-1394.0
355,-12971.275580078698,-1407.4229032900198
356,-13003.0,-1460.0
357,-13047.319322687455,-1532.8054823987839
358,-13080.0,-1587.0
359,-13101.872656197389,-1624.2477417355863
360,-13125.0,-1665.0
361,-13184.0,-1790.0
362,-13186.66159741262,-1798.9046275222927
363,-13199.0,-1865.0
364,-13201.577425335714,-1891.3984305278602
365,-13202.0,-1898.0
366,-13201.0,-1962.0
367,-13191.906726105815,-2034.0399494063656
368,-13180.0,-2094.0
369,-13163.0,-2161.0
370,-13150.676216030619,-2196.993786437909
371,-13143.0,-2216.0
372,-13121.0,-2263.0
373,-13107.95297631732,-2289.608180710017
374,-13075.0,-2347.0
375,-13068.754322480912,-2356.0063130134213
376,-12988.0,-2457.0
377,-12962.217324772255,-2485.864318778799
378,-12919.346839832137,-2522.985461121522
379,-12881.0,-2548.0
380,-12823.611799526103,-2582.605182813196
381,-12773.0,-2612.0
382,-12741.761304312382,-2629.2480639493806
383,-12707.0,-2644.0
384,-12684.850913015413,-2652.9685393618142
385,-12573.0,-2696.0
386,-12538.028998683076,-2707.39078870253
387,-12475.0,-2728.0
388,-12419.434033407299,-2751.7323074672067
389,-12364.0,-2780.0
390,-12346.005852731778,-2791.1191928755475
391,-12319.637743465457,-2815.090317491248
392,-12303.0,-2837.0
393,-12296.212752777628,-2846.665351347178
394,-12257.0,-2912.0
395,-12256.57680570217,-2912.888680929603
396,-12233.533687995307,-2973.796383668518
397,-12230.0,-2985.0
398,-12219.407612846606,-3021.5648193169104
399,-12215.0,-3038.0
400,-12202.661576139812,-3088.4283478178163
401,-12192.523002747446,-3138.6944053353704
402,-12178.849428609892,-3220.8285227435754
403,-12162.0,-3319.0
404,-12143.474980514195,-3425.257307316747
405,-12135.0,-3473.0
406,-12130.46640901461,-3497.9976588571926
407,-12122.585961030807,-3537.8225488353028
408,-12107.0,-3580.0
409,-12092.890396607672,-3610.862634892522
410,-12073.0,-3648.0
411,-12058.256925985419,-3670.450421550916
412,-12042.0,-3691.0
413,-11976.761727783578,-3756.9382171442603
414,-11899.0,-3827.0
415,-11846.788185311134,-3871.7204603084665
416,-11807.520406302696,-3902.4950772965185
417,-11789.0,-3917.0
418,-11723.0,-3969.0
419,-11611.157183331914,-4060.0968345374736
420,-11554.0,-4107.0
421,-11545.89702223497,-4113.618315800999
422,-11496.801301380307,-4153.924469714405
423,-11448.0,-4199.0
424,-11307.801865938825,-4335.036690124982
425,-11298.0,-4345.0
426,-11217.3066240918,-4434.350189627041
427,-11176.817737551653,-4493.911156178292
428,-11163.0,-4515.0
429,-11148.306236412864,-4537.647052294234
430,-11114.0,-4591.0
431,-11097.61359054852,-4616.341372760525
432,-11062.0,-4672.0
433,-11050.027037241074,-4691.379099846089
434,-11032.0,-4720.0
435,-11004.788036073545,-4757.862622194387
436,-10975.0,-4794.0
437,-10945.049059683086,-4826.2882654113
438,-10938.0,-4833.0
439,-10905.366244918541,-4859.834057331022
440,-10898.0,-4865.0
441,-10874.123863572446,-4879.360585921314
442,-10863.0,-4885.0
443,-10842.439036457174,-4893.987630783508
444,-10831.0,-4898.0
445,-10810.454543425665,-4903.155217584308
446,-10784.0,-4906.0
447,-10737.176355505153,-4898.013358765892
448,-10722.0,-4890.0
449,-10681.0,-4859.0
450,-10680.519578840353,-4858.5802113071795
451,-10657.613171449168,-4832.793170070977
452,-10653.0,-4826.0
453,-10638.792939174029,-4803.317563335901
454,-10637.0,-4800.0
455,-10603.397525916509,-4723.967627428579
456,-10596.0,-4705.0
457,-10590.111229400596,-4688.6623155230245
458,-10581.066260069303,-4652.675871834823
459,-10578.0,-4641.0
460,-10574.0,-4626.0
461,-10568.035882227652,-4600.560761688973
462,-10556.50539871143,-4542.88866841673
463,-10552.0,-4520.0
464,-10547.928980901575,-4499.581669736858
465,-10540.0,-4459.0
466,-10539.811903210366,-4457.979194525755
467,-10531.19680156437,-4409.451644041095
468,-10520.0,-4339.0
469,-10516.0,-4310.0
470,-10511.858897774453,-4278.143342428768
471,-10503.0,-4208.0
472,-10497.419894727806,-4166.33167708403
473,-10491.0,-4118.0
474,-10482.0,-4046.0
475,-10477.123057844237,-4008.5915522357445
476,-10468.0,-3942.0
477,-10466.057736938243,-3928.115213780049
478,-10442.547128244894,-3763.681483585755
479,-10436.0,-3719.0
480,-10429.930504111748,-3678.3885095477995
481,-10418.840892830767,-3607.6284713515884
482,-10414.0,-3577.0
483,-10385.62398223029,-3396.47772251311
484,-10353.182344851273,-3189.763457861241
485,-10332.007485096525,-3057.049858930463
486,-10319.0,-2977.0
487,-10293.0,-2822.0
488,-10292.710555210393,-2820.310573372212
489,-10270.805035831407,-2694.0573554679777
490,-10263.0,-2650.0
491,-10221.0,-2418.0
492,-10209.833023082785,-2358.1502262735266
493,-10176.42377520465,-2190.323107859663
494,-10172.0,-2169.0
495,-10145.0,-2043.0
496,-10130.516052735764,-1979.2201774657703
497,-10085.0,-1784.0
498,-10046.0,-1624.0
499,-10008.0,-1475.0
500,-9972.0,-1342.0
501,-9949.73475112622,-1263.8740049681082
502,-9892.0,-1075.0
503,-9869.037777305264,-1004.0113079352425
504,-9809.0,-823.0
505,-9794.24458858455,-779.2576009789698
506,-9713.221483364963,-549.6469023415564
507,-9700.0,-514.0
508,-9674.99205368006,-447.7248474598186
509,-9621.0,-308.0
510,-9617.677026086096,-299.4138291137676
511,-9591.0,-232.0
512,-9577.95457434996,-200.62510663341715
513,-9549.0,-133.0
514,-9528.030101510345,-87.29711955798028
515,-9492.0,-21.0
516,-9487.52647417595,-14.057123701673929
517,-9453.0,33.0
518,-9440.919329622327,47.05567943813337
519,-9396.27191724667,86.7455212547845
520,-9393.0,89.0
521,-9358.0,109.0
522,-9352.52862252693,111.42017384083024
523,-9295.105461888888,126.58611502941511
524,-9281.0,128.0
525,-9213.0,124.0
526,-9205.295356534245,122.28463492366474
527,-9149.266255064314,104.22090625376207
528,-9110.0,89.0
529,-9083.371077502105,77.50707699569682
530,-9058.736359237671,61.47799866074183
531,-9055.0,59.0
532,-8966.0,-1.0
533,-8943.604378897297,-17.28473461298652
534,-8921.0,-35.0
535,-8906.418612073514,-46.44705995091215
536,-8869.0,-76.0
537,-8808.008669246745,-125.4928232355492
538,-8763.0,-165.0
539,-8751.0,-176.0
540,-8725.385740477657,-198.0825631036883
541,-8688.0,-229.0
542,-8674.02315939828,-241.03310014170407
543,-8615.0,-294.0
544,-8579.302917078725,-326.6919542031343
545,-8511.0,-390.0
546,-8483.575913991162,-415.57948332652967
547,-8417.0,-479.0
548,-8338.114283755636,-556.2298755202046
549,-8322.0,-572.0
550,-8288.60985393107,-604.3223423388965
551,-8271.754569828076,-619.3912908677441
552,-8258.0,-632.0
553,-8164.239963338671,-718.4234616675909
554,-8157.0,-725.0
555,-8059.4041417597355,-811.6661107568592
556,-8035.0,-833.0
557,-7936.0,-918.0
558,-7856.874152051284,-981.7775000729896
559,-7849.0,-988.0
560,-7769.0,-1050.0
561,-7756.717420464273,-1059.1947223085062
562,-7634.0,-1146.0
563,-7571.253181064595,-1186.5186107547975
564,-7523.0,-1214.0
565,-7379.127583045089,-1286.2415288782918
566,-7320.0,-1314.0
567,-7216.745629053508,-1353.8197663648305
568,-7181.0,-1364.0
569,-7035.0,-1402.0
570,-7019.002708314205,-1405.3921093279712
571,-6882.0,-1426.0
572,-6757.075666371697,-1437.912006080664
573,-6561.0,-1453.0
574,-6499.697041609402,-1457.2980482227329
575,-6370.366159320931,-1465.2791957024442
576,-6239.0,-1473.0
577,-6159.173687936277,-1477.9683121993294
578,-5975.0,-1490.0
579,-5957.297002530295,-1491.1796171393248
580,-5886.0,-1496.0
581,-5819.497380258588,-1500.4459224648222
582,-5676.0,-1510.0
583,-5627.369540506801,-1513.232906459225
584,-5525.0,-1520.0
585,-5385.97116302495,-1529.119503165962
586,-5373.0,-1530.0
587,-5233.2065844641,-1539.8962491719744
588,-5174.0,-1544.0
589,-5109.799928232596,-1548.2637708753605
590,-5019.0,-1554.0
591,-4892.80634088532,-1561.5016367086962
592,-4833.0,-1565.0
593,-4708.0,-1572.0
594,-4614.0,-1576.0
595,-4549.220976263119,-1579.1555756209395
596,-4458.0,-1584.0
597,-4392.265762863482,-1587.326641154868
598,-4285.0,-1592.0
599,-4201.808139244548,-1594.4726713962855
600,-4128.0,-1596.0
601,-3943.382190284033,-1597.795211115528
602,-3842.0,-1600.0
603,-3639.9051930615587,-1605.9493729755332
604,-3573.0,-1608.0
605,-3427.460178020954,-1612.1166927766706
606,-3400.0,-1613.0
607,-3203.0,-1620.0
608,-3157.457988792828,-1621.9030472101465
609,-3136.0,-1623.0
610,-3093.8324905338004,-1625.5891387392385
611,-2985.0,-1634.0
612,-2949.606459418039,-1636.9470450072035
613,-2855.0,-1645.0
614,-2804.8706482789607,-1649.4320666916728
615,-2778.0,-1654.0
616,-2742.6056174289697,-1660.0878562189166
617,-2713.0,-1666.0
618,-2681.58808710168,-1673.7817763181993
619,-2626.059099117957,-1692.0286412640903
620,-2592.0,-1707.0
621,-2562.1093012482615,-1724.3222114960881
622,-2511.0,-1777.0
623,-2507.4167833849842,-1782.545915587707
624,-2486.0,-1824.0
625,-2471.751220565751,-1864.7423445335744
626,-2463.0,-1896.0
627,-2460.0,-1908.0
628,-2455.2369276762533,-1927.5505474475451
629,-2430.0,-2028.0
630,-2426.0601354336814,-2041.0897906699947
631,-2408.0,-2093.0
632,-2375.512313597565,-2167.7475598741703
633,-2373.0,-2173.0
634,-2338.0,-2238.0
635,-2288.470742085108,-2309.0703219201987
636,-2238.0,-2372.0
637,-2222.9918847329127,-2388.722907821245
638,-2146.047638591689,-2450.510784589781
639,-2141.0,-2454.0
640,-2108.0,-2476.0
641,-1998.4427241172475,-2527.6659235922534
642,-1984.0,-2533.0
643,-1867.0,-2566.0
644,-1820.7098166250057,-2575.361648463226
645,-1795.0,-2580.0
646,-1709.0971613038582,-2592.8973834686676
647,-1662.0,-2598.0
648,-1588.7547557362784,-2603.5050588066406
649,-1581.0,-2604.0
650,-1425.7885467352553,-2609.8589677831683
651,-1413.0,-2610.0
652,-1187.0175563570197,-2610.9022021052942
653,-1172.0,-2611.0
654,-1008.8647924548785,-2613.5940190458246
655,-926.0,-2616.0
656,-890.2057972833052,-2617.1533720676625
657,-840.0,-2619.0
658,-806.1717403656382,-2620.313837081934
659,-692.0,-2625.0
660,-600.4322847697836,-2629.224196519917
661,-565.0,-2631.0
662,-424.0,-2639.0
663,-266.0,-2650.0
664,-236.69064335540216,-2652.065975279023
665,-129.51028370283552,-2659.485142770003
666,-92.0,-2662.0
667,42.0,-2670.0
668,58.201547660028,-2670.679998553499
669,150.0,-2673.0
670,317.0,-2668.0
671,366.9443807318317,-2662.7335969805945
672,435.0,-2651.0
673,567.0,-2610.0
674,580.1221589034424,-2604.2973461856946
675,693.0,-2538.0
676,712.0580681427543,-2524.2583320940794
677,764.0,-2481.0
678,881.0,-2356.0
679,890.0907094721416,-2345.54797973963
680,944.0,-2272.0
681,998.3673814276866,-2183.137455115275
682,1046.0,-2099.0
683,1082.9107181989866,-2023.5788492468891
684,1129.0,-1895.0
685,1129.5160107949348,-1893.3155246466195
686,1156.0,-1798.0
687,1167.1787043232944,-1745.9755811918203
688,1181.0,-1659.0
689,1182.8609639685442,-1644.217116193784
690,1193.0,-1529.0
691,1193.8188512220509,-1513.9189871439416
692,1196.0,-1450.0
693,1196.2390128912136,-1408.0399338413927
694,1193.0,-1292.0
695,1188.2034733939117,-1206.7623696103933
696,1180.0,-1122.0
697,1175.282923259429,-1081.7284494537573
698,1147.850460314111,-876.0279817707109
699,1146.0,-863.0
700,1124.2730420542312,-727.1045873082531
701,1121.0,-708.0
702,1102.596277220578,-599.8566344279812
