,x,y
1,2029.5175736998249,7.516109949066895
2,2132.0,-57.0
3,2254.576074508036,-134.41167671774033
4,2354.0,-197.0
5,2398.7999335892723,-225.07280938447073
6,2509.0,-294.0
7,2595.737112457449,-348.5253025625729
8,2679.0,-401.0
9,2806.0,-481.0
10,2850.513867145525,-508.93575007800086
11,2950.0,-571.0
12,2995.771543716403,-599.2809063949471
13,3110.0,-669.0
14,3141.417230748214,-687.9278860653391
15,3272.0,-766.0
16,3405.0,-846.0
17,3436.537063044954,-864.821265292484
18,3540.0,-926.0
19,3586.9265958441365,-953.4635093533554
20,3645.0,-987.0
21,3768.245257511671,-1055.7673807337826
22,3813.0,-1080.0
23,3892.3364965028513,-1122.0473007241276
24,4031.0,-1194.0
25,4078.6177576685222,-1218.7727134142956
26,4152.0,-1257.0
27,4302.0,-1335.0
28,4303.286419771912,-1335.6666514839476
29,4447.0,-1410.0
30,4491.851724676497,-1433.3739382739327
31,4571.0,-1475.0
32,4643.0,-1514.0
33,4662.659891269867,-1525.370358956786
34,4756.773017307981,-1583.698886379009
35,4771.0,-1593.0
36,4822.622208692353,-1629.6580628685092
37,4840.0,-1643.0
38,4859.728245675857,-1658.331097593059
39,4913.0,-1707.0
40,4913.572712654672,-1707.6460164405266
41,4973.0,-1786.0
42,4977.057778101342,-1792.0700147314406
43,4997.9974080841575,-1839.3286646066351
44,4999.0,-1843.0
45,5012.0,-1909.0
46,5012.224761928519,-1916.0357994061446
47,4996.0,-2019.0
48,4992.8627614245415,-2029.2549522957656
49,4959.0,-2091.0
50,4955.288511889113,-2096.3781702836804
51,4930.0,-2131.0
52,4853.0,-2218.0
53,4852.203386666173,-2218.8377683092863
54,4772.296958799763,-2298.2690463292774
55,4757.0,-2313.0
56,4725.374648646356,-2343.269380980381
57,4697.127977798844,-2370.9092847044767
58,4688.0,-2380.0
59,4672.0,-2396.0
60,4633.67936000311,-2434.3153525776524
61,4611.0,-2460.0
62,4557.48387592787,-2531.207030939767
63,4505.0,-2609.0
64,4500.2646979524725,-2616.3428593166323
65,4472.236952724515,-2667.253265463526
66,4462.0,-2697.0
67,4436.07859852955,-2792.124427620279
68,4418.0,-2875.0
69,4413.0,-3015.0
70,4413.0,-3120.0
71,4403.0,-3257.0
72,4399.0,-3279.0
73,4396.616128488496,-3291.7764800616205
74,4362.0,-3442.0
75,4361.402223560802,-3443.84686981989
76,4289.0,-3623.0
77,4278.233713488093,-3644.3979367093875
78,4221.0,-3733.0
79,4169.8069759795435,-3798.8263595734707
80,4087.0,-3877.0
81,4085.6064208721027,-3878.1185946088235
82,3922.2745364143866,-3994.8048174813075
83,3910.0,-4003.0
84,3821.3081844896356,-4055.6675194390514
85,3773.0,-4078.0
86,3698.896116919573,-4112.687706137194
87,3616.0,-4147.0
88,3545.8668002161203,-4172.166171452195
89,3425.0,-4211.0
90,3323.2455345539047,-4236.952090349521
91,3252.0,-4250.0
92,3230.8823731959887,-4253.856608528429
93,3059.0,-4275.0
94,2949.4901102416,-4279.245095209493
95,2846.0,-4281.0
96,2720.3229567953244,-4278.60662067249
97,2546.0,-4251.0
98,2543.9109671793344,-4250.565404863399
99,2436.855833401088,-4226.706315956755
100,2319.0,-4195.0
101,2262.0,-4176.0
102,2259.1835767041816,-4174.928722563032
103,1975.0,-4047.0
104,1899.0205747375526,-4008.2084451039755
105,1846.381543710504,-3975.7377743733855
106,1829.0,-3965.0
107,1727.4375094296297,-3902.4363520285
108,1619.0,-3835.0
109,1568.132251331514,-3802.7518893133765
110,1501.0,-3760.0
111,1359.6534120230165,-3670.638574125226
112,1289.0,-3626.0
113,1154.9615203422097,-3540.6996703192767
114,1129.0,-3524.0
115,1021.1725970352535,-3454.4825226668154
116,941.0,-3403.0
117,704.5156390320404,-3251.8005598260443
118,672.0,-3231.0
119,563.0,-3162.0
120,483.68935120880826,-3113.8836888745445
121,312.0,-3012.0
122,277.72113647914733,-2992.0606468017186
123,184.45997561626422,-2940.9589824585387
124,95.0,-2896.0
125,79.33866365096402,-2888.0407722756736
126,36.0,-2866.0
127,-96.0,-2801.0
128,-155.65345092277767,-2775.1343136377645
129,-333.4158348197182,-2715.274105482911
130,-347.0,-2712.0
131,-485.57421111961486,-2688.6278245008652
132,-542.0,-2683.0
133,-628.1028853109298,-2679.3920632958966
134,-663.0,-2681.0
135,-905.0,-2710.0
136,-906.9996994207404,-2710.3109356489495
137,-1038.4344449278265,-2746.9537189343823
138,-1091.0,-2777.0
139,-1125.5386899757336,-2795.4702215347884
140,-1231.0,-2853.0
141,-1232.300240718369,-2853.773039971334
142,-1294.0,-2892.0
143,-1354.1920923787097,-2928.6052553449863
144,-1492.0,-3004.0
145,-1562.9137276834088,-3035.6332732838328
146,-1643.6874664079942,-3063.466082332502
147,-1686.0,-3074.0
148,-1787.0436763284815,-3091.0330662688298
149,-1861.0,-3096.0
150,-1913.6448849561443,-3094.9964626004985
151,-1960.0,-3092.0
152,-2029.9077239946114,-3084.4030791399823
153,-2070.0,-3074.0
154,-2212.419363511991,-3018.1175958171116
155,-2293.0,-2982.0
156,-2345.802758255759,-2952.735066135873
157,-2371.0,-2934.0
158,-2491.0,-2849.0
159,-2514.585280870813,-2830.1599388247614
160,-2617.283326360507,-2737.9108405093248
161,-2667.0,-2697.0
162,-2829.7928590437546,-2577.4127416336896
163,-2868.0,-2551.0
164,-2919.1138931059863,-2517.4523101229524
165,-3027.421464806558,-2481.293399874723
166,-3043.0,-2478.0
167,-3256.0,-2439.0
168,-3273.8672108057344,-2436.2694190562115
169,-3379.0,-2440.0
170,-3442.4643506516904,-2448.997442750411
171,-3543.0,-2465.0
172,-3634.1353272605115,-2487.450409930652
173,-3677.0,-2502.0
174,-3810.5821322180595,-2556.22752845243
175,-3933.0,-2612.0
176,-3990.227038798536,-2641.4655518966742
177,-4053.2540204394313,-2689.911200224747
178,-4065.0,-2700.0
179,-4126.982627847504,-2753.443697656271
180,-4192.0,-2817.0
181,-4207.0,-2834.0
182,-4207.729676505726,-2834.8388145276563
183,-4259.656623139212,-2897.1941165769144
184,-4290.0,-2943.0
185,-4349.962024900176,-3060.042769958228
186,-4384.0,-3139.0
187,-4387.589695110968,-3148.422288811941
188,-4404.0,-3219.0
189,-4411.613793904232,-3270.101495223088
190,-4417.0,-3314.0
191,-4419.29252266797,-3339.7803791564074
192,-4417.221766098924,-3438.031827725705
193,-4416.0,-3447.0
194,-4400.8180500844055,-3527.2716966635435
195,-4389.0,-3577.0
196,-4378.435485573997,-3613.606474138989
197,-4346.0,-3672.0
198,-4345.452877755984,-3672.7876494081474
199,-4300.667032284437,-3732.605027865705
200,-4297.0,-3737.0
201,-4264.149827202571,-3771.471395859091
202,-4237.0,-3791.0
203,-4195.139682879388,-3815.4643732031427
204,-4144.0,-3842.0
205,-4069.311852072465,-3868.580373219713
206,-4032.0,-3874.0
207,-3951.0,-3885.0
208,-3922.1283966426613,-3887.370903689267
209,-3841.0,-3891.0
210,-3801.6987806584852,-3892.3080299643725
211,-3770.0,-3893.0
212,-3601.9935420312354,-3894.7724042648356
213,-3591.0,-3895.0
214,-3497.8876642307505,-3897.8002496920126
215,-3397.0,-3902.0
216,-3386.6030182309823,-3902.463787412263
217,-3313.915349190464,-3906.3429927852894
218,-3224.0,-3917.0
219,-3222.0276910967546,-3917.257929683825
220,-3055.0,-3940.0
221,-3041.1625004477955,-3941.8969508585114
222,-2970.188433093478,-3951.559142982813
223,-2887.2526807449885,-3964.8948337736324
224,-2841.0,-3973.0
225,-2648.5210566503574,-4007.600514969658
226,-2619.0,-4013.0
227,-2564.04944846799,-4023.615458656821
228,-2531.0,-4031.0
229,-2416.0,-4056.0
230,-2401.4086498091865,-4059.269388769446
231,-2247.1932400545743,-4093.7313276187683
232,-2219.0,-4099.0
233,-2003.0,-4131.0
234,-1986.8322117625082,-4132.833128322085
235,-1866.6352333210382,-4141.614784682112
236,-1774.333512188144,-4142.883830644026
237,-1749.0,-4143.0
238,-1692.0,-4143.0
239,-1661.3971166969864,-4142.841268152177
240,-1547.0,-4141.0
241,-1491.4974928513589,-4139.005210396335
242,-1372.0,-4133.0
243,-1194.4485616424681,-4124.085094668899
244,-1091.0,-4119.0
245,-926.6925813629697,-4111.596822198822
246,-812.0,-4108.0
247,-747.8403140740093,-4106.255498852339
248,-613.0,-4103.0
249,-460.68348228366443,-4100.456925429252
250,-349.0,-4099.0
251,-286.5171682659914,-4098.146978602261
252,-208.0,-4097.0
253,-107.45382000311447,-4095.3961832436858
254,43.0,-4093.0
255,194.36307907064418,-4091.2586837235935
256,218.0,-4091.0
257,394.0,-4089.0
258,555.0,-4088.0
259,557.4802888035063,-4088.0107986707917
260,732.0,-4093.0
261,862.8936379920872,-4102.828745433813
262,892.0,-4106.0
263,1022.0020082729264,-4125.537005674713
264,1146.0,-4152.0
265,1180.0079882914624,-4160.494592775012
266,1289.0,-4191.0
267,1337.637758292787,-4205.978271638965
268,1477.0,-4253.0
269,1526.0375140774602,-4270.653631333379
270,1571.0,-4287.0
271,1712.7000366706689,-4337.669035035806
272,1742.0,-4348.0
273,1836.2463392276115,-4380.914707500439
274,1930.0,-4413.0
275,2065.807818426464,-4458.186310121922
276,2142.0,-4483.0
277,2210.9809924305055,-4505.046138261275
278,2354.9489734959816,-4549.1813773352915
279,2381.0,-4557.0
280,2558.0,-4609.0
281,2576.011870122137,-4614.073254261071
282,2721.0,-4653.0
283,2805.217498092661,-4673.928868529426
284,2870.0,-4689.0
285,2938.1990770610932,-4703.756582371243
286,3020.0,-4720.0
287,3172.0,-4746.0
288,3312.052966476556,-4764.607237156945
289,3378.0,-4772.0
290,3516.0,-4784.0
291,3518.019030312317,-4784.120411282482
292,3762.815063427453,-4792.378240460489
293,3865.0,-4794.0
294,3910.860639052959,-4794.251917277099
295,3986.2398483765373,-4792.037342412393
296,4041.0,-4789.0
297,4262.756555245125,-4775.432945581706
298,4350.0,-4769.0
299,4495.411225409116,-4755.135583485632
300,4579.0,-4745.0
301,4668.438587408737,-4732.7817345646545
302,4790.0,-4714.0
303,4842.8046450959755,-4704.9152288535415
304,4965.0,-4681.0
305,5052.0,-4662.0
306,5189.766644489415,-4629.010309294531
307,5243.0,-4614.0
308,5439.037456057644,-4555.10628643241
309,5588.0,-4509.0
310,5657.9768861077555,-4486.840257567399
311,5776.0,-4446.0
312,5873.198576806705,-4412.978983571284
313,5947.0,-4388.0
314,6183.366865443522,-4307.905656393002
315,6325.0,-4260.0
316,6344.597568358144,-4253.389711188543
317,6466.5031785527735,-4212.524529937791
318,6566.0,-4179.0
319,6599.632349065356,-4167.592995137144
320,6704.0,-4132.0
321,6845.291780582307,-4083.120812288658
322,6860.0,-4078.0
323,6983.30596477534,-4034.881100471768
324,7114.0,-3988.0
325,7148.178526518793,-3975.3530520431077
326,7273.145374797581,-3927.4737159029787
327,7287.0,-3922.0
328,7440.0,-3860.0
329,7441.6542752075065,-3859.3214345059896
330,7643.0,-3775.0
331,7731.938515522731,-3736.188901812655
332,7861.0,-3679.0
333,8063.138251537033,-3586.6568260229737
334,8145.0,-3548.0
335,8311.0,-3469.0
336,8380.606087677785,-3435.88262118777
337,8477.0,-3390.0
338,8570.8842139654,-3345.1485255751513
339,8676.0,-3293.0
340,8770.076912992005,-3244.626254285215
341,8977.0,-3136.0
342,9040.906029392465,-3101.981496296391
343,9111.0,-3062.0
344,9194.441307182922,-3013.262063817231
345,9205.0,-3007.0
346,9297.561358886305,-2950.3592717289007
347,9388.0,-2887.0
348,9388.968718074688,-2886.261436613255
349,9467.552303279292,-2823.0311081322034
350,9490.0,-2804.0
351,9522.604334947191,-2774.0544548200564
352,9544.0,-2750.0
353,9584.13048507423,-2702.0975456879887
354,9592.0,-2692.0
355,9643.0,-2609.0
356,9646.622215222664,-2600.7057118204793
357,9672.0,-2527.0
358,9672.33800193841,-2525.6268154724403
359,9678.768483044572,-2477.8157173819873
360,9671.0,-2427.0
361,9666.254035898895,-2412.4781283433995
362,9652.0,-2384.0
363,9634.226793254882,-2356.177466952282
364,9602.0,-2314.0
365,9586.199239535821,-2296.170270484373
366,9556.0,-2265.0
367,9536.0,-2246.0
368,9520.108033828086,-2232.087143868718
369,9495.0,-2211.0
370,9485.430938282727,-2203.0117621863837
371,9455.0,-2178.0
372,9425.779716695986,-2155.4100445303156
373,9373.0,-2112.0
374,9339.270023319292,-2081.588394428899
375,9273.0,-2020.0
376,9272.053341899724,-2019.1076227770957
377,9230.691008130205,-1974.9426069072697
378,9219.0,-1957.0
379,9156.0,-1852.0
380,9155.650875675394,-1851.3301916596315
381,9136.854751002296,-1807.7633347871401
382,9128.0,-1769.0
383,9124.188829558323,-1744.831400254149
384,9119.0,-1680.0
385,9119.163256359783,-1666.532946424128
386,9123.0,-1623.0
387,9141.704853707175,-1543.5701878344219
388,9143.0,-1539.0
389,9172.0,-1469.0
390,9209.0,-1407.0
391,9209.557336284464,-1406.0926608950417
392,9242.224859525935,-1356.6240441041427
393,9265.0,-1340.0
394,9265.34545957093,-1339.7172351534023
395,9325.0,-1291.0
396,9330.185245495006,-1287.2896370839676
397,9366.0,-1266.0
398,9389.572615798254,-1255.2112969918987
399,9459.0,-1228.0
400,9496.585545380429,-1215.8540542550036
401,9527.176894367265,-1211.0616739105371
402,9568.0,-1208.0
403,9610.128841353922,-1205.2085539057728
404,9672.0,-1202.0
405,9708.85395365501,-1201.3916865253693
406,9792.564566061379,-1202.2272762981604
407,9825.0,-1201.0
408,9983.0,-1192.0
409,9984.602312640589,-1191.9102693829955
410,10059.687966776632,-1180.1377718499289
411,10085.0,-1168.0
412,10249.341329190598,-1081.234359484244
413,10272.0,-1068.0
414,10327.853768521501,-1030.85332771347
415,10381.0,-961.0
416,10381.625820904439,-960.1312765303619
417,10441.05659864927,-878.8278182549044
418,10445.0,-873.0
419,10481.154657610236,-813.1122868855609
420,10506.0,-763.0
421,10506.442917245298,-762.031119050058
422,10535.0,-692.0
423,10549.089686425394,-649.0112520799328
424,10552.0,-638.0
425,10560.907355263955,-589.824357610353
426,10563.0,-573.0
427,10566.0,-523.0
428,10565.983293901048,-522.4830681435484
429,10551.0,-464.0
430,10548.171534645975,-459.664772018137
431,10521.0,-432.0
432,10511.927146266398,-425.7310001302748
433,10479.0,-408.0
434,10441.26221680186,-388.79521530476336
435,10427.0,-381.0
436,10392.036731621924,-354.6503005549166
437,10384.0,-329.0
438,10381.0,-248.0
439,10381.256968764816,-232.2931354877572
440,10385.133991280201,-206.97533402451447
441,10395.0,-178.0
442,10412.659787866643,-108.18756109924908
443,10420.0,-78.0
444,10427.81046512316,-45.54560050141018
445,10438.16287953741,-10.91855297088128
446,10443.0,5.0
447,10483.0,135.0
448,10497.323752654866,177.78331531328925
449,10517.735721087218,227.19098597243288
450,10525.0,246.0
451,10533.30379565188,268.8683255006415
452,10541.0,292.0
453,10547.632547549056,315.1282152181746
454,10554.0,341.0
455,10560.0,392.0
456,10559.10371987523,398.9001558034047
457,10538.704341447623,469.2413651448502
458,10537.0,474.0
459,10525.356175587458,502.2153853385153
460,10499.437747447444,521.0997576997902
461,10482.0,532.0
462,10435.0,562.0
463,10411.290866124024,576.0980216164913
464,10396.0,583.0
465,10392.142950155208,584.6915002175162
466,10341.0,606.0
467,10330.953698933099,609.7428904678562
468,10276.0,627.0
469,10233.469013670134,637.0043584133824
470,10229.0,638.0
471,10185.0,647.0
472,10177.112740134573,648.2638462021415
473,10098.917256281247,657.483784507582
474,10072.0,660.0
475,10026.674482842112,663.2736923638979
476,9993.0,665.0
477,9963.36479648904,666.3979887833539
478,9899.0,669.0
479,9897.745576344554,669.0414120509761
480,9822.0,671.0
481,9812.400675987561,671.205262410016
482,9732.0,673.0
483,9663.410715183985,675.3960436544062
484,9646.0,676.0
485,9547.0,679.0
486,9545.71721309908,679.0391727967049
487,9302.675633083261,686.7601842152278
488,9231.0,689.0
489,9126.063012823783,691.9274388273185
490,9083.0,693.0
491,9001.684822542424,695.1123044202898
492,8940.0,697.0
493,8731.0,704.0
494,8663.38716064642,706.0261798377529
495,8629.0,707.0
496,8589.566199996543,708.2781680655905
497,8485.904507073252,711.646277811095
498,8474.0,712.0
499,8327.036816609587,715.7426106765593
500,8315.0,716.0
501,8166.0,719.0
502,8137.285041068319,719.738704606381
503,8056.0,722.0
504,7913.984735813582,725.1536147388496
505,7873.0,726.0
506,7730.0,729.0
507,7710.049595967646,729.424253753816
508,7497.0,734.0
509,7497.0,734.0
510,7444.918730934132,734.9235809271415
511,7334.0,737.0
512,7204.64739712224,739.8384401158881
513,7079.0,743.0
514,7031.711105732211,744.212373947443
515,6958.0,746.0
516,6804.0,749.0
517,6785.760288307258,749.3929697307962
518,6636.2542562301705,753.1514895076554
519,6549.0,755.0
520,6515.5201258956695,755.5586792554226
521,6423.0,757.0
522,6313.993178308263,759.361026445517
523,6249.0,761.0
524,6132.531446154861,764.3040247924647
525,6106.0,765.0
526,5978.0,768.0
527,5817.310279115404,772.4407965963347
528,5800.0,773.0
529,5619.470928445383,779.2577201475435
530,5459.0,785.0
531,5375.966708274198,787.857927840524
532,5311.0,790.0
533,5273.140666040084,791.3191079518175
534,5114.0,797.0
535,5037.556609783207,799.7655100093572
536,4782.0,809.0
537,4721.315914863996,811.1028367808686
538,4631.0,814.0
539,4545.101989296116,817.0927252942531
540,4359.536270861962,823.8388870757956
541,4326.0,825.0
542,4206.0,829.0
543,4070.5256596835284,833.5123338417087
544,4000.0,836.0
545,3905.377886190874,839.6682344514372
546,3845.0,842.0
547,3665.901559750171,848.2603031119755
548,3584.0,851.0
549,3408.0,857.0
550,3308.597254020861,860.5820913413851
551,3214.0,864.0
552,3070.2090798156723,868.9836473429281
553,2983.0,872.0
554,2886.3886998498447,875.6156616266418
555,2740.0,881.0
556,2525.0,888.0
557,2496.697585244598,888.9826824436624
558,2217.0,899.0
559,2112.677466714351,902.7001630307109
560,2047.2243365357674,904.825297744965
561,1963.0,907.0
562,1891.8847594977556,908.7846894879187
563,1799.0,911.0
564,1666.7093534940593,913.7283609187663
565,1652.0,914.0
566,1468.0,917.0
567,1445.9957242706796,917.3475599392461
568,1284.0,920.0
569,1189.1691657530075,921.7385475440648
570,1003.5467552106929,925.3599438266027
571,969.0,926.0
572,746.0,930.0
573,634.9139115449045,932.2601537014314
574,598.0,933.0
575,280.0,939.0
576,217.69015419674858,940.1698245376476
577,18.0,944.0
578,15.675039094961313,944.0451726954273
579,-119.32181926044133,946.6761741087759
580,-188.0,948.0
581,-341.67057006388916,950.9293898155403
582,-395.0,952.0
583,-531.3268937223182,954.9138646387541
584,-584.0,956.0
585,-737.3099182186351,959.1506810136133
586,-847.0,965.0
587,-1115.0,986.0
588,-1266.5120480052165,999.6989650181088
589,-1410.9944796268437,1014.8215273811395
590,-1507.0,1025.0
591,-1563.7131482786417,1030.78133941313
592,-1657.0,1040.0
593,-1697.94120576522,1044.1150968158458
594,-1849.2748138776908,1059.3564373496772
595,-1887.0,1063.0
596,-1983.0,1071.0
597,-2100.8186400273726,1076.5496077064338
598,-2206.0,1080.0
599,-2235.5529510851616,1080.6714446949704
600,-2292.0,1076.0
601,-2298.6522762771087,1075.1012627940845
602,-2365.0604932602805,1066.3228247806173
603,-2413.0,1059.0
604,-2449.874504474868,1051.5957323921016
605,-2498.0,1035.0
606,-2535.0,1016.0
607,-2539.6978240550015,1013.1492938779777
608,-2570.0,991.0
609,-2605.0,953.0
610,-2607.932218136557,948.7494141459036
611,-2623.8422533410303,918.3054500648813
612,-2634.0,882.0
613,-2636.0,869.0
614,-2636.105254941908,868.1414022129543
615,-2636.0,816.0
616,-2632.9231729893345,795.0351535436363
617,-2628.0,773.0
618,-2618.0,745.0
619,-2608.4885898955818,726.062424569237
620,-2576.054737169222,670.8938272423429
621,-2566.0,655.0
622,-2547.039312817258,630.1532522424465
623,-2531.0,615.0
624,-2524.4350163657655,608.7651921987247
625,-2500.0,586.0
626,-2495.454076233267,581.9660942126789
627,-2463.583614765402,555.5011798109969
628,-2451.0,546.0
629,-2433.0,533.0
630,-2414.9876691928903,519.1962995746227
631,-2392.0,503.0
632,-2348.809115738044,477.24221516560215
633,-2280.0,439.0
634,-2272.962869786105,435.2097454442944
635,-2232.0072486402214,413.98935119757846
636,-2213.0,403.0
637,-2141.656945606081,358.2956860218961
638,-2135.0,354.0
639,-2060.0,305.0
640,-2050.789801514926,299.0693297397982
641,-1981.0,255.0
642,-1980.159195818342,254.480830819517
643,-1888.0,200.0
644,-1798.0,154.0
645,-1796.9316672326202,153.56498468009596
646,-1643.9414971122028,107.34368539160205
647,-1587.0,95.0
648,-1505.4595346145138,84.51989234422902
649,-1406.0,94.0
650,-1404.935970511046,94.1789732277707
651,-1275.0,122.0
652,-1262.5172292375448,125.36122857371858
653,-1181.0,152.0
654,-1164.516060712439,158.32315801768675
655,-983.0,236.0
656,-880.3233507485775,285.10223740948476
657,-810.0,320.0
658,-713.4449508330466,367.6593302585033
659,-608.6711494289972,417.5194887726866
660,-586.0,428.0
661,-549.0,445.0
662,-435.9903008781165,496.4279390970215
663,-389.0,516.0
664,-266.65947180474876,558.9362903365877
665,-22.13174890708509,607.899611405345
666,45.0,615.0
667,126.16879442753752,621.6210268984189
668,290.0,631.0
669,306.8296770264061,631.7562510385987
670,435.0,632.0
671,449.33188870921987,631.3011818917936
672,625.037833911568,616.6113976646909
673,637.0,615.0
674,769.0,591.0
675,916.5469469902285,552.7398342361591
676,929.0,549.0
677,1046.0,511.0
678,1208.4314630409801,455.8192442008515
679,1234.0,446.0
680,1347.0,398.0
681,1377.4668191340104,384.563311527544
682,1460.0,347.0
683,1629.0163321595924,258.4661811146202
684,1721.0,203.0
1,2049.3782966026256,-5.3600576958923405
2,2141.0,-63.0
3,2178.640378523317,-86.67257707868313
4,2238.0,-124.0
5,2360.1171455739054,-200.76957606424827
6,2378.0,-212.0
7,2617.0,-362.0
8,2784.1952112434515,-466.9740200688924
9,2944.0,-567.0
10,3104.0,-665.0
11,3174.0161068567654,-707.2742247499827
12,3310.0,-789.0
13,3324.169799045454,-797.4822891897105
14,3414.0,-851.0
15,3521.2619051869888,-914.3493582743242
16,3563.0,-939.0
17,3652.0,-991.0
18,3761.842307200412,-1051.3753757086865
19,4029.0,-1193.0
20,4203.844565811622,-1283.955408335397
21,4320.0,-1344.0
22,4359.566193576455,-1364.9089431648222
23,4407.0,-1390.0
24,4446.178949850413,-1410.2300929677144
25,4555.0,-1467.0
26,4568.5878841617605,-1474.339894420301
27,4687.062717192749,-1540.8832162934739
28,4723.0,-1562.0
29,4769.474125960771,-1591.3441530872662
30,4797.0,-1611.0
31,4808.154431656648,-1619.2437164510438
32,4881.409343848783,-1676.9433512977344
33,4903.0,-1697.0
34,4947.0,-1747.0
35,4968.626923236392,-1777.1713511385194
36,4978.0,-1794.0
37,4993.441637321386,-1830.0025378472046
38,5008.0,-1875.0
39,5019.334846759817,-1948.1934631705271
40,5013.438340595749,-1983.4882989385494
41,4996.621934245752,-2023.8345887444175
42,4976.0,-2063.0
43,4973.235763595685,-2067.7839709104774
44,4947.0,-2109.0
45,4943.43402023761,-2113.9508072920476
46,4913.0,-2152.0
47,4903.0180079606625,-2163.6613398610884
48,4879.0,-2190.0
49,4866.775093065876,-2202.8144461665433
50,4803.0,-2268.0
51,4797.222102801799,-2273.8308465508835
52,4769.559188865472,-2301.1402363688144
53,4726.0,-2343.0
54,4725.340153173948,-2343.6546099416455
55,4639.606329962045,-2429.645271108579
56,4618.0,-2452.0
57,4575.693069351687,-2500.873479795945
58,4558.0,-2526.0
59,4542.576997247011,-2548.429348371503
60,4488.0,-2639.0
61,4487.779063916798,-2639.451643337544
62,4454.18243421644,-2718.8668375650786
63,4438.0,-2767.0
64,4423.386142662945,-2829.5905416107266
65,4422.0,-2839.0
66,4413.647292322742,-2970.004550248391
67,4413.0,-2992.0
68,4411.946876200502,-3133.5249856890628
69,4411.0,-3173.0
70,4400.0,-3276.0
71,4396.338818361688,-3294.5051787917655
72,4369.0,-3416.0
73,4353.614035348394,-3477.1575195730734
74,4324.18485172389,-3553.032587165247
75,4307.0,-3586.0
76,4294.199330119394,-3610.527286380051
77,4239.0,-3707.0
78,4195.585557503916,-3764.629531621984
79,4173.0,-3791.0
80,4114.0,-3852.0
81,4078.029083267211,-3884.54630752713
82,4028.0,-3924.0
83,3839.130917205136,-4042.060216953528
84,3776.0,-4077.0
85,3725.9524380537805,-4102.36732850248
86,3634.0,-4140.0
87,3633.5475334860075,-4140.179699977071
88,3550.491663812622,-4172.734047591938
89,3472.0,-4197.0
90,3408.8330385422796,-4213.611693519824
91,3286.0,-4243.0
92,3237.832930890363,-4253.681648212741
93,3186.0,-4260.0
94,3090.6610792648084,-4271.115681618585
95,3021.0,-4277.0
96,2948.116435607749,-4279.961873673139
97,2895.0,-4281.0
98,2820.4700723308415,-4281.811464693856
99,2717.3112295746023,-4276.3828499698675
100,2639.0,-4265.0
101,2479.3958437338492,-4235.583180479347
102,2412.0,-4222.0
103,2295.6628711241183,-4189.991679989557
104,2258.0,-4174.0
105,2108.47318594353,-4112.778653064439
106,2067.0,-4094.0
107,1959.0,-4039.0
108,1945.0237044464996,-4031.434614553102
109,1852.0,-3979.0
110,1681.0,-3874.0
111,1662.9132147923578,-3862.626201277707
112,1444.0,-3724.0
113,1391.2052385179852,-3690.4397515643577
114,1259.0,-3606.0
115,1235.0038906653067,-3590.6996602256063
116,1125.1632910515118,-3520.697309629027
117,1099.0,-3504.0
118,970.7207925978352,-3421.9257648554017
119,924.0,-3392.0
120,719.0,-3261.0
121,603.0692895671625,-3187.67342801964
122,505.0,-3126.0
123,434.31772736026835,-3082.0723409350317
124,380.0,-3051.0
125,330.0056523828491,-3022.950400887306
126,77.0,-2887.0
127,38.850979906880916,-2868.204299308354
128,-149.37910352571853,-2781.9159311827216
129,-233.0,-2745.0
130,-288.6123735387955,-2720.671143507755
131,-400.0,-2700.0
132,-421.68781323339533,-2698.1549302539447
133,-678.5690061620996,-2684.1710875912186
134,-719.0,-2683.0
135,-841.2111035424045,-2686.8754529607086
136,-923.0,-2714.0
137,-1048.5823587017733,-2756.931696468025
138,-1061.0,-2762.0
139,-1232.0,-2854.0
140,-1337.8842116205801,-2916.78652408203
141,-1456.0,-2987.0
142,-1471.6581471784045,-2996.1164303152664
143,-1501.0,-3008.0
144,-1613.130238219939,-3048.9086923700256
145,-1703.0,-3077.0
146,-1799.0,-3092.0
147,-1903.2540476325976,-3092.144153642466
148,-1982.0,-3090.0
149,-2038.8331906718547,-3087.816010037101
150,-2083.1822997098125,-3082.802080370957
151,-2157.0,-3046.0
152,-2172.2682179130697,-3038.1620103620176
153,-2375.0,-2931.0
154,-2478.0,-2858.0
155,-2556.0,-2798.0
156,-2760.769723375181,-2621.2974423092796
157,-2782.0,-2604.0
158,-2847.3569030501462,-2557.42176054304
159,-2926.0,-2523.0
160,-2998.0,-2494.0
161,-3012.431107250105,-2489.1074862860128
162,-3139.244906738219,-2456.49352253872
163,-3273.0,-2439.0
164,-3424.8695720891383,-2445.9396400197165
165,-3538.0,-2465.0
166,-3600.56510324036,-2478.935309790346
167,-3624.0,-2486.0
168,-3677.745693592592,-2503.440298224602
169,-3778.0,-2539.0
170,-3801.688746731247,-2548.2499072080486
171,-3924.0,-2607.0
172,-3937.4164511119207,-2614.989629388611
173,-4071.6103509759323,-2705.3209183510403
174,-4082.0,-2713.0
175,-4159.116692292701,-2780.3351866039943
176,-4196.0,-2822.0
177,-4241.9165140266405,-2876.4358199388485
178,-4269.0,-2913.0
179,-4312.466584618308,-2981.1197875100347
180,-4343.0,-3036.0
181,-4371.788385501345,-3100.4264087744596
182,-4388.0,-3151.0
183,-4397.0,-3186.0
184,-4401.19933761921,-3203.9540620052826
185,-4413.40715021891,-3267.7217740490014
186,-4418.0,-3323.0
187,-4418.8471216616235,-3368.742293392119
188,-4418.0,-3422.0
189,-4414.805485592008,-3471.884885510297
190,-4404.0,-3523.0
191,-4392.588702178823,-3564.7228408262254
192,-4385.0,-3589.0
193,-4371.420999960472,-3625.2327641555275
194,-4339.0,-3682.0
195,-4310.540014717593,-3717.402332130925
196,-4238.0,-3790.0
197,-4210.683618770202,-3811.5845807481574
198,-4130.0,-3848.0
199,-4129.324856216901,-3848.247388107777
200,-4116.0,-3853.0
201,-3974.6066866460783,-3881.892666538699
202,-3958.0,-3884.0
203,-3881.1301915128297,-3890.1933106273023
204,-3811.0,-3892.0
205,-3746.9657879058263,-3892.758959552957
206,-3729.0,-3893.0
207,-3625.0,-3895.0
208,-3590.989136171154,-3895.6036220924243
209,-3473.0,-3898.0
210,-3396.6182072192087,-3901.2963373183675
211,-3302.0,-3909.0
212,-3301.43260917676,-3909.054947423686
213,-3191.0,-3921.0
214,-3155.598692619048,-3925.500707927694
215,-3088.0,-3935.0
216,-3030.130155744087,-3943.594392991984
217,-3021.0,-3945.0
218,-2830.0,-3975.0
219,-2779.53901744725,-3983.28986550686
220,-2629.0,-4011.0
221,-2605.701340852455,-4015.6152196094226
222,-2502.0,-4037.0
223,-2501.277458958192,-4037.1560220197707
224,-2319.0,-4078.0
225,-2291.2883982357826,-4084.0816737418872
226,-2146.0,-4112.0
227,-2131.7634235560704,-4114.150071985325
228,-1966.0743995601713,-4133.726879225724
229,-1925.0,-4137.0
230,-1854.0,-4141.0
231,-1766.7595380762766,-4142.889063705335
232,-1710.0,-4143.0
233,-1592.6284642398764,-4141.502357389978
234,-1507.0,-4139.0
235,-1447.2067789803382,-4136.582607308338
236,-1390.0,-4134.0
237,-1239.9546189691034,-4126.998139941333
238,-1138.0,-4121.0
239,-1108.0,-4119.0
240,-1089.3509350973084,-4117.934113021456
241,-876.0,-4110.0
242,-774.7946570472225,-4106.626978670276
243,-678.0,-4104.0
244,-555.0,-4102.0
245,-538.6767436598732,-4101.7422552265625
246,-431.0,-4100.0
247,-320.0736129581782,-4098.487438916553
248,-212.0,-4097.0
249,-37.20147659704232,-4094.1789326102135
250,-23.0,-4094.0
251,152.6608423431514,-4092.412848803212
252,183.0,-4092.0
253,343.0,-4089.0
254,434.0529612524023,-4087.863104199742
255,504.0,-4088.0
256,687.3183086554864,-4091.4111321338505
257,729.0,-4093.0
258,1049.0,-4130.0
259,1049.6971095398364,-4130.138062878482
260,1187.2340071088906,-4162.301165375111
261,1351.0,-4211.0
262,1463.0765892380382,-4248.512919267674
263,1476.0,-4253.0
264,1569.7879210267872,-4286.479645321272
265,1664.0,-4320.0
266,1862.780276873391,-4389.557188276422
267,1930.0,-4413.0
268,1997.7653541629793,-4436.6153570240285
269,2040.0,-4450.0
270,2161.5526107024234,-4488.378214848626
271,2422.0,-4570.0
272,2473.861603607735,-4585.790927121691
273,2566.0,-4612.0
274,2592.944653852465,-4619.480142793516
275,2713.0,-4651.0
276,2737.5408237329443,-4656.866877407015
277,3095.0,-4734.0
278,3097.6587526233166,-4734.537491999524
279,3188.6290515974156,-4750.608934756932
280,3248.0,-4757.0
281,3365.6337376207175,-4770.666123421374
282,3437.0,-4778.0
283,3576.518601308138,-4788.186076902376
284,3593.0,-4789.0
285,3820.0,-4794.0
286,3910.4614957785993,-4794.439597451192
287,4050.2987307822154,-4790.109635807388
288,4101.0,-4787.0
289,4362.74279385402,-4767.180260224795
290,4414.0,-4763.0
291,4535.839538577091,-4750.836999900766
292,4590.0,-4743.0
293,4684.838686895161,-4729.764931566413
294,4765.0,-4718.0
295,4958.0,-4683.0
296,4990.935961472179,-4676.080613027526
297,5236.0,-4616.0
298,5280.289692034673,-4603.4163055852905
299,5478.0,-4544.0
300,5589.136677547833,-4509.033535850213
301,5718.0,-4466.0
302,5750.668489494845,-4454.952296111309
303,5889.0,-4408.0
304,5959.007732513641,-4384.30981017381
305,6043.0,-4356.0
306,6268.917730448637,-4280.135444091601
307,6284.0,-4275.0
308,6388.1738169638265,-4239.033669348781
309,6490.0,-4204.0
310,6706.871319894266,-4130.156473225352
311,6784.0,-4104.0
312,6911.391876931576,-4061.0910624882476
313,6940.0,-4051.0
314,7162.293365601848,-3970.0968946939465
315,7181.0,-3963.0
316,7352.0,-3896.0
317,7352.782352080486,-3895.6850612103854
318,7437.0,-3861.0
319,7471.692198133809,-3846.379085608376
320,7695.900115422781,-3750.3527310403665
321,7810.0,-3701.0
322,7887.857049150991,-3666.9505847005576
323,7978.0,-3626.0
324,8043.901236976091,-3595.3646843262895
325,8233.470716208092,-3506.0716672159715
326,8263.0,-3492.0
327,8313.0,-3468.0
328,8479.652649216776,-3388.154405749847
329,8530.0,-3364.0
330,8713.0,-3275.0
331,8747.501821316117,-3257.547297197227
332,8979.042945328809,-3133.66359540562
333,9112.543631785908,-3056.9930210676325
334,9260.606554734757,-2968.017969582581
335,9407.0,-2873.0
336,9407.7979672619,-2872.4400265952668
337,9477.265387100872,-2817.964065485416
338,9515.0,-2781.0
339,9529.495291694857,-2765.700344858721
340,9557.0,-2734.0
341,9615.212580634352,-2658.3818183698154
342,9619.0,-2653.0
343,9650.389743915737,-2595.2347939221054
344,9652.0,-2591.0
345,9673.955300454654,-2516.979729728118
346,9677.0,-2501.0
347,9678.0,-2459.0
348,9676.484589253698,-2451.753408560462
349,9655.444729179337,-2391.832390069755
350,9653.0,-2386.0
351,9635.279219535943,-2352.7476755983093
352,9619.0,-2334.0
353,9618.871673448935,-2333.852763638345
354,9561.0,-2270.0
355,9556.807159072963,-2265.8487290595085
356,9538.0,-2248.0
357,9505.511169637699,-2219.308713744002
358,9487.0,-2204.0
359,9408.0,-2141.0
360,9403.245539164744,-2137.2661662241294
361,9380.583512274912,-2119.7932166604437
362,9343.028736554726,-2085.6528296966667
363,9336.0,-2079.0
364,9264.0,-2010.0
365,9229.88535422845,-1975.9598713394385
366,9214.162805772317,-1951.922164758988
367,9208.0,-1941.0
368,9138.0,-1805.0
369,9137.851941200372,-1804.6655004596655
370,9123.584854041435,-1754.795246443684
371,9122.0,-1734.0
372,9118.999204191361,-1681.9120932742471
373,9119.0,-1676.0
374,9129.0,-1589.0
375,9133.547956266626,-1570.785938249749
376,9142.0,-1543.0
377,9147.789157361936,-1525.9309919094767
378,9163.0,-1488.0
379,9177.606193039635,-1458.8901079184504
380,9203.0,-1416.0
381,9221.250224371177,-1389.9394369221454
382,9251.0,-1355.0
383,9251.326347082442,-1354.6407304126396
384,9302.0,-1308.0
385,9316.487228288472,-1298.1187487106033
386,9398.0,-1250.0
387,9398.318502237735,-1249.8273666323312
388,9440.965603979375,-1232.123832774748
389,9464.0,-1227.0
390,9474.944547082378,-1224.3913312296534
391,9537.0,-1211.0
392,9593.512333083849,-1205.084921074982
393,9633.0,-1203.0
394,9685.20726789142,-1201.9977422062532
395,9713.0,-1202.0
396,9833.0,-1201.0
397,9863.008628915646,-1199.6737952915466
398,9972.0,-1193.0
399,9985.313238422805,-1191.8312499574317
400,10109.0,-1159.0
401,10116.334121505546,-1155.9010896438226
402,10163.0,-1135.0
403,10196.945299228091,-1116.9255692431802
404,10230.0,-1097.0
405,10292.87008520959,-1051.763602117334
406,10320.0,-1028.0
407,10374.0,-969.0
408,10379.849880740163,-961.8605123771559
409,10455.0,-857.0
410,10467.46972456399,-836.2790815765302
411,10489.0,-797.0
412,10519.0,-733.0
413,10546.0,-659.0
414,10560.0,-595.0
415,10565.22025892702,-554.8904399473527
416,10566.0,-544.0
417,10563.577516586902,-492.58342361158566
418,10556.0,-471.0
419,10542.855862271379,-451.89733431099967
420,10510.841871911845,-427.6655616702586
421,10442.0,-389.0
422,10422.115224156547,-376.35077064375355
423,10401.0,-359.0
424,10387.287745296191,-337.78150149703583
425,10379.0,-303.0
426,10378.104508361279,-285.8113991091591
427,10382.0,-238.0
428,10395.951034820884,-171.3872762151288
429,10398.0,-163.0
430,10415.0,-98.0
431,10418.0,-87.0
432,10424.074713536538,-64.75631039023777
433,10462.100015572933,72.22521398306723
434,10468.0,92.0
435,10489.0,152.0
436,10497.651840607123,174.55316628500594
437,10517.53955584206,225.66298127216655
438,10522.0,237.0
439,10538.126682479971,277.68421704340574
440,10548.0,314.0
441,10551.04856516247,329.69351045941806
442,10560.0,394.0
443,10561.36870276999,421.9697497780662
444,10553.060430195725,442.76101955188096
445,10550.0,449.0
446,10530.0,486.0
447,10527.088015480202,490.01557363192865
448,10502.0,516.0
449,10480.263221390811,533.2752954737505
450,10459.0,548.0
451,10422.0,570.0
452,10389.861220041263,585.1404455506661
453,10328.0,610.0
454,10294.121701832348,621.1474907192302
455,10240.94091500673,635.2227210655136
456,10238.0,636.0
457,10196.0,645.0
458,10183.64422613894,646.7601850773424
459,10081.508394848206,659.4552423238696
460,10067.0,661.0
461,9984.397423891174,666.09213309444
462,9959.0,667.0
463,9877.078156224099,669.8533628664967
464,9870.0,670.0
465,9814.254409733461,670.6685372071319
466,9801.0,671.0
467,9607.033881639849,677.4299708358178
468,9590.0,678.0
469,9485.681040699099,680.5569126950805
470,9471.0,681.0
471,9326.0,686.0
472,9302.753361318271,686.7763186268235
473,9228.0,689.0
474,9147.766457648244,690.7485720213048
475,9138.0,691.0
476,8971.178587154172,697.0907329679072
477,8940.0,698.0
478,8782.0,702.0
479,8749.717437206471,702.8369991756628
480,8665.991969437664,705.4302239616125
481,8619.0,707.0
482,8551.44029249495,709.1201869457741
483,8438.411670582425,712.5860031699037
484,8425.0,713.0
485,8359.0,715.0
486,8231.050638067789,717.7877211738096
487,8170.0,719.0
488,8112.009511567588,720.3953637880726
489,8046.0,722.0
490,7909.767695359081,724.9288377829907
491,7766.0,728.0
492,7741.722460608647,728.5824138306064
493,7650.0,731.0
494,7633.539421350507,731.3569071406723
495,7459.263704422899,734.8168261202708
496,7298.0,738.0
497,7238.030878422585,739.350225871864
498,7178.0,741.0
499,7139.505780987785,741.9612357412873
500,7013.0,745.0
501,6949.539476726679,746.4672527271376
502,6821.1234809030775,749.2408872736667
503,6783.0,750.0
504,6645.180027734051,752.6054864986286
505,6519.0,755.0
506,6434.242041820031,756.8061223490689
507,6371.746364911278,758.5158605271072
508,6314.0,760.0
509,6188.0,763.0
510,6171.022226359584,763.3674446861312
511,6022.918191652199,766.3983681788031
512,5965.0,768.0
513,5691.0,777.0
514,5620.472688799986,779.3777686071959
515,5463.0,785.0
516,5462.306651820759,785.0268839735519
517,5333.0,790.0
518,5231.303052968155,793.3908022568377
519,5087.0,798.0
520,5040.696295206435,799.7159743534826
521,4955.0,803.0
522,4712.301863571345,811.7646545681158
523,4622.0,815.0
524,4558.8969884920325,817.2827975321778
525,4453.0,821.0
526,4408.650860505473,822.4230110940448
527,4267.0,827.0
528,4130.375285069401,831.8085729350262
529,4096.0,833.0
530,3905.2128807314057,839.4216986196498
531,3889.0,840.0
532,3681.0,848.0
533,3678.7401494980295,848.081767176845
534,3471.0,855.0
535,3347.3778002638464,859.2057824487831
536,3208.0,864.0
537,3117.3335551492523,867.1624073568842
538,3066.0,869.0
539,3025.419244035723,870.432275383148
540,2782.0,879.0
541,2651.8402912155516,883.6334840777961
542,2585.0,886.0
543,2483.4524296777554,889.549193594363
544,2442.0,891.0
545,2099.0,903.0
546,2097.839644903035,903.0396576419495
547,1845.0,910.0
548,1827.2064117200382,910.3966136328346
549,1754.0,912.0
550,1605.4380241093456,914.7284596543675
551,1462.0,917.0
552,1387.6991935574968,918.1876904045738
553,1278.0,920.0
554,1162.8044643405929,922.0519477104449
555,1021.0,925.0
556,956.2329601941465,926.6697066854974
557,855.0,929.0
558,559.0,934.0
559,557.6864310557208,934.0208128593137
560,384.7299115158337,936.7439862044894
561,373.0,937.0
562,251.1435482476971,939.8160029108961
563,150.0,942.0
564,-74.06846963783298,945.7607223264732
565,-354.5562962870581,948.3234969360516
566,-714.9958057680595,958.3121215233048
567,-835.0,965.0
568,-1038.6660977638212,980.1172393809068
569,-1237.0,998.0
570,-1310.6867093715828,1005.2008606734898
571,-1463.5438461640726,1021.1386368825279
572,-1492.0,1024.0
573,-1622.7453886761296,1036.77889328531
574,-1686.0,1043.0
575,-1806.408955169009,1055.1704342219064
576,-1845.0,1059.0
577,-1968.0,1070.0
578,-2043.3365144568197,1075.2940637200957
579,-2128.0,1080.0
580,-2172.6324007222556,1081.3607781608412
581,-2243.2237456332223,1078.9600403774039
582,-2270.0,1077.0
583,-2300.953932103803,1074.429894395657
584,-2353.0,1069.0
585,-2401.0,1061.0
586,-2417.7360576511264,1057.0393174018825
587,-2487.1476540672547,1036.4955661452
588,-2515.0,1027.0
589,-2558.074483849397,1006.5369239634736
590,-2578.0,984.0
591,-2592.025094223304,967.7205133363623
592,-2609.0,946.0
593,-2628.7586749261723,905.3329688290366
594,-2630.0,900.0
595,-2637.0,835.0
596,-2637.679978056981,818.08444948859
597,-2634.0,804.0
598,-2633.928354769393,803.7333579102236
599,-2620.1738942412467,752.186707431612
600,-2611.0,728.0
601,-2599.3401088892747,704.6890608775293
602,-2559.0,647.0
603,-2544.1067497723243,628.6403052726578
604,-2528.3041914407563,611.886148835595
605,-2518.0,602.0
606,-2505.532254302404,590.5525549031845
607,-2484.0,572.0
608,-2451.0,546.0
609,-2442.8781508332613,539.5635098735329
610,-2403.0,510.0
611,-2330.1073708848007,467.21173095741244
612,-2251.0,424.0
613,-2240.846516599715,418.4705430179624
614,-2217.3643290443747,405.5437215811721
615,-2180.0,382.0
616,-2083.41431353531,320.35746600236365
617,-2064.0,308.0
618,-1995.2913953942316,264.7517209617083
619,-1953.0,238.0
620,-1929.0588318831576,222.551497667626
621,-1885.0,198.0
622,-1772.2584090584703,146.60379628428487
623,-1728.0,128.0
624,-1669.2525113509903,105.69941270089546
625,-1611.362979692685,94.9173672797175
626,-1572.0,92.0
627,-1537.8954390046747,89.47177885421519
628,-1460.0,88.0
629,-1458.4127456021893,88.10110714127305
630,-1302.0,116.0
631,-1255.6801786312503,128.35736820395186
632,-1202.0,145.0
633,-1112.0,179.0
634,-1031.6769359129971,214.50253941168472
635,-1022.0,219.0
636,-918.0,269.0
637,-893.5143767081324,280.7401906596783
638,-752.5556366194725,347.8648892768012
639,-742.0,353.0
640,-695.0,376.0
641,-574.0,434.0
642,-562.4458496339668,439.7257537641313
643,-376.0,521.0
644,-305.00808191720466,542.5642517224422
645,-162.0,582.0
646,-125.7940151864655,591.3431305520903
647,-20.240307312707536,607.6442525528824
648,5.0,610.0
649,91.97314391474158,619.6498926748862
650,178.0,626.0
651,384.6490464248415,631.2820970924056
652,440.0,632.0
653,573.998973176298,625.6293406873509
654,614.0,618.0
655,761.9634825342291,587.3745642891505
656,920.0,551.0
657,1043.4079739269755,516.4163320012613
658,1161.2377688831489,472.89574636729714
659,1211.0,454.0
660,1291.3750798870767,424.0891129302028
661,1411.0,370.0
662,1569.1203606283264,287.5593346903775
663,1662.0,237.0
664,1759.605911716597,181.0390142322509
1,2001.0,25.0
2,2110.0,-43.0
3,2124.977419650567,-52.39414023670673
4,2261.0,-138.0
5,2346.036866866068,-191.3205101275408
6,2371.0,-207.0
7,2530.7307007613467,-307.930884618494
8,2580.0,-339.0
9,2862.0,-516.0
10,2969.700574333447,-582.9396734778868
11,3120.0,-675.0
12,3121.0854592189394,-675.659419585061
13,3291.2728896531053,-777.6002299897077
14,3339.0,-806.0
15,3551.0,-932.0
16,3552.430237449063,-932.8453514838601
17,3723.0,-1031.0
18,3762.3150126171176,-1052.4204909707596
19,3904.0,-1128.0
20,3975.8070147778603,-1165.5871782461197
21,4059.9670439335364,-1208.7634556986545
22,4072.0,-1215.0
23,4177.005972210157,-1269.837222944719
24,4254.0,-1310.0
25,4368.0,-1369.0
26,4437.96549609106,-1405.4116805108943
27,4565.278842177402,-1472.3187103210046
28,4576.0,-1478.0
29,4666.0,-1527.0
30,4692.0248585017225,-1542.370400432889
31,4758.0,-1584.0
32,4788.978103801692,-1604.7009315002229
33,4861.0,-1659.0
34,4867.087674688484,-1664.4697388584334
35,4872.0,-1669.0
36,4968.0,-1776.0
37,4968.346555625746,-1776.508731712348
38,4999.0,-1841.0
39,5013.0,-1937.0
40,4997.0,-2017.0
41,4950.501131108125,-2103.810978803801
42,4940.0,-2118.0
43,4902.321920427086,-2164.538027369618
44,4885.0,-2184.0
45,4878.428606376474,-2191.166786057346
46,4842.0,-2229.0
47,4806.096018004115,-2264.6818992837543
48,4762.0,-2308.0
49,4698.739232335644,-2369.345094757223
50,4672.0,-2396.0
51,4658.375416384645,-2409.8860921177115
52,4608.237553096679,-2462.7139737531015
53,4573.0,-2506.0
54,4547.73318570903,-2541.508395709233
55,4476.0,-2665.0
56,4461.886389607287,-2695.6621151535537
57,4440.0,-2760.0
58,4430.342699255121,-2797.8694006365185
59,4414.0,-2926.0
60,4413.280054240363,-2958.7809193654475
61,4414.0,-3070.0
62,4414.227900752143,-3132.2577557699433
63,4410.0,-3186.0
64,4402.7469451389,-3246.976996459606
65,4391.0,-3327.0
66,4389.013040337063,-3338.1783919629243
67,4360.0,-3449.0
68,4334.8189719874445,-3515.097963180642
69,4285.0,-3632.0
70,4278.964070474339,-3645.180905256529
71,4233.6365075132135,-3719.9225703568954
72,4207.0,-3751.0
73,4151.199832779618,-3815.0574439479597
74,4134.0,-3833.0
75,4050.0,-3907.0
76,3933.6680601719663,-3988.6137170532893
77,3912.0,-4002.0
78,3822.0,-4053.0
79,3754.9799744494812,-4087.8652474252312
80,3655.0,-4132.0
81,3511.857483536111,-4183.914091250307
82,3467.0,-4199.0
83,3343.4690631226176,-4233.094505405767
84,3283.0,-4244.0
85,3174.27686176746,-4261.491770751906
86,3163.0,-4263.0
87,3052.0,-4275.0
88,2937.1798385606785,-4283.198860700561
89,2811.0,-4280.0
90,2721.2698155581556,-4272.615808516546
91,2597.0,-4260.0
92,2565.103036628873,-4256.63966155943
93,2502.516580921675,-4249.055485156424
94,2412.0,-4222.0
95,2187.0,-4147.0
96,2185.094483186504,-4146.330062465046
97,2065.9235396960166,-4099.177985849218
98,1992.2691704337776,-4057.155930531706
99,1983.0,-4052.0
100,1863.0,-3985.0
101,1808.4975872513103,-3952.6142789206347
102,1731.0,-3905.0
103,1625.0,-3840.0
104,1623.1655120200946,-3838.8643018306166
105,1421.4013754112054,-3710.402503404017
106,1402.0,-3698.0
107,1203.0,-3571.0
108,1182.0769036547097,-3557.66363969621
109,1106.0058110580699,-3509.3299546091184
110,1043.0,-3469.0
111,979.0071248425097,-3427.7947688465974
112,751.0,-3281.0
113,694.2450870162281,-3244.5984891155204
114,534.3389803606988,-3143.168180847763
115,475.0,-3107.0
116,327.5331266085899,-3021.752261502733
117,196.33519487231285,-2950.315634339929
118,164.0,-2933.0
119,34.68561907680575,-2865.3196713492634
120,8.0,-2851.0
121,-214.0,-2752.0
122,-433.0,-2695.0
123,-643.2569279287499,-2672.5003684472495
124,-734.0,-2684.0
125,-760.8213304589826,-2688.3014946683165
126,-925.3068830813108,-2721.2518261143746
127,-1032.0,-2751.0
128,-1063.3768310252558,-2762.2025680190595
129,-1161.4116606862137,-2811.3862174246137
130,-1211.0,-2841.0
131,-1274.5419731860043,-2880.176000476967
132,-1335.0,-2918.0
133,-1369.8609040397905,-2939.934199461296
134,-1456.0,-2987.0
135,-1514.7977028805856,-3012.203855226202
136,-1656.0,-3066.0
137,-1715.059882422664,-3085.965366835591
138,-1776.0,-3090.0
139,-1776.859853388245,-3090.0353096817375
140,-1921.6092497198815,-3094.4900471707783
141,-1933.0,-3094.0
142,-2018.524194355583,-3084.0267057950105
143,-2084.0,-3070.0
144,-2106.1286376000094,-3064.2195965527208
145,-2194.523641773714,-3032.023005021353
146,-2207.0,-3026.0
147,-2378.0,-2929.0
148,-2413.3584969907724,-2907.2342441643955
149,-2460.0,-2871.0
150,-2576.1614387715495,-2773.5965786967004
151,-2664.0,-2699.0
152,-2740.217892582325,-2633.541089739781
153,-2775.0,-2609.0
154,-2892.652127611961,-2540.232096071939
155,-2992.0,-2496.0
156,-3042.0,-2479.0
157,-3138.6448444197827,-2451.8312406073674
158,-3215.0,-2443.0
159,-3276.627191148558,-2441.0193325691916
160,-3420.0,-2444.0
161,-3502.4669379731477,-2451.333157722306
162,-3576.0,-2474.0
163,-3634.453046635217,-2491.0381372650018
164,-3741.0,-2524.0
165,-3741.6252195408356,-2524.218542423541
166,-3850.0,-2569.0
167,-3952.962835309932,-2624.147289449602
168,-4024.0,-2669.0
169,-4063.1496289074466,-2697.366581175215
170,-4183.453025181433,-2810.659139830424
171,-4225.0,-2856.0
172,-4254.573607080129,-2890.4220873029244
173,-4302.0,-2963.0
174,-4331.770613381184,-3017.3070321819046
175,-4364.0,-3084.0
176,-4399.0,-3195.0
177,-4399.309715408644,-3196.2587018041695
178,-4403.0,-3212.0
179,-4418.70477458145,-3381.6877562770587
180,-4419.0,-3397.0
181,-4414.000545860471,-3465.852418499694
182,-4412.0,-3477.0
183,-4384.0,-3590.0
184,-4381.210865161813,-3598.2305689696195
185,-4373.0,-3619.0
186,-4349.360470639705,-3660.811093214298
187,-4283.205222043364,-3748.1977735749297
188,-4269.0,-3765.0
189,-4229.857146788893,-3796.6571048199958
190,-4217.0,-3804.0
191,-4171.305848430114,-3829.867828593877
192,-4165.0,-3833.0
193,-4113.972560786871,-3853.4065265765776
194,-4040.0,-3872.0
195,-3992.7385315449656,-3879.9485753457425
196,-3965.0,-3883.0
197,-3876.3855629083123,-3888.818363001435
198,-3831.0,-3891.0
199,-3768.2369551925767,-3893.2085021710313
200,-3702.0653264031716,-3893.7318259557424
201,-3681.0,-3894.0
202,-3562.6534122579183,-3895.882939891854
203,-3519.0,-3897.0
204,-3397.6854909462727,-3902.326814666223
205,-3279.0,-3911.0
206,-3277.815327128123,-3911.100893681231
207,-3225.944577673093,-3916.168501239574
208,-3167.0,-3924.0
209,-2998.967759388682,-3948.7265786609737
210,-2931.0,-3959.0
211,-2814.4867348265307,-3977.6078073023446
212,-2761.0,-3987.0
213,-2634.0,-4010.0
214,-2633.3364938584255,-4010.1250719428167
215,-2504.0,-4036.0
216,-2381.0075356868724,-4064.5992155890235
217,-2306.0,-4081.0
218,-2175.7476715450384,-4106.9579448336035
219,-2144.0,-4113.0
220,-1995.9321448902153,-4133.797054127179
221,-1950.0,-4136.0
222,-1662.7128051444486,-4142.803236209169
223,-1648.0,-4143.0
224,-1576.2898557444787,-4143.132680790367
225,-1517.0,-4140.0
226,-1416.4691970229776,-4135.074317371823
227,-1355.0,-4132.0
228,-1147.0,-4121.0
229,-1041.0,-4116.0
230,-748.214444014001,-4106.598180396307
231,-654.0,-4104.0
232,-571.4691339788043,-4101.938543347404
233,-464.4424930574396,-4099.987741022507
234,-390.0,-4099.0
235,-277.00872813925935,-4097.714926579399
236,-218.0,-4097.0
237,-14.713695790193974,-4094.223702241642
238,1.0,-4094.0
239,143.0,-4092.0
240,191.7883250499077,-4091.3984784026247
241,318.0,-4090.0
242,463.1498268686626,-4088.1954579549642
243,509.0,-4088.0
244,621.0,-4089.0
245,654.5635322840408,-4089.9323494834825
246,783.2352053508564,-4096.3809882248515
247,844.0,-4101.0
248,935.7148320921115,-4110.2561991227985
249,1002.0,-4121.0
250,1262.9602641210636,-4184.917599305725
251,1317.0,-4200.0
252,1539.5577324283197,-4274.827580143211
253,1551.0,-4279.0
254,1654.3526000895608,-4316.488685307525
255,1720.0,-4340.0
256,1859.0,-4389.0
257,1860.364809605594,-4389.4741027895725
258,1951.0,-4420.0
259,1992.307897178254,-4433.608156046613
260,2122.0,-4476.0
261,2155.0179372197545,-4486.657651074276
262,2279.0,-4526.0
263,2341.4825539001636,-4545.301393456811
264,2485.0,-4588.0
265,2646.539443407046,-4633.415449966766
266,2678.0,-4642.0
267,2791.0,-4671.0
268,2791.8560789972107,-4671.201671803936
269,2906.0,-4697.0
270,3018.963888450707,-4721.442021533289
271,3088.0,-4733.0
272,3426.0,-4777.0
273,3484.9368271168823,-4783.559255920817
274,3583.537750877824,-4790.437766821366
275,3670.212136183443,-4791.74489551009
276,3683.0,-4792.0
277,3787.0,-4794.0
278,3806.643052224701,-4794.195790722886
279,3960.0,-4792.0
280,4030.6589990577977,-4788.950999700595
281,4248.190628009336,-4776.108381576115
282,4377.0,-4767.0
283,4478.653505798722,-4757.377249336445
284,4551.0,-4748.0
285,4706.0,-4727.0
286,4795.1912280439,-4712.904324461954
287,4913.0,-4692.0
288,5058.671148965248,-4661.549452350007
289,5136.0,-4642.0
290,5237.924085524382,-4614.135553623851
291,5475.0,-4545.0
292,5636.529817041261,-4494.183762396477
293,5748.451112367691,-4456.047675668882
294,5778.0,-4446.0
295,6114.0,-4332.0
296,6153.521354579629,-4318.569419467897
297,6227.389326267529,-4293.399017624013
298,6317.0,-4263.0
299,6381.002218824803,-4241.3669885005365
300,6503.0,-4200.0
301,6655.0,-4148.0
302,6756.287564959416,-4114.282885133314
303,6825.0,-4091.0
304,6992.073347056192,-4031.822277822831
305,7183.0,-3962.0
306,7213.233147927598,-3950.8297000247203
307,7417.0,-3870.0
308,7419.110541539325,-3869.114219695281
309,7748.0,-3729.0
310,7801.129821627153,-3706.033340585922
311,7902.732821713923,-3660.377251269042
312,7921.0,-3652.0
313,8088.388412848999,-3574.7587340661044
314,8158.0,-3542.0
315,8417.0,-3419.0
316,8457.163102571312,-3399.852798549592
317,8562.0,-3349.0
318,8584.377786764817,-3338.0670771714035
319,8708.997503032204,-3276.859188115578
320,8785.0,-3238.0
321,9008.440742670036,-3118.8154639087415
322,9056.0,-3093.0
323,9169.0,-3028.0
324,9249.907985434502,-2976.7862049559626
325,9380.941176358663,-2891.3527443732864
326,9399.0,-2879.0
327,9470.205832781277,-2821.8323136424933
328,9489.0,-2804.0
329,9540.0,-2755.0
330,9543.64729772981,-2751.2667944884893
331,9557.0,-2734.0
332,9575.172111762688,-2711.364437971906
333,9611.0,-2665.0
334,9611.569230197165,-2664.173361311832
335,9636.0,-2623.0
336,9641.489708765403,-2611.877304703892
337,9653.0,-2586.0
338,9673.182493119242,-2531.1849728842017
339,9685.013457854058,-2479.708883623472
340,9660.656788401744,-2397.495644743262
341,9641.0,-2366.0
342,9602.863222650318,-2315.6439442338788
343,9582.0,-2291.0
344,9514.964130631548,-2227.498596703097
345,9512.0,-2225.0
346,9475.63389903034,-2195.087574672742
347,9451.0,-2175.0
348,9427.198173800969,-2155.4828222734222
349,9396.0,-2130.0
350,9373.640118814335,-2111.931120045185
351,9352.0,-2094.0
352,9296.0,-2043.0
353,9262.916832774385,-2009.1500889942915
354,9238.0,-1981.0
355,9223.335460614055,-1962.9173929207514
356,9194.0,-1922.0
357,9163.141568069457,-1866.941305269946
358,9145.0,-1824.0
359,9130.683527774274,-1778.8842128640144
360,9125.0,-1754.0
361,9121.15106241817,-1729.2468323684877
362,9119.0,-1686.0
363,9122.112412926213,-1636.4548214619838
364,9126.0,-1604.0
365,9134.059025269671,-1561.1447688588873
366,9147.565985350067,-1524.7713387099664
367,9156.0,-1506.0
368,9190.0,-1437.0
369,9214.601369438149,-1397.7843008052057
370,9232.0,-1378.0
371,9265.0,-1340.0
372,9278.09907800694,-1327.5217770392976
373,9304.0,-1306.0
374,9340.627241614307,-1279.1069656444674
375,9371.0,-1263.0
376,9473.62008087043,-1224.7952866061348
377,9490.0,-1220.0
378,9586.943776266215,-1204.5826519080351
379,9625.0,-1203.0
380,9672.420487293788,-1201.8117545450239
381,9735.0,-1201.0
382,9906.723219899548,-1198.4142729954228
383,9919.0,-1198.0
384,10009.5512310409,-1191.567020276956
385,10070.039893502875,-1174.2248603253333
386,10094.0,-1165.0
387,10122.391435689891,-1153.333563178789
388,10192.0,-1120.0
389,10200.86924554928,-1114.9606137670437
390,10283.223089251951,-1059.5864445120465
391,10330.0,-1018.0
392,10396.0,-942.0
393,10403.602762211016,-931.9704429163635
394,10464.0,-843.0
395,10464.47700010889,-842.2439204160993
396,10500.862109778189,-776.4934501077473
397,10514.0,-745.0
398,10539.082306213917,-676.399210244012
399,10549.0,-645.0
400,10556.254958723379,-617.3843544938006
401,10564.0,-567.0
402,10566.241530027923,-509.33162962319307
403,10563.0,-491.0
404,10547.358103627106,-459.16663969912463
405,10545.0,-456.0
406,10503.0,-420.0
407,10476.56803936183,-405.47312353609976
408,10420.0,-376.0
409,10386.56514342038,-345.0040253332142
410,10379.0,-310.0
411,10380.0,-253.0
412,10381.483969820853,-236.31827651593147
413,10389.646186157473,-185.5691265083663
414,10400.076252594308,-146.64062408124283
415,10424.0,-62.0
416,10424.369934153889,-60.69776860163839
417,10463.0,74.0
418,10465.086303669508,81.03256836049192
419,10478.15151172108,120.79994923015221
420,10484.0,137.0
421,10497.0,173.0
422,10519.512538864497,234.40142250137686
423,10545.0,305.0
424,10548.688383481229,315.8734659913364
425,10558.541309975473,361.5860335460449
426,10559.0,372.0
427,10559.0,407.0
428,10554.0,436.0
429,10545.039717880623,455.48158087527037
430,10514.0,502.0
431,10501.73297636841,516.8074964162789
432,10486.0,529.0
433,10456.965203552285,548.0009683486971
434,10415.0,573.0
435,10399.466757533537,581.3532280751363
436,10366.0,596.0
437,10304.278691052854,618.1336264157139
438,10281.0,626.0
439,10237.387424406794,639.0073189170942
440,10203.161592610242,643.3714014288505
441,10199.0,644.0
442,10154.989556440538,650.9664030676378
443,10135.0,654.0
444,10121.0,656.0
445,10069.738761562765,660.9774018220195
446,10017.0,664.0
447,9975.848826432799,666.0071973319344
448,9952.0,667.0
449,9893.00009866209,668.8484128120758
450,9808.0,671.0
451,9705.0,674.0
452,9651.048212300046,675.5401709048681
453,9601.0,677.0
454,9424.0,683.0
455,9401.468739960483,683.5801895699968
456,9302.0,686.0
457,9118.0,692.0
458,9094.933734511367,692.7919534226758
459,8999.0,696.0
460,8930.153380012234,698.0259872514173
461,8826.0,701.0
462,8799.162361602126,701.7741111147673
463,8724.0,704.0
464,8618.472818125318,707.4271803821144
465,8513.065348960257,710.7002775718927
466,8502.0,711.0
467,8421.0,713.0
468,8332.46904982685,715.1639149756387
469,8174.0,719.0
470,8158.317379421036,719.3605274455879
471,8042.679572689818,721.8064606880179
472,8034.0,722.0
473,7820.0,727.0
474,7677.3228707446015,730.1110973872994
475,7542.0,733.0
476,7465.148859459057,734.6276648285401
477,7320.075824113785,737.6592116114203
478,7259.0,739.0
479,7153.119260229069,741.472238234554
480,7045.0,744.0
481,6932.289921209884,746.5747660852437
482,6776.0,750.0
483,6666.261738824457,752.1956526171119
484,6460.0,756.0
485,6433.828523337461,756.5200145593179
486,6276.938427093585,760.0354794774917
487,6238.0,761.0
488,6027.538327095756,766.5771166524519
489,6013.0,767.0
490,5899.430378907537,770.507062041649
491,5884.0,771.0
492,5641.0,779.0
493,5639.321787386918,779.0570288304434
494,5522.505040194153,783.1379145292336
495,5412.0,787.0
496,5378.7744477628585,788.121793306065
497,5264.0,792.0
498,5214.863025220466,793.757869743008
499,5090.568888535357,798.4144926214734
500,5016.0,801.0
501,4828.37224076756,807.0374157872257
502,4768.0,809.0
503,4664.5950753641755,812.6048659374134
504,4500.0,819.0
505,4429.66875578808,821.5703318151443
506,4279.0,827.0
507,3938.0,839.0
508,3748.0,845.0
509,3327.5300392617455,859.5049887757392
510,3059.453017561772,868.9745522559225
511,2945.0,873.0
512,2741.587298536883,880.1281896619889
513,2662.0,883.0
514,2635.9379534941263,883.9673615892641
515,2448.0,891.0
516,2284.965755252762,896.6192293963621
517,2126.0,902.0
518,2015.8019692178054,905.701856241918
519,1892.0,909.0
520,1858.5107813522236,909.6608646718155
521,1711.5228816226029,912.1037029791925
522,1658.0,913.0
523,1458.3631198194912,916.6618876831586
524,1441.0,917.0
525,1296.1110149633166,919.895560515575
526,1241.0,921.0
527,1057.084343174782,924.60530725035
528,986.0,926.0
529,731.0,931.0
530,644.4137362590025,932.6497394353314
531,478.29567253047406,935.6260560008338
532,345.0,938.0
533,256.412743662479,939.8786401938829
534,198.0,941.0
535,72.09784199863417,943.1591145470268
536,-40.0,945.0
537,-76.00725061813489,945.584528352988
538,-214.8952007514764,948.0128186779518
539,-262.0,949.0
540,-575.0,956.0
541,-689.9269908312828,957.947698729203
542,-869.0,967.0
543,-956.8095668235594,973.6901353092195
544,-1148.0,989.0
545,-1427.2679972789683,1016.0392271191926
546,-1546.0,1029.0
547,-1661.331267599988,1040.8607384114928
548,-1726.0,1047.0
549,-1812.933035157828,1055.0731143653966
550,-1930.0,1066.0
551,-2010.4362359738338,1073.8211392377668
552,-2065.0,1077.0
553,-2140.8707441734036,1079.073003416661
554,-2206.0,1080.0
555,-2233.399122408158,1080.1493281501268
556,-2278.0,1077.0
557,-2303.912733031454,1074.1540713302072
558,-2370.5211150188966,1066.329482354719
559,-2399.0,1062.0
560,-2436.070491443626,1054.4922729839284
561,-2466.0,1046.0
562,-2476.692752872862,1042.390253289272
563,-2514.0,1027.0
564,-2552.0,1005.0
565,-2556.1138915010147,1002.0070446678241
566,-2573.0,988.0
567,-2600.685677867609,958.2899332202771
568,-2610.0,945.0
569,-2624.3671755263754,915.8478163871195
570,-2628.0,905.0
571,-2636.0,858.0
572,-2636.2455092463233,853.7463648496629
573,-2635.297710852842,816.2569163846481
574,-2635.0,813.0
575,-2629.0,779.0
576,-2609.562472611883,725.7117386807806
577,-2608.0,722.0
578,-2597.269408015984,699.6908469602367
579,-2585.0,681.0
580,-2575.7910769664713,667.7859492018199
581,-2535.2525144705105,618.2085253686585
582,-2531.0,614.0
583,-2468.0,559.0
584,-2416.0,520.0
585,-2314.0,456.0
586,-2251.9585021688863,425.09566817879323
587,-2212.0,402.0
588,-2102.0,332.0
589,-2101.0093080147712,331.3695247445132
590,-1997.893418085135,266.77852575091697
591,-1945.0,233.0
592,-1932.739056230187,224.87197354381587
593,-1811.501281261017,159.16210075171608
594,-1800.0,155.0
595,-1660.2761385846788,109.84847731517162
596,-1648.0,106.0
597,-1536.3179015837427,81.87603279796667
598,-1504.0,85.0
599,-1312.4122006698017,117.59164599632142
600,-1244.0,131.0
601,-1196.48749722528,141.6835778051004
602,-1138.9111272919902,167.25537220064834
603,-1126.0,173.0
604,-965.0,245.0
605,-945.3247393972496,254.02202576611137
606,-833.19514741854,308.68814795244737
607,-800.0,325.0
608,-727.9650470365469,359.7192598764533
609,-596.0,423.0
610,-503.68661498560107,469.42274477638824
611,-398.0,513.0
612,-395.8355391888051,513.7513774317779
613,-171.0,580.0
614,-151.56783087932797,584.5305149807315
615,97.0,620.0
616,98.1190422048501,620.1043989961806
617,197.453544443831,627.5181734108436
618,271.0,630.0
619,417.0,632.0
620,459.52199886269693,632.1965135198099
621,665.0,611.0
622,691.1756647233517,605.7472686298197
623,841.0,573.0
624,913.3231098416668,555.4323308784603
625,1017.0,521.0
626,1067.8831831685063,503.9896334778995
627,1206.0,456.0
628,1426.6073166587992,362.58831276071567
629,1472.0,341.0
630,1573.3252902877016,288.8726446282333
631,1754.0,182.0
632,1789.6746992245594,159.9734133839544
633,1879.2449733392305,103.4277887710538
1,1917.3608697172965,77.77048323564621
2,1984.8448574504148,35.11573475392161
3,2071.719464057517,-19.34345299035148
4,2108.0,-42.0
5,2177.9167871078807,-85.56813646807004
6,2233.0,-120.0
7,2344.0,-190.0
8,2428.9020759599707,-243.78596759525834
9,2540.0,-314.0
10,2541.4082807823643,-314.88536691191445
11,2738.0,-438.0
12,2796.6732132590073,-475.1295592017399
13,2852.0,-510.0
14,2940.6306483146473,-564.8857886405547
15,2996.0,-599.0
16,3112.9284963388773,-671.0601480366126
17,3126.0,-679.0
18,3243.0,-749.0
19,3318.7142044091124,-794.3185354309387
20,3405.0,-846.0
21,3588.3389400418505,-954.5128662247455
22,3617.0,-971.0
23,3713.1116993584596,-1025.1286082363038
24,3791.0,-1068.0
25,3929.579069131803,-1142.2679061883907
26,3974.0,-1165.0
27,4020.0,-1188.0
28,4349.0,-1359.0
29,4350.795945624861,-1359.942360616175
30,4469.846601259558,-1422.5082899749202
31,4581.0,-1481.0
32,4595.835435559734,-1488.7616707288864
33,4642.294996078175,-1512.9007963557115
34,4702.76522120972,-1548.1795929670534
35,4729.0,-1565.0
36,4784.3085679515325,-1601.6061119560384
37,4815.0,-1623.0
38,4857.603351159661,-1655.4960358542107
39,4911.0,-1705.0
40,4916.468786247262,-1710.7019899746747
41,4961.0120385278005,-1764.4029147055774
42,4989.0,-1816.0
43,4996.141993217019,-1835.5880239952387
44,5013.0,-1914.0
45,5014.612776407692,-1926.2618175762593
46,5010.0,-1967.0
47,5007.353468090171,-1976.0149001621894
48,4982.974279019974,-2044.8452079458305
49,4974.0,-2065.0
50,4955.776458553654,-2096.7649766401164
51,4937.0,-2122.0
52,4927.070423726902,-2134.450566070041
53,4896.280494394528,-2170.8885735972126
54,4870.0,-2200.0
55,4821.179272655049,-2250.4887310430586
56,4782.0,-2289.0
57,4777.998233640897,-2292.8404128252937
58,4720.337238986135,-2347.6673463101943
59,4715.0,-2353.0
60,4657.6013718542545,-2411.224233238731
61,4621.0,-2449.0
62,4587.190597671235,-2485.15241785274
63,4562.029600595796,-2519.149933256014
64,4551.0,-2536.0
65,4504.560562219785,-2610.295281295126
66,4486.0,-2643.0
67,4458.078700776219,-2701.8782080048836
68,4436.0,-2774.0
69,4431.77406657957,-2792.127432659696
70,4420.0,-2855.0
71,4416.6884713417185,-2881.5127296041987
72,4413.351376267107,-2952.5673840293366
73,4413.0,-2990.0
74,4413.120398879712,-3074.3361099961185
75,4413.0,-3136.0
76,4410.2882123657755,-3220.7256156712688
77,4403.208097550568,-3265.9986635226824
78,4395.0,-3306.0
79,4366.0,-3427.0
80,4365.835088219971,-3427.5710061015025
81,4329.0,-3536.0
82,4328.6188132279785,-3537.004077670743
83,4279.0,-3641.0
84,4259.318956311956,-3671.591126504786
85,4178.0,-3786.0
86,4149.143751063841,-3823.348370871447
87,4099.170840040123,-3876.3684941554457
88,4024.0,-3927.0
89,4023.0827176032826,-3927.654245174688
90,3962.0,-3971.0
91,3940.101358480564,-3985.440000286991
92,3830.8102844783666,-4048.3144735559017
93,3820.0,-4054.0
94,3737.5884921081997,-4095.017568323703
95,3727.0,-4100.0
96,3608.0,-4151.0
97,3570.3572241815104,-4164.877746421139
98,3445.0,-4205.0
99,3444.384551061863,-4205.181337886477
100,3354.0,-4229.0
101,3261.943408669016,-4246.390683835281
102,3131.0,-4267.0
103,3046.100284268586,-4278.167057519401
104,2964.0,-4280.0
105,2867.765458611805,-4281.049572243105
106,2837.0,-4281.0
107,2694.0,-4272.0
108,2511.317589274346,-4240.225429336526
109,2381.0,-4213.0
110,2262.1127664319615,-4177.605177951153
111,2214.0,-4158.0
112,2104.0,-4111.0
113,1991.3203441761493,-4054.83877478186
114,1823.0,-3961.0
115,1675.5497572079264,-3871.441535543356
116,1587.0,-3815.0
117,1482.0,-3748.0
118,1480.6630255931254,-3747.151035284937
119,1403.0,-3698.0
120,1275.4178798217226,-3616.9622160809877
121,1230.0,-3588.0
122,999.7708068956163,-3440.864597091282
123,936.0,-3400.0
124,820.842264597014,-3325.703299049221
125,801.0,-3313.0
126,716.2514703376542,-3258.9647198910943
127,606.0,-3189.0
128,590.0153503165017,-3178.8962859961925
129,496.0,-3120.0
130,427.8380078579746,-3078.4410581154098
131,357.0,-3037.0
132,309.8561950150006,-3010.563558581373
133,200.0,-2951.0
134,156.10178941576694,-2927.476978377309
135,-1.633746846840861,-2845.6089900662
136,-15.0,-2839.0
137,-58.0,-2818.0
138,-188.82743657934108,-2755.9851972998053
139,-291.0,-2726.0
140,-334.7538930087486,-2716.8449221692254
141,-531.7066108948974,-2687.733026839781
142,-590.0,-2681.0
143,-690.0308151580587,-2675.45428032747
144,-767.0,-2687.0
145,-794.0977665488597,-2690.5758247986205
146,-851.0,-2699.0
147,-936.1553060641031,-2718.6950758988114
148,-1040.0,-2754.0
149,-1064.5518204239024,-2764.0969770242305
150,-1169.0,-2817.0
151,-1338.431429303141,-2918.8262739430625
152,-1393.0,-2952.0
153,-1501.6637621937552,-3013.4897215477044
154,-1558.0,-3034.0
155,-1654.0,-3066.0
156,-1703.2891031802556,-3078.2063074936295
157,-1776.0,-3090.0
158,-1851.2108348385057,-3094.9646549062636
159,-1935.0,-3094.0
160,-2055.0,-3077.0
161,-2146.1404891463426,-3045.0678490292
162,-2293.0,-2982.0
163,-2388.8232631782644,-2927.549194024478
164,-2441.0,-2885.0
165,-2541.0,-2810.0
166,-2542.877394222318,-2808.4205355804866
167,-2696.0,-2671.0
168,-2761.691830226762,-2618.9276245829737
169,-2909.0,-2530.0
170,-2932.32091415433,-2517.943274780634
171,-3033.4003289051857,-2479.8667008086372
172,-3068.0,-2471.0
173,-3157.0,-2451.0
174,-3267.2528067504027,-2437.1019175759325
175,-3338.0,-2438.0
176,-3393.5560446578747,-2442.485308945601
177,-3519.0,-2461.0
178,-3580.185634512517,-2474.7724766019355
179,-3646.0,-2493.0
180,-3756.0,-2530.0
181,-3772.788679815355,-2537.030733660298
182,-3917.3410777776953,-2604.2808224100067
183,-3931.0,-2611.0
184,-4023.2041576368124,-2666.6797492209585
185,-4046.0,-2685.0
186,-4128.0,-2753.0
187,-4198.0,-2825.0
188,-4205.801212737058,-2834.722323789716
189,-4292.463840395798,-2954.828139120627
190,-4327.0,-3007.0
191,-4351.299857234414,-3047.2043312949963
192,-4373.470897351204,-3104.93243570142
193,-4381.0,-3131.0
194,-4390.204335707122,-3163.6480324960594
195,-4399.0,-3197.0
196,-4411.515880997366,-3258.4407367645117
197,-4415.0,-3295.0
198,-4417.109410768947,-3395.1842223883045
199,-4417.0,-3436.0
200,-4416.241710342931,-3477.1163333154414
201,-4405.0,-3517.0
202,-4399.042481074963,-3535.3228245961086
203,-4360.0,-3647.0
204,-4348.2896850681345,-3675.114814434
205,-4314.0,-3718.0
206,-4305.1773615042,-3727.8477995807916
207,-4260.0,-3774.0
208,-4230.689121387535,-3795.9123105723083
209,-4130.397483385935,-3848.012414828647
210,-4123.0,-3851.0
211,-4032.7565204824514,-3874.7723907481195
212,-3976.0,-3882.0
213,-3897.0,-3889.0
214,-3884.7864800488687,-3889.640187871305
215,-3751.0,-3893.0
216,-3667.254918620221,-3894.1519530064925
217,-3522.0,-3897.0
218,-3508.577150659861,-3897.5040682898134
219,-3344.979708029402,-3906.533126806917
220,-3296.0,-3910.0
221,-3247.3361344774007,-3914.720538322064
222,-3229.0,-3917.0
223,-3163.151738569897,-3925.5444606911938
224,-3066.1672816091486,-3938.7170099386585
225,-3043.0,-3942.0
226,-2935.0,-3958.0
227,-2922.535737257973,-3959.9207333865306
228,-2826.6681014737537,-3975.4852895441777
229,-2812.0,-3978.0
230,-2610.0,-4014.0
231,-2563.538112017857,-4022.7765363681424
232,-2429.0,-4053.0
233,-2407.5250462008075,-4057.995765019047
234,-2297.0,-4083.0
235,-2256.018629176374,-4091.750863867747
236,-2162.0,-4110.0
237,-2038.7266805480574,-4127.422032572082
238,-1970.0,-4134.0
239,-1926.9638057248485,-4137.055096907514
240,-1842.0,-4141.0
241,-1727.0,-4143.0
242,-1726.2736699273723,-4143.00555816916
243,-1625.0,-4143.0
244,-1609.938990211842,-4142.798891216566
245,-1464.0,-4138.0
246,-1463.1834073409964,-4137.963187182508
247,-1180.1857330199116,-4122.6990050534305
248,-1167.0,-4122.0
249,-1047.050113384205,-4116.625722055781
250,-1001.0,-4115.0
251,-894.9160472443293,-4111.449106354309
252,-620.0,-4103.0
253,-598.6124494404964,-4102.424694715349
254,-335.28037823298035,-4098.127724580518
255,-324.0,-4098.0
256,-210.67393486801816,-4096.64132387591
257,-88.0,-4095.0
258,-43.75131448512986,-4094.3629310928072
259,110.0395534904264,-4091.997005222468
260,243.5027212542228,-4089.7892737648963
261,409.9335185313069,-4088.226411830788
262,567.0,-4089.0
263,569.3392379480974,-4089.029525984859
264,792.4233970439104,-4096.811448599131
265,808.0,-4098.0
266,904.0,-4107.0
267,940.7938852978316,-4111.401795565067
268,1143.0,-4151.0
269,1302.5150355190453,-4195.470672865687
270,1333.0,-4205.0
271,1430.1807056351006,-4237.55328799046
272,1475.0,-4253.0
273,1553.0,-4280.0
274,1584.4626187102672,-4291.146733612082
275,1739.245288403047,-4347.12367168762
276,1756.0,-4353.0
277,1999.036627616808,-4435.536809717519
278,2069.0,-4459.0
279,2142.752512273287,-4483.717344102558
280,2226.52030924458,-4510.329290070475
281,2275.0,-4525.0
282,2489.1554962792216,-4588.914769627354
283,2547.0,-4606.0
284,2610.7604869095558,-4624.535341640913
285,2677.0,-4642.0
286,2731.4004117303957,-4655.659794758925
287,2871.5721251295536,-4689.5537157690505
288,2923.0,-4701.0
289,3106.0,-4736.0
290,3208.5488284467947,-4751.559593475177
291,3241.0,-4756.0
292,3413.3591485727193,-4775.997318465786
293,3446.0,-4779.0
294,3546.1726664571415,-4786.386566656211
295,3600.0,-4789.0
296,3888.06873747402,-4793.381296207411
297,3946.0,-4793.0
298,4030.5325027799,-4791.288590468536
299,4225.0,-4779.0
300,4260.568340424306,-4776.130796089682
301,4369.0,-4767.0
302,4496.902202059088,-4755.674523049782
303,4595.0,-4743.0
304,4849.013962940215,-4701.143013581357
305,4959.0,-4682.0
306,5000.194265586793,-4674.805035145266
307,5080.0,-4656.0
308,5228.967464795529,-4615.647834264163
309,5422.0,-4562.0
310,5422.97821885815,-4561.719657089356
311,5596.240263627729,-4507.089196232332
312,5676.0,-4480.0
313,5747.713201887633,-4455.9918031750185
314,5879.0,-4412.0
315,5990.165305898939,-4373.743828733927
316,6048.0,-4354.0
317,6146.029758417487,-4321.36383124851
318,6201.0,-4303.0
319,6471.293259902369,-4211.356890920337
320,6490.0,-4205.0
321,6734.040361991887,-4122.095170071338
322,6746.0,-4118.0
323,6985.0,-4035.0
324,7069.61756927907,-4004.206313442297
325,7116.0,-3987.0
326,7228.645170219193,-3944.4019614924646
327,7276.0,-3926.0
328,7362.471644779423,-3891.612758727166
329,7411.0,-3872.0
330,7497.1479612464445,-3836.726436740183
331,7561.0,-3810.0
332,7725.413797096318,-3738.35273648328
333,7760.0,-3723.0
334,7968.105476840331,-3629.8459702701525
335,8058.0,-3589.0
336,8150.944654615415,-3545.7052882514695
337,8222.0,-3512.0
338,8413.967290545716,-3420.6893155202397
339,8434.0,-3411.0
340,8740.0,-3261.0
341,8796.018969861301,-3233.162974519673
342,8882.0,-3188.0
343,9012.302563025041,-3116.8944431667715
344,9100.0,-3068.0
345,9126.186262026935,-3053.0905837441537
346,9206.0,-3006.0
347,9317.287154360474,-2935.4422807792994
348,9389.0,-2887.0
349,9444.023501397905,-2844.8086241052056
350,9463.0,-2828.0
351,9511.613207830544,-2780.057170144338
352,9589.833887019591,-2688.5039704930114
353,9644.040915199526,-2603.604032587495
354,9666.0,-2551.0
355,9671.221228286826,-2533.371315101995
356,9679.0,-2462.0
357,9678.407483209245,-2456.688838903112
358,9668.0,-2418.0
359,9651.0,-2382.0
360,9647.988327496189,-2376.586902754762
361,9628.0,-2345.0
362,9618.538325465051,-2331.844715982286
363,9583.057077221354,-2291.076122594636
364,9579.0,-2287.0
365,9537.823089621144,-2248.2333369159855
366,9512.0,-2225.0
367,9478.183851259226,-2196.496828709985
368,9455.0,-2178.0
369,9417.718666532568,-2148.0040530479046
370,9366.0,-2106.0
371,9346.81290137057,-2090.1032321755033
372,9296.0,-2043.0
373,9276.32096324682,-2023.1052776452975
374,9251.0,-1996.0
375,9214.0,-1950.0
376,9192.855359021718,-1919.5168477456648
377,9182.0,-1902.0
378,9164.824382351804,-1870.3906175100265
379,9143.029300013823,-1819.6732834555155
380,9141.0,-1814.0
381,9127.0,-1764.0
382,9125.6291124245,-1756.6879531893264
383,9120.0,-1707.0
384,9118.458872417687,-1683.7750756971259
385,9127.0,-1600.0
386,9135.486728235339,-1569.0096649339716
387,9158.0,-1499.0
388,9160.611099399262,-1491.5473900036864
389,9180.400383321206,-1453.4743631305255
390,9182.0,-1451.0
391,9208.315474239933,-1408.4960468167726
392,9218.0,-1395.0
393,9253.0,-1353.0
394,9294.568059188077,-1312.8959095833484
395,9307.0,-1304.0
396,9398.0,-1250.0
397,9404.223996314991,-1246.6980936319958
398,9447.0,-1232.0
399,9451.965755534675,-1230.7807172344155
400,9540.0,-1211.0
401,9576.137408377124,-1206.5144605381317
402,9612.0,-1204.0
403,9665.69923990833,-1202.471799021673
404,9705.0,-1202.0
405,9779.897921097761,-1201.0894804492636
406,9788.0,-1201.0
407,9849.559729250454,-1200.3179199868785
408,9867.0,-1200.0
409,9940.0,-1197.0
410,10013.807473566323,-1186.7242087206166
411,10022.0,-1185.0
412,10121.575303409201,-1153.7304546660805
413,10173.0,-1130.0
414,10191.433807986537,-1120.174992053411
415,10256.0,-1080.0
416,10272.261725541866,-1068.3343392930256
417,10343.0,-1005.0
418,10374.405193737857,-968.1466368280803
419,10424.0,-903.0
420,10482.450978655192,-810.3575441458634
421,10493.0,-789.0
422,10511.581160968553,-749.3750635895026
423,10517.0,-737.0
424,10534.0,-694.0
425,10536.44149629217,-687.2679429917773
426,10553.575052251408,-629.6624471671925
427,10556.0,-617.0
428,10562.448211914765,-568.3030297590742
429,10566.0,-517.0
430,10566.071606281606,-500.26028942198855
431,10558.992338580769,-472.06327065525466
432,10546.0,-456.0
433,10517.0,-429.0
434,10516.350948367444,-428.5249432251236
435,10445.313396922542,-391.44746768585213
436,10441.0,-389.0
437,10400.0,-359.0
438,10381.894732352714,-324.8887013857493
439,10379.0,-302.0
440,10388.724522849645,-206.3327987355896
441,10390.0,-199.0
442,10403.524220534337,-137.14047200580333
443,10417.0,-88.0
444,10417.051747658634,-87.80919457136892
445,10429.950332035982,-40.16781071305749
446,10441.0,-2.0
447,10457.68951600052,54.92687780801656
448,10464.0,76.0
449,10488.182946686922,150.37570332555813
450,10497.0,174.0
451,10506.751300195789,198.51954051151796
452,10521.0,234.0
453,10529.381156033662,256.78704991836696
454,10540.0,289.0
455,10549.19409914025,321.4683227334506
456,10554.0,342.0
457,10559.838915959966,381.4743328911001
458,10560.0,386.0
459,10556.0,427.0
460,10550.180452959608,450.2272860137936
461,10537.0,474.0
462,10529.51019630459,483.4849905443637
463,10472.0,540.0
464,10456.08031288781,552.9227941493504
465,10436.248095020012,562.35486479606
466,10433.0,564.0
467,10396.0,583.0
468,10391.243440240693,585.2911903590668
469,10354.0,601.0
470,10336.84711609909,607.6261310160774
471,10276.0,627.0
472,10261.0,630.0
473,10240.691549616071,634.3438954713911
474,10180.0,647.0
475,10106.340305641601,656.6176502508617
476,10083.0,659.0
477,10017.401230569001,663.6812407692657
478,9936.0,667.0
479,9920.0,668.0
480,9913.273635457625,668.3252651339448
481,9800.0,671.0
482,9789.005697846005,671.3303478893133
483,9707.302213776595,674.3267005119593
484,9689.0,675.0
485,9634.757130966243,676.8518162395125
486,9593.0,678.0
487,9525.425690872584,679.3882317015056
488,9501.0,680.0
489,9311.29714339207,685.8909498540637
490,9217.0,689.0
491,9150.313814159326,691.1914063774516
492,9125.0,692.0
493,9066.986372678086,693.8343140794937
494,8934.0,698.0
495,8871.35487582401,699.9470180699859
496,8629.971810530016,707.3829418778922
497,8475.0,712.0
498,8422.677184749116,713.4795586293292
499,8346.541692879175,715.4096462542044
500,8275.0,717.0
501,8137.0,720.0
502,8122.848013469982,720.3343938869257
503,8054.0,722.0
504,7960.899966046602,724.0827710553381
505,7726.0,729.0
506,7594.447628450502,731.6471152524626
507,7476.0,734.0
508,7350.410308866303,736.659442583855
509,7248.579800564228,738.9809901232838
510,7206.0,740.0
511,7129.891444688818,741.8732685404979
512,7085.0,743.0
513,6976.810435706518,745.6929261911041
514,6963.0,746.0
515,6819.919709315957,748.5705295439341
516,6744.0,750.0
517,6664.292848770614,751.8111710544705
518,6572.0,754.0
519,6442.622587997133,756.723584848533
520,6430.0,757.0
521,6303.694978862696,760.0632134764347
522,6223.0,762.0
523,5987.014776958418,767.4963771730869
524,5966.0,768.0
525,5866.939067362945,770.9070896797483
526,5756.0,775.0
527,5479.0,784.0
528,5475.082657076103,784.1305786683901
529,5326.520521527619,789.6400183132869
530,5249.0,793.0
531,5222.231931589347,793.873240447886
532,5001.0,801.0
533,4948.665250088124,803.1045824126737
534,4901.0,805.0
535,4750.0,810.0
536,4748.440250658306,810.0520968190878
537,4581.0,816.0
538,4578.574049702762,816.0856531954432
539,4293.0,826.0
540,4217.571135662292,828.5484433636893
541,4087.0,833.0
542,4066.9650106622485,833.7508780967314
543,3741.0,846.0
544,3689.4284988303084,847.7819287452096
545,3575.9073783204717,851.0834916985413
546,3550.0,852.0
547,3409.405154057492,857.3534558711366
548,3392.0,858.0
549,3128.0,867.0
550,3056.540351587046,869.4188200158524
551,2952.0,873.0
552,2738.7910129365573,880.4096078367577
553,2722.0,881.0
554,2596.9154128681234,885.4108372130768
555,2580.0,886.0
556,2437.0,891.0
557,2346.1913891667327,894.5312569251432
558,2257.0,898.0
559,2005.0,906.0
560,1914.2167768955937,908.1304903819919
561,1771.0,911.0
562,1572.0,915.0
563,1551.920278315573,915.4081878597447
564,1372.0,919.0
565,1317.0,920.0
566,1010.2246303353128,925.6472515335087
567,878.0,928.0
568,823.1955567908177,928.8809589606269
569,750.0,930.0
570,692.6346985926343,931.2057953153685
571,511.0,935.0
572,249.28947984789502,939.5608956625756
573,105.0,942.0
574,13.908928670895968,943.627339970931
575,-71.87521794057825,945.457603173658
576,-97.0,946.0
577,-320.6004693327329,950.6720773477776
578,-338.0,951.0
579,-450.0,953.0
580,-544.8024379809845,954.8224364132066
581,-635.0,957.0
582,-692.7650864318039,958.7482887024078
583,-842.0,965.0
584,-881.9866976944737,967.2959797319323
585,-1101.0,984.0
586,-1165.7790092200703,990.0165021156388
587,-1322.0,1006.0
588,-1386.9920606753615,1012.6921442414455
589,-1613.0,1036.0
590,-1669.9070446641338,1041.904005924706
591,-1713.239617809949,1046.3540586409376
592,-1720.0,1047.0
593,-1869.0,1061.0
594,-1896.505700405098,1063.5112516572963
595,-2023.0,1074.0
596,-2114.0,1079.0
597,-2114.4521036375154,1079.0196254443244
598,-2191.5842857182893,1081.1258940190176
599,-2254.0,1078.0
600,-2265.376846653631,1077.0673630381227
601,-2379.0,1065.0
602,-2379.428029011752,1064.9486083229583
603,-2421.1914979746616,1059.0932797697558
604,-2460.0,1047.0
605,-2467.841634689306,1044.9376947362596
606,-2475.0,1043.0
607,-2540.0,1013.0
608,-2557.8049786320057,1000.6322361832234
609,-2581.0,981.0
610,-2601.5840922933953,957.3648150999292
611,-2604.0,954.0
612,-2630.0,898.0
613,-2635.3237175611257,875.4912059292403
614,-2637.0,853.0
615,-2633.0,795.0
616,-2630.1547994442853,776.668572425719
617,-2623.0,756.0
618,-2618.5368122836217,744.5788456927736
619,-2594.8894319276446,697.4382406090166
620,-2592.0,693.0
621,-2556.0,643.0
622,-2542.5952853331137,625.5641051470516
623,-2528.0,611.0
624,-2513.448036262107,597.6816026247272
625,-2483.0,571.0
626,-2435.4586014368074,533.8212176320933
627,-2426.0,527.0
628,-2356.504755724623,479.91505025913415
629,-2347.0,474.0
630,-2306.480704728819,451.9279812154536
631,-2293.0,445.0
632,-2208.975713061337,400.0494950138628
633,-2197.0,393.0
634,-2145.0,360.0
635,-2026.106884288342,283.8607606661918
636,-1979.0,254.0
637,-1959.0863315159,241.58378944485622
638,-1921.0,219.0
639,-1885.7385173925395,197.4473770235616
640,-1814.0,161.0
641,-1740.846682425445,134.5884746621846
642,-1622.0,100.0
643,-1620.7513157756634,99.66701718727585
644,-1510.5769728283283,79.47929337656447
645,-1424.0,91.0
646,-1423.409902654446,91.10282931363449
647,-1304.0,115.0
648,-1228.1411253870872,135.68911167749852
649,-1178.0,153.0
650,-1144.0,166.0
651,-1143.409403524565,166.2355625685928
652,-1032.8057444640317,214.49640637881868
653,-869.0,292.0
654,-808.1994151781236,320.99239635660314
655,-752.0,348.0
656,-620.0,412.0
657,-619.3915935856174,412.29288586085283
658,-510.0,464.0
659,-472.30319313156184,480.96876567845095
660,-423.0,502.0
661,-346.0995225224719,531.1352955695133
662,-254.0,560.0
663,-183.27556903963534,577.8887480198771
664,-89.0,596.0
665,65.20769001012388,615.2741552561226
666,167.0,625.0
667,216.92805507457868,628.9880796141267
668,326.0,632.0
669,412.82563491909184,632.0872665947304
670,456.0,631.0
671,617.3779361394786,617.4447453067726
672,629.0,616.0
673,809.6462627462214,582.7763743540088
674,863.0,568.0
675,1025.6766271741647,517.008105028853
676,1082.0,499.0
677,1183.9853374653608,468.20428452360045
678,1274.9518141898739,430.77256942982785
679,1311.0,414.0
680,1556.0,296.0
681,1641.2915292186144,252.39050789423828
682,1700.0,216.0
683,1789.8600214415067,159.29510705971916
1,2048.278212846774,-4.333614790618309
2,2246.861381234559,-129.2268120034671
3,2264.0,-140.0
4,2457.429967140543,-261.5820661687268
5,2474.0,-272.0
6,2618.239143477624,-362.70913697187035
7,2657.0,-387.0
8,2885.465221153717,-529.9686912585091
9,2972.0,-584.0
10,3045.021745217374,-629.3517048294782
11,3107.0216372590003,-666.975732148326
12,3117.0,-673.0
13,3235.0,-744.0
14,3252.397507392774,-754.412221160659
15,3398.3127535391077,-841.1121149365664
16,3442.0,-867.0
17,3525.306741883678,-916.3678262723244
18,3666.0,-999.0
19,3777.6430946764135,-1061.9338493925152
20,3912.0,-1133.0
21,3914.6222576500973,-1134.363846583857
22,4174.0,-1268.0
23,4194.673472349169,-1278.6645295861254
24,4424.0,-1398.0
25,4424.944458330824,-1398.4944543934437
26,4505.548250731684,-1440.8380606386522
27,4558.0,-1469.0
28,4655.0,-1522.0
29,4683.742466726996,-1537.8701298435494
30,4803.0,-1614.0
31,4814.567709534879,-1622.8872646005484
32,4877.0,-1673.0
33,4905.716378789419,-1697.4885651696886
34,4938.0,-1735.0
35,4951.967563986374,-1753.5943202341118
36,4985.0,-1806.0
37,5011.112347297579,-1901.1634877173224
38,5013.0,-1921.0
39,5011.633320953444,-1964.5374829153486
40,4989.0,-2037.0
41,4983.013388524443,-2049.9983612965866
42,4965.799601351006,-2080.6998488817317
43,4951.0,-2103.0
44,4933.652295634058,-2126.5584196397976
45,4900.0,-2167.0
46,4891.748742502687,-2176.179289908652
47,4855.0,-2215.0
48,4823.0,-2247.0
49,4806.749444990249,-2263.656589818085
50,4781.0,-2290.0
51,4761.777620496435,-2308.969451003372
52,4740.0,-2330.0
53,4670.0,-2397.0
54,4669.690563923414,-2397.3014620773893
55,4624.819541366416,-2442.9793860134187
56,4586.0,-2490.0
57,4580.897399100493,-2496.471278265219
58,4541.0,-2550.0
59,4522.381058385792,-2579.751133592076
60,4506.0,-2608.0
61,4454.238446782368,-2706.98299930547
62,4437.0,-2770.0
63,4427.484597446654,-2821.6664611899478
64,4414.0,-2925.0
65,4410.74255462861,-2958.018731694673
66,4410.003365934896,-3104.56047636748
67,4412.0,-3155.0
68,4411.980508677234,-3165.7745978723397
69,4407.918470316187,-3213.0882649875525
70,4406.0,-3227.0
71,4389.18867944601,-3331.94527429411
72,4385.0,-3353.0
73,4353.0,-3472.0
74,4339.35050893335,-3509.212073159443
75,4281.0,-3639.0
76,4273.509677480892,-3652.1974052119463
77,4270.0,-3658.0
78,4213.25989604258,-3741.964428771637
79,4181.0,-3782.0
80,4124.0004817794525,-3841.8615961533037
81,4078.0,-3884.0
82,3999.0,-3945.0
83,3998.036415212809,-3945.6691707103664
84,3888.154946703932,-4015.7461478698006
85,3836.0,-4046.0
86,3735.329991063681,-4096.367675380858
87,3720.0,-4103.0
88,3550.0,-4172.0
89,3483.300385901851,-4196.785515755764
90,3442.7989998676076,-4206.598797043658
91,3424.0,-4211.0
92,3291.4790827054894,-4242.703729809784
93,3280.0,-4245.0
94,3177.433561318281,-4262.101189799685
95,3143.0,-4266.0
96,2906.0,-4281.0
97,2816.141533553098,-4283.248038552073
98,2750.9356456850714,-4277.281121049937
99,2720.0,-4274.0
100,2619.4742200691735,-4262.940691795136
101,2591.0,-4259.0
102,2445.371153815813,-4230.443579011074
103,2392.0,-4217.0
104,2279.0,-4182.0
105,2113.890423533502,-4114.089145330556
106,2044.0,-4083.0
107,1958.801786019408,-4040.8916717312004
108,1896.0,-4004.0
109,1894.9715005452879,-4003.4008110333207
110,1750.0,-3918.0
111,1474.0,-3743.0
112,1397.8767310373705,-3694.6921979836643
113,1311.9857630749655,-3640.3833250688785
114,1302.0,-3634.0
115,1196.0,-3566.0
116,1161.5856072201373,-3544.011845047263
117,1008.0,-3446.0
118,909.3740668806056,-3382.715662564803
119,673.0,-3231.0
120,589.9941053559551,-3178.04053628982
121,557.6455377229239,-3158.725654478129
122,550.0,-3154.0
123,412.0,-3069.0
124,285.0,-2997.0
125,254.50817249697184,-2980.404151072943
126,141.0,-2920.0
127,-6.100725593035193,-2843.6570612814135
128,-34.0,-2830.0
129,-124.05171836229101,-2788.293670460337
130,-243.0,-2742.0
131,-369.34749299811125,-2707.7503726111117
132,-459.0,-2691.0
133,-489.6103556213121,-2686.6646453279254
134,-610.8376448137901,-2679.032763567787
135,-648.0,-2680.0
136,-826.0,-2694.0
137,-888.8861981420348,-2702.516126062991
138,-977.0,-2731.0
139,-1007.7697952673326,-2743.6314361810028
140,-1221.0,-2847.0
141,-1222.560829267919,-2847.8970069541524
142,-1378.175451512101,-2943.402778676221
143,-1389.0,-2950.0
144,-1454.2777060438286,-2986.1565655596687
145,-1489.0,-3002.0
146,-1500.7672295035627,-3007.85850269018
147,-1547.0,-3028.0
148,-1636.0764842427989,-3054.4794504387146
149,-1802.0,-3093.0
150,-1894.1860317882565,-3096.6973026273217
151,-1902.0,-3096.0
152,-1981.11639314255,-3087.87213219936
153,-2084.0,-3070.0
154,-2109.7609332969205,-3063.030565359126
155,-2256.0,-3002.0
156,-2289.0,-2984.0
157,-2398.596381708227,-2914.702468336868
158,-2502.0,-2841.0
159,-2542.129360042086,-2808.967183589784
160,-2689.0,-2677.0
161,-2720.144230093194,-2653.2222454831845
162,-2871.0,-2549.0
163,-3027.4545775779793,-2482.7148614807993
164,-3111.0,-2460.0
165,-3112.375985782881,-2459.614662043483
166,-3234.027502916666,-2432.252410793668
167,-3328.0,-2438.0
168,-3562.0,-2470.0
169,-3666.132862197155,-2492.813442145655
170,-3745.9601642290418,-2523.5617051560184
171,-3797.0,-2546.0
172,-3935.26867031017,-2611.729756529832
173,-3987.0,-2645.0
174,-4126.0,-2751.0
175,-4151.619079320708,-2773.0493105216674
176,-4201.9269887143455,-2826.865555897372
177,-4218.0,-2847.0
178,-4265.737988356815,-2909.8010764044247
179,-4298.0,-2957.0
180,-4325.996017475177,-3004.6784258023017
181,-4352.0,-3056.0
182,-4373.477609897465,-3104.04858070361
183,-4396.0,-3183.0
184,-4417.0,-3308.0
185,-4420.467727995815,-3335.2732556183287
186,-4424.196226160761,-3404.7673953268268
187,-4413.0,-3470.0
188,-4407.685338316753,-3493.47642997521
189,-4385.120434969066,-3579.223494312479
190,-4368.0,-3630.0
191,-4365.267920747839,-3636.862616271359
192,-4340.149103338563,-3684.2499177313084
193,-4312.0,-3720.0
194,-4302.485667744381,-3731.0031945679602
195,-4272.0,-3763.0
196,-4212.331413327128,-3807.38132392266
197,-4194.0,-3818.0
198,-4160.72169671453,-3834.669118625319
199,-4141.0,-3843.0
200,-4104.665590355354,-3855.6235009975576
201,-4023.0,-3875.0
202,-4015.292051913535,-3876.4159019824574
203,-3959.0,-3884.0
204,-3837.7472040254684,-3890.343382960867
205,-3791.0,-3892.0
206,-3694.4291019760867,-3893.7917399336525
207,-3675.0,-3894.0
208,-3633.169079323839,-3894.559671247276
209,-3591.0,-3895.0
210,-3536.5924739695492,-3894.9700705046316
211,-3464.0,-3898.0
212,-3339.286437133103,-3906.523411633605
213,-3306.0,-3909.0
214,-3231.966257985978,-3915.837006925635
215,-3197.0,-3921.0
216,-3145.511096134608,-3927.7951791109326
217,-3061.0,-3939.0
218,-3024.4372493863148,-3944.158319054878
219,-2921.0,-3960.0
220,-2906.735087780726,-3962.3122168558593
221,-2801.0,-3980.0
222,-2755.139703640746,-3987.845747707185
223,-2678.0,-4002.0
224,-2453.8142383633385,-4047.9273829968374
225,-2439.0,-4051.0
226,-2288.2036666785307,-4082.221271731719
227,-2180.840978086429,-4104.7251246056185
228,-2152.0,-4111.0
229,-2076.80600389244,-4127.488890801043
230,-1976.0,-4134.0
231,-1750.0,-4143.0
232,-1748.0065478743568,-4143.066162700527
233,-1629.2050209707386,-4143.214988613343
234,-1607.0,-4142.0
235,-1526.3678991653505,-4138.029757508228
236,-1147.464332741139,-4121.218747116329
237,-1004.0,-4115.0
238,-937.412274551265,-4112.136533264973
239,-797.0,-4107.0
240,-795.6352344565736,-4106.961903503967
241,-614.0,-4103.0
242,-550.2367117923827,-4101.936674090648
243,-414.0,-4100.0
244,-397.3530745052512,-4099.768795354743
245,-196.0,-4097.0
246,-140.69233756009513,-4096.239117915347
247,-54.0,-4095.0
248,71.0,-4093.0
249,72.45440601302359,-4092.979322362188
250,230.0,-4091.0
251,263.46588096819147,-4090.5373404994643
252,373.0,-4089.0
253,454.65147761446735,-4088.1561695210276
254,550.0,-4088.0
255,680.5807012907651,-4090.3375776739085
256,758.0,-4094.0
257,886.0,-4105.0
258,1108.0,-4143.0
259,1172.0,-4158.0
260,1314.0,-4199.0
261,1480.14047611751,-4255.106315109146
262,1658.0,-4318.0
263,1819.55353259546,-4375.412165423528
264,1876.0,-4395.0
265,1942.1016573172105,-4417.495070087773
266,1986.0,-4432.0
267,2082.449771479934,-4462.935365147358
268,2375.2584615652154,-4553.511536833807
269,2515.155267722911,-4596.6340172980035
270,2526.0,-4600.0
271,2576.8501141045344,-4616.021059574539
272,2640.966036947118,-4632.572802786595
273,2655.0,-4636.0
274,2885.249314875879,-4690.910978932965
275,2984.0,-4713.0
276,3227.846511679269,-4755.438092491377
277,3340.0,-4768.0
278,3453.204864934876,-4779.377471879093
279,3633.0,-4791.0
280,3721.0142261363158,-4793.364216357831
281,3772.0,-4794.0
282,3912.0,-4793.0
283,3931.380443949871,-4792.590833212936
284,4088.0,-4787.0
285,4108.15682863948,-4785.959735082625
286,4246.0,-4777.0
287,4247.761631073032,-4776.869682785766
288,4404.0,-4764.0
289,4422.371601735571,-4762.3222433815845
290,4693.686400363316,-4729.325103366673
291,4738.0,-4722.0
292,4903.628574480375,-4692.3700108669145
293,5000.0,-4674.0
294,5103.8804060476605,-4652.353783900448
295,5202.493579668373,-4625.411348883037
296,5243.0,-4614.0
297,5330.072019857875,-4589.501494927932
298,5363.0,-4580.0
299,5565.995067877792,-4516.255265070251
300,5585.0,-4510.0
301,5812.473820216098,-4434.055770069823
302,5875.0,-4413.0
303,5973.123246166853,-4379.651446407301
304,6062.0,-4349.0
305,6077.458143119116,-4343.69964602908
306,6339.833574831188,-4254.1806062740725
307,6695.209461591576,-4133.439164750813
308,6844.5391927992,-4082.830294068218
309,6921.0,-4057.0
310,6958.473726742168,-4044.4010436967383
311,7059.0,-4008.0
312,7220.559390162515,-3945.8832036495114
313,7431.709559338509,-3863.4217923106094
314,7468.0,-3849.0
315,7641.430575017425,-3775.074865617323
316,7653.0,-3770.0
317,7768.57529350688,-3719.6919018002727
318,7888.0,-3667.0
319,8005.0,-3613.0
320,8024.992985437377,-3603.6837504710384
321,8271.95448230858,-3488.120997055382
322,8287.0,-3481.0
323,8486.0,-3385.0
324,8575.30297375243,-3342.272306067952
325,8718.0,-3272.0
326,8812.512619295161,-3223.3439389125197
327,8969.0,-3141.0
328,9049.461668068458,-3097.7841664605357
329,9152.22143276011,-3038.5695463922916
330,9178.0,-3023.0
331,9296.0,-2950.0
332,9338.59743730112,-2922.469601214221
333,9402.0,-2876.0
334,9441.26513929134,-2844.24163869109
335,9504.0,-2792.0
336,9562.873388969172,-2741.9883032833295
337,9577.862882542253,-2713.730382021476
338,9586.0,-2701.0
339,9632.0,-2631.0
340,9641.819263555095,-2615.6998797854612
341,9665.610181388849,-2574.2607409281895
342,9673.0,-2522.0
343,9676.0,-2444.0
344,9674.075269716885,-2428.407249146398
345,9634.0,-2355.0
346,9623.858830325618,-2341.8073817277773
347,9596.555187350601,-2308.4254504539226
348,9562.0,-2270.0
349,9548.6654267841,-2256.682376268848
350,9518.0,-2230.0
351,9504.137676540606,-2218.5891834191616
352,9449.0,-2174.0
353,9419.394712999027,-2149.9633865271903
354,9361.0,-2102.0
355,9360.043479802725,-2101.198023078413
356,9312.104584719273,-2059.268399800379
357,9278.994493891314,-2026.1446811868166
358,9276.0,-2023.0
359,9249.68245063871,-1994.4954824203833
360,9223.0,-1962.0
361,9210.380649335822,-1944.8025231536674
362,9176.0,-1891.0
363,9172.05808607876,-1883.7990998710945
364,9144.0,-1821.0
365,9143.655124341962,-1820.0351577060087
366,9122.0,-1732.0
367,9117.314974028239,-1673.3299062448366
368,9122.0,-1631.0
369,9146.0,-1531.0
370,9161.170322524167,-1485.2768914953294
371,9175.756071098678,-1457.4686514389318
372,9191.793909531989,-1433.214039132837
373,9196.0,-1427.0
374,9230.0,-1380.0
375,9233.524105438657,-1375.7022681171857
376,9262.59397483462,-1343.1377771445439
377,9287.0,-1320.0
378,9314.381206173475,-1298.1584043200537
379,9348.0,-1276.0
380,9396.606783890507,-1250.9352580863113
381,9413.0,-1244.0
382,9474.0,-1224.0
383,9495.678395715262,-1218.9275419951018
384,9554.764789994451,-1208.7776305285524
385,9561.0,-1208.0
386,9613.0,-1204.0
387,9620.182554328676,-1203.6849765279858
388,9733.0,-1202.0
389,9734.181541289556,-1201.988276018541
390,9882.0,-1200.0
391,9914.699947639358,-1198.9986698401126
392,9968.577989792588,-1195.3970225315454
393,10031.0,-1183.0
394,10072.201752754017,-1172.60843379452
395,10103.0,-1161.0
396,10270.0,-1070.0
397,10308.438252170083,-1045.0702219573704
398,10335.07847665274,-1014.7188519533155
399,10343.0,-1005.0
400,10410.0,-923.0
401,10416.49635586989,-914.3902402685159
402,10470.010721467048,-832.2652529337681
403,10473.0,-827.0
404,10512.0,-749.0
405,10515.22195714748,-741.6773953046595
406,10539.0,-680.0
407,10546.319390944962,-655.2646652974936
408,10555.0,-620.0
409,10559.0,-602.0
410,10562.2598986212,-583.9810044718096
411,10566.0,-529.0
412,10565.984592326098,-528.437450665228
413,10558.0,-475.0
414,10557.830545235536,-474.55409659541675
415,10537.891232840479,-446.4033789563115
416,10528.0,-438.0
417,10487.076727232336,-412.61867705528243
418,10457.0,-397.0
419,10436.0,-386.0
420,10426.160982601537,-379.67303938307003
421,10387.129695565163,-333.6475160065902
422,10381.0,-315.0
423,10378.0,-272.0
424,10378.024586694622,-271.45052621728837
425,10387.0,-212.0
426,10390.635560252264,-194.9259499486313
427,10399.0,-159.0
428,10402.567410790707,-144.31922755885142
429,10419.0,-82.0
430,10433.678800560896,-29.164509795638995
431,10448.0,22.0
432,10455.021876739906,47.07255208163052
433,10492.0,159.0
434,10492.646531912078,160.732136280614
435,10526.0,249.0
436,10547.106990133776,304.7544205418817
437,10550.0,324.0
438,10556.506462463307,360.7390399996103
439,10560.0,394.0
440,10557.911816716845,421.2733084153301
441,10554.0,437.0
442,10544.230835748363,461.3271010715361
443,10540.0,469.0
444,10516.00099989679,501.60205349658986
445,10513.0,505.0
446,10490.946587785918,526.0977624868927
447,10471.0,541.0
448,10439.230663546665,560.924157645978
449,10419.0,572.0
450,10381.305221722901,589.8027559656564
451,10369.0,595.0
452,10329.178084790668,610.2022626856541
453,10321.0,613.0
454,10293.68628162358,621.5226361165013
455,10285.0,624.0
456,10237.0,636.0
457,10215.9230703803,640.3560296322962
458,10191.0,645.0
459,10162.538263646797,649.9360374509631
460,10135.0,654.0
461,10079.00208706459,659.4930820845354
462,10041.0,662.0
463,9983.577345241549,664.9103328656836
464,9962.0,666.0
465,9900.0,669.0
466,9874.63078361872,669.5203905471712
467,9834.0,670.0
468,9771.475115904423,671.9139172121446
469,9691.0,675.0
470,9579.0,678.0
471,9577.608653535808,678.0379100315752
472,9396.968454523976,683.2257162968157
473,9304.0,686.0
474,9149.0,691.0
475,8952.0,697.0
476,8842.63761457567,700.7350962045697
477,8778.408492813609,702.7396315885834
478,8769.0,703.0
479,8656.0,706.0
480,8527.0,710.0
481,8525.195883220746,710.057950914435
482,8356.0,715.0
483,8185.447582437509,718.7566070736232
484,8126.0,720.0
485,8032.120698675589,721.7588754925042
486,7973.0,723.0
487,7724.117416960284,728.8257973260163
488,7674.0,730.0
489,7563.669491505044,732.531783611031
490,7455.0,735.0
491,7412.437358389482,735.9936539293161
492,7323.0,738.0
493,7202.232409898861,740.1957250193598
494,7114.0,742.0
495,6990.616703805301,745.2808746384055
496,6962.0,746.0
497,6823.0,749.0
498,6803.438653101591,749.4272670452591
499,6611.417409250732,753.7081567331961
500,6597.0,754.0
501,6424.0,757.0
502,6380.85774475977,757.903976205756
503,6127.511476316123,763.730815878891
504,6074.0,765.0
505,5930.0,769.0
506,5915.845498314467,769.4813685553924
507,5788.735436051865,773.9095402846546
508,5670.0,778.0
509,5525.061258359085,782.792839289441
510,5459.0,785.0
511,5299.751216066691,790.4746077537128
512,5229.0,793.0
513,5162.125503351954,795.4795356044147
514,5026.4600188920085,800.7584940131944
515,4964.0,803.0
516,4889.45307317422,805.5392554382621
517,4730.0,811.0
518,4691.414210645566,812.5493962556476
519,4680.0,813.0
520,4570.771314432599,816.8676665061812
521,4411.0,822.0
522,4257.0,827.0
523,4255.298262333141,827.0594003399368
524,4121.0,832.0
525,4118.40359698915,832.0951533956435
526,3896.0,840.0
527,3757.0,845.0
528,3733.0149858154655,845.8592170323302
529,3461.3182001212663,855.5101853684976
530,3390.0,858.0
531,3222.8090359292573,863.6464310337896
532,3115.747770302055,867.1395318680468
533,3090.0,868.0
534,2922.880698367285,873.7666390837804
535,2775.0,879.0
536,2773.4274406516106,879.0557992028195
537,2578.0,886.0
538,2447.3711344156263,890.6354716453411
539,2325.0,895.0
540,2204.346164574171,899.3964077343214
541,2084.468477338065,903.5771424241232
542,2071.0,904.0
543,1815.0,911.0
544,1794.2908136126466,911.4455036122777
545,1596.0,915.0
546,1492.38063514429,916.8649076573754
547,1319.0,920.0
548,1135.0,923.0
549,1066.5389348398112,924.3099288694091
550,931.0,927.0
551,909.83537785274,927.4161682478634
552,686.763644708694,931.7053303949375
553,671.0,932.0
554,503.0,935.0
555,387.1383535230861,936.7447909188237
556,317.0,938.0
557,166.1280472643493,941.5984863528575
558,148.0,942.0
559,-165.8573523106105,947.9344677422364
560,-225.0,949.0
561,-292.36759194319995,950.231428927728
562,-362.2735928442812,951.7009405007358
563,-376.0,952.0
564,-753.0,961.0
565,-755.1457494586272,961.0658251682883
566,-1004.6319043635149,975.3283575903457
567,-1035.0,978.0
568,-1205.0,994.0
569,-1225.2238940049315,996.0591180363464
570,-1357.0,1010.0
571,-1563.1156706827453,1030.8570996505377
572,-1685.0,1043.0
573,-1820.0,1056.0
574,-1911.3117460267586,1064.5215997897005
575,-1950.0,1068.0
576,-2076.897604053663,1077.5270900129274
577,-2087.0,1078.0
578,-2168.9616658154087,1080.0632149901214
579,-2242.0,1079.0
580,-2301.0791796566455,1074.6052486137116
581,-2316.0,1073.0
582,-2379.3735247636255,1064.5067365126995
583,-2400.0,1061.0
584,-2457.549695905313,1048.0016778586712
585,-2474.0,1043.0
586,-2521.0,1024.0
587,-2548.6143881430553,1007.5134458549412
588,-2576.0,986.0
589,-2600.0,961.0
590,-2611.8972887753253,942.1566232094333
591,-2629.800489855674,897.444443021372
592,-2635.0,876.0
593,-2636.9992677961536,824.5785530239816
594,-2631.0,785.0
595,-2622.1704934522418,754.0240182912926
596,-2616.0,739.0
597,-2602.0,710.0
598,-2601.7154323716686,709.5239979498788
599,-2564.0,653.0
600,-2553.9625545875733,638.9338990344871
601,-2538.0,623.0
602,-2521.0834625363177,606.1232825713035
603,-2498.0,584.0
604,-2462.0,555.0
605,-2432.63819596079,533.018256802809
606,-2387.0,499.0
607,-2382.511367723092,495.27940495661335
608,-2386.0,498.0
609,-2340.8435805340555,472.75315041721666
610,-2294.0,447.0
611,-2273.357539500981,436.0705969805394
612,-2223.0,409.0
613,-2182.2765298409495,383.97001195059795
614,-2142.0,358.0
615,-2078.0,317.0
616,-2054.8844073645732,302.0444317979924
617,-2002.0,268.0
618,-1977.0852327654718,252.43817077161643
619,-1913.0,214.0
620,-1894.7776605873973,203.53826558588906
621,-1816.0,162.0
622,-1730.0,128.0
623,-1708.806376596246,121.528233827328
624,-1637.0,104.0
625,-1603.0209729099124,97.37194172942635
626,-1561.0,91.0
627,-1476.61032627516,87.05852576710592
628,-1445.0,89.0
629,-1385.8965449793798,96.92124452798825
630,-1279.0,121.0
631,-1243.678700041382,130.92267679898515
632,-1186.0,150.0
633,-1031.0,215.0
634,-1029.6062076024623,215.6299601869206
635,-875.0,289.0
636,-826.2252119893934,312.58174505758507
637,-736.0,356.0
638,-641.0,401.0
639,-612.1826823251066,414.6964448318245
640,-460.7075229126306,486.06278667428916
641,-436.0,497.0
642,-334.86587959426197,535.8698720194952
643,-296.0,548.0
644,-250.38616815222505,561.1263660349346
645,-106.0,593.0
646,-104.13214989240586,593.3071889899961
647,119.0,622.0
648,136.23564403997435,623.7445930105973
649,268.26513822517416,629.7281953051279
650,278.0,630.0
651,451.0,632.0
652,469.8615853233032,630.9875413621199
653,755.0,594.0
654,784.2934497140228,588.3714253180293
655,973.0,535.0
656,990.4007539869227,529.4641386727785
657,1104.0,492.0
658,1389.0,379.0
659,1391.5078567714752,377.8837284431868
660,1596.9382042485072,272.34184104501026
661,1633.0,252.0
662,1710.9732424616604,207.37530431011754
663,1782.9693782873624,163.46732784959545
1,1980.0,38.0
2,2078.913021144685,-23.51424617376948
3,2115.0,-46.0
4,2219.3498475920155,-111.26099568759383
5,2292.0,-157.0
6,2498.0,-287.0
7,2537.4818569824088,-311.922410232506
8,2602.2180955518616,-352.7613591312903
9,2679.0,-401.0
10,2862.5026745403875,-516.3092758063063
11,2945.0,-568.0
12,3047.750802264133,-631.7511907347794
13,3132.915137918007,-682.3468078877279
14,3159.0,-698.0
15,3360.0,-819.0
16,3437.5803549961174,-865.511434713533
17,3574.4919408964274,-946.2258983506093
18,3628.0,-977.0
19,3689.995434707618,-1012.335398580814
20,3752.0,-1047.0
21,3815.013453661233,-1081.076843975448
22,3887.0,-1119.0
23,4039.0,-1198.0
24,4061.446267803416,-1209.6617136368789
25,4301.561456219476,-1334.4811074762858
26,4318.0,-1343.0
27,4415.555847389275,-1393.2499456370315
28,4488.018015596687,-1430.564717639398
29,4533.0,-1455.0
30,4657.0,-1523.0
31,4713.0901249620465,-1554.5424317180577
32,4737.0,-1570.0
33,4742.847182238032,-1573.8665968001044
34,4817.0,-1625.0
35,4830.387311469119,-1635.1103057471103
36,4894.0,-1689.0
37,4930.628403706153,-1726.1247388959064
38,4934.0,-1730.0
39,4962.0,-1768.0
40,4965.9154682088865,-1774.531007249265
41,4995.399426929734,-1836.3477924608765
42,5003.0,-1857.0
43,5010.781095165443,-1890.7435490806376
44,5012.0,-1914.0
45,5011.792427359345,-1933.5626801434346
46,5008.0,-1974.0
47,5007.8666327654,-1974.7557257828266
48,4996.0,-2018.0
49,4994.064119045879,-2023.1096964098501
50,4975.0,-2063.0
51,4956.120639439823,-2094.197666104674
52,4951.0,-2102.0
53,4920.0,-2144.0
54,4919.60134975897,-2144.4791464373175
55,4845.27209687067,-2224.9735166120945
56,4822.0,-2249.0
57,4780.245093580073,-2290.7400491693293
58,4761.0,-2309.0
59,4726.252513858912,-2341.6372093279315
60,4699.0,-2369.0
61,4604.0,-2469.0
62,4573.92128993758,-2503.20629073847
63,4561.0,-2522.0
64,4546.573045370847,-2543.0830713149435
65,4509.235116297579,-2601.4916870725206
66,4505.0,-2609.0
67,4456.162191506854,-2711.8002175695674
68,4453.0,-2720.0
69,4426.0,-2816.0
70,4422.672836879487,-2835.128991750808
71,4416.0,-2891.0
72,4412.8538883701085,-2991.3786889682788
73,4413.0,-3021.0
74,4413.0,-3126.0
75,4412.224605859618,-3140.5743708827495
76,4397.0,-3295.0
77,4397.0,-3295.0
78,4388.4747997363775,-3333.779104506863
79,4369.0,-3416.0
80,4340.299644414232,-3510.5498084115825
81,4302.0,-3599.0
82,4284.960507604151,-3631.171091157564
83,4256.0,-3680.0
84,4186.0,-3776.0
85,4176.574371941612,-3786.949867462923
86,4089.333600012679,-3873.2749301332474
87,4034.0,-3919.0
88,4012.3601199165414,-3935.475692177363
89,3951.0,-3978.0
90,3875.198236285932,-4023.371824728299
91,3829.0,-4049.0
92,3744.5088881383895,-4091.9470768326346
93,3725.0,-4101.0
94,3630.0,-4142.0
95,3506.684334378007,-4187.019886017354
96,3493.0,-4191.0
97,3348.1666671304133,-4227.468996234421
98,3218.0,-4256.0
99,3149.862785905923,-4267.635348625167
100,3095.0,-4271.0
101,3063.210623792667,-4273.838455802516
102,2929.0,-4281.0
103,2863.8466637956835,-4279.554872053668
104,2645.0,-4266.0
105,2593.128975007312,-4261.487993633524
106,2517.0,-4246.0
107,2444.972445516418,-4228.097250518026
108,2290.47465476247,-4185.28912611135
109,2263.0,-4176.0
110,2166.0,-4138.0
111,2057.7636832181915,-4089.244908511062
112,2002.0,-4062.0
113,1928.3121193529462,-4022.5502531001544
114,1882.0,-3996.0
115,1746.466870936826,-3914.929117673832
116,1685.0,-3877.0
117,1554.0,-3794.0
118,1480.3118510233687,-3747.4305152431198
119,1410.0,-3703.0
120,1300.2901841952767,-3633.0974576930453
121,1238.0,-3593.0
122,1174.1871827883017,-3552.4771760634467
123,1079.0,-3492.0
124,919.0,-3389.0
125,893.0810017123971,-3372.367059769531
126,624.0,-3200.0
127,529.4893187038481,-3139.5269420087993
128,488.0890896160784,-3113.3766653288976
129,434.0,-3082.0
130,381.17357136206385,-3051.4348629203832
131,310.0,-3011.0
132,208.28787142288294,-2956.003103888374
133,197.0,-2950.0
134,56.0,-2876.0
135,39.007574081931736,-2867.252303827741
136,-87.0,-2805.0
137,-160.84940794358363,-2772.9613269010724
138,-306.42244490511763,-2722.2150858891
139,-334.0,-2715.0
140,-516.0,-2685.0
141,-608.8552878190586,-2680.564306337194
142,-639.0,-2681.0
143,-887.0,-2706.0
144,-933.954233329727,-2715.3003735106086
145,-1077.0,-2770.0
146,-1078.6307997598349,-2770.790867860928
147,-1172.9354619776798,-2819.6345416874824
148,-1221.0,-2847.0
149,-1327.7621699379295,-2912.8322394291317
150,-1361.0,-2933.0
151,-1433.5310390318082,-2973.8563498370945
152,-1460.0,-2988.0
153,-1539.4397269527117,-3027.9959282292775
154,-1604.0,-3050.0
155,-1774.0,-3090.0
156,-1871.7488912267033,-3100.5057903001275
157,-1966.1843433569509,-3092.478872340534
158,-2030.0,-3082.0
159,-2068.427562674584,-3074.32124151302
160,-2135.0,-3054.0
161,-2165.570710775104,-3041.7862473546397
162,-2282.9046565077056,-2987.0236838310575
163,-2314.0,-2970.0
164,-2400.0,-2914.0
165,-2515.518218678426,-2825.0163827380757
166,-2620.0,-2740.0
167,-2648.61172494324,-2715.4552224381905
168,-2710.0,-2659.0
169,-2719.42389775499,-2652.0828271977334
170,-2817.539301323631,-2584.1684176475983
171,-2895.0,-2537.0
172,-2964.0856180934798,-2503.378752528166
173,-3081.0,-2468.0
174,-3185.0,-2447.0
175,-3199.5557010717835,-2444.9930861234266
176,-3304.0,-2438.0
177,-3451.0,-2448.0
178,-3466.4389550608867,-2450.269632573139
179,-3573.510311304258,-2472.290804263482
180,-3689.0,-2506.0
181,-3727.0,-2519.0
182,-3729.5157048654896,-2519.8984144825836
183,-3885.0,-2586.0
184,-3943.5310739591996,-2617.75822451593
185,-4004.0,-2655.0
186,-4081.0,-2712.0
187,-4126.360003387549,-2754.7981323908275
188,-4244.6749157326285,-2885.6074917800483
189,-4277.0,-2924.0
190,-4320.238227747838,-2986.7558633471094
191,-4338.0,-3028.0
192,-4345.552096374183,-3044.8489716292875
193,-4372.0,-3106.0
194,-4376.078759531696,-3116.7402884749113
195,-4397.508598307281,-3186.378464075015
196,-4403.0,-3211.0
197,-4409.0,-3245.0
198,-4415.337029493377,-3287.610883162334
199,-4419.0,-3339.0
200,-4416.930053833961,-3407.61784346657
201,-4408.0,-3501.0
202,-4406.786127551886,-3510.017048077688
203,-4395.856585838141,-3556.0547545048094
204,-4389.0,-3575.0
205,-4360.988490166138,-3644.01922289907
206,-4358.0,-3650.0
207,-4319.0,-3710.0
208,-4313.747739392806,-3716.538490073312
209,-4272.0,-3762.0
210,-4271.475196657325,-3762.5012591650784
211,-4210.0,-3809.0
212,-4145.0,-3842.0
213,-4144.208734730679,-3842.298759812355
214,-4028.482713864878,-3872.8067239758443
215,-3984.0,-3881.0
216,-3917.1848432172446,-3888.879567701991
217,-3836.0,-3891.0
218,-3835.181457788147,-3891.0183541453484
219,-3735.0,-3893.0
220,-3724.380374541259,-3893.1594186090642
221,-3658.0,-3894.0
222,-3647.800429380966,-3894.1327015094066
223,-3550.0,-3896.0
224,-3461.5351504094665,-3898.925223034687
225,-3391.0,-3902.0
226,-3297.772148058568,-3908.6672147786803
227,-3201.454650281366,-3920.5322762660708
228,-3180.0,-3923.0
229,-3145.0,-3927.0
230,-3046.001530928029,-3940.747007153727
231,-2993.0,-3949.0
232,-2805.94044206676,-3978.8509071993685
233,-2762.0,-3986.0
234,-2641.5456964820473,-4007.8177691630653
235,-2598.0,-4017.0
236,-2532.527492515992,-4030.933147119447
237,-2379.0,-4064.0
238,-2363.269755759452,-4067.4551205823236
239,-2246.0,-4093.0
240,-2232.7032320938947,-4095.5774138721895
241,-2067.336060560466,-4123.518683687192
242,-2056.0,-4125.0
243,-1930.0,-4137.0
244,-1785.3030735057137,-4142.805532815083
245,-1773.0,-4143.0
246,-1657.0,-4143.0
247,-1493.3230184003824,-4139.073867083931
248,-1467.0,-4138.0
249,-1349.0,-4132.0
250,-1317.2771675849485,-4130.36917220347
251,-1230.0,-4126.0
252,-1028.9457710417284,-4116.014120384146
253,-914.0,-4111.0
254,-894.9693016273657,-4110.252333481454
255,-670.2203639730742,-4103.337557986098
256,-391.3501714251405,-4098.889119960456
257,-252.0,-4097.0
258,-234.67988025167364,-4096.773164198984
259,-95.0,-4095.0
260,-47.60488190350384,-4094.415532244022
261,108.82869786602326,-4092.4638519403884
262,143.0,-4092.0
263,347.3960258537082,-4089.2806254918664
264,385.0,-4089.0
265,597.9765505900782,-4089.961147818578
266,709.0,-4092.0
267,710.2511870988083,-4092.0286576283306
268,870.0,-4103.0
269,970.3781438748663,-4119.614215442979
270,1213.0800835694884,-4170.520437567646
271,1255.0,-4181.0
272,1477.326593952351,-4251.133522499619
273,1578.123825896805,-4288.719154327818
274,1587.0,-4292.0
275,1639.553054437392,-4311.162744789473
276,1713.0,-4337.0
277,1821.3984486608183,-4374.945105740366
278,2027.0,-4446.0
279,2062.0501186587762,-4457.749560284827
280,2250.0,-4517.0
281,2306.708385409082,-4534.864235792958
282,2426.0,-4571.0
283,2453.2572584039453,-4578.827098863836
284,2702.0,-4648.0
285,2794.2717569298766,-4674.1943347696115
286,2924.266652786535,-4702.741231226869
287,2966.0,-4710.0
288,3253.0,-4758.0
289,3319.2558353060904,-4768.533743619926
290,3380.4474857167143,-4773.403804528293
291,3390.0,-4774.0
292,3665.799636042808,-4790.942570110436
293,3754.0,-4794.0
294,3997.696499011231,-4791.046712268469
295,4102.0,-4786.0
296,4138.80507985912,-4783.887877258852
297,4299.179027184673,-4772.255047167712
298,4438.282107721539,-4759.987582275447
299,4449.0,-4759.0
300,4579.6833182856435,-4745.60183848167
301,4658.0,-4734.0
302,4868.225999042288,-4697.079576248004
303,5056.0,-4661.0
304,5113.0526912543155,-4648.689506850014
305,5176.0,-4632.0
306,5291.172243636266,-4600.001708383414
307,5381.0,-4574.0
308,5435.8614916370825,-4557.468846722516
309,5652.0,-4488.0
310,5837.0,-4426.0
311,5989.0,-4374.0
312,6063.923153862677,-4348.564720944641
313,6208.0,-4300.0
314,6301.370863196575,-4268.283001375019
315,6361.0,-4248.0
316,6632.0,-4156.0
317,6748.015501392703,-4117.357373800277
318,6836.0,-4087.0
319,7111.414512176422,-3987.6120331644447
320,7190.0,-3959.0
321,7270.5067000417175,-3928.9575856930237
322,7308.0,-3914.0
323,7507.449345009329,-3832.2120063719867
324,7558.0,-3811.0
325,7710.694116965844,-3745.323393324072
326,7741.0,-3732.0
327,7873.0,-3673.0
328,7973.55697771726,-3627.349235899752
329,8070.0,-3583.0
330,8207.346713419956,-3518.8468266244486
331,8451.39439262234,-3402.210926611612
332,8593.545262035113,-3332.7923898754525
333,8931.0,-3161.0
334,8933.036941407896,-3159.9212142837614
335,9037.020955310029,-3103.79857973608
336,9060.0,-3091.0
337,9188.972719216114,-3016.1396226782035
338,9232.0,-2990.0
339,9274.69568507203,-2963.255736252625
340,9312.0,-2939.0
341,9407.0,-2873.0
342,9408.243058707925,-2872.079185783873
343,9475.419354448897,-2817.5505509473123
344,9503.0,-2792.0
345,9531.0,-2764.0
346,9543.409436223355,-2750.5314386616624
347,9610.0,-2667.0
348,9626.968485901434,-2640.7743969910703
349,9662.726021926155,-2560.631565182436
350,9664.0,-2557.0
351,9673.458546060188,-2525.48739534878
352,9677.249465468052,-2500.2467204856516
353,9678.0,-2485.0
354,9676.0,-2448.0
355,9673.580400457438,-2437.475432538896
356,9656.0,-2393.0
357,9649.25263437927,-2379.8569477861815
358,9628.0,-2347.0
359,9594.0,-2305.0
360,9593.693163921896,-2304.645087314587
361,9567.190767365613,-2276.052516597172
362,9563.0,-2272.0
363,9517.987050651838,-2231.268824373104
364,9482.0,-2200.0
365,9456.86400450666,-2179.080126440511
366,9435.0,-2162.0
367,9391.0,-2126.0
368,9390.470006816475,-2125.557557130407
369,9306.0,-2052.0
370,9276.033921714887,-2024.0234758232978
371,9243.0,-1986.0
372,9228.958266234271,-1967.2431349995345
373,9172.778460173582,-1884.439235935383
374,9168.0,-1877.0
375,9142.3685266677,-1829.106681014199
376,9136.0,-1800.0
377,9126.700253169978,-1760.478139499921
378,9123.0,-1741.0
379,9118.204554717167,-1681.9531904100747
380,9119.0,-1658.0
381,9125.0,-1610.0
382,9132.169563922349,-1575.9554080517548
383,9139.0,-1553.0
384,9155.826053977093,-1507.8784598130974
385,9183.0,-1449.0
386,9205.507534425486,-1411.5274063969853
387,9239.929654445297,-1367.2308020472096
388,9245.0,-1361.0
389,9266.704185747767,-1335.4953980991243
390,9301.0,-1309.0
391,9356.216661371229,-1273.5396192683652
392,9390.0,-1254.0
393,9440.85851741096,-1230.5746512240353
394,9489.392406857687,-1219.0368812011689
395,9513.0,-1215.0
396,9557.78244188927,-1208.664084212201
397,9572.0,-1207.0
398,9603.0,-1204.0
399,9636.112885238961,-1202.0472863494685
400,9700.347940672274,-1201.036441515028
401,9707.0,-1201.0
402,9794.0,-1201.0
403,9858.123654190455,-1200.6521831568973
404,9950.0,-1196.0
405,9950.93640588169,-1195.902264573817
406,10044.0,-1180.0
407,10081.0,-1169.0
408,10099.626647897707,-1162.9012266166558
409,10164.795729741012,-1138.6520754363867
410,10248.0,-1086.0
411,10307.533561676395,-1036.114009905896
412,10347.0,-1000.0
413,10373.97889377044,-972.6640242456015
414,10400.602615543121,-935.9845123599074
415,10404.0,-931.0
416,10436.11630546728,-883.4378066740251
417,10479.0,-816.0
418,10491.245905638807,-794.5210290652223
419,10512.0,-752.0
420,10544.587124766002,-659.9398138871436
421,10549.0,-646.0
422,10562.0,-582.0
423,10562.021442760819,-581.5321135459743
424,10562.76890530415,-534.4046082838383
425,10557.0,-475.0
426,10556.87722903855,-474.5617492378833
427,10528.0,-438.0
428,10515.429570272756,-429.98629562661165
429,10479.0,-408.0
430,10469.705006417109,-401.09134379271427
431,10428.120818645255,-357.43677302038293
432,10401.937573126408,-303.73131159004106
433,10390.446659710215,-244.8042149785466
434,10393.0,-185.0
435,10394.99528999726,-173.64615729629278
436,10408.0,-122.0
437,10429.0,-43.0
438,10443.0,4.0
439,10471.0,99.0
440,10504.845466300474,191.07080652355324
441,10515.0,218.0
442,10537.983895530326,285.0194051468966
443,10546.0,310.0
444,10553.123241227988,332.24990763229994
445,10559.0,379.0
446,10558.957102033459,379.818154062918
447,10548.0,453.0
448,10545.362056191267,463.16764520031666
449,10528.522358863855,493.3300879003824
450,10504.0,513.0
451,10491.950048559815,522.3201955574966
452,10463.0,544.0
453,10458.699943011925,547.0542012973567
454,10429.233487994043,565.5598392677501
455,10400.0,580.0
456,10365.0,596.0
457,10352.736990079566,601.0083250396772
458,10345.0,604.0
459,10299.272813868782,619.7004498298634
460,10295.0,621.0
461,10246.0,634.0
462,10219.362287657365,639.8103211969296
463,10192.0,645.0
464,10161.057580282135,650.0871618409508
465,10091.0,659.0
466,10060.561179209359,661.5114350703128
467,10036.0,663.0
468,9946.250195007697,666.6952900764481
469,9939.0,667.0
470,9865.0,670.0
471,9863.78633739574,670.0297184980172
472,9796.0,671.0
473,9684.634631284222,674.7227894179335
474,9624.0,677.0
475,9549.038912078177,679.4065569868292
476,9450.0,682.0
477,9386.30939914534,683.7366270831452
478,9233.0,688.0
479,9178.542742871112,689.5709014533749
480,9087.792540456867,692.387457511794
481,9038.0,694.0
482,9021.014881049075,694.5488973453779
483,8934.36942712005,697.3225150226901
484,8880.0,699.0
485,8806.97678728477,701.2095744378421
486,8718.0,704.0
487,8702.376279315848,704.5171815566774
488,8599.015675683235,708.1055780922602
489,8539.0,710.0
490,8448.822677771597,712.3211651550055
491,8420.0,713.0
492,8204.0,718.0
493,8184.203271606699,718.4787379923151
494,8040.443712168252,722.342249059029
495,7940.0,724.0
496,7938.25495081384,724.0148475992967
497,7798.0,727.0
498,7784.0,728.0
499,7781.151123451854,728.1959446933878
500,7577.268235357806,733.799030802881
501,7450.0,735.0
502,7303.799492157558,737.6114331662734
503,7241.0,739.0
504,7196.5379226204295,739.9891073787132
505,7106.0,742.0
506,7043.511648225473,743.3679655765502
507,6969.0,745.0
508,6887.321631344106,746.8220485084772
509,6745.0,750.0
510,6695.605640168682,751.0711098207548
511,6558.0,754.0
512,6415.089926317442,757.0989109869035
513,6338.0,759.0
514,6289.409686853278,760.3294141172585
515,6228.0,762.0
516,6052.0,766.0
517,6034.793510398023,766.4289693733934
518,5908.0,770.0
519,5830.449896580967,772.4166338783194
520,5633.0,779.0
521,5597.672408672869,780.2457474031415
522,5411.3259969896535,787.1863842301073
523,5355.0,789.0
524,5223.0,793.0
525,5187.357750714391,794.2795703251045
526,5091.0,798.0
527,5020.478196014483,800.4105643745221
528,4909.0,804.0
529,4705.988589473963,811.6496985703757
530,4642.0,814.0
531,4388.0,823.0
532,4339.435229050425,824.6824063356114
533,4176.3134561655315,829.9902992913662
534,4116.0,832.0
535,4005.023006019959,835.9048904827188
536,3828.931404470516,842.3531304922728
537,3661.985714378063,848.5724836022099
538,3338.0,860.0
539,3335.628886851271,860.0787029023611
540,3216.0,864.0
541,3212.7992976156625,864.1078594477558
542,2989.0,872.0
543,2933.11035227933,873.9830890964881
544,2759.0,880.0
545,2578.783275085588,885.8289315567009
546,2546.0,887.0
547,2369.0,894.0
548,2330.640342207835,895.4715970625085
549,2173.0,901.0
550,2045.212752511331,904.6489227368023
551,1994.0,906.0
552,1899.8394793797866,908.4134437772639
553,1833.0,910.0
554,1707.2084613136788,912.4350417085707
555,1617.0,914.0
556,1351.8972538963965,918.601058443019
557,1329.0,919.0
558,1196.911361455931,921.3746414472819
559,1130.0,923.0
560,1039.5215287776844,925.2009317568123
561,1003.0,926.0
562,749.0,930.0
563,747.3613623289963,930.0270960544332
564,588.1803778935517,933.1254640837734
565,495.0,935.0
566,240.0,940.0
567,237.0598452740182,940.0573908889713
568,-14.289467025341253,944.9470956047732
569,-125.0,947.0
570,-226.69406510527216,948.7460266112716
571,-385.4932780986772,951.687500026902
572,-400.0,952.0
573,-527.5229821307287,954.9230789340867
574,-620.0,957.0
575,-765.0198799522622,961.0139523011941
576,-785.0,962.0
577,-1133.0,987.0
578,-1193.131626990949,992.0960244799137
579,-1244.0,998.0
580,-1429.113311718129,1017.291937306025
581,-1621.0,1037.0
582,-1624.7356319702217,1037.383011037545
583,-1741.2587651198726,1049.2284742817315
584,-1804.0,1055.0
585,-1933.6885605502778,1066.2081933556349
586,-2055.0,1076.0
587,-2098.5333738703766,1079.0617539901657
588,-2193.0,1080.0
589,-2208.4970574931594,1079.643760269371
590,-2249.0,1078.0
591,-2327.6902217940374,1070.7184062973004
592,-2385.0,1064.0
593,-2426.8209280562883,1057.2139087270045
594,-2448.0,1051.0
595,-2476.6971951111136,1042.8024276345866
596,-2492.0,1037.0
597,-2544.6336090140953,1007.9743992551591
598,-2567.0,993.0
599,-2586.514590020892,977.1895924676246
600,-2601.0,957.0
601,-2601.2678893480866,956.5853327805398
602,-2624.0,916.0
603,-2624.2210846302746,915.456079766129
604,-2634.542852914318,871.5151427804814
605,-2635.0,868.0
606,-2637.0,834.0
607,-2633.9766599783243,807.1402567148051
608,-2627.0,772.0
609,-2624.2904173849856,760.6722699833813
610,-2611.353871811187,729.5902679630912
611,-2610.0,727.0
612,-2587.009407462498,685.4222834440047
613,-2577.0,670.0
614,-2565.6418945904175,654.4092877720406
615,-2563.0,651.0
616,-2526.0,609.0
617,-2525.6256247529973,608.6216127400555
618,-2489.0,575.0
619,-2452.982194273986,546.8627920015588
620,-2426.0,527.0
621,-2386.9952751659894,499.01048994066696
622,-2348.0,474.0
623,-2330.753074285053,464.5249807551892
624,-2302.0,450.0
625,-2224.0,409.0
626,-2222.6859791133184,408.2313786049145
627,-2124.476684348767,346.7674357913429
628,-2117.0,342.0
629,-2064.675235479025,308.7053688037747
630,-2008.92527965522,273.2705592259677
631,-1982.0,256.0
632,-1949.0,235.0
633,-1910.5253291376057,212.2208916173232
634,-1823.0,166.0
635,-1812.6794493136238,161.12553496134197
636,-1737.0,131.0
637,-1684.364947738383,115.3132001447249
638,-1611.0,98.0
639,-1537.635745071327,86.38274826344372
640,-1481.0,86.0
641,-1398.0,95.0
642,-1362.3471222220614,99.82808752341222
643,-1253.0,128.0
644,-1249.6068060876162,129.2260740488293
645,-1068.5698469215806,202.26165491496207
646,-925.0,264.0
647,-847.7568897956446,299.7049188250693
648,-804.1925287293079,322.8839347788135
649,-796.0,327.0
650,-605.0,419.0
651,-569.8453087115237,435.0028695208075
652,-406.53481972581744,505.30591319618617
653,-305.0,545.0
654,-236.17918996862255,566.9293220498889
655,-175.5896053743486,579.2320535799931
656,-156.0,583.0
657,-16.0,607.0
658,-12.672306703073556,607.4390557900588
659,176.81446831353267,624.7704127074124
660,314.0,632.0
661,369.60209008269584,633.5392695355577
662,448.4994728590374,632.2122254122086
663,529.0,627.0
664,604.3170072321261,620.7036393710961
665,689.0,607.0
666,759.7447247535611,591.6072211605251
667,907.0,555.0
668,990.4417997294515,532.3123497713859
669,1224.0,450.0
670,1301.6605483304616,418.1291463780958
671,1460.0,347.0
672,1540.1413208051804,306.4073180304983
673,1698.62729792567,216.753766543241
674,1750.0,185.0
1,1935.356567731001,66.26870591278814
2,2054.0,-8.0
3,2108.0,-42.0
4,2250.840732059568,-131.54055854027254
5,2301.0,-163.0
6,2439.0,-250.0
7,2508.601733756235,-293.9686122669523
8,2607.0,-356.0
9,2621.4747518058093,-365.0890448422788
10,2733.0,-435.0
11,2860.0,-515.0
12,2890.1171423568453,-533.8636922418342
13,3059.0,-638.0
14,3089.357193385093,-656.4018435132837
15,3262.0,-760.0
16,3330.3984191468444,-800.8680945636538
17,3510.0,-908.0
18,3538.17294814206,-924.838567180087
19,3699.0,-1018.0
20,3956.0,-1155.0
21,4005.0745101652847,-1180.8381733111269
22,4067.772026831683,-1213.3949422131107
23,4094.0,-1227.0
24,4313.0,-1341.0
25,4340.0,-1355.0
26,4365.543398374645,-1368.2276181397467
27,4487.0,-1431.0
28,4508.557112675333,-1442.1654110514262
29,4612.0,-1497.0
30,4671.533108303983,-1531.2501716217896
31,4760.0,-1585.0
32,4785.448064854226,-1600.638797876226
33,4861.478555543306,-1658.8442750040954
34,4870.0,-1667.0
35,4942.0,-1740.0
36,4948.96510472833,-1747.3986544884492
37,4978.993726190319,-1787.3998577680359
38,4985.0,-1808.0
39,5002.353401070796,-1856.8711792620848
40,5011.0,-1893.0
41,5013.0,-1922.0
42,5010.716554711767,-1961.960831312318
43,5009.0,-1973.0
44,4988.1962773259675,-2039.0919075840334
45,4986.0,-2044.0
46,4949.14090399376,-2106.640369710061
47,4946.0,-2111.0
48,4914.0,-2151.0
49,4899.0,-2168.0
50,4879.540045290089,-2189.0146736920574
51,4800.0,-2271.0
52,4768.0,-2302.0
53,4755.484761252172,-2313.6159360015477
54,4698.282191637225,-2368.4137700331844
55,4684.0,-2383.0
56,4632.638781088773,-2436.755026815688
57,4601.0,-2471.0
58,4577.189551198796,-2498.091905061362
59,4542.760133508782,-2547.031580649397
60,4527.0,-2572.0
61,4497.825075323813,-2619.769416728344
62,4488.0,-2640.0
63,4436.0,-2776.0
64,4416.184372512602,-2849.173371451646
65,4415.0,-2905.0
66,4413.0,-2993.0
67,4412.9336570604355,-3002.897577388502
68,4413.301149881971,-3086.8951897062793
69,4413.0,-3108.0
70,4404.0,-3245.0
71,4400.063820824139,-3274.8913845484567
72,4382.0,-3364.0
73,4355.829022642729,-3453.6313535541094
74,4332.0,-3527.0
75,4300.366521563418,-3612.699178284397
76,4265.447750180292,-3670.794058133857
77,4242.0,-3702.0
78,4193.44778039787,-3761.5431603689494
79,4099.0,-3865.0
80,4056.2467244722,-3904.3957331146767
81,3941.4359289086474,-3983.879144810589
82,3915.0,-4000.0
83,3753.9706040119086,-4086.768836259913
84,3743.0,-4092.0
85,3671.0,-4125.0
86,3584.580403484548,-4159.913558168773
87,3474.0,-4197.0
88,3343.0,-4231.0
89,3328.512603599746,-4234.161505481938
90,3202.3732715775323,-4257.963247796555
91,3154.0,-4265.0
92,3074.19115690825,-4273.735597172256
93,2867.132163149323,-4281.207503898429
94,2843.0,-4281.0
95,2711.549303457677,-4273.226074790086
96,2700.0,-4272.0
97,2542.729513082309,-4250.325851117291
98,2484.0,-4239.0
99,2396.224192368152,-4217.836500044561
100,2298.0,-4188.0
101,2227.812666012427,-4162.763292231321
102,2200.0,-4152.0
103,2089.0,-4105.0
104,2088.3076796417,-4104.6818113264435
105,1925.1541181204311,-4020.6676464428942
106,1899.0,-4006.0
107,1791.752769244817,-3943.1362804011005
108,1713.0,-3895.0
109,1633.2316039753812,-3845.1115582485154
110,1581.0,-3812.0
111,1529.368253319365,-3779.015876666053
112,1436.0,-3719.0
113,1331.9271416944525,-3652.167647438523
114,1291.0,-3626.0
115,1198.0,-3567.0
116,1185.7062779279113,-3559.2121465397863
117,1050.6849587288775,-3473.4376616471895
118,1050.0,-3473.0
119,902.0,-3378.0
120,794.0,-3309.0
121,780.4554796699922,-3300.319781842877
122,594.9214720475285,-3181.6036606351477
123,578.0,-3171.0
124,453.0,-3094.0
125,394.66889997778776,-3058.6959671692666
126,327.0,-3020.0
127,226.5173431389743,-2965.299006650025
128,37.0,-2866.0
129,-128.6278795884371,-2787.293973630298
130,-242.49299845646635,-2742.183441981008
131,-243.0,-2742.0
132,-350.353209080497,-2709.504408222613
133,-422.0,-2697.0
134,-529.0,-2684.0
135,-543.1212102745214,-2682.667333181444
136,-719.8398004590142,-2682.5158118311124
137,-739.0,-2685.0
138,-944.8691840384167,-2725.0704472619523
139,-1002.0,-2739.0
140,-1103.608424256418,-2777.067591314176
141,-1144.0,-2804.0
142,-1267.1639525267492,-2881.320887333213
143,-1497.6583069309816,-3007.9066504084885
144,-1535.0,-3024.0
145,-1668.8933116780331,-3069.453096993554
146,-1706.0,-3078.0
147,-1781.0,-3090.0
148,-1844.6717793230437,-3095.1776600147364
149,-1981.0,-3090.0
150,-2018.2039231940407,-3084.2865785796293
151,-2113.0,-3061.0
152,-2159.5744339973885,-3044.859800144721
153,-2205.0,-3026.0
154,-2316.0,-2968.0
155,-2337.2471779361927,-2955.290921192205
156,-2391.0,-2920.0
157,-2580.824256540625,-2772.4897101897527
158,-2613.0,-2746.0
159,-2653.9825767730813,-2710.02726252942
160,-2685.1639697287183,-2680.832304313621
161,-2692.0,-2675.0
162,-2784.0,-2602.0
163,-2828.6661126703675,-2572.724327872027
164,-2956.0,-2510.0
165,-2992.8880806717575,-2495.872603254896
166,-3081.0,-2468.0
167,-3169.8316142794242,-2448.753816615249
168,-3183.0,-2447.0
169,-3326.30060442353,-2441.4931980005513
170,-3431.0,-2446.0
171,-3487.2037956707363,-2451.5489601091867
172,-3584.632150898074,-2474.3571557585315
173,-3612.0,-2483.0
174,-3783.645870047759,-2543.8934064849986
175,-3858.0,-2573.0
176,-3906.4684753089914,-2594.413890780578
177,-3969.0,-2633.0
178,-4063.227336867715,-2699.4617383583154
179,-4120.0,-2746.0
180,-4167.0,-2792.0
181,-4181.015302992023,-2806.5703085238133
182,-4262.0,-2903.0
183,-4320.848918115298,-2994.371829260749
184,-4347.0,-3044.0
185,-4381.822668333887,-3134.518957917846
186,-4391.0,-3164.0
187,-4409.737505904676,-3242.4509828057307
188,-4415.0,-3285.0
189,-4420.0,-3370.0
190,-4419.809268942852,-3387.1971612410175
191,-4417.0,-3435.0
192,-4402.0,-3530.0
193,-4357.624100569617,-3649.909829329031
194,-4353.0,-3659.0
195,-4295.177842705607,-3739.5567122627167
196,-4232.0,-3795.0
197,-4198.910423367934,-3818.3132257140637
198,-4156.207902314537,-3838.271328109242
199,-4138.0,-3845.0
200,-4070.0,-3866.0
201,-4021.290012759344,-3875.445422747438
202,-3997.0,-3879.0
203,-3921.0,-3887.0
204,-3832.003316565563,-3891.173423348127
205,-3796.0,-3892.0
206,-3741.6877620354367,-3892.726739069723
207,-3722.0,-3893.0
208,-3631.4583308859687,-3894.701044792387
209,-3565.0,-3896.0
210,-3509.2109757844137,-3896.8993419235157
211,-3451.0,-3899.0
212,-3377.2758144075474,-3903.90290366652
213,-3222.0,-3918.0
214,-3170.5578493416097,-3923.993288846107
215,-3107.0,-3933.0
216,-3014.5640382781394,-3946.469263048285
217,-2917.0,-3961.0
218,-2825.6457199957918,-3975.32256425148
219,-2775.0,-3984.0
220,-2740.766526753113,-3990.0945532060514
221,-2636.5599290416067,-4009.4006738847042
222,-2623.0,-4012.0
223,-2481.0,-4041.0
224,-2453.1888433661234,-4047.2121940960615
225,-2350.0,-4071.0
226,-2289.749085896099,-4084.55959707881
227,-2230.0,-4097.0
228,-2137.288627499569,-4113.8541853238785
229,-2052.0,-4126.0
230,-1911.8861224126522,-4137.4034988197145
231,-1883.0,-4139.0
232,-1783.0,-4143.0
233,-1711.1799639995954,-4143.569798668908
234,-1652.0,-4143.0
235,-1446.8581793932744,-4136.439490648367
236,-1372.0,-4133.0
237,-1253.0,-4127.0
238,-1208.0888003959876,-4124.71377065153
239,-1133.0,-4121.0
240,-1082.3756326664382,-4118.633076754598
241,-977.0,-4114.0
242,-790.0,-4107.0
243,-741.4437048365309,-4105.631042444207
244,-620.0,-4103.0
245,-588.5396652002082,-4102.384502462592
246,-449.0,-4100.0
247,-433.3773104334137,-4099.787428457813
248,-307.6198365729714,-4098.381079931559
249,-276.0,-4098.0
250,-134.0,-4096.0
251,-85.76549942465435,-4095.3075542032598
252,71.0,-4093.0
253,103.29804440752068,-4092.476122246215
254,198.0,-4091.0
255,406.0,-4089.0
256,422.2928439410472,-4088.783196430738
257,487.0,-4088.0
258,586.3774695331431,-4088.4921544610197
259,696.0,-4091.0
260,768.9347582216927,-4093.536213157008
261,952.0,-4114.0
262,1080.7086523659077,-4139.873004092737
263,1223.0,-4172.0
264,1291.4318370383469,-4189.483256138075
265,1349.0,-4210.0
266,1407.5826666459307,-4229.948350007784
267,1475.0,-4253.0
268,1601.5764240907858,-4297.932293928732
269,1755.0,-4353.0
270,1880.0,-4396.0
271,1907.2462254738184,-4405.30734993734
272,2013.0,-4441.0
273,2108.0,-4472.0
274,2202.2861504381085,-4502.094954760477
275,2282.0,-4527.0
276,2424.2660865314533,-4570.195571391613
277,2505.0,-4594.0
278,2650.0,-4635.0
279,2747.9011044777917,-4660.006282623261
280,2879.0,-4691.0
281,2940.583919281129,-4705.090567437516
282,2994.0,-4716.0
283,3314.0,-4765.0
284,3331.298560516041,-4767.257941865404
285,3495.8991467024825,-4782.493253304456
286,3553.0,-4786.0
287,3638.0,-4791.0
288,3688.609044457407,-4793.281554224428
289,3849.24101449695,-4795.37023365633
290,3948.0,-4793.0
291,4112.463150438145,-4786.073419041428
292,4155.0,-4784.0
293,4306.940960471984,-4775.222263441656
294,4473.240222999059,-4756.981078192675
295,4497.0,-4754.0
296,4755.0,-4720.0
297,4799.214651667569,-4713.995558048314
298,4898.462954783161,-4699.20275641608
299,5012.0,-4671.0
300,5135.464723889036,-4639.640721911044
301,5316.0,-4593.0
302,5336.685221023486,-4587.501403797215
303,5448.839106404625,-4554.96772477669
304,5518.0,-4532.0
305,5588.968476631665,-4508.59114390397
306,5735.0,-4460.0
307,5886.122701177734,-4409.031656847192
308,5969.0,-4381.0
309,6116.38825891967,-4331.013783182018
310,6206.266513446466,-4300.322042442875
311,6219.0,-4296.0
312,6369.194914260127,-4245.150321527757
313,6438.0,-4222.0
314,6533.908118518677,-4189.902090399155
315,6572.0,-4177.0
316,6825.0,-4090.0
317,7071.008058912588,-4003.456423900511
318,7094.0,-3995.0
319,7167.297609942998,-3967.6275947391464
320,7250.0,-3936.0
321,7449.0,-3857.0
322,7581.0,-3801.0
323,7658.586530134597,-3767.55956025574
324,7811.0,-3701.0
325,7873.419138193671,-3673.1518028037262
326,8073.1289320805845,-3581.653345585753
327,8154.0,-3544.0
328,8193.492386987155,-3525.4735428507747
329,8363.319772820456,-3444.3244839666777
330,8364.0,-3444.0
331,8575.0,-3343.0
332,8704.0,-3279.0
333,8719.142377980766,-3271.3300184661175
334,8863.0,-3197.0
335,8908.017222096329,-3173.3894000204473
336,8984.0,-3133.0
337,9025.812483631717,-3110.2758466062833
338,9153.705144414876,-3037.806380023959
339,9177.0,-3024.0
340,9263.01926918342,-2970.842760582983
341,9303.0,-2945.0
342,9341.984253071729,-2919.1104232770576
343,9377.0,-2895.0
344,9422.031228324524,-2861.8292501479214
345,9458.0,-2832.0
346,9531.19566285888,-2762.7970238369926
347,9560.0,-2732.0
348,9593.80425167786,-2690.2559296860813
349,9634.0,-2627.0
350,9650.135688951004,-2600.7426908144034
351,9659.0,-2571.0
352,9666.785830367502,-2533.5071864225656
353,9678.0,-2457.0
354,9673.065803565181,-2405.17365251926
355,9658.039254043899,-2388.186859188291
356,9641.0,-2366.0
357,9638.117074290774,-2361.971740599305
358,9617.0,-2332.0
359,9594.0,-2303.0
360,9581.258347868532,-2289.010255046338
361,9557.0,-2266.0
362,9500.868044418829,-2216.4536670575494
363,9483.0,-2201.0
364,9460.552708418263,-2182.2435503523116
365,9443.0,-2169.0
366,9439.429208472437,-2166.180559365569
367,9391.0,-2127.0
368,9381.030044058361,-2118.6708543879954
369,9332.0,-2076.0
370,9301.026236876718,-2047.487324305525
371,9291.0,-2038.0
372,9262.789009482287,-2010.4313872189825
373,9238.0,-1981.0
374,9156.0,-1852.0
375,9145.003033371348,-1831.9022816751337
376,9136.60346730587,-1804.0072701269291
377,9135.0,-1795.0
378,9129.145143217147,-1759.3557917564306
379,9119.007439681749,-1668.3316029654648
380,9119.0,-1668.0
381,9134.0,-1570.0
382,9136.999885200046,-1559.287500633192
383,9152.016449186725,-1513.1363077366361
384,9157.0,-1501.0
385,9186.0,-1444.0
386,9190.762193432594,-1435.6824395205122
387,9207.0,-1410.0
388,9221.111914481951,-1390.1580716990275
389,9234.0,-1375.0
390,9308.0,-1303.0
391,9326.113550105501,-1287.3069225565746
392,9349.18335267655,-1274.3005369053421
393,9363.0,-1268.0
394,9382.21179888902,-1258.913155861288
395,9437.0,-1235.0
396,9469.76893356861,-1224.692789486339
397,9501.0,-1218.0
398,9586.772767422593,-1207.6797569209064
399,9645.0,-1203.0
400,9659.246855049325,-1202.0801145135524
401,9717.978011495541,-1202.035458556503
402,9732.0,-1202.0
403,9807.0,-1201.0
404,9825.72533646701,-1200.633659309321
405,9950.0,-1196.0
406,9988.725562034233,-1192.9631938666814
407,10031.0,-1183.0
408,10173.0,-1129.0
409,10184.54060816767,-1124.1771872622962
410,10231.06921384973,-1098.1054160039193
411,10243.0,-1088.0
412,10318.822946825087,-1028.3338396818472
413,10351.0,-995.0
414,10386.110143740925,-952.4987270692167
415,10442.0,-877.0
416,10488.79130875893,-804.6001292818065
417,10504.0,-769.0
418,10506.764891389575,-762.3346190916325
419,10528.0,-710.0
420,10540.025308077542,-678.7901121597472
421,10555.0,-624.0
422,10566.0,-540.0
423,10566.8475745349,-533.4231093676415
424,10556.0,-471.0
425,10524.512339529856,-440.9234317876352
426,10489.0,-413.0
427,10479.702790609203,-407.2773823843285
428,10435.44108931858,-393.93730705890437
429,10420.0,-376.0
430,10392.181991145671,-331.25354029721
431,10380.0,-310.0
432,10374.345460357144,-263.64109598686053
433,10386.0,-220.0
434,10400.0,-158.0
435,10409.287377679248,-116.84789007458616
436,10412.387733069549,-106.82158978703117
437,10414.0,-101.0
438,10430.0,-41.0
439,10431.855600786237,-34.10583787271059
440,10448.760831068083,27.740209616090077
441,10464.0,78.0
442,10484.0,137.0
443,10490.7761680157,155.7947633158182
444,10506.0,196.0
445,10538.642258753747,287.8828121218351
446,10545.0,307.0
447,10552.686765205912,332.02202287647765
448,10559.0,378.0
449,10559.615403832451,404.3243943584311
450,10558.0,415.0
451,10532.0,482.0
452,10514.85639382714,504.83744085750635
453,10503.0,514.0
454,10498.260493366655,517.9128626171648
455,10473.843429606111,537.3915236489379
456,10470.0,540.0
457,10389.342825735903,584.6828245128538
458,10377.0,591.0
459,10362.485671439666,598.2670465870972
460,10350.37889703485,603.1890335706057
461,10328.0,610.0
462,10257.31423450851,630.4512217782147
463,10228.0,638.0
464,10178.34659008786,648.1578753474977
465,10130.855217555272,654.5202164024902
466,10127.0,655.0
467,10101.914860936588,657.9298439863144
468,10071.04706698981,660.4597861712275
469,10044.0,662.0
470,9910.0,668.0
471,9855.979358945946,669.6329753093819
472,9844.0,670.0
473,9703.346354742378,674.7267064632275
474,9693.0,675.0
475,9604.48588064752,676.98797650456
476,9604.0,677.0
477,9528.057048086246,679.2218749435345
478,9471.0,681.0
479,9339.0,685.0
480,9305.96531740023,686.0463078701617
481,9168.474526637361,690.5328573420841
482,9154.0,691.0
483,9062.200522840252,693.8059229805892
484,9024.0,695.0
485,8996.84307714424,695.8879604332478
486,8874.516853369792,699.9308008512548
487,8805.0,702.0
488,8643.344837342851,706.5075962323702
489,8626.0,707.0
490,8441.0,713.0
491,8429.117797125878,713.3534396612096
492,8333.0,716.0
493,8262.98157704656,717.5549904249051
494,8141.0,720.0
495,8126.524318637861,720.3406927520202
496,8057.0,722.0
497,7929.1306210659195,724.1277109490453
498,7886.0,725.0
499,7771.0,728.0
500,7755.785482167753,728.3640184521691
501,7625.0,731.0
502,7492.366745132455,733.6153915744239
503,7433.0,735.0
504,7283.0,739.0
505,7252.234927160496,739.6777448430481
506,7070.0,743.0
507,6965.887461315167,745.7470040053806
508,6869.0,748.0
509,6665.6392312677945,751.9386956378005
510,6611.0,753.0
511,6433.941087934985,756.7304910921107
512,6325.163918796075,759.4574015251676
513,6263.0,761.0
514,6215.186811697538,762.124792294297
515,6134.0,764.0
516,6058.390799742114,765.8228463435333
517,5973.0,768.0
518,5923.112184761472,769.3712108512275
519,5793.273442053446,773.4206880014088
520,5777.0,774.0
521,5646.0,779.0
522,5530.863472420491,782.7486107657943
523,5432.0,786.0
524,5399.027783330848,787.2135149267067
525,5250.0,793.0
526,5165.995376515673,795.7857873855728
527,5067.0,799.0
528,5035.310997390703,800.1471218231892
529,4933.0,804.0
530,4790.412671759204,808.9223730114171
531,4579.0,816.0
532,4423.159904039376,821.4393344629249
533,4309.612839333029,825.6079134602252
534,4272.0,827.0
535,4111.2698288293195,832.9736088200367
536,4083.0,834.0
537,3986.010206912302,837.4817317656095
538,3858.0,842.0
539,3684.0,848.0
540,3667.420116059345,848.5720622486733
541,3526.605481095158,853.4115444065104
542,3509.0,854.0
543,3263.0,862.0
544,3244.4439978377277,862.6386457745703
545,3123.0,867.0
546,2964.0,873.0
547,2917.8237310461313,874.7038460846162
548,2686.655583518977,883.049864452343
549,2545.0,888.0
550,2442.054861911508,891.1419638346798
551,2384.0,893.0
552,2133.0,902.0
553,2095.2635222502036,903.2554369421306
554,1936.0,908.0
555,1882.35513449557,909.3599616690153
556,1701.0,913.0
557,1557.0,915.0
558,1376.0,919.0
559,1375.0949126756216,919.019084582388
560,1212.0,922.0
561,1157.438076105642,922.9022310575078
562,1030.0,925.0
563,1011.8418535832634,925.3171437201087
564,866.0,928.0
565,826.823542364938,928.730112973875
566,628.1526167632591,932.414469820127
567,537.0,934.0
568,390.2488737383498,936.5814861766949
569,373.0,937.0
570,263.0,940.0
571,207.52182444099384,941.1372781782501
572,80.0,943.0
573,60.79266572843484,943.3087398131677
574,-140.0,947.0
575,-158.2811848143191,947.3397596387924
576,-305.0,950.0
577,-415.99809064519417,951.9139547807256
578,-562.0,955.0
579,-716.0,960.0
580,-731.9028299356917,960.5546282812745
581,-887.0,968.0
582,-910.9028513763902,969.7058558721731
583,-1195.5568280167154,993.861261147277
584,-1219.0,996.0
585,-1388.3387206596028,1013.5992172809503
586,-1402.0,1015.0
587,-1518.539041887985,1026.4516759749463
588,-1575.0,1032.0
589,-1738.833445446548,1048.5499860236955
590,-1833.0,1058.0
591,-1882.3841171422478,1062.7754371679223
592,-2021.0018697060382,1073.9311958739959
593,-2053.0,1076.0
594,-2125.0,1080.0
595,-2136.701137129361,1080.3853102329163
596,-2241.53695877048,1078.8857679265666
597,-2275.0,1077.0
598,-2357.9295255557727,1067.7454418710745
599,-2369.0,1066.0
600,-2443.0,1052.0
601,-2468.0,1045.0
602,-2468.2690664322126,1044.9053304902438
603,-2570.0,991.0
604,-2586.3145765090353,978.4891128690085
605,-2604.0,954.0
606,-2607.6161291711187,948.6805952434913
607,-2621.0,925.0
608,-2625.7849397899718,910.352393860547
609,-2635.7860040548994,849.595858940542
610,-2637.0,834.0
611,-2632.8715435111376,787.3675694680381
612,-2624.0,762.0
613,-2620.3625175346497,752.7907464582303
614,-2608.999517902656,726.390871689485
615,-2593.0,694.0
616,-2591.673216780445,691.6257333247072
617,-2589.0,687.0
618,-2579.7383489937806,671.9957675017415
619,-2541.0,626.0
620,-2490.0,577.0
621,-2479.768263386579,567.5140609963923
622,-2450.154197623773,543.2230359508021
623,-2425.0,526.0
624,-2415.563418381349,519.3416714301244
625,-2401.0,509.0
626,-2382.797835555536,495.99072160144465
627,-2357.0,480.0
628,-2286.3529460851314,442.3168124299322
629,-2225.0,410.0
630,-2172.4679461766364,378.4228790854127
631,-2158.0,369.0
632,-2110.5233922291427,338.3392040559148
633,-2056.0,303.0
634,-2034.5536585649302,288.9419834224446
635,-1994.0,263.0
636,-1963.0079142649379,244.17624606418977
637,-1821.0,165.0
638,-1787.6118071748606,149.42382147449587
639,-1711.0954592951757,122.01704567311073
640,-1646.6595660126995,105.74520189904447
641,-1631.0,102.0
642,-1524.5343778333204,84.00016482761976
643,-1479.0,86.0
644,-1253.0,128.0
645,-1252.1344958379304,128.2508238071393
646,-1014.3622236526651,222.6200016727506
647,-936.0,259.0
648,-879.6277655557456,285.8175092817689
649,-827.5167874681723,311.69265893108826
650,-784.0,333.0
651,-653.0,396.0
652,-652.3779686642953,396.29509137148796
653,-506.0,465.0
654,-432.3232702552047,498.4615538204675
655,-418.0,504.0
656,-231.9727378616213,561.1903382740379
657,-123.0,590.0
658,-60.55685890532044,604.2098419416525
659,3.0,610.0
660,250.0,629.0
661,298.142477051295,630.9321647322224
662,397.0,632.0
663,468.1510446668692,629.8752345443168
664,587.0,622.0
665,602.0192694518187,620.5560273866872
666,737.2711961281383,597.6619783821053
667,749.0,595.0
668,909.7258090721025,554.0269841226992
669,954.0,541.0
670,1056.0,508.0
671,1273.0,430.0
672,1290.9561153098223,422.3040694232482
673,1451.206793874689,348.40260503988304
674,1518.0,316.0
675,1648.1027288756477,244.93404420347804
2,2080.740800199438,-24.463688281425195
3,2284.0,-152.0
4,2354.7965610642123,-196.7572550002759
5,2505.0,-292.0
6,2744.0,-442.0
7,2899.0,-539.0
8,3028.0,-619.0
9,3069.167227504229,-644.3038318392357
10,3186.0,-715.0
11,3224.740933201524,-738.1334956537823
12,3407.7301611309636,-846.6610156914433
13,3464.0,-880.0
14,3563.1883365092426,-938.8911129453018
15,3625.357746508664,-974.9323547293942
16,3636.0,-981.0
17,3760.0755660519653,-1050.9725774643478
18,3867.0,-1109.0
19,3913.0,-1133.0
20,3913.8600649095033,-1133.4472439215779
21,4196.7614158754495,-1280.5251370617696
22,4215.0,-1290.0
23,4374.122145098408,-1372.4456773857291
24,4433.535783609257,-1403.5445949750663
25,4442.0,-1408.0
26,4519.867178600809,-1449.0981963578213
27,4552.0,-1466.0
28,4592.0,-1487.0
29,4601.935953311848,-1492.2809564263282
30,4737.0,-1571.0
31,4755.9482485387625,-1583.6309672463528
32,4848.0,-1649.0
33,4863.496845590013,-1660.5733318181137
34,4894.0,-1689.0
35,4897.551209013389,-1692.758761029395
36,4955.0,-1757.0
37,4955.348302179179,-1757.4401210136425
38,4984.0,-1806.0
39,5007.8500695003795,-1881.988980422741
40,5010.0,-1890.0
41,5015.094823665496,-1957.727721188494
42,5008.0,-1976.0
43,5004.815204430721,-1983.9711775112896
44,4974.976364048501,-2055.8529473610624
45,4942.0,-2116.0
46,4914.0,-2151.0
47,4903.088478479242,-2163.5707605051007
48,4864.0,-2207.0
49,4843.844118925705,-2228.1270458522563
50,4796.0,-2275.0
51,4761.435933937682,-2308.415808393287
52,4710.0,-2358.0
53,4687.752459470672,-2379.350607929907
54,4672.0,-2395.0
55,4628.0,-2440.0
56,4611.223196822448,-2458.3697133611327
57,4567.0,-2514.0
58,4529.1781532375235,-2572.1406378508677
59,4475.0,-2667.0
60,4444.681858842553,-2733.3604570674215
61,4428.327162782897,-2802.683439764034
62,4425.0,-2822.0
63,4417.0,-2878.0
64,4415.880452455445,-2889.0690161972097
65,4412.684095572113,-2986.302407159087
66,4414.0,-3083.0
67,4413.8363150322275,-3108.5955440916164
68,4410.605561623599,-3179.2265958230937
69,4410.0,-3187.0
70,4403.675750304215,-3253.85232721048
71,4391.0,-3325.0
72,4337.8215946809405,-3508.7023496532147
73,4327.0,-3541.0
74,4294.0,-3614.0
75,4289.471055827426,-3621.95769151984
76,4214.0,-3742.0
77,4168.861809799008,-3797.2838720393675
78,4108.0,-3857.0
79,4030.013988684037,-3920.6711697163746
80,3937.0,-3987.0
81,3936.4523662580036,-3987.3643595687204
82,3836.2162700925983,-4047.055396748508
83,3755.0,-4087.0
84,3753.8905727494302,-4087.5172783936105
85,3633.9971112413123,-4139.887261209253
86,3598.0,-4154.0
87,3509.6155448530917,-4185.160693652071
88,3472.0,-4197.0
89,3328.0,-4235.0
90,3302.261176067208,-4240.288826448461
91,3209.0,-4256.0
92,3186.219286867547,-4259.5907675793915
93,3107.302512094007,-4271.485728875997
94,3002.1811553083962,-4278.577075081414
95,2986.0,-4279.0
96,2772.0,-4278.0
97,2697.203368373058,-4274.075110162227
98,2614.0,-4262.0
99,2576.520368925481,-4255.555898127672
100,2412.0,-4222.0
101,2284.0,-4184.0
102,2283.293363961337,-4183.755495270472
103,2158.0,-4135.0
104,2144.738336121839,-4129.38303574951
105,2009.5910035079787,-4065.7849459881045
106,1993.0,-4057.0
107,1765.0,-3927.0
108,1678.2613074876026,-3874.8150333486064
109,1567.0,-3803.0
110,1462.0,-3736.0
111,1423.6248716372336,-3711.417286811533
112,1317.0,-3643.0
113,1284.400668263999,-3622.1888566936173
114,1096.8322475623781,-3502.8649261138607
115,1050.0,-3473.0
116,988.574700534394,-3433.653834083091
117,848.0,-3343.0
118,689.6372407042614,-3242.255082255021
119,648.0,-3216.0
120,469.0,-3104.0
121,436.4795829538944,-3083.8465311199247
122,356.900715481908,-3036.753139928655
123,330.0,-3022.0
124,115.16197687495821,-2906.969802985064
125,102.0,-2900.0
126,-52.83477215909798,-2820.608996147578
127,-67.0,-2814.0
128,-208.58458861994836,-2754.02758376298
129,-222.0,-2749.0
130,-334.0,-2715.0
131,-391.5812491927832,-2702.6774955833507
132,-450.0,-2693.0
133,-581.0,-2682.0
134,-625.3903512473344,-2680.76250529045
135,-824.0,-2694.0
136,-984.0,-2733.0
137,-1074.0,-2769.0
138,-1235.0,-2856.0
139,-1320.0,-2908.0
140,-1417.9704470774798,-2968.477719659167
141,-1462.0,-2989.0
142,-1647.0,-3064.0
143,-1648.719121803047,-3064.6485662516543
144,-1743.3351917800921,-3093.8413534646447
145,-1802.0,-3092.0
146,-1909.0,-3095.0
147,-1962.2065262174917,-3094.1202146070295
148,-2038.0,-3080.0
149,-2114.0231466005707,-3055.8689492752883
150,-2253.0,-3004.0
151,-2306.956282437753,-2981.062363912874
152,-2350.771603430399,-2947.081898538643
153,-2358.0,-2942.0
154,-2441.0,-2885.0
155,-2506.90108653223,-2833.6389356017967
156,-2683.0,-2683.0
157,-2741.748340970118,-2633.0366448037257
158,-2816.4464665744717,-2580.5069206079593
159,-2835.0,-2570.0
160,-2937.0,-2518.0
161,-2948.2304818719676,-2512.8540209720463
162,-3058.0,-2474.0
163,-3194.6684049172695,-2447.7418692468623
164,-3246.0,-2440.0
165,-3388.0,-2441.0
166,-3420.6555708734004,-2445.8297609228384
167,-3555.096010546419,-2469.2772168353745
168,-3580.0,-2475.0
169,-3656.0,-2496.0
170,-3756.155266138997,-2530.867782024087
171,-3826.0,-2559.0
172,-3891.010999837658,-2588.219897672815
173,-3940.0,-2616.0
174,-4070.5142028869545,-2705.6620380689174
175,-4098.0,-2726.0
176,-4204.501159795142,-2817.0935982035744
177,-4256.113242604677,-2893.0755149282386
178,-4261.0,-2901.0
179,-4368.282563966566,-3095.7742703312547
180,-4372.0,-3104.0
181,-4398.193584727065,-3175.4468808763745
182,-4413.0,-3269.0
183,-4418.510756489329,-3334.6284940248806
184,-4419.0,-3352.0
185,-4415.0,-3455.0
186,-4412.884497865447,-3478.853354716217
187,-4402.908260574443,-3539.271904194366
188,-4385.0,-3588.0
189,-4364.4676587488375,-3632.063481905977
190,-4333.0,-3691.0
191,-4328.842253717768,-3697.977780656971
192,-4280.473877266857,-3754.7873355344523
193,-4271.0,-3763.0
194,-4224.0,-3800.0
195,-4197.608789069021,-3816.5474241213874
196,-4103.0,-3857.0
197,-4079.767601512547,-3863.8406568356068
198,-4012.0,-3878.0
199,-3933.0,-3887.0
200,-3854.802740452712,-3890.7459865657183
201,-3844.0,-3891.0
202,-3713.5789903762015,-3893.4446061195545
203,-3676.0,-3894.0
204,-3580.4607553896267,-3894.8973191696973
205,-3548.0,-3896.0
206,-3473.7798147864314,-3898.9490318900266
207,-3381.0,-3903.0
208,-3318.9682568895437,-3906.2908133500423
209,-3260.0,-3913.0
210,-3195.443801810585,-3920.984130830886
211,-3100.0,-3933.0
212,-3086.0,-3935.0
213,-3072.676227417914,-3937.06466225225
214,-2916.1612480058247,-3961.180005701896
215,-2822.0,-3976.0
216,-2663.939949135776,-4003.395238023939
217,-2610.0,-4014.0
218,-2546.0,-4027.0
219,-2544.680994634802,-4027.2763296717008
220,-2439.773911277822,-4050.5250759457654
221,-2377.0,-4065.0
222,-2338.11292833725,-4074.00655246126
223,-2205.0,-4102.0
224,-2135.326657426668,-4113.261907317598
225,-1987.3562389920592,-4132.421009081701
226,-1972.0,-4134.0
227,-1834.9182816169339,-4142.8867707649615
228,-1687.0,-4143.0
229,-1642.9896773067396,-4142.455391740238
230,-1424.9139582854907,-4136.820927071971
231,-1252.9972030232202,-4129.64461633931
232,-967.5598175017982,-4115.150163120847
233,-784.6285980992507,-4107.343122111546
234,-645.0,-4103.0
235,-632.3121347860815,-4102.7070367798515
236,-482.12832541927503,-4100.726578602765
237,-429.0,-4100.0
238,-304.0,-4098.0
239,-163.0,-4096.0
240,-144.67651533707573,-4095.768329138211
241,168.0,-4092.0
242,184.082493457156,-4091.771247243277
243,278.8574908299772,-4090.1159857271396
244,374.0,-4089.0
245,515.0607263429396,-4088.6233023394325
246,662.0,-4090.0
247,771.290813905463,-4094.175712261878
248,885.0,-4105.0
249,962.1589683137214,-4115.233111295118
250,1044.0,-4129.0
251,1092.7793838204834,-4139.203866127555
252,1171.0,-4158.0
253,1213.896207865439,-4169.1006364912455
254,1376.0,-4219.0
255,1671.0,-4323.0
256,1759.0058389076025,-4354.2399833457475
257,1811.0,-4372.0
258,1855.6797145368237,-4387.223458227298
259,2010.1745729649988,-4439.667067186895
260,2053.0,-4454.0
261,2179.0,-4495.0
262,2256.6596304252207,-4519.165368939208
263,2417.0,-4568.0
264,2477.910008145584,-4586.240617783486
265,2568.389265423199,-4612.231962236332
266,2593.0,-4619.0
267,2903.0,-4697.0
268,2920.170669639873,-4700.63589974348
269,2952.0,-4707.0
270,3146.0933206623295,-4738.976329760965
271,3390.0,-4774.0
272,3390.781482053878,-4774.105520582074
273,3480.454064778631,-4782.612825731041
274,3510.0,-4784.0
275,3589.1531679473774,-4788.126523422832
276,3699.0,-4793.0
277,3798.5360427263745,-4794.620386401338
278,3855.0,-4794.0
279,3975.5505775484,-4790.615738929224
280,4202.0,-4781.0
281,4222.198390680664,-4780.003825675882
282,4328.332719478472,-4773.548582272064
283,4455.0,-4759.0
284,4539.718226205302,-4748.120602256163
285,4783.174339244516,-4714.809756639872
286,4802.0,-4712.0
287,4992.962507834134,-4675.867878681905
288,5059.0,-4660.0
289,5177.234663677373,-4630.755712488579
290,5230.0,-4617.0
291,5348.541868652715,-4583.8263387418
292,5365.0,-4579.0
293,5551.0,-4521.0
294,5635.405886063229,-4493.293103400935
295,5869.0,-4415.0
296,6172.4052510385645,-4311.8848747300035
297,6222.0,-4295.0
298,6388.736560520377,-4238.404229853746
299,6526.0,-4192.0
300,6552.474921021889,-4183.065479798844
301,6736.203769458432,-4120.930325808645
302,6797.0,-4100.0
303,6932.040770312082,-4052.950262039285
304,6949.0,-4047.0
305,7158.0,-3972.0
306,7188.9063102073505,-3960.2553128211193
307,7308.0,-3913.0
308,7505.814739157596,-3831.8892884852967
309,7607.0,-3790.0
310,7714.575351018009,-3744.9362748313733
311,7854.0,-3682.0
312,7854.6681643822885,-3681.6954297510883
313,8051.0,-3592.0
314,8144.401741191324,-3548.2970826116803
315,8181.0,-3531.0
316,8488.0,-3385.0
317,8527.262801590725,-3366.213405853581
318,8623.807650334162,-3319.225694319194
319,8680.0,-3291.0
320,8761.97437449931,-3249.6614543904707
321,8870.0,-3194.0
322,8976.0,-3137.0
323,9005.493680878784,-3120.9265272904786
324,9104.0,-3066.0
325,9211.876889391764,-3001.7803725945223
326,9322.0,-2933.0
327,9394.065287259631,-2885.203589077724
328,9433.192630107711,-2854.947599754568
329,9466.0,-2826.0
330,9481.463599013658,-2811.465320401182
331,9556.672579737817,-2734.16374774021
332,9604.612825232583,-2674.8550429818056
333,9620.0,-2652.0
334,9645.141423347528,-2606.4180954898707
335,9661.0,-2567.0
336,9662.985695430893,-2560.9589710864775
337,9668.0,-2544.0
338,9678.06405391185,-2494.6564237986336
339,9679.0,-2479.0
340,9677.447054974418,-2453.7594271168655
341,9667.0,-2415.0
342,9658.18646982895,-2395.9863632411184
343,9645.0,-2373.0
344,9616.0,-2331.0
345,9592.90452119408,-2303.2497865654245
346,9575.0,-2284.0
347,9563.719099898115,-2272.6494215525377
348,9541.0,-2251.0
349,9520.296174352388,-2232.02728996564
350,9492.0,-2208.0
351,9430.42961010007,-2158.3546495317955
352,9410.0,-2142.0
353,9356.0,-2097.0
354,9300.0,-2046.0
355,9253.0,-1998.0
356,9210.220971004093,-1944.8648991175214
357,9190.0,-1915.0
358,9153.0,-1846.0
359,9147.427395433548,-1832.6242616248592
360,9131.0,-1782.0
361,9121.676844742029,-1730.1020846633098
362,9121.0,-1724.0
363,9119.0,-1660.0
364,9120.57049133872,-1640.2321396261254
365,9128.837427183265,-1590.385837131253
366,9130.0,-1585.0
367,9139.0,-1550.0
368,9140.827462129577,-1544.1012501788118
369,9160.0,-1495.0
370,9162.895874356087,-1488.7948892123218
371,9197.836284360763,-1424.5218138030323
372,9203.0,-1416.0
373,9208.886491899284,-1408.3238731122067
374,9210.0,-1407.0
375,9232.071750611794,-1379.2858704242644
376,9260.0,-1347.0
377,9267.80220950113,-1338.9148132445425
378,9291.0,-1317.0
379,9308.056375035247,-1302.7117982372456
380,9334.0,-1285.0
381,9371.19328277059,-1265.412261181434
382,9462.0,-1227.0
383,9479.288868260166,-1220.8992228179932
384,9536.0,-1211.0
385,9576.60902693503,-1206.5201816292245
386,9626.0,-1203.0
387,9681.941470989303,-1202.128116257728
388,9699.0,-1202.0
389,9776.0,-1201.0
390,9810.67781883425,-1200.796632117742
391,9875.0,-1200.0
392,9921.390641831043,-1198.0924652644549
393,9968.0,-1194.0
394,10015.010510661014,-1186.6991507894465
395,10042.0,-1181.0
396,10120.506749951483,-1155.7689608803628
397,10150.0,-1141.0
398,10230.949657118179,-1089.905641972673
399,10337.0,-1010.0
400,10370.37854782743,-977.3991888224057
401,10387.0,-954.0
402,10394.021129419629,-944.1116732815552
403,10471.0,-829.0
404,10489.316804314933,-795.9363469672676
405,10510.0,-754.0
406,10531.943714141127,-699.161355351685
407,10557.0,-609.0
408,10561.015467695875,-591.5614619296914
409,10565.69290688592,-555.1390208673562
410,10566.0,-539.0
411,10564.0,-499.0
412,10546.113242690346,-457.39902560149665
413,10541.0,-451.0
414,10521.162821416094,-433.25372327572927
415,10495.0,-416.0
416,10454.194179146643,-391.1292789916831
417,10399.0,-357.0
418,10381.359192584465,-341.0461940343158
419,10382.0,-325.0
420,10380.100832197224,-276.64587915874887
421,10381.0,-246.0
422,10389.928054209093,-193.0410156556087
423,10397.0,-165.0
424,10403.0,-143.0
425,10404.582802310535,-137.09232538830662
426,10416.0,-93.0
427,10419.873899699294,-78.4950511628276
428,10451.0,33.0
429,10462.049125043137,70.1543110166071
430,10492.105390150831,159.97596168580887
431,10500.0,181.0
432,10520.0,233.0
433,10545.67555225552,308.31608562983587
434,10550.0,322.0
435,10559.831055422357,358.48966940044204
436,10560.0,388.0
437,10555.0,432.0
438,10554.83423256667,432.5110758481733
439,10532.010348258902,476.96643676352613
440,10511.0,506.0
441,10491.180127714917,526.8192554194134
442,10451.0,552.0
443,10445.723837964784,555.1158196372031
444,10402.311551790439,579.5478716853637
445,10386.0,587.0
446,10326.0,611.0
447,10316.952797120532,614.1721087782352
448,10265.0,629.0
449,10211.590596467233,641.7147905468536
450,10189.0,646.0
451,10134.0,654.0
452,10127.481198789877,654.8203252140112
453,10081.0,660.0
454,10049.455154219115,662.5085291888521
455,9990.1230249203,665.2117281687068
456,9969.0,666.0
457,9851.0,670.0
458,9809.113228396145,671.2494565049368
459,9772.165917055001,671.9186014759769
460,9703.0,674.0
461,9549.0,679.0
462,9454.801632416691,681.9290967137518
463,9377.0,684.0
464,9347.695861197664,684.8942395893594
465,9252.914418264027,687.8850119374288
466,9218.0,689.0
467,9124.0,692.0
468,9063.392175767009,693.8534576488352
469,8991.0,696.0
470,8965.50802487037,696.7477693795008
471,8864.75913185894,699.6639690123671
472,8853.0,700.0
473,8713.0,704.0
474,8647.452595928971,705.9556733544728
475,8516.0,710.0
476,8438.079637403429,712.512088695554
477,8359.647287781336,715.085523660219
478,8285.0,717.0
479,8146.0,720.0
480,8131.303187244883,720.3376524075987
481,8019.0,723.0
482,7976.9838795021315,723.7779667301966
483,7905.0,725.0
484,7802.758068986538,726.9933188404395
485,7673.0,730.0
486,7556.0,733.0
487,7540.526562891456,733.3462588796635
488,7361.384685037694,736.685263955603
489,7347.0,737.0
490,7208.855094190827,740.4190546826344
491,7180.0,741.0
492,7119.0,742.0
493,7059.884325894915,743.041335053939
494,6966.0,745.0
495,6734.382689592068,750.7587988690614
496,6683.0,752.0
497,6542.0,755.0
498,6496.723801409946,755.871420566526
499,6384.0,758.0
500,6241.0,761.0
501,6208.900025307498,761.8255409281355
502,6097.0,765.0
503,5988.457449095393,767.9463507506957
504,5952.0,769.0
505,5579.0,781.0
506,5464.0,785.0
507,5101.0,798.0
508,4940.586630813229,803.7813184175182
509,4767.0,810.0
510,4726.7690397843035,811.4091079561449
511,4622.444249525495,815.0132538796795
512,4565.0,817.0
513,4361.0,824.0
514,4359.277675637684,824.0568727277598
515,4207.0,829.0
516,4120.480971464455,831.987978167137
517,3931.0,839.0
518,3912.8135074571474,839.6912729736439
519,3774.0444474350993,844.8927032142174
520,3740.0,846.0
521,3636.0,849.0
522,3566.035073066215,851.2283825841013
523,3408.0,857.0
524,3387.3998513515403,857.7781653912136
525,3144.0,867.0
526,3143.126060933964,867.03140142159
527,2932.0,874.0
528,2893.044486628868,875.3162602174868
529,2663.495063203606,883.3417133731396
530,2561.0,887.0
531,2339.578469428161,895.1117708139338
532,2257.0,898.0
533,2097.004816953452,903.2538197602927
534,1826.6287517053192,910.5545756213298
535,1806.0,911.0
536,1547.0094627148153,915.6820212553254
537,1406.0,918.0
538,1303.6394257582483,919.7569287806323
539,1132.0,923.0
540,840.2646418384678,928.6400281273717
541,821.0,929.0
542,727.6769595742584,930.6358059758475
543,656.0,932.0
544,511.603677354894,935.2013367002992
545,416.0,937.0
546,268.0,939.0
547,245.54121797687515,939.378907334432
548,24.84054598856547,943.9295003138001
549,-119.0,947.0
550,-154.3677337369738,947.7013600747126
551,-237.963890598332,949.0177298791085
552,-304.0,950.0
553,-366.6961824133591,951.0544585285076
554,-601.0,956.0
555,-602.9101147863546,956.0530808447165
556,-749.0,961.0
557,-787.3661938103289,962.6667709832315
558,-952.0,972.0
559,-1009.5534352506074,976.2900498737832
560,-1204.0,994.0
561,-1205.0089572860431,994.1007842773759
562,-1423.0,1017.0
563,-1441.233607219692,1018.875797876322
564,-1563.0,1031.0
565,-1593.9433988692308,1034.1054881155446
566,-1733.0,1048.0
567,-1830.4487682345466,1057.1830015079277
568,-1963.0,1069.0
569,-2102.5289326752318,1078.5378401744877
570,-2148.0,1080.0
571,-2166.500025169498,1080.3174286070307
572,-2220.344204526567,1079.8661375298789
573,-2243.0,1079.0
574,-2280.638027653243,1076.8933262892867
575,-2346.0,1070.0
576,-2439.0,1053.0
577,-2498.5296364484984,1034.7488160123592
578,-2517.0,1026.0
579,-2530.928888872945,1019.047330995823
580,-2556.0,1002.0
581,-2590.5564810256487,968.5119582492938
582,-2605.0,953.0
583,-2627.314458079256,923.2684007333946
584,-2627.2454045298505,911.3002342908087
585,-2629.0,899.0
586,-2630.9813341852196,889.3317388321308
587,-2637.0,852.0
588,-2633.7025802481157,803.6395405159773
589,-2632.0,791.0
590,-2628.3790213003554,772.6484948888448
591,-2624.0,760.0
592,-2601.102969921356,707.1966085565402
593,-2601.0,707.0
594,-2574.0,665.0
595,-2563.101028209731,650.6803173552912
596,-2545.0,629.0
597,-2524.6439594158182,607.9679059840773
598,-2516.0,600.0
599,-2428.7043439551912,529.1652818696673
600,-2413.0,517.0
601,-2387.231902006469,497.53245087964865
602,-2355.0,478.0
603,-2298.0,448.0
604,-2268.0398144478754,431.3526751878761
605,-2138.0,356.0
606,-2104.132188864071,334.43040806417173
607,-2079.0,317.0
608,-2066.8360103930427,309.1073574015432
609,-1965.7927951696051,245.68341856901887
610,-1950.0,236.0
611,-1925.0,221.0
612,-1750.873993861199,136.00288349970455
613,-1731.0,128.0
614,-1653.5481145762399,105.28424933027209
615,-1603.0,97.0
616,-1513.0,86.0
617,-1490.8384877230778,85.03649829607045
618,-1354.2177556008317,103.13906950456463
619,-1339.0,107.0
620,-1161.594365229434,160.4005648123714
621,-1125.0,173.0
622,-1026.6171389464603,211.05365338124832
623,-858.6577932964426,297.4382618569217
624,-844.0,305.0
625,-769.5821442237194,340.33385283800277
626,-700.0,373.0
627,-623.9344586674064,409.5097922436247
628,-529.0,455.0
629,-455.1244569412439,489.46129971248115
630,-381.44058134444475,520.3231616375118
631,-325.0,539.0
632,-244.0,562.0
633,-229.82624399363684,565.7727121473738
634,-6.0,609.0
635,16.428194876734366,611.4052650968583
636,196.0,627.0
637,274.85742632332153,635.5099927763031
638,314.74056271248566,641.3193428739171
639,446.0,632.0
640,636.0,615.0
641,664.910161570434,611.8872520900385
642,835.9167120556308,585.850976445268
643,963.4181989193919,539.0873381462276
644,989.0,530.0
645,1191.4443972957224,462.00043425634146
646,1209.0,455.0
647,1417.0,366.0
648,1491.451674200122,330.9859740832176
649,1515.0,319.0
650,1654.7318123035013,241.71251838184523
1,2025.0,9.0
2,2148.0,-67.0
3,2163.7777660795477,-76.84903947097634
4,2299.0,-162.0
5,2369.959149143243,-206.2623857936716
6,2424.0,-240.0
7,2509.803749143432,-293.99282587385403
8,2605.0,-354.0
9,2704.712705035203,-416.44192035115833
10,2731.0,-433.0
11,2884.555249834985,-530.342019728216
12,2900.0,-540.0
13,3100.0,-663.0
14,3158.7437804929286,-698.6454571532724
15,3302.0,-784.0
16,3492.0,-897.0
17,3550.0,-932.0
18,3758.0,-1050.0
19,3860.1408198175677,-1105.0514574449278
20,3940.0,-1147.0
21,4003.5696769476363,-1180.0678796271159
22,4224.0,-1294.0
23,4278.248998161035,-1322.3433099276854
24,4327.0,-1348.0
25,4485.565592252689,-1429.9357695470476
26,4497.0,-1436.0
27,4682.0,-1537.0
28,4725.037303835143,-1562.0371489839858
29,4752.926708838073,-1581.1742871826027
30,4757.0,-1584.0
31,4851.0,-1651.0
32,4877.540848910891,-1672.4985662368583
33,4903.0,-1698.0
34,4923.648762455779,-1721.693543332442
35,4968.0,-1777.0
36,4985.337268946339,-1802.826573300701
37,4990.0,-1819.0
38,4996.563765894714,-1840.5543700807498
39,5011.488779989026,-1900.0696785306034
40,5013.0,-1918.0
41,5004.0,-1994.0
42,4988.957709310741,-2036.5239895268273
43,4950.0,-2105.0
44,4946.039376558775,-2110.813921222521
45,4897.4338417896415,-2170.7265153160715
46,4879.0,-2191.0
47,4856.83793895304,-2214.333537370363
48,4825.0,-2246.0
49,4819.244614131569,-2251.6550377811664
50,4738.0,-2331.0
51,4693.949510122795,-2374.1407694688714
52,4643.0,-2425.0
53,4614.52863627569,-2455.3105231540085
54,4586.0,-2490.0
55,4555.11820261365,-2530.819678988987
56,4506.0,-2607.0
57,4505.249216452743,-2608.352419356469
58,4466.127796122726,-2687.1140273735373
59,4455.0,-2714.0
60,4435.8310755488665,-2774.0811644237815
61,4434.0,-2781.0
62,4420.0,-2852.0
63,4414.058889563197,-2980.8225549012145
64,4413.0,-3047.0
65,4412.014621971347,-3120.8639350967455
66,4410.272185838354,-3188.651521099762
67,4406.0,-3233.0
68,4400.0,-3276.0
69,4397.959709166519,-3287.999530970788
70,4375.0,-3394.0
71,4342.0,-3503.0
72,4332.178124732146,-3528.518082404875
73,4269.0,-3660.0
74,4268.161115104945,-3661.4557685213094
75,4216.0,-3739.0
76,4192.79901548306,-3767.8547040892763
77,4125.076413422641,-3841.6285149139085
78,4109.0,-3857.0
79,4001.0,-3943.0
80,3914.498633733982,-4000.1203511967324
81,3905.0,-4006.0
82,3825.0,-4051.0
83,3811.4844828538444,-4057.946908268161
84,3647.0872342319244,-4134.476261568448
85,3621.0,-4145.0
86,3501.9456050281115,-4186.847098405326
87,3370.727762470624,-4223.912735286732
88,3351.0,-4229.0
89,3281.492046244256,-4244.816655635715
90,3190.0,-4259.0
91,3132.0631012352974,-4266.86131607356
92,3106.0,-4270.0
93,2877.98397332259,-4281.226318848175
94,2865.0,-4281.0
95,2688.8771778881846,-4271.16589596907
96,2677.0,-4270.0
97,2576.0,-4256.0
98,2560.543979364403,-4253.349959005933
99,2431.0,-4227.0
100,2385.339016698251,-4215.101370582805
101,2274.0,-4180.0
102,2243.574408063504,-4169.150503952434
103,2147.0,-4131.0
104,2103.101727208062,-4111.549808601593
105,1993.1410326638998,-4057.26824137247
106,1968.0,-4044.0
107,1820.0,-3960.0
108,1777.4799699542332,-3934.2801597607786
109,1687.0,-3878.0
110,1595.0,-3820.0
111,1429.1034979173303,-3714.2470201647134
112,1330.0,-3651.0
113,1190.506344831542,-3562.220521168199
114,1102.0,-3506.0
115,1066.9043803115385,-3483.6435451084235
116,989.874147978421,-3434.3201152572483
117,872.0,-3359.0
118,634.0,-3207.0
119,521.0704626339532,-3134.833698295035
120,468.0,-3103.0
121,324.7320606720717,-3019.561827612405
122,313.0,-3013.0
123,198.0,-2951.0
124,-8.767226212437807,-2844.79075905857
125,-107.0,-2796.0
126,-172.8447132859805,-2765.070169766499
127,-253.0,-2738.0
128,-279.304045698253,-2730.725258128856
129,-401.6829738599536,-2701.024656907802
130,-447.0,-2693.0
131,-678.0,-2681.0
132,-680.2650597774237,-2681.07594406483
133,-812.0,-2692.0
134,-857.3254556927643,-2699.524795363165
135,-925.0,-2715.0
136,-969.5449102595694,-2728.1481055089043
137,-1048.0,-2757.0
138,-1246.0,-2862.0
139,-1480.0,-2999.0
140,-1588.0,-3045.0
141,-1618.1416072690188,-3052.754342958305
142,-1784.0,-3091.0
143,-1797.1929955981564,-3093.1182459200595
144,-1908.0,-3096.0
145,-2020.4932428986301,-3080.499298877139
146,-2077.0,-3071.0
147,-2165.2721349646163,-3046.980812705237
148,-2194.0,-3031.0
149,-2241.3104796027037,-3005.385418262257
150,-2382.0,-2926.0
151,-2404.1772195983567,-2911.737319353704
152,-2478.0,-2858.0
153,-2558.40311148484,-2792.355717416049
154,-2617.0,-2743.0
155,-2719.4903110340892,-2651.3430101432614
156,-2768.6631337346835,-2612.713063421578
157,-2794.0,-2596.0
158,-2850.0977330573337,-2561.9499855741064
159,-2896.0,-2537.0
160,-2956.0,-2509.0
161,-2969.91737846594,-2503.249757758117
162,-3069.037467822576,-2470.171913805229
163,-3107.0,-2461.0
164,-3234.0,-2441.0
165,-3261.090825192161,-2438.707547096415
166,-3354.083368112243,-2438.2556134372726
167,-3400.0,-2442.0
168,-3501.0,-2457.0
169,-3528.7217671147246,-2462.6179313670877
170,-3651.932390555662,-2495.2099721794248
171,-3661.0,-2498.0
172,-3747.945051856369,-2527.3250902626887
173,-3815.0,-2554.0
174,-3840.584739121907,-2565.3371643141186
175,-3905.0,-2597.0
176,-3950.514048506551,-2622.2866332807184
177,-4000.0,-2653.0
178,-4104.229567311171,-2732.1512073081026
179,-4111.0,-2738.0
180,-4168.0,-2792.0
181,-4252.470869789396,-2892.929086436992
182,-4293.0,-2949.0
183,-4314.998697848771,-2983.0509325044704
184,-4349.0,-3049.0
185,-4372.897863475745,-3110.013096069736
186,-4384.0,-3142.0
187,-4398.53688692644,-3187.9776684084945
188,-4413.296739006988,-3273.8062286250874
189,-4414.0,-3284.0
190,-4417.0,-3428.0
191,-4417.317206008111,-3449.567670930151
192,-4413.0,-3467.0
193,-4398.551340998369,-3520.500393571151
194,-4367.0,-3631.0
195,-4338.079484421766,-3687.516516643495
196,-4323.0,-3705.0
197,-4291.246353671553,-3742.0742376386575
198,-4277.0,-3757.0
199,-4217.0,-3805.0
200,-4190.424356285508,-3820.303668225919
201,-4152.0,-3839.0
202,-4114.057375299747,-3854.792320507141
203,-4057.0,-3869.0
204,-3909.0,-3888.0
205,-3907.3778710519987,-3888.1662292578344
206,-3843.9698618978778,-3892.2928227890848
207,-3794.0,-3892.0
208,-3757.0,-3893.0
209,-3755.3951546062185,-3893.039754674364
210,-3532.0498974682737,-3896.671824368681
211,-3514.0,-3897.0
212,-3440.0,-3900.0
213,-3438.8830861775864,-3900.06432010111
214,-3356.746688807502,-3904.869467085815
215,-3288.0,-3910.0
216,-3221.2443089816575,-3916.802717100578
217,-3129.0,-3929.0
218,-3068.5753499199527,-3937.826984929714
219,-2988.0,-3950.0
220,-2893.1311114944547,-3964.7156148684967
221,-2879.0,-3967.0
222,-2707.5922339384006,-3995.794530667745
223,-2685.0,-4000.0
224,-2609.0,-4015.0
225,-2529.0180296165718,-4031.378886284955
226,-2428.0,-4053.0
227,-2318.722142491507,-4077.7952539814914
228,-2282.0,-4086.0
229,-2120.0,-4116.0
230,-2116.933141594716,-4116.399695004757
231,-1928.174315291846,-4136.450929648431
232,-1912.0,-4138.0
233,-1797.0150500296293,-4147.750526280301
234,-1669.0,-4143.0
235,-1646.468701493879,-4142.349233634119
236,-1419.0,-4136.0
237,-1355.459210447501,-4133.602383864924
238,-1240.0,-4126.0
239,-1238.2248284509187,-4125.899625503445
240,-1120.0,-4120.0
241,-902.9864794256663,-4111.282056139196
242,-868.0,-4110.0
243,-746.0,-4106.0
244,-714.4571407871472,-4105.113161432217
245,-576.0,-4102.0
246,-449.70254270764906,-4100.189510345875
247,-436.0,-4100.0
248,-314.8849431787403,-4098.163921262366
249,-232.0,-4097.0
250,-110.26067790239752,-4095.4447254190854
251,5.0,-4094.0
252,64.89561021462882,-4093.2293881854566
253,164.04383745269314,-4091.865915323626
254,308.0,-4090.0
255,327.3352154970687,-4089.777702560089
256,421.0,-4089.0
257,492.904361181431,-4089.0735777391674
258,679.0,-4091.0
259,681.9540744101565,-4091.050768366121
260,800.8587693081456,-4094.4293448174185
261,936.0,-4111.0
262,997.1078890768854,-4121.277276273004
263,1144.0,-4151.0
264,1175.0,-4159.0
265,1255.1920904902752,-4181.45957924697
266,1351.0,-4211.0
267,1424.4549450963405,-4235.1460389405565
268,1509.0,-4264.0
269,1638.6607062837686,-4310.147861053675
270,1666.0,-4320.0
271,1765.816479135798,-4355.928404142434
272,1885.0,-4398.0
273,1910.432338895344,-4406.570450279738
274,1942.0,-4417.0
275,2072.2281082343857,-4460.02389013015
276,2214.0,-4506.0
277,2265.7759404726075,-4522.364917218205
278,2342.0,-4546.0
279,2425.3946526204068,-4571.19687222689
280,2552.0,-4608.0
281,2686.6552705319214,-4644.801355335199
282,2699.0,-4648.0
283,2884.560180013617,-4692.253718901817
284,2897.0,-4695.0
285,3048.0,-4726.0
286,3084.109415418823,-4732.550293282268
287,3251.0,-4758.0
288,3287.872518654187,-4762.496912658238
289,3388.0,-4773.0
290,3460.8077027442805,-4779.581421158366
291,3596.0,-4789.0
292,3599.4502985427725,-4789.178061056761
293,3752.0,-4794.0
294,3877.0933750846434,-4794.17880855519
295,3891.0,-4794.0
296,4082.3774406041316,-4787.334447802978
297,4206.0,-4780.0
298,4395.0,-4765.0
299,4430.0,-4761.0
300,4449.616700970881,-4758.738297155352
301,4588.896423529039,-4743.00373082897
302,4674.0,-4732.0
303,4799.080581442837,-4712.639704659601
304,4848.0,-4704.0
305,5072.0,-4657.0
306,5171.892368714177,-4632.493004503234
307,5278.0,-4604.0
308,5323.745390851186,-4591.199205131162
309,5363.0,-4580.0
310,5534.019246462905,-4527.105688877525
311,5651.0,-4488.0
312,5717.810293779805,-4465.63800376953
313,5836.0,-4426.0
314,6056.0,-4352.0
315,6059.260901684987,-4350.899548130864
316,6208.0,-4300.0
317,6247.174506898417,-4286.661410619348
318,6462.0,-4214.0
319,6550.868115083711,-4184.015103824902
320,6732.005852032768,-4122.536798732977
321,6751.0,-4116.0
322,6991.651184490867,-4031.454309412651
323,7107.0,-3990.0
324,7121.709937827432,-3984.6555020692813
325,7275.0,-3926.0
326,7277.492486110655,-3925.003747567751
327,7593.0,-3796.0
328,7614.247472824379,-3787.043880359398
329,7726.0,-3739.0
330,7809.0,-3702.0
331,7945.308353375524,-3640.3910530457933
332,8040.0,-3597.0
333,8188.0,-3528.0
334,8338.910833069727,-3455.938564999661
335,8368.0,-3442.0
336,8599.109524695936,-3330.8164790284764
337,8613.0,-3324.0
338,8775.0,-3243.0
339,8812.907703884159,-3223.491445199926
340,8954.0,-3149.0
341,8994.06853349491,-3127.450727372463
342,9095.166224054274,-3071.099950853544
343,9104.0,-3066.0
344,9192.0799293809,-3014.1220845675443
345,9285.0,-2957.0
346,9303.0,-2945.0
347,9303.898284413439,-2944.3996471023165
348,9430.728447106285,-2854.998160345507
349,9439.0,-2848.0
350,9513.14652110462,-2779.802385617348
351,9546.0,-2748.0
352,9582.862278269546,-2710.5418713407435
353,9593.0,-2690.0
354,9594.552075334235,-2686.730532026242
355,9628.269459138803,-2617.8286896402396
356,9660.080401173458,-2552.197760103309
357,9678.414711160241,-2476.9025522759985
358,9672.0,-2429.0
359,9666.0,-2414.0
360,9654.675338939489,-2391.743997086741
361,9624.130095551845,-2344.125266005632
362,9600.0,-2311.0
363,9596.277693756534,-2306.262392697599
364,9561.0,-2269.0
365,9557.491125202432,-2265.760097930678
366,9525.0,-2237.0
367,9483.0,-2201.0
368,9470.707938180603,-2190.7831039775238
369,9418.72844102,-2148.550331929536
370,9406.0,-2138.0
371,9331.0,-2075.0
372,9290.860393817064,-2039.9526137857454
373,9264.09081111464,-2012.1985963996988
374,9243.0,-1987.0
375,9216.0,-1953.0
376,9206.47299090668,-1939.8021677751797
377,9169.404738189654,-1878.5587519482224
378,9164.0,-1868.0
379,9142.637643030033,-1818.5553988951233
380,9135.0,-1794.0
381,9123.0,-1738.0
382,9122.793233348235,-1736.797453727201
383,9119.0,-1694.0
384,9130.24048533617,-1598.7839015875938
385,9138.0,-1554.0
386,9145.141875541847,-1527.2801119678325
387,9154.0,-1509.0
388,9160.990811546839,-1493.4338097338007
389,9176.0,-1461.0
390,9187.056958277612,-1440.4092307953701
391,9206.0,-1412.0
392,9260.077468914767,-1348.3765176634336
393,9287.0,-1320.0
394,9320.0,-1295.0
395,9353.725707768426,-1273.292616874527
396,9381.0,-1258.0
397,9444.0,-1233.0
398,9466.738378689915,-1225.702787299257
399,9540.0,-1211.0
400,9622.24695526121,-1204.5645592682663
401,9672.0,-1202.0
402,9712.101249809893,-1201.2418358460495
403,9746.0,-1202.0
404,9812.530885988446,-1201.451489554715
405,9868.0,-1200.0
406,9906.592290357645,-1198.3502233728734
407,9942.0,-1196.0
408,10024.0,-1185.0
409,10052.595354302368,-1177.912085840041
410,10123.0,-1153.0
411,10159.025840064136,-1136.604656238645
412,10262.0,-1075.0
413,10270.202439554323,-1069.0517384239206
414,10317.0,-1030.0
415,10394.461083063816,-941.3672922542187
416,10405.0,-928.0
417,10454.31697262821,-856.4262357154437
418,10457.0,-852.0
419,10488.408410123355,-797.7859156560963
420,10510.0,-755.0
421,10525.0,-719.0
422,10531.906970803104,-700.296443398802
423,10545.0,-660.0
424,10550.212715392996,-641.7182748703569
425,10558.0,-608.0
426,10561.370862733675,-584.0352516356821
427,10564.0,-563.0
428,10560.0,-482.0
429,10549.59768555342,-467.4589592863703
430,10510.0,-425.0
431,10496.496523501482,-412.90834951385125
432,10461.0,-399.0
433,10450.762958686593,-394.04365481170726
434,10416.0,-373.0
435,10391.318399644384,-344.6737600455518
436,10378.0,-298.0
437,10383.0,-231.0
438,10383.210676821393,-229.68790678919763
439,10396.0,-170.0
440,10412.41072613594,-105.43103170144867
441,10420.0,-76.0
442,10425.062355961767,-56.302795720122546
443,10434.0,-24.0
444,10436.11462520068,-16.660965894767653
445,10477.0,118.0
446,10484.00744630466,138.08895779050258
447,10505.0,194.0
448,10507.964874696205,201.7686525325493
449,10536.20406702379,277.0149878711869
450,10540.0,289.0
451,10551.0,330.0
452,10555.987519231634,362.4411722927714
453,10559.0,405.0
454,10559.022807185998,410.8985620556027
455,10553.343829335465,446.815729464073
456,10537.0,474.0
457,10536.665932394208,474.46520868812615
458,10515.443199231808,500.9938870634587
459,10507.0,510.0
460,10491.13720674519,524.701158055712
461,10482.0,532.0
462,10444.0,556.0
463,10427.662314332792,565.2871957450027
464,10388.0,586.0
465,10359.0,598.0
466,10350.508724298952,601.2730949459483
467,10315.603084634353,614.0876800627941
468,10307.0,617.0
469,10278.0,626.0
470,10232.0,637.0
471,10191.771615169278,645.0890039001455
472,10181.0,647.0
473,10119.915642181386,655.6827793912241
474,10108.0,657.0
475,10032.0,663.0
476,9983.556853842298,665.3165296229008
477,9883.837276320533,668.784894152902
478,9877.0,669.0
479,9736.0,673.0
480,9719.217544483947,673.5541057590626
481,9559.0,679.0
482,9555.067744899416,679.1316709595359
483,9417.255020309354,683.5842023536426
484,9299.0,687.0
485,9297.362958412445,687.0428650028389
486,9193.591861992376,689.5161561290666
487,9142.0,691.0
488,8917.0,698.0
489,8889.563329087212,698.8720784108185
490,8844.593605420749,700.3454077700898
491,8794.0,702.0
492,8753.736603475843,703.2960418953497
493,8539.0,710.0
494,8523.37255109489,710.4471048369003
495,8381.0,714.0
496,8366.857293350542,714.3820236599132
497,8233.0,718.0
498,8179.126269401155,719.1433985185965
499,8082.0,721.0
500,8062.0982118198335,721.4206600971808
501,7857.0,726.0
502,7781.737909741061,727.4100743075271
503,7699.0,729.0
504,7696.652150406054,729.0520843397317
505,7394.839455496937,736.2332358448699
506,7361.0,737.0
507,7240.110500584837,739.3097412663661
508,7150.0,741.0
509,7029.0,744.0
510,7011.9314985204255,744.4169851969706
511,6856.143414587779,748.0628021710512
512,6815.0,749.0
513,6680.0,752.0
514,6593.7800422772725,753.8546217536054
515,6539.0,755.0
516,6386.93282352839,758.0529263823389
517,6238.0,761.0
518,6190.164400975014,761.9853859417958
519,6110.0,764.0
520,6108.47766804272,764.0419966461012
521,5940.785127845817,768.8603760101994
522,5771.0,774.0
523,5710.919604586047,775.9661989287791
524,5599.797869263408,780.1550199797895
525,5576.0,781.0
526,5432.693717860256,785.8731653442853
527,5312.0,790.0
528,5263.475559560969,791.6953968413733
529,4955.334167178561,802.781469058497
530,4863.0,806.0
531,4815.5441233915835,807.5505066775527
532,4733.0587178963715,810.1663172823773
533,4711.0,811.0
534,4539.969830501976,817.8307626685164
535,4508.0,819.0
536,4367.837335347754,823.431797255697
537,4286.0,826.0
538,4230.426247601372,827.8903858456291
539,4200.0,829.0
540,4027.0,836.0
541,3954.7748803571376,838.4477421164836
542,3837.0,842.0
543,3640.474535958402,848.5393085400015
544,3575.0,851.0
545,3474.0879688600066,855.1470584409271
546,3400.0,858.0
547,3243.724842071089,863.3123841859015
548,3101.0,868.0
549,2971.82462048204,872.5825383528963
550,2803.0,879.0
551,2732.5881211192145,881.4714969512286
552,2571.0,887.0
553,2490.598990913638,889.6334596216782
554,2357.0,894.0
555,2257.061749755335,897.5203802778367
556,2034.95083247308,905.3622078196679
557,2016.0,906.0
558,1898.8628783861175,909.6021474663207
559,1763.0,912.0
560,1745.0191003495481,912.30938738417
561,1582.0,915.0
562,1523.9078503424744,915.7709445291769
563,1437.0,917.0
564,1343.41812182835,919.0079697336763
565,1256.0,921.0
566,1089.3013549923703,923.8451630933291
567,1019.0,925.0
568,943.3272179535921,926.3423187755384
569,855.0,928.0
570,761.2976281371012,929.811913564464
571,600.0,933.0
572,542.2909017884729,934.1356360538823
573,398.0,937.0
574,284.92505736060934,939.3211589772261
575,251.0,940.0
576,65.83217359423548,943.4362991783802
577,-23.0,945.0
578,-188.0,948.0
579,-191.67370749700873,948.0765729448323
580,-280.0,950.0
581,-454.41050966385404,953.035962376394
582,-519.0,954.0
583,-582.0498020286852,954.8817224468224
584,-727.0,960.0
585,-1038.0,979.0
586,-1076.800642145551,981.7134517556099
587,-1297.967748640514,1000.8864592250859
588,-1395.0850731124535,1013.2846466751464
589,-1462.0,1021.0
590,-1486.810357622728,1023.6482866823367
591,-1636.0,1038.0
592,-1652.2297157940006,1039.5782904658215
593,-1840.0,1058.0
594,-1931.5613824688533,1066.34814100568
595,-1986.0,1071.0
596,-2019.7805716861935,1073.754395958454
597,-2071.0,1077.0
598,-2165.9394798475455,1078.9692668039784
599,-2252.0,1078.0
600,-2339.9923892660513,1071.3432012965181
601,-2378.0798305959647,1065.2493674328039
602,-2386.0,1064.0
603,-2444.0,1052.0
604,-2444.8072891196666,1051.7436043258886
605,-2509.9098862577007,1027.124019310627
606,-2537.0,1015.0
607,-2569.303170163494,994.3469205516208
608,-2583.0,979.0
609,-2595.6314838438593,963.0863660566521
610,-2615.5275782698754,933.6978085240627
611,-2619.0,927.0
612,-2630.0,897.0
613,-2630.155994371208,896.4394974845308
614,-2637.0,849.0
615,-2636.9941321316246,848.2848304700425
616,-2632.032435497266,796.4823070172245
617,-2631.0,789.0
618,-2623.2888583075082,757.9840775809641
619,-2622.0,755.0
620,-2599.5142105844843,708.8238701932455
621,-2584.0,680.0
622,-2567.6776834481034,654.2326282674992
623,-2550.131799127432,634.4423120093505
624,-2546.0,630.0
625,-2496.0,582.0
626,-2481.726017352662,570.2222813646882
627,-2440.0,537.0
628,-2428.57454155018,528.0571194601076
629,-2388.306958188814,500.07649598574835
630,-2385.0,498.0
631,-2329.0,464.0
632,-2282.389576845645,439.26423135897875
633,-2217.0,405.0
634,-2190.0,389.0
635,-2174.594129920939,379.37719462470466
636,-2128.0,349.0
637,-2119.5149943432366,343.49035759977414
638,-2046.4393989076445,296.9120310727669
639,-2029.0,286.0
640,-1951.7033020314252,238.01229331343686
641,-1880.0,195.0
642,-1856.646258521783,181.74296241488153
643,-1733.4073057978342,129.31883700580036
644,-1720.0,125.0
645,-1647.6140063450425,104.36554817523104
646,-1614.0,99.0
647,-1497.0555963950637,91.25012186152337
648,-1427.0,91.0
649,-1321.766278422511,109.57075166729139
650,-1306.0,114.0
651,-1200.0,145.0
652,-1040.239315338513,210.04277895073815
653,-952.0,251.0
654,-798.2169928344496,325.246537460496
655,-766.0,341.0
656,-688.6333962274541,379.49091175652836
657,-611.0,416.0
658,-574.7909360023622,432.3755436055594
659,-376.0,521.0
660,-304.19256687147157,551.1211059126437
661,-204.0,573.0
662,-201.94372961107143,573.3787444728164
663,6.0,610.0
664,38.226587514293506,614.7138243907957
665,172.9339908821944,626.2981941682189
666,208.0,628.0
667,339.0,632.0
668,342.25813982403724,632.0013609678017
669,483.9453437929772,627.8985390707652
670,615.0,618.0
671,670.0459518817354,611.1693122685781
672,806.0,582.0
673,808.037271880993,581.4827652435523
674,922.0,551.0
675,1074.9679998844304,504.2191366949682
676,1155.0,474.0
677,1322.8426292810948,406.9479108254228
678,1367.0,389.0
679,1476.8623574945796,342.46881900000267
680,1526.0,312.0
681,1603.978103585558,266.6833348521069
682,1780.0,166.0
1,2019.0,13.0
2,2189.295960800272,-93.20942570988139
3,2210.0,-106.0
4,2376.0,-210.0
5,2404.0,-228.0
6,2456.2397896498005,-261.48075956300556
7,2665.445770171634,-392.3159237321436
8,2697.0,-412.0
9,2838.0,-501.0
10,2892.3474857397878,-534.955545455357
11,3010.9500260167165,-608.3929755449866
12,3038.0,-625.0
13,3139.810536095246,-686.8405465799997
14,3240.0,-747.0
15,3284.8829967641077,-773.8942592683331
16,3474.0,-887.0
17,3561.5770861239703,-939.0728752878413
18,3640.3192662566553,-984.2496522252568
19,3663.0,-997.0
20,3798.0,-1072.0
21,3814.290811552961,-1080.8612357964826
22,3935.0,-1145.0
23,4030.1986145072415,-1194.0104736222713
24,4120.0,-1240.0
25,4266.0,-1316.0
26,4371.18868892554,-1370.4713683577966
27,4545.0,-1461.0
28,4620.391766933883,-1501.7908966633936
29,4711.014761979903,-1554.0367999610512
30,4716.0,-1557.0
31,4775.0,-1596.0
32,4786.927397286361,-1604.887933477195
33,4875.275790389356,-1673.3865784571067
34,4887.0,-1683.0
35,4941.062923670986,-1737.2219441267266
36,4952.0,-1753.0
37,4982.548557794584,-1803.4083412880632
38,4985.0,-1808.0
39,4999.449472230383,-1842.561758738151
40,5001.0,-1849.0
41,5011.4420569229005,-1930.7996248973975
42,5012.0,-1938.0
43,5004.5230440689,-1991.5322849499564
44,5002.0,-1998.0
45,4980.0,-2055.0
46,4975.3407941360165,-2064.2080428242934
47,4957.0,-2094.0
48,4934.761441473136,-2124.383406534648
49,4932.0,-2128.0
50,4881.648029301284,-2187.807811900869
51,4871.0,-2199.0
52,4815.0,-2256.0
53,4803.335698482648,-2267.6709461251567
54,4771.748271842635,-2298.1589574096574
55,4753.0,-2316.0
56,4725.9570603256025,-2342.1093100835415
57,4679.648326774863,-2387.4238607622556
58,4674.0,-2393.0
59,4646.0,-2421.0
60,4593.8914738832145,-2480.1635692180575
61,4570.0,-2510.0
62,4547.720875814411,-2538.7102569795184
63,4525.0,-2574.0
64,4484.845196014195,-2653.5651559758735
65,4446.0,-2740.0
66,4439.812884380522,-2754.470612152163
67,4427.0,-2812.0
68,4425.998312356488,-2823.0938872733504
69,4418.116952945434,-2942.8031927148313
70,4413.0,-3055.0
71,4412.842535199206,-3097.578620514088
72,4413.0,-3142.0
73,4411.139211531562,-3170.0775786946215
74,4402.0,-3262.0
75,4395.161194221116,-3308.131520292801
76,4374.262678619043,-3400.3549922237853
77,4366.0,-3427.0
78,4331.753557210022,-3521.6491488729357
79,4297.0,-3607.0
80,4270.99305628821,-3663.305301496468
81,4244.974708624509,-3701.957902856535
82,4218.0,-3736.0
83,4157.0,-3809.0
84,4148.311675484073,-3818.647941939361
85,4063.97827981302,-3897.9405849264863
86,4027.0,-3925.0
87,3843.0,-4042.0
88,3794.5381599977527,-4070.4123501781396
89,3679.0,-4122.0
90,3678.4791236399324,-4122.212004219513
91,3581.0,-4161.0
92,3503.1386124515884,-4187.743331294723
93,3391.0,-4220.0
94,3354.7403970488413,-4229.212607098307
95,3289.0,-4243.0
96,3112.3006748582866,-4267.377876849448
97,3046.0,-4275.0
98,2997.9555608129176,-4279.86809616575
99,2905.0,-4281.0
100,2867.4474284799753,-4280.2428983409545
101,2749.0,-4276.0
102,2633.708756638762,-4265.039073224911
103,2605.0,-4261.0
104,2448.269274746501,-4231.149750679689
105,2435.0,-4228.0
106,2265.0,-4177.0
107,2263.169529824023,-4176.37350069895
108,2098.0,-4109.0
109,2001.8478885451977,-4060.127376339836
110,1894.0,-4003.0
111,1824.6780887534999,-3964.3356521194205
112,1787.0,-3940.0
113,1757.0204766851657,-3921.2206997330663
114,1577.0,-3809.0
115,1481.297937801578,-3747.580014727296
116,1432.0,-3716.0
117,1356.6282141237532,-3668.409350897214
118,1326.0,-3649.0
119,1074.0,-3488.0
120,1073.1440015161472,-3487.4534399941213
121,884.0,-3367.0
122,870.9912132326467,-3358.582826655567
123,816.0,-3323.0
124,679.1248254027458,-3235.378246042889
125,544.0,-3150.0
126,485.33062478451217,-3113.4407089895612
127,405.0,-3065.0
128,316.3875282861473,-3014.964173954891
129,204.0,-2954.0
130,152.87136768284375,-2926.2459376534653
131,73.0,-2885.0
132,-161.0,-2772.0
133,-162.03903326912229,-2771.513227416438
134,-300.3726739832026,-2722.92164943249
135,-310.0,-2721.0
136,-410.14126244981566,-2700.0912487448463
137,-493.0,-2687.0
138,-674.9666050056867,-2682.1155084243856
139,-899.5521623267407,-2724.1786580265816
140,-1169.1749651729672,-2825.896328563596
141,-1252.0,-2866.0
142,-1384.7890039092122,-2941.05080393182
143,-1509.0,-3013.0
144,-1555.16998724751,-3035.0111013200267
145,-1654.8918921200166,-3066.492076889288
146,-1675.0,-3071.0
147,-1771.7149909595803,-3088.643102986582
148,-1821.0,-3094.0
149,-1920.7852605543742,-3095.173413359767
150,-1955.0,-3093.0
151,-2073.0,-3073.0
152,-2146.547798340344,-3048.664335738303
153,-2230.0,-3015.0
154,-2275.3260200154446,-2993.798472932105
155,-2354.08799151795,-2945.276456123167
156,-2388.0,-2922.0
157,-2429.386272980378,-2893.0832107252763
158,-2501.0,-2841.0
159,-2568.0,-2787.0
160,-2594.7702427733498,-2764.250490276343
161,-2719.4309357918128,-2655.9621516497255
162,-2773.0,-2611.0
163,-2870.5422982219534,-2542.14281651477
164,-2951.0,-2512.0
165,-3009.463266022519,-2490.8967985009003
166,-3086.0,-2466.0
167,-3219.99724361327,-2441.7291128366446
168,-3237.0,-2441.0
169,-3442.0,-2447.0
170,-3496.0330687597207,-2451.199586701606
171,-3546.0,-2466.0
172,-3546.9435915778317,-2466.2840595607877
173,-3727.4279571535963,-2520.373580946726
174,-3809.0,-2551.0
175,-3884.6640040692864,-2586.0388794745295
176,-4058.0,-2695.0
177,-4108.032032300259,-2733.3017036042074
178,-4148.391397342738,-2771.494538468853
179,-4171.0,-2795.0
180,-4196.598119728547,-2822.715599837897
181,-4236.0,-2869.0
182,-4285.0,-2937.0
183,-4296.265444032945,-2953.8296092148903
184,-4340.0,-3031.0
185,-4380.175120223684,-3144.899305120908
186,-4412.0,-3261.0
187,-4415.766844551088,-3275.9416091223175
188,-4421.0802167095635,-3309.793611504583
189,-4419.0,-3352.0
190,-4413.647824249844,-3457.5118988397944
191,-4412.0,-3478.0
192,-4400.443223623332,-3544.0686035550616
193,-4388.0,-3580.0
194,-4380.817080043259,-3600.867296944143
195,-4365.0,-3635.0
196,-4317.503061829066,-3709.44607875346
197,-4298.0,-3737.0
198,-4270.932870171279,-3771.1512218531548
199,-4238.428018281964,-3794.005165026518
200,-4213.0,-3807.0
201,-4190.584399768397,-3818.9023490738336
202,-4139.0,-3844.0
203,-4137.950280351155,-3844.4257479478792
204,-4033.0,-3874.0
205,-3999.7912098983224,-3879.36796836676
206,-3960.0,-3884.0
207,-3891.0,-3889.0
208,-3827.508326248219,-3891.7843847824747
209,-3820.0,-3892.0
210,-3741.0,-3893.0
211,-3721.7292130105434,-3893.180785720955
212,-3604.1318960671206,-3894.8033761410406
213,-3595.0,-3895.0
214,-3554.0,-3896.0
215,-3449.0,-3899.0
216,-3438.841287624023,-3899.369610197403
217,-3273.0,-3912.0
218,-3211.0809799039594,-3919.317318762647
219,-3087.0,-3935.0
220,-3055.678177580355,-3939.141928757725
221,-2966.075353750936,-3953.604668534493
222,-2945.0,-3957.0
223,-2872.193657028434,-3967.9717216934664
224,-2799.0,-3980.0
225,-2620.136294652742,-4012.7744013711654
226,-2572.0,-4022.0
227,-2453.493927888752,-4047.8811886779567
228,-2417.0,-4056.0
229,-2281.6535852376896,-4085.325118750091
230,-2136.0,-4114.0
231,-2020.0923611841974,-4130.999773821151
232,-1905.658221074869,-4137.885571497373
233,-1857.0,-4140.0
234,-1778.309859755898,-4143.227123356744
235,-1655.0,-4143.0
236,-1485.9033235920342,-4137.680418049834
237,-1390.0,-4134.0
238,-1299.651757764766,-4129.9356008770665
239,-1211.0,-4125.0
240,-1015.0,-4115.0
241,-980.6409381664871,-4113.569756775088
242,-913.0,-4111.0
243,-792.2169886700215,-4107.157002837798
244,-705.0,-4105.0
245,-592.1595183808249,-4102.555638986568
246,-409.0,-4099.0
247,-260.30987389051927,-4096.880284449273
248,-180.12840339814142,-4096.229245567264
249,-156.0,-4096.0
250,4.669662257839255,-4094.196705490816
251,18.0,-4094.0
252,124.35414237633468,-4092.0731538844966
253,194.0,-4091.0
254,339.5820813636024,-4089.397212056501
255,468.0,-4088.0
256,501.2308288585142,-4087.517740312324
257,590.8373199044094,-4087.0385495449787
258,631.0,-4089.0
259,881.3196356041794,-4106.727290814062
260,938.0,-4112.0
261,1036.7062730044931,-4124.770749027097
262,1147.0,-4152.0
263,1162.716454808709,-4156.1141611810135
264,1276.0,-4187.0
265,1515.8570109179477,-4267.024950333788
266,1530.0,-4272.0
267,1688.0,-4328.0
268,1704.5937103380795,-4333.932033896248
269,1830.4826547271,-4378.91549821767
270,1845.0,-4384.0
271,2008.1206197475408,-4439.105493004213
272,2038.0,-4449.0
273,2182.0,-4496.0
274,2232.393657860375,-4511.743675221485
275,2375.0,-4555.0
276,2451.4039232147757,-4578.537005947251
277,2504.0,-4594.0
278,2671.1110339524785,-4639.731102757782
279,2783.0,-4669.0
280,2910.432015351808,-4699.829002992061
281,3018.0,-4720.0
282,3047.650261830999,-4725.227059899474
283,3239.0,-4756.0
284,3334.1768468226946,-4767.967187089118
285,3393.0,-4774.0
286,3672.472234764193,-4791.640522682118
287,3706.0,-4793.0
288,3829.2619507780096,-4794.918134995459
289,3880.0,-4794.0
290,4125.499959065459,-4784.936500580014
291,4143.0,-4784.0
292,4343.0,-4770.0
293,4414.075935879964,-4763.395987193736
294,4519.0,-4752.0
295,4625.388629793401,-4738.445351494531
296,4800.611231228664,-4711.6902678278275
297,5009.705920715477,-4671.705206210112
298,5181.0,-4631.0
299,5182.724722366124,-4630.552925821299
300,5321.224670484621,-4592.31360696155
301,5353.0,-4583.0
302,5558.0,-4519.0
303,5559.657110185073,-4518.461736040477
304,5762.0,-4451.0
305,5763.945325001577,-4450.345441997143
306,5936.36475206534,-4392.278647485021
307,6035.0,-4359.0
308,6118.76121649749,-4330.6705268722835
309,6248.366165404373,-4286.570906426307
310,6291.0,-4272.0
311,6409.67282092196,-4231.351926327968
312,6514.0,-4196.0
313,6550.568663147506,-4183.781558915993
314,6652.0,-4150.0
315,6760.244656112707,-4113.055256646232
316,6859.0,-4079.0
317,6981.191310138205,-4036.6217508450136
318,7048.0,-4012.0
319,7303.0,-3915.0
320,7331.143375530695,-3904.2018626790496
321,7500.906922729877,-3837.321691168484
322,7624.0,-3783.0
323,7712.473829034769,-3744.1500933127068
324,7874.0,-3673.0
325,7927.061188414083,-3649.2906526908755
326,8074.0,-3581.0
327,8118.992443366161,-3559.9141025120725
328,8306.0,-3472.0
329,8352.54570066071,-3449.830648056268
330,8454.0,-3401.0
331,8502.238430973222,-3377.6503087411115
332,8635.0,-3313.0
333,8701.632603098904,-3280.268516748415
334,8766.0,-3248.0
335,8863.860370104885,-3196.887851716925
336,8922.0,-3166.0
337,9052.776088189496,-3095.3751300651898
338,9083.0,-3078.0
339,9195.397285377798,-3011.020963179234
340,9278.0,-2961.0
341,9350.121286841357,-2917.451471750542
342,9390.0,-2886.0
343,9398.256328415317,-2879.3399789714945
344,9508.0,-2788.0
345,9516.799588760383,-2780.029252825955
346,9604.0,-2676.0
347,9604.135509024916,-2675.7968062309083
348,9623.494116126007,-2645.4372844912787
349,9639.952222168076,-2615.0390671799805
350,9646.0,-2602.0
351,9656.758464785138,-2576.3953325085204
352,9664.0,-2556.0
353,9674.0,-2515.0
354,9677.697610942856,-2485.1677108000276
355,9676.0,-2448.0
356,9675.91681980974,-2447.5384845744256
357,9652.0,-2386.0
358,9642.55719332476,-2369.1987311722887
359,9633.0,-2354.0
360,9616.302508539013,-2330.8203855245047
361,9605.0,-2317.0
362,9579.027893887265,-2289.109383252502
363,9576.0,-2286.0
364,9548.0,-2258.0
365,9528.880852398848,-2240.158696979315
366,9506.0,-2220.0
367,9453.532549347137,-2176.8614644157765
368,9445.0,-2170.0
369,9415.895303933912,-2146.696798027354
370,9392.0,-2127.0
371,9348.845782313023,-2089.316698996062
372,9334.0,-2077.0
373,9318.0,-2064.0
374,9208.0,-1942.0
375,9207.420701723799,-1941.2128904043543
376,9170.167703686575,-1882.4508301036544
377,9139.0,-1809.0
378,9135.177375626363,-1797.9434805643946
379,9124.370966918703,-1759.1012036583766
380,9118.541500777801,-1710.746648110498
381,9118.0,-1694.0
382,9118.346360452442,-1661.5016566837212
383,9120.0,-1641.0
384,9126.114498560451,-1603.087273706957
385,9144.0,-1535.0
386,9146.30839290121,-1527.8888295779934
387,9170.245867446014,-1470.0252428394879
388,9198.0,-1424.0
389,9209.664106793009,-1407.6139980004787
390,9260.0,-1346.0
391,9268.087209322159,-1336.923559092873
392,9299.0,-1311.0
393,9306.875858376357,-1305.6139388123024
394,9370.4739025584,-1265.1639901074793
395,9391.0,-1254.0
396,9427.743054820186,-1238.0839723014947
397,9462.0,-1228.0
398,9479.835146318852,-1223.6898578989621
399,9534.417614711612,-1212.9107987283855
400,9580.0,-1207.0
401,9662.630214834222,-1202.5727927607998
402,9728.0,-1202.0
403,9734.653180990312,-1202.0121475329215
404,9829.30973560902,-1201.4009225757445
405,9838.0,-1201.0
406,9931.34656341533,-1195.634610459517
407,9991.0,-1191.0
408,10046.606587440856,-1183.8465360592895
409,10091.337030968461,-1166.6472507274202
410,10112.0,-1157.0
411,10200.705276801518,-1113.295657593179
412,10237.0,-1093.0
413,10293.991573253616,-1053.3517689236476
414,10347.0,-1000.0
415,10358.750033374281,-986.4016526105645
416,10397.0,-939.0
417,10412.476327285327,-919.0113684548321
418,10448.81667094794,-867.7862951590215
419,10463.0,-844.0
420,10489.973911271483,-793.7356848908789
421,10508.0,-758.0
422,10530.310177041587,-709.8660724635608
423,10537.457985127468,-686.2306211932015
424,10543.0,-666.0
425,10558.0,-606.0
426,10558.052685979797,-605.7239782062627
427,10565.0,-554.0
428,10565.057600260556,-553.5094078795146
429,10565.0,-504.0
430,10560.573998097727,-491.5063467830663
431,10537.0,-448.0
432,10527.356088398881,-434.2937591701206
433,10506.164471707194,-416.4784963014829
434,10466.0,-402.0
435,10465.53944304263,-401.79173540419094
436,10436.0,-387.0
437,10426.429747971357,-381.02205373057865
438,10390.12787971829,-345.13247859488763
439,10388.0,-341.0
440,10379.448346457988,-306.6503918199196
441,10379.0,-302.0
442,10381.0,-248.0
443,10383.489797542203,-231.2465455592816
444,10395.0,-178.0
445,10395.057849994964,-177.75209027618075
446,10404.0,-141.0
447,10415.150081444805,-97.90231447541325
448,10432.0,-34.0
449,10442.15595032787,3.8605348503705326
450,10452.0,37.0
451,10464.714950307465,79.35702229368329
452,10469.0,93.0
453,10491.0,155.0
454,10517.779007640094,227.11701131603488
455,10536.0,277.0
456,10549.51728916409,319.7500167191104
457,10553.0,336.0
458,10559.0,373.0
459,10557.538842757473,409.4212035712287
460,10544.0,461.0
461,10517.357636737497,500.718291071342
462,10496.0,520.0
463,10470.0,540.0
464,10469.655070278955,540.2435471676116
465,10449.0,554.0
466,10413.11065636129,574.4691803609212
467,10399.0,581.0
468,10322.266001393227,611.7804102431876
469,10300.0,620.0
470,10255.984777147733,632.5388510655289
471,10249.0,634.0
472,10220.661073620446,639.7894457289065
473,10181.0,647.0
474,10174.395773478655,648.0428112534433
475,10131.0,654.0
476,10097.892267888306,657.7663186083632
477,10062.0,661.0
478,10037.132772083703,662.7591624792306
479,9977.0,666.0
480,9952.21097307183,667.0115719966781
481,9859.039679641864,669.7072774550743
482,9851.0,670.0
483,9825.0,671.0
484,9741.893051231313,673.2890889537387
485,9674.0,675.0
486,9644.707815248708,675.7994759928596
487,9510.112392154067,679.6826256725201
488,9466.0,681.0
489,9366.061726208385,684.1377142308874
490,9275.0,687.0
491,9251.879922494005,687.6752100298461
492,9206.0,689.0
493,9134.522058842944,691.1276707192931
494,9043.0,694.0
495,9020.828351398177,694.731316308277
496,8922.0,698.0
497,8751.023411361348,703.2664498481386
498,8695.0,705.0
499,8577.649955145029,708.942431516747
500,8513.0,711.0
501,8406.0,714.0
502,8351.161848240856,715.2832225835127
503,8270.0,717.0
504,8185.370029206119,718.8812253071562
505,8090.0,721.0
506,7948.0,724.0
507,7833.289736197379,726.6175222247593
508,7644.0,731.0
509,7514.0753637086855,733.666956734543
510,7437.0,735.0
511,7287.0,738.0
512,7283.871999577778,738.066319980787
513,7013.0,744.0
514,6906.279842762355,746.3604994951065
515,6704.0,751.0
516,6673.232662587818,751.7918918959267
517,6543.386221533243,755.1523457082792
518,6500.0,756.0
519,6389.0,758.0
520,6252.545369783227,760.8629292847669
521,6165.0,763.0
522,6095.975939269886,764.7607243797227
523,5939.0,769.0
524,5861.240091656914,771.3056425995853
525,5776.0,774.0
526,5628.0,779.0
527,5604.689773232859,779.8364665132397
528,5400.556003757329,787.3055013823686
529,5381.0,788.0
530,5238.668144609904,792.4750621913595
531,5198.0,794.0
532,5048.0,800.0
533,4897.0,805.0
534,4876.964351707687,805.6666943620843
535,4630.2231098964085,814.2388626400956
536,4523.0,818.0
537,4440.1653450270405,820.884038303939
538,4319.836400452486,825.0379047237312
539,4265.0,827.0
540,4196.201593220308,829.4921456381447
541,4126.0,832.0
542,3997.0682324852737,836.3301064616597
543,3918.0,839.0
544,3695.1337500275067,846.7468269307204
545,3603.0,850.0
546,3507.3422967042193,853.4930793839806
547,3409.0,857.0
548,3364.4437203529183,858.5332025695669
549,3090.0,868.0
550,3014.538715997629,870.8086332551545
551,2865.0,877.0
552,2833.8236439825428,878.0962486631108
553,2686.0,883.0
554,2601.689975488162,885.7815445170203
555,2344.0071795834892,894.3824500914958
556,2326.0,895.0
557,2120.4262132389267,902.3110331950395
558,2000.0,906.0
559,1836.0,910.0
560,1811.0893166375495,910.5518202648921
561,1544.0,916.0
562,1384.6438842181988,918.7724815526877
563,1123.0,923.0
564,1099.378295223071,923.4354377260534
565,817.4522189429771,929.2780812020528
566,735.0,931.0
567,655.7368753208168,932.440708131291
568,625.0,933.0
569,512.0082340972817,935.1473769332255
570,347.6152540263342,938.2963336824415
571,310.0,939.0
572,142.0,942.0
573,123.00126395065668,942.3071734300472
574,-21.17933811375726,944.5970562434977
575,-43.0,945.0
576,-341.0,951.0
577,-408.3313825505823,952.2606160688563
578,-603.0,956.0
579,-637.4405184094214,957.0843156984413
580,-814.0,964.0
581,-873.1849010089772,967.2232923070205
582,-1001.0,976.0
583,-1170.8373206953188,990.7153694010437
584,-1264.0,1000.0
585,-1321.096551818638,1006.0767338251962
586,-1431.0,1018.0
587,-1572.0,1032.0
588,-1572.8409289815547,1032.082397434743
589,-1684.0,1043.0
590,-1699.793121039335,1044.542105665355
591,-1842.0,1058.0
592,-1842.7298273829654,1058.0651557782357
593,-2068.6747043789933,1076.3428459098043
594,-2078.0,1077.0
595,-2147.188185417376,1080.2131010814405
596,-2167.0,1080.0
597,-2209.7432504037806,1078.7587816994237
598,-2316.0,1073.0
599,-2324.3999436428185,1072.3092560784155
600,-2429.9078419894045,1055.0018906986436
601,-2434.0,1054.0
602,-2472.199908479493,1043.6717918658173
603,-2508.0,1030.0
604,-2519.6195403294405,1024.09196384124
605,-2555.6467103863934,1000.2681402472026
606,-2582.332534596985,976.1412386961481
607,-2609.3088381549874,942.758205196752
608,-2627.0,908.0
609,-2627.2012840046937,907.4562838002872
610,-2636.9813155033266,853.6365861014353
611,-2637.0,850.0
612,-2636.0,828.0
613,-2635.3802056699046,819.631631021342
614,-2628.0,774.0
615,-2615.0901059264256,737.9903147520946
616,-2612.0,731.0
617,-2600.7973428379973,708.4100137353423
618,-2595.0,698.0
619,-2584.0,680.0
620,-2579.226801278162,672.6840131844023
621,-2550.777722307715,636.0128044894349
622,-2547.0,632.0
623,-2484.4167972639875,573.307514380002
624,-2465.0,556.0
625,-2443.2958799978464,536.972158140911
626,-2412.8885421349555,515.0833186337713
627,-2395.0,504.0
628,-2316.0014228775017,457.33363754485623
629,-2294.0,445.0
630,-2268.1527283293976,431.7187984555968
631,-2238.0,417.0
632,-2214.7032741874045,403.3465273388413
633,-2155.557612389199,366.2527255714171
634,-2133.0,352.0
635,-2048.0,298.0
636,-1998.6690818896773,265.9435962996288
637,-1983.0,256.0
638,-1899.3283596778779,206.19463225704206
639,-1883.0,197.0
640,-1831.3159790560885,169.1605542386604
641,-1802.0,156.0
642,-1633.1784669621081,103.76619943967323
643,-1598.0,96.0
644,-1545.7663558590452,87.3990947038734
645,-1425.0,91.0
646,-1404.173463240615,94.20258476504304
647,-1341.0,106.0
648,-1260.6787140337751,123.5580075610214
649,-1186.0,150.0
650,-967.1383730219263,246.17438296182473
651,-872.0,290.0
652,-838.3684069573493,305.71128569891425
653,-790.0,330.0
654,-687.0077929848298,379.5096255213397
655,-550.0,445.0
656,-549.3032685951736,445.3336395894859
657,-423.92578334021766,504.2170294009444
658,-363.0,526.0
659,-307.49005723982935,543.734368478462
660,-204.0,573.0
661,-112.1444894966661,591.9485323119684
662,-64.0,600.0
663,16.44804441419001,612.1019556034895
664,62.0,617.0
665,290.1523876868329,630.3337683366349
666,306.0,631.0
667,511.9917429100986,628.98005460604
668,522.0,628.0
669,723.0,600.0
670,796.7676820260702,584.2103024696042
671,838.0,574.0
672,940.0288233824613,545.0381343346813
673,982.0,532.0
674,1056.05254116007,507.766138833262
675,1097.0,494.0
676,1169.5035469988015,469.3145909657504
677,1223.0,450.0
678,1359.948512042776,392.73137558400265
679,1389.0,379.0
680,1564.754578893802,288.81531094090343
681,1634.0,252.0
682,1689.8938138197755,221.93032515338098
1,1942.8506225370002,62.01111005502797
2,2054.0,-8.0
3,2288.0,-155.0
4,2405.65280023917,-229.1018413633645
5,2487.6059937539585,-281.06554411521324
6,2497.0,-287.0
7,2594.4776072542845,-348.4488370754419
8,2637.0,-375.0
9,2666.0,-393.0
10,2766.888523743617,-456.0690610178865
11,2864.0,-517.0
12,2936.5024960347987,-562.2675337115865
13,2978.0,-588.0
14,3080.416049521153,-650.7799794879292
15,3210.0,-729.0
16,3327.0,-799.0
17,3372.294224773613,-826.3207353028648
18,3415.0,-852.0
19,3671.0,-1001.0
20,3700.8759582536118,-1018.085355447041
21,3821.0,-1085.0
22,4067.0,-1213.0
23,4097.953011814276,-1229.0121312930205
24,4219.0,-1292.0
25,4298.380286986385,-1333.1593353113017
26,4410.0,-1391.0
27,4436.135451834379,-1404.5726832313953
28,4504.0,-1440.0
29,4590.827898066122,-1486.23720638338
30,4667.608558804941,-1528.7586827748855
31,4675.0,-1533.0
32,4725.0,-1563.0
33,4773.199436498621,-1595.3283978992642
34,4852.0,-1653.0
35,4859.321040456744,-1658.6995670757224
36,4905.824482808417,-1700.8022031054202
37,4909.0,-1704.0
38,4974.0,-1786.0
39,4997.470928299253,-1844.6495151316988
40,5013.0,-1901.0
41,5017.879421677912,-1932.9997726396111
42,5007.098636485734,-1993.0019934018842
43,4998.0,-2017.0
44,4981.5823901682725,-2056.16281187872
45,4960.0,-2092.0
46,4933.692810492543,-2126.8795144133237
47,4895.0,-2173.0
48,4867.302604107101,-2203.5696417005042
49,4814.0,-2257.0
50,4807.17751732142,-2263.6829521899926
51,4765.616533338526,-2303.775402151332
52,4755.0,-2314.0
53,4696.192915065291,-2370.908305920803
54,4692.0,-2375.0
55,4658.582050833994,-2408.2121971188385
56,4654.0,-2413.0
57,4582.0,-2495.0
58,4581.512625075816,-2495.6022823271173
59,4548.387493893942,-2539.4910513103296
60,4520.0,-2584.0
61,4512.042641181618,-2597.555078296581
62,4486.0,-2645.0
63,4475.543426739872,-2665.787534121483
64,4452.250372794777,-2720.359402579444
65,4442.0,-2755.0
66,4422.925546613977,-2845.4293539141895
67,4418.0,-2875.0
68,4412.19680187388,-2926.4548383088345
69,4414.0,-3015.0
70,4414.15775361826,-3053.5956926445206
71,4413.0,-3137.0
72,4389.0,-3335.0
73,4360.0,-3448.0
74,4233.663994541986,-3686.7603758661107
75,4130.086934493409,-3828.7247477956744
76,4077.0,-3884.0
77,3962.659568799998,-3970.1375270481253
78,3914.0,-4001.0
79,3898.0263538012537,-4010.9397545126903
80,3779.0,-4075.0
81,3670.8482261167073,-4122.711526348236
82,3563.0,-4167.0
83,3484.309069535383,-4195.097227969444
84,3398.0,-4218.0
85,3377.158099302043,-4222.994641446481
86,3289.145593742695,-4242.362252202529
87,3254.0,-4249.0
88,3103.411099380664,-4270.707859497943
89,3090.0,-4272.0
90,2979.1787752626387,-4279.267822045874
91,2937.0,-4281.0
92,2793.975104791913,-4279.944928468769
93,2738.0,-4275.0
94,2537.0,-4250.0
95,2469.319286551383,-4238.288250342969
96,2341.7677603414713,-4204.67520846225
97,2241.0,-4168.0
98,2173.2805518110226,-4142.673367275942
99,2129.0,-4123.0
100,2034.3006810433967,-4077.503187292955
101,1951.0,-4035.0
102,1924.6059602798996,-4020.818340211153
103,1824.6800009111246,-3962.6345689607842
104,1791.0,-3942.0
105,1567.0,-3802.0
106,1483.128648894785,-3749.4448941207093
107,1355.0,-3668.0
108,1296.2160673819415,-3630.2957418642295
109,1168.0,-3548.0
110,969.8948417005738,-3420.725745162995
111,872.0,-3358.0
112,746.8528229652442,-3278.4322358535296
113,675.0,-3233.0
114,586.1520263571578,-3176.903295357548
115,468.0,-3103.0
116,377.32149648808866,-3048.3577471387016
117,299.0,-3005.0
118,176.5383624757745,-2939.7709935297626
119,67.0,-2882.0
120,20.15956079790172,-2857.211545007765
121,-63.0,-2816.0
122,-111.36969259780749,-2794.979114096324
123,-237.74316377768724,-2743.8322133558963
124,-299.0,-2724.0
125,-392.6682739351552,-2701.8543008727365
126,-481.0,-2689.0
127,-514.211853546785,-2685.663644289699
128,-637.0,-2680.0
129,-774.0,-2687.0
130,-790.137475580958,-2688.890212535137
131,-860.0,-2700.0
132,-987.4363002326718,-2733.735544316437
133,-1039.0,-2753.0
134,-1144.019870586697,-2803.51526172008
135,-1181.0,-2824.0
136,-1331.0,-2915.0
137,-1343.6073279156742,-2922.5690390686086
138,-1446.7189347536837,-2981.546912909956
139,-1455.0,-2986.0
140,-1541.0,-3026.0
141,-1704.3315197353822,-3076.9504185238266
142,-1716.0,-3080.0
143,-1786.1034536367097,-3093.724149230253
144,-1844.0,-3095.0
145,-1884.37970770104,-3094.8060633030072
146,-2036.7396987958184,-3080.175969234642
147,-2050.0,-3077.0
148,-2226.0,-3017.0
149,-2341.0,-2953.0
150,-2523.0,-2824.0
151,-2618.3547716091725,-2739.0605191438913
152,-2675.0,-2690.0
153,-2839.0,-2567.0
154,-2840.4881182530517,-2566.0420595291953
155,-2996.1356925805567,-2493.3041578964644
156,-3076.0,-2469.0
157,-3094.426821198887,-2463.5210174548347
158,-3262.3497656389227,-2438.684058459258
159,-3277.0,-2439.0
160,-3451.787381283941,-2449.6906082418495
161,-3467.0,-2451.0
162,-3596.712097552037,-2476.335518150361
163,-3629.0,-2488.0
164,-3815.4800203153313,-2558.8166363296655
165,-3885.0,-2587.0
166,-3941.855376579052,-2613.583626724281
167,-3984.325057337255,-2642.3710402648007
168,-3991.0,-2647.0
169,-4068.0,-2702.0
170,-4078.7048625203147,-2710.2825027699123
171,-4160.2759478622165,-2783.458712957559
172,-4183.0,-2808.0
173,-4225.159097105474,-2858.2039777269392
174,-4291.0,-2946.0
175,-4330.881019741291,-3007.26241881501
176,-4360.0,-3075.0
177,-4360.4961423518935,-3076.360458817716
178,-4403.0,-3215.0
179,-4405.626243053487,-3226.6244588055365
180,-4419.0,-3368.0
181,-4419.012792156405,-3368.616484487786
182,-4418.563047318877,-3422.5272727765127
183,-4414.0,-3461.0
184,-4400.0,-3536.0
185,-4395.398611701276,-3557.8024530705316
186,-4356.0,-3653.0
187,-4349.168565213526,-3663.7708474055444
188,-4308.0,-3724.0
189,-4286.216103659299,-3752.2853148857484
190,-4244.0,-3786.0
191,-4222.759702447664,-3800.275917280647
192,-4161.0,-3835.0
193,-4034.0747871347567,-3872.4710785952925
194,-4006.0,-3878.0
195,-3941.8167785427095,-3886.9992093216724
196,-3822.0,-3892.0
197,-3797.9797477748807,-3892.5468227426863
198,-3736.765946836757,-3893.4953392710913
199,-3689.0,-3894.0
200,-3636.09545705235,-3894.430044877335
201,-3538.0,-3896.0
202,-3514.2169122734117,-3896.7101467147886
203,-3410.0,-3901.0
204,-3324.0,-3907.0
205,-3279.686281391,-3911.2816306008895
206,-3211.0,-3919.0
207,-3163.3294977069277,-3925.0757304554463
208,-3113.0,-3932.0
209,-2963.0,-3954.0
210,-2962.3341014686475,-3954.100411252443
211,-2861.8899543752586,-3969.8091779651404
212,-2767.0,-3986.0
213,-2754.565922227872,-3988.1380137638553
214,-2654.0,-4006.0
215,-2599.3790633678777,-4016.8291651520994
216,-2551.0,-4027.0
217,-2416.4408926062883,-4057.5407471531908
218,-2328.0,-4076.0
219,-2252.149300583181,-4091.1782352082782
220,-2098.0,-4120.0
221,-2049.3352271020867,-4127.847455117232
222,-1842.4353566552684,-4143.226516573392
223,-1773.0,-4143.0
224,-1757.940968424019,-4143.031591079703
225,-1690.6489067483863,-4143.212596781338
226,-1671.0,-4143.0
227,-1524.0716608459327,-4139.988462812847
228,-1495.0,-4139.0
229,-1332.0,-4131.0
230,-1279.5816348811506,-4128.429716712251
231,-1091.0,-4119.0
232,-1070.8134071705706,-4117.600215680781
233,-1061.0,-4117.0
234,-882.1043467047816,-4110.497059179013
235,-799.0,-4108.0
236,-689.887586175627,-4104.845355791129
237,-615.0,-4103.0
238,-490.0,-4101.0
239,-488.53969325321725,-4100.981049779791
240,-329.30757831281954,-4099.099008992959
241,-256.0,-4098.0
242,-118.3331805869463,-4095.3215431429658
243,-98.0,-4095.0
244,124.0,-4092.0
245,207.68190147784554,-4090.919999107188
246,255.8859936936965,-4090.3329938755287
247,284.0,-4090.0
248,494.6004192834555,-4088.0206825788214
249,510.0,-4088.0
250,631.5910201982539,-4089.3035841755054
251,671.0,-4091.0
252,945.0,-4112.0
253,1047.2465575090737,-4124.275532737005
254,1117.7915554851402,-4143.52501369261
255,1152.0,-4153.0
256,1264.199715818463,-4183.734197014794
257,1296.0,-4193.0
258,1458.0724434165154,-4246.207500895577
259,1517.0,-4267.0
260,1642.0,-4312.0
261,1831.491636295325,-4378.921670203907
262,1909.0,-4406.0
263,1989.4302329875468,-4433.372150528239
264,2047.0,-4452.0
265,2048.1175481248274,-4452.3675197302955
266,2222.0,-4509.0
267,2561.0,-4610.0
268,2655.1697774494833,-4636.827909203649
269,2761.699660304869,-4664.041761401414
270,2774.0,-4667.0
271,2907.0,-4698.0
272,2955.3874393416427,-4708.7779659528405
273,3143.0,-4742.0
274,3231.9952670429466,-4753.73841639913
275,3435.0,-4778.0
276,3514.84641369613,-4786.602631890549
277,3580.105636343167,-4788.670401343762
278,3591.0,-4789.0
279,3765.0,-4794.0
280,3923.0,-4793.0
281,3959.9171516711617,-4792.179676388914
282,4099.0,-4787.0
283,4304.767841772024,-4773.075568272253
284,4342.0,-4770.0
285,4452.864797165159,-4759.6639313585765
286,4588.0,-4744.0
287,4732.764777411707,-4723.510226757049
288,4834.0,-4707.0
289,4867.872549379261,-4700.997736223748
290,5000.864537819716,-4673.879404374193
291,5043.0,-4664.0
292,5250.0,-4612.0
293,5325.239321613444,-4591.954978835828
294,5439.0,-4557.0
295,5479.313335631106,-4544.04850890365
296,5762.0,-4451.0
297,5764.1180286208055,-4450.285458394712
298,5982.868676394897,-4375.806524301211
299,6000.0,-4370.0
300,6134.392351625171,-4325.173304154273
301,6239.0,-4290.0
302,6271.165339664887,-4278.923364537507
303,6375.0,-4243.0
304,6513.481604156295,-4195.835119073139
305,6735.0,-4121.0
306,6861.103176910485,-4077.7969170993633
307,6872.0,-4074.0
308,6982.528874922484,-4035.313070153321
309,7128.0,-3983.0
310,7165.035868571425,-3969.2009127104666
311,7382.0,-3884.0
312,7433.0,-3863.0
313,7603.742281997769,-3790.8126874221357
314,7766.0,-3721.0
315,7829.555163519572,-3693.3571256569962
316,8064.0,-3586.0
317,8112.84976610028,-3563.078265662723
318,8344.0,-3454.0
319,8552.65065717908,-3353.4171630477126
320,8656.0,-3303.0
321,8657.735572906471,-3302.1565553700284
322,8812.112991286083,-3226.2909437001103
323,8911.0,-3173.0
324,9141.0,-3045.0
325,9234.227588495341,-2990.7620299566865
326,9291.534450796527,-2953.3897519448074
327,9326.0,-2930.0
328,9421.551452494692,-2863.186199074901
329,9456.0,-2834.0
330,9543.0,-2751.0
331,9555.906806377905,-2738.1520818934373
332,9571.46082611958,-2719.5724905979487
333,9579.0,-2709.0
334,9608.681657946594,-2667.1502253341287
335,9629.0,-2636.0
336,9643.816219140603,-2608.7747820894374
337,9656.0,-2581.0
338,9667.364618509284,-2551.7706486490188
339,9676.0,-2503.0
340,9673.0,-2431.0
341,9670.539092963969,-2415.3516548528046
342,9655.142247520966,-2375.2179083813835
343,9623.0,-2339.0
344,9611.980817118929,-2326.631956900297
345,9572.758094540108,-2282.8818819009243
346,9548.0,-2257.0
347,9544.425262927336,-2253.469490747663
348,9516.320259352551,-2228.544592371219
349,9490.0,-2207.0
350,9481.416237859541,-2199.8936964427394
351,9455.0,-2178.0
352,9409.551930057443,-2140.971299028663
353,9396.0,-2130.0
354,9371.31411798523,-2109.9982487084467
355,9357.0,-2098.0
356,9331.588174203609,-2075.535909115347
357,9277.0,-2023.0
358,9271.874929178291,-2017.8284162910722
359,9237.0,-1979.0
360,9179.767063140847,-1893.2356240282652
361,9160.0,-1860.0
362,9133.479780620853,-1791.3564634173867
363,9131.0,-1778.0
364,9125.728779717978,-1749.5538024178502
365,9121.0,-1721.0
366,9117.021850983936,-1684.1626453076321
367,9121.0,-1640.0
368,9134.884179595085,-1568.7652253299773
369,9139.0,-1550.0
370,9150.695024015116,-1509.6457825396678
371,9160.0,-1494.0
372,9172.175356833572,-1470.4172337570128
373,9192.0,-1433.0
374,9200.93487441784,-1418.1422635620465
375,9229.0,-1380.0
376,9233.368189001505,-1374.9101876815057
377,9268.0,-1338.0
378,9283.619900931255,-1322.7547245794995
379,9312.0,-1300.0
380,9405.409963653605,-1247.790618476769
381,9412.0,-1245.0
382,9482.852368024549,-1222.901726479501
383,9536.562849356405,-1212.6879503712369
384,9551.0,-1210.0
385,9589.410452729195,-1204.1971391199172
386,9647.0,-1203.0
387,9778.0,-1202.0
388,9779.1676088213,-1201.9995867462965
389,9852.608997946169,-1202.172503091095
390,9867.0,-1200.0
391,9918.172505630891,-1189.6790700329793
392,10150.252817107505,-1128.4605825664748
393,10228.0,-1098.0
394,10259.484124005714,-1080.7220666905982
395,10315.0,-1032.0
396,10315.538141071676,-1031.4575299523258
397,10386.0,-954.0
398,10407.932661156006,-925.8575557702106
399,10449.0,-866.0
400,10453.544886126332,-858.903961568469
401,10500.0,-776.0
402,10510.24804941949,-753.3349027976262
403,10525.0,-718.0
404,10543.0,-669.0
405,10543.172314556286,-668.4433517642633
406,10558.0,-609.0
407,10560.203703663836,-596.465692972195
408,10565.0,-556.0
409,10566.435085957595,-527.1098884381938
410,10564.0,-496.0
411,10549.210998183815,-460.6336129006147
412,10534.0,-443.0
413,10499.0,-418.0
414,10424.0,-378.0
415,10406.0,-364.0
416,10382.0,-323.0
417,10380.571305429168,-262.81815491914665
418,10390.0,-195.0
419,10403.063705164457,-137.08240064973648
420,10409.0,-117.0
421,10416.184925020058,-93.24176613011302
422,10420.0,-80.0
423,10425.746950392058,-57.71336452570536
424,10436.0,-20.0
425,10457.687630251528,51.444181215753886
426,10489.627636964244,152.66918736799582
427,10492.0,160.0
428,10501.56839702091,187.53369419151608
429,10507.452612273162,199.97067010404774
430,10509.0,204.0
431,10535.612824663174,277.3504571188309
432,10546.0,309.0
433,10560.627709159688,380.8297957084166
434,10559.0,410.0
435,10553.368039843575,438.4398574661999
436,10534.0,479.0
437,10520.559846231363,496.5189046075033
438,10512.0,506.0
439,10486.0,529.0
440,10482.229412780609,531.8078837899176
441,10451.0,552.0
442,10446.971695950784,554.4882700903923
443,10419.0,571.0
444,10418.626607701364,571.2008490401065
445,10384.0,588.0
446,10379.837761692186,589.8709127736986
447,10314.7106000464,614.4372877186586
448,10303.0,618.0
449,10257.910358726998,630.8755784237554
450,10231.0,638.0
451,10200.871183009844,644.8530324519257
452,10167.982896404777,649.0562269606218
453,10154.0,651.0
454,10123.742718760139,655.4340397745252
455,10112.0,657.0
456,10032.16120589901,663.5859790560207
457,10024.0,664.0
458,9922.551452914722,668.0527232208714
459,9894.0,669.0
460,9847.996036005079,670.1716252542051
461,9800.0,671.0
462,9791.148552136974,671.2066954403144
463,9634.105682036956,675.5970892589578
464,9414.222022528573,682.4852764856382
465,9321.511488078568,685.4519610504765
466,9274.0,687.0
467,9250.684289602588,687.7799258977982
468,9184.0,690.0
469,9072.062730936865,693.5579065722524
470,8924.505657992158,698.2015235511974
471,8899.0,699.0
472,8772.771156593708,702.7605424530336
473,8764.0,703.0
474,8675.941295378027,705.362854409734
475,8584.0,708.0
476,8492.0,711.0
477,8476.124668158267,711.4724564521645
478,8278.236029730058,716.6893592089198
479,8266.0,717.0
480,8100.0,721.0
481,8025.593859904153,722.5157514138945
482,7903.0,725.0
483,7818.089935530949,726.8283802357254
484,7673.0,730.0
485,7593.865838220616,731.6836651370031
486,7472.001550777416,734.2166912192831
487,7438.0,735.0
488,7274.0,739.0
489,7208.241333640628,740.5675169389342
490,7092.0,743.0
491,7011.732034939827,744.5103668354534
492,6877.0,747.0
493,6709.852704771053,750.5614925099082
494,6601.788147586392,753.1936470323476
495,6565.0,754.0
496,6376.0,758.0
497,6335.420489201092,758.8398242350568
498,6227.3803135159205,760.9537711320585
499,6073.0,765.0
500,5831.0,772.0
501,5781.908747685994,773.5006524753587
502,5537.0,782.0
503,5487.783863417071,783.8394343747029
504,5354.442742902514,788.934850536277
505,5191.0,795.0
506,5132.374971300122,796.9683831633827
507,5008.0,801.0
508,4952.772898706067,803.0381917170253
509,4740.0,811.0
510,4630.354817358853,814.8095521799019
511,4418.0,822.0
512,4414.568866619594,822.1159459302513
513,4247.417732657493,827.7565031237499
514,4137.153704078717,831.6284560488646
515,4127.0,832.0
516,4036.696277049494,835.3901003278702
517,3937.0,839.0
518,3885.255194775016,840.753157633723
519,3728.0,846.0
520,3707.736216323449,846.717922877968
521,3536.0,853.0
522,3533.357713521226,853.0920165545798
523,3321.057433707664,859.981122213895
524,3290.0,861.0
525,3128.982685869836,866.588085097465
526,3007.0,871.0
527,2704.0,882.0
528,2555.89042239522,887.2402790994781
529,2451.9699097229272,890.716706091019
530,2352.6967343496267,894.0985497546031
531,2327.0,895.0
532,2129.0,902.0
533,2110.398660591044,902.6225512553164
534,1966.6619152308633,907.189333900439
535,1858.0,910.0
536,1747.068405704205,912.0770091934982
537,1622.0,914.0
538,1455.644830654832,916.9325490777418
539,1403.0,918.0
540,1220.0,922.0
541,1158.541442268233,923.0913487178431
542,998.1352037691584,925.6807412649596
543,982.0,926.0
544,854.0,929.0
545,836.7417306534625,929.3753106127225
546,578.0,934.0
547,575.4421085284897,934.0473716836868
548,264.0,940.0
549,196.87752215743276,941.2325616789971
550,90.91553604731679,942.9474312091598
551,-31.0,945.0
552,-115.7724343319362,946.7030216934958
553,-180.0,948.0
554,-533.0,955.0
555,-617.649323848255,956.6993194466052
556,-691.8967872878612,959.0330605902432
557,-715.0,960.0
558,-917.0,970.0
559,-939.6734178852784,971.4946899962085
560,-1172.7970530755056,991.5165026973198
561,-1188.0,993.0
562,-1411.0,1016.0
563,-1431.6412223248378,1018.1031749261019
564,-1601.0,1035.0
565,-1664.1999985222146,1041.4270305715363
566,-1751.0,1050.0
567,-1795.0,1054.0
568,-1837.5985984707393,1057.9393060777393
569,-1958.0,1069.0
570,-1959.1846857170199,1069.0964503078724
571,-2074.0,1077.0
572,-2075.110531128206,1077.0620287286818
573,-2159.6836387663725,1080.69302766841
574,-2187.0,1081.0
575,-2263.2459768891435,1077.8256956652338
576,-2306.0,1074.0
577,-2334.0,1071.0
578,-2348.2176871235924,1069.2460491180002
579,-2425.422649487195,1056.3269242553085
580,-2448.0,1051.0
581,-2490.0,1038.0
582,-2490.49459248521,1037.8110219047649
583,-2540.0,1013.0
584,-2552.767400673418,1004.2962454214189
585,-2578.0,984.0
586,-2587.987567037404,975.1036689328508
587,-2617.0,934.0
588,-2627.8895426723025,898.4371646452691
589,-2636.0,866.0
590,-2639.5555967513947,852.4485203217014
591,-2635.0,811.0
592,-2634.7641809756833,810.0099127194876
593,-2622.0,756.0
594,-2612.4884060668373,721.3388446625577
595,-2601.0,708.0
596,-2584.955103036487,682.5908680811941
597,-2570.0,660.0
598,-2555.9517260331904,642.1842686611302
599,-2546.0,631.0
600,-2526.9327293639976,610.8231690965735
601,-2520.0,604.0
602,-2486.0021256057107,573.386477207508
603,-2482.0,570.0
604,-2453.667949423829,547.3752717867643
605,-2429.0,529.0
606,-2390.1433244605273,501.08036930710693
607,-2364.0,484.0
608,-2310.4186148702843,453.60699293988387
609,-2292.0,444.0
610,-2230.62339757687,413.00110678175025
611,-2218.0,406.0
612,-2176.1805978516063,380.4346135423004
613,-2163.0,372.0
614,-2091.0,325.0
615,-2059.6452828456568,304.5343154021215
616,-2023.0,281.0
617,-1982.0210044849346,255.52587728482646
618,-1943.0,232.0
619,-1864.944968359703,186.94189195870916
620,-1813.0,161.0
621,-1735.8532844059946,130.14278334565438
622,-1707.0,121.0
623,-1624.0,101.0
624,-1589.8463165084502,94.73819614538021
625,-1536.0,88.0
626,-1458.2780231288634,88.51005348207694
627,-1357.0,103.0
628,-1205.0,143.0
629,-1203.285267561253,143.61988369587135
630,-997.7546336626997,231.86992855653807
631,-896.0,279.0
632,-732.0,357.0
633,-529.0,455.0
634,-418.569209153167,506.4539529000318
635,-352.80523005991233,529.8162533878518
636,-343.0,533.0
637,-224.0,568.0
638,-87.0,596.0
639,-85.07353901997736,596.3466602317337
640,97.0,620.0
641,281.00757325089063,629.2285516371793
642,345.0,632.0
643,444.417388140431,636.3760540289071
644,505.0,629.0
645,762.4281862923333,589.5048800690583
646,814.0,580.0
647,926.1036465076345,552.9114760567522
648,1034.0,515.0
649,1076.3880399747366,500.5877450981267
650,1165.0,470.0
651,1281.757343066294,425.5983409868186
652,1366.0,390.0
653,1483.6684615180227,334.9363558096231
654,1511.0,321.0
655,1637.0,251.0
656,1651.857192008306,242.380692676996
657,1780.9156179403892,164.89643102190274
1,2049.952059752563,-5.448517754370274
2,2195.0,-96.0
3,2210.3742410134246,-105.62032657226729
4,2311.088288553418,-169.34359615186642
5,2320.0,-175.0
6,2471.8040710189734,-271.09302673536206
7,2516.0,-299.0
8,2643.0,-379.0
9,2778.2197465527015,-463.75456813146815
10,2814.0,-486.0
11,3058.0,-637.0
12,3074.0947741647346,-646.9556510360735
13,3174.0,-708.0
14,3185.084452629483,-714.5879451027831
15,3380.0,-830.0
16,3455.1064518677485,-874.9949665544018
17,3527.0,-918.0
18,3631.5747473937668,-979.6130149385725
19,3706.0,-1022.0
20,3843.4382486362247,-1096.2808765826355
21,3858.0,-1104.0
22,3966.8338669609448,-1161.2346937295163
23,3997.0,-1177.0
24,4120.0,-1241.0
25,4238.456501723363,-1302.4913688469287
26,4251.0,-1309.0
27,4392.160756337148,-1382.229399407561
28,4461.0,-1418.0
29,4485.484426749008,-1430.7419596286275
30,4570.0,-1475.0
31,4590.739787012384,-1486.0363531941355
32,4680.0,-1536.0
33,4721.566218141525,-1561.5087389707935
34,4789.0,-1605.0
35,4872.003414905625,-1668.127174949002
36,4888.0,-1683.0
37,4916.5733009501655,-1710.8632728107773
38,4925.0,-1720.0
39,4952.0,-1754.0
40,4956.032523345374,-1759.5018225482756
41,4986.3860852400985,-1809.0976615406416
42,4991.0,-1821.0
43,5004.018476348498,-1868.9752477325542
44,5013.0,-1922.0
45,5014.662527915154,-1940.1352436492587
46,5010.021270724337,-1975.6793143070172
47,5002.0,-2000.0
48,4986.0,-2043.0
49,4985.649009663544,-2043.8030914588144
50,4945.8121225002,-2111.1499054934184
51,4943.0,-2115.0
52,4911.0,-2155.0
53,4881.165032178245,-2188.794286696756
54,4863.0,-2208.0
55,4789.821871568699,-2281.276343449887
56,4784.0,-2287.0
57,4731.912941182985,-2337.690615741569
58,4683.0,-2385.0
59,4682.780026627876,-2385.2143132047977
60,4621.669989043714,-2447.2195101294137
61,4599.0,-2474.0
62,4572.214807061454,-2507.5899242791975
63,4562.0,-2521.0
64,4515.328704434145,-2589.608686504915
65,4497.0,-2623.0
66,4477.248172836267,-2663.3657662734677
67,4451.0,-2725.0
68,4439.163618675799,-2760.377086671154
69,4428.0,-2808.0
70,4419.649048255785,-2860.3535481505032
71,4416.0,-2896.0
72,4413.069097103427,-2970.9237451685603
73,4413.0,-2980.0
74,4414.0,-3067.0
75,4414.560413122513,-3122.01961318567
76,4410.0,-3188.0
77,4406.195671054547,-3216.9458854101013
78,4372.0,-3405.0
79,4361.56998721285,-3452.2495985854284
80,4343.223638169097,-3499.217381632443
81,4340.0,-3507.0
82,4302.0,-3596.0
83,4296.707513471692,-3607.24593430402
84,4249.0,-3691.0
85,4223.918678183335,-3726.480379028186
86,4127.0,-3839.0
87,4102.0,-3863.0
88,4067.0133535599834,-3893.758757290931
89,3958.0,-3972.0
90,3827.3804498511904,-4049.069976125355
91,3787.0,-4071.0
92,3678.1465989335807,-4123.857654523363
93,3553.0,-4171.0
94,3529.0,-4179.0
95,3518.741246415103,-4182.257916276148
96,3352.0,-4229.0
97,3338.583355968144,-4232.152011635111
98,3249.6305941510277,-4249.485160141841
99,3228.0,-4253.0
100,3154.2722124236625,-4263.6432119621495
101,3093.0,-4271.0
102,2998.26692087766,-4279.074333346428
103,2968.0,-4280.0
104,2760.290312455998,-4274.300844739247
105,2659.0,-4268.0
106,2578.309778962223,-4257.704803280207
107,2546.0,-4251.0
108,2475.1444945584817,-4236.019218201323
109,2320.0,-4195.0
110,2250.030823336272,-4169.845471252576
111,1992.1144198617098,-4050.69972330768
112,1831.0,-3966.0
113,1777.5135093376157,-3935.8393093546592
114,1702.2324269346352,-3888.5355220710057
115,1634.0,-3845.0
116,1504.0,-3763.0
117,1490.6842308812822,-3754.50572039557
118,1426.0,-3713.0
119,1339.0549351684044,-3657.4201443395787
120,1122.0,-3519.0
121,1004.7639546612903,-3443.8862170877646
122,896.0,-3374.0
123,762.3367575628372,-3288.6194924704805
124,655.6083413769426,-3220.747786285032
125,615.0,-3195.0
126,546.6427745724467,-3151.768959723811
127,507.0,-3127.0
128,410.3807037036398,-3068.2758884525174
129,398.0,-3061.0
130,269.51279819259037,-2988.979976032507
131,201.0,-2952.0
132,128.7194422254091,-2913.5123158493216
133,45.0,-2870.0
134,-71.6463359496361,-2811.627208555062
135,-83.0,-2806.0
136,-196.74033856887468,-2752.9594808414054
137,-271.0,-2732.0
138,-491.136086638785,-2689.5597297484946
139,-511.0,-2686.0
140,-611.180238921569,-2667.911607246652
141,-702.0,-2682.0
142,-920.0,-2714.0
143,-923.1064771138279,-2714.515885972698
144,-1044.8957963129158,-2742.7391422320343
145,-1110.0,-2786.0
146,-1130.2947948970598,-2797.990211369493
147,-1293.0,-2892.0
148,-1331.3621220151874,-2915.549893353394
149,-1365.0,-2936.0
150,-1461.0,-2989.0
151,-1462.0291276941412,-2989.5476959344455
152,-1582.0,-3043.0
153,-1583.7716711994915,-3043.5387877649623
154,-1792.0,-3092.0
155,-1847.2465315090235,-3103.2061811576955
156,-1940.0,-3094.0
157,-1953.707861028941,-3090.9550763061375
158,-2175.0,-3039.0
159,-2209.4676586439464,-3028.626831970952
160,-2281.1530085274017,-2990.06149237652
161,-2297.0,-2980.0
162,-2382.5598110893347,-2925.844028029785
163,-2393.0,-2919.0
164,-2545.0,-2807.0
165,-2583.8185713848725,-2772.708754834516
166,-2640.0,-2721.0
167,-2759.1390654342604,-2620.2569219700486
168,-2769.0,-2613.0
169,-2845.238584985651,-2563.082460238611
170,-2856.0,-2557.0
171,-2951.0,-2512.0
172,-3013.4901779623838,-2488.298253799295
173,-3076.0,-2469.0
174,-3257.0,-2439.0
175,-3323.0091934691027,-2437.5870273858563
176,-3427.0,-2445.0
177,-3569.0,-2472.0
178,-3583.1503146030486,-2475.5787975311114
179,-3708.0,-2513.0
180,-3745.0,-2526.0
181,-3940.5067322454515,-2622.397946490348
182,-4022.0,-2668.0
183,-4054.323855741477,-2688.014978829684
184,-4089.0,-2719.0
185,-4115.517367642289,-2742.0888009742657
186,-4195.0,-2821.0
187,-4293.581073283023,-2957.8832703015605
188,-4343.0,-3035.0
189,-4369.107221189749,-3081.0240395750334
190,-4378.1577310567845,-3117.7016096721836
191,-4381.0,-3129.0
192,-4407.483604777327,-3232.88329703009
193,-4409.0,-3241.0
194,-4416.0,-3293.0
195,-4419.170037653335,-3336.0653872415446
196,-4420.0,-3376.0
197,-4419.453621600731,-3401.012093073707
198,-4414.0,-3464.0
199,-4411.445540318693,-3480.6150017850237
200,-4391.0,-3570.0
201,-4383.869226428629,-3595.971326451645
202,-4357.0,-3653.0
203,-4342.351968975654,-3674.6964989644302
204,-4287.0,-3748.0
205,-4271.979404782034,-3766.54515921449
206,-4251.34390352686,-3780.9157929936196
207,-4248.0,-3783.0
208,-4178.0,-3827.0
209,-4163.484262733406,-3834.2677221100153
210,-4084.0,-3862.0
211,-4014.0,-3877.0
212,-4013.6273096602604,-3877.0658579417777
213,-3944.248772759088,-3886.396433607819
214,-3874.0,-3890.0
215,-3860.2968155030103,-3890.4265795461706
216,-3717.0,-3893.0
217,-3716.450963839344,-3893.006799331436
218,-3662.030703272992,-3893.3326408034873
219,-3586.0,-3895.0
220,-3570.8745193297705,-3895.5218895195517
221,-3557.0,-3896.0
222,-3414.0,-3901.0
223,-3366.6314505508517,-3904.0506521583193
224,-3296.0,-3910.0
225,-3218.873792811018,-3917.881617677104
226,-3209.0,-3919.0
227,-3071.0,-3938.0
228,-3008.8275702498186,-3947.4610451145722
229,-2941.0,-3958.0
230,-2758.0,-3987.0
231,-2699.8023600583315,-3996.809284252922
232,-2633.0,-4010.0
233,-2594.994787717902,-4017.7671512366815
234,-2431.1296642077677,-4052.4585518965678
235,-2415.0,-4056.0
236,-2230.0,-4097.0
237,-2165.813568757125,-4110.371525340293
238,-2109.0,-4118.0
239,-2054.0954462154123,-4124.507916720244
240,-1943.0,-4136.0
241,-1788.1330380735662,-4142.834572925984
242,-1758.0,-4143.0
243,-1537.8789240692715,-4139.686276537316
244,-1510.0,-4139.0
245,-1408.2023494911073,-4135.488810794513
246,-1377.0,-4134.0
247,-1180.7941960649587,-4123.518993732527
248,-1153.0,-4122.0
249,-1033.0,-4116.0
250,-757.4314847791808,-4107.027737179259
251,-651.0,-4104.0
252,-608.2751194641671,-4102.887781879164
253,-543.0,-4102.0
254,-479.5289156184556,-4100.97885371195
255,-355.0,-4099.0
256,-238.07911808671952,-4097.3812815982765
257,-55.0,-4095.0
258,-53.08587769030895,-4094.9748488372197
259,113.26401524883065,-4092.6947375575915
260,232.0,-4091.0
261,232.79405673208817,-4090.988824347642
262,393.0,-4089.0
263,498.5669988321218,-4088.914747831837
264,571.0,-4089.0
265,620.0,-4089.0
266,620.8099875899826,-4089.005590654709
267,750.2377550461506,-4093.1429554270853
268,927.0,-4110.0
269,1008.405526216781,-4122.501888371222
270,1088.0,-4138.0
271,1264.0,-4184.0
272,1264.8003432674104,-4184.233614400726
273,1408.0,-4229.0
274,1456.532646135232,-4245.738280185033
275,1519.0,-4268.0
276,1613.4994276701668,-4301.821863238622
277,1723.0,-4341.0
278,1805.25669091064,-4370.2614406444945
279,1911.0,-4407.0
280,2074.7704737562763,-4461.2676930007
281,2182.0,-4496.0
282,2235.7999201416283,-4513.231518264108
283,2359.0,-4551.0
284,2456.454636467285,-4579.915272472779
285,2505.0,-4594.0
286,2687.8101375899587,-4644.494401411458
287,2701.0,-4648.0
288,2906.5602211976975,-4697.997392836488
289,2968.0,-4710.0
290,3156.6419740032125,-4742.960983147483
291,3223.0,-4754.0
292,3350.0563580220587,-4773.913292690106
293,3459.7376382360726,-4781.0943578173665
294,3499.0,-4783.0
295,3760.0,-4794.0
296,3856.6540996810218,-4796.2735045886075
297,3953.0,-4793.0
298,4128.343143987659,-4785.175614846723
299,4182.0,-4782.0
300,4273.150073614718,-4775.343596486321
301,4358.0,-4768.0
302,4413.130680442371,-4762.827649912818
303,4499.0,-4754.0
304,4694.2029034846355,-4729.331334536945
305,4710.0,-4727.0
306,4869.193143188556,-4700.441147416203
307,4972.0,-4680.0
308,5078.023701284501,-4656.012486300971
309,5163.0,-4635.0
310,5318.0,-4593.0
311,5320.604070375652,-4592.24448244107
312,5506.0,-4535.0
313,5552.882394830829,-4520.1993412846705
314,5677.0,-4480.0
315,5703.120578301455,-4471.2992319867035
316,5932.0,-4394.0
317,6017.087429490441,-4365.110233103606
318,6133.238106084167,-4325.241561466472
319,6204.0,-4301.0
320,6340.286270256792,-4254.62767835382
321,6357.0,-4249.0
322,6528.0,-4192.0
323,6613.472459228781,-4163.077784896675
324,6768.0,-4110.0
325,6990.0,-4033.0
326,7126.532254104788,-3984.157282299042
327,7231.841773512504,-3944.139341330386
328,7335.0,-3903.0
329,7448.751982637255,-3856.2019815061344
330,7736.945958915596,-3732.8442670995237
331,8009.130995241011,-3611.246650658335
332,8169.982347156454,-3536.6896352327276
333,8199.0,-3523.0
334,8325.657496432728,-3462.3764675219118
335,8395.0,-3429.0
336,8612.442782641112,-3324.359265258287
337,8689.0,-3287.0
338,8876.077754654258,-3191.26980494935
339,8973.0,-3139.0
340,9003.192757267341,-3122.635396695678
341,9030.0,-3108.0
342,9192.0,-3015.0
343,9204.376811572856,-3007.4912291761093
344,9297.0,-2949.0
345,9344.663934397257,-2917.1888629292275
346,9416.0,-2866.0
347,9464.780867359346,-2826.6231853396976
348,9492.0,-2802.0
349,9521.0,-2774.0
350,9545.0,-2748.0
351,9559.591806884639,-2729.414156002273
352,9628.621026675699,-2635.9406013380562
353,9632.0,-2631.0
354,9660.033482755845,-2581.797474674017
355,9670.0,-2532.0
356,9676.289585276541,-2483.033188211264
357,9678.0,-2462.0
358,9677.749813816476,-2435.3233077706645
359,9669.422382355324,-2415.4618966460453
360,9659.0,-2398.0
361,9639.583502795043,-2364.2102832023274
362,9631.0,-2351.0
363,9592.050981127113,-2302.871552310811
364,9580.0,-2290.0
365,9500.962661760212,-2216.1270407412703
366,9481.0,-2199.0
367,9463.587221689428,-2184.620241427533
368,9420.0,-2150.0
369,9415.24132812261,-2146.0991403696676
370,9380.0,-2117.0
371,9343.652586283199,-2087.3813404980206
372,9311.0,-2057.0
373,9286.53274288216,-2032.0561472973789
374,9229.0,-1970.0
375,9197.124400315679,-1929.7951136510446
376,9187.0,-1910.0
377,9169.937372175944,-1877.085767627056
378,9139.0,-1809.0
379,9134.785376942185,-1795.880818275487
380,9130.0,-1776.0
381,9122.968776523274,-1707.3739932522199
382,9121.0,-1636.0
383,9124.196250781955,-1605.5224839863042
384,9128.0,-1593.0
385,9145.34906700585,-1533.317400575074
386,9149.0,-1522.0
387,9170.64317882054,-1466.937497763568
388,9193.0,-1430.0
389,9204.134792848265,-1414.1165745690932
390,9251.0,-1354.0
391,9290.773379952177,-1313.097814812476
392,9324.0,-1291.0
393,9354.024195431182,-1271.932185425792
394,9366.0,-1266.0
395,9444.901303885948,-1234.828954169567
396,9488.0,-1220.0
397,9516.803227294644,-1211.6625866097359
398,9557.0,-1209.0
399,9584.026259792387,-1206.847268223122
400,9639.0,-1203.0
401,9718.0,-1202.0
402,9743.033463813354,-1201.752296427523
403,9808.0,-1201.0
404,9825.341814105572,-1200.9362468899167
405,9915.0,-1198.0
406,9938.740326040974,-1195.4145135455092
407,10075.0,-1171.0
408,10143.826605088201,-1148.4965312818777
409,10249.0,-1085.0
410,10249.301644380592,-1084.7860618415482
411,10331.258713386891,-1017.0018707851644
412,10337.0,-1011.0
413,10381.053238358956,-959.1953514155127
414,10440.0,-880.0
415,10450.0,-866.0
416,10468.249501361215,-837.4241871141558
417,10498.0,-780.0
418,10511.430304863297,-750.3734643212797
419,10536.0,-688.0
420,10551.0,-638.0
421,10553.68582736979,-626.4547196649137
422,10563.0,-575.0
423,10563.848776101107,-569.2056283503406
424,10566.0,-521.0
425,10558.087832731018,-492.0435813917053
426,10525.0,-435.0
427,10509.282713729694,-419.8273483192076
428,10459.8036640349,-398.85014990854506
429,10456.0,-397.0
430,10421.674922623437,-377.6469896897424
431,10418.0,-375.0
432,10389.0,-342.0
433,10380.247110762171,-312.4684805587385
434,10379.0,-303.0
435,10381.0,-251.0
436,10382.617070462273,-239.7357080480651
437,10390.95390388127,-197.72361121686308
438,10392.0,-193.0
439,10400.70485779908,-155.74772582131067
440,10403.0,-146.0
441,10417.0,-87.0
442,10418.659771651846,-80.60572955488594
443,10438.059472966055,-12.189079199055904
444,10441.0,-2.0
445,10460.0,62.0
446,10462.841578697293,70.81781533555669
447,10499.0,177.0
448,10509.482246637619,206.24055034421116
449,10531.0,263.0
450,10538.970682485247,283.88919359105466
451,10550.0,322.0
452,10553.11808579642,340.33842042021786
453,10558.0,411.0
454,10556.029064315666,427.43757183177854
455,10539.0,470.0
456,10538.840491362158,470.2864841056862
457,10523.313727296974,493.5507396571455
458,10513.0,504.0
459,10461.0,546.0
460,10442.22186131419,560.5721949011696
461,10419.0,571.0
462,10353.0,601.0
463,10352.702355152722,601.1303547617548
464,10310.804470436375,617.7787626045899
465,10275.0,627.0
466,10261.159256193967,630.3321002733561
467,10213.0,641.0
468,10185.478553537887,645.8821914395731
469,10139.0,653.0
470,10129.980732607166,654.368842583009
471,10112.0,657.0
472,9980.081749092897,666.4694015099558
473,9965.0,667.0
474,9830.327874926092,670.3520407530724
475,9808.0,671.0
476,9714.0,674.0
477,9631.39217469383,676.1787877941464
478,9602.0,677.0
479,9518.511688992672,679.954927927885
480,9488.0,681.0
481,9361.59211982692,684.6603077983999
482,9350.0,685.0
483,9215.100974924992,689.2981118268777
484,9194.0,690.0
485,9101.0,693.0
486,9099.770521718507,693.0354118486599
487,8968.580112387657,696.3571537742542
488,8945.0,697.0
489,8830.966989242008,700.6688750459706
490,8821.0,701.0
491,8731.29262654052,703.9293586063905
492,8668.0,706.0
493,8575.001713162288,709.0968484223271
494,8512.0,711.0
495,8433.0,713.0
496,8309.60334164097,715.7430142329648
497,8298.0,716.0
498,8145.669708908897,719.4400394432733
499,8120.0,720.0
500,7976.516913381052,723.0340524942947
501,7936.0,724.0
502,7823.0,727.0
503,7781.702789643126,728.0381780485177
504,7694.0,730.0
505,7505.438449566572,733.6487749130279
506,7385.0,736.0
507,7355.659845165813,736.6243486934852
508,7265.0,739.0
509,7218.085290222523,740.0945592711504
510,7038.0,744.0
511,7036.526207020969,744.0318126275613
512,6946.0,746.0
513,6655.9994868086105,752.5017699204889
514,6588.0,754.0
515,6452.880831263739,756.8790811251827
516,6314.190345788438,759.7546754534069
517,6303.0,760.0
518,6196.669022170913,762.5424341630328
519,6108.9676116631235,764.6930750063111
520,6096.0,765.0
521,5984.240635546828,767.6372871351423
522,5935.0,769.0
523,5788.0,774.0
524,5754.8340536094875,775.137292301963
525,5608.0,780.0
526,5519.648084989535,782.9007106910855
527,5310.0,790.0
528,5220.60059905015,793.3561142998086
529,5177.0,795.0
530,5010.0,801.0
531,4838.602888143743,806.8137127022678
532,4656.0,813.0
533,4653.361189216297,813.0919079960188
534,4526.803833792008,817.8382849537813
535,4468.0,820.0
536,4210.0,829.0
537,4206.621015946444,829.1192450828912
538,3924.8229116125945,839.2641055084009
539,3793.0,844.0
540,3747.555013591389,845.5997313778855
541,3634.36397047725,849.3728582345815
542,3529.0,853.0
543,3461.562671765685,855.3657892519977
544,3300.0,861.0
545,3179.8745870643343,864.886811091131
546,3046.5007214385605,869.447169908558
547,3033.0,870.0
548,2891.0,876.0
549,2871.1394654725937,876.7166807893366
550,2693.0,882.0
551,2582.432294492822,885.8126494682514
552,2550.0,887.0
553,2342.667478649351,894.8285485627347
554,2279.0,897.0
555,1916.0,908.0
556,1778.1968761641858,911.4185457815563
557,1587.0,915.0
558,1585.6176840592134,915.0248988804373
559,1370.2209031487498,918.8915280432816
560,1312.0,920.0
561,1055.0,925.0
562,1053.1968153071384,925.0338470175561
563,833.0,929.0
564,784.2681106629948,929.872769327659
565,612.0,933.0
566,524.847327634044,934.6791900658529
567,422.60863301281006,936.7281005107861
568,408.0,937.0
569,280.5096105902361,939.2511294412368
570,185.0,941.0
571,36.0,944.0
572,-63.32219671789424,945.9575432494253
573,-261.9130045988785,949.6764722660268
574,-280.0,950.0
575,-448.0,953.0
576,-502.7458527503582,954.1282589802686
577,-656.0,958.0
578,-737.9198006289547,960.7379550589155
579,-954.0,972.0
580,-973.2333879348417,973.6177318726557
581,-989.0,975.0
582,-1359.0,1010.0
583,-1360.6300205440468,1010.1607550350383
584,-1546.0,1029.0
585,-1771.0,1052.0
586,-1941.0,1067.0
587,-2124.1479402084124,1079.0441008659627
588,-2151.0,1080.0
589,-2225.3002573218455,1079.705317701207
590,-2257.0,1078.0
591,-2269.4320426564354,1077.1844577724708
592,-2333.0,1071.0
593,-2383.2693264233376,1063.3304080119199
594,-2440.0,1053.0
595,-2505.908638484429,1032.8840621864476
596,-2526.0,1021.0
597,-2535.8168958445485,1014.5916630904084
598,-2570.1561833706287,989.4978153493447
599,-2591.0,969.0
600,-2603.7116613486373,952.3515601042003
601,-2630.0,895.0
602,-2633.4431115246052,880.7599844837073
603,-2636.0,852.0
604,-2636.519105077735,836.3248580488097
605,-2631.0,788.0
606,-2627.794268285449,776.4494590929315
607,-2615.0,738.0
608,-2606.6174206814694,716.4848529193152
609,-2595.0,698.0
610,-2581.130527883879,677.2182270046137
611,-2562.0,650.0
612,-2559.1600958677336,646.1993721022384
613,-2526.0,609.0
614,-2501.7069190635975,587.4710210817072
615,-2454.0,548.0
616,-2447.8661203774805,543.016013265345
617,-2395.8788003334807,503.2080423313083
618,-2372.0,488.0
619,-2329.58034130138,463.66661537498163
620,-2317.0,457.0
621,-2257.0,427.0
622,-2180.0343513384405,381.76582436902714
623,-2166.0,373.0
624,-2108.0,336.0
625,-2065.0372310888097,308.177183746084
626,-2000.0,267.0
627,-1904.2246218761713,209.073009812315
628,-1873.0,191.0
629,-1774.0975235888238,142.27389192932552
630,-1720.0,125.0
631,-1626.3323039254724,101.85761840951982
632,-1617.0,100.0
633,-1528.0,87.0
634,-1436.071185251169,87.30043480005386
635,-1333.0,108.0
636,-1258.889477448987,128.85465965750655
637,-1156.0,161.0
638,-1129.668380847993,169.69497416144424
639,-1078.5254089300033,189.7524674892551
640,-1004.0,227.0
641,-817.0,318.0
642,-815.4042863206176,318.7735835794687
643,-713.6836165792872,367.8543583276856
644,-645.5566651263931,399.97196461067045
645,-637.0,404.0
646,-526.0,456.0
647,-474.9069255629886,479.44502601669535
648,-401.0,511.0
649,-297.0,548.0
650,-295.1664453663787,548.6044643936815
651,-83.72234108975525,597.2644483340486
652,-63.0,600.0
653,150.0,624.0
654,172.52280945171384,626.3878060860723
655,256.0131298530678,634.6227867681005
656,325.0,632.0
657,392.63162675505123,629.6942855488894
658,630.0,616.0
659,687.6978600033669,608.3965128309137
660,846.1311485859507,572.5262692978494
661,905.0,556.0
662,1053.3196974546008,509.88911783541226
663,1187.0206341658077,463.2636690449343
664,1220.0,451.0
665,1353.259810049015,395.1030772051048
2,2345.744685047822,-191.29767084606948
3,2430.0,-245.0
4,2570.0,-332.0
5,2590.292171441721,-344.6654133764405
6,2782.0,-465.0
7,2883.6241925847335,-529.0243083105069
8,2981.0,-590.0
9,3066.8621562352087,-643.1269075804621
10,3111.0,-670.0
11,3228.0315763306035,-739.7907816947245
12,3257.0,-757.0
13,3423.6098307245097,-856.5345347285238
14,3478.0,-889.0
15,3572.0477163174637,-944.8775485285444
16,3617.0,-971.0
17,3730.7251948898647,-1034.655384564005
18,3807.0,-1076.0
19,3916.6868785356532,-1134.1524219043476
20,3945.0,-1149.0
21,4037.0,-1197.0
22,4128.955019989011,-1244.9873434981082
23,4200.0,-1282.0
24,4270.158526265489,-1318.3917889418774
25,4395.0,-1383.0
26,4464.285516433347,-1419.1145156613277
27,4485.0,-1430.0
28,4608.224667816768,-1495.944564943351
29,4634.0,-1510.0
30,4677.0,-1534.0
31,4716.136391551438,-1557.6368509802128
32,4823.0,-1630.0
33,4877.016155778135,-1674.061836792541
34,4919.840973842358,-1717.5699364013476
35,4948.808362656367,-1749.5191583213339
36,4951.0,-1752.0
37,4975.0,-1788.0
38,4975.404093534845,-1788.9399739510316
39,5008.867800513737,-1887.8576538809534
40,5013.0,-1906.0
41,5015.782892810401,-1949.781310518001
42,5007.0,-1986.0
43,5005.32210962474,-1991.4610816110117
44,4975.0,-2065.0
45,4969.0,-2075.0
46,4956.366823713834,-2094.7422245260577
47,4928.0,-2134.0
48,4886.378178381049,-2183.265599876441
49,4883.0,-2187.0
50,4846.0,-2226.0
51,4810.105506871085,-2261.183843326725
52,4802.0,-2269.0
53,4774.0,-2296.0
54,4773.280197127494,-2296.6989981512315
55,4721.614831356694,-2347.5093554192854
56,4711.0,-2358.0
57,4659.789100961402,-2408.6297658243243
58,4596.0,-2478.0
59,4571.504984520267,-2509.3584630467903
60,4528.672971926527,-2572.1237207865074
61,4503.0,-2613.0
62,4481.716399877967,-2649.4389323914465
63,4450.485891835334,-2726.1513283122704
64,4449.0,-2732.0
65,4438.1036533806055,-2787.6419580188985
66,4422.4441251209955,-3002.597247874445
67,4416.768212320485,-3114.1153728623185
68,4408.0,-3218.0
69,4406.911455168183,-3227.9668177588965
70,4391.715683841313,-3326.319858678102
71,4385.0,-3355.0
72,4362.06598488259,-3437.9324060185613
73,4333.0,-3526.0
74,4320.0,-3558.0
75,4319.647101652336,-3558.816864659146
76,4274.976340523234,-3651.920188146
77,4216.0,-3739.0
78,4110.0,-3856.0
79,4072.780427530266,-3891.098919182899
80,3982.0,-3957.0
81,3940.064128818948,-3984.056325576438
82,3852.0,-4037.0
83,3826.826539863723,-4050.7794663563122
84,3736.0,-4096.0
85,3710.684765412637,-4107.631012417741
86,3614.6100767459393,-4148.202505256691
87,3567.0,-4166.0
88,3466.0,-4199.0
89,3386.3233931439245,-4221.082014586917
90,3350.0,-4230.0
91,3285.3067751088342,-4243.999909320997
92,3223.0,-4255.0
93,3125.1557438140435,-4267.828665496403
94,3114.0,-4269.0
95,2848.0,-4281.0
96,2734.0,-4275.0
97,2435.0,-4228.0
98,2337.0,-4201.0
99,2335.0798670950076,-4200.3204804160205
100,2171.0,-4141.0
101,2168.923924292797,-4140.172841997279
102,1981.0,-4050.0
103,1901.8264526302019,-4005.8183600861403
104,1783.0,-3937.0
105,1709.4823228691766,-3892.866148934048
106,1542.8581210041723,-3787.3163301519453
107,1533.0,-3781.0
108,1425.8198288987635,-3712.1397728198735
109,1282.0,-3621.0
110,1242.0,-3596.0
111,1186.172218119957,-3560.634761512394
112,1052.3618128502467,-3474.3037229801353
113,1041.0,-3467.0
114,945.4404549942446,-3405.8663717036
115,880.0,-3364.0
116,809.6145192227763,-3318.779423462748
117,771.0,-3294.0
118,702.7112341804766,-3250.367014910543
119,609.0,-3191.0
120,530.8300737416255,-3141.9384551585918
121,458.0,-3097.0
122,417.0715540764394,-3072.379265926198
123,317.0,-3015.0
124,258.9563650303454,-2983.4570099882294
125,202.0,-2953.0
126,143.05315755105872,-2921.531504242892
127,72.0,-2884.0
128,-88.0,-2804.0
129,-90.19402235426227,-2802.995598016379
130,-206.41800289195024,-2754.536838582484
131,-248.0,-2740.0
132,-384.03309430855677,-2703.620968868321
133,-426.0,-2696.0
134,-504.6518835913788,-2686.2958605526173
135,-637.0,-2681.0
136,-740.9038609728508,-2684.831964343207
137,-753.0,-2686.0
138,-1018.4234310458245,-2758.2358359872965
139,-1151.4403403160427,-2827.019332967106
140,-1304.5184731138847,-2906.9419841041654
141,-1388.0,-2949.0
142,-1542.4711590388413,-3023.326667966121
143,-1612.0,-3053.0
144,-1707.0240915791162,-3083.3883964867223
145,-1779.0,-3090.0
146,-1886.1559659845539,-3089.80433478867
147,-2019.0,-3084.0
148,-2071.0942250043827,-3079.9958553912343
149,-2115.068622888463,-3063.3545398341275
150,-2135.0,-3054.0
151,-2365.0,-2938.0
152,-2413.8499953418755,-2910.76285641547
153,-2532.0,-2818.0
154,-2551.0,-2802.0
155,-2562.0902585511594,-2792.4884354867186
156,-2639.6329195537305,-2721.8321121985896
157,-2707.0,-2662.0
158,-2738.3683197491628,-2636.131549174898
159,-2790.0,-2598.0
160,-2915.0,-2528.0
161,-2928.032899243411,-2521.902804398881
162,-3001.0,-2493.0
163,-3117.4242692720704,-2458.811726233768
164,-3155.0,-2451.0
165,-3259.0,-2439.0
166,-3274.0612543945276,-2438.330214169757
167,-3406.7058950073606,-2442.8204700834085
168,-3418.0,-2444.0
169,-3524.0,-2461.0
170,-3591.7461533997957,-2477.4345869845138
171,-3666.0,-2499.0
172,-3691.3186490578146,-2506.828021562078
173,-3787.7561051293283,-2541.5701181969234
174,-3815.0,-2554.0
175,-4027.0,-2671.0
176,-4039.330717503556,-2678.64409435195
177,-4138.0,-2763.0
178,-4145.266200250678,-2770.697393159
179,-4251.0,-2889.0
180,-4252.361478567441,-2890.7488746622607
181,-4305.0,-2968.0
182,-4321.998091137619,-2997.704623554433
183,-4373.0,-3106.0
184,-4384.116802492754,-3136.187305552622
185,-4403.0,-3209.0
186,-4416.764238600806,-3312.894592408255
187,-4419.0,-3335.0
188,-4422.459573940019,-3384.9506857008255
189,-4419.55409694887,-3413.6953975967895
190,-4418.0,-3429.0
191,-4407.0,-3510.0
192,-4403.938211248185,-3521.950723141254
193,-4372.249269295239,-3611.4505434152684
194,-4349.0,-3666.0
195,-4301.171633565764,-3734.7572440919344
196,-4284.0,-3751.0
197,-4268.0,-3766.0
198,-4261.274983005068,-3771.89244375659
199,-4214.768246787228,-3805.489741335624
200,-4197.0,-3816.0
201,-4129.0,-3848.0
202,-4106.025522575673,-3855.938276447179
203,-4061.0,-3868.0
204,-3953.086394058456,-3884.7994495683743
205,-3930.0,-3887.0
206,-3878.0,-3890.0
207,-3876.8236569184655,-3890.048043103837
208,-3769.9221406697557,-3892.8793473741034
209,-3762.0,-3893.0
210,-3695.137525783109,-3893.6232070024994
211,-3659.0,-3894.0
212,-3619.957578620934,-3894.6143560012188
213,-3522.0,-3897.0
214,-3520.3659760497485,-3897.047498051426
215,-3410.0,-3901.0
216,-3408.488379241431,-3901.0756195596805
217,-3336.0,-3906.0
218,-3272.79727296683,-3912.0616162370507
219,-3195.0,-3921.0
220,-3112.4197440095586,-3931.8508054702106
221,-3104.0,-3933.0
222,-3024.9206565508894,-3944.4554045653317
223,-3002.0,-3948.0
224,-2883.0,-3967.0
225,-2824.942034634523,-3976.6315553634076
226,-2669.0,-4003.0
227,-2570.9807321056637,-4021.045075679547
228,-2518.0,-4033.0
229,-2482.9151017693075,-4040.9534345452566
230,-2403.0,-4059.0
231,-2348.248273636488,-4071.1756240541918
232,-2233.0,-4096.0
233,-2167.0,-4109.0
234,-2165.62997601167,-4109.236198562248
235,-1782.5377837735286,-4136.732452034519
236,-1596.2563261528157,-4137.204382617837
237,-1485.801041155943,-4136.688812406344
238,-1436.0,-4136.0
239,-1395.9901278068655,-4134.932620307654
240,-1354.0609730173007,-4132.397589009304
241,-1232.0,-4126.0
242,-1177.254798257813,-4123.333295674799
243,-960.0,-4113.0
244,-917.094162411312,-4110.947592278653
245,-829.4847127481373,-4107.021987002751
246,-718.0,-4105.0
247,-566.6407137587097,-4102.370141300598
248,-489.0,-4101.0
249,-350.7043283386661,-4098.280048018544
250,-313.8183734289143,-4097.4913904988325
251,-259.0,-4097.0
252,-208.94072610627188,-4096.6616878182
253,-119.0,-4096.0
254,49.485055558059564,-4093.78804446227
255,161.0,-4092.0
256,205.14285291693682,-4091.299087187207
257,366.0,-4089.0
258,382.73216498609605,-4088.8055966859974
259,541.0,-4088.0
260,608.0427057423587,-4089.056781957271
261,763.0,-4095.0
262,795.8152030708234,-4096.818340554475
263,858.0,-4102.0
264,939.3676000839807,-4113.539992647273
265,1220.0,-4171.0
266,1269.784816000777,-4183.164079182451
267,1385.797853334505,-4220.476794960853
268,1454.0,-4245.0
269,1484.3985267521284,-4255.782447516296
270,1609.0,-4300.0
271,1672.1216443701742,-4322.996432428591
272,1686.0,-4328.0
273,1867.2116626472834,-4391.23400878873
274,1975.0,-4428.0
275,2077.987751721954,-4462.428938448722
276,2198.2406681334437,-4500.342651107606
277,2210.0,-4504.0
278,2336.0,-4543.0
279,2352.872797211461,-4548.19781870149
280,2462.0,-4581.0
281,2525.9907917835694,-4599.1316570517565
282,2781.0,-4668.0
283,2863.501489116463,-4689.103881887066
284,2957.6682003706333,-4709.546935293812
285,3027.0,-4722.0
286,3090.759783984481,-4732.912982826763
287,3245.0,-4757.0
288,3380.0,-4773.0
289,3468.2432913020766,-4780.569353726757
290,3517.0,-4784.0
291,3605.740736936252,-4789.145667216373
292,3706.0,-4793.0
293,3930.0,-4793.0
294,4055.217665003275,-4788.436704832648
295,4086.0,-4787.0
296,4225.0,-4779.0
297,4267.018549441875,-4775.935333816758
298,4429.0,-4762.0
299,4432.883094585848,-4761.621867628805
300,4654.0,-4735.0
301,4674.453131532435,-4732.019342739955
302,4862.0,-4701.0
303,4916.990714288188,-4690.593390111329
304,5034.0,-4666.0
305,5122.634584256486,-4644.660468170815
306,5188.0,-4628.0
307,5290.85342949651,-4600.7137304971875
308,5325.0,-4591.0
309,5503.763926547038,-4535.911740481578
310,5664.0,-4484.0
311,5698.104204520954,-4472.82080134807
312,5849.0,-4422.0
313,5973.558908759688,-4379.61855933998
314,6119.0,-4330.0
315,6121.500132338508,-4329.144724111117
316,6242.917203496084,-4287.551585718438
317,6271.0,-4278.0
318,6458.0,-4215.0
319,6523.019719847145,-4193.023340844465
320,6730.0,-4123.0
321,6877.675462131378,-4073.5211082312558
322,6968.0,-4041.0
323,7267.0,-3930.0
324,7361.001823604247,-3894.1787979331693
325,7429.7097110732775,-3865.0765220283447
326,7451.0,-3856.0
327,7583.120870926947,-3799.8774380784043
328,7667.0,-3764.0
329,7849.0,-3684.0
330,7852.1917228286175,-3682.563093467331
331,8127.0,-3557.0
332,8152.69693749228,-3545.077424973206
333,8372.079591931146,-3440.648055025812
334,8515.0,-3371.0
335,8589.7664688877,-3335.421018191711
336,8644.0,-3309.0
337,8688.435932485658,-3286.9281187432525
338,8820.560526305342,-3219.9571156015245
339,8834.0,-3213.0
340,9029.0,-3108.0
341,9067.392040158426,-3086.477987356555
342,9103.0,-3066.0
343,9212.6579462359,-2999.9600146195908
344,9337.0,-2922.0
345,9398.5951987851,-2879.388947203133
346,9422.0,-2861.0
347,9456.54618222384,-2834.011856284736
348,9475.0,-2818.0
349,9578.0,-2711.0
350,9585.743850827283,-2702.1953417308287
351,9602.0,-2678.0
352,9607.447949790418,-2668.352554438065
353,9662.0,-2564.0
354,9666.769454485287,-2552.6119627967464
355,9677.0,-2493.0
356,9670.681318665145,-2444.2766908776666
357,9659.0,-2399.0
358,9647.658985048323,-2374.222059020464
359,9629.0,-2348.0
360,9622.739231899104,-2339.904237514011
361,9574.0,-2283.0
362,9573.453955745288,-2282.4265619533817
363,9555.0,-2264.0
364,9514.561289052674,-2227.939590135112
365,9454.0,-2177.0
366,9414.806374427739,-2145.223731293974
367,9392.0,-2127.0
368,9378.366243680495,-2115.9995443112616
369,9341.0,-2084.0
370,9333.505663336931,-2077.0415271884417
371,9273.145504222228,-2017.3510552596265
372,9243.0,-1986.0
373,9213.798066315547,-1952.132761234538
374,9199.0,-1929.0
375,9157.0,-1853.0
376,9150.663398228953,-1839.5814545803219
377,9131.0,-1781.0
378,9126.338861239008,-1753.4959747530459
379,9119.0,-1668.0
380,9123.838481874263,-1604.1814538186782
381,9131.0,-1578.0
382,9145.70604519066,-1529.349314019844
383,9155.0,-1505.0
384,9179.914059653673,-1454.2164444627078
385,9185.0,-1445.0
386,9208.0,-1409.0
387,9208.555693089715,-1408.2063257504942
388,9236.0,-1372.0
389,9291.866749587052,-1318.2234102630719
390,9321.0,-1294.0
391,9355.617055818102,-1270.80626245987
392,9367.0,-1265.0
393,9430.831548643868,-1237.115836808521
394,9448.0,-1231.0
395,9512.0,-1215.0
396,9554.981745144198,-1209.452167468226
397,9648.0,-1203.0
398,9700.31402461113,-1201.3544660095438
399,9795.03134547366,-1201.1742762356166
400,9810.0,-1201.0
401,9918.058774036064,-1198.1917903558483
402,9995.0,-1190.0
403,10036.599200561752,-1181.5268616607875
404,10140.963369391331,-1144.849722004345
405,10162.0,-1135.0
406,10215.055288010453,-1106.5423076325562
407,10229.0,-1098.0
408,10291.0,-1053.0
409,10357.99521506076,-985.1978959851909
410,10392.0,-946.0
411,10433.38868060816,-891.7325880458125
412,10460.0,-849.0
413,10475.574233557923,-822.4037365285891
414,10497.0,-783.0
415,10509.6888322443,-756.2863366962233
416,10520.0,-732.0
417,10552.0,-633.0
418,10552.217284976912,-632.1134818315397
419,10565.0,-559.0
420,10565.55640422035,-552.5552976954211
421,10566.0,-510.0
422,10557.0,-474.0
423,10552.338495145448,-465.34248043802654
424,10509.784013718623,-424.38533005522675
425,10506.0,-422.0
426,10467.0,-402.0
427,10461.242799324778,-399.12924171540067
428,10419.0,-375.0
429,10414.327249374612,-371.37704720518786
430,10387.0,-338.0
431,10381.671035978321,-322.36950510511934
432,10378.0,-287.0
433,10388.55887898803,-207.80801656681385
434,10395.0,-176.0
435,10410.0,-116.0
436,10426.0,-55.0
437,10437.0,-14.0
438,10445.956415441095,17.665441321532874
439,10471.0,101.0
440,10471.47960897319,102.49136383900556
441,10500.0,182.0
442,10502.773778036197,189.0093364502415
443,10521.0,235.0
444,10531.0,264.0
445,10544.579851161412,306.03943899756064
446,10555.0,343.0
447,10558.596896005833,358.65217977921407
448,10561.9279577223,396.0570591621407
449,10559.0,412.0
450,10540.70846840298,461.3693575542842
451,10528.0,488.0
452,10508.937918210851,508.47109227231664
453,10507.0,510.0
454,10475.0,537.0
455,10444.204880875512,556.6418043930291
456,10436.0,561.0
457,10387.870048811832,584.541292783832
458,10350.0,602.0
459,10332.238586897533,609.6881997398473
460,10317.349984495215,614.6030556142232
461,10302.0,619.0
462,10259.0,631.0
463,10222.03228933603,639.8408782597211
464,10192.0,645.0
465,10071.0,660.0
466,10069.675109209094,660.1334522186096
467,9958.579294219187,667.1978419231016
468,9932.0,668.0
469,9862.806634077853,669.428921875735
470,9841.0,670.0
471,9679.0,675.0
472,9656.899359737412,675.590513091146
473,9564.0,678.0
474,9530.209696730188,679.06103585904
475,9317.0,686.0
476,9263.123090040554,687.6144849491923
477,9206.0,689.0
478,9204.31913370874,689.0504198154217
479,9081.0,693.0
480,8978.826756105911,696.3140567535524
481,8891.0,699.0
482,8717.0,704.0
483,8714.965397949483,704.0588156687929
484,8628.647769151781,706.6129541709106
485,8551.0,709.0
486,8525.181151569528,709.795460675382
487,8420.0,713.0
488,8311.038667690502,716.1270846119828
489,8203.622522758847,718.7578168097529
490,8192.0,719.0
491,8093.057288379124,720.8056035162795
492,8082.0,721.0
493,7971.0,723.0
494,7869.776756111695,724.954933738893
495,7744.0,728.0
496,7670.666415910102,730.2956677334017
497,7644.0,731.0
498,7552.969100439908,732.5931561278528
499,7528.0,733.0
500,7403.723278712044,735.6933862006035
501,7308.0,738.0
502,7156.40908450338,741.6015599749097
503,7053.0,744.0
504,6959.893568671107,745.9675232035279
505,6916.688996977202,746.4007500288926
506,6887.0,747.0
507,6719.240869281105,750.8598557156589
508,6583.0,754.0
509,6530.380251525798,755.1538368752998
510,6379.339600683217,758.1254702034597
511,6288.0,760.0
512,6114.0,764.0
513,6111.619455141621,764.0609932793528
514,5939.0,769.0
515,5919.09654818013,769.6146064075425
516,5779.0,774.0
517,5715.852754575084,775.8549610578941
518,5617.0,779.0
519,5471.0,785.0
520,5468.543061803535,785.0944227125436
521,5338.682977326558,789.4973333890647
522,5292.0,791.0
523,5173.574073757611,794.9379299128085
524,5144.0,796.0
525,4963.0,803.0
526,4891.704685204628,805.4822524372125
527,4664.0,813.0
528,4445.092536486776,820.5677690937636
529,4329.163932410817,824.7251708425283
530,4293.0,826.0
531,4175.19710777012,830.0321094297564
532,4089.0,833.0
533,3918.0,839.0
534,3794.397023044304,843.3152899113759
535,3694.0,847.0
536,3642.0,849.0
537,3618.7489652575646,849.8612398972714
538,3375.510219190953,858.0637943155525
539,3259.0,862.0
540,3029.573870075271,870.3205782238683
541,2856.0,877.0
542,2854.2898633053655,877.0649419376523
543,2714.0,882.0
544,2649.0360145929685,883.966646426541
545,2518.0,888.0
546,2367.646945336357,893.2375990356347
547,2214.0,899.0
548,2032.0018718485455,905.5779816426547
549,2016.0,906.0
550,1795.291050414783,910.4787867414
551,1600.0,914.0
552,1558.362859464888,914.9002912851313
553,1483.9923591911497,916.7678393595511
554,1473.0,917.0
555,1255.0,921.0
556,1233.2578738030463,921.3987298826527
557,1036.0,925.0
558,867.8964548639764,927.6203396668328
559,797.0,929.0
560,647.5705885828557,932.6534125445884
561,632.0,933.0
562,467.0,936.0
563,390.66586948828126,937.3416938550699
564,246.0,940.0
565,132.74757343016364,942.2066979008896
566,-12.0,945.0
567,-14.7722685952256,945.0506932299743
568,-123.0,947.0
569,-236.61953196644535,949.2571032258185
570,-326.0,951.0
571,-420.65085505311924,952.6387871547659
572,-548.0,955.0
573,-608.0191701721903,956.4061284926729
574,-758.0,961.0
575,-797.6832988038217,962.6112388068809
576,-960.0,972.0
577,-980.9065678215782,973.678783705499
578,-1094.0,984.0
579,-1244.6598470665635,998.1445589880886
580,-1334.0,1007.0
581,-1473.5852253672176,1021.8482037207538
582,-1578.0,1033.0
583,-1671.789008595469,1042.402520957242
584,-1772.0,1052.0
585,-1774.5409441574936,1052.247300416721
586,-1877.0,1062.0
587,-1879.1758221197992,1062.1887912003713
588,-2010.88493795015,1072.4094716149314
589,-2110.0,1079.0
590,-2176.466061893619,1081.7811330157338
591,-2214.059294623878,1080.2628000666098
592,-2219.0,1080.0
593,-2289.2910822326467,1075.5446198430127
594,-2318.0,1073.0
595,-2352.0,1069.0
596,-2373.59672763669,1065.8717638051428
597,-2418.0,1058.0
598,-2447.2811246448305,1051.3729635540603
599,-2479.0,1041.0
600,-2515.847832659318,1023.8071741822989
601,-2571.0,990.0
602,-2571.8863213058935,989.3497988513792
603,-2606.837036243232,953.735495006392
604,-2621.0,925.0
605,-2625.769225040781,912.0295784295698
606,-2635.06532775903,870.9466542367682
607,-2636.0,860.0
608,-2636.374962638278,838.9570502580507
609,-2635.0,811.0
610,-2634.664368632966,806.6678861584927
611,-2634.0,800.0
612,-2627.134869042581,769.1815394607928
613,-2621.0,751.0
614,-2602.7331833845137,710.169527207147
615,-2597.0,700.0
616,-2575.52789179583,668.0232706330416
617,-2568.0,658.0
618,-2538.0,622.0
619,-2510.9346441159996,595.4059677439063
620,-2484.0,572.0
621,-2472.826246030613,562.814585441296
622,-2391.3816262369996,501.2303399130663
623,-2378.0,492.0
624,-2358.285039307305,479.41495317251827
625,-2323.191853853011,461.124943870777
626,-2319.0,459.0
627,-2275.1953681892073,436.8623992162814
628,-2234.0,415.0
629,-2176.184150621128,381.3476678496745
630,-2118.9523547021627,344.69753514883695
631,-2030.2237968573468,284.9336083835679
632,-1934.0,226.0
633,-1861.8337834043061,185.37261706832237
634,-1820.0,164.0
635,-1734.0,130.0
636,-1730.680780741996,129.04672477292175
637,-1576.0,93.0
638,-1574.1284322101853,92.58341059320465
639,-1498.0704648927324,78.44692155792045
640,-1434.0,90.0
641,-1309.679537722013,117.65044084534273
642,-1219.0,139.0
643,-1148.4554781375073,159.9286416635562
644,-1104.0,182.0
645,-812.8406940645056,319.7997691023983
646,-787.0,332.0
647,-687.843477824169,379.1642431710168
648,-657.0,394.0
649,-561.0,440.0
650,-546.9603957252677,446.6117911984958
651,-424.3509170492442,502.11843912684805
652,-376.0,521.0
653,-295.5321286533963,547.8086292542455
654,-205.0,572.0
655,-134.14807906598824,587.2054567726315
656,-81.0,597.0
657,2.0,610.0
658,4.807014202776132,610.3768687583513
659,116.0,622.0
660,291.87179023622065,630.6679447665194
661,304.0,631.0
662,432.588848867547,632.4761884339869
663,506.0,629.0
664,636.0,615.0
665,653.1727501008013,612.52866572368
666,797.0,584.0
667,870.7690491098368,564.9928850639279
668,927.0,549.0
669,1017.2085970818604,520.7012634400666
670,1117.0,487.0
671,1219.2592171766055,451.11798167322195
672,1246.0,441.0
673,1400.6898590259873,374.4014411284112
674,1416.0,367.0
675,1609.0,266.0
676,1660.6688411537998,237.63153940423803
2,2122.0,-50.0
3,2245.0,-128.0
4,2301.0850718549264,-163.39220083490005
5,2383.0,-215.0
6,2494.0,-285.0
7,2495.9298417560944,-286.21600063983414
8,2712.1328227637346,-421.927597193228
9,2733.0,-435.0
10,2947.0,-569.0
11,2969.5548964883483,-583.104848545266
12,3052.324896949798,-634.6354789231389
13,3120.0,-675.0
14,3187.5441427005226,-715.5412530670222
15,3427.0,-859.0
16,3486.3322112126725,-894.2159947812647
17,3653.155310931123,-991.5932054672827
18,3716.0,-1027.0
19,3875.5908146633383,-1113.2413959667706
20,4019.2565124056373,-1187.9205301565653
21,4054.0,-1206.0
22,4187.786943552751,-1275.8250212821313
23,4215.0,-1290.0
24,4417.0,-1395.0
25,4574.0,-1477.0
26,4704.033524078326,-1548.4293604692518
27,4748.0,-1577.0
28,4760.61324612947,-1585.6735398973715
29,4835.236343264454,-1640.4652856860596
30,4881.0,-1677.0
31,4893.761130097552,-1687.9403414294507
32,4928.969838894792,-1723.6541790251924
33,4944.0,-1743.0
34,4962.065952322843,-1768.4189457168159
35,4978.0,-1793.0
36,4986.285410053866,-1807.361449096933
37,5000.0,-1845.0
38,5005.072563417814,-1872.2795316672348
39,5013.0,-1939.0
40,5014.258768887279,-1966.6544699893502
41,5004.0,-1993.0
42,5003.857944745838,-1993.367905738128
43,4980.3117871895,-2055.2046175860155
44,4978.0,-2060.0
45,4957.045409687278,-2095.470491481923
46,4938.0,-2122.0
47,4931.244605798744,-2130.842394104309
48,4901.599612075178,-2165.9640097655692
49,4897.0,-2171.0
50,4830.0,-2241.0
51,4815.802989557047,-2255.591475599964
52,4794.0,-2277.0
53,4734.131627416727,-2334.5261317898157
54,4688.0,-2379.0
55,4646.684070910191,-2420.135236336707
56,4629.0,-2440.0
57,4573.515864782124,-2507.3438955346187
58,4533.0,-2563.0
59,4515.0,-2591.0
60,4476.579229451603,-2658.7321921014727
61,4455.0,-2713.0
62,4442.681831908175,-2754.3495780267162
63,4421.0,-2848.0
64,4411.803056302337,-2903.7024507758492
65,4413.0,-2960.0
66,4413.626384667819,-3004.8200820229868
67,4414.0,-3088.0
68,4413.997861585153,-3088.5032594997997
69,4411.0,-3180.0
70,4399.263554520189,-3275.066340737954
71,4386.0,-3346.0
72,4375.949209364124,-3388.184961428697
73,4325.004216560447,-3540.213248907773
74,4301.0,-3599.0
75,4280.250300833373,-3643.8608772198954
76,4224.0,-3728.0
77,4180.36702057563,-3781.0150369054318
78,4122.0,-3844.0
79,3998.0,-3946.0
80,3996.4588574331065,-3947.054219513536
81,3977.0,-3960.0
82,3753.1774982054194,-4087.1702537567044
83,3732.0,-4098.0
84,3629.697839941715,-4142.557755676569
85,3612.0,-4149.0
86,3426.0,-4210.0
87,3411.7194383841247,-4214.129606972983
88,3375.0,-4224.0
89,3298.559650501969,-4240.2289406416
90,3130.363805147924,-4266.174567710351
91,3095.0,-4271.0
92,2998.9296892846583,-4279.285011888256
93,2970.0,-4280.0
94,2870.319358327708,-4281.162863393243
95,2857.0,-4281.0
96,2753.3590176813136,-4276.360641463238
97,2615.0,-4262.0
98,2533.498013065368,-4249.6556786458195
99,2488.0,-4240.0
100,2347.81000745322,-4202.161127102753
101,2277.0,-4181.0
102,2179.882918179228,-4148.681541626164
103,2086.398258652592,-4103.750398353107
104,2058.0,-4089.0
105,1901.3703931793648,-4005.3474267401643
106,1845.0,-3974.0
107,1694.729084317939,-3884.5085278316715
108,1556.0,-3795.0
109,1554.6250948320112,-3794.1241527202365
110,1494.791916740435,-3756.594777613219
111,1424.0,-3712.0
112,1215.5479708624903,-3578.5806153380786
113,1132.0,-3525.0
114,998.8962086595058,-3439.893692820901
115,944.0,-3405.0
116,809.0,-3319.0
117,808.2047302409678,-3318.4894892581938
118,640.0,-3210.0
119,508.8927667999268,-3126.8621675065056
120,433.0,-3082.0
121,296.5549403851365,-3004.848084496847
122,263.0,-2986.0
123,106.76577661290693,-2900.4264066218034
124,60.0,-2878.0
125,-228.28159692161435,-2748.2186829954953
126,-243.0,-2742.0
127,-314.6872342841213,-2714.8684623094628
128,-374.0,-2706.0
129,-474.75952013872745,-2690.657200380023
130,-536.0,-2684.0
131,-739.0,-2685.0
132,-835.0,-2696.0
133,-1051.2677461218498,-2763.189852846556
134,-1120.0,-2791.0
135,-1182.1271225495377,-2820.0806785572736
136,-1268.7003213354621,-2873.1484460427187
137,-1327.0,-2912.0
138,-1404.314476448539,-2959.7225229820547
139,-1444.0,-2981.0
140,-1587.425051691848,-3045.0794830028935
141,-1599.0,-3049.0
142,-1706.0,-3078.0
143,-1743.1833404265822,-3085.3219357014186
144,-1840.0,-3095.0
145,-1951.3678647584716,-3092.5330703333716
146,-1986.0,-3089.0
147,-2069.0,-3074.0
148,-2093.5631597317765,-3067.489072762564
149,-2186.6355254985388,-3034.2660446780405
150,-2230.0,-3015.0
151,-2294.613750733755,-2981.5428264869065
152,-2340.0,-2954.0
153,-2512.3014098353856,-2831.7999060487464
154,-2548.0,-2804.0
155,-2700.1096854160596,-2667.544541119459
156,-2708.0,-2661.0
157,-2779.078982211816,-2606.0599996066057
158,-2825.0,-2576.0
159,-2929.0,-2521.0
160,-2930.212565319117,-2520.4411985478837
161,-3029.0,-2483.0
162,-3066.099198451268,-2472.0805795649662
163,-3168.0,-2449.0
164,-3194.5660115897526,-2445.0894672805275
165,-3297.0,-2438.0
166,-3348.5013062761527,-2438.7446787579647
167,-3465.0,-2451.0
168,-3592.369052873711,-2477.72184864646
169,-3617.0,-2484.0
170,-3704.0,-2511.0
171,-3704.6365668312565,-2511.2290788064265
172,-3788.0,-2543.0
173,-3868.9241376581836,-2576.5356580223456
174,-3914.0,-2602.0
175,-4118.0,-2744.0
176,-4151.549639856836,-2770.0685774952103
177,-4199.361096588258,-2818.012108186859
178,-4231.198701238248,-2862.5909692479604
179,-4236.0,-2869.0
180,-4275.0,-2921.0
181,-4282.118097627387,-2931.077702392068
182,-4330.0,-3012.0
183,-4346.190832535891,-3048.4283566361864
184,-4385.499641031643,-3158.343682364778
185,-4405.0,-3223.0
186,-4415.042444225222,-3273.844695904672
187,-4417.0,-3310.0
188,-4420.0,-3387.0
189,-4417.629255569016,-3429.3965321272117
190,-4411.0,-3484.0
191,-4398.559441388618,-3550.409058350351
192,-4387.0,-3583.0
193,-4368.325194312038,-3623.938035134018
194,-4317.0,-3714.0
195,-4272.705200754077,-3767.742308605685
196,-4232.2627875749795,-3795.5376880478198
197,-4221.0,-3802.0
198,-4084.0,-3862.0
199,-4066.865656023223,-3867.481149261252
200,-4032.922336810815,-3874.7575406545307
201,-3989.0,-3880.0
202,-3957.284805261932,-3883.469952123577
203,-3896.0,-3889.0
204,-3817.0,-3892.0
205,-3763.1792831386065,-3892.6116853619046
206,-3725.0,-3893.0
207,-3626.2102949715472,-3894.684827990891
208,-3509.0,-3897.0
209,-3490.4575538365243,-3897.311372194196
210,-3361.0,-3904.0
211,-3359.601581919373,-3904.1332898767705
212,-3140.0,-3928.0
213,-3105.2414810182545,-3932.2459140817655
214,-3038.4362775265404,-3942.697995154707
215,-3024.0,-3945.0
216,-2888.2713938334655,-3965.902059997422
217,-2844.0,-3973.0
218,-2700.0,-3997.0
219,-2676.444712084758,-4001.0724708099697
220,-2587.0,-4019.0
221,-2568.0761137522145,-4023.09101148174
222,-2468.8000187133575,-4044.577320727692
223,-2406.0,-4058.0
224,-2210.937865469686,-4099.0961811949555
225,-2168.0,-4108.0
226,-2046.0,-4127.0
227,-1932.1307240075857,-4133.944915895604
228,-1736.1375574505769,-4142.175049253846
229,-1707.0,-4143.0
230,-1563.2683730760266,-4141.824241508531
231,-1519.0,-4140.0
232,-1387.0,-4134.0
233,-1370.3978567013187,-4133.150020292549
234,-1240.0,-4126.0
235,-1169.15455163379,-4122.480594268925
236,-1047.0,-4117.0
237,-1044.151260612043,-4116.87364218743
238,-882.0,-4110.0
239,-846.4851784025554,-4108.808183621518
240,-777.0,-4107.0
241,-628.7558307531409,-4103.605522379848
242,-483.3064907578734,-4100.8703897027135
243,-211.57380160084995,-4096.668353425708
244,-98.0,-4095.0
245,89.77215818798877,-4092.298238174913
246,184.0,-4091.0
247,442.4621630158612,-4088.0864713391843
248,453.0,-4088.0
249,579.4530957035817,-4087.629858065018
250,661.0,-4090.0
251,738.4298135752633,-4093.456661920666
252,836.0,-4100.0
253,901.5115208936564,-4106.685020421017
254,963.0,-4115.0
255,1121.0,-4146.0
256,1217.6377868183217,-4170.637350880806
257,1295.0,-4193.0
258,1343.6657086389123,-4208.1678348731475
259,1451.0,-4244.0
260,1589.8388948594522,-4292.941734946275
261,1699.0,-4332.0
262,1816.6929366271959,-4373.653310014217
263,1869.0,-4392.0
264,1904.339507245115,-4404.226899672244
265,1961.0,-4423.0
266,2086.6390634404925,-4464.14586830529
267,2181.0,-4495.0
268,2301.3585766116507,-4534.331195985764
269,2406.671160341427,-4566.3254040543425
270,2465.0,-4583.0
271,2689.0,-4645.0
272,2845.216238195873,-4684.739432889868
273,2933.0,-4703.0
274,3082.0,-4732.0
275,3135.378357272398,-4740.752322767457
276,3234.0,-4755.0
277,3362.4607593040987,-4771.8157037214005
278,3456.0,-4780.0
279,3740.727747689212,-4792.906726978319
280,3783.0,-4794.0
281,4001.2761695483728,-4791.80210259392
282,4096.0,-4787.0
283,4246.059906277197,-4778.7885666647335
284,4400.0,-4765.0
285,4726.388199185659,-4724.155219489025
286,4749.0,-4721.0
287,4916.662347147104,-4694.586141487444
288,5031.4070769075715,-4667.259004302234
289,5077.0,-4656.0
290,5131.02238239363,-4642.697186063488
291,5266.0,-4608.0
292,5283.80563565348,-4603.0621029910435
293,5455.224390821929,-4551.932510491587
294,5555.0,-4520.0
295,5707.0,-4469.0
296,5728.843160806894,-4461.6604260865715
297,5943.0,-4390.0
298,5944.873950582356,-4389.3715350249495
299,6110.995525897254,-4333.218973341511
300,6197.0,-4304.0
301,6393.791524650061,-4237.280975139136
302,6486.0,-4206.0
303,6568.377685062509,-4178.008817470416
304,6724.0,-4125.0
305,6911.209601489192,-4060.94240445255
306,6979.0,-4037.0
307,7117.144359859799,-3986.506206292873
308,7132.0,-3981.0
309,7318.0,-3910.0
310,7405.664461946257,-3874.257690799689
311,7585.0,-3799.0
312,7724.488046758889,-3738.7654484520995
313,7834.0,-3690.0
314,8000.0,-3616.0
315,8048.50096969855,-3594.154208310657
316,8197.332070051563,-3526.1101732225884
317,8311.021682096592,-3472.5622208303794
318,8540.0,-3360.0
319,8543.42091863015,-3358.2916308254235
320,8888.0,-3184.0
321,8905.18139137892,-3175.1654970544296
322,8990.686542847467,-3129.101023013397
323,9023.0,-3111.0
324,9096.0,-3070.0
325,9214.174337428709,-2999.363484488797
326,9344.0,-2918.0
327,9363.335792006736,-2905.5499758325773
328,9434.245966672865,-2852.9048011531077
329,9449.0,-2840.0
330,9498.0,-2796.0
331,9534.0,-2760.0
332,9557.296651559804,-2733.0263161694256
333,9612.0,-2663.0
334,9628.607293572459,-2639.099806347688
335,9640.0,-2615.0
336,9655.67781299735,-2573.1878479964244
337,9674.0,-2515.0
338,9678.969664253422,-2494.4413838831624
339,9678.0,-2456.0
340,9655.805331581023,-2395.160963491726
341,9646.0,-2373.0
342,9624.634738123706,-2333.5240902796577
343,9601.451934085748,-2312.507567588931
344,9599.0,-2310.0
345,9574.371024050044,-2283.760271064748
346,9564.0,-2273.0
347,9557.0,-2266.0
348,9529.71015104,-2240.7033799129517
349,9501.0,-2216.0
350,9479.485922109467,-2198.1781874954527
351,9467.0,-2188.0
352,9435.370790026678,-2162.517486734924
353,9394.0,-2129.0
354,9356.0,-2097.0
355,9341.608840827272,-2084.325005528729
356,9328.0,-2072.0
357,9244.0,-1988.0
358,9234.887621018237,-1977.4255205317177
359,9202.0,-1933.0
360,9149.0,-1836.0
361,9143.296429571452,-1823.5474838347673
362,9129.0,-1772.0
363,9123.4702896026,-1735.2298838371607
364,9119.0,-1680.0
365,9119.065565114137,-1665.9105757847851
366,9122.0,-1627.0
367,9131.900612078985,-1574.5635745651812
368,9147.14386495258,-1525.008750092055
369,9149.0,-1520.0
370,9164.0,-1485.0
371,9182.030558204478,-1451.1348871527912
372,9217.0,-1395.0
373,9220.816538983348,-1389.5237052289845
374,9254.331636744599,-1350.7382078780715
375,9257.0,-1348.0
376,9327.0,-1289.0
377,9381.701369371322,-1259.5737338096594
378,9436.0,-1235.0
379,9467.992491640427,-1223.0481783714472
380,9534.14591921408,-1210.7074966550115
381,9563.0,-1208.0
382,9612.618444084035,-1203.9471759871797
383,9667.0,-1202.0
384,9727.010435222488,-1201.553990218003
385,9813.0,-1201.0
386,9875.38426696835,-1199.2669709772288
387,9996.0,-1190.0
388,10011.043932217759,-1187.7456999450144
389,10098.16795411485,-1163.8262471425098
390,10119.0,-1155.0
391,10228.669429223552,-1097.564443219962
392,10236.0,-1093.0
393,10291.093375637374,-1053.8782240102357
394,10298.0,-1048.0
395,10393.0,-945.0
396,10393.595094218754,-944.2648208112148
397,10432.090924028656,-892.7420453186223
398,10462.0,-845.0
399,10470.13399680821,-831.0630013536887
400,10496.0,-784.0
401,10505.924042507388,-764.404251787428
402,10526.801625513714,-716.6484060254583
403,10536.0,-689.0
404,10553.762156932415,-620.8620021246651
405,10559.0,-599.0
406,10567.879885301585,-561.3162152857526
407,10566.0,-511.0
408,10560.671921744059,-492.6582136334566
409,10545.0,-456.0
410,10461.0,-400.0
411,10410.0,-369.0
412,10391.466882183293,-255.11299472476924
413,10398.435015307694,-175.29864676536437
414,10404.0,-141.0
415,10419.604279146048,-79.73696010968298
416,10426.0,-57.0
417,10427.850610079076,-49.95065177798056
418,10444.0,10.0
419,10467.315226820238,83.93093191357423
420,10491.0,156.0
421,10506.023367326754,197.5233112753985
422,10520.0,232.0
423,10523.632779706973,241.95970583347662
424,10539.000708091182,286.9599246183843
425,10544.0,303.0
426,10557.481222157032,359.3822689178643
427,10558.0,364.0
428,10558.77457980016,401.1943886801159
429,10558.0,415.0
430,10547.960576268535,458.1736979738754
431,10539.0,472.0
432,10500.0,517.0
433,10485.553017548418,530.8899589979393
434,10454.585871190904,553.0560529857107
435,10427.0,567.0
436,10408.640986772214,576.1641629932806
437,10396.0,582.0
438,10368.138580640698,594.3758026410956
439,10343.0,605.0
440,10334.84844170553,608.2617828092548
441,10301.530505684248,619.6058308585639
442,10289.0,623.0
443,10201.0,644.0
444,10167.632727504346,651.3701858659165
445,10105.0,657.0
446,10074.639948080687,659.5761370386692
447,10007.0,665.0
448,9888.35202619323,669.9643487542726
449,9830.0,671.0
450,9770.376847673326,672.0436983308002
451,9732.0,673.0
452,9677.435054373382,674.5640002695033
453,9599.0,677.0
454,9534.830694043747,679.1854266684168
455,9477.0,681.0
456,9385.944295882582,683.6573091717419
457,9304.0,686.0
458,9268.541755220967,687.0152408423951
459,9202.0,689.0
460,9163.39415068706,690.2065613063207
461,9063.005092881793,693.3932699932209
462,9014.0,695.0
463,8938.418922505845,697.5605317818831
464,8867.0,700.0
465,8840.259712888113,700.9000144937463
466,8741.0,704.0
467,8625.0,707.0
468,8610.540364936292,707.5118277240942
469,8546.0,710.0
470,8424.248706427868,712.8864764156323
471,8373.0,714.0
472,8264.183856905409,716.9268364620415
473,8225.0,718.0
474,8059.0,722.0
475,8043.442514030688,722.3034586418444
476,7901.402987922352,724.7527645698635
477,7889.0,725.0
478,7760.0,728.0
479,7556.3360046267235,732.6899498400535
480,7542.0,733.0
481,7454.335935363309,734.698174341155
482,7379.0,736.0
483,7326.396202458749,737.0547537776266
484,7125.787018175749,741.5698045611335
485,7108.0,742.0
486,6863.0,748.0
487,6646.0,752.0
488,6364.0,759.0
489,6203.146570551025,761.598554196995
490,6109.0,764.0
491,5852.0,772.0
492,5849.762864755899,772.0722815154078
493,5631.563878271339,779.400622047993
494,5527.0,783.0
495,5502.924032324328,783.8157994783326
496,5284.121565275367,791.3106167790953
497,5265.0,792.0
498,5036.819501622998,800.2940693976304
499,5017.0,801.0
500,4846.450096670534,806.4841407028651
501,4801.0,808.0
502,4532.723844067596,817.4039606427779
503,4431.0,821.0
504,4344.982996785878,824.0110783129531
505,4272.563298718278,826.5805365967074
506,4261.0,827.0
507,4125.0,832.0
508,4105.118762263214,832.7437942152568
509,3937.7736763387315,839.070078144871
510,3884.0,841.0
511,3775.9039076503377,844.7199025570999
512,3589.0,851.0
513,3456.379615961201,855.753286290905
514,3310.0,861.0
515,3307.0971404277425,861.0995983569604
516,3011.0,871.0
517,2985.464665606979,871.8524565095378
518,2660.0,883.0
519,2658.575503115983,883.0520253983714
520,2535.6255845471564,887.7748190187881
521,2446.0,891.0
522,2267.0,897.0
523,2214.591551739563,898.8447550687913
524,1960.0,907.0
525,1927.7073812617518,907.7863641752012
526,1743.0,912.0
527,1653.6641887158603,913.9054582854674
528,1525.0,916.0
529,1462.2546762905722,917.0126033847498
530,1288.0,920.0
531,985.1585513200971,925.7973128265271
532,922.0,927.0
533,781.8522402864487,929.5861127973499
534,536.0,934.0
535,488.1406179394444,934.9156414126264
536,368.3075042045545,937.2934431547343
537,277.0,939.0
538,177.743804433534,940.7008930549954
539,0.0,944.0
540,-41.72366535037182,944.9360693050035
541,-222.0,949.0
542,-371.0,951.0
543,-443.8046785689412,952.4000452174197
544,-557.0,955.0
545,-640.5186834601368,956.9425694874786
546,-730.0,960.0
547,-989.0,975.0
548,-990.1025664566663,975.0738686961952
549,-1142.5326477509798,987.1006056505485
550,-1273.0,1001.0
551,-1291.4718701282495,1002.8844909529528
552,-1441.0,1018.0
553,-1514.0884688550066,1025.5572263185793
554,-1576.0,1032.0
555,-1741.5798731154907,1048.7554817179619
556,-1829.0,1057.0
557,-1898.538455552161,1063.3951576705165
558,-2032.0,1075.0
559,-2071.5223048035364,1077.9787630266376
560,-2203.0114511784645,1080.8796000397795
561,-2237.0,1079.0
562,-2244.7243546307013,1078.6529623576046
563,-2280.2730448389266,1076.872694055292
564,-2290.0,1076.0
565,-2359.127566300506,1067.9029910093736
566,-2372.0,1066.0
567,-2437.0,1053.0
568,-2455.17128797697,1048.119505573552
569,-2515.0,1027.0
570,-2521.3018043350394,1023.5654858427969
571,-2524.0,1022.0
572,-2558.7440125378885,1000.4462928070891
573,-2574.0,988.0
574,-2595.418231669263,964.6989792600991
575,-2609.0,946.0
576,-2624.0,916.0
577,-2624.1283653700984,915.6383287256889
578,-2634.2537913823317,874.299197139325
579,-2637.0,855.0
580,-2636.7984633763035,819.9531592338793
581,-2636.0,815.0
582,-2624.0,762.0
583,-2618.7183851030177,742.478707590175
584,-2613.5480643610485,732.1842019136228
585,-2610.0,726.0
586,-2582.249253527552,678.4890795720065
587,-2580.0,675.0
588,-2560.3894253538965,647.6052357527476
589,-2553.0,639.0
590,-2495.0,581.0
591,-2470.5264578815236,559.127863818223
592,-2447.740262579989,542.901924839186
593,-2437.0,535.0
594,-2402.2745341377795,509.1996775820585
595,-2392.0,502.0
596,-2334.455429212243,466.4566873544806
597,-2311.0,454.0
598,-2257.0,427.0
599,-2174.649527696001,378.0274126312778
600,-2139.0,356.0
601,-2093.040046405252,327.23230378601625
602,-2056.0,303.0
603,-2055.3991710072028,302.60219077160883
604,-1969.0,247.0
605,-1783.0,148.0
606,-1727.9513542440886,125.04119698962259
607,-1660.0050941803847,108.64214986053146
608,-1652.0,107.0
609,-1565.0,91.0
610,-1533.5641998837289,86.8013779444769
611,-1409.0,94.0
612,-1347.3863482231825,107.32491263914848
613,-1207.0,143.0
614,-1156.0938482492809,157.13248752677478
615,-1112.8479195254386,178.41504668403445
616,-1103.0,183.0
617,-943.0,256.0
618,-839.0,307.0
619,-814.8172527796806,318.7649481144829
620,-722.0,363.0
621,-601.8010313687371,420.1600454139248
622,-579.0,431.0
623,-505.3009923869753,466.0212254081965
624,-407.0,509.0
625,-300.46853567286115,546.0824614409084
626,-224.0,568.0
627,-197.768009372983,574.6692378516866
628,-91.33662014922274,595.9832996145137
629,-57.0,601.0
630,113.0,621.0
631,175.42164617346629,626.7523806212483
632,272.0,630.0
633,306.1800592694851,630.8465449172177
634,546.0,626.0
635,547.8099165831021,625.8117197073724
636,735.3324322010914,597.7492584638509
637,750.0,595.0
638,864.51009869759,568.2943814928763
639,954.0,541.0
640,981.7529678085023,532.3118245838397
641,1071.0,503.0
642,1187.356343164276,460.396985719526
643,1371.0,388.0
644,1473.541388107508,340.4090758273402
645,1482.0,336.0
646,1566.2957684260782,291.1751169596763
647,1676.0,230.0
648,1703.9298095470717,213.6213205766195
1,2110.0,-43.0
2,2112.3118790314916,-44.45734650536786
3,2286.3002787530804,-154.06122314395935
4,2345.0,-191.0
5,2672.2278237896076,-396.53472258233404
6,2711.0,-421.0
7,2754.9820578314966,-448.9338187170406
8,2825.0,-493.0
9,2864.5070358868734,-517.4985158575919
10,2969.0,-582.0
11,3009.6408503545485,-607.0373341580491
12,3145.1688196687205,-689.7755954158782
13,3187.0,-715.0
14,3422.0,-856.0
15,3561.289718156485,-939.3672477211651
16,3645.90501385266,-988.2010822609691
17,3658.0,-995.0
18,3794.0868591017656,-1069.8630141656097
19,3856.0,-1103.0
20,4012.9373513977225,-1184.4059354093424
21,4072.0,-1215.0
22,4160.0,-1261.0
23,4268.0,-1317.0
24,4330.950132156971,-1349.8485792160939
25,4464.346287103162,-1419.8931449185413
26,4516.0,-1447.0
27,4620.458580935778,-1501.823664082146
28,4658.0,-1523.0
29,4682.0,-1537.0
30,4692.567999963272,-1543.492044236282
31,4794.843457387312,-1611.4421287319242
32,4846.0,-1647.0
33,4879.3035068268455,-1672.1809659607748
34,4893.0,-1688.0
35,4911.170389676289,-1706.3353736261515
36,4948.112210793202,-1747.5862077403617
37,4952.0,-1753.0
38,5003.0,-1853.0
39,5011.606984706439,-1881.777956748937
40,5013.186492425795,-1921.2783066698291
41,5013.0,-1926.0
42,5008.0,-1977.0
43,4987.0382035243465,-2040.4374622267233
44,4985.0,-2045.0
45,4970.0,-2074.0
46,4917.97428800276,-2145.643457597709
47,4905.0,-2162.0
48,4881.721514115676,-2189.6627546506443
49,4846.0,-2225.0
50,4838.214208866744,-2232.7856137452372
51,4812.0,-2259.0
52,4771.628887157422,-2298.499470297025
53,4767.0,-2303.0
54,4717.27903867486,-2350.948435181376
55,4713.0,-2355.0
56,4666.0,-2401.0
57,4650.469365216928,-2417.837589323565
58,4579.1344822083365,-2499.507583044991
59,4572.0,-2508.0
60,4513.345432066368,-2589.299198983088
61,4493.0,-2630.0
62,4486.826602564148,-2642.7116394397462
63,4467.0,-2686.0
64,4437.0,-2772.0
65,4424.5606754370965,-2826.4972842482334
66,4414.0,-2921.0
67,4413.0,-2961.0
68,4414.0,-3075.0
69,4408.0,-3212.0
70,4402.979834556949,-3254.149718741431
71,4390.0,-3328.0
72,4363.0,-3438.0
73,4362.831889204654,-3438.5836774552745
74,4326.150413310941,-3544.1784783095313
75,4296.0,-3611.0
76,4259.954526148217,-3678.1100111437163
77,4228.0,-3723.0
78,4123.0,-3843.0
79,4066.9932089952054,-3899.511679632164
80,4016.663335283862,-3935.0757218752606
81,3985.0,-3955.0
82,3847.3185533919577,-4037.7422115282347
83,3805.0,-4062.0
84,3710.560594663557,-4111.063611326497
85,3612.0,-4149.0
86,3462.306575927062,-4199.9973536014395
87,3422.0,-4212.0
88,3194.315056951521,-4258.595200492628
89,3172.0,-4262.0
90,2941.387869196188,-4291.244652383324
91,2822.602212553068,-4299.838093220296
92,2673.4578160412566,-4285.088347744507
93,2487.5387298272726,-4242.536761798394
94,2447.0,-4231.0
95,2154.0,-4133.0
96,2153.2452614630015,-4132.723129527745
97,2072.0674866667637,-4100.336812511241
98,1991.0,-4056.0
99,1977.5836011560364,-4048.8071379569383
100,1937.0,-4027.0
101,1873.9781484107596,-3991.9731293222476
102,1738.0,-3910.0
103,1698.1804047611004,-3885.1538119403112
104,1489.0,-3753.0
105,1412.616434171252,-3704.7472645867356
106,1344.0,-3661.0
107,1343.3655544056535,-3660.593625258581
108,1118.0,-3516.0
109,1042.0166948493945,-3467.22049443601
110,908.1139020920914,-3381.2449741972277
111,836.0,-3335.0
112,691.5448766621397,-3242.469058226601
113,559.0,-3159.0
114,543.3052179555546,-3149.294695496087
115,434.0,-3083.0
116,378.1459675182154,-3050.167375548993
117,279.0,-2994.0
118,164.68823479788344,-2932.2701336571254
119,134.0,-2916.0
120,19.757915924804454,-2856.524779056325
121,-85.0,-2805.0
122,-205.0,-2755.0
123,-299.19566430412067,-2728.054622121313
124,-479.0,-2689.0
125,-503.9154016150847,-2684.935697771464
126,-771.6407132624121,-2686.6990469231155
127,-791.0,-2689.0
128,-910.8414317807246,-2710.0660507522384
129,-934.0,-2717.0
130,-1070.0,-2767.0
131,-1087.033408501963,-2774.705757283319
132,-1281.2589733308566,-2883.8387684821905
133,-1342.0,-2921.0
134,-1386.1812141033288,-2948.058307173964
135,-1457.0,-2987.0
136,-1478.0187989680653,-2997.09027581694
137,-1603.0,-3050.0
138,-1727.2348813352446,-3082.9594645682464
139,-1739.0,-3085.0
140,-1864.0,-3096.0
141,-1979.444658211629,-3089.6449568067674
142,-2038.0,-3081.0
143,-2144.0,-3051.0
144,-2144.753804360659,-3050.6952020569975
145,-2325.0,-2963.0
146,-2387.83384872374,-2926.6111534581564
147,-2516.2015550230194,-2831.696227710912
148,-2556.0,-2798.0
149,-2625.2846389640395,-2734.164172665816
150,-2705.0,-2664.0
151,-2715.1767726534536,-2655.7486917840847
152,-2778.0,-2607.0
153,-2819.3399450771985,-2577.9699907126746
154,-2867.0,-2551.0
155,-3082.410225549014,-2468.7063063067717
156,-3097.0,-2464.0
157,-3229.9071897909353,-2437.3167963791225
158,-3294.0,-2438.0
159,-3330.0421067861935,-2438.642345812242
160,-3367.0,-2440.0
161,-3450.2363824087433,-2448.682833805683
162,-3475.0,-2453.0
163,-3658.477083869227,-2499.419355615004
164,-3736.0,-2523.0
165,-3758.3914633692502,-2530.335535066482
166,-3854.4542205245125,-2570.9682315176733
167,-3873.0,-2581.0
168,-3998.6048448312713,-2655.9295460891576
169,-4066.0,-2701.0
170,-4175.0,-2800.0
171,-4198.034489921897,-2826.747290849471
172,-4298.0,-2957.0
173,-4304.13670414221,-2966.1299649034263
174,-4352.566746926598,-3055.569731045004
175,-4359.0,-3071.0
176,-4389.571926707606,-3160.1122647484217
177,-4392.0,-3169.0
178,-4406.891715182203,-3236.460138938069
179,-4415.0,-3292.0
180,-4418.919703873213,-3344.3614294224235
181,-4419.0,-3399.0
182,-4417.909148976762,-3420.9664422931164
183,-4415.0,-3455.0
184,-4404.5177993971965,-3521.841412736988
185,-4402.0,-3531.0
186,-4359.0,-3647.0
187,-4317.847814940309,-3718.012661097674
188,-4262.0,-3770.0
189,-4200.0,-3814.0
190,-4169.948165960419,-3828.856416849564
191,-4109.0,-3854.0
192,-4102.370144700591,-3856.245378498758
193,-4059.0,-3868.0
194,-4006.0506449782147,-3877.6753588391016
195,-3983.0,-3881.0
196,-3926.0,-3887.0
197,-3859.50808812236,-3890.4442880470197
198,-3702.0,-3894.0
199,-3588.556706013702,-3895.723423534558
200,-3506.0,-3897.0
201,-3475.2472060834616,-3897.8591035154213
202,-3433.0,-3900.0
203,-3397.470527501532,-3902.032871288772
204,-3291.0,-3910.0
205,-3275.93295398615,-3911.504977547179
206,-3129.3164166701836,-3929.236146935661
207,-3086.0,-3935.0
208,-3040.5962198558314,-3941.7010527813595
209,-3008.0,-3947.0
210,-2990.7562800111687,-3949.7224919955343
211,-2844.854234215103,-3972.5227616796346
212,-2793.0,-3981.0
213,-2667.0,-4003.0
214,-2592.7984645148094,-4017.439887283899
215,-2552.0,-4026.0
216,-2465.533351561808,-4045.062206667323
217,-2358.0,-4069.0
218,-2183.0010492908727,-4105.019485947028
219,-2098.512351091394,-4119.687751068193
220,-1994.2723583886632,-4131.730676170933
221,-1882.0,-4139.0
222,-1867.653542764084,-4139.635577194538
223,-1739.0,-4143.0
224,-1722.9186863898487,-4143.118171498438
225,-1595.0,-4142.0
226,-1554.7668853305013,-4141.168554485956
227,-1464.0,-4138.0
228,-1420.5522085663883,-4135.951910955219
229,-1199.0,-4124.0
230,-1178.368473405601,-4122.85042787839
231,-1072.4871623045142,-4116.773293223107
232,-919.0,-4111.0
233,-916.9776479507234,-4110.94340789469
234,-663.4158777853273,-4104.48448750176
235,-601.0,-4103.0
236,-484.0325052064854,-4100.6590193166785
237,-432.0,-4100.0
238,-383.3911000701501,-4099.388411455605
239,-199.0,-4097.0
240,-198.21096835212626,-4096.989141231268
241,-72.50943947736717,-4095.180413375597
242,4.0,-4094.0
243,113.64668788722084,-4092.244616413466
244,130.0,-4092.0
245,348.1889041215902,-4089.274682179591
246,384.0,-4089.0
247,608.6303029971776,-4089.9761837679025
248,671.0,-4091.0
249,831.0,-4100.0
250,858.5217310357194,-4103.244917804609
251,1037.0,-4128.0
252,1126.799239706149,-4142.54417405652
253,1239.7010170876372,-4173.527693594875
254,1290.0,-4191.0
255,1327.5637548004997,-4203.675556215352
256,1478.0,-4254.0
257,1572.9084483979875,-4287.025974287789
258,1618.0,-4303.0
259,1727.0,-4342.0
260,1787.9840688164722,-4363.607588706658
261,1867.0,-4391.0
262,2139.6564365639097,-4481.387349946726
263,2228.0,-4510.0
264,2297.1790825713497,-4532.0450718800275
265,2418.0,-4569.0
266,2418.5719556890567,-4569.172821835176
267,2522.107763146174,-4600.131735623262
268,2626.0,-4628.0
269,2712.7599158542016,-4649.962685063299
270,2884.0,-4692.0
271,2950.644930808923,-4707.879122844211
272,3016.0,-4720.0
273,3131.5515453070857,-4740.155662267045
274,3216.0,-4753.0
275,3304.562343350005,-4763.897704356741
276,3369.0,-4771.0
277,3458.8718880119513,-4780.621224077585
278,3582.9260326227663,-4789.792638100567
279,3678.0,-4792.0
280,3872.6181345159494,-4792.438580129083
281,3955.0,-4792.0
282,4099.089239793339,-4787.83140381326
283,4147.0,-4784.0
284,4336.822280593192,-4769.539351438567
285,4390.0,-4765.0
286,4530.0,-4751.0
287,4548.1389605786,-4748.88311419616
288,4669.0,-4733.0
289,4894.0,-4695.0
290,4917.741446115027,-4690.103691297776
291,5204.0,-4624.0
292,5272.815765573105,-4606.608226189678
293,5442.0,-4555.0
294,5472.153870174843,-4545.4178819571425
295,5610.845251714253,-4501.153050282702
296,5645.0,-4490.0
297,5814.5796573493335,-4432.815961069266
298,5864.0,-4416.0
299,6050.0,-4353.0
300,6182.416954537219,-4308.135129464599
301,6304.0,-4267.0
302,6391.633973244576,-4237.652013182785
303,6457.0,-4216.0
304,6516.264853685547,-4196.09853240408
305,6815.0,-4094.0
306,6860.211398624266,-4078.1177916830334
307,7083.950631108732,-3997.907641066388
308,7183.0,-3962.0
309,7248.130718093889,-3938.26002799844
310,7368.0,-3890.0
311,7390.78152268094,-3880.4896092762488
312,7659.399270460849,-3767.130755633322
313,7702.0,-3749.0
314,7834.431688117337,-3691.5709148840224
315,7933.0,-3646.0
316,8082.952258447812,-3576.9920566584183
317,8098.0,-3570.0
318,8311.0,-3469.0
319,8443.427816559306,-3405.382171811658
320,8606.0,-3327.0
321,8635.961227966105,-3312.503251279487
322,8736.0,-3263.0
323,8888.362620287866,-3183.9602205396513
324,8993.0,-3128.0
325,9096.0,-3070.0
326,9189.236432687949,-3015.191961116326
327,9257.0,-2975.0
328,9305.481634976772,-2946.1471748532404
329,9341.161670974145,-2924.3193004210348
330,9384.0,-2890.0
331,9392.75907551108,-2882.857759172763
332,9508.0,-2787.0
333,9553.0,-2740.0
334,9567.0,-2723.0
335,9638.951888265165,-2614.85849293279
336,9646.0,-2603.0
337,9662.660850157437,-2568.7163422195654
338,9670.0,-2533.0
339,9677.0,-2500.0
340,9677.538994178894,-2493.6869899881845
341,9672.214600502468,-2441.748167508264
342,9655.0,-2391.0
343,9622.007970288414,-2337.9907673251055
344,9591.0,-2301.0
345,9573.459501849977,-2281.2780983606362
346,9566.0,-2274.0
347,9548.054904794888,-2257.278220485311
348,9513.0,-2226.0
349,9504.374190031236,-2218.5825184640603
350,9455.0,-2178.0
351,9448.86206160542,-2173.035985015266
352,9382.48413251893,-2119.4643136972463
353,9377.0,-2115.0
354,9330.913225182318,-2076.4817542436176
355,9303.0,-2050.0
356,9266.225684948495,-2012.3966953054955
357,9246.0,-1990.0
358,9217.56106593402,-1955.0438198226589
359,9197.0,-1926.0
360,9171.159877846776,-1882.629346222423
361,9153.0,-1845.0
362,9143.0,-1820.0
363,9138.336333605937,-1807.0577890233149
364,9124.780577334823,-1759.7241763692632
365,9120.0,-1718.0
366,9119.51939799552,-1683.4161828815636
367,9121.0,-1643.0
368,9124.67213414137,-1604.5685558537098
369,9135.0,-1565.0
370,9145.381816331226,-1533.4162464298176
371,9152.0,-1515.0
372,9163.153759235884,-1487.20258254806
373,9187.0,-1442.0
374,9206.616271482773,-1412.5237533291743
375,9255.0,-1350.0
376,9272.684615007684,-1330.7020001180758
377,9326.0,-1290.0
378,9326.480031479454,-1289.6592980801083
379,9336.0,-1283.0
380,9436.733944012794,-1235.1788073471157
381,9449.0,-1231.0
382,9508.340405599625,-1215.8231669758072
383,9565.0,-1208.0
384,9617.211030205075,-1203.7408730346658
385,9632.0,-1203.0
386,9719.0,-1202.0
387,9747.727417026306,-1201.8778883900463
388,9848.0,-1201.0
389,9913.849526407925,-1199.4442685932145
390,9994.0,-1190.0
391,9994.468226703179,-1189.9101306822138
392,10083.0,-1168.0
393,10109.220635221513,-1158.96796957822
394,10163.0,-1135.0
395,10238.771055437393,-1091.7558298108902
396,10247.0,-1086.0
397,10355.0,-991.0
398,10378.996167021149,-965.1589387656742
399,10438.0,-881.0
400,10445.871481068867,-869.1196683441631
401,10478.0,-818.0
402,10478.200597035384,-817.6416727893462
403,10522.0,-726.0
404,10527.786346670018,-711.9207300128003
405,10551.0,-640.0
406,10552.570367720407,-633.5448301041532
407,10564.830303595027,-563.6372246618886
408,10566.0,-547.0
409,10566.0,-519.0
410,10562.100990770441,-488.52702996888286
411,10556.0,-471.0
412,10532.05861219866,-440.2633134402173
413,10507.0,-422.0
414,10486.56062970768,-411.0891468770472
415,10466.0,-401.0
416,10413.241298152758,-371.37796531280793
417,10389.0,-343.0
418,10385.0,-333.0
419,10383.216011464901,-327.313613748224
420,10378.0,-272.0
421,10381.852723751177,-235.76660126448098
422,10390.0,-195.0
423,10401.0,-150.0
424,10402.450243060292,-144.10902389653717
425,10412.0,-105.0
426,10422.38247693187,-64.7065718526375
427,10434.0,-23.0
428,10457.775850459242,54.985935864045544
429,10460.0,62.0
430,10490.080422224519,153.26683215582187
431,10495.0,167.0
432,10518.0,226.0
433,10529.365213754489,257.3528456439523
434,10537.0,281.0
435,10554.068730717145,341.56574393194046
436,10557.0,355.0
437,10551.0,448.0
438,10550.929432931629,448.17844226424677
439,10532.632344020247,481.2712263751695
440,10502.0,515.0
441,10477.87635402104,534.8166078388324
442,10475.0,537.0
443,10453.649797391254,552.2751664247644
444,10431.0,565.0
445,10381.793931504188,588.3004986369542
446,10365.0,596.0
447,10347.742281330686,604.015936352241
448,10335.0,608.0
449,10299.099115233252,618.4825920058216
450,10221.0,640.0
451,10204.21023433156,643.82376751628
452,10171.0,649.0
453,10161.39068910156,650.4120517575736
454,10117.0,656.0
455,10107.263477846041,656.9150329853358
456,9956.0,667.0
457,9954.842188168477,667.0621020726533
458,9913.491485598854,668.4496598112113
459,9884.0,669.0
460,9826.594149853747,670.9058393470018
461,9791.0,672.0
462,9717.967586799057,673.766056401186
463,9709.0,674.0
464,9580.0,678.0
465,9527.367223563755,679.5833688619764
466,9444.986557526645,682.0486349963335
467,9415.0,683.0
468,9259.730504640529,688.0360572081443
469,9229.0,689.0
470,9150.591544276429,690.899673832845
471,9113.0,692.0
472,9049.087758283533,694.171461903614
473,8995.0,696.0
474,8861.0,700.0
475,8837.69008789105,700.6701884184333
476,8660.0,706.0
477,8626.891008700095,707.0741629406599
478,8477.0,712.0
479,8391.1998138058,714.5279017480145
480,8289.0,717.0
481,8262.927460095247,717.6107399955315
482,8152.0,720.0
483,8095.363718539889,720.891625255944
484,8027.0,722.0
485,7841.496807812348,726.7294718906066
486,7829.0,727.0
487,7742.073441154145,728.3890759712671
488,7656.0,730.0
489,7471.623406169292,734.3803228709388
490,7406.0,736.0
491,7297.225595777773,738.5541029860843
492,7272.0,739.0
493,7076.856143547254,742.6184308955928
494,7061.0,743.0
495,6909.0,747.0
496,6908.1159842163825,747.0188478654894
497,6798.0,749.0
498,6757.075945246574,749.7726249425464
499,6539.975063305804,754.5244607548755
500,6436.0,757.0
501,6364.113690809792,758.8272836028016
502,6279.0,761.0
503,6216.5119753553745,762.4596872733001
504,6036.219933800916,766.4221885081015
505,6008.0,767.0
506,5960.0,768.0
507,5798.515133552531,773.3062454674254
508,5750.0,775.0
509,5572.0,781.0
510,5535.941574947464,782.2218377997415
511,5267.327981755438,791.5049239449663
512,5091.8007584752895,797.6975728953246
513,4884.599833201682,805.0664155796676
514,4663.0,813.0
515,4661.692232867466,813.0471104098626
516,4533.884823540303,817.6856699207651
517,4410.0,822.0
518,4341.454806107693,824.3128925485751
519,4206.0,829.0
520,3982.436087500422,837.4460327182373
521,3967.0,838.0
522,3790.1451394309374,843.5682852125029
523,3777.0,844.0
524,3549.567587930675,852.153664776398
525,3499.0,854.0
526,3359.0,859.0
527,3333.5452470649766,859.8771283753973
528,3116.559412004869,867.2507248982466
529,3095.0,868.0
530,2966.6524900131244,872.8059406134535
531,2882.0,876.0
532,2881.3213270456426,876.0235244053038
533,2580.0,886.0
534,2560.060193768999,886.72820633531
535,2473.0,890.0
536,2321.1458017838845,895.3543585516036
537,2240.0,898.0
538,1916.0,908.0
539,1896.7880730076154,908.5783990556705
540,1805.7444583267845,911.2385180473711
541,1670.0310253724795,913.6008113011076
542,1645.0,914.0
543,1391.0,918.0
544,1280.184705869719,919.9576346502911
545,1222.4843575598907,921.3587781996083
546,1191.0,922.0
547,770.0,930.0
548,768.9788225002271,930.0196080707706
549,625.7125914946292,932.8970286042913
550,568.0,934.0
551,419.0959711177212,936.6864796294151
552,402.0,937.0
553,144.0,942.0
554,86.6818962936739,943.1930118273277
555,-3.0,945.0
556,-58.782356644695405,945.9744217258653
557,-188.0,948.0
558,-296.438712609213,949.8215392943071
559,-467.0,953.0
560,-576.147415438481,955.4482935659858
561,-730.0,960.0
562,-731.581674605783,960.0549352167728
563,-955.0,972.0
564,-1013.2202032223656,976.8852376171119
565,-1328.0,1007.0
566,-1329.1841405418043,1007.116182744048
567,-1468.3021411144452,1021.0701831531367
568,-1525.0,1027.0
569,-1552.2539175197921,1029.8327058657771
570,-1700.0,1045.0
571,-1809.2618783575044,1055.7350122512948
572,-1876.0,1062.0
573,-1953.6510743160766,1068.8174503141722
574,-1992.0,1072.0
575,-2132.0,1080.0
576,-2158.5939905599976,1079.9991686490907
577,-2248.0,1078.0
578,-2258.7420838216835,1077.605496257043
579,-2353.0,1068.0
580,-2358.204776810341,1067.3548757036579
581,-2391.0,1063.0
582,-2414.418328505107,1058.3656840102153
583,-2437.0,1053.0
584,-2479.750487001723,1041.092272788006
585,-2499.0,1034.0
586,-2540.0,1013.0
587,-2544.369436039294,1010.1991511035671
588,-2597.0,963.0
589,-2605.359323228957,951.931144122532
590,-2619.0,929.0
591,-2633.0,886.0
592,-2638.0,833.0
593,-2632.0,789.0
594,-2624.4613506159258,762.3227407972118
595,-2622.0,755.0
596,-2607.0483031434765,719.1044778468017
597,-2598.0,702.0
598,-2587.4956239512167,684.6930806479622
599,-2568.2227087206484,657.5719569602358
600,-2528.0,612.0
601,-2514.9259266809286,599.3168287782077
602,-2498.0,584.0
603,-2479.5331886211834,568.3808448428261
604,-2451.0,546.0
605,-2436.802952579871,535.4337069373587
606,-2400.0,509.0
607,-2365.416846290582,485.39231110894616
608,-2360.0,482.0
609,-2292.0,445.0
610,-2280.0,439.0
611,-2257.3190325950286,427.3894597030885
612,-2156.9544826691877,367.2644396643077
613,-2141.0,357.0
614,-2069.0,311.0
615,-2039.8617859032365,292.5607193046197
616,-1974.8746037264173,251.4732048948437
617,-1960.0,242.0
618,-1903.7939877480512,206.05113274868665
619,-1843.0,176.0
620,-1814.441076718783,163.91351120677982
621,-1691.0,117.0
622,-1633.368921485638,98.45079750444694
623,-1579.77653675161,92.22006260733593
624,-1564.0,91.0
625,-1468.0,87.0
626,-1455.8084173460181,87.7261883164361
627,-1362.0,102.0
628,-1288.7299064793604,118.82088812856209
629,-1221.0,138.0
630,-1106.0,181.0
631,-998.3391154235785,230.04214562878647
632,-796.0,327.0
633,-702.6662564693419,371.7120797496334
634,-580.7863787991548,430.60361275466033
635,-574.0,434.0
636,-477.0,479.0
637,-450.44262746634075,488.93748630247995
638,-235.96822906591126,562.7618929500569
639,-206.0,572.0
640,-44.22276661017292,605.0466530572606
641,1.0,610.0
642,144.90315684421086,623.9898189725927
643,158.0,625.0
644,256.0289655117765,629.7390794365608
645,274.0,630.0
646,500.0445788027996,628.4365463142404
647,520.0,628.0
648,675.3184091206273,610.4010093586546
649,695.0,606.0
650,870.0,566.0
651,900.040253439764,557.6410109791127
652,1001.0,526.0
653,1104.429413803589,491.3076081264415
654,1117.0,487.0
655,1325.177515334481,408.29250718480966
656,1359.0,393.0
657,1525.0,313.0
658,1562.1914359845857,294.35200497522044
659,1683.6227921302464,229.11181606391915
660,1712.0,209.0
0,1921.0,75.0
1,2137.507192452244,-60.089844041289446
2,2166.0,-78.0
3,2253.4796031431997,-133.44945787031347
4,2316.0,-173.0
5,2415.9653614999866,-235.50793817174903
6,2455.0,-260.0
7,2580.0,-339.0
8,2581.5313353698475,-339.9669785995353
9,2717.0467596785725,-425.3190068402174
10,2860.0,-515.0
11,2937.3663287312856,-563.2591827184083
12,3002.0,-603.0
13,3058.5146386793954,-637.4075458222127
14,3275.0,-768.0
15,3406.0,-846.0
16,3408.1406621216665,-847.2676538401502
17,3650.0,-990.0
18,3708.8816459139966,-1024.2847960510182
19,3776.7479881988124,-1061.7316392334053
20,3834.0,-1091.0
21,4047.0,-1202.0
22,4108.0,-1234.0
23,4152.848073174635,-1257.445105745905
24,4323.0,-1346.0
25,4379.638315552611,-1375.677043009674
26,4468.0,-1422.0
27,4498.261470613524,-1437.7123172633228
28,4543.0,-1461.0
29,4589.999010189742,-1486.1300075032414
30,4646.0,-1517.0
31,4745.0,-1576.0
32,4761.2366921988705,-1586.6771108363268
33,4822.0,-1629.0
34,4833.915925256408,-1637.6506354171293
35,4870.0,-1667.0
36,4957.0,-1761.0
37,4961.412742427765,-1766.3372767020744
38,4982.935925469934,-1796.1250903682376
39,4995.0,-1830.0
40,5002.940983044373,-1855.0820258449817
41,5007.0,-1871.0
42,5012.0,-1917.0
43,5009.874427495517,-1958.4837488476703
44,5008.0,-1973.0
45,4987.0,-2039.0
46,4983.674903146744,-2045.5252124073804
47,4950.0,-2104.0
48,4926.070741964462,-2139.3583839014377
49,4880.20271469585,-2189.753354797343
50,4867.0,-2203.0
51,4846.554198486335,-2223.4126754393956
52,4835.0,-2235.0
53,4792.55247180462,-2277.7376395633914
54,4769.0,-2301.0
55,4716.0,-2352.0
56,4715.495870487415,-2352.487804129317
57,4674.0,-2393.0
58,4652.326133623205,-2414.3241081754713
59,4630.0,-2438.0
60,4589.9222166788195,-2486.551553647814
61,4523.877507641799,-2576.83939457468
62,4519.0,-2584.0
63,4477.1134179600995,-2657.161863433628
64,4460.0,-2702.0
65,4445.451968232621,-2745.343174999367
66,4435.0,-2780.0
67,4420.1183360553905,-2851.0293385167083
68,4419.0,-2862.0
69,4413.0,-3053.0
70,4413.432640785222,-3111.75224233876
71,4413.120108722173,-3146.488015873438
72,4412.0,-3160.0
73,4405.594194770323,-3218.094508231545
74,4389.0,-3333.0
75,4388.910598983982,-3333.5189358835164
76,4365.0,-3432.0
77,4345.390233562261,-3486.75312227735
78,4300.0,-3602.0
79,4257.241683609087,-3696.651032669873
80,4221.05475659247,-3735.8563452757176
81,4208.0,-3750.0
82,4117.775767579679,-3846.8777669816295
83,4091.0,-3873.0
84,4023.0,-3928.0
85,3988.264074719309,-3951.8227060892814
86,3850.0,-4038.0
87,3805.054663311149,-4063.226170001694
88,3687.0,-4118.0
89,3612.675760911514,-4149.197240785798
90,3528.0,-4179.0
91,3455.0419091006197,-4200.765462641551
92,3295.0,-4242.0
93,3260.1900918725073,-4249.642318508118
94,3076.895980168192,-4274.198496285157
95,3014.0,-4278.0
96,2955.6652076532664,-4280.31197153965
97,2860.404712760198,-4280.697367235043
98,2800.0,-4279.0
99,2742.0,-4276.0
100,2553.42351785405,-4249.291612024242
101,2441.0,-4229.0
102,2414.3612535863736,-4223.692688464744
103,2355.1399891687956,-4208.15420809323
104,2313.0,-4193.0
105,2249.9909104752596,-4169.526845841683
106,2117.0,-4117.0
107,2053.013306245269,-4088.398977222231
108,1966.0,-4043.0
109,1790.4489315296585,-3941.2162131639866
110,1753.0,-3919.0
111,1612.7776836187077,-3832.9108073028515
112,1516.0,-3770.0
113,1490.5425272548805,-3753.883373486273
114,1410.0,-3703.0
115,1355.9113796895438,-3668.3720559219864
116,1304.0,-3635.0
117,1248.5772595372623,-3599.496778066465
118,1171.0,-3550.0
119,1145.3994519570726,-3533.7182451961726
120,1050.0,-3473.0
121,937.5685647749508,-3400.961995916757
122,637.0,-3208.0
123,588.2638186178251,-3176.904854915119
124,528.0,-3140.0
125,480.01402337238926,-3110.5645301482064
126,376.0,-3048.0
127,247.45045147265654,-2976.740564997911
128,220.0,-2962.0
129,134.02877744334913,-2916.3659314596125
130,91.0,-2894.0
131,11.883822514771637,-2853.7527059175277
132,-113.29746990615092,-2792.9851816655746
133,-140.0,-2781.0
134,-212.0,-2752.0
135,-265.7404089428869,-2734.024087227251
136,-406.0,-2699.0
137,-543.0,-2683.0
138,-561.2092104012137,-2682.179745477803
139,-777.0,-2688.0
140,-850.8109175753201,-2693.5555026711427
141,-996.0,-2737.0
142,-1215.0,-2843.0
143,-1352.0,-2928.0
144,-1459.0,-2988.0
145,-1492.6329669134552,-3005.400830719924
146,-1587.0,-3044.0
147,-1618.2666279631803,-3052.9457132574685
148,-1766.1547252080836,-3084.9981907459073
149,-1812.0,-3093.0
150,-1894.8417174652873,-3100.8286818608426
151,-1948.084876879149,-3093.4278829866917
152,-1957.0,-3092.0
153,-2059.4168928731424,-3074.0865323820317
154,-2142.0,-3052.0
155,-2175.0,-3039.0
156,-2175.611188921968,-3038.728731668913
157,-2375.131129844575,-2929.5649213628694
158,-2388.0,-2922.0
159,-2501.784108601075,-2846.8409487389313
160,-2549.1078355612767,-2804.289117683801
161,-2556.0,-2798.0
162,-2620.7240082669105,-2738.5636674008374
163,-2650.0,-2712.0
164,-2689.0,-2677.0
165,-2698.0801939473968,-2668.769789359531
166,-2824.0,-2576.0
167,-2856.912743548158,-2560.113983760683
168,-3059.0,-2474.0
169,-3094.33938110862,-2460.6606481458343
170,-3171.0,-2449.0
171,-3181.417634060388,-2448.320041866594
172,-3363.0,-2440.0
173,-3364.226383639285,-2440.014057000055
174,-3493.0,-2455.0
175,-3678.6798899157898,-2503.5427350561927
176,-3698.0,-2509.0
177,-3853.162365121463,-2565.5453295801753
178,-3890.0,-2589.0
179,-3906.0459753191044,-2599.4757671233037
180,-4050.335267399662,-2696.7274864699407
181,-4164.0,-2788.0
182,-4221.0,-2851.0
183,-4239.082687450686,-2873.993344460682
184,-4298.0,-2957.0
185,-4329.17752130882,-3006.406028411162
186,-4375.0,-3112.0
187,-4391.9252595452235,-3174.8755320516366
188,-4412.0,-3264.0
189,-4419.386476349511,-3301.0261404493185
190,-4418.0,-3322.0
191,-4419.0,-3388.0
192,-4418.319479931007,-3413.9914154514076
193,-4411.0,-3483.0
194,-4398.053006159043,-3539.02135423994
195,-4373.0,-3618.0
196,-4353.051868669441,-3665.687049203466
197,-4324.864655312622,-3704.425881333925
198,-4316.0,-3715.0
199,-4289.0,-3745.0
200,-4283.337186405323,-3750.5679255720443
201,-4228.991184612135,-3793.8921472332886
202,-4170.0,-3830.0
203,-4153.765623916384,-3838.2853836616096
204,-4106.350211520453,-3855.4546536693992
205,-4101.0,-3857.0
206,-4054.5539919945604,-3869.028453178808
207,-4003.0,-3878.0
208,-3862.4889302348347,-3889.5225960192743
209,-3837.0,-3891.0
210,-3774.0,-3893.0
211,-3766.6695938028156,-3893.070718312838
212,-3653.0,-3894.0
213,-3595.4254872690362,-3895.0494703932486
214,-3526.0,-3897.0
215,-3442.84775086213,-3900.0018273011456
216,-3347.0,-3905.0
217,-3346.4399145263033,-3905.038256930896
218,-3245.1024008983854,-3914.3994119797103
219,-3168.0,-3924.0
220,-3166.98488591472,-3924.1330728596804
221,-3060.285641476939,-3938.9829734596947
222,-3027.0,-3944.0
223,-2941.344843701117,-3957.5890768161903
224,-2907.0,-3963.0
225,-2780.0,-3983.0
226,-2748.816777659689,-3988.5206442800177
227,-2618.0,-4013.0
228,-2589.9171627027627,-4018.4195234607882
229,-2515.2794404664974,-4033.5350504830976
230,-2428.3542556978964,-4052.7863595605368
231,-2414.0,-4056.0
232,-2216.0,-4100.0
233,-2145.9495633115957,-4113.786812202679
234,-2067.0,-4124.0
235,-2031.0372034936586,-4127.673593090743
236,-1871.0,-4140.0
237,-1742.0,-4143.0
238,-1741.2783907173327,-4143.003862753563
239,-1612.0,-4142.0
240,-1598.1805322766213,-4141.7222090165915
241,-1454.9817693195505,-4136.820606197948
242,-1437.0,-4136.0
243,-1185.0,-4123.0
244,-1084.787619267595,-4117.767503333996
245,-939.0,-4112.0
246,-798.0,-4108.0
247,-750.5795227685437,-4106.55261445305
248,-629.0,-4103.0
249,-591.7847429445852,-4102.2003208539045
250,-374.9391378371764,-4098.787646800099
251,-319.0,-4098.0
252,-242.73870344927158,-4096.9477386576345
253,-83.0,-4095.0
254,48.31644404557629,-4093.5455014217905
255,90.0,-4093.0
256,298.0,-4090.0
257,336.76786846109025,-4089.4032637940545
258,428.6773861774167,-4088.0420796797353
259,459.0,-4088.0
260,702.0230191645995,-4091.3846283988905
261,717.0,-4092.0
262,893.8782631987652,-4105.910390136811
263,910.0,-4108.0
264,1070.684671616409,-4134.91712854667
265,1086.0,-4138.0
266,1214.0,-4169.0
267,1277.458435702772,-4187.32748105012
268,1341.0,-4207.0
269,1483.0,-4255.0
270,1531.046936365266,-4271.992022912627
271,1750.0,-4351.0
272,1939.0,-4416.0
273,2050.0,-4453.0
274,2258.0,-4520.0
275,2370.0,-4554.0
276,2530.1322694309943,-4601.981746803433
277,2597.0,-4620.0
278,2860.0,-4687.0
279,2862.4157721700826,-4687.600036528069
280,2994.977025902792,-4718.6212718521065
281,3078.0,-4731.0
282,3231.0,-4755.0
283,3307.6120611965325,-4765.590207818209
284,3420.0,-4776.0
285,3535.409502075013,-4783.262158317461
286,3749.0,-4794.0
287,3833.8628692974635,-4797.125670863333
288,3911.725039515526,-4793.454731702483
289,3924.0,-4793.0
290,4064.0,-4788.0
291,4179.912379743055,-4780.89244067961
292,4500.0,-4754.0
293,4606.46938955993,-4743.053112268184
294,4732.717845474084,-4723.988391997121
295,4762.0,-4719.0
296,4918.0,-4691.0
297,4934.594943004747,-4687.778953396902
298,5090.0,-4653.0
299,5277.273567265008,-4603.1977999640785
300,5347.0,-4584.0
301,5534.0,-4527.0
302,5576.792751753754,-4512.962455830169
303,5754.087583741048,-4454.2176919363355
304,5787.0,-4443.0
305,5888.0,-4408.0
306,6026.300904401422,-4361.097045340115
307,6125.0,-4328.0
308,6217.969195476427,-4296.75327410717
309,6294.0,-4271.0
310,6515.148259712976,-4195.619687795831
311,6564.0,-4179.0
312,6776.714755816844,-4107.435509077446
313,6923.0766910793,-4056.988820270766
314,6937.0,-4052.0
315,7260.798195755729,-3931.4703371724613
316,7275.0,-3926.0
317,7404.916696109474,-3874.84711758659
318,7591.0,-3797.0
319,7720.8918857447425,-3740.4325642656086
320,7756.0,-3725.0
321,7970.0,-3630.0
322,8020.0252105114205,-3607.2787736172495
323,8148.504966364531,-3546.7537512355934
324,8263.0,-3492.0
325,8372.202490422993,-3439.9261229301555
326,8523.0,-3368.0
327,8541.287900615493,-3359.2525685663245
328,8705.985761352018,-3278.791317058726
329,8733.0,-3265.0
330,8860.0,-3199.0
331,8921.429559015949,-3166.356485558778
332,9098.0,-3069.0
333,9134.781589982078,-3047.965792734225
334,9229.0,-2992.0
335,9320.0,-2934.0
336,9394.480388322387,-2881.754908466402
337,9403.0,-2875.0
338,9496.686405996006,-2796.0032322509137
339,9521.0,-2775.0
340,9554.227216325682,-2740.9691172989033
341,9564.0,-2727.0
342,9590.05693277307,-2691.0431205443615
343,9624.0,-2644.0
344,9643.88082719285,-2612.906634314678
345,9652.0,-2588.0
346,9660.453875904113,-2562.097209440326
347,9674.0,-2516.0
348,9677.0,-2492.0
349,9676.648155744311,-2482.595808380513
350,9665.490882273594,-2423.876470464903
351,9656.0,-2393.0
352,9625.554293788438,-2341.768344408054
353,9612.0,-2326.0
354,9596.0,-2308.0
355,9595.665906326953,-2307.6305831460045
356,9568.276746879312,-2278.243873312479
357,9551.0,-2261.0
358,9539.913639295994,-2250.5513067564584
359,9499.0,-2215.0
360,9475.84347710845,-2195.6472470638673
361,9424.494939512819,-2153.4640147087302
362,9419.0,-2149.0
363,9367.86323729552,-2108.062212398449
364,9314.0,-2060.0
365,9299.803932514827,-2044.8093063359381
366,9239.112567288104,-1964.8810768126211
367,9200.256922794526,-1897.5335472184838
368,9149.171560222396,-1780.7508780599157
369,9127.193433656272,-1705.5008881121646
370,9120.0,-1648.0
371,9119.949367536938,-1642.7709604374363
372,9129.908752578476,-1581.536003753924
373,9136.0,-1561.0
374,9152.0,-1514.0
375,9175.0,-1463.0
376,9178.413413478842,-1456.9523932440338
377,9243.0,-1364.0
378,9246.556340798195,-1359.464679507985
379,9268.834579088572,-1333.755026145694
380,9296.0,-1312.0
381,9339.863021940688,-1282.9610092057987
382,9388.0,-1255.0
383,9426.933574660346,-1237.225526404913
384,9472.0,-1224.0
385,9503.865192573197,-1216.9966186637616
386,9539.0,-1211.0
387,9560.870145395398,-1208.2541596256124
388,9597.0,-1205.0
389,9617.074062827629,-1203.7564244698874
390,9699.0,-1202.0
391,9863.0,-1200.0
392,9910.947922133168,-1199.970811917201
393,9943.0,-1196.0
394,9973.984361422923,-1190.4039453644414
395,10081.616964989698,-1167.4146764473444
396,10109.0,-1159.0
397,10180.0,-1126.0
398,10220.352235612825,-1101.3398258478974
399,10301.0,-1045.0
400,10330.385711697105,-1019.7973445060635
401,10369.014886077512,-975.4783469506236
402,10378.0,-964.0
403,10469.0,-833.0
404,10473.384431837982,-825.918374157191
405,10481.0,-813.0
406,10514.331647879937,-740.8979229317007
407,10547.0,-655.0
408,10547.097541315732,-654.7284606803256
409,10554.712147947603,-625.2713197577256
410,10556.0,-616.0
411,10559.961177452518,-590.8380057944456
412,10565.0,-556.0
413,10567.288252536904,-525.3419890341986
414,10565.0,-510.0
415,10553.65659107914,-481.0887797457422
416,10522.0,-434.0
417,10518.711399763033,-430.32396006534725
418,10497.308427077754,-415.83666189045607
419,10464.0,-401.0
420,10443.453707990844,-386.6214115501997
421,10389.390636978813,-339.1505886979902
422,10386.0,-335.0
423,10376.191230112729,-279.2374823858747
424,10380.0,-257.0
425,10385.909467503965,-218.73421228927987
426,10389.0,-202.0
427,10397.73347051319,-165.0671991773574
428,10399.0,-160.0
429,10413.0,-104.0
430,10419.293527750757,-79.49958400561022
431,10440.0,-4.0
432,10490.529371514021,155.15330359971978
433,10499.0,180.0
434,10522.767895619365,243.897227254104
435,10538.0,284.0
436,10540.691212060516,291.965826418298
437,10555.644178391525,348.35437225904457
438,10558.0,366.0
439,10559.337234775137,403.4211455816846
440,10559.0,408.0
441,10544.0,462.0
442,10540.336769367545,469.4604867334664
443,10522.0,495.0
444,10483.559894786527,528.7741158639041
445,10463.0,545.0
446,10440.55699756365,561.4706045608036
447,10407.0,577.0
448,10406.838226605047,577.0737647278804
449,10359.0,599.0
450,10334.337545892115,608.6351207357859
451,10324.0,612.0
452,10232.0,637.0
453,10219.71037280296,640.0457354914621
454,10186.361790383278,646.8909466588602
455,10165.0,650.0
456,10134.243741298633,654.2910948784609
457,10092.0,659.0
458,10046.0,662.0
459,10032.235809438198,662.8819589905129
460,9980.0,666.0
461,9905.009013587367,668.637561007853
462,9816.0,671.0
463,9749.704960332476,672.865321535066
464,9701.07042366288,674.3658886661784
465,9649.0,676.0
466,9621.591956466124,676.8616656402596
467,9467.21574773278,681.7253101202677
468,9346.805096107195,685.5406279471096
469,9301.0,687.0
470,9210.708077077594,689.8890032902061
471,9132.0,692.0
472,9119.761537947472,692.2674559049802
473,9085.0,693.0
474,8977.392100976747,695.9185875629463
475,8941.0,697.0
476,8879.748919674486,698.8386902622835
477,8780.0,702.0
478,8729.194755090593,703.7628365141136
479,8665.0,706.0
480,8535.0,710.0
481,8442.436031991996,712.3664147646838
482,8375.0,714.0
483,8333.858896630309,715.0087084803249
484,8253.0,717.0
485,8180.273719494828,718.7655940330499
486,8087.0,721.0
487,7894.869999587698,725.566572032792
488,7832.0,727.0
489,7673.0,730.0
490,7512.0,734.0
491,7379.0,736.0
492,7242.259693701329,739.1066687098327
493,7168.0,741.0
494,7001.0,745.0
495,6969.080863536119,745.6669944511877
496,6848.0,748.0
497,6719.998948307967,750.6501203714963
498,6705.0,751.0
499,6549.0,755.0
500,6500.120594828318,756.123275915008
501,6373.26582319744,758.7117275116752
502,6359.0,759.0
503,6263.0,761.0
504,6246.227293242759,761.3818392565388
505,6103.0,765.0
506,6085.332610450181,765.4614161343219
507,5892.999064047886,770.6228047537137
508,5845.0,772.0
509,5728.837158190458,775.524160465023
510,5714.0,776.0
511,5564.72794527936,781.1548516386442
512,5435.0,786.0
513,5400.321260987352,787.3269158635997
514,5303.0,791.0
515,5239.610011261515,793.1642448350008
516,5154.0,796.0
517,5041.90310663885,799.9057716422577
518,4785.0,809.0
519,4738.0081355144575,810.563761837891
520,4600.0,815.0
521,4505.671914612392,818.7723280234507
522,4395.0,823.0
523,4276.3934624684625,826.8854305140801
524,4241.0,828.0
525,4086.0,833.0
526,4018.6139746470762,835.4403794632763
527,3896.0,840.0
528,3809.1298192946906,843.020537867635
529,3722.0,846.0
530,3633.142756523839,849.1309703232288
531,3582.0,851.0
532,3431.8725228974345,856.7937656286938
533,3371.0,859.0
534,3192.686041965587,864.9947503645894
535,2948.0,873.0
536,2869.5752031248708,876.033066181857
537,2820.0,878.0
538,2796.9457253939167,878.8213302305974
539,2499.0,889.0
540,2406.2735879712,892.4971828630769
541,2285.0,897.0
542,2120.08765713774,902.3407700127564
543,1835.0,910.0
544,1778.6104303405339,911.4436227984382
545,1655.5736862251051,914.1338476878975
546,1599.0,915.0
547,1454.0,917.0
548,1268.5830673321848,920.3642795147009
549,1236.0,921.0
550,1137.3963267527006,922.9404082166037
551,1035.0,925.0
552,887.3437797394205,928.0115040100682
553,689.0,932.0
554,610.3497372836542,933.3177853287891
555,561.0,934.0
556,403.2680554898481,937.003915776544
557,304.0,939.0
558,136.48498210611467,942.468854476668
559,46.0,944.0
560,-27.0,945.0
561,-46.63834256056397,945.2971474045296
562,-193.0,948.0
563,-241.30607591306307,948.9219379893227
564,-599.0,956.0
565,-696.683107800551,958.3653990923273
566,-872.0989919566489,966.705541079863
567,-933.0,971.0
568,-1121.0,986.0
569,-1386.728064422701,1012.9790313983935
570,-1435.0,1018.0
571,-1567.1423997448853,1031.3940889048502
572,-1676.0,1042.0
573,-1824.0,1057.0
574,-1825.7307243740247,1057.1599480646425
575,-1978.0883956416058,1069.9563684159145
576,-2077.0,1077.0
577,-2145.37857203876,1080.4780162697896
578,-2222.0,1079.0
579,-2232.1392366812865,1078.614890158562
580,-2318.5823892803346,1073.4181589558502
581,-2345.0,1070.0
582,-2429.0,1055.0
583,-2440.302460356638,1052.520077090975
584,-2494.0,1036.0
585,-2536.165787169471,1014.761655055338
586,-2551.0,1005.0
587,-2581.0,980.0
588,-2584.0329668328404,976.9632685143245
589,-2603.0,955.0
590,-2613.4417340539617,939.8312489099601
591,-2625.527605649396,911.6664611669273
592,-2628.0,902.0
593,-2637.0,849.0
594,-2639.6162710235744,830.2167735556436
595,-2638.447400281286,814.9463575037172
596,-2631.0,790.0
597,-2614.0,735.0
598,-2601.7859356037343,701.521146856815
599,-2582.0,676.0
600,-2574.585153913226,666.7206473438796
601,-2550.529992489254,636.9085153052836
602,-2541.0,626.0
603,-2513.0,597.0
604,-2493.319312654794,578.9914163498811
605,-2468.0,558.0
606,-2458.56262228115,550.6660087806688
607,-2418.8665166749765,521.521599119181
608,-2414.0,518.0
609,-2352.0,476.0
610,-2320.861625363563,459.05495349610794
611,-2257.0,427.0
612,-2219.1882418866717,406.59047779275693
613,-2180.7474826503844,383.05738412173463
614,-2142.0,358.0
615,-2067.0,309.0
616,-2058.8631220167845,303.8013450912954
617,-1995.0,264.0
618,-1970.8775173029987,248.83083041928143
619,-1929.0,223.0
620,-1866.8538717821502,188.12876115348314
621,-1784.0,149.0
622,-1706.0,121.0
623,-1695.3522796534535,117.8718202286402
624,-1568.1453795832167,92.12805446636999
625,-1558.0,91.0
626,-1460.6918686834745,88.10466312656231
627,-1439.0,90.0
628,-1391.0,97.0
629,-1343.4498284541628,105.771991897632
630,-1271.0,123.0
631,-1117.9543477590303,176.45756460282504
632,-1083.0,191.0
633,-978.0,240.0
634,-944.4924412659768,256.18559084427227
635,-862.0,296.0
636,-755.0,347.0
637,-730.919130030509,358.52226731071966
638,-647.0,399.0
639,-565.0590836107332,438.58717001934696
640,-537.0,451.0
641,-242.0,563.0
642,-146.0,585.0
643,167.0,625.0
644,306.46727660493696,633.7850870040295
645,458.0,631.0
646,492.86505751939114,629.3124549056234
647,582.7673887525827,622.4538550916717
648,632.0,616.0
649,806.0,582.0
650,807.4659911417816,581.6451405831034
651,937.0,546.0
652,1010.6972158641377,523.2362847515685
653,1168.0,470.0
654,1182.3050501853736,464.86323411924275
655,1291.214941561939,423.1418761930557
656,1322.0,410.0
657,1425.0,363.0
658,1486.460070850404,332.8500780971755
659,1602.0,270.0
660,1616.6047072827985,261.6829072767728
661,1803.0,151.0
2,2342.0,-189.0
3,2343.999153409317,-190.25895212544498
4,2450.212040286877,-257.06146685777884
5,2474.0,-272.0
6,2608.9469810941278,-356.6328163343871
7,2662.0,-390.0
8,2723.4162104605675,-428.73586621713713
9,2781.0,-465.0
10,2930.0,-558.0
11,2932.1920479741275,-559.3597512204702
12,3073.9567757821033,-646.7192160740365
13,3137.0,-685.0
14,3202.0,-724.0
15,3238.642918536413,-745.9514352738329
16,3507.0,-906.0
17,3587.511469635142,-953.1001108465402
18,3810.6372258051124,-1078.3795208565252
19,3821.0,-1084.0
20,3915.381413314592,-1134.037961234436
21,3995.6633932545355,-1175.3954049420008
22,4043.0,-1200.0
23,4156.0,-1259.0
24,4187.942656161263,-1275.6099697564732
25,4322.0,-1345.0
26,4361.010187277054,-1365.1588003011636
27,4457.0,-1415.0
28,4576.0,-1478.0
29,4576.913591442847,-1478.48217798534
30,4643.819398824758,-1514.6031880767662
31,4653.0,-1520.0
32,4745.669075889957,-1577.7970181108406
33,4815.0,-1623.0
34,4854.6184084976185,-1651.3542279584603
35,4874.0,-1671.0
36,4920.0,-1714.0
37,4920.491661038133,-1714.5097937649564
38,4978.0,-1793.0
39,4993.277915765634,-1821.074495556852
40,5004.0,-1858.0
41,5006.588981632436,-1875.9790343912537
42,5010.962120493729,-1954.888492668182
43,5011.0,-1962.0
44,5004.3188313231485,-2008.4328446569855
45,4991.0,-2033.0
46,4975.264927114571,-2064.1213038303645
47,4967.0,-2079.0
48,4937.470539045865,-2122.002660922069
49,4924.0,-2139.0
50,4895.0,-2173.0
51,4872.639054968264,-2197.6374075607973
52,4856.0,-2215.0
53,4820.45700917549,-2250.6118012089455
54,4770.0,-2300.0
55,4734.067854230136,-2334.9396961417397
56,4685.9187880195195,-2381.3716705787547
57,4679.0,-2388.0
58,4650.147913924429,-2415.3366473813235
59,4614.0,-2457.0
60,4560.794777116443,-2524.7088960207584
61,4530.0,-2567.0
62,4488.792897042542,-2633.761195092813
63,4461.22194728319,-2698.3259766095052
64,4451.0,-2727.0
65,4434.794444536556,-2778.2655097878283
66,4431.0,-2793.0
67,4425.0,-2823.0
68,4420.062594379298,-2857.5116559386815
69,4414.275188659135,-2931.2716019943477
70,4414.0,-2939.0
71,4414.0,-3039.0
72,4413.876087468989,-3106.5957225318602
73,4409.0,-3203.0
74,4408.898128401875,-3204.050832134875
75,4394.0,-3310.0
76,4386.0,-3347.0
77,4381.649949555858,-3366.182199917961
78,4364.411081532829,-3440.0111757212676
79,4325.0,-3545.0
80,4286.796840290668,-3622.703258020722
81,4259.0,-3675.0
82,4237.873469326804,-3711.599447136224
83,4205.274813431546,-3753.1060819648205
84,4200.0,-3759.0
85,4144.752159412083,-3817.7439742213364
86,4061.0,-3898.0
87,4034.254227186262,-3920.0814540876117
88,3976.0,-3961.0
89,3817.5202167383645,-4054.698623823936
90,3792.0,-4069.0
91,3657.0,-4131.0
92,3655.8881411113907,-4131.403333697101
93,3542.575731643852,-4170.823499463037
94,3396.0,-4218.0
95,3394.881545705972,-4218.3277042434975
96,3287.0,-4243.0
97,3254.566051216474,-4248.855661233101
98,3159.0,-4264.0
99,3130.9359048652764,-4267.432442248601
100,2970.304359463599,-4279.011123212927
101,2796.9914165372998,-4278.493282160406
102,2621.2685898242844,-4263.210943905111
103,2453.0,-4232.0
104,2422.1242086191214,-4224.406170735922
105,2284.0,-4183.0
106,2070.0,-4096.0
107,1956.0,-4037.0
108,1803.0,-3950.0
109,1599.9142243243425,-3823.226269668584
110,1535.0,-3782.0
111,1376.7897323936734,-3681.393553640463
112,1318.0,-3644.0
113,1264.8435906123732,-3610.2185067960986
114,1139.0,-3530.0
115,1136.6034721597105,-3528.4675778127676
116,911.0,-3384.0
117,876.8736356414744,-3362.121755364918
118,750.951819760878,-3281.2719863701523
119,639.0,-3210.0
120,586.1550912192259,-3176.497574160143
121,461.0,-3098.0
122,442.47403317771744,-3086.6518528151864
123,316.2425748184726,-3013.345915076848
124,205.0,-2954.0
125,81.0,-2889.0
126,31.06762888361592,-2863.300160313462
127,1.0,-2848.0
128,-136.75176783656042,-2782.156239490097
129,-149.0,-2777.0
130,-292.0,-2726.0
131,-365.2899999538027,-2707.1663009319254
132,-438.0,-2694.0
133,-518.9203114086681,-2685.3134166596856
134,-692.0,-2682.0
135,-757.8610237273408,-2686.097439563457
136,-807.0,-2692.0
137,-970.3735299912041,-2728.7883206928514
138,-983.0,-2733.0
139,-1106.0,-2784.0
140,-1107.8249589821232,-2784.878340160809
141,-1200.0,-2835.0
142,-1346.1037149036686,-2922.4690943896035
143,-1424.0,-2970.0
144,-1506.8425210648168,-3021.652123437907
145,-1593.0,-3046.0
146,-1650.4106288737066,-3060.6412659459716
147,-1792.0,-3092.0
148,-1845.1991611003778,-3098.874140419636
149,-1943.8634118137713,-3095.0310825377355
150,-1999.0,-3087.0
151,-2016.983742441378,-3084.1087231756546
152,-2100.489459636448,-3066.216482882548
153,-2151.0,-3048.0
154,-2219.2110237372963,-3018.7557148397073
155,-2300.0,-2978.0
156,-2313.6152623989337,-2970.211371336968
157,-2399.4537809409812,-2914.2148273774937
158,-2447.0,-2881.0
159,-2515.7598843628093,-2831.3363092787404
160,-2537.0,-2814.0
161,-2693.0,-2674.0
162,-2707.499932199765,-2661.3957252233217
163,-2817.6278639873212,-2577.932706955556
164,-2894.0,-2537.0
165,-2895.2742653683754,-2536.3805306830964
166,-3016.0,-2487.0
167,-3034.0,-2481.0
168,-3037.59755647915,-2479.834643174986
169,-3223.149160287824,-2442.279638413042
170,-3320.0,-2438.0
171,-3443.6122295925015,-2447.1913610804827
172,-3499.0,-2457.0
173,-3538.121387641225,-2465.129696312705
174,-3616.0,-2484.0
175,-3666.4616745379526,-2498.88042045413
176,-3723.0,-2518.0
177,-3780.804677741321,-2539.685803968424
178,-3878.0,-2583.0
179,-3913.3590731665263,-2601.465325760424
180,-4012.0,-2661.0
181,-4100.925308702101,-2728.999921569669
182,-4144.0,-2768.0
183,-4169.641876588152,-2793.4277277154188
184,-4200.0,-2826.0
185,-4274.0,-2920.0
186,-4280.646280259236,-2929.688669745445
187,-4325.0,-3003.0
188,-4346.045921698403,-3046.4324857879456
189,-4388.0,-3154.0
190,-4394.246532430287,-3173.133136298396
191,-4414.393068023453,-3272.7763438207216
192,-4417.0,-3302.0
193,-4420.0,-3369.0
194,-4419.827812426615,-3386.479363151353
195,-4417.0,-3433.0
196,-4412.873924043741,-3467.684459166385
197,-4404.0,-3522.0
198,-4379.938238333046,-3607.7162161147967
199,-4367.0,-3632.0
200,-4307.0,-3725.0
201,-4294.909400431112,-3741.9830550162983
202,-4248.423197991914,-3787.79741791815
203,-4226.0,-3798.0
204,-4181.996586522258,-3814.929632473822
205,-4108.831270037976,-3839.5473305832156
206,-4037.225732065367,-3861.1476663109224
207,-3886.0,-3889.0
208,-3884.804999123868,-3889.101467663313
209,-3822.0,-3892.0
210,-3820.2478980122296,-3892.047489334992
211,-3694.0,-3894.0
212,-3663.6229238872315,-3894.1828367547023
213,-3569.0,-3895.0
214,-3458.327912312124,-3898.9799839307457
215,-3438.0,-3900.0
216,-3330.0,-3907.0
217,-3306.6114695472274,-3908.900401072852
218,-3207.0,-3919.0
219,-3118.031501874828,-3931.266363793208
220,-3092.0,-3935.0
221,-3066.9985772610653,-3938.406104443252
222,-3048.0,-3941.0
223,-2965.16076210232,-3953.0518883662576
224,-2902.0,-3963.0
225,-2736.258364826784,-3990.573439644989
226,-2722.0,-3993.0
227,-2632.706511082834,-4009.275623053148
228,-2582.0,-4020.0
229,-2517.3083416366885,-4033.416144245346
230,-2491.0,-4039.0
231,-2301.0,-4082.0
232,-2299.7618812164656,-4082.284088187982
233,-2179.965862145138,-4108.198900275437
234,-2111.0,-4118.0
235,-1923.0,-4137.0
236,-1920.8057390704644,-4137.178593750947
237,-1725.3844372889614,-4144.719607280956
238,-1634.0,-4143.0
239,-1549.1100438998023,-4140.780964453172
240,-1417.7334447676742,-4135.56336084149
241,-1406.0,-4135.0
242,-1304.124900809904,-4129.7184412382385
243,-1235.0,-4126.0
244,-1130.8076330193912,-4120.728555778603
245,-1114.0,-4120.0
246,-776.0,-4107.0
247,-720.6554375125468,-4104.76513428454
248,-684.0,-4104.0
249,-521.2335383494617,-4101.579204377697
250,-349.0,-4099.0
251,-345.64255407053747,-4098.947099915724
252,-239.39885099079964,-4097.0826374024855
253,-168.0,-4096.0
254,-2.4818358579401405,-4093.9140956652527
255,164.0,-4092.0
256,229.7124556137702,-4091.3051815793046
257,421.0,-4089.0
258,451.73467891235987,-4088.4196988703025
259,534.0,-4088.0
260,715.5916246629114,-4094.3408165003493
261,856.0,-4102.0
262,971.1118955926505,-4113.658187592906
263,1039.0,-4128.0
264,1124.2568918920979,-4146.204789930017
265,1175.0,-4159.0
266,1385.368925659024,-4222.813894234828
267,1484.0,-4255.0
268,1577.6632404358002,-4287.191552900549
269,1671.0,-4322.0
270,1672.8471343589927,-4322.675746645364
271,1850.0,-4386.0
272,1852.346703310398,-4386.810920719537
273,2039.3677645939351,-4449.194538762164
274,2054.0,-4454.0
275,2196.0,-4500.0
276,2315.6354187875268,-4536.9369232217205
277,2475.0,-4585.0
278,2524.685750339735,-4599.815393547749
279,2649.2590601178244,-4634.226749077921
280,2660.0,-4637.0
281,2838.1163590307765,-4681.799662680124
282,2905.0,-4697.0
283,2972.9139046915943,-4711.052564511045
284,2988.0,-4714.0
285,3180.0,-4747.0
286,3181.7172906759893,-4747.25797766305
287,3332.0,-4767.0
288,3457.3706529928813,-4779.4688359172505
289,3546.0,-4786.0
290,3671.0600734909335,-4791.606271951562
291,3787.0,-4794.0
292,3833.7224115208437,-4794.413759569998
293,3908.0,-4794.0
294,4108.0,-4786.0
295,4111.345870168296,-4785.803817140868
296,4358.705931851978,-4768.480719827884
297,4377.0,-4767.0
298,4499.961269623914,-4755.575924017896
299,4616.583401766255,-4739.953662970923
300,4673.0,-4732.0
301,4742.0,-4722.0
302,4818.479191079902,-4709.231372357446
303,4983.0,-4677.0
304,5002.033566440909,-4672.936122302616
305,5138.0,-4641.0
306,5228.323579228763,-4617.37314066245
307,5351.0,-4583.0
308,5470.479181127091,-4546.479650627008
309,5553.0,-4520.0
310,5663.0,-4484.0
311,5712.480000000701,-4467.516640201004
312,5864.0,-4416.0
313,5868.183044184821,-4414.581842932659
314,6078.115236324449,-4343.636458684918
315,6243.0,-4288.0
316,6344.697104672321,-4253.634883119852
317,6416.753738635234,-4229.159927192404
318,6429.0,-4225.0
319,6699.0,-4133.0
320,6747.084004181734,-4116.449641752264
321,6965.031211539657,-4040.628540948095
322,7097.0,-3994.0
323,7183.196097248149,-3962.698144226436
324,7257.397540340616,-3933.7922984794286
325,7282.0,-3924.0
326,7457.0,-3853.0
327,7460.982899585348,-3851.3453042811648
328,7676.630200623449,-3759.5231698110424
329,7829.0,-3693.0
330,7891.691545619093,-3665.201190632043
331,7982.842810581245,-3623.7354851402633
332,8075.0,-3581.0
333,8159.483527196541,-3541.6555064334725
334,8254.0,-3497.0
335,8333.002841756163,-3459.3008652188496
336,8498.0,-3380.0
337,8592.564788224254,-3334.0896858616534
338,8858.0,-3200.0
339,8937.793617540123,-3157.7208292022533
340,9088.0,-3075.0
341,9158.789171693557,-3033.9785931670044
342,9284.495829411715,-2957.2987877023525
343,9318.0,-2936.0
344,9375.08858397273,-2898.1497717947714
345,9454.0,-2835.0
346,9525.018466894056,-2768.5001038965625
347,9544.0,-2750.0
348,9573.989259845268,-2716.566669767374
349,9582.0,-2705.0
350,9630.0,-2633.0
351,9630.48136082887,-2632.1706798629807
352,9661.307007135381,-2563.7352154038113
353,9663.0,-2558.0
354,9678.0,-2486.0
355,9681.51159463655,-2459.235205585287
356,9669.770662369672,-2414.7401808114664
357,9657.0,-2393.0
358,9614.0,-2327.0
359,9600.282788024768,-2308.547342323772
360,9560.15846175305,-2267.8610820470954
361,9549.0,-2258.0
362,9532.081126730809,-2243.1115700201303
363,9511.409806247428,-2225.0802155974284
364,9479.0,-2198.0
365,9453.202725705356,-2177.073938501315
366,9431.0,-2159.0
367,9383.0,-2119.0
368,9366.946386413785,-2105.355827568422
369,9314.922538367913,-2060.3220497580382
370,9254.051332773974,-2000.2033489760104
371,9241.0,-1985.0
372,9202.0,-1933.0
373,9186.060278142608,-1908.010438062489
374,9166.0,-1872.0
375,9138.979975239603,-1808.9388379395948
376,9130.0,-1778.0
377,9122.196059672464,-1732.826079545511
378,9120.0,-1708.0
379,9119.035256411695,-1669.304214664747
380,9123.0,-1620.0
381,9133.885285105378,-1571.204905325104
382,9137.0,-1560.0
383,9148.0,-1525.0
384,9178.0,-1457.0
385,9187.610954294145,-1438.569864395241
386,9221.0,-1391.0
387,9263.906804403503,-1343.6997681538369
388,9286.0,-1321.0
389,9337.351642588023,-1282.4360971955218
390,9345.0,-1278.0
391,9377.537645124936,-1259.3431506251786
392,9398.0,-1250.0
393,9464.558042404136,-1228.1869030784173
394,9515.0,-1215.0
395,9538.910456876047,-1209.7357301913507
396,9580.0,-1206.0
397,9607.237825269653,-1204.759272556743
398,9673.783507819226,-1202.551174669934
399,9697.0,-1202.0
400,9784.0,-1201.0
401,9785.301334255106,-1200.9923986126378
402,9859.74168045787,-1200.4340842531935
403,9876.0,-1200.0
404,9953.0,-1195.0
405,9963.38451682675,-1193.9316454086902
406,10008.0,-1188.0
407,10053.920817281105,-1177.701778481578
408,10104.0,-1161.0
409,10123.433397578603,-1153.1344147569507
410,10230.34239677507,-1097.0576134904334
411,10253.0,-1082.0
412,10318.461216153957,-1029.081547444946
413,10335.0,-1013.0
414,10377.0,-964.0
415,10396.99343557709,-937.6377473581881
416,10449.0,-865.0
417,10459.444269340353,-849.4956274575253
418,10486.745895683564,-802.0238089792725
419,10498.0,-779.0
420,10522.0,-727.0
421,10531.712995504375,-702.2247132747156
422,10550.0,-643.0
423,10550.233819263512,-642.0845050971541
424,10563.0,-574.0
425,10563.71120033802,-566.4047335781643
426,10564.761578595817,-511.97809463275564
427,10561.0,-484.0
428,10516.0,-428.0
429,10455.0,-396.0
430,10388.0,-340.0
431,10380.601462351315,-331.7569407931657
432,10379.0,-306.0
433,10380.239251670282,-294.78287240816866
434,10382.78092720045,-253.1646319264011
435,10388.0,-208.0
436,10392.499489678277,-185.57141912560613
437,10400.0,-155.0
438,10406.86827413181,-127.44444795316478
439,10414.0,-100.0
440,10436.0,-19.0
441,10438.463736440388,-10.173920624465916
442,10459.393876926331,62.1847556559902
443,10473.0,105.0
444,10486.751993625221,143.87416436931403
445,10497.0,172.0
446,10502.0,186.0
447,10511.792003934223,211.7606150169301
448,10533.342435856124,268.10646156548614
449,10535.0,273.0
450,10550.0,324.0
451,10554.58095359828,344.6376206449643
452,10558.0,367.0
453,10559.610017020035,391.18518033883726
454,10555.0,435.0
455,10545.181278759785,459.8170127608547
456,10537.0,474.0
457,10512.0,505.0
458,10486.880372931497,527.1006672401035
459,10470.0,540.0
460,10445.0,557.0
461,10433.93322657573,563.4683270632679
462,10395.0,583.0
463,10385.739990559186,587.1632399006626
464,10360.0,598.0
465,10325.998237067266,610.6601225262672
466,10304.0,618.0
467,10257.0,632.0
468,10222.802792331406,639.4822207407351
469,10186.0,646.0
470,10179.770400700014,647.0748036392966
471,10149.0,652.0
472,10123.644762342057,655.1936150492727
473,10064.0,661.0
474,10043.80869280412,662.6441343945203
475,9983.0,666.0
476,9958.195666713575,666.8344734821017
477,9850.119263618142,669.546913371548
478,9833.0,670.0
479,9785.943227258951,671.8524701965829
480,9781.0,672.0
481,9663.0,675.0
482,9650.78795744675,675.3760296269124
483,9574.0,678.0
484,9390.152052824293,683.9208002924893
485,9324.0,686.0
486,9271.297431696432,687.6290742974968
487,9237.494129035085,688.6077441846527
488,9224.0,689.0
489,9141.296545343826,691.4113335633112
490,9038.704645009437,694.3461171586289
491,9015.0,695.0
492,8906.0,698.0
493,8827.482868303685,700.438445440301
494,8720.0,704.0
495,8624.139717947566,707.4156671158486
496,8573.0,709.0
497,8479.99792721752,711.3457374570264
498,8416.0,713.0
499,8273.71220653955,717.2213356694227
500,8241.0,718.0
501,7992.0,723.0
502,7920.254252235227,724.5653205659058
503,7822.0,727.0
504,7819.695931660965,727.0411669754403
505,7707.0,729.0
506,7569.257585788883,732.3069799202934
507,7459.0,735.0
508,7267.459520718201,738.4202676625395
509,7243.0,739.0
510,7092.0,743.0
511,6998.243658722679,744.5296048628245
512,6971.0,745.0
513,6785.766510326599,749.5387810325224
514,6721.0,751.0
515,6607.7684538328085,753.0985943353248
516,6518.0,755.0
517,6487.0,756.0
518,6325.392173910624,759.8409074583303
519,6226.0,762.0
520,6151.556979669747,763.6476744808645
521,5961.0,768.0
522,5919.432723488324,769.0085003520697
523,5757.860021972012,773.8256211100146
524,5678.0,777.0
525,5632.430169247821,778.8900713556798
526,5605.0,780.0
527,5409.0,787.0
528,5270.416834307349,791.7226631153331
529,5145.0,796.0
530,5079.396130130297,798.2638259954023
531,5003.974736321567,800.9494127022175
532,4881.917915300791,805.3257170229961
533,4863.0,806.0
534,4554.0,817.0
535,4551.386777968277,817.0935543981625
536,4281.178456830034,826.8988826358009
537,4190.0,830.0
538,4132.298331664654,831.5447765135143
539,4027.0,835.0
540,4024.843514364669,835.0778669520495
541,3760.0,845.0
542,3757.826585294576,845.0820096659659
543,3570.0,852.0
544,3555.925317439735,852.4973624330489
545,3343.0,860.0
546,3186.645954310594,865.5597586080444
547,3115.0,868.0
548,2896.0,875.0
549,2874.723424730945,875.7518446172064
550,2732.0,881.0
551,2728.394326119146,881.1269203018433
552,2519.0,888.0
553,2515.3083112584704,888.1236256701148
554,2349.0,894.0
555,2226.5730729995907,898.8809935691328
556,2197.0,900.0
557,2017.7453349089637,905.5237964620159
558,1999.0,906.0
559,1677.282749134209,913.2320068385319
560,1639.0,914.0
561,1527.8501450965418,915.4622651840855
562,1494.0,916.0
563,1297.0401806044129,919.8961415260869
564,1094.0,924.0
565,817.0217713974675,929.0930120713485
566,657.0,932.0
567,612.7137124397373,932.896902729862
568,511.0,935.0
569,494.3407220324076,935.2967181116258
570,344.1732358349144,937.8482321349568
571,281.0,939.0
572,52.01886646804167,943.609110683878
573,-112.0,947.0
574,-167.66027595531688,948.0786898801346
575,-269.0,950.0
576,-289.6519019273602,950.4242115345992
577,-601.4560691952738,957.1379155911711
578,-726.0,960.0
579,-783.4467942703443,961.4452186749265
580,-896.0,968.0
581,-971.7704386430298,974.2382909857256
582,-1164.8265049129343,991.1635905338438
583,-1250.0,999.0
584,-1457.1834029011989,1019.8148033358342
585,-1554.0,1030.0
586,-1672.0,1042.0
587,-1738.2777148290852,1048.4117099630218
588,-1924.0,1066.0
589,-1925.7996263249443,1066.1698849912846
590,-2052.2346470692564,1076.5638087856041
591,-2065.0,1077.0
592,-2181.3136781352664,1079.936467376079
593,-2189.0,1080.0
594,-2264.0,1078.0
595,-2265.4510193275783,1077.8925545115153
596,-2386.0,1064.0
597,-2396.9101524904163,1062.2554565058854
598,-2483.306751576645,1039.8134578803545
599,-2506.0,1031.0
600,-2513.5922632795855,1027.8247488254933
601,-2556.8366115302515,1002.9716080960609
602,-2572.0,989.0
603,-2597.4435490726146,961.9387999098994
604,-2600.0,959.0
605,-2615.827861260192,937.2350281024369
606,-2619.0,930.0
607,-2637.0,849.0
608,-2637.1243966590805,848.1164125160193
609,-2635.0,807.0
610,-2633.4275930819513,799.1613512949033
611,-2628.0,775.0
612,-2617.4068829745866,743.4661629762661
613,-2610.0,726.0
614,-2598.0,702.0
615,-2588.6939118772707,686.8979487456277
616,-2571.0,662.0
617,-2567.738425368027,657.7159142565004
618,-2533.0,617.0
619,-2519.3307150486203,603.1315224062294
620,-2502.0,587.0
621,-2443.0,540.0
622,-2437.827727855054,536.1136140699656
623,-2416.0,520.0
624,-2321.463752396071,460.0499051618091
625,-2314.0,456.0
626,-2213.0,403.0
627,-2156.1100984819045,369.03525029973406
628,-2109.0,336.0
629,-2102.3601565110826,331.65495383309155
630,-2037.0,290.0
631,-2025.763602080131,282.83006902697525
632,-1923.0,219.0
633,-1886.0933113850588,198.56907249368902
634,-1752.8968831683821,136.5922487419674
635,-1744.0,133.0
636,-1636.7920802624512,101.30838666154683
637,-1575.0,93.0
638,-1555.5217818280844,90.923883760723
639,-1461.0,87.0
640,-1401.294840190776,94.31733620434963
641,-1342.0,106.0
642,-1254.4144038483796,127.47210514942962
643,-1230.0,135.0
644,-1028.9036326277,216.15308414164065
645,-1018.0,221.0
646,-961.0,247.0
647,-866.4617233626609,291.9910708220784
648,-712.0,367.0
649,-709.8085512506595,368.0655226117267
650,-653.0870312248755,395.65650191651196
651,-617.0,413.0
652,-532.2746659087588,453.2842382043899
653,-496.0,470.0
654,-432.7473265272014,497.9790208591859
655,-321.0,540.0
656,-275.8999336614,553.3886974189638
657,-173.0,579.0
658,-71.20216504886679,598.9534756489436
659,61.0,617.0
660,140.7963620360386,624.2850327131644
661,284.0,631.0
662,387.4813612951047,632.2952893764315
663,415.0,632.0
664,507.99057846906084,628.7469862360023
665,567.0,624.0
666,730.483785885759,598.8383068734473
667,800.0,584.0
668,923.0,550.0
669,968.6822618312176,535.6755652263902
670,996.0,527.0
671,1120.0,486.0
672,1239.8773701288494,439.76939551308465
673,1444.9365791456473,352.5829494059047
674,1473.0,340.0
675,1541.321552072846,307.42470038491535
676,1622.8211785777994,258.8939154090353
1,2117.5517757015896,-48.39490970421535
2,2236.0,-123.0
3,2238.500191474779,-124.571927651006
4,2333.006193664299,-183.78410281190014
5,2402.0,-227.0
6,2549.691292309108,-319.70182518754564
7,2695.0,-411.0
8,2752.4941126068657,-447.155006923424
9,2921.0,-553.0
10,2948.095305366748,-569.9191647895282
11,3021.0,-615.0
12,3184.2523361402505,-713.6099117956002
13,3310.0,-789.0
14,3408.353775682502,-847.7353678072963
15,3471.0,-885.0
16,3556.610808247634,-935.9137844808758
17,3607.0,-965.0
18,3809.6695798605415,-1076.9965725488728
19,3904.0,-1128.0
20,3994.270646392515,-1175.9313498401102
21,4088.0,-1224.0
22,4089.8906618827477,-1224.9735004521986
23,4268.0,-1317.0
24,4270.17511386051,-1318.127214574825
25,4425.654447541904,-1399.0560297365241
26,4437.0,-1405.0
27,4541.0,-1460.0
28,4615.725416846166,-1500.6332443403694
29,4708.0,-1552.0
30,4736.177926820155,-1568.2043965951884
31,4796.59346367568,-1609.5859760925591
32,4801.0,-1613.0
33,4870.1038608229055,-1668.0898257426247
34,4893.0,-1688.0
35,4913.770516815773,-1707.6773224690523
36,4918.0,-1712.0
37,4962.0,-1767.0
38,4962.337439926476,-1767.5098923917078
39,4988.0,-1814.0
40,5002.46049661661,-1854.9791508624244
41,5009.0,-1884.0
42,5012.85530735898,-1923.981884245198
43,5011.0,-1960.0
44,5008.605120123402,-1974.1721082903605
45,5003.0,-1996.0
46,4982.0,-2050.0
47,4981.556567666605,-2050.857666899321
48,4944.047242848199,-2112.4836869675682
49,4941.0,-2117.0
50,4918.725030647133,-2147.3557996039317
51,4892.07351965904,-2176.116407852045
52,4879.0,-2190.0
53,4863.0,-2207.0
54,4844.626916835791,-2226.0722230064493
55,4803.0,-2268.0
56,4797.9846498415645,-2272.9625084786935
57,4761.0,-2309.0
58,4736.544459917967,-2332.681693531631
59,4702.0,-2366.0
60,4664.008764512942,-2402.500765648664
61,4636.0,-2432.0
62,4598.0,-2476.0
63,4581.283730848253,-2495.731899393933
64,4537.0,-2557.0
65,4535.949105692521,-2558.7848192501583
66,4487.434081991592,-2650.964524603054
67,4452.0,-2725.0
68,4432.84711628674,-2772.2920851010476
69,4427.763553417887,-2810.4725948623227
70,4427.0,-2817.0
71,4413.0,-2964.0
72,4411.549141198267,-2991.7644203293385
73,4409.586944557925,-3124.9877258331103
74,4408.0,-3208.0
75,4403.3676424998575,-3262.0468094975736
76,4394.1591635160285,-3307.9047273251185
77,4391.0,-3323.0
78,4365.0,-3431.0
79,4364.2172180382295,-3433.5169066899516
80,4309.920742622928,-3573.5367342891404
81,4262.0,-3672.0
82,4239.423681206126,-3710.847070544758
83,4199.565426450029,-3763.254210996818
84,4153.0,-3813.0
85,4108.51280107457,-3857.868582580449
86,4053.0,-3904.0
87,4003.3019943508766,-3940.1163845936867
88,3896.0,-4012.0
89,3833.541327177105,-4050.5201672699723
90,3641.0,-4138.0
91,3571.317127317157,-4163.634033494702
92,3428.0,-4210.0
93,3358.772730744503,-4227.680064190843
94,3229.8406813175834,-4252.473973467318
95,3191.0,-4259.0
96,3115.3366541265405,-4270.590310816162
97,2968.0,-4280.0
98,2804.30816420594,-4278.700922167209
99,2754.0,-4277.0
100,2623.5405996159393,-4264.15838986454
101,2582.0,-4257.0
102,2395.0,-4217.0
103,2392.8618846414024,-4216.432307971781
104,2211.679679549292,-4156.9563343777245
105,2197.0,-4151.0
106,2018.0,-4070.0
107,1950.7598518636573,-4037.3089677775715
108,1827.474746965919,-3965.5845827853036
109,1764.0,-3926.0
110,1568.0,-3803.0
111,1509.501551649525,-3766.051019565988
112,1357.2673341601655,-3668.7436552948157
113,1317.0,-3643.0
114,1256.0400664889432,-3604.2176229349107
115,1182.0814624497425,-3557.5008697879202
116,1076.0,-3490.0
117,997.0173550318032,-3439.3314622773673
118,928.0,-3395.0
119,772.0,-3295.0
120,721.8199084596514,-3262.9424207375073
121,568.7706983693478,-3165.569700200343
122,392.1761488657514,-3058.0080124578244
123,352.0,-3035.0
124,224.0,-2965.0
125,164.8743466234414,-2933.331930819491
126,81.0,-2889.0
127,-64.13088766828872,-2815.049381759669
128,-135.0,-2783.0
129,-238.4823226624297,-2743.006807921908
130,-296.0,-2725.0
131,-387.184165381647,-2703.1446237011087
132,-506.0,-2686.0
133,-626.2853676847742,-2680.7851037837863
134,-654.0,-2681.0
135,-740.0,-2685.0
136,-903.0,-2710.0
137,-952.1533621721192,-2721.935347669612
138,-1093.0,-2778.0
139,-1229.723195518039,-2855.2775028702285
140,-1297.0,-2895.0
141,-1427.812271354581,-2971.7285335771494
142,-1439.0,-2978.0
143,-1480.3401301661422,-3000.1154997727554
144,-1511.0,-3013.0
145,-1632.2323487744845,-3054.430915793704
146,-1729.0,-3083.0
147,-1773.0066505518384,-3093.2074751166865
148,-1840.0,-3095.0
149,-1883.2980492106794,-3093.9373803258845
150,-1988.5556130143748,-3088.1264572034515
151,-2025.0,-3083.0
152,-2155.0,-3047.0
153,-2156.728644185967,-3046.351667713171
154,-2248.064834699559,-3006.2593422871173
155,-2268.0,-2996.0
156,-2365.0,-2938.0
157,-2377.3816382914124,-2929.769153502307
158,-2429.0,-2894.0
159,-2482.558968503367,-2855.4868499698705
160,-2540.0,-2811.0
161,-2561.430633959931,-2793.031208868333
162,-2676.8958098882367,-2687.7857980663634
163,-2705.0,-2664.0
164,-2801.4338819436653,-2591.183575321294
165,-2831.0,-2572.0
166,-2923.0,-2524.0
167,-2972.795018461932,-2504.5638956980124
168,-3110.0,-2460.0
169,-3139.2106428999996,-2452.0224231272864
170,-3229.3680559564077,-2438.6120761779393
171,-3278.0,-2438.0
172,-3395.0,-2442.0
173,-3449.824636128799,-2448.123640204305
174,-3579.0,-2474.0
175,-3581.0234778924564,-2474.5038659890206
176,-3733.0,-2521.0
177,-3749.8430805602193,-2527.4440583618916
178,-3869.489883863569,-2580.1408401300805
179,-3931.0,-2611.0
180,-4067.0,-2702.0
181,-4174.0,-2799.0
182,-4283.0,-2934.0
183,-4297.273818654275,-2953.3129264331583
184,-4327.0,-3007.0
185,-4335.945071168092,-3026.7069025337773
186,-4366.791178918584,-3096.2725173755625
187,-4393.0,-3170.0
188,-4402.041942464945,-3206.2352985523657
189,-4411.0,-3256.0
190,-4417.280932540468,-3302.7378997485052
191,-4419.0,-3350.0
192,-4412.0,-3481.0
193,-4410.927350963949,-3492.317662692172
194,-4400.086757280866,-3549.596745403342
195,-4388.0,-3580.0
196,-4369.649412720623,-3624.452453645201
197,-4351.0,-3663.0
198,-4340.0,-3682.0
199,-4319.291306448683,-3711.9718252049297
200,-4269.106659460377,-3764.638600059449
201,-4264.0,-3769.0
202,-4205.0,-3812.0
203,-4180.324739599081,-3826.0818391886423
204,-4152.0,-3839.0
205,-4117.399341133125,-3851.6829878277476
206,-4044.0,-3871.0
207,-3995.098343884842,-3879.2104917048828
208,-3965.0,-3883.0
209,-3892.0,-3889.0
210,-3823.5726654782766,-3891.184102909754
211,-3779.0,-3892.0
212,-3716.0,-3893.0
213,-3688.4577578785033,-3893.4136590776056
214,-3594.0,-3895.0
215,-3572.7263044499396,-3895.4607440998448
216,-3514.0,-3897.0
217,-3430.0056768053123,-3900.147372160681
218,-3379.0,-3903.0
219,-3282.0,-3911.0
220,-3208.957747095034,-3919.4487160202793
221,-3136.0,-3929.0
222,-3125.485508200107,-3930.407004859814
223,-3078.0,-3937.0
224,-3035.1708807710165,-3943.3018752464286
225,-2925.0,-3960.0
226,-2885.821125736521,-3965.951695418954
227,-2775.0,-3984.0
228,-2735.3795772033436,-3991.149964033134
229,-2573.4753343408956,-4022.0022744116986
230,-2548.0,-4027.0
231,-2477.861621424482,-4042.430294229503
232,-2471.0,-4044.0
233,-2314.0,-4079.0
234,-2299.0090703574533,-4082.3466061841154
235,-2207.0,-4101.0
236,-1963.9582628667006,-4131.1372069185345
237,-1875.0,-4140.0
238,-1805.2219406085837,-4144.950096246805
239,-1762.96760180222,-4143.399963571404
240,-1746.0,-4143.0
241,-1641.628521107887,-4141.344823610909
242,-1513.1777581850783,-4138.915389571883
243,-1484.0,-4138.0
244,-1352.0,-4132.0
245,-1256.9585912271568,-4126.907064284901
246,-1127.0,-4120.0
247,-1012.2561595183175,-4115.223200114362
248,-948.0,-4113.0
249,-825.3975291099275,-4108.738817783953
250,-743.0,-4106.0
251,-578.0200497136814,-4101.662167872105
252,-541.0,-4101.0
253,-258.0,-4097.0
254,-176.3315314401655,-4096.053412099789
255,-66.0,-4095.0
256,-63.44807553722272,-4094.9629237582376
257,61.0,-4093.0
258,212.54149241650813,-4090.583813018865
259,335.0,-4089.0
260,553.080355447295,-4088.738457954075
261,580.0,-4089.0
262,742.0,-4093.0
263,842.9268635872153,-4100.967748610064
264,872.0,-4104.0
265,1064.4392464275836,-4132.983113500898
266,1131.0,-4148.0
267,1247.424850070406,-4179.44638007266
268,1340.0,-4207.0
269,1372.0,-4217.0
270,1527.9287901608416,-4271.1615850725975
271,1626.0,-4306.0
272,1701.170075568969,-4332.627241520562
273,1895.0,-4401.0
274,1936.1927736224206,-4415.4140795083595
275,2084.126907414648,-4465.222670018459
276,2167.0,-4491.0
277,2217.899500941549,-4506.680126045075
278,2248.0,-4516.0
279,2442.0,-4576.0
280,2578.891806603814,-4614.663420399751
281,2704.0,-4649.0
282,2769.9558592462045,-4666.95873542475
283,2847.302909173123,-4687.29723828196
284,2970.1442350668185,-4710.714271552804
285,2989.0,-4714.0
286,3297.0,-4763.0
287,3299.646856659292,-4763.360510470962
288,3584.733978690261,-4788.066955548532
289,3681.0,-4792.0
290,3735.0913579862936,-4794.976913891584
291,3840.0,-4794.0
292,3842.2446532107506,-4793.944715376154
293,4123.0,-4785.0
294,4125.319121697203,-4784.91171499499
295,4325.0,-4771.0
296,4339.460186639619,-4769.576136361133
297,4556.0,-4747.0
298,4714.506736185874,-4726.041147059902
299,4786.0,-4715.0
300,4997.0,-4674.0
301,5017.261349184965,-4669.480208683543
302,5154.0,-4637.0
303,5157.518899938843,-4636.1178316106525
304,5363.0,-4580.0
305,5366.435416047978,-4578.969126614394
306,5518.0,-4531.0
307,5642.927055980916,-4490.823874585322
308,5673.0,-4481.0
309,5845.148554427977,-4423.057486645802
310,5863.0,-4417.0
311,6171.257078042372,-4312.454821748787
312,6208.0,-4300.0
313,6314.597123756863,-4263.944142708087
314,6347.0,-4253.0
315,6535.515362923356,-4189.28525294064
316,6730.0,-4123.0
317,6995.874356928762,-4030.4283936246993
318,7150.0,-3975.0
319,7192.855068430485,-3958.913163553952
320,7288.0,-3921.0
321,7302.918162603482,-3915.073631395779
322,7436.210511392338,-3861.928669472311
323,7494.0,-3838.0
324,7712.163748472244,-3743.7123859376343
325,7868.0,-3675.0
326,7917.413878046598,-3653.2816644156537
327,8004.0,-3614.0
328,8022.980763295546,-3605.1458851383404
329,8321.032867072965,-3464.4001376581755
330,8440.0,-3408.0
331,8493.651022258378,-3382.5360146566045
332,8589.0,-3336.0
333,8652.212931069278,-3304.450065794059
334,8812.731566439214,-3223.6572059462596
335,8882.0,-3188.0
336,9041.988478399579,-3101.1913554751745
337,9116.0,-3059.0
338,9206.0,-3006.0
339,9251.138897336656,-2977.515378934502
340,9371.0,-2899.0
341,9372.159857757715,-2898.2279214724763
342,9456.23077555526,-2834.2378336703996
343,9465.0,-2826.0
344,9536.32422168349,-2758.72458814302
345,9539.0,-2756.0
346,9551.0,-2739.0
347,9551.50514789627,-2738.3309545335646
348,9619.0,-2652.0
349,9625.146113050163,-2643.2133796628964
350,9660.490326681524,-2568.0104450640965
351,9667.0,-2545.0
352,9669.314277058445,-2536.773894069268
353,9680.53287553748,-2480.6218594470683
354,9678.0,-2459.0
355,9668.30848546498,-2421.973948114702
356,9667.0,-2418.0
357,9654.749776537596,-2389.135472718244
358,9650.0,-2381.0
359,9593.0,-2304.0
360,9592.325151755518,-2303.1763093954937
361,9554.0,-2264.0
362,9546.462727354472,-2256.87647687168
363,9523.0,-2235.0
364,9487.953808276969,-2205.0751601986117
365,9466.0,-2187.0
366,9433.0,-2160.0
367,9411.901600159177,-2143.101140616737
368,9377.0,-2115.0
369,9370.961096117815,-2109.976840791617
370,9312.0,-2058.0
371,9290.335773474202,-2037.551547853737
372,9265.0,-2012.0
373,9199.0,-1929.0
374,9194.289903073897,-1921.6826891434062
375,9176.0,-1891.0
376,9130.389778072336,-1780.4839886940185
377,9129.0,-1773.0
378,9119.0,-1676.0
379,9120.212051399734,-1622.9497380340604
380,9131.0,-1582.0
381,9132.47366033275,-1576.3480856341264
382,9148.0,-1524.0
383,9151.088699396189,-1515.9786646125608
384,9182.0,-1450.0
385,9193.817113983614,-1429.6400002975038
386,9238.90928159888,-1368.735090294517
387,9242.0,-1365.0
388,9280.995332987508,-1324.6892009532376
389,9308.0,-1304.0
390,9317.031427869651,-1297.4830880293507
391,9362.0,-1268.0
392,9389.90223355673,-1253.810030277372
393,9418.0,-1242.0
394,9461.541030631524,-1227.3111807471607
395,9474.0,-1224.0
396,9579.258022799542,-1206.5546919646301
397,9585.0,-1206.0
398,9616.0,-1204.0
399,9677.040983167888,-1202.2960896902362
400,9786.0,-1201.0
401,9787.567719269195,-1200.995115451187
402,9829.005364216839,-1201.4120953147117
403,9856.0,-1201.0
404,9919.098212971481,-1198.1751933738865
405,9946.0,-1196.0
406,9992.693319739341,-1190.2749489217
407,10072.0,-1172.0
408,10102.077767971936,-1161.579256438243
409,10168.0,-1133.0
410,10230.228036119612,-1097.6778523023047
411,10304.0,-1042.0
412,10342.872228568813,-1004.5196750962584
413,10402.0,-933.0
414,10438.290934583987,-882.1049865257264
415,10447.0,-869.0
416,10473.420094633853,-826.3872349519679
417,10488.0,-800.0
418,10520.99508760047,-727.6075512667306
419,10533.0,-697.0
420,10550.0,-644.0
421,10553.855572157281,-625.6324431345331
422,10556.0,-615.0
423,10564.0,-570.0
424,10562.009767279867,-529.3711540207693
425,10546.86466273721,-463.44033790930877
426,10544.0,-455.0
427,10534.724616140984,-436.3082629079771
428,10503.153398190387,-420.7950854008796
429,10499.0,-419.0
430,10431.0,-384.0
431,10392.202238521699,-328.428744204473
432,10378.0,-279.0
433,10377.03022588,-272.18176303364964
434,10380.449305825929,-249.7378118286087
435,10381.0,-247.0
436,10395.0,-176.0
437,10409.39232922466,-117.85632159592562
438,10423.0,-65.0
439,10432.76949279771,-25.33156588689122
440,10443.049317838048,7.825282089264945
441,10448.0,23.0
442,10487.487123103623,142.36969668625423
443,10506.0,197.0
444,10515.057987832957,222.97807051694366
445,10539.900451802592,288.64997681295
446,10542.0,295.0
447,10552.528956344062,333.53414716510855
448,10554.0,341.0
449,10559.0,404.0
450,10558.17888534983,413.82152137471587
451,10551.0,447.0
452,10550.718718256434,447.79088208518857
453,10528.0,487.0
454,10512.072988708569,505.0070840788495
455,10493.0,523.0
456,10475.371226035242,536.3917626398016
457,10470.0,540.0
458,10442.0,557.0
459,10441.38277805127,557.345281067092
460,10360.0,598.0
461,10355.60624718171,599.9691169713021
462,10308.0,617.0
463,10234.0,637.0
464,10201.0,644.0
465,10129.0,655.0
466,10035.0,663.0
467,10006.09645461933,664.8105192164819
468,9959.0,667.0
469,9876.0,669.0
470,9863.457979550705,669.335913713617
471,9741.0,673.0
472,9668.865842457632,674.953167153071
473,9595.0,677.0
474,9535.134400700117,679.0196219950299
475,9504.0,680.0
476,9418.510379980436,682.3635448341975
477,9397.0,683.0
478,9271.252051383579,687.5946782912116
479,9230.0,689.0
480,9158.872869857727,691.0821989303156
481,9125.0,692.0
482,9039.657527090541,694.22073933971
483,8981.0,696.0
484,8892.960507125103,699.2502072047284
485,8870.0,700.0
486,8795.0,702.0
487,8716.786326840453,704.1434488197158
488,8653.0,706.0
489,8586.192829059064,708.020882369096
490,8455.0,712.0
491,8372.850151450672,714.2930869013321
492,8347.0,715.0
493,8179.980611548859,719.3001450571571
494,8141.0,720.0
495,8071.0,721.0
496,8000.955491218632,722.4336107769246
497,7785.0,728.0
498,7652.727382771358,731.1400318705569
499,7521.388692336107,733.9199033575998
500,7424.5444847743565,735.8543812037442
501,7417.0,736.0
502,7312.0,738.0
503,7309.447475167954,738.0529875390438
504,7044.3117475275085,743.8263892249659
505,6992.0,745.0
506,6848.558636746243,748.3070353407395
507,6724.0,751.0
508,6706.858604175617,751.3360171335174
509,6488.0,756.0
510,6456.0,757.0
511,6389.818065829409,758.6249740881796
512,6249.0,761.0
513,6069.781103317045,765.6251595917868
514,6056.0,766.0
515,5910.0,770.0
516,5776.116321293823,774.1097428488592
517,5747.0,775.0
518,5649.0,778.0
519,5646.4992396780035,778.0827009781306
520,5469.018784775932,784.6848101579915
521,5434.0,786.0
522,5271.883334476873,791.8623953704164
523,5069.0,799.0
524,4985.145672022334,801.9871494813763
525,4828.800302996098,807.6049174473584
526,4733.0,811.0
527,4653.141472771086,813.7518175245056
528,4505.931992249485,818.6295316628044
529,4495.0,819.0
530,4391.4838137275,822.5501843027319
531,3995.792303638695,836.4673089168632
532,3794.7183001230364,843.5867362265532
533,3613.0,850.0
534,3595.963038548888,850.5997482498294
535,3432.262316179572,856.344308169039
536,3385.0,858.0
537,3248.2875159395667,862.7878684360705
538,3103.0,868.0
539,3050.0,870.0
540,3048.6361845015495,870.0506259420054
541,2889.7572015838914,875.5772887652265
542,2730.0,881.0
543,2498.0,889.0
544,2423.78620342142,891.5143327041795
545,2264.0,897.0
546,2192.8638504206774,899.6705478710707
547,2047.0,905.0
548,2006.7895995892904,906.2873022636898
549,1866.0,910.0
550,1827.32062709088,910.7631318094874
551,1682.3700740085387,912.8392813639551
552,1612.0,914.0
553,1466.0,917.0
554,1353.6749663239698,919.1129072377296
555,1302.0,920.0
556,1207.9476686755054,921.4977924304729
557,1119.0,923.0
558,987.7543293099515,925.6846505474052
559,973.0,926.0
560,624.0,933.0
561,477.0,935.0
562,90.0,943.0
563,-38.0,945.0
564,-40.557964887836405,945.0425142429435
565,-260.0,949.0
566,-262.7847870742296,949.0488652841502
567,-520.0,954.0
568,-633.2063686665044,956.9766805065341
569,-805.0,963.0
570,-911.7232103653378,968.8565745350737
571,-1154.6794606540607,989.6844650591427
572,-1169.0,991.0
573,-1323.5768601488353,1005.3082717961236
574,-1517.0,1026.0
575,-1568.0,1032.0
576,-1635.2741229588196,1039.389493436636
577,-1779.469742102488,1052.9685428294965
578,-1791.0,1054.0
579,-1883.9325151855808,1062.0839825320677
580,-1942.0,1067.0
581,-1998.7909263756533,1071.7286058145817
582,-2029.0,1074.0
583,-2082.506266405783,1077.3271562525324
584,-2145.0,1080.0
585,-2179.277366191345,1080.5002979620417
586,-2209.0,1080.0
587,-2229.5091427347566,1079.3152054413097
588,-2287.0,1076.0
589,-2316.607140877047,1073.1995546506662
590,-2344.0,1070.0
591,-2371.543991010245,1066.236020016378
592,-2403.0,1061.0
593,-2465.0,1046.0
594,-2465.785468083208,1045.7556636177928
595,-2505.0945420105254,1031.1075591152182
596,-2518.0,1025.0
597,-2555.86313046577,1001.9116897414389
598,-2566.0,994.0
599,-2582.944928459975,978.3067598755156
600,-2606.0,950.0
601,-2619.6500030250622,926.7760906078648
602,-2621.0,924.0
603,-2637.973219508329,858.6828936814773
604,-2636.9310428762096,822.7685560115093
605,-2629.2756353677732,780.4496461696417
606,-2622.0,757.0
607,-2602.193821252587,712.9685508821676
608,-2592.0,694.0
609,-2577.4761974713383,670.6528262434151
610,-2563.0,653.0
611,-2538.875350526289,626.0069603163117
612,-2507.0,592.0
613,-2492.899198269555,578.2243245785255
614,-2476.936508592534,566.1976521669801
615,-2470.0,561.0
616,-2391.0,502.0
617,-2373.088874910549,489.2090732882794
618,-2310.0,454.0
619,-2298.0,448.0
620,-2290.853351597006,444.4025488801683
621,-2237.677916904451,416.96635144088145
622,-2191.0,390.0
623,-2169.9428770980594,376.49769517704397
624,-2136.0,354.0
625,-2056.0,303.0
626,-2047.9931041015393,297.9202917811998
627,-2004.0,270.0
628,-1929.5186540898064,223.4598262972348
629,-1905.0,209.0
630,-1836.0,172.0
631,-1825.634157752608,167.05444994732323
632,-1730.304934075748,128.69842380582497
633,-1722.0,126.0
634,-1642.0,105.0
635,-1586.159630288331,94.48130735320814
636,-1522.0,87.0
637,-1499.9417689262245,86.02528246719615
638,-1413.2156004513831,92.18199197215564
639,-1387.0,97.0
640,-1162.0,159.0
641,-1146.2096782044432,164.38078851757152
642,-958.0,248.0
643,-945.4001768083103,254.16249671097563
644,-784.0,333.0
645,-781.6534838499869,334.136695660761
646,-678.0,384.0
647,-640.4914416608506,401.9002571722144
648,-509.0,464.0
649,-470.7064220864801,481.83651295874455
650,-372.0,522.0
651,-219.25881915455528,567.8954967201389
652,-186.0,577.0
653,-108.63706196758933,595.9197744373757
654,-58.226561203216676,601.8108317277358
655,-32.0,605.0
656,109.0,621.0
657,131.63225803179373,622.6017688300209
658,312.46460198951576,629.8829578247473
659,428.0,632.0
660,598.4951270627021,621.3334089441475
661,645.0,614.0
662,688.0,607.0
663,705.683356431708,603.8594846719908
664,820.9659531520471,578.7481360119253
665,862.0,568.0
666,1007.0,524.0
667,1052.171747561109,509.430659682821
668,1136.0,481.0
669,1319.999815041645,409.07841190396783
670,1358.0,393.0
671,1442.0,355.0
672,1443.864905190781,354.09277687370974
673,1606.7273040388156,267.3042846047428
674,1618.0,261.0
675,1708.0476641350917,209.54316848013613
676,1753.0,183.0
1,2109.0,-42.0
2,2175.147067649659,-83.59835698655687
3,2206.0,-103.0
4,2270.863884893678,-143.78848757717014
5,2387.0,-217.0
6,2415.12620829077,-234.81952725398108
7,2570.0,-333.0
8,2588.3559701629156,-344.53803744862626
9,2781.38324929573,-465.2407320221401
10,2797.0,-475.0
11,2923.7111444070806,-554.2998582589096
12,2999.0,-601.0
13,3100.2355390072867,-663.2464307759544
14,3159.0,-699.0
15,3248.754660947249,-752.8751545426973
16,3321.0,-796.0
17,3424.734479082903,-858.1073234923913
18,3514.0,-911.0
19,3574.0,-946.0
20,3604.839467361646,-963.8793034479065
21,3715.8649236800075,-1027.4328481992957
22,3816.0,-1082.0
23,3900.851000563367,-1126.8169986156379
24,4001.0,-1179.0
25,4096.985013747063,-1228.5798251652109
26,4195.0,-1279.0
27,4271.441318284704,-1318.7830692491182
28,4316.0,-1342.0
29,4383.705529370744,-1377.229229811614
30,4490.0,-1433.0
31,4553.007405612554,-1466.8333092623063
32,4679.0,-1536.0
33,4717.7741366382315,-1557.9493846754854
34,4797.0,-1611.0
35,4797.631459503497,-1611.4812200167903
36,4810.0,-1621.0
37,4913.91936777194,-1708.964957750698
38,4924.0,-1719.0
39,4963.344657780252,-1766.1073021606035
40,4987.0,-1810.0
41,5001.760809718008,-1850.5193394763928
42,5005.0,-1862.0
43,5014.0,-1928.0
44,5012.512520255419,-1948.1209013337013
45,4998.0,-2014.0
46,4982.834562343198,-2053.612987920981
47,4956.0,-2097.0
48,4955.826379598613,-2097.2464973199885
49,4921.0,-2143.0
50,4910.006551513363,-2156.2165342933354
51,4886.0,-2183.0
52,4848.563422738725,-2222.358770968456
53,4844.0,-2227.0
54,4774.0,-2296.0
55,4755.218638491138,-2314.167226465436
56,4691.0,-2376.0
57,4681.119764330203,-2385.7211648405646
58,4638.0,-2430.0
59,4637.704570216972,-2430.3238653197855
60,4565.0,-2517.0
61,4554.416443249481,-2530.9215839681356
62,4504.0,-2610.0
63,4499.580501300942,-2618.2867097823455
64,4453.700317758117,-2718.1177717589335
65,4445.0,-2743.0
66,4433.0,-2786.0
67,4422.611725082291,-2840.067873790582
68,4418.0,-2876.0
69,4413.420911507629,-2952.1096456494615
70,4413.0,-3009.0
71,4413.63854378533,-3049.329757565593
72,4414.0,-3088.0
73,4409.685114919965,-3188.333218349912
74,4402.0,-3259.0
75,4399.0,-3280.0
76,4397.1749175644,-3291.571442292695
77,4375.0,-3396.0
78,4356.222748280972,-3460.823549191301
79,4330.0,-3534.0
80,4292.0,-3618.0
81,4286.346986463044,-3628.7608647937013
82,4245.0,-3698.0
83,4194.900145593263,-3765.8591315943763
84,4139.0,-3828.0
85,4035.032281099402,-3919.1226843381005
86,4026.0,-3926.0
87,3908.224121845757,-4004.5652033080123
88,3887.0,-4017.0
89,3772.0,-4078.0
90,3705.226753241204,-4110.445430622541
91,3652.0,-4133.0
92,3507.9697201119684,-4185.362790361837
93,3476.0,-4196.0
94,3251.0,-4249.0
95,3250.467051507062,-4249.085106522728
96,3135.819505036321,-4265.607919632974
97,2986.0,-4279.0
98,2883.8117430988386,-4280.95602012998
99,2872.0,-4281.0
100,2785.934264696873,-4280.403840605902
101,2699.0,-4272.0
102,2515.1848938412113,-4242.781719810254
103,2453.0,-4232.0
104,2390.307133374192,-4220.295552550587
105,2353.0,-4205.0
106,2245.905958088778,-4162.504550931806
107,2017.0,-4069.0
108,1971.79593841234,-4047.8266686091993
109,1894.0,-4003.0
110,1871.7830362794807,-3990.013282212025
111,1774.0,-3932.0
112,1754.224461558292,-3919.890724109046
113,1469.0,-3740.0
114,1466.8887942644765,-3738.6558687846136
115,1395.2116050380728,-3692.6574373533126
116,1349.0,-3663.0
117,1256.9549390992959,-3604.4398040548144
118,1201.0,-3569.0
119,1091.736235272202,-3500.0765667043784
120,1079.0,-3492.0
121,903.0,-3379.0
122,823.2328477786422,-3327.18345063041
123,699.4241221060161,-3247.5150961006266
124,659.0,-3222.0
125,461.41091640201154,-3098.7452666684426
126,423.0,-3075.0
127,326.37825809827893,-3018.141981090074
128,280.0,-2994.0
129,200.53284865543148,-2952.18600884109
130,134.0,-2917.0
131,-24.0,-2834.0
132,-51.288895797584594,-2820.5533495484565
133,-258.0,-2737.0
134,-295.5655366823084,-2726.6583531249325
135,-464.0,-2691.0
136,-560.8437043988287,-2679.2546756101437
137,-674.0,-2681.0
138,-701.9836093661518,-2682.5104288296643
139,-818.0,-2693.0
140,-874.4347556238212,-2702.7114900050547
141,-940.0,-2719.0
142,-1107.97221834529,-2785.531130537078
143,-1119.0,-2791.0
144,-1194.7690563948984,-2833.2163263542307
145,-1267.0,-2876.0
146,-1418.3763915828465,-2964.3370669020997
147,-1472.0,-2995.0
148,-1560.493311996956,-3036.160972812027
149,-1581.0,-3042.0
150,-1742.3097427441598,-3084.8436267845036
151,-1756.0,-3087.0
152,-1882.0,-3096.0
153,-1882.5812458825283,-3096.0121100404863
154,-1945.0,-3094.0
155,-1969.9840584666485,-3090.4797777410954
156,-2126.32152436829,-3051.933059514561
157,-2204.0,-3027.0
158,-2255.3714712938536,-3005.663635032037
159,-2311.0,-2972.0
160,-2350.7761764532315,-2945.9623999303744
161,-2463.6641998648834,-2868.53578320823
162,-2481.0,-2856.0
163,-2510.0,-2834.0
164,-2602.361837109158,-2755.306454389847
165,-2626.0,-2734.0
166,-2697.0,-2671.0
167,-2713.6754173461313,-2659.4889980739044
168,-2869.933312033331,-2578.419619564717
169,-2994.4247407253533,-2528.7155220017116
170,-3148.3507974830627,-2476.1869109313334
171,-3310.0,-2438.0
172,-3310.9375658957765,-2437.873894462177
173,-3400.496470266877,-2438.0945766045456
174,-3485.0,-2455.0
175,-3531.8246822530855,-2464.832014684445
176,-3624.0,-2487.0
177,-3773.7774193208306,-2537.1098415966894
178,-3784.0,-2541.0
179,-3897.8713355543587,-2593.4614239790876
180,-3906.0,-2598.0
181,-4041.4149773121626,-2682.8598470681104
182,-4069.0,-2703.0
183,-4137.0,-2762.0
184,-4148.094020199964,-2773.235018051568
185,-4237.327810790659,-2871.8395886882686
186,-4246.0,-2882.0
187,-4296.234553159066,-2947.973069864105
188,-4322.0,-2997.0
189,-4322.186824365089,-2997.3798230016732
190,-4390.0,-3158.0
191,-4392.882742994441,-3168.0009457942206
192,-4403.0,-3211.0
193,-4415.666582694192,-3287.120057862593
194,-4418.0,-3326.0
195,-4413.0,-3473.0
196,-4412.508306145887,-3481.6647772374554
197,-4409.828408738184,-3523.1163611936927
198,-4390.114787826605,-3574.9169841324465
199,-4386.0,-3584.0
200,-4343.0,-3675.0
201,-4323.547196183538,-3714.489689477159
202,-4306.677283488918,-3729.5002158500183
203,-4297.0,-3737.0
204,-4165.0,-3833.0
205,-4164.664477100289,-3833.2118614108595
206,-4112.1956400337285,-3855.729271639833
207,-4088.0,-3861.0
208,-4025.388012422706,-3874.7007294509185
209,-4018.0,-3876.0
210,-3901.0,-3888.0
211,-3874.0346375185536,-3889.404098503117
212,-3831.0,-3891.0
213,-3803.4951738824825,-3891.7636662161776
214,-3738.0,-3893.0
215,-3682.1650694311356,-3893.7806943146256
216,-3593.0,-3895.0
217,-3534.4616199646916,-3896.1634218775907
218,-3449.0,-3899.0
219,-3448.106871225495,-3899.0392271994024
220,-3319.0,-3908.0
221,-3284.6042645187545,-3911.5751409394124
222,-3102.0,-3933.0
223,-3101.3734580963824,-3933.077218664719
224,-3052.8933316868147,-3940.2871284218145
225,-3025.0,-3945.0
226,-3006.7869124237914,-3947.7605482452036
227,-2891.0,-3965.0
228,-2793.313727098557,-3980.77790559783
229,-2728.0,-3992.0
230,-2643.9315017405447,-4007.420155172617
231,-2600.0,-4016.0
232,-2418.0,-4055.0
233,-2374.543195009156,-4064.631688888492
234,-2218.0,-4099.0
235,-2198.7645434977335,-4103.035284759864
236,-2012.0,-4130.0
237,-2000.608085291326,-4131.029545073869
238,-1927.0,-4137.0
239,-1869.9893987596158,-4139.994308156606
240,-1812.0,-4142.0
241,-1694.6970939686582,-4143.517173015952
242,-1638.0,-4143.0
243,-1506.0,-4139.0
244,-1490.5518383697722,-4138.397271984698
245,-1267.0,-4128.0
246,-1220.6608297888772,-4125.627005545122
247,-1131.0,-4121.0
248,-980.0,-4114.0
249,-772.0,-4107.0
250,-601.0,-4103.0
251,-491.0786594353716,-4100.592741879884
252,-460.0,-4100.0
253,-301.8101757508079,-4097.883984091182
254,-224.0,-4097.0
255,-144.19349382437,-4096.019821554398
256,-16.88966554736568,-4094.3051138943724
257,207.0,-4091.0
258,272.3453649676648,-4089.991269943862
259,352.0,-4089.0
260,432.45331345888223,-4088.6293287845183
261,546.0,-4089.0
262,598.8240574439924,-4089.399266780254
263,741.0,-4093.0
264,941.757933536378,-4112.67404005871
265,967.0,-4116.0
266,1159.0,-4155.0
267,1191.0,-4163.0
268,1250.7299893322681,-4178.474085037718
269,1490.2636168841389,-4256.853230874056
270,1526.0,-4270.0
271,1683.0,-4327.0
272,1742.8996355207853,-4348.196452967089
273,1873.2705803196313,-4393.715216042816
274,1903.0,-4404.0
275,2014.9155392308492,-4442.259917377571
276,2125.0,-4478.0
277,2174.300014011556,-4493.6150636701295
278,2381.0,-4558.0
279,2473.322291971789,-4586.028533375481
280,2551.0107551908436,-4607.40524621294
281,2575.0,-4614.0
282,2722.0,-4654.0
283,2739.7814221164517,-4658.585612509694
284,2871.0,-4690.0
285,2973.791562545491,-4711.467407624516
286,3072.0,-4730.0
287,3243.0,-4757.0
288,3383.2288334403293,-4772.067788368321
289,3640.0,-4791.0
290,3770.507661135007,-4795.046939769802
291,3962.2228175095916,-4792.226222797672
292,3973.0,-4792.0
293,4114.0,-4786.0
294,4148.615440192058,-4783.494382187729
295,4421.859183722247,-4761.394072877478
296,4460.0,-4758.0
297,4666.70094848715,-4734.092618167788
298,4723.0,-4725.0
299,4899.14667267305,-4693.930579669113
300,4915.0,-4691.0
301,5032.5534215280795,-4667.146274414851
302,5054.0,-4662.0
303,5323.28577783087,-4590.516669551484
304,5347.0,-4584.0
305,5529.031535556489,-4528.682814590748
306,5552.0,-4521.0
307,5757.0,-4453.0
308,5792.059595460948,-4441.158533717498
309,5910.0,-4401.0
310,6032.277528280319,-4359.950501030392
311,6047.0,-4355.0
312,6293.3615856068345,-4271.175457922303
313,6338.0,-4256.0
314,6562.0,-4180.0
315,6607.438370006356,-4164.593116500497
316,6722.9542255964725,-4125.44145525154
317,6786.0,-4104.0
318,6876.476284858156,-4073.162218000466
319,7026.410795825565,-4020.430432725328
320,7044.0,-4014.0
321,7130.0,-3982.0
322,7292.035188871032,-3919.170245939954
323,7368.0,-3889.0
324,7440.047566930406,-3860.3248383441905
325,7521.0,-3827.0
326,7685.271115208285,-3756.316967084048
327,7857.0,-3681.0
328,7885.7689040144405,-3668.305087179464
329,7991.0,-3620.0
330,8009.659136619254,-3611.2226895491663
331,8207.040419801944,-3517.9669590299645
332,8389.0,-3432.0
333,8455.696148424664,-3400.7430477436646
334,8520.0,-3370.0
335,8561.55205911882,-3349.6274640617585
336,8698.0,-3282.0
337,8765.80611109695,-3247.8610823019585
338,8896.522664771186,-3180.0977830018624
339,8932.0,-3161.0
340,9052.769166742679,-3094.307065841472
341,9158.0,-3035.0
342,9225.281199905206,-2996.420326182164
343,9266.107145787857,-2970.9083501277014
344,9300.0,-2948.0
345,9372.0,-2898.0
346,9381.52322923372,-2891.2637300933916
347,9458.043548681615,-2833.7028511783324
348,9481.0,-2813.0
349,9570.0,-2720.0
350,9591.310529468505,-2695.810665953686
351,9630.0,-2635.0
352,9630.148649652296,-2634.7157787625656
353,9656.0,-2582.0
354,9669.65640732436,-2543.2021711505604
355,9679.0,-2490.0
356,9679.93821615487,-2472.265679821392
357,9676.0,-2441.0
358,9639.774372475682,-2365.561893801633
359,9624.0,-2339.0
360,9612.433862299313,-2321.120049616945
361,9589.0,-2298.0
362,9579.572305586165,-2288.617143785555
363,9550.0,-2259.0
364,9521.329885955223,-2233.2255047364893
365,9514.0,-2227.0
366,9472.549681765491,-2192.924027272042
367,9469.0,-2190.0
368,9423.0,-2152.0
369,9422.490204141553,-2151.5973476928352
370,9374.0,-2113.0
371,9344.028708530825,-2086.6422288594636
372,9310.0,-2056.0
373,9287.700576120349,-2035.1806306793562
374,9275.0,-2021.0
375,9265.065449586327,-2009.7832425868482
376,9208.0,-1941.0
377,9182.032345334665,-1901.2402477679314
378,9170.0,-1880.0
379,9153.94658609643,-1846.7298222497504
380,9149.0,-1833.0
381,9121.0,-1719.0
382,9120.924006594709,-1718.6122743654169
383,9122.0,-1633.0
384,9122.963715512808,-1627.0924504500445
385,9127.0,-1603.0
386,9137.810741065688,-1556.17587658389
387,9153.0,-1512.0
388,9162.998151626849,-1488.7940669904885
389,9178.0,-1458.0
390,9190.213765010543,-1436.3808164346435
391,9206.0,-1413.0
392,9216.972476056388,-1396.8457828001037
393,9238.0,-1371.0
394,9303.0,-1308.0
395,9303.295799631851,-1307.7288316225133
396,9348.556712780699,-1275.7595399755044
397,9352.0,-1274.0
398,9386.954189871349,-1255.6798493319347
399,9417.0,-1242.0
400,9490.414300644014,-1219.8173508275677
401,9596.004032859299,-1208.271046744737
402,9747.129923005728,-1203.7622651757351
403,9800.0,-1202.0
404,9892.590698157637,-1198.7166197169915
405,9985.0,-1192.0
406,10019.625119257278,-1186.7713758240695
407,10094.256518545742,-1164.9469116802447
408,10109.0,-1159.0
409,10178.909209398495,-1126.8566896011082
410,10213.0,-1108.0
411,10277.39627882599,-1063.753177986375
412,10298.0,-1047.0
413,10362.0,-983.0
414,10396.77594319674,-939.1711719656134
415,10434.0,-888.0
416,10453.364579537782,-859.899101358907
417,10482.64857942622,-810.4825055690106
418,10493.0,-790.0
419,10504.559081140025,-765.5685428863784
420,10523.0,-723.0
421,10538.0,-681.0
422,10542.46112120374,-664.9248308401732
423,10558.309360079584,-593.0940772525917
424,10564.0,-563.0
425,10570.086052978431,-511.4463369956738
426,10560.0,-483.0
427,10550.207402570015,-465.10664612545816
428,10534.0,-444.0
429,10490.930826831638,-415.398936520673
430,10485.0,-412.0
431,10413.0,-371.0
432,10394.31535327356,-359.9129374189444
433,10388.0,-342.0
434,10387.951848879551,-341.6146362358802
435,10382.576018771577,-265.53469861434655
436,10384.0,-229.0
437,10388.91641928963,-193.13716854970204
438,10414.0,-101.0
439,10422.142716011309,-70.03918106418807
440,10429.038904438243,-41.76489821696516
441,10433.0,-27.0
442,10437.536409070137,-11.088054977592744
443,10448.0,24.0
444,10473.0,106.0
445,10478.378706607013,122.2862682149638
446,10497.0,172.0
447,10522.752467054179,245.06223584257236
448,10549.0,321.0
449,10552.410383558756,330.5503041347334
450,10559.567112387069,350.3274716738262
451,10559.0,373.0
452,10553.82460227672,430.9331928991585
453,10552.0,442.0
454,10538.477236386268,475.53969107424126
455,10524.0,492.0
456,10515.862697456421,501.7526201653726
457,10500.0,517.0
458,10456.900129672898,547.7421647812713
459,10440.0,559.0
460,10418.019663905758,573.0906870776811
461,10397.90520994052,583.149719012818
462,10383.0,589.0
463,10369.39649753891,594.2637831295335
464,10338.0,606.0
465,10337.373958198421,606.2237341243546
466,10276.0,626.0
467,10256.205293335344,631.2053590059495
468,10232.0,637.0
469,10189.0,646.0
470,10149.82973177653,651.3648477528603
471,10145.0,652.0
472,10091.0,659.0
473,10077.652807740313,660.2036639180277
474,9995.58595069797,664.5776682908663
475,9989.0,665.0
476,9959.0,667.0
477,9880.0,669.0
478,9872.24344614458,669.1535734429109
479,9741.0,673.0
480,9690.474200152818,674.6722178448648
481,9589.0,678.0
482,9563.575659783415,678.7790400891539
483,9488.344415386235,680.36847643971
484,9466.0,681.0
485,9385.039981551197,683.6270040545436
486,9310.0,686.0
487,9146.73004029963,690.7299213809835
488,9104.0,692.0
489,8998.483523698134,695.8758326804101
490,8965.0,697.0
491,8840.096213514313,700.8977609928319
492,8705.0,705.0
493,8596.602832796523,708.2994813197349
494,8488.130884873293,711.6068858624009
495,8442.0,713.0
496,8367.61230609054,715.2161267380579
497,8251.0,718.0
498,8090.756901613293,721.1865478445052
499,8000.0,723.0
500,7914.919017706645,724.8767089506082
501,7828.0,727.0
502,7638.0,731.0
503,7612.584507556436,731.3525273551562
504,7565.0,732.0
505,7456.670340591896,734.7621324008503
506,7370.0,737.0
507,7259.171568379343,739.4520976352142
508,7081.0,743.0
509,6940.209717036841,745.5093668012461
510,6858.869871724225,747.3282618060942
511,6833.0,748.0
512,6657.068023875902,752.6921422142759
513,6643.0,753.0
514,6536.3556025128755,754.6994973566
515,6468.0,756.0
516,6323.6948699558825,759.663267488168
517,6196.0,763.0
518,6163.008659527228,763.7328785741813
519,6074.185847676688,764.9692979543071
520,6034.0,766.0
521,5782.324960476438,774.1133413864289
522,5725.0,776.0
523,5624.16685726277,779.195908721927
524,5510.0,783.0
525,5493.915134985591,783.601288790319
526,5378.0,788.0
527,5126.003840708814,796.4839751660223
528,5111.0,797.0
529,4943.0,803.0
530,4925.338791171949,803.6317159739406
531,4790.095907641351,808.4298466701974
532,4774.0,809.0
533,4586.3219184616655,815.73496689732
534,4553.0,817.0
535,4399.0,823.0
536,4345.202405429479,824.9052375604946
537,4192.0,830.0
538,4110.176568660676,832.9865733921467
539,4054.0,835.0
540,3875.8908698600594,841.011061340925
541,3757.0,845.0
542,3622.8133132735366,849.7814843946579
543,3511.0,854.0
544,3480.0595888270045,855.1186422453545
545,3280.0,862.0
546,3180.520746040339,865.0865711849964
547,3120.0,867.0
548,2842.462913251694,876.7441649779654
549,2809.0,878.0
550,2682.141282018816,883.0385021516187
551,2629.0,885.0
552,2374.7237255083164,893.4005771297177
553,2357.0,894.0
554,2157.0,901.0
555,2084.1860377197095,903.489467550273
556,1975.0,907.0
557,1863.7752104814433,910.1145409594399
558,1679.528394595157,914.2453091422364
559,1458.1632062862607,918.0176129201759
560,1276.0,921.0
561,1274.1621407777952,921.0297216742929
562,1126.194676109141,923.4226176236663
563,1092.0,924.0
564,869.0,928.0
565,867.1898812357147,928.0322532869955
566,646.0,932.0
567,643.8757392961714,932.0409330234675
568,455.7675217229686,935.8450451238944
569,348.0,938.0
570,256.1518579338819,939.7086090640114
571,113.55001046330202,942.1210482463467
572,67.0,943.0
573,-61.8388934214995,945.6341960626589
574,-175.0,948.0
575,-214.75298835349236,948.8165604428227
576,-325.0,951.0
577,-441.8853406137914,953.0756685485884
578,-551.0,955.0
579,-693.9163430972958,958.4345353389933
580,-768.0,962.0
581,-1040.0,979.0
582,-1070.11595127928,981.0570977048263
583,-1261.406153207728,998.023483330074
584,-1390.0,1013.0
585,-1477.6736326716718,1022.163943605618
586,-1634.0,1038.0
587,-1683.2775321472095,1042.9129930141585
588,-1800.0,1054.0
589,-1832.4302424190462,1057.0508795269839
590,-1962.0,1069.0
591,-1992.1825945636474,1071.5524217107127
592,-2054.0,1076.0
593,-2081.9286886837763,1077.4910773713264
594,-2154.0,1080.0
595,-2186.4624660704567,1080.4230829549751
596,-2217.0,1080.0
597,-2265.04032869493,1077.2825344449793
598,-2294.0,1075.0
599,-2359.5461626592837,1067.801176516301
600,-2375.0,1065.0
601,-2433.140082827742,1052.1937384591076
602,-2476.0,1042.0
603,-2512.6915021504533,1033.3483472939452
604,-2534.0,1017.0
605,-2538.5226238274568,1013.3758387805035
606,-2598.0,962.0
607,-2602.4288640080904,957.238820018312
608,-2633.0,885.0
609,-2633.0278909164817,884.8431785781067
610,-2636.5749189477374,860.7782432289089
611,-2637.5904269083017,836.2120010627957
612,-2637.0,826.0
613,-2634.710900993514,806.3210847177631
614,-2632.0,791.0
615,-2624.0,761.0
616,-2615.683664258643,738.6880972876631
617,-2602.0,710.0
618,-2601.805709496475,709.6378229593136
619,-2570.0,660.0
620,-2559.069263443913,646.0146939590168
621,-2548.0,633.0
622,-2528.333392117982,612.0594636667284
623,-2515.0,599.0
624,-2484.5550174913,571.8930593299801
625,-2481.0,569.0
626,-2448.0,544.0
627,-2425.3632653362356,526.9039743466576
628,-2398.0,507.0
629,-2333.657208596074,466.87559207479177
630,-2323.0,461.0
631,-2286.2799544878685,442.13033186463366
632,-2255.0,426.0
633,-2195.323047584368,392.04318318241206
634,-2176.0,380.0
635,-2156.0,367.0
636,-1994.0,263.0
637,-1992.9808577399235,262.36858909811025
638,-1917.0718089431134,216.68697462166682
639,-1821.0,165.0
640,-1806.0717887905757,157.93287173728956
641,-1752.1063324366476,135.37419211807924
642,-1679.4711150939152,113.48263093636369
643,-1653.0,107.0
644,-1600.3854271872658,95.58162911439257
645,-1566.0,91.0
646,-1499.922080912436,88.96426881284938
647,-1374.0,100.0
648,-1360.1348290702726,102.11299929507022
649,-1238.5708607139961,130.62545055778574
650,-1116.0,177.0
651,-1065.1486071687086,199.14697706493942
652,-852.0,300.0
653,-821.1106406490867,314.78666278283504
654,-733.0,357.0
655,-712.0864340519854,367.09014868308503
656,-543.966112231914,447.91201372213794
657,-492.0,472.0
658,-404.41720258530614,510.35922761633117
659,-327.0,538.0
660,-286.96071149658684,550.0945536828292
661,-165.35185714080094,581.2471753493566
662,-67.0,600.0
663,103.7806109676406,619.3456093528517
664,235.0,629.0
665,248.21429544458772,629.9900598569333
666,424.7639261277544,633.1340668260593
667,440.0,632.0
668,601.5927582387973,616.2441971324903
669,704.0,604.0
670,798.6009569985226,588.9466586685546
671,873.6217025747703,565.3865070248564
672,909.0,554.0
673,1062.8822315315474,504.99306548373096
674,1129.0,483.0
675,1243.3855919050209,441.5219849194476
676,1358.0,394.0
677,1381.575293747518,383.60972529598996
678,1460.0,347.0
679,1498.1474067870813,327.79765139036095
680,1608.2168601929106,268.1374211892833
681,1655.0,241.0
682,1747.128690422644,185.4861672559822
2,2096.079843405718,-35.18184034840073
3,2287.0,-155.0
4,2348.806872095465,-193.67135530006172
5,2395.13785162584,-222.4690914637963
6,2455.0,-260.0
7,2508.5412493033677,-293.64653016747144
8,2768.0,-457.0
9,2858.554490995978,-514.2330520977865
10,2930.1583706570536,-558.9410586821964
11,2940.0,-565.0
12,3038.1004683533024,-625.0269787301302
13,3071.0,-645.0
14,3231.996695436028,-741.9854459788778
15,3337.0,-805.0
16,3471.0,-885.0
17,3484.3114617555043,-892.8521701601455
18,3737.5783931405927,-1038.7594635581397
19,3782.0,-1063.0
20,4062.0,-1210.0
21,4093.7836394586084,-1226.5223772387399
22,4174.816115341451,-1268.691392978931
23,4214.0,-1289.0
24,4326.0,-1347.0
25,4430.070934658134,-1401.2928018357766
26,4441.0,-1407.0
27,4617.0,-1500.0
28,4627.684625865134,-1505.937984785441
29,4715.0,-1557.0
30,4731.341357364589,-1567.24323652594
31,4788.0,-1605.0
32,4867.0,-1664.0
33,4900.0,-1694.0
34,4958.0,-1762.0
35,4994.0,-1828.0
36,5004.089650250612,-1854.644069593589
37,5010.0,-1886.0
38,5011.169117127421,-1910.9047065428604
39,5008.0,-1978.0
40,5002.225831798837,-2005.2502207670864
41,4997.0,-2017.0
42,4984.627035000544,-2044.661470393096
43,4968.0,-2077.0
44,4954.54239877584,-2098.424893108612
45,4919.0,-2145.0
46,4904.0,-2162.0
47,4870.301372536174,-2199.563075849864
48,4854.0,-2217.0
49,4812.5056223348365,-2258.5833979233703
50,4808.0,-2263.0
51,4768.0,-2302.0
52,4739.2254248562795,-2329.9810269490363
53,4698.93981231449,-2369.2484387467716
54,4689.0,-2379.0
55,4643.0,-2425.0
56,4607.822931520646,-2463.3951791451327
57,4598.0,-2475.0
58,4557.0,-2528.0
59,4546.428761613049,-2542.9837507110096
60,4508.262074442771,-2602.6091049962934
61,4500.0,-2617.0
62,4468.298583220083,-2681.5539414880577
63,4465.0,-2690.0
64,4427.934506381382,-2817.9857568805937
65,4419.0,-2861.0
66,4409.757745767303,-2963.420470217049
67,4412.640920791846,-3042.471162364432
68,4413.0,-3061.0
69,4413.0,-3144.0
70,4412.963135347001,-3145.0343037254042
71,4405.0,-3237.0
72,4400.208632512175,-3272.3687423945617
73,4392.0,-3321.0
74,4366.349176354806,-3424.4661534345455
75,4335.4842523956695,-3519.3788662195147
76,4332.0,-3529.0
77,4293.988426526037,-3615.877573349369
78,4258.0,-3676.0
79,4245.928885829508,-3694.5622864956213
80,4207.0,-3750.0
81,4162.935415568371,-3802.3852118273994
82,4123.0,-3843.0
83,4096.39257623514,-3867.4978334319285
84,4022.0,-3928.0
85,3981.848200013381,-3956.671715156354
86,3942.0,-3983.0
87,3878.244538283837,-4021.8538176175325
88,3801.0,-4064.0
89,3765.7723449561404,-4081.5454866277732
90,3640.0,-4138.0
91,3507.0,-4186.0
92,3506.0409326136937,-4186.276028402668
93,3321.181994854359,-4234.919982228938
94,3305.0,-4239.0
95,3240.3970143057736,-4253.782089536157
96,3215.0,-4256.0
97,3126.854039003936,-4266.935124972585
98,3011.0,-4278.0
99,2841.729341216675,-4280.263138239117
100,2829.0,-4280.0
101,2735.4842760989623,-4276.05735444838
102,2687.0,-4271.0
103,2537.9723749058167,-4248.020908060256
104,2460.0,-4234.0
105,2350.0109228310384,-4209.203609415668
106,2263.0,-4176.0
107,2249.9291866493177,-4170.745802058329
108,2113.4833256284487,-4114.126456778648
109,2043.0,-4082.0
110,1913.1975958083692,-4014.456383796439
111,1774.292817972661,-3931.8523109385055
112,1763.0,-3925.0
113,1660.0251284202627,-3861.26776313859
114,1580.1882348876197,-3810.4942221503043
115,1540.0,-3785.0
116,1477.273934053099,-3745.313235872657
117,1395.0,-3693.0
118,1268.4472680241092,-3612.0169881635234
119,1170.0,-3549.0
120,1049.4224304693175,-3472.3753926415698
121,969.0,-3421.0
122,945.7823151895889,-3406.0008445196545
123,848.0,-3343.0
124,695.0,-3246.0
125,607.0057402464615,-3190.0631099933016
126,434.0,-3083.0
127,345.19420466354336,-3032.184414264307
128,173.83883644943543,-2938.3376429739005
129,148.0,-2924.0
130,65.48430112974701,-2876.8779390023465
131,0.5597349143363601,-2842.3157651647466
132,-71.0,-2812.0
133,-342.0,-2713.0
134,-342.8975133219155,-2712.719088087795
135,-555.5552548897657,-2681.0048187571515
136,-594.0,-2681.0
137,-719.0,-2683.0
138,-791.6215730604147,-2687.8811635903153
139,-854.0,-2699.0
140,-1060.9553406389578,-2767.937051955756
141,-1128.0,-2795.0
142,-1242.154625779431,-2859.536818843181
143,-1271.0,-2878.0
144,-1335.9909416950777,-2917.8285082740094
145,-1373.0,-2940.0
146,-1485.0,-3001.0
147,-1545.4252751584727,-3027.4549206770225
148,-1610.0,-3052.0
149,-1648.8208500175228,-3064.3926274757514
150,-1747.804377481888,-3087.0296767507257
151,-1810.0,-3094.0
152,-1886.0,-3096.0
153,-1943.3160172467894,-3095.4601194940647
154,-2059.0,-3076.0
155,-2076.212825537891,-3070.6582951644154
156,-2266.0,-2997.0
157,-2343.8888902449103,-2956.546959667559
158,-2393.0,-2919.0
159,-2402.6413587157986,-2912.370241962961
160,-2445.0,-2883.0
161,-2606.0921816065274,-2749.1145306988865
162,-2675.0,-2689.0
163,-2711.464914569799,-2657.56956618631
164,-2806.092825318748,-2586.7572152806206
165,-2814.0,-2582.0
166,-2920.0,-2526.0
167,-2954.5809714456364,-2510.9973997199445
168,-2987.0,-2498.0
169,-3060.84060099191,-2471.2850205691
170,-3147.0,-2453.0
171,-3272.096383180594,-2442.8066391132356
172,-3368.0,-2440.0
173,-3462.232476238087,-2447.987492910868
174,-3509.0,-2459.0
175,-3613.0,-2484.0
176,-3649.398736188421,-2494.270653204238
177,-3739.0,-2524.0
178,-3805.811077186352,-2550.074716762344
179,-3863.0,-2576.0
180,-3926.12051733144,-2608.4825876152468
181,-3971.0,-2634.0
182,-4032.0,-2675.0
183,-4115.503965732414,-2742.3840462904986
184,-4124.0,-2750.0
185,-4220.0,-2849.0
186,-4227.484406745431,-2857.6248047135496
187,-4291.665014520033,-2938.482930762344
188,-4367.618830237655,-3063.3082604731812
189,-4402.490765872672,-3173.546937115322
190,-4418.0,-3312.0
191,-4418.049862798369,-3313.286474323859
192,-4417.607314438717,-3420.9803747201154
193,-4415.0,-3458.0
194,-4364.863537608449,-3635.9266900208636
195,-4356.0,-3655.0
196,-4344.94295283545,-3676.271582483231
197,-4323.0,-3706.0
198,-4309.917111357092,-3721.459194833473
199,-4274.0,-3761.0
200,-4258.993909406574,-3775.824852096882
201,-4201.415989814357,-3816.2196279379523
202,-4182.0,-3825.0
203,-4072.0,-3865.0
204,-4022.0265584148074,-3878.7810429126357
205,-3996.106871694751,-3879.614322577345
206,-3991.0,-3880.0
207,-3922.043594116711,-3886.395538496005
208,-3889.0,-3889.0
209,-3806.2877221738336,-3892.58117609064
210,-3773.0,-3893.0
211,-3720.0,-3893.0
212,-3651.0,-3894.0
213,-3602.9814173041477,-3895.127292576722
214,-3488.225425079032,-3898.334175575694
215,-3441.0,-3900.0
216,-3324.453820223687,-3907.472708012348
217,-3274.0,-3912.0
218,-3242.0,-3915.0
219,-3227.6149193710785,-3916.580034341691
220,-3083.205602622587,-3936.045221152051
221,-3007.0,-3947.0
222,-2948.418157855845,-3955.6104136778226
223,-2902.0,-3963.0
224,-2852.7553671236337,-3970.829792240037
225,-2747.2962828609593,-3988.5744049070495
226,-2734.0,-3991.0
227,-2499.0,-4038.0
228,-2432.9875084011965,-4052.2865173180962
229,-2343.683891437471,-4072.6142485484756
230,-2333.0,-4075.0
231,-2216.0,-4100.0
232,-2054.3614531231688,-4125.480866451078
233,-2042.0,-4127.0
234,-1960.0,-4135.0
235,-1731.7457464317413,-4142.232971060137
236,-1678.0,-4143.0
237,-1585.6424003277543,-4143.297463950047
238,-1462.0,-4138.0
239,-1435.0349873729106,-4136.646446209608
240,-1345.0,-4132.0
241,-1212.7007041107372,-4124.788284264441
242,-1198.0,-4124.0
243,-1047.460076865797,-4116.540600253065
244,-1035.0,-4116.0
245,-900.0,-4111.0
246,-854.9633443661124,-4109.582056581262
247,-646.1283344684782,-4103.556664861166
248,-625.0,-4103.0
249,-441.24250027169245,-4099.955173902176
250,-362.0,-4099.0
251,-337.05358638861776,-4098.557168733616
252,-253.0,-4097.0
253,-96.0,-4095.0
254,-0.4992546855081983,-4093.9519382361127
255,157.0,-4092.0
256,220.0,-4091.0
257,395.0,-4089.0
258,604.0,-4089.0
259,668.4940555509459,-4090.474896545967
260,780.0,-4096.0
261,940.0,-4112.0
262,940.8465695094283,-4112.112845852776
263,1094.7912898726916,-4139.728885882154
264,1194.0,-4164.0
265,1295.954187343138,-4192.826861501699
266,1368.0,-4216.0
267,1572.0,-4287.0
268,1679.1120588789156,-4325.149117047682
269,1755.363080870627,-4352.522187500271
270,1791.0,-4365.0
271,1925.776951381171,-4411.339413698932
272,1969.0,-4426.0
273,2083.7085310912307,-4464.252096722395
274,2224.0,-4509.0
275,2412.300044269285,-4566.737357301959
276,2464.0,-4582.0
277,2777.8849902277925,-4667.40980861966
278,2808.0,-4675.0
279,3095.6017705407367,-4741.343441776241
280,3229.1493609389463,-4766.195171933171
281,3404.109227187849,-4783.064761957958
282,3631.5382738555504,-4791.376355190231
283,3682.0,-4792.0
284,4052.0,-4789.0
285,4052.9582477567074,-4788.981587416057
286,4156.281942416987,-4786.010926873905
287,4281.0,-4775.0
288,4303.005454598975,-4772.996323240059
289,4369.0,-4767.0
290,4461.396525389272,-4758.84466722298
291,4634.0,-4738.0
292,4686.663734126654,-4729.57783434976
293,4969.0,-4680.0
294,5071.803717030049,-4660.722433716771
295,5161.0,-4636.0
296,5161.825573440689,-4635.76624135903
297,5456.0,-4551.0
298,5556.5867094687665,-4520.226688500952
299,5733.8683552499415,-4460.77474580609
300,5818.0,-4432.0
301,5967.814724200617,-4381.342241703946
302,6111.0,-4333.0
303,6129.648003544486,-4326.6790927724505
304,6267.0,-4280.0
305,6336.735270609935,-4256.258661860144
306,6458.0,-4215.0
307,6595.270529685888,-4168.456087086106
308,6632.0,-4156.0
309,6768.768432048493,-4109.53752189533
310,6893.0,-4067.0
311,7032.0,-4018.0
312,7138.608011744277,-3978.250819608591
313,7340.0,-3901.0
314,7367.727465998109,-3890.1432366636295
315,7661.343387048059,-3767.4883832483756
316,7683.0,-3758.0
317,7824.530028523744,-3694.8752361325696
318,7853.0,-3682.0
319,8022.0,-3605.0
320,8043.3849969935,-3595.1162255654167
321,8291.91413027317,-3478.0206148278903
322,8376.0,-3438.0
323,8444.08483671452,-3405.514416535199
324,8561.0,-3349.0
325,8591.035833678594,-3334.29037241435
326,8755.0,-3253.0
327,8902.799456387113,-3176.9827901175463
328,8916.0,-3170.0
329,9048.0,-3098.0
330,9156.484906554113,-3035.265036135343
331,9209.0,-3004.0
332,9299.0,-2948.0
333,9299.584771852557,-2947.611264963637
334,9431.0,-2854.0
335,9475.900308055563,-2817.3463520032783
336,9565.536288484196,-2725.7677470587587
337,9590.0,-2697.0
338,9622.58519372183,-2652.842884580565
339,9644.0,-2608.0
340,9646.476518227613,-2602.170090076629
341,9661.0,-2566.0
342,9669.544543864316,-2542.179192014147
343,9675.0,-2517.0
344,9668.208143392394,-2421.2099417191152
345,9667.0,-2415.0
346,9641.880281577429,-2361.5444809567825
347,9623.0,-2339.0
348,9613.102189181554,-2326.48923676527
349,9603.0,-2314.0
350,9579.316279390885,-2288.277590152044
351,9572.0,-2281.0
352,9515.59236202014,-2228.674093254072
353,9491.0,-2207.0
354,9483.766136316795,-2200.7964754801187
355,9450.174692347375,-2173.7413017794534
356,9443.0,-2168.0
357,9392.079761584142,-2126.8492905911357
358,9363.0,-2103.0
359,9305.0,-2051.0
360,9289.630868284066,-2035.1207594438279
361,9218.0,-1955.0
362,9213.707133623027,-1949.6614700443574
363,9180.378412865655,-1899.009830271626
364,9175.0,-1889.0
365,9144.465888537525,-1824.5905556530927
366,9142.0,-1818.0
367,9127.736554861172,-1768.0143688987482
368,9121.0,-1726.0
369,9118.93650570939,-1684.7778993952625
370,9121.0,-1641.0
371,9122.820413908219,-1623.6495766880694
372,9127.0,-1597.0
373,9141.183566885022,-1544.3782103674507
374,9144.0,-1537.0
375,9186.0,-1444.0
376,9210.639974355256,-1399.157871910957
377,9230.0,-1381.0
378,9270.0,-1337.0
379,9289.776707056702,-1319.3216811287712
380,9330.0,-1288.0
381,9334.53701646657,-1284.9344652125073
382,9365.0,-1267.0
383,9402.59196904572,-1248.915268257905
384,9419.0,-1242.0
385,9460.0,-1228.0
386,9509.679595592706,-1217.5374944800192
387,9631.0,-1203.0
388,9721.558467232542,-1200.6912739497996
389,9789.0,-1202.0
390,9814.33272363125,-1201.8884313373194
391,9850.0,-1201.0
392,9880.343959317215,-1200.3879866992195
393,9969.0,-1194.0
394,9980.955379448973,-1192.0302886292295
395,10094.094007408603,-1163.1233927030164
396,10132.0,-1150.0
397,10189.115920838787,-1123.5147103695033
398,10226.0,-1100.0
399,10240.18207185598,-1090.046266689123
400,10327.738394427823,-1019.3328940340391
401,10353.0,-994.0
402,10405.0,-929.0
403,10433.260289731727,-889.187824100314
404,10447.0,-868.0
405,10472.585422075652,-824.9659778808051
406,10501.0,-773.0
407,10539.668803151431,-690.5724310568307
408,10551.371864665798,-652.7450113131613
409,10558.891174061808,-608.987816009597
410,10564.0,-564.0
411,10564.499005119782,-558.3614894795189
412,10566.0,-510.0
413,10565.388618725405,-504.55380611587685
414,10553.0,-466.0
415,10546.00013199986,-455.0873132770872
416,10523.0,-434.0
417,10509.702650148338,-425.3868834726136
418,10436.0,-386.0
419,10429.134525247204,-382.5400476350969
420,10394.75973134788,-366.39602207220435
421,10383.0,-326.0
422,10382.979281324868,-325.3366590990907
423,10384.59706176326,-237.95089095028177
424,10386.0,-216.0
425,10393.91873051412,-174.1421833912939
426,10400.0,-155.0
427,10404.88736550908,-137.1538601990656
428,10421.0,-73.0
429,10421.063142844734,-72.75409559011526
430,10430.804862800544,-36.010960368214505
431,10441.0,0.0
432,10463.87209814707,77.97478407499408
433,10467.0,88.0
434,10498.416008882383,175.85987687244236
435,10503.0,188.0
436,10530.840526563634,264.9631581271601
437,10538.0,285.0
438,10552.0,333.0
439,10553.382722571936,341.1718648001724
440,10560.0,394.0
441,10561.647123952129,420.03018720454475
442,10552.757168448188,448.72454486689867
443,10545.0,460.0
444,10539.38600853726,468.46125840776693
445,10516.0,501.0
446,10498.23810683007,518.4165749220037
447,10489.0,526.0
448,10465.0,543.0
449,10451.289352772472,552.0471996417785
450,10433.0,563.0
451,10365.137840913863,595.3461329969817
452,10342.0,605.0
453,10323.041342589146,612.1541154367585
454,10287.0,623.0
455,10286.829204261958,623.0496003918473
456,10255.889794469958,631.8451765470633
457,10222.0,639.0
458,10192.469478500681,644.2934280154043
459,10133.0,654.0
460,10109.507970820305,657.3922390189027
461,10084.0,659.0
462,10037.953985077038,662.8219790091794
463,10003.0,665.0
464,9964.568953030874,666.2740732082493
465,9936.0,667.0
466,9895.8385827214,668.3082013451051
467,9837.28327939239,670.5145315481914
468,9789.0,672.0
469,9687.31776261888,674.8309715721491
470,9644.0,676.0
471,9567.824581931687,678.0281067408473
472,9540.0,679.0
473,9427.092460692738,683.075386093941
474,9395.0,684.0
475,9309.0,686.0
476,9297.58976625257,686.3388439795601
477,9220.0,689.0
478,9070.0,693.0
479,9053.72970838134,693.4785759462717
480,8854.0,700.0
481,8804.943044610422,701.7058337983408
482,8678.0,706.0
483,8655.204488456013,706.6169915371664
484,8550.194032766785,709.2988131667929
485,8524.0,710.0
486,8391.307945352843,713.8445435806894
487,8352.0,715.0
488,8202.0,719.0
489,8093.777661115147,721.1432597233025
490,7994.0,723.0
491,7921.521175137041,724.5339027590337
492,7866.0,726.0
493,7815.693730631033,727.2312544214647
494,7562.0,733.0
495,7523.540259769734,733.7887188869644
496,7333.131498312432,737.3930557285314
497,7250.0,739.0
498,7197.177813428891,740.1658771458193
499,7084.0,743.0
500,7060.377329345012,743.5531528679211
501,6775.614452256922,750.0326710017512
502,6731.0,751.0
503,6599.995055173806,753.4263082061315
504,6513.0,755.0
505,6369.525535724872,758.6322628428236
506,6355.0,759.0
507,6148.0,764.0
508,6018.447362117779,766.9867907283425
509,5859.0,771.0
510,5829.535172682461,771.9324125394445
511,5729.0,776.0
512,5568.042589473859,781.141883255167
513,5451.0,785.0
514,5319.0,790.0
515,5177.483208060564,795.1602937215077
516,5071.0,799.0
517,4994.079625836579,801.7778895838817
518,4933.49329869516,803.9815048702493
519,4821.0,808.0
520,4797.535261901502,808.834597918333
521,4484.0,820.0
522,4313.0,826.0
523,4175.0,830.0
524,3811.886149882026,842.69163186928
525,3775.0,844.0
526,3665.2364280374695,847.803139688164
527,3547.0,852.0
528,3441.0,856.0
529,3420.130964061456,856.7744629454432
530,3240.8125406329546,863.2442269940436
531,3050.0,870.0
532,2822.1097241374573,878.057069933994
533,2649.0,884.0
534,2557.835788772126,886.785196379582
535,2523.0,888.0
536,2441.516420658504,891.0591589934447
537,2287.0,897.0
538,2250.076896081488,898.3766402918276
539,2050.0,905.0
540,2026.3143410819562,905.6481876750192
541,1777.1125458252468,911.5798349847773
542,1757.0,912.0
543,1594.892023140975,914.554900452673
544,1499.0,916.0
545,1369.720701537794,918.5102034782919
546,1295.0,920.0
547,1181.748419840453,922.1797812987242
548,1091.0,924.0
549,960.8202398229622,926.9079833006394
550,849.0,929.0
551,774.0,930.0
552,735.5571497855581,930.5915241723394
553,597.9778724216042,933.468921408717
554,475.0,936.0
555,371.2333357517101,937.9078510031927
556,249.0,940.0
557,132.07643563044937,941.7465716817192
558,5.0,944.0
559,-101.07277211016861,946.538835078806
560,-164.0,948.0
561,-261.030709751494,949.9445364405753
562,-429.0,953.0
563,-545.8685825941726,955.6188796592064
564,-807.0,963.0
565,-893.9224619507232,966.7018521384366
566,-1110.0,985.0
567,-1111.8391218977479,985.1922006593013
568,-1148.0,989.0
569,-1469.2066188601993,1021.5937331663104
570,-1503.0,1025.0
571,-1648.0468395997461,1039.7590860870603
572,-1761.0,1051.0
573,-1853.275587436527,1059.7335935260628
574,-1878.0,1062.0
575,-2010.0,1073.0
576,-2048.0950879822394,1075.4868421896208
577,-2168.0,1081.0
578,-2233.839308910485,1080.7297736774253
579,-2301.0,1075.0
580,-2301.390522425704,1074.9584549000854
581,-2374.0,1066.0
582,-2393.7964476483085,1062.7888298674554
583,-2431.0,1055.0
584,-2481.535284831323,1041.0803378936944
585,-2487.0,1039.0
586,-2559.0,1000.0
587,-2575.256081323121,988.0205033649856
588,-2613.0,941.0
589,-2616.9032523851074,933.5164851669819
590,-2630.0,900.0
591,-2630.063472156987,899.7603541432717
592,-2638.0,838.0
593,-2638.0615897171583,828.8049908877072
594,-2631.0,784.0
595,-2629.907532827186,779.9649531793301
596,-2614.6518244724884,735.6152845404936
597,-2610.0,725.0
598,-2601.0,707.0
599,-2588.206130472774,686.2031445834189
600,-2579.0,673.0
601,-2557.93101532541,645.6632056840509
602,-2541.0,626.0
603,-2528.475404910103,612.5273551119731
604,-2516.0,600.0
605,-2481.1997085238386,569.4336989063036
606,-2455.0,549.0
607,-2447.0,543.0
608,-2442.529930557358,539.634335355654
609,-2400.0,508.0
610,-2371.514047543712,489.40945146668776
611,-2337.0,469.0
612,-2293.0,445.0
613,-2286.802978938575,441.8113968845231
614,-2244.0,420.0
615,-2199.589546945799,394.28092780238546
616,-2156.0,367.0
617,-2083.9372103784526,320.8271519912462
618,-2078.0,317.0
619,-2002.7971865393479,268.67905392705427
620,-1989.0,260.0
621,-1912.0,213.0
622,-1866.6589734583733,187.14515896134617
623,-1829.0,169.0
624,-1722.0284517982984,126.53013922684617
625,-1697.0,118.0
626,-1493.0,86.0
627,-1492.5272079790707,86.01139098164354
628,-1396.7547638530227,95.43628475328933
629,-1278.0,122.0
630,-1195.480840183689,146.76944025332594
631,-1186.0,150.0
632,-1117.698938257984,176.1777387689643
633,-1049.0,207.0
634,-903.3520239072669,276.2914225743946
635,-854.0,300.0
636,-803.964066086766,323.91338382676975
637,-772.0,339.0
638,-680.8159207206668,382.4068603106675
639,-485.0,475.0
640,-445.3728798134504,493.09649652471035
641,-373.0,522.0
642,-351.79999040524854,529.6022720844275
643,-256.0,559.0
644,-235.9299973664841,563.7985795623205
645,63.0,617.0
646,65.23756283328804,617.3395289680578
647,142.08648512199488,626.0390118741011
648,192.0,627.0
649,290.3766009256659,630.4499796191506
650,350.0,632.0
651,466.34045208248455,631.6357037439853
652,480.0,631.0
653,667.0,610.0
654,742.6859477778083,597.2362614961096
655,858.2709678881056,569.0540163554817
656,899.0,557.0
657,1106.4163441043786,490.38522451805795
658,1147.0,477.0
659,1245.4162309177607,442.4306598411896
660,1290.0,423.0
661,1367.3265968133296,389.3324296872636
662,1432.0,360.0
663,1584.0,280.0
664,1610.410175572413,265.0542913104463
665,1801.0,153.0
1,2091.0,-31.0
2,2188.8208094599067,-92.41346170285559
3,2242.0,-126.0
4,2351.8875009242506,-195.71270257244376
5,2365.0,-204.0
6,2545.0,-317.0
7,2617.889725779435,-362.98963199719685
8,2729.52481546571,-433.32442808661244
9,2769.0,-458.0
10,2970.4524935616346,-583.4163815810325
11,3010.0,-608.0
12,3107.9914989430954,-668.527169311102
13,3154.0,-696.0
14,3233.23307261537,-743.2421732530308
15,3300.0,-783.0
16,3460.0,-878.0
17,3486.6957208834647,-893.8732725966402
18,3686.0,-1010.0
19,3723.8872835780635,-1031.050423042119
20,3897.0,-1125.0
21,3995.5671759773986,-1176.7686805718931
22,4110.0,-1235.0
23,4138.651668449391,-1249.722465687228
24,4257.0,-1311.0
25,4312.609868799864,-1340.164448951975
26,4375.0,-1373.0
27,4523.772302303276,-1450.2605315246992
28,4533.0,-1455.0
29,4593.915165363532,-1486.1521659421796
30,4648.0,-1517.0
31,4757.5035537049225,-1585.0499924159299
32,4795.0,-1609.0
33,4841.645000240398,-1643.0671960090826
34,4849.0,-1650.0
35,4914.139339417193,-1708.9352619095218
36,4919.0,-1714.0
37,4958.0,-1761.0
38,4958.163551523545,-1761.2225547183466
39,4974.0,-1786.0
40,4979.053902942753,-1796.432511102396
41,5003.0058598603855,-1864.6352885103888
42,5012.0,-1900.0
43,5015.365340079419,-1924.9248298213574
44,5012.0,-1954.0
45,5007.470973890627,-1974.432092205339
46,4990.470425911607,-2032.0545734314314
47,4987.0,-2041.0
48,4980.0,-2056.0
49,4951.392872510209,-2101.7330990111095
50,4942.0,-2115.0
51,4904.0,-2163.0
52,4895.545137119846,-2172.7213922595497
53,4826.689170606098,-2245.481217928938
54,4777.591671377524,-2293.265231020881
55,4717.553453796425,-2350.9607004898153
56,4651.0,-2417.0
57,4650.594310660901,-2417.413640684229
58,4609.359179420423,-2460.8607456462228
59,4572.0,-2507.0
60,4552.834888636181,-2532.645436052864
61,4516.0,-2589.0
62,4457.507038945767,-2709.711255641946
63,4454.0,-2718.0
64,4428.1014004174,-2804.37737046169
65,4427.0,-2811.0
66,4414.104302118062,-2933.711076192648
67,4413.0,-2962.0
68,4413.0,-3042.0
69,4412.844152626304,-3056.811171884686
70,4409.5523521724945,-3184.266607021487
71,4409.0,-3197.0
72,4402.377527266694,-3273.5878661082133
73,4391.0,-3325.0
74,4390.902664414277,-3325.410718198838
75,4340.0,-3507.0
76,4335.504262800864,-3518.972742458446
77,4314.0,-3571.0
78,4271.416339752772,-3658.6157941616143
79,4242.0,-3702.0
80,4101.0,-3864.0
81,4092.1941054470876,-3873.460643328926
82,4048.6778619954093,-3918.0949890743987
83,3966.338257609382,-3969.104610893463
84,3951.0,-3978.0
85,3795.0,-4067.0
86,3726.681330969771,-4105.543087890779
87,3687.023674379397,-4120.450388723171
88,3665.0,-4128.0
89,3375.0,-4224.0
90,3374.3530107663805,-4224.201004103545
91,3300.4783844915614,-4242.0625170639705
92,3266.0,-4247.0
93,3156.8726987034865,-4264.287914429865
94,3144.0,-4266.0
95,2949.0,-4281.0
96,2905.094138227597,-4281.710431393686
97,2836.0,-4281.0
98,2792.8998202390103,-4279.5003270144425
99,2693.0,-4272.0
100,2609.5238967467794,-4261.132042222078
101,2479.0,-4238.0
102,2396.453206545766,-4218.226771608593
103,2281.0,-4182.0
104,2279.807080645827,-4181.6011061526615
105,2115.0,-4117.0
106,2074.4559545440784,-4097.151580151618
107,1860.0,-3983.0
108,1859.1896801235068,-3982.5562703393566
109,1760.3567345850024,-3925.1089353569823
110,1715.0,-3896.0
111,1693.150091310453,-3882.1438779051095
112,1571.0,-3805.0
113,1468.3898899955477,-3739.648015753278
114,1400.0,-3696.0
115,1313.2240715451776,-3640.7411292352162
116,1268.0,-3612.0
117,1081.0,-3493.0
118,1037.1250500835238,-3464.888134773864
119,880.0,-3364.0
120,860.7656824989424,-3351.6374616916883
121,677.0,-3234.0
122,665.8414358457403,-3226.9998444904018
123,594.0,-3182.0
124,539.4023732841279,-3147.5390626467083
125,484.0,-3113.0
126,370.3256264406876,-3045.391053675409
127,315.0,-3014.0
128,186.0,-2944.0
129,170.92695064519384,-2935.942699199915
130,-46.0,-2824.0
131,-90.54689091712757,-2803.2003337887527
132,-177.0,-2766.0
133,-322.0,-2718.0
134,-499.0,-2687.0
135,-662.0,-2681.0
136,-762.36488016999,-2686.9855129702764
137,-790.0,-2690.0
138,-926.7370935862299,-2715.8766082734264
139,-992.0,-2736.0
140,-1057.7913786986321,-2761.996294166024
141,-1160.38245991112,-2814.479398495868
142,-1334.0,-2917.0
143,-1383.0706950798485,-2945.8056624424476
144,-1442.0,-2979.0
145,-1500.6233243122106,-3008.6632224659243
146,-1583.0,-3043.0
147,-1621.7344861858573,-3055.920314661642
148,-1727.0,-3082.0
149,-1877.2474069585517,-3095.5124313402393
150,-1896.0,-3096.0
151,-2038.0,-3080.0
152,-2062.0,-3075.0
153,-2106.4731714493723,-3064.7002509421427
154,-2274.1084139820864,-2993.154178336148
155,-2298.0,-2979.0
156,-2402.0,-2912.0
157,-2441.291530672104,-2884.8382757453346
158,-2526.022193961767,-2822.5920543964976
159,-2545.0,-2807.0
160,-2614.779116955678,-2741.59613295994
161,-2684.0,-2682.0
162,-2715.4376687445124,-2657.670698045834
163,-2849.0,-2562.0
164,-2911.3232553201105,-2522.932584932282
165,-2970.9865042648453,-2502.676353079179
166,-2989.0,-2497.0
167,-3098.0,-2464.0
168,-3111.27340464259,-2460.780798688027
169,-3210.0,-2444.0
170,-3287.3142608447506,-2439.09336297798
171,-3361.0,-2440.0
172,-3488.0,-2455.0
173,-3589.447851710759,-2479.097865454439
174,-3770.0,-2536.0
175,-3856.775378623882,-2572.487885467189
176,-3976.337566112686,-2638.1761430835622
177,-3983.0,-2642.0
178,-4064.0,-2699.0
179,-4081.6432418248205,-2715.075994548037
180,-4214.727969828001,-2845.6449127073192
181,-4232.0,-2864.0
182,-4305.390168215335,-2965.738047877306
183,-4321.0,-2996.0
184,-4367.543064266236,-3092.7405017193814
185,-4371.0,-3101.0
186,-4389.637730655759,-3158.569275847157
187,-4392.0,-3169.0
188,-4415.231044126068,-3301.37920435551
189,-4417.0,-3313.0
190,-4420.2095071056165,-3397.8379513630944
191,-4419.0,-3408.0
192,-4408.0,-3499.0
193,-4405.245958781229,-3514.233348492792
194,-4393.0,-3564.0
195,-4375.3011670116575,-3612.3033301620567
196,-4373.0,-3618.0
197,-4324.227109759284,-3706.2678199505044
198,-4312.0,-3720.0
199,-4245.0,-3785.0
200,-4230.660288856682,-3797.49540613609
201,-4189.214621470738,-3823.997682235068
202,-4163.0,-3834.0
203,-4125.2620259629875,-3847.6977355290346
204,-4060.83665598935,-3867.1476403068273
205,-4053.0,-3869.0
206,-4014.0,-3877.0
207,-3936.4451658011,-3885.660868378726
208,-3899.0,-3888.0
209,-3863.5057822501585,-3890.238970582285
210,-3822.0,-3892.0
211,-3733.0870767104084,-3893.3760860840057
212,-3638.0,-3894.0
213,-3621.9735877696307,-3894.147276033002
214,-3560.0,-3896.0
215,-3548.5533553056694,-3896.497704795971
216,-3426.4529158713044,-3902.124777266385
217,-3313.0,-3908.0
218,-3270.631837867959,-3911.0144045817515
219,-3225.0,-3917.0
220,-3194.8637895449906,-3920.856865386162
221,-3101.0,-3933.0
222,-3062.9566304973823,-3938.335815200458
223,-2994.0439788588005,-3949.0626391796995
224,-2969.0,-3953.0
225,-2866.7472990254532,-3969.0537698779235
226,-2767.0,-3985.0
227,-2700.0402478091446,-3996.41938796093
228,-2650.4764871389493,-4006.4511998558596
229,-2604.0,-4016.0
230,-2502.0,-4037.0
231,-2488.244328119452,-4039.9538800931787
232,-2367.783216608548,-4067.003328764389
233,-2320.0,-4077.0
234,-2092.0,-4121.0
235,-2033.2184034125896,-4130.829765401033
236,-1899.0,-4139.0
237,-1898.3923088107151,-4139.017500719383
238,-1785.0,-4142.0
239,-1698.0437777991335,-4142.819989220336
240,-1569.0,-4141.0
241,-1522.2544442701774,-4139.513400360175
242,-1437.0,-4136.0
243,-1230.0495161943193,-4125.784219290482
244,-1156.0,-4122.0
245,-1104.6591509507837,-4119.398189476668
246,-999.0,-4115.0
247,-944.8402050702496,-4112.979085124059
248,-777.0,-4107.0
249,-653.5662136850082,-4103.61150103231
250,-624.0,-4103.0
251,-453.5744950728598,-4100.231356747955
252,-439.0,-4100.0
253,-253.0,-4097.0
254,-250.97501247032847,-4096.973787980367
255,-64.0,-4095.0
256,47.400123057151426,-4093.6323138829775
257,173.0,-4092.0
258,254.7073656266378,-4090.7978260386153
259,301.0,-4090.0
260,337.60216688026475,-4089.4449063254724
261,557.0,-4088.0
262,673.9742192401637,-4090.638626202501
263,734.0,-4093.0
264,825.0883252544097,-4098.668938899739
265,862.0,-4103.0
266,1165.0,-4156.0
267,1166.0223735161119,-4156.205244122893
268,1387.0,-4222.0
269,1402.466992888802,-4227.318328529763
270,1466.0,-4249.0
271,1593.1947634540154,-4294.088592434101
272,1715.0,-4338.0
273,1778.2770540136582,-4360.4051433342365
274,1872.0,-4393.0
275,1970.926711163688,-4426.498451969185
276,2093.0,-4467.0
277,2148.6492409577504,-4485.32132563866
278,2236.0,-4513.0
279,2493.0,-4591.0
280,2494.142362225205,-4591.342035895958
281,2645.67037625265,-4633.339847355956
282,2656.0,-4636.0
283,2763.160073469455,-4663.986307633976
284,2853.0,-4686.0
285,3057.0038903976647,-4727.751803540662
286,3322.3094093576674,-4765.991880477978
287,3776.0,-4794.0
288,3962.8374905386504,-4791.801410318801
289,4144.0,-4784.0
290,4212.054860493911,-4780.018628808644
291,4359.651332353524,-4767.843548773782
292,4389.0,-4765.0
293,4528.995716207632,-4750.446062423896
294,4600.0,-4742.0
295,4743.503964291999,-4721.908022242172
296,4793.0,-4714.0
297,4967.0,-4681.0
298,5079.304019549476,-4655.123424990277
299,5209.0,-4623.0
300,5280.7762199694225,-4604.151249692897
301,5410.21252358147,-4565.746229772579
302,5466.0,-4548.0
303,5533.703772654499,-4526.059048500906
304,5653.0,-4487.0
305,5772.0,-4448.0
306,5819.325471448593,-4432.183726139033
307,6036.977887938451,-4358.372102614592
308,6129.0,-4327.0
309,6287.861506615167,-4272.473380544946
310,6401.0,-4234.0
311,6482.647644675702,-4206.613301278351
312,6589.0,-4171.0
313,6772.1510942304085,-4108.925044259955
314,6795.0,-4101.0
315,7068.0,-4005.0
316,7139.540187724127,-3979.611748382469
317,7205.0,-3954.0
318,7206.243262546668,-3953.5021224037446
319,7445.825676539071,-3856.908034465417
320,7559.0,-3810.0
321,7668.959714860552,-3763.202804800815
322,7944.0,-3641.0
323,8031.090325324158,-3601.0767276390325
324,8110.828042228142,-3563.585332007187
325,8159.0,-3541.0
326,8215.463243783675,-3514.59495625831
327,8308.0,-3471.0
328,8439.0,-3408.0
329,8471.417427349892,-3392.4730189201828
330,8619.0,-3321.0
331,8828.015290660382,-3213.704910799149
332,9037.0,-3104.0
333,9063.562433163648,-3089.985492018266
334,9119.922712229909,-3059.3528440851264
335,9175.0,-3025.0
336,9310.505389262815,-2939.4525979085433
337,9336.0,-2923.0
338,9410.280161007553,-2871.485002060661
339,9445.0,-2843.0
340,9466.350628415908,-2825.3991257211233
341,9496.0,-2799.0
342,9542.377326391632,-2750.421876692908
343,9559.0,-2732.0
344,9581.526710647897,-2706.25541451363
345,9604.884040681525,-2675.3927093204525
346,9618.0,-2654.0
347,9628.154252017139,-2636.1255999061814
348,9648.0,-2597.0
349,9648.343915895151,-2596.2318820958108
350,9673.0,-2523.0
351,9677.020264993935,-2500.4397374771293
352,9679.0,-2475.0
353,9674.0,-2437.0
354,9660.932330967602,-2402.08126883215
355,9659.0,-2398.0
356,9635.0,-2357.0
357,9628.782447370853,-2347.8622185085073
358,9589.27564180277,-2298.456984367903
359,9586.0,-2295.0
360,9571.0,-2280.0
361,9533.0,-2243.0
362,9529.26929685797,-2239.557324691845
363,9465.0,-2186.0
364,9440.155604143441,-2165.795889538571
365,9390.0,-2125.0
366,9377.212125797081,-2114.5855388809014
367,9338.404597752047,-2082.2638274656856
368,9329.0,-2074.0
369,9297.005004986995,-2045.4764795858102
370,9268.0,-2015.0
371,9205.18928251579,-1935.6923274336946
372,9189.0,-1914.0
373,9157.966132483642,-1859.6606114509377
374,9153.0,-1843.0
375,9135.83114511492,-1781.5381987384128
376,9121.0,-1716.0
377,9116.323576344974,-1664.9185870525275
378,9123.823041177306,-1616.3736962327635
379,9128.0,-1596.0
380,9134.973700907678,-1563.3345535166964
381,9151.0,-1518.0
382,9177.787451053404,-1461.2922748907772
383,9194.0,-1430.0
384,9210.885426986833,-1401.5681335289241
385,9233.0,-1375.0
386,9287.0,-1320.0
387,9294.820532849344,-1313.1845171943148
388,9310.0,-1301.0
389,9345.989918107303,-1275.305734413263
390,9378.0,-1259.0
391,9421.950728052812,-1242.0806984062683
392,9496.0,-1219.0
393,9559.81976934747,-1205.8333081295582
394,9598.998400188015,-1204.3610823574215
395,9611.0,-1204.0
396,9692.138895944223,-1202.0981962693504
397,9699.0,-1202.0
398,9754.8591821543,-1201.6266753460275
399,9793.0,-1201.0
400,9874.89949530537,-1198.633144311502
401,9948.0,-1196.0
402,9966.976948223302,-1195.2136349037498
403,10017.968988734865,-1188.3989497733412
404,10040.0,-1181.0
405,10175.046274390195,-1126.6764047913243
406,10205.0,-1113.0
407,10255.307707585856,-1085.604633675037
408,10304.0,-1042.0
409,10310.72147425887,-1035.5448583383518
410,10358.0,-988.0
411,10441.931586426505,-878.2806322765271
412,10446.0,-872.0
413,10485.0,-805.0
414,10488.588291414053,-798.1762676785197
415,10513.369383971469,-746.9649099595653
416,10516.0,-741.0
417,10541.539850497593,-673.554499165641
418,10545.0,-662.0
419,10557.0,-610.0
420,10560.02446698233,-592.0899090309562
421,10566.0,-542.0
422,10567.567036150345,-516.5073302088716
423,10565.0,-501.0
424,10542.95015368985,-459.138297674417
425,10523.0,-434.0
426,10491.516636782224,-410.59454981329145
427,10455.0,-396.0
428,10445.90132689164,-391.2455392480259
429,10397.0,-355.0
430,10384.235922300095,-331.32731806865604
431,10380.0,-315.0
432,10384.371143074917,-226.78581671977878
433,10386.0,-216.0
434,10393.986893511908,-177.56749873909294
435,10398.0,-162.0
436,10417.65831057582,-87.1022376357531
437,10419.0,-82.0
438,10435.0,-22.0
439,10442.774501388549,5.775545048343609
440,10456.0,51.0
441,10470.07653225467,95.40485160013282
442,10494.660525346244,164.978727642498
443,10523.529753824461,241.3319597563281
444,10542.0,297.0
445,10542.160811050406,297.52822468388774
446,10553.204727389144,338.03101613664717
447,10555.0,347.0
448,10559.0,403.0
449,10558.980380987472,403.43923236581435
450,10548.0,454.0
451,10547.791338023295,454.4396509955846
452,10524.057784530227,490.8509181567405
453,10508.0,510.0
454,10493.098331247977,524.9073102451267
455,10466.186309550307,543.5168047295988
456,10457.0,549.0
457,10431.214786179426,563.5378850823796
458,10408.0,576.0
459,10399.676164846407,580.3658634285198
460,10376.0,592.0
461,10349.647218273425,602.3625699722434
462,10325.0,611.0
463,10293.374363516734,621.8297776659452
464,10274.0,627.0
465,10196.0,645.0
466,10187.262053153809,646.902806479106
467,10131.936254693752,656.2449772671123
468,10082.0,659.0
469,10046.305433808888,661.4892016589936
470,9980.0,666.0
471,9956.850560062807,667.2159217703183
472,9882.0,669.0
473,9858.33136257024,669.7134161218262
474,9759.0,673.0
475,9733.275139134206,673.6735291334892
476,9674.0,675.0
477,9643.756230633202,675.7139978146513
478,9559.0,678.0
479,9519.427018873697,679.3883805713537
480,9475.0,681.0
481,9380.670419711994,684.1410944171229
482,9323.0,686.0
483,9218.985382239793,689.1937249719941
484,9191.0,690.0
485,9072.076805789218,693.363593451825
486,8979.0,696.0
487,8893.844023386586,698.5806386380699
488,8818.0,701.0
489,8802.274279602745,701.4833516490387
490,8588.0,708.0
491,8569.273599346385,708.5736303001738
492,8321.0,716.0
493,8320.497900508612,716.0124051371563
494,8244.08768917566,717.655356570434
495,8164.139257511494,719.1967079618976
496,8129.0,720.0
497,8059.08746787433,721.7347198397446
498,8003.0,723.0
499,7889.0,725.0
500,7801.951971679231,727.0684493435738
501,7688.0,730.0
502,7686.550680286632,730.0323021434625
503,7483.0,734.0
504,7421.768349880993,735.5482283609141
505,7364.0,737.0
506,7271.709337737246,738.8744022659276
507,7214.0,740.0
508,7091.684404879539,742.6789734405789
509,7078.0,743.0
510,6955.0,746.0
511,6873.493677352397,747.9534311909794
512,6780.0,750.0
513,6586.196780110165,753.4055052423348
514,6557.0,754.0
515,6461.546494488925,756.2585658665115
516,6384.0,758.0
517,6240.436848474612,760.5166973131684
518,6194.0,762.0
519,6146.0,764.0
520,5793.0,774.0
521,5790.913054089883,774.0591307873749
522,5641.665398571864,778.6839239090498
523,5468.0,785.0
524,5441.62387648997,785.9797288198639
525,5347.982096236008,789.5086681243546
526,5229.314280987464,793.7008674840569
527,5188.0,795.0
528,5107.576575303126,797.3929672810069
529,5056.0,799.0
530,4958.480709488755,802.316110340533
531,4774.0,809.0
532,4753.440644909828,809.736946072998
533,4570.400543180221,816.179850184618
534,4405.0,822.0
535,4343.23938279197,824.204141081733
536,4099.0,833.0
537,4060.7497003807803,834.3669292510942
538,3928.0,839.0
539,3897.1272986089316,840.0718679703825
540,3656.330842735186,848.4405329164312
541,3583.0,851.0
542,3460.9086010225046,855.2879250680288
543,3357.0,859.0
544,3304.646642422615,860.8916667294992
545,3148.8508930548323,866.5593356100918
546,3024.0,871.0
547,2808.16786278677,878.3883014435902
548,2644.0,884.0
549,2627.6557546400127,884.5746795036707
550,2413.5663970264586,892.3496737988389
551,2395.0,893.0
552,2197.379122198508,899.8153713079447
553,2072.0,904.0
554,1956.3740465549358,907.5173684633522
555,1864.6070612084848,909.2227115669014
556,1821.0,910.0
557,1630.926154124292,913.4573930885604
558,1550.0,915.0
559,1412.7072497271065,917.8350916778079
560,1260.0,921.0
561,1222.8137114771598,921.6918892359078
562,1096.0,924.0
563,1043.4019286928046,925.0382195184723
564,907.5887946235051,927.8230673871225
565,840.0,929.0
566,691.5640802541649,931.3256987260734
567,584.0,933.0
568,436.1351742953053,935.629354823602
569,357.8175290792659,937.5097410694284
570,290.0,939.0
571,87.0,943.0
572,86.04384043606939,943.0165758627845
573,-96.0,946.0
574,-97.70255438702694,946.0327808404916
575,-281.0,950.0
576,-338.41385087094704,951.0788928693225
577,-558.0,955.0
578,-630.6139119907075,956.4183329124298
579,-736.9982133630234,959.0791339358004
580,-860.0,966.0
581,-861.6216306623616,966.0965824637594
582,-971.0,973.0
583,-1009.6878732159948,975.9084063215257
584,-1195.4202067633983,993.2296742942342
585,-1213.0,995.0
586,-1342.1908461215262,1008.3539251999917
587,-1358.0,1010.0
588,-1522.0,1027.0
589,-1569.127951313952,1031.8402830106404
590,-1711.0,1046.0
591,-1711.6319978358736,1046.0596579212536
592,-1799.0,1054.0
593,-1886.3544578618996,1061.9646349159855
594,-2008.0,1073.0
595,-2074.785615142133,1078.4465584417862
596,-2120.0,1079.0
597,-2181.020745190412,1079.8846122085104
598,-2200.0,1080.0
599,-2276.0,1077.0
600,-2359.5163417162066,1066.7819606325884
601,-2417.0,1058.0
602,-2465.154988465662,1046.1988700468069
603,-2482.0,1040.0
604,-2519.0,1025.0
605,-2552.7296551361296,1003.9360888847077
606,-2596.0,965.0
607,-2621.7253975983845,924.3721142690707
608,-2630.0,897.0
609,-2636.0,864.0
610,-2636.04066817101,863.587164508934
611,-2637.0,840.0
612,-2634.995651585011,802.1665828316435
613,-2632.0,789.0
614,-2608.047086584361,723.1891839980451
615,-2600.0,705.0
616,-2579.534368106993,673.530773300841
617,-2576.0,669.0
618,-2562.0304320083505,650.5226581583372
619,-2542.0,626.0
620,-2538.5078870058474,622.2020929297961
621,-2515.0,599.0
622,-2497.38095578214,583.1523039515712
623,-2478.0,567.0
624,-2464.141512405059,556.0345009624098
625,-2430.0,530.0
626,-2415.9623594637537,519.4282729342433
627,-2360.411227795671,481.15039500933926
628,-2355.0,478.0
629,-2337.0,468.0
630,-2279.8241579170503,439.7809028043516
631,-2233.0,414.0
632,-2212.7021669539695,401.95559452596467
633,-2120.4908524539887,344.4706360578587
634,-2093.0,327.0
635,-2045.0077247448148,295.70889312422537
636,-2002.0,268.0
637,-1986.3743103226466,258.3263655032822
638,-1953.0,238.0
639,-1900.4780552195994,207.30633574138375
640,-1832.0,170.0
641,-1815.0240067864515,161.35693833141755
642,-1736.0,130.0
643,-1591.6520296400315,97.63297669437647
644,-1544.0,89.0
645,-1443.7739346524427,83.68088581940053
646,-1386.0,97.0
647,-1290.0,118.0
648,-1242.1562062773198,131.38149318153404
649,-1173.0,155.0
650,-1102.0728118855432,183.6612975715749
651,-1023.0,219.0
652,-906.0,274.0
653,-812.0257330631597,319.188074366849
654,-657.0,394.0
655,-549.3466609084014,445.38506700294363
656,-485.0,475.0
657,-359.0,527.0
658,-356.2818581459233,527.8864118114533
659,-115.0,591.0
660,-18.057080495923998,609.2173980618702
661,170.0,625.0
662,198.59803441045338,626.8116507389617
663,318.733692874868,631.8425876809922
664,359.0,632.0
665,462.0,631.0
666,586.6732214462572,622.9642944809896
667,666.0,611.0
668,728.6826199633255,598.786001118858
669,871.0,565.0
670,940.7674000075021,545.0631403183938
671,1017.0,521.0
672,1149.0,476.0
673,1169.376371750293,468.30907701656054
674,1346.0289548385417,397.9652947936667
675,1363.0,391.0
676,1488.7691042303265,333.094630165004
677,1524.0,314.0
678,1654.0,242.0
679,1779.0,167.0
1,2105.0,-40.0
2,2257.2715166831535,-135.12096926934342
3,2394.0,-221.0
4,2446.804384516306,-254.3657038514882
5,2564.6111663389,-329.17733913709617
6,2588.0,-344.0
7,2699.2618293979563,-414.3674952154473
8,2756.0,-450.0
9,2871.863921130601,-522.0659329889628
10,2912.0,-547.0
11,3054.0,-635.0
12,3147.4368774306336,-691.7046026404892
13,3256.0,-757.0
14,3316.070432534986,-792.938351623533
15,3425.6509986299393,-857.8143406055375
16,3475.0,-887.0
17,3536.168019804402,-923.2136505060469
18,3645.0,-987.0
19,3752.0,-1047.0
20,3794.1960537730224,-1069.7670654199092
21,3987.3686587549973,-1171.415545164422
22,4069.0,-1214.0
23,4210.284597580842,-1287.0195173067264
24,4301.0,-1334.0
25,4362.735146673507,-1366.4767299770756
26,4440.0,-1407.0
27,4557.205311651964,-1468.042091444928
28,4570.0,-1475.0
29,4712.0,-1555.0
30,4748.851119938893,-1576.304786222811
31,4778.0,-1597.0
32,4778.500129843475,-1597.3752142498702
33,4870.578056626845,-1668.2713505035254
34,4908.0,-1702.0
35,4938.719038769099,-1735.2040459338286
36,4992.0,-1821.0
37,5003.551855483604,-1850.059535048128
38,5008.972171204862,-1878.2367577692517
39,5011.0,-1895.0
40,5012.783709479596,-1914.4438000484683
41,5013.0,-1946.0
42,5005.0,-1990.0
43,5002.20446254469,-2000.6138338422543
44,4984.0,-2047.0
45,4943.679524118626,-2109.2079801036907
46,4898.0,-2170.0
47,4892.068049787588,-2177.6350610478844
48,4877.875719953575,-2193.6320566429804
49,4856.0,-2215.0
50,4800.222539268914,-2270.8071001830435
51,4789.0,-2282.0
52,4749.011109794838,-2321.2460287695994
53,4724.0,-2345.0
54,4709.756411433327,-2358.404914658996
55,4684.0,-2384.0
56,4619.625845390418,-2452.11778610142
57,4595.0,-2479.0
58,4563.797956458276,-2514.6437958850634
59,4539.515877011622,-2550.2892612609653
60,4524.0,-2577.0
61,4509.973391069483,-2600.9930992911295
62,4479.0,-2659.0
63,4478.42127444972,-2660.250495971497
64,4432.0,-2790.0
65,4424.060205863112,-2827.1670632813966
66,4418.0,-2870.0
67,4413.0,-2945.0
68,4412.926306527315,-3016.362376956654
69,4413.0,-3025.0
70,4413.0,-3117.0
71,4412.280492906606,-3138.5392544627193
72,4401.348096341499,-3262.603710586835
73,4400.0,-3272.0
74,4393.0,-3314.0
75,4368.0,-3422.0
76,4365.336900260273,-3432.4802213439616
77,4304.0,-3593.0
78,4272.599060486866,-3646.790698306172
79,4206.0,-3752.0
80,4188.403414228931,-3778.1208833928868
81,4124.190088885801,-3844.823979641565
82,4107.0,-3859.0
83,4049.5615183681557,-3908.6506899715037
84,3989.0,-3953.0
85,3831.849526623965,-4045.9740511728555
86,3789.0,-4070.0
87,3681.484259011373,-4122.844128567573
88,3647.0,-4135.0
89,3518.5571794062257,-4178.502058915211
90,3384.0,-4221.0
91,3285.7148558356334,-4246.470906154711
92,3201.21684335104,-4258.054166294805
93,3162.0,-4263.0
94,3089.399127894283,-4273.212299089063
95,2967.0,-4280.0
96,2803.2168414915964,-4277.011957663085
97,2711.0,-4273.0
98,2624.9680390036115,-4265.888593545775
99,2539.0,-4250.0
100,2354.0,-4206.0
101,2329.1741807705757,-4198.46952033705
102,2283.0,-4183.0
103,2182.137291463507,-4145.910244156631
104,2104.0,-4111.0
105,2005.415997256057,-4061.261247911727
106,1848.0,-3976.0
107,1723.3451121657179,-3902.424570044166
108,1657.8749104178123,-3859.710181937456
109,1638.0,-3847.0
110,1505.022355083521,-3762.95854279025
111,1494.0,-3756.0
112,1406.283262119546,-3700.490125286386
113,1349.0,-3664.0
114,1229.394791943871,-3587.447123000281
115,1124.0,-3520.0
116,1096.7633428664951,-3502.650109219221
117,1023.3082651676245,-3456.3108467636034
118,990.0,-3435.0
119,781.3844596828945,-3300.5196014914604
120,734.0,-3270.0
121,651.1208769208522,-3216.867519957343
122,557.0,-3158.0
123,543.5402694174454,-3149.6645962436546
124,446.0,-3090.0
125,231.84270986826928,-2968.9935540720585
126,219.0,-2962.0
127,75.0,-2885.0
128,59.96824367931511,-2877.144134008885
129,-54.40281581957947,-2819.3958769557107
130,-68.0,-2813.0
131,-226.76258585195754,-2747.5499597539383
132,-255.0,-2738.0
133,-386.0,-2703.0
134,-432.2867556009561,-2694.8702721600075
135,-565.0,-2682.0
136,-635.3485504617485,-2680.0918592799662
137,-682.0,-2682.0
138,-823.5780824512708,-2698.00969756374
139,-916.0,-2713.0
140,-1017.5559605182448,-2738.8253182005164
141,-1097.0,-2779.0
142,-1118.886091913775,-2790.818060989065
143,-1258.0,-2870.0
144,-1323.6772825099106,-2910.5031582042952
145,-1363.0,-2934.0
146,-1540.9074641290033,-3025.5781782207564
147,-1562.0,-3035.0
148,-1640.130886395425,-3062.5256251615074
149,-1673.0,-3070.0
150,-1832.949752712882,-3094.315031696506
151,-1844.0,-3095.0
152,-1967.0,-3091.0
153,-2011.2484911247157,-3084.8369582421674
154,-2077.0,-3071.0
155,-2142.965576138876,-3050.7812997905585
156,-2249.9873547649577,-3003.745952713286
157,-2373.592673493159,-2930.2887175680407
158,-2469.0,-2865.0
159,-2469.932884084497,-2864.320985623039
160,-2544.100356239558,-2807.125672735014
161,-2562.0,-2792.0
162,-2686.0,-2679.0
163,-2686.9751658827613,-2678.137192082061
164,-2803.0,-2589.0
165,-2804.1798148306752,-2588.2791434616856
166,-2913.7626668463004,-2530.3644360330845
167,-2979.0,-2501.0
168,-3035.8850792488724,-2478.9747481112972
169,-3128.7675139852595,-2455.950780168122
170,-3160.0,-2451.0
171,-3247.692262939205,-2441.0300354251785
172,-3325.0,-2438.0
173,-3352.052671898875,-2438.619632908716
174,-3427.0,-2445.0
175,-3506.949942639146,-2458.8156052249074
176,-3580.0,-2475.0
177,-3670.237074479158,-2498.4504244259792
178,-3718.0,-2516.0
179,-3897.0,-2592.0
180,-3916.6619808187747,-2600.7431794930203
181,-4032.924450911275,-2661.57837739674
182,-4095.0,-2724.0
183,-4138.6222190418175,-2767.2046242295964
184,-4216.0,-2845.0
185,-4239.319231310259,-2870.0817364328022
186,-4289.0,-2943.0
187,-4303.984194003022,-2969.3266488126246
188,-4363.0,-3082.0
189,-4373.635465764861,-3107.717002158381
190,-4390.0,-3160.0
191,-4396.336596718788,-3184.440793243917
192,-4410.0,-3251.0
193,-4414.3021093600455,-3284.041287223201
194,-4417.0,-3316.0
195,-4418.855133241951,-3365.201745235059
196,-4419.0,-3395.0
197,-4414.469675115483,-3466.053233211527
198,-4411.0,-3484.0
199,-4393.096484877515,-3553.6955940128587
200,-4378.0,-3606.0
201,-4363.219895372904,-3652.1163338362303
202,-4337.0,-3684.0
203,-4331.450076028721,-3690.658870114598
204,-4253.0,-3779.0
205,-4245.466188564981,-3785.9552781035895
206,-4122.0,-3850.0
207,-4121.725889214054,-3850.0935268894236
208,-4079.8296254002976,-3863.4246678037352
209,-4035.0766737556373,-3873.8173197252545
210,-4015.0,-3877.0
211,-3974.6192807495954,-3881.850686245663
212,-3942.0,-3885.0
213,-3875.0,-3890.0
214,-3822.059328870597,-3891.9052189604163
215,-3751.0,-3893.0
216,-3750.090710853877,-3893.0144397042413
217,-3620.0,-3895.0
218,-3579.058702117835,-3895.3905771683335
219,-3540.0,-3896.0
220,-3477.5183383270946,-3898.114034108981
221,-3438.0,-3900.0
222,-3352.605629311555,-3905.268174560705
223,-3343.0,-3906.0
224,-3256.0,-3914.0
225,-3196.2216989563517,-3920.8165832367085
226,-3132.0,-3929.0
227,-3028.3364446460746,-3944.2270688548338
228,-3010.0,-3947.0
229,-2939.2942594135393,-3957.5921911993732
230,-2878.0,-3967.0
231,-2771.005357541766,-3984.676127039135
232,-2736.0,-3991.0
233,-2699.0,-3998.0
234,-2418.0,-4055.0
235,-2416.3200622621453,-4055.3530250839585
236,-2295.5281615190047,-4081.302497005788
237,-2153.0,-4111.0
238,-2131.1887421374927,-4114.902183350846
239,-2053.2511806544417,-4126.778504486345
240,-1953.1103436733783,-4135.968716538751
241,-1918.0,-4138.0
242,-1849.407357906531,-4140.8842674346915
243,-1805.0,-4142.0
244,-1720.0638469837477,-4142.792830934999
245,-1559.0,-4141.0
246,-1541.299987300765,-4140.554078879099
247,-1386.5423711239016,-4133.874891723162
248,-1236.0,-4126.0
249,-1175.1794178559471,-4123.120900671508
250,-921.0,-4112.0
251,-881.4072467742461,-4110.317493638274
252,-754.0,-4106.0
253,-726.1147840223117,-4105.349596433297
254,-512.1091945899882,-4101.140706230213
255,-447.0,-4100.0
256,-338.12335707777214,-4098.303815015373
257,-245.0,-4097.0
258,-198.0178610617766,-4096.341929836591
259,-58.15833813058888,-4094.3976798125627
260,53.0,-4093.0
261,242.7312886588664,-4090.9907278986007
262,387.0,-4089.0
263,401.5010937203068,-4088.709020209689
264,611.0,-4089.0
265,787.3393088397486,-4099.091737347115
266,899.0,-4107.0
267,1001.8479792228194,-4117.013967597539
268,1082.7399474297717,-4135.751888469018
269,1121.0,-4146.0
270,1287.4694150194812,-4192.094496656857
271,1358.0,-4213.0
272,1476.5721130703334,-4252.3554604813135
273,1607.0,-4300.0
274,1638.764373293459,-4311.213878661951
275,1747.0,-4349.0
276,1791.7527461194923,-4364.79632818765
277,1907.1744926243089,-4405.498718741402
278,1965.0,-4425.0
279,2092.466803747947,-4466.943498372051
280,2185.0,-4497.0
281,2312.4371892992585,-4537.703731283762
282,2380.3023672749086,-4557.932427414345
283,2439.0,-4575.0
284,2615.0,-4625.0
285,2615.835291980354,-4625.227369461718
286,2776.0,-4667.0
287,2777.5011545238326,-4667.3822494297
288,2940.0,-4705.0
289,2991.528386767077,-4714.712487304626
290,3190.0,-4749.0
291,3256.556252430386,-4759.745974510171
292,3357.9525781509956,-4773.359637032794
293,3478.0,-4781.0
294,3479.5196257280086,-4781.106932667908
295,3581.0,-4788.0
296,3616.634995536527,-4789.8461398996205
297,3787.5617279337825,-4793.90224262877
298,3804.0,-4794.0
299,3927.315475187639,-4793.309424885904
300,3943.0,-4793.0
301,4116.0,-4786.0
302,4168.203524230392,-4782.759366206922
303,4335.0,-4770.0
304,4335.804757386289,-4769.935561108601
305,4456.0,-4759.0
306,4589.814715882985,-4742.23303273124
307,4785.0,-4715.0
308,4903.747217807138,-4696.2580645453445
309,4991.0,-4676.0
310,5093.009179876118,-4652.426596072283
311,5128.0,-4644.0
312,5316.0,-4593.0
313,5535.036592133643,-4524.912935246649
314,5687.0,-4476.0
315,5830.199546213852,-4427.9444273654
316,5889.0,-4408.0
317,6023.0,-4363.0
318,6163.58152476419,-4315.204585762441
319,6378.0,-4242.0
320,6569.281799549971,-4178.071967736884
321,6684.0,-4139.0
322,6819.0,-4092.0
323,6820.727262553709,-4091.403860087584
324,6921.0,-4057.0
325,7078.275523663279,-4001.100591264018
326,7134.0,-3980.0
327,7419.696196900789,-3867.2615080237433
328,7500.0,-3835.0
329,7645.033785019045,-3774.2480149425123
330,7666.0,-3765.0
331,7750.409880311028,-3727.535057260533
332,7864.0,-3677.0
333,7882.102045874322,-3668.959593511544
334,7996.0,-3618.0
335,8077.421014270487,-3580.136501609393
336,8160.0,-3541.0
337,8214.170047444672,-3515.2849198548406
338,8339.0,-3456.0
339,8388.697058582176,-3432.446528726095
340,8566.073904835086,-3347.4047172807914
341,8581.0,-3340.0
342,8629.0,-3316.0
343,8777.21728365983,-3242.766135839158
344,8882.0,-3188.0
345,8924.345824394577,-3165.0648406686814
346,9106.567069326575,-3063.6032569265526
347,9159.0,-3034.0
348,9243.654769981775,-2984.977009394237
349,9295.0,-2951.0
350,9313.538712083351,-2938.763012468934
351,9352.0,-2913.0
352,9405.444635135276,-2874.6389766923267
353,9465.0,-2827.0
354,9478.472444741183,-2815.273591614352
355,9527.0,-2768.0
356,9579.968891845649,-2706.7339704333035
357,9596.0,-2687.0
358,9629.83420400066,-2638.38353110709
359,9643.0,-2609.0
360,9661.0,-2565.0
361,9668.006868951654,-2542.8302826455647
362,9675.0,-2511.0
363,9677.935905304174,-2480.1511814724126
364,9676.0,-2447.0
365,9660.0,-2400.0
366,9639.134324231794,-2366.2460470940823
367,9601.0,-2313.0
368,9572.36521347583,-2278.791547848481
369,9552.0,-2261.0
370,9512.0,-2225.0
371,9511.115625964112,-2224.251387699687
372,9431.0,-2159.0
373,9397.791171585055,-2131.741982072835
374,9330.0,-2074.0
375,9319.395296442055,-2064.6424585675622
376,9275.041728485738,-2021.4029469187406
377,9261.0,-2006.0
378,9226.0,-1966.0
379,9188.516442749184,-1914.7209360743796
380,9170.0,-1881.0
381,9157.642858944886,-1854.4507350172553
382,9135.0,-1794.0
383,9127.387520406197,-1763.843854122536
384,9122.0,-1731.0
385,9119.0,-1676.0
386,9119.55219782538,-1667.5743370714715
387,9128.913371984223,-1594.8756639611636
388,9130.0,-1588.0
389,9142.018610791765,-1540.699925690767
390,9147.0,-1528.0
391,9166.0,-1481.0
392,9191.0,-1435.0
393,9194.838469165741,-1429.3816334476269
394,9244.988039551898,-1364.0993166287556
395,9268.0,-1337.0
396,9286.860952466839,-1317.0159626970874
397,9320.383581556365,-1293.067426221153
398,9337.0,-1283.0
399,9358.016598616798,-1270.4014565283696
400,9380.0,-1258.0
401,9423.599538017317,-1238.3996403476133
402,9453.0,-1230.0
403,9540.192583671449,-1212.9907525512997
404,9577.0,-1207.0
405,9616.49071560017,-1202.1692140579164
406,9663.0,-1202.0
407,9684.192269327496,-1201.8779410767056
408,9814.0,-1201.0
409,9848.207296571894,-1200.703019275924
410,9914.0,-1198.0
411,9929.833111080936,-1196.898362522828
412,10007.0,-1188.0
413,10049.882343129473,-1177.5291166930574
414,10176.390203699373,-1128.191020912904
415,10185.0,-1124.0
416,10279.099056807221,-1064.476717751111
417,10326.0,-1022.0
418,10380.0,-962.0
419,10387.20610244704,-952.8777679447225
420,10455.0,-856.0
421,10487.91662345644,-800.2178561490227
422,10527.0,-713.0
423,10529.796501580444,-705.3261021132755
424,10555.194319364671,-615.8662931081725
425,10561.0,-590.0
426,10564.600244062616,-565.5997751821469
427,10565.0,-557.0
428,10565.64073251136,-526.6292356746883
429,10561.125364098512,-485.48222796748854
430,10558.0,-477.0
431,10534.0,-444.0
432,10530.579958776461,-440.76508643437853
433,10499.467991759146,-419.14975346371
434,10494.0,-416.0
435,10415.0,-372.0
436,10398.718693043527,-360.6131898600052
437,10380.0,-312.0
438,10379.383854205866,-303.2145086161504
439,10379.0,-258.0
440,10381.106989653208,-241.20346331085335
441,10389.0,-203.0
442,10400.535997880539,-154.95895394980207
443,10407.0,-129.0
444,10410.965226849607,-112.98291342238451
445,10419.0,-81.0
446,10431.0,-36.0
447,10431.071266428997,-35.73865969965162
448,10442.0,3.0
449,10444.518071558745,11.537522812877267
450,10478.0,120.0
451,10478.166447725855,120.50398586557637
452,10521.150668925718,234.30949499094473
453,10523.0,239.0
454,10539.235724828191,284.28089038232326
455,10543.0,299.0
456,10549.480199668707,329.82678302639465
457,10559.0,404.0
458,10559.062223882771,409.7277951018185
459,10534.831402266664,477.463977302433
460,10533.0,480.0
461,10513.52834745253,503.67346754780345
462,10490.0,526.0
463,10480.861639954182,533.3121617065825
464,10446.905145794137,556.2299689689789
465,10415.131951816351,573.5009382477658
466,10372.862629875199,593.064089416924
467,10330.0,610.0
468,10329.337839242773,610.2400082289375
469,10262.05875580652,630.793417954205
470,10257.0,632.0
471,10225.0,639.0
472,10212.285295645168,641.5939035724894
473,10136.0,654.0
474,10071.878229230939,660.0401955727115
475,10059.0,661.0
476,10016.137736195902,663.785082912738
477,9995.0,665.0
478,9956.0,667.0
479,9939.997966877077,667.64018949214
480,9856.871191325803,669.7344827898908
481,9847.0,670.0
482,9694.342791416595,674.6402982346217
483,9651.0,676.0
484,9608.827291082278,677.3016363713651
485,9558.819822042302,678.8148991204379
486,9521.0,680.0
487,9342.41343697356,685.6058389780774
488,9295.0,687.0
489,9246.406963789055,688.194272302279
490,9204.0,689.0
491,9166.193997080652,690.1988284466639
492,9065.366289281556,693.7611810782932
493,9028.0,695.0
494,8894.0,699.0
495,8818.87964705131,701.2486764556174
496,8795.0,702.0
497,8666.666472893412,706.2662726480062
498,8642.0,707.0
499,8565.46448147013,708.9722800942129
500,8524.0,710.0
501,8300.03522223779,715.8295191784229
502,8254.0,717.0
503,8185.4420700240435,718.676784217052
504,8032.0,722.0
505,8007.407340514106,722.4998484196301
506,7933.0,724.0
507,7829.989406612436,726.1486922699461
508,7746.0,728.0
509,7530.853769823895,732.9176747315421
510,7438.0,735.0
511,7403.261638310751,735.729755438692
512,7334.0,737.0
513,7201.8031391965815,740.0115409649238
514,7030.0,744.0
515,7029.12727873156,744.0200605639229
516,6873.142611000052,747.4763346836818
517,6800.0,749.0
518,6734.054666822895,750.3661775323537
519,6613.0,753.0
520,6509.878628469721,755.6658929245599
521,6456.0,757.0
522,6364.446135333514,758.9323702815531
523,6313.0,760.0
524,6059.560934313388,765.5893190840998
525,6042.0,766.0
526,5812.259565439221,772.6202314882332
527,5801.0,773.0
528,5574.0,781.0
529,5490.0164488556775,784.291858523301
530,5443.0,786.0
531,5326.709407707614,789.4617521139382
532,5279.0,791.0
533,5195.0262461938655,794.2071264618071
534,5148.0,796.0
535,5062.7866725086105,798.904444839815
536,4999.0,801.0
537,4834.751573470364,806.7473134395856
538,4800.0,808.0
539,4589.529296229252,815.6801503189345
540,4498.0,819.0
541,4402.525925276583,822.3807349054367
542,4329.0,825.0
543,4129.178131721266,832.2663251269497
544,4108.0,833.0
545,3781.0,844.0
546,3720.979922746308,846.1612037710072
547,3626.0,850.0
548,3475.015554025913,855.3536319871475
549,3365.0,859.0
550,3329.320174308387,860.1270934353255
551,3207.0,864.0
552,3001.683654925191,871.5431142480458
553,2856.0,877.0
554,2730.5283063350357,881.3105284363529
555,2680.0,883.0
556,2532.4307029850434,888.0924287973705
557,2241.583979850131,898.5211110623532
558,1970.0195646208092,907.012468840545
559,1803.0,911.0
560,1747.2566458436631,912.1021331015373
561,1514.0,916.0
562,1494.9190011368787,916.3463725148573
563,1351.0,919.0
564,1224.0,921.0
565,1203.8348245793309,921.3710568866894
566,1078.0,924.0
567,1023.3628975145571,925.1161076363602
568,841.5208601098217,928.6221646975637
569,822.0,929.0
570,629.1733745743743,932.7580671212786
571,511.0,935.0
572,364.2942041063462,937.3716219381326
573,272.0,939.0
574,125.00976965478762,941.8884133892736
575,-77.0,946.0
576,-150.53012727299003,947.5006378912117
577,-335.0,951.0
578,-406.37743800679664,952.1793907784133
579,-501.0,954.0
580,-649.0,958.0
581,-730.4359670996555,960.2380868513009
582,-777.0,962.0
583,-867.7110209605271,966.7939655126063
584,-1022.0681606354399,977.6530674955729
585,-1039.0,979.0
586,-1185.0,992.0
587,-1206.0544102253405,994.0810540064915
588,-1348.0,1009.0
589,-1414.0605844677714,1015.8857399061815
590,-1636.0,1038.0
591,-1710.3982227869906,1045.233587650555
592,-1873.0,1061.0
593,-1889.8076424298272,1062.6450775234828
594,-1972.5646927588534,1070.4539364109621
595,-1980.0,1071.0
596,-2117.014603667759,1079.9215132689449
597,-2152.0,1081.0
598,-2233.0,1079.0
599,-2308.432265569093,1074.1098114286362
600,-2326.0,1072.0
601,-2436.0,1054.0
602,-2442.9240656835614,1052.6578609181354
603,-2479.0,1041.0
604,-2482.4925498843295,1039.5125070770948
605,-2542.0,1012.0
606,-2561.498919395177,998.5546703852903
607,-2578.0,984.0
608,-2598.8851047612125,960.661175628756
609,-2611.0,943.0
610,-2626.7575073916896,908.7775099152659
611,-2628.0,905.0
612,-2634.9034095922566,875.9845435429515
613,-2636.0,868.0
614,-2637.0,836.0
615,-2634.514582541423,803.5618568372793
616,-2634.0,800.0
617,-2623.4432235120034,757.7951612784235
618,-2615.0,736.0
619,-2611.4740123586444,728.090661566889
620,-2597.0,700.0
621,-2592.814958989226,692.8392131042514
622,-2569.0,659.0
623,-2553.667357618732,640.7257183938917
624,-2525.0,609.0
625,-2473.864813639794,563.4875432827617
626,-2460.0,553.0
627,-2433.7147593421378,533.4489480176796
628,-2425.0,527.0
629,-2392.0,503.0
630,-2386.5115512778893,499.2408028416361
631,-2334.2851693862654,467.38731723008107
632,-2321.0,460.0
633,-2266.0745343176545,430.495531841751
634,-2204.0,397.0
635,-2182.3925651407712,384.6220533454301
636,-2137.754200588822,355.4907629576338
637,-2105.0,334.0
638,-2045.0,296.0
639,-2043.8155157180317,295.248423401691
640,-1931.1988936653947,224.28035689698802
641,-1924.0,220.0
642,-1845.0,176.0
643,-1774.2599938966257,143.70492791892477
644,-1731.0,129.0
645,-1554.8220290028044,90.38108843494553
646,-1541.0,89.0
647,-1419.8662243055269,92.41188096206812
648,-1313.0,113.0
649,-1312.544889970548,113.09674567526665
650,-1193.686128743833,146.20953592687732
651,-1139.0,168.0
652,-1067.3250564421962,198.47913344430086
653,-1039.0,211.0
654,-905.2980089029681,274.4461455365245
655,-857.0,298.0
656,-809.4797097530378,321.025883049403
657,-741.0,354.0
658,-693.1546144999764,376.9711471381513
659,-622.0,411.0
660,-550.258369343526,445.06149324914
661,-503.0,467.0
662,-404.02582882690575,510.2930568427877
663,-392.0,515.0
664,-276.0,554.0
665,-201.79250589693066,574.5129660600007
666,-112.0,592.0
667,-72.48546505482837,597.8121095960985
668,185.0,626.0
669,250.0976299168778,631.6281412002444
670,317.6844036395672,632.0189011719174
671,329.0,632.0
672,459.0,631.0
673,475.6243789612852,630.4798336890611
674,603.0,620.0
675,659.3712318534879,611.7964830169683
676,848.0,572.0
677,891.0,560.0
678,947.7407662160242,543.2261611935077
679,1105.0,491.0
680,1277.7380859518605,426.9696471396588
681,1328.0,407.0
682,1450.4100190773324,352.6133311952272
683,1576.0,284.0
684,1603.0,269.0
685,1613.835517120479,262.88579316799814
686,1787.0,161.0
1,1894.2907373380347,92.18019132433005
2,2084.0,-27.0
3,2168.0175128447577,-79.46413180042805
4,2292.0,-157.0
5,2369.257354994465,-205.67164741574948
6,2546.4812027760227,-318.3414024654886
7,2557.0,-325.0
8,2671.5383505921445,-396.82494699086016
9,2826.0,-493.0
10,2869.0,-520.0
11,2928.6680520058253,-557.3033322488369
12,3071.640189456881,-645.4857232806985
13,3084.0,-653.0
14,3189.3990850007563,-716.4006614064007
15,3259.0,-758.0
16,3329.8235616079337,-800.3551812433572
17,3376.0,-828.0
18,3482.05535266904,-891.5534527878254
19,3637.0,-983.0
20,3734.259403103997,-1037.7490233376177
21,3814.0,-1081.0
22,3858.6949357879075,-1104.7701304682114
23,3967.0,-1161.0
24,4028.8257121756296,-1192.8768233332198
25,4089.0,-1224.0
26,4150.837319358216,-1256.271511474415
27,4223.0,-1294.0
28,4370.0,-1370.0
29,4371.916135526437,-1370.994552202605
30,4469.7862108639065,-1422.1220801699428
31,4502.0,-1439.0
32,4595.407323554305,-1488.1002435411447
33,4621.0,-1502.0
34,4665.276270176251,-1526.9295071499619
35,4736.0,-1570.0
36,4796.212682541596,-1610.212365942444
37,4803.0,-1615.0
38,4926.116589170016,-1718.533288446772
39,4967.970110164749,-1770.1593720423334
40,4999.77510840237,-1836.670273960004
41,5009.0,-1877.0
42,5009.225038181485,-1959.6328640092624
43,5004.0,-1996.0
44,4990.52123500716,-2038.9513583099308
45,4974.0,-2067.0
46,4946.23529788485,-2107.1495777058058
47,4910.0,-2156.0
48,4895.118259727458,-2174.8093510807894
49,4879.370111177674,-2190.5944231475287
50,4872.0,-2198.0
51,4786.0,-2285.0
52,4767.225224088155,-2304.037483664787
53,4712.0,-2357.0
54,4702.0,-2366.0
55,4696.131447166345,-2371.371273199615
56,4654.487167980064,-2411.748751853412
57,4619.0,-2450.0
58,4603.006857948691,-2468.6231298304433
59,4578.0,-2500.0
60,4525.0,-2576.0
61,4520.090565851362,-2583.6378548879266
62,4495.0,-2627.0
63,4456.912920201491,-2710.3337995106554
64,4447.0,-2737.0
65,4428.0,-2807.0
66,4425.972520216335,-2817.1906516961185
67,4414.457923035641,-2909.8184185955784
68,4414.0,-2918.0
69,4413.0,-2997.0
70,4413.589628034668,-3048.9900707897013
71,4414.0,-3107.0
72,4413.794161462291,-3126.986919039573
73,4409.285770547977,-3205.9571022433997
74,4406.0,-3230.0
75,4365.0,-3431.0
76,4362.028507239714,-3443.319731226401
77,4320.0,-3559.0
78,4315.362045936461,-3568.4748320998874
79,4237.0,-3710.0
80,4235.660074585272,-3711.9816015394445
81,4171.0,-3794.0
82,4144.909847998146,-3821.5668489500895
83,4044.0,-3911.0
84,4012.5367836290334,-3935.2095210778934
85,3929.0,-3991.0
86,3799.2206036895072,-4063.881373436601
87,3771.0,-4079.0
88,3705.6265508339898,-4112.176638769504
89,3663.3388948829647,-4128.333983684001
90,3641.0,-4137.0
91,3519.0,-4182.0
92,3499.029294527579,-4188.029092978307
93,3337.4345348863812,-4229.424340217748
94,3233.0,-4253.0
95,3071.5130707958183,-4274.752753541291
96,3026.0,-4277.0
97,2984.0,-4279.0
98,2966.699217065793,-4279.67207697484
99,2853.395888272129,-4281.1042137204995
100,2813.0,-4280.0
101,2670.0,-4269.0
102,2625.0904607063326,-4263.4504975271175
103,2541.0,-4250.0
104,2353.2522985576625,-4205.378130355463
105,2315.0,-4194.0
106,2232.0,-4165.0
107,2230.1598222347275,-4164.2907108749505
108,2066.7917103557816,-4093.658415314183
109,2055.0,-4088.0
110,1957.297141525742,-4038.0534281228997
111,1906.0,-4010.0
112,1851.8471490016639,-3979.160257546857
113,1721.0,-3900.0
114,1718.8607059576711,-3898.6699255414906
115,1577.0,-3809.0
116,1575.1052454341911,-3807.7945284499965
117,1486.0,-3751.0
118,1407.9095547797683,-3701.119058041345
119,1315.0,-3642.0
120,1220.3331424712676,-3582.2113143282813
121,1209.0,-3575.0
122,1058.9103901551703,-3478.1055661110063
123,1023.0,-3455.0
124,888.0,-3369.0
125,820.0194437941299,-3325.501968665736
126,632.0,-3205.0
127,521.8164450560305,-3135.2591925197653
128,466.0,-3102.0
129,427.78195549819054,-3079.305770168281
130,340.0,-3028.0
131,280.1365775238397,-2994.5385982272787
132,154.0,-2927.0
133,81.0,-2889.0
134,79.49795030090233,-2888.269577214688
135,-321.89315606115923,-2755.0737356857794
136,-512.2112081926845,-2714.118995415691
137,-627.0624795838443,-2691.372943179518
138,-680.0,-2682.0
139,-723.8299601747271,-2675.4638783594555
140,-770.8325491956701,-2674.429039020904
141,-877.0,-2704.0
142,-922.4281452738664,-2718.9218828051316
143,-1099.0,-2781.0
144,-1133.1086386752584,-2793.8817344127706
145,-1194.3335515414778,-2828.5750046761996
146,-1274.0,-2880.0
147,-1386.2316060820501,-2946.4574589136328
148,-1444.0,-2980.0
149,-1546.1970380586195,-3036.607582155362
150,-1573.2087260972705,-3042.8313231860816
151,-1615.0,-3054.0
152,-1653.4330145068232,-3064.754027780851
153,-1723.0,-3082.0
154,-1855.9830388573073,-3095.2169377953837
155,-1944.0,-3094.0
156,-1978.3121025280334,-3091.556708247904
157,-2099.0,-3066.0
158,-2111.229786471298,-3062.029614186373
159,-2225.0,-3017.0
160,-2271.9032643347996,-2993.278012190116
161,-2378.0,-2929.0
162,-2400.3293032063907,-2914.2823173529596
163,-2442.0,-2885.0
164,-2494.5629159711502,-2844.036684907357
165,-2670.0,-2694.0
166,-2701.3518118472275,-2666.9935835195097
167,-2777.3285722390283,-2604.881745698079
168,-2826.0,-2575.0
169,-2848.126407340229,-2562.6403043423375
170,-2941.0,-2516.0
171,-2990.537345191307,-2495.8576296156443
172,-3002.0,-2492.0
173,-3165.2493291815326,-2454.5987744217937
174,-3264.0,-2439.0
175,-3352.5707128799413,-2432.222418716883
176,-3445.5867416920255,-2447.2583462611515
177,-3455.0,-2449.0
178,-3557.0,-2469.0
179,-3570.5927537339,-2472.0535420441597
180,-3657.0,-2496.0
181,-3706.2825006543567,-2513.518805734024
182,-3898.0,-2593.0
183,-3957.563944416106,-2621.604042723628
184,-4017.5633099403444,-2661.660618087435
185,-4056.0,-2693.0
186,-4090.148762301305,-2721.6018725874137
187,-4168.0,-2792.0
188,-4226.0,-2857.0
189,-4258.153887401311,-2897.73099215846
190,-4276.0,-2923.0
191,-4310.969003957497,-2978.166425031538
192,-4347.0,-3043.0
193,-4389.0,-3156.0
194,-4404.026543122615,-3218.554926092238
195,-4407.0,-3234.0
196,-4416.0,-3301.0
197,-4417.365343148269,-3318.812509178596
198,-4419.0,-3383.0
199,-4418.979961554887,-3384.611189554045
200,-4411.0,-3484.0
201,-4409.490192143985,-3493.044263254653
202,-4390.0,-3572.0
203,-4382.363941855632,-3594.075997094653
204,-4363.0,-3639.0
205,-4345.406780055473,-3670.5225446644095
206,-4331.0,-3693.0
207,-4305.644151325173,-3727.4815457772547
208,-4296.0,-3738.0
209,-4238.078318115075,-3786.5959029894057
210,-4181.0,-3825.0
211,-4168.325861407123,-3832.4404740268683
212,-4105.0,-3856.0
213,-4047.4105022700087,-3869.542950620067
214,-3978.0,-3882.0
215,-3976.7811727970675,-3882.1615605415045
216,-3916.2147673073646,-3887.2171091312607
217,-3902.0,-3888.0
218,-3806.0,-3892.0
219,-3771.6175603274464,-3892.7415034137107
220,-3660.0,-3894.0
221,-3576.325071606684,-3894.9514354263038
222,-3521.0,-3897.0
223,-3334.0,-3906.0
224,-3272.8605687083627,-3910.358852019151
225,-3226.026192052188,-3917.2250642586937
226,-3213.0,-3919.0
227,-3135.743582225567,-3928.8242789033693
228,-3089.0,-3935.0
229,-2984.0,-3951.0
230,-2981.7693867443413,-3951.3480797441134
231,-2769.0,-3985.0
232,-2748.645475377543,-3988.395413563334
233,-2575.6121418118955,-4020.4780186828702
234,-2463.0,-4045.0
235,-2403.343460208534,-4058.8843282793673
236,-2359.0,-4069.0
237,-2322.2361038914373,-4077.1647536644678
238,-2209.971936482197,-4100.727880201781
239,-2198.0,-4103.0
240,-2007.0,-4131.0
241,-1965.0175626692394,-4134.548931311913
242,-1923.0,-4137.0
243,-1775.5259667334572,-4140.954783179866
244,-1591.0,-4142.0
245,-1481.316220846949,-4138.908306796619
246,-1430.0,-4136.0
247,-1355.6860896523365,-4132.249692718872
248,-1311.0,-4130.0
249,-996.0,-4114.0
250,-964.2662062560745,-4112.561295408828
251,-859.0,-4109.0
252,-827.2508485092687,-4108.121607486584
253,-536.0,-4101.0
254,-504.62753372738104,-4100.3818382443005
255,-332.0,-4098.0
256,-178.42706920647777,-4095.9431206851573
257,-32.0,-4094.0
258,50.05176453994922,-4093.0016149756016
259,143.0,-4092.0
260,173.30342746184806,-4091.684340473733
261,400.0,-4089.0
262,402.4078559527898,-4088.96110175543
263,481.0,-4088.0
264,635.3143623449625,-4091.324697123868
265,853.0,-4102.0
266,987.9037966788126,-4116.860708923671
267,1061.0,-4132.0
268,1104.1503962055235,-4141.571949273839
269,1221.0,-4171.0
270,1244.1871839793805,-4177.715970472485
271,1429.4916455139946,-4237.232587213811
272,1523.0,-4269.0
273,1619.1749855520793,-4303.771436704054
274,1680.0,-4326.0
275,1869.0,-4392.0
276,1896.46095643227,-4401.538913050381
277,2007.0,-4439.0
278,2068.9818740714586,-4459.164608673187
279,2278.0,-4526.0
280,2436.5422055551426,-4574.60953828087
281,2504.0,-4594.0
282,2631.99577609325,-4630.15921786355
283,2699.0,-4648.0
284,2849.504490483619,-4684.812168337524
285,2881.0,-4692.0
286,3032.0,-4723.0
287,3035.1119801507048,-4723.580448650782
288,3168.0,-4746.0
289,3398.4104057487034,-4773.255624957402
290,3511.0,-4784.0
291,3631.0264120154106,-4791.169008986715
292,3667.0,-4792.0
293,3861.911057972056,-4793.497513989458
294,3912.0,-4793.0
295,4087.0,-4787.0
296,4195.832603336966,-4780.185306151769
297,4420.0,-4762.0
298,4539.0337578984545,-4749.756350959399
299,4739.397409487227,-4722.071777761305
300,4770.0,-4717.0
301,4985.002040311832,-4675.904698465848
302,5135.0,-4642.0
303,5215.672669243514,-4621.664038515743
304,5418.2795946051265,-4563.023684447234
305,5460.0,-4550.0
306,5567.0778658444515,-4515.466594104825
307,5596.0,-4506.0
308,5732.0,-4461.0
309,5906.322428519467,-4401.868026869199
310,6003.0,-4369.0
311,6135.1539631022815,-4324.61971442025
312,6241.0,-4289.0
313,6308.737548494022,-4265.904087333852
314,6411.0,-4231.0
315,6481.786344064112,-4207.0499362619175
316,6547.0,-4185.0
317,6819.0,-4092.0
318,6821.4842822210685,-4091.1478111221554
319,7040.0,-4015.0
320,7223.0,-3947.0
321,7357.0,-3894.0
322,7392.206675096144,-3879.6744653254364
323,7592.792537752153,-3796.007143401046
324,7607.0,-3790.0
325,7740.0,-3733.0
326,7758.961900867307,-3724.6339978233
327,7904.0,-3659.0
328,7922.882283763832,-3650.445483511274
329,8069.0,-3584.0
330,8122.885474793769,-3558.8213200331998
331,8232.0,-3507.0
332,8465.048329336749,-3395.555557819771
333,8558.0,-3351.0
334,8735.0,-3264.0
335,8905.0,-3175.0
336,9000.0,-3124.0
337,9053.247748277665,-3094.6633341163183
338,9168.0,-3029.0
339,9170.1993334564,-3027.7025467546223
340,9299.0,-2948.0
341,9309.85804984395,-2940.8156686841003
342,9376.0,-2895.0
343,9414.0,-2867.0
344,9465.852999332154,-2824.5458810286304
345,9506.0,-2789.0
346,9520.232695212719,-2775.9792509300814
347,9548.436586213165,-2746.408748106903
348,9562.0,-2729.0
349,9608.895769400715,-2663.3407542054124
350,9635.0,-2625.0
351,9652.008702362265,-2590.063518634796
352,9653.0,-2587.0
353,9671.0,-2533.0
354,9679.886331100908,-2485.258220592903
355,9679.0,-2474.0
356,9661.716024462225,-2413.125125917261
357,9643.0,-2368.0
358,9632.9716384189,-2348.191587416867
359,9621.494267638383,-2335.3711195675232
360,9610.0,-2323.0
361,9579.0,-2288.0
362,9550.805867662413,-2259.410483721915
363,9528.0,-2239.0
364,9439.0,-2165.0
365,9438.049422572627,-2164.2199301710816
366,9361.829673671768,-2101.84473003982
367,9344.0,-2087.0
368,9298.556119146866,-2046.3210058449902
369,9286.0,-2033.0
370,9200.0,-1930.0
371,9187.878530386979,-1913.8559938270391
372,9155.0,-1850.0
373,9149.069429067053,-1831.5216447613684
374,9121.0,-1722.0
375,9115.586265013693,-1693.3245555240612
376,9119.0,-1659.0
377,9119.12960788676,-1658.0523210576132
378,9129.0,-1591.0
379,9142.007343789197,-1539.084072473472
380,9158.0,-1499.0
381,9196.0,-1427.0
382,9196.46996465238,-1426.196646617138
383,9217.386817374167,-1393.8195672379243
384,9239.0,-1368.0
385,9246.579494165619,-1359.6637699185148
386,9279.0,-1327.0
387,9316.316024745132,-1297.079951936994
388,9356.497907471794,-1271.5525629688225
389,9361.0,-1269.0
390,9400.466486548341,-1248.9906181969304
391,9405.0,-1247.0
392,9452.0,-1230.0
393,9497.590272317146,-1218.5007133303475
394,9558.0,-1209.0
395,9595.283527630447,-1205.8897776537196
396,9609.0,-1205.0
397,9655.994025629261,-1202.467910365463
398,9669.0,-1202.0
399,9735.743130470497,-1201.9586771494655
400,9791.0,-1201.0
401,9880.460880351682,-1198.162840238242
402,9942.0,-1196.0
403,9998.141022958494,-1194.0134100302541
404,10024.51886595777,-1187.358371363041
405,10041.0,-1181.0
406,10132.241511676059,-1144.9110911382925
407,10205.0,-1112.0
408,10232.56200589697,-1097.1960939310773
409,10306.965249413248,-1041.28944579499
410,10344.0,-1003.0
411,10404.0,-930.0
412,10404.76076298026,-928.9920560972571
413,10455.0,-856.0
414,10460.042592714797,-847.8428125100849
415,10492.0,-792.0
416,10504.160954880193,-767.8040954109656
417,10520.0,-731.0
418,10540.0,-677.0
419,10540.295274941724,-676.1100080858715
420,10553.56395035823,-630.195205423838
421,10557.0,-614.0
422,10562.7685859726,-573.2252380772086
423,10564.0,-563.0
424,10565.0,-504.0
425,10558.116130886212,-485.4131794304284
426,10523.0,-434.0
427,10466.059143708508,-396.08482756092
428,10427.57704711176,-379.8698172084121
429,10417.0,-374.0
430,10391.12610802517,-349.98352264131745
431,10383.0,-326.0
432,10378.0,-273.0
433,10382.237401969172,-235.50734798900604
434,10389.0,-205.0
435,10393.0,-189.0
436,10394.742178429693,-182.0223321109885
437,10411.902893417893,-111.96102870474726
438,10422.0,-73.0
439,10450.494737614981,28.41619769002206
440,10477.0,117.0
441,10477.233891884769,117.75652608910228
442,10494.0,166.0
443,10502.38761602348,187.24062588237564
444,10519.0,230.0
445,10535.41518127671,276.6612914830336
446,10550.0,323.0
447,10559.240294551959,375.7554096788812
448,10559.0,380.0
449,10548.041311177538,435.4929118333618
450,10532.0,482.0
451,10527.097522748118,491.2858138734273
452,10513.168694762031,505.1186099133043
453,10511.0,507.0
454,10468.0,542.0
455,10463.567324235015,545.0659323571042
456,10422.0,569.0
457,10386.052960901048,586.9961996550928
458,10370.0,594.0
459,10333.827744629843,607.6245450020493
460,10330.0,609.0
461,10289.0,623.0
462,10269.05189904546,628.6236053100887
463,10229.0,638.0
464,10195.292886311261,644.7737212472671
465,10150.0,652.0
466,10149.11928955982,652.1128944992225
467,10114.0,656.0
468,10073.750328429087,660.1620862921176
469,10040.0,663.0
470,10002.717445169463,665.0678346187583
471,9951.0,667.0
472,9926.488143370316,667.90841092045
473,9863.0,670.0
474,9844.845351255664,670.4293917900784
475,9766.0,672.0
476,9755.822595953792,672.2732291089401
477,9701.0,674.0
478,9627.797644331116,676.5399197347555
479,9582.0,678.0
480,9505.047591993489,680.0759770934252
481,9436.0,682.0
482,9354.666985702996,684.6164624520089
483,9256.0,688.0
484,9253.698680249578,688.0780981631269
485,9164.0,691.0
486,9161.948030337582,691.0618294188498
487,9025.84297388956,694.8934595678164
488,8915.0,698.0
489,8832.578008210061,700.6753050975199
490,8772.976528463383,702.7463524970426
491,8765.0,703.0
492,8649.335441698697,706.4720632759673
493,8598.0,708.0
494,8532.0,710.0
495,8489.400103327604,711.3307443787055
496,8399.0,714.0
497,8332.611034686048,715.4193923836652
498,8249.0,717.0
499,8135.715610916321,719.4841795807131
500,7942.0,724.0
501,7938.592685895331,724.07836887808
502,7776.848446888897,727.6891592991174
503,7668.0,730.0
504,7619.975180581803,731.008442768916
505,7471.136327638416,734.1454132997277
506,7432.0,735.0
507,7357.182129732566,736.6665726798986
508,7252.0,739.0
509,7234.05965623153,739.3869406284333
510,7206.0,740.0
511,7082.134878990987,743.1197643213143
512,7008.0,745.0
513,6828.4108029953395,749.0119858180735
514,6782.0,750.0
515,6634.140111948564,753.0968306915157
516,6589.0,754.0
517,6431.0,757.0
518,6304.703507501861,759.4470311853648
519,6192.0,762.0
520,6148.606437222889,763.1198451419921
521,5864.219125091207,771.6834560626929
522,5821.0,773.0
523,5760.634877084724,774.7749320529974
524,5667.748362887129,777.6224236283254
525,5657.0,778.0
526,5545.638879579557,782.1440656415871
527,5443.0,786.0
528,5303.410726282753,791.0286492923867
529,5170.244538852355,795.5760142600798
530,4974.195289209103,802.0388811808667
531,4776.0,809.0
532,4635.045705843273,814.2059016238605
533,4556.0,817.0
534,4403.0,822.0
535,4397.440245939615,822.1883359198903
536,4146.0,831.0
537,4142.956220543878,831.1078150958027
538,4016.6309540016596,835.6167204448726
539,3921.0,839.0
540,3740.3308642721468,845.3595683009682
541,3608.0,850.0
542,3496.9193136676586,853.807031805389
543,3434.0,856.0
544,3047.6923014099093,869.7365321993791
545,3012.0,871.0
546,2859.194324017565,876.3289091789499
547,2811.0,878.0
548,2669.0,883.0
549,2648.4306008567373,883.7493375130971
550,2469.6812313589335,890.4742700913174
551,2401.0,893.0
552,2289.5904525279643,896.939007044931
553,2168.0,901.0
554,2075.180080132131,903.9229765415187
555,2006.0,906.0
556,1898.0,909.0
557,1894.3801847118154,909.0893752087829
558,1753.0,912.0
559,1533.167475442844,915.7260630673219
560,1518.0,916.0
561,1356.5546098297484,919.1970734186395
562,1264.0,921.0
563,1100.0,924.0
564,1078.4534658045388,924.4091035856738
565,899.0,928.0
566,805.9691463437217,929.7397724230702
567,735.0,931.0
568,621.7063019931414,932.8965340703035
569,496.0,935.0
570,365.3560233954639,937.3728512161392
571,331.0,938.0
572,130.9766241671449,941.6252149896314
573,111.0,942.0
574,-146.0,947.0
575,-221.10519332119725,948.49090208377
576,-404.0,952.0
577,-644.0,957.0
578,-709.0,960.0
579,-952.0,972.0
580,-1076.4801294958345,981.8264671597108
581,-1174.0,991.0
582,-1251.0746853464416,998.5943195369796
583,-1518.0,1026.0
584,-1585.8738155123756,1033.2201283656175
585,-1649.0,1040.0
586,-1846.9902183374868,1058.7397227138802
587,-1862.0,1060.0
588,-2118.0,1079.0
589,-2183.4867313432887,1082.0499300226738
590,-2225.710164328614,1080.3563444690735
591,-2231.0,1080.0
592,-2342.0,1070.0
593,-2375.0253574861567,1066.462278885692
594,-2409.0,1060.0
595,-2437.4427102511972,1052.4488387869067
596,-2500.0,1033.0
597,-2526.4346812165527,1022.8828256967366
598,-2538.0,1014.0
599,-2553.7452609205593,1001.7975798244904
600,-2594.4020912999304,966.1137614664359
601,-2604.0,954.0
602,-2631.0,896.0
603,-2637.2225451126646,860.018328957701
604,-2634.0,799.0
605,-2633.1193982821446,793.9091070132068
606,-2616.8932222907533,743.0624108874168
607,-2610.0,727.0
608,-2601.935026968417,709.9900609225892
609,-2589.0,689.0
610,-2586.487837185315,685.2881081023739
611,-2549.0,635.0
612,-2526.9184216289364,611.5016230288251
613,-2500.0,587.0
614,-2484.525081420242,573.1776503854774
615,-2466.0,558.0
616,-2442.5248962836617,540.043324710697
617,-2403.0,511.0
618,-2402.394092113716,510.56530397248076
619,-2369.6667274791685,487.8143424946551
620,-2357.0,480.0
621,-2322.2385021300124,461.170309242467
622,-2318.0,459.0
623,-2275.0,437.0
624,-2201.752994629362,394.7448294153772
625,-2164.0,372.0
626,-2120.317172833031,344.742354863719
627,-2076.55227088009,315.7863875122119
628,-2047.0,297.0
629,-2018.0,279.0
630,-2009.7534171588318,273.83323292694917
631,-1935.0,227.0
632,-1855.0,182.0
633,-1834.7334183627488,172.05161666923718
634,-1720.0,125.0
635,-1718.6130842954956,124.54664290014914
636,-1639.0,104.0
637,-1607.0484136099572,97.85804873135287
638,-1520.3679443892124,86.63163306092379
639,-1501.0,86.0
640,-1379.0,99.0
641,-1284.0064791943955,120.44946415244335
642,-1274.0,123.0
643,-1195.0,147.0
644,-1181.8109276909943,151.8568675396679
645,-1023.7151829827143,218.75881624356114
646,-1001.0,229.0
647,-908.0980318660054,272.5304185413367
648,-810.6385747131587,320.4211802078243
649,-793.0,329.0
650,-716.48785481201,365.8083469097945
651,-615.0,414.0
652,-565.0158607382133,437.66084141408993
653,-543.0,448.0
654,-342.7678934053431,533.1127796490852
655,-331.0,537.0
656,-168.28696226038798,580.5175481514071
657,-157.0,583.0
658,-59.0,601.0
659,-44.06286197344316,603.2880195922284
660,81.0,619.0
661,126.42702880867344,622.8870465784328
662,240.0,629.0
663,271.26205234787705,630.1203419705794
664,371.0,632.0
665,416.6265965607747,631.8001498731556
666,532.1397665353561,627.3120932515853
667,559.0,625.0
668,720.0,601.0
669,766.2879345706388,591.2951538562058
670,865.0,567.0
671,967.0,537.0
672,1150.7789454080219,474.7264418961474
673,1255.0,437.0
674,1380.2204701092105,385.4649486019983
675,1453.0,350.0
676,1490.4472830003658,331.88264676949416
677,1585.11032926812,283.11490901219713
1,2014.0,16.0
2,2192.0,-95.0
3,2303.938518769917,-165.35367228909521
4,2440.0,-251.0
5,2466.069772543841,-267.38436308984444
6,2558.0,-325.0
7,2692.2873402775554,-409.1362807180183
8,2789.0,-470.0
9,2902.0,-541.0
10,3028.375082338947,-618.5586453456496
11,3124.0,-677.0
12,3192.815662913205,-719.0804534398194
13,3245.8570766047374,-751.5685611689537
14,3341.0,-808.0
15,3360.925419425406,-819.7729308901783
16,3628.0,-977.0
17,3778.0,-1061.0
18,3900.0,-1126.0
19,4215.299119841242,-1290.1034681898736
20,4246.0,-1306.0
21,4331.146457609373,-1349.9693261794416
22,4412.0,-1392.0
23,4488.0,-1432.0
24,4501.675211213505,-1439.2392125652439
25,4603.530511712813,-1493.6419632289917
26,4693.0,-1544.0
27,4778.365974006548,-1598.2840140245937
28,4834.0,-1638.0
29,4863.843768718696,-1661.7508615573183
30,4874.0,-1671.0
31,4896.421266800344,-1692.2288423836635
32,4936.0,-1733.0
33,4944.698934395481,-1743.2037991699603
34,4982.0,-1802.0
35,4985.1061882432095,-1809.1742698094436
36,5009.562722428915,-1885.7332630049534
37,5011.0,-1892.0
38,5014.587350921308,-1943.7765690114181
39,5009.0,-1973.0
40,4999.4810275039945,-2009.9889968814614
41,4992.0,-2031.0
42,4976.525263639707,-2062.6935817016406
43,4962.0,-2087.0
44,4940.081546223879,-2118.9894767707165
45,4918.0,-2147.0
46,4901.0,-2167.0
47,4892.498661683506,-2176.6636616298415
48,4864.480901055226,-2206.3296716845366
49,4838.0,-2233.0
50,4814.15239432009,-2256.910474055583
51,4785.0,-2286.0
52,4755.266184529526,-2315.240264108486
53,4721.0,-2348.0
54,4693.557788448498,-2374.068339068452
55,4677.0,-2390.0
56,4650.31478689952,-2416.3207945435124
57,4603.0,-2469.0
58,4571.976689440784,-2509.6272804481932
59,4506.0,-2606.0
60,4485.454644219327,-2639.703416069814
61,4445.0,-2743.0
62,4444.7020709308445,-2744.0129669912603
63,4439.0,-2764.0
64,4414.038153459108,-2925.8151313450126
65,4413.0,-2944.0
66,4412.728140620346,-3032.493405997893
67,4413.0,-3115.0
68,4409.560395110644,-3188.110308120475
69,4408.0,-3208.0
70,4392.0,-3319.0
71,4383.649416716792,-3356.233099454327
72,4348.0,-3486.0
73,4320.466480864957,-3562.843078866532
74,4275.0,-3649.0
75,4274.691317622215,-3649.511602485463
76,4210.0,-3747.0
77,4187.327602682995,-3775.771780703716
78,4134.0,-3833.0
79,4049.552814470549,-3906.934502816308
80,4039.0,-3915.0
81,3873.0,-4025.0
82,3828.5137459742728,-4050.9981194737356
83,3676.0,-4123.0
84,3651.889798785529,-4132.946972919273
85,3547.0,-4173.0
86,3546.297681039149,-4173.241842682087
87,3374.0,-4224.0
88,3346.3438565511983,-4230.827053913588
89,3192.0,-4260.0
90,3177.58587435117,-4262.027692549564
91,3015.3402982872817,-4278.170433256065
92,2972.0,-4280.0
93,2894.0,-4281.0
94,2806.900679702452,-4279.1253029706195
95,2752.0,-4276.0
96,2635.101572127957,-4264.368847236849
97,2552.0,-4252.0
98,2496.9991906551772,-4241.652099050146
99,2445.0,-4230.0
100,2304.27527628208,-4189.62770993161
101,2207.0,-4155.0
102,2179.0,-4144.0
103,2163.438730715942,-4137.620553536339
104,2022.0,-4072.0
105,1943.4153524022995,-4030.5388064645554
106,1855.0,-3980.0
107,1743.0,-3913.0
108,1729.3514417628348,-3904.6375462042474
109,1645.0,-3852.0
110,1554.327466845566,-3794.781717095836
111,1462.0,-3736.0
112,1309.2229319817968,-3637.8197683543667
113,1297.0,-3630.0
114,1149.381554588978,-3536.190217136159
115,1124.0,-3520.0
116,990.0,-3434.0
117,915.5317159861416,-3386.3141955080255
118,862.0,-3352.0
119,730.6725595234202,-3267.6180628167094
120,700.0,-3248.0
121,428.0,-3079.0
122,427.3740124139497,-3078.6296394185847
123,304.313158410128,-3007.984140093624
124,156.0,-2928.0
125,51.27764691532508,-2873.5226184690123
126,39.0,-2867.0
127,-51.49773473622688,-2817.7294283856004
128,-141.0,-2780.0
129,-326.1867403092856,-2721.287778670211
130,-389.0,-2703.0
131,-454.5358883891666,-2685.7041805175913
132,-496.0,-2687.0
133,-608.1875533923821,-2688.82003112256
134,-844.0,-2697.0
135,-889.5165270314475,-2702.8387607247314
136,-965.0,-2727.0
137,-986.6186974523482,-2734.588027679794
138,-1080.0,-2772.0
139,-1098.1791104914955,-2780.9169086299535
140,-1350.0,-2927.0
141,-1351.820307682044,-2928.0923326790794
142,-1410.8880044801374,-2963.1559431771857
143,-1444.0,-2980.0
144,-1511.4132070058636,-3013.337804344645
145,-1554.0,-3032.0
146,-1643.052008646999,-3062.1082548459012
147,-1654.0,-3065.0
148,-1809.0,-3093.0
149,-1868.259527403486,-3099.7504343393357
150,-1954.975899380919,-3095.0723108140483
151,-1986.0,-3089.0
152,-2145.1309159760917,-3047.016708055534
153,-2176.0,-3038.0
154,-2245.4972221562025,-3010.8410868327824
155,-2276.0,-2991.0
156,-2331.166894970733,-2957.1762429738283
157,-2378.0,-2928.0
158,-2489.0,-2850.0
159,-2507.2796085622913,-2835.4614370203662
160,-2639.0,-2722.0
161,-2662.7135496912542,-2701.709125187812
162,-2770.0,-2613.0
163,-2835.194030544946,-2567.1574976928846
164,-2923.0,-2524.0
165,-2946.587969945902,-2514.1657293546828
166,-3048.0,-2477.0
167,-3098.1750512847343,-2463.059779021043
168,-3158.0,-2451.0
169,-3321.336331691211,-2438.1336215165775
170,-3332.0,-2438.0
171,-3403.7963767489505,-2440.122849778116
172,-3474.0,-2452.0
173,-3625.720827705026,-2489.478244779405
174,-3680.0,-2504.0
175,-3770.8076017595877,-2534.144468416952
176,-3790.0,-2543.0
177,-3931.8821182295164,-2611.664148731329
178,-3943.0,-2618.0
179,-4040.0,-2681.0
180,-4040.4449673398863,-2681.3149635267405
181,-4088.0,-2718.0
182,-4105.998556383684,-2734.244665405915
183,-4211.187463310287,-2844.328872254802
184,-4261.0,-2902.0
185,-4291.985185868277,-2942.6490825041074
186,-4319.0,-2991.0
187,-4335.7557025080405,-3025.7108170859683
188,-4378.405884064104,-3124.6284645103406
189,-4384.0,-3140.0
190,-4392.0,-3166.0
191,-4410.139174908788,-3252.639751214833
192,-4414.0,-3279.0
193,-4420.0,-3376.0
194,-4419.121553489376,-3394.4838931508234
195,-4395.460799235967,-3520.0425042308852
196,-4368.039449162085,-3593.6102578414775
197,-4328.956283378479,-3675.6954575381824
198,-4278.0,-3757.0
199,-4277.648766824595,-3757.444042652038
200,-4236.919298929301,-3796.2710962055976
201,-4187.0,-3823.0
202,-4158.499001179278,-3836.013913378016
203,-4100.0,-3858.0
204,-3994.5238992145046,-3879.8758220178784
205,-3987.0,-3881.0
206,-3897.7541774726897,-3888.702834193194
207,-3891.0,-3889.0
208,-3772.366925421888,-3892.5153496458083
209,-3744.0,-3893.0
210,-3662.0,-3894.0
211,-3647.6901995721,-3894.2369113855843
212,-3529.006944335128,-3896.711757735765
213,-3517.0,-3897.0
214,-3440.242640259085,-3899.3111264435793
215,-3384.0,-3903.0
216,-3383.5606151071147,-3903.034202480441
217,-3196.0,-3921.0
218,-3184.2488571875347,-3922.403684309245
219,-3133.0,-3929.0
220,-3034.0167166584974,-3943.0575046691893
221,-2982.0,-3951.0
222,-2788.0,-3982.0
223,-2777.1496578915344,-3983.7318857921
224,-2730.61525219931,-3990.979616496473
225,-2647.223975422224,-4007.4858380211517
226,-2630.0,-4011.0
227,-2451.0,-4048.0
228,-2374.810174482908,-4065.342689743076
229,-2336.5577620599884,-4074.7077230134287
230,-2314.0,-4079.0
231,-2004.0,-4131.0
232,-2003.2400218912715,-4131.108188828408
233,-1894.786915251345,-4140.377901282352
234,-1850.0,-4141.0
235,-1734.3352289767768,-4142.913808534849
236,-1721.0,-4143.0
237,-1518.0,-4140.0
238,-1472.4196463120738,-4138.292918512897
239,-1401.0,-4135.0
240,-1356.7502140479091,-4132.686608769525
241,-1254.0,-4127.0
242,-1166.4695104508764,-4122.579490238009
243,-1023.0,-4116.0
244,-921.2556155574533,-4111.901530248998
245,-775.0,-4107.0
246,-773.6523130681105,-4106.960531295054
247,-600.0,-4103.0
248,-553.7802159944266,-4102.1705134272515
249,-298.0,-4098.0
250,-297.02534363728574,-4097.985576937036
251,-178.06073053754758,-4096.741092530103
252,-126.0,-4096.0
253,-101.2317036584952,-4095.54724644206
254,38.0,-4093.0
255,160.5518770048047,-4091.72619566562
256,245.0,-4091.0
257,355.7234957002109,-4089.8487651818596
258,412.0,-4089.0
259,628.0,-4089.0
260,680.0188880673395,-4091.3913409086917
261,868.0,-4103.0
262,890.8402085591114,-4104.753011292507
263,1106.0,-4142.0
264,1120.0278972094902,-4145.453836468474
265,1209.0,-4168.0
266,1268.5790433338213,-4184.949777234913
267,1327.0,-4203.0
268,1453.6248700910658,-4245.452632236758
269,1515.0,-4267.0
270,1654.0,-4317.0
271,1670.5294898222264,-4322.905145146304
272,1903.0,-4404.0
273,1941.2564010014762,-4416.916055591417
274,2014.0,-4441.0
275,2171.0,-4492.0
276,2353.0,-4549.0
277,2528.0,-4601.0
278,2640.7893605299105,-4632.397662252642
279,2673.0,-4641.0
280,2842.2372382429426,-4683.2820660208645
281,2926.0,-4702.0
282,3011.0318903808234,-4719.289064016288
283,3144.8616070832413,-4742.942066551821
284,3379.0,-4773.0
285,3447.6992322168585,-4779.0259050443365
286,3532.0,-4785.0
287,3618.238483790108,-4789.86851789826
288,3739.0,-4794.0
289,3793.55100942383,-4794.615845015841
290,3938.0,-4793.0
291,4149.727113258186,-4783.651254232387
292,4180.0,-4782.0
293,4398.0,-4765.0
294,4424.0,-4762.0
295,4474.437358752632,-4756.089672262992
296,4742.684698598608,-4721.746508136759
297,4787.0,-4715.0
298,4968.0,-4681.0
299,5031.869666563118,-4666.7368062993255
300,5167.641654232363,-4634.026206074232
301,5199.0,-4626.0
302,5319.498259117978,-4592.987854315962
303,5437.0,-4557.0
304,5488.935119997113,-4540.501316564276
305,5706.0,-4470.0
306,5805.87212374374,-4436.879048263096
307,5891.939154622806,-4407.135606226041
308,5916.0,-4399.0
309,6059.0,-4351.0
310,6076.671395586434,-4344.995417855297
311,6211.0,-4299.0
312,6319.364365005204,-4262.535802497334
313,6422.0,-4228.0
314,6591.0,-4170.0
315,6724.25678887714,-4124.603204311476
316,6972.0,-4039.0
317,7108.79486264242,-3989.2137384847247
318,7321.0382757291845,-3908.2314571014654
319,7332.0,-3904.0
320,7457.0,-3853.0
321,7491.381906226453,-3838.3331524537375
322,7774.538448145914,-3716.6955628144406
323,7813.0,-3700.0
324,8000.480282705199,-3615.628050855718
325,8051.0,-3592.0
326,8215.160181181682,-3514.973939276951
327,8230.0,-3508.0
328,8340.45708402265,-3455.8215714131616
329,8361.0,-3446.0
330,8622.136477186765,-3320.0796569557233
331,8645.0,-3309.0
332,8809.122732903847,-3226.5850618369095
333,8829.0,-3216.0
334,9006.0,-3121.0
335,9033.855491365055,-3105.479521881722
336,9122.0,-3055.0
337,9210.005433664257,-3003.894772752158
338,9220.0,-2998.0
339,9355.214147221843,-2910.50061856881
340,9376.0,-2895.0
341,9476.0,-2817.0
342,9494.737453962469,-2801.7245522509966
343,9529.521831832622,-2768.014591750653
344,9543.0,-2751.0
345,9565.017933008314,-2724.87072983517
346,9601.122226517351,-2679.4620875043533
347,9605.0,-2674.0
348,9623.0,-2647.0
349,9649.76248731178,-2594.868789886068
350,9660.0,-2569.0
351,9669.26818642443,-2543.0455721397784
352,9675.0,-2515.0
353,9673.99992121997,-2463.7889117534305
354,9666.0,-2412.0
355,9663.835863509477,-2403.040842118171
356,9645.0,-2371.0
357,9641.11383470793,-2365.985316811093
358,9600.134118849797,-2315.220128177633
359,9562.0,-2270.0
360,9547.382023080972,-2254.5113089098777
361,9530.0,-2241.0
362,9518.444101781128,-2231.4359572982858
363,9481.0,-2200.0
364,9463.467765925896,-2185.4078700730797
365,9428.969423685678,-2157.009077795557
366,9418.0,-2148.0
367,9376.509954399397,-2113.944633731408
368,9337.0,-2081.0
369,9309.105485426991,-2056.4923112157257
370,9286.82268358428,-2034.075915118169
371,9269.0,-2015.0
372,9233.0,-1975.0
373,9228.17961419281,-1969.2423400639595
374,9188.50015302817,-1913.6513162435667
375,9177.0,-1892.0
376,9135.0,-1792.0
377,9125.859588942902,-1765.5271703050653
378,9119.0,-1702.0
379,9118.998944720566,-1701.733082092739
380,9120.0,-1653.0
381,9124.258817983706,-1615.5792096630248
382,9136.0,-1562.0
383,9141.188385254593,-1543.99436337971
384,9153.0,-1512.0
385,9193.205031817686,-1433.7415707440932
386,9209.0,-1406.0
387,9220.482191249688,-1387.196832716675
388,9245.0,-1361.0
389,9255.786969848066,-1350.059044477342
390,9291.0,-1316.0
391,9328.689316454547,-1288.3755070014668
392,9339.0,-1282.0
393,9400.610242309118,-1249.3836725821623
394,9406.0,-1247.0
395,9476.0,-1224.0
396,9476.754933060423,-1223.7957082549358
397,9550.0,-1210.0
398,9599.47719693146,-1206.2330660569055
399,9657.0,-1203.0
400,9696.832558374748,-1201.60730785299
401,9722.0,-1202.0
402,9740.771119106226,-1202.1010451670222
403,9852.0,-1201.0
404,9914.270661752107,-1198.046591773785
405,9946.0,-1196.0
406,9992.761642592139,-1191.3663387743268
407,10012.0,-1187.0
408,10174.0,-1129.0
409,10174.54818526665,-1128.7754684087954
410,10285.0,-1058.0
411,10291.768845348022,-1052.1226765001343
412,10319.0,-1028.0
413,10367.460509277245,-976.7783493985931
414,10407.0,-926.0
415,10425.681266990514,-899.9530775592002
416,10451.0,-862.0
417,10474.594663844931,-823.0973661082012
418,10500.0,-776.0
419,10510.209038010848,-754.5402642567133
420,10523.0,-722.0
421,10553.0,-630.0
422,10553.12377073831,-629.5913278111275
423,10562.774184064237,-575.433587372267
424,10563.0,-572.0
425,10566.047188434495,-537.0142614716399
426,10565.0,-510.0
427,10542.607277635641,-459.66093361071586
428,10474.519852406464,-415.6172809449118
429,10395.005245741811,-353.9304430816081
430,10383.0,-326.0
431,10378.834338464518,-270.3155862181144
432,10387.0,-211.0
433,10391.295309544339,-189.26777473403385
434,10403.535059838023,-142.59840523578055
435,10406.0,-133.0
436,10417.552038554579,-86.62365380056842
437,10423.0,-65.0
438,10433.694424335516,-24.945506132166024
439,10440.0,-3.0
440,10474.0,109.0
441,10490.161165424657,154.5785023542771
442,10506.0,195.0
443,10515.106040100749,218.36957647133946
444,10531.971620319613,263.49819694103496
445,10538.0,282.0
446,10544.467618611981,303.5798753754085
447,10554.0,340.0
448,10559.0,374.0
449,10558.538580332648,386.71969940926624
450,10548.464056845185,442.82733259759027
451,10542.0,466.0
452,10521.017088192595,503.8573835327373
453,10494.0,523.0
454,10476.978557589064,535.5334381730263
455,10455.0,551.0
456,10413.583586548513,574.3519279450824
457,10408.0,577.0
458,10339.0,607.0
459,10321.405700186355,614.0740737135357
460,10305.0,618.0
461,10304.654167092755,618.0885395904058
462,10235.141468778758,636.3640154547702
463,10200.0,644.0
464,10163.88256077853,650.235695725331
465,10063.0,661.0
466,10025.54025154025,663.4667645800442
467,9987.42394886555,665.0298061680727
468,9966.0,666.0
469,9941.97251087736,667.1741784456592
470,9900.0,669.0
471,9829.0,671.0
472,9812.566522861287,671.3730118478236
473,9738.0,673.0
474,9598.932528031057,677.1166046796363
475,9445.0,682.0
476,9424.655506058507,682.6474660410493
477,9374.681130227218,684.2378734391283
478,9314.0,686.0
479,9167.068751324603,690.1797310065149
480,9138.0,691.0
481,9037.667460144728,693.790227065544
482,8975.0,696.0
483,8937.809819861477,697.5716894797706
484,8874.0,700.0
485,8726.55784759888,704.3785991762446
486,8670.0,706.0
487,8595.94390428716,708.1841237769073
488,8526.551891840738,710.4649318641887
489,8477.0,712.0
490,8432.648999266708,713.3050380265931
491,8332.0,716.0
492,8330.017537109754,716.0470649739383
493,8142.0,720.0
494,8085.714520747378,721.4039346408998
495,8018.0,723.0
496,7899.0,725.0
497,7804.806782695517,726.7591194922202
498,7793.0,727.0
499,7657.0,730.0
500,7626.200065081972,730.7423415090669
501,7458.965559431732,734.7644747720891
502,7446.0,735.0
503,7387.0,736.0
504,7232.0,740.0
505,7217.579634538492,740.3723002575105
506,7000.0,745.0
507,6918.88268755607,746.6536011165406
508,6756.0,750.0
509,6715.084052015496,750.8554693981577
510,6599.5714516560165,753.4260856934595
511,6571.0,754.0
512,6470.590351844337,755.919418422068
513,6375.0,758.0
514,6156.993928187902,763.5246982474125
515,6099.0,765.0
516,5952.583245690077,768.5374425036754
517,5907.0,770.0
518,5738.580563535105,775.7581224956688
519,5560.0,782.0
520,5423.347317181967,786.7694526016701
521,5296.482701884639,791.1500265129285
522,5241.0,793.0
523,5146.627545032052,796.0166045552069
524,5003.0,801.0
525,4816.676523654567,808.0504179711179
526,4712.0,812.0
527,4613.5345048996915,815.5357172063511
528,4511.0,819.0
529,4284.0,827.0
530,4254.010563344078,828.0678006327155
531,4199.0,830.0
532,4081.780345461862,833.7995304161191
533,3986.0,837.0
534,3858.689789469585,841.4669919170713
535,3650.0,849.0
536,3485.635314412696,855.1637054994688
537,3398.657690657464,858.1566170110734
538,3372.0,859.0
539,3193.525331334555,864.5078664069109
540,3179.0,865.0
541,3066.0429421878325,869.2590195838402
542,2994.0,872.0
543,2844.898003321319,877.381004517315
544,2713.0,882.0
545,2678.344640383661,883.1913236129773
546,2579.7657297248907,886.4484377493187
547,2535.0,888.0
548,2258.640765597049,897.828875080526
549,2197.0,900.0
550,2092.549322222452,903.5635263880135
551,1973.0,907.0
552,1954.6002812882507,907.5035179484184
553,1820.0,911.0
554,1548.194478647996,915.7426817699761
555,1532.0,916.0
556,1350.0,919.0
557,1331.5896890413808,919.3076252130902
558,1194.574148922988,921.6813252494856
559,1178.0,922.0
560,977.7659779225847,926.2763470516946
561,942.0,927.0
562,777.0,930.0
563,718.128074477638,931.0136370662254
564,549.0,934.0
565,461.3963565633487,935.7895651469114
566,402.0,937.0
567,214.61388381566871,940.6177012408576
568,91.0,943.0
569,-42.92866066118,945.7705404271395
570,-156.0,948.0
571,-189.50324501046737,948.5729276725272
572,-405.0,952.0
573,-500.03916769137845,953.5077512934416
574,-561.0,955.0
575,-891.9155775809979,968.9338130310699
576,-931.0,971.0
577,-1060.2566323964083,980.029977058243
578,-1113.0,985.0
579,-1380.344511737736,1012.185248010097
580,-1398.0,1014.0
581,-1584.0,1033.0
582,-1649.73190380309,1039.5839831382552
583,-1745.0,1049.0
584,-1833.5396504364012,1057.6226349361582
585,-1961.198707999522,1069.7457268084013
586,-2089.271258757783,1079.4125247580112
587,-2184.0,1081.0
588,-2184.9087185008834,1080.9860273101851
589,-2254.8562616386353,1078.0386245042996
590,-2270.0,1077.0
591,-2359.0,1068.0
592,-2359.651999463266,1067.9149442624039
593,-2431.0,1055.0
594,-2431.6288210816097,1054.836143568724
595,-2485.1346975027895,1038.1028222589823
596,-2514.0,1027.0
597,-2536.8955584106902,1016.2797628680455
598,-2566.476226934661,994.9920994198644
599,-2575.0,987.0
600,-2597.04917156543,963.3789405904421
601,-2613.0,941.0
602,-2617.4772100466153,932.736343246888
603,-2627.0,909.0
604,-2633.357342472384,883.4346926494892
605,-2637.0,859.0
606,-2638.5801236927864,825.7979376027206
607,-2636.0,809.0
608,-2620.0,749.0
609,-2618.1005678276592,742.5381582664527
610,-2605.165591486692,706.8928803663965
611,-2586.0,683.0
612,-2571.9662470664825,664.6561318473346
613,-2546.0,631.0
614,-2537.1979720381437,620.2817903976581
615,-2509.0,593.0
616,-2499.201137249854,584.6542866380906
617,-2454.0,548.0
618,-2440.2395948803082,537.5440369805846
619,-2411.0,516.0
620,-2401.6377035995047,509.13258822211696
621,-2378.0,493.0
622,-2357.01670407632,479.9942927925911
623,-2333.0,466.0
624,-2294.927030481673,446.1521010159279
625,-2271.0,434.0
626,-2208.5401550286947,399.63182923545446
627,-2191.0,389.0
628,-2119.842080314571,344.23688177072756
629,-2065.0,309.0
630,-2013.395484817901,274.3634049041781
631,-1961.0,243.0
632,-1950.1956360518898,236.77846302755614
633,-1802.0,156.0
634,-1788.6821010692886,149.7353620738195
635,-1598.0,96.0
636,-1597.593070651642,95.93509791674293
637,-1534.8867085568,87.62893934107626
638,-1468.6987475378628,86.36108100896377
639,-1440.0,89.0
640,-1383.319092595265,97.68901331551467
641,-1337.0,107.0
642,-1237.0,133.0
643,-1151.9765173435844,163.44135070703638
644,-1037.0,212.0
645,-1035.583833326394,212.62874794583234
646,-853.0,299.0
647,-808.1225705196936,320.61639514022175
648,-766.0,341.0
649,-691.0109139117307,377.713266038674
650,-643.0,401.0
651,-545.4354625272209,447.1067006896685
652,-535.0,452.0
653,-443.0,494.0
654,-376.26503641956464,520.6053549046505
655,-297.0,548.0
656,-137.80151338511075,587.3820110558779
657,-113.0,592.0
658,-29.071261114477505,605.2848602164139
659,41.0,614.0
660,172.05951145612084,625.434938877363
661,214.0,628.0
662,257.0,630.0
663,578.0,623.0
664,579.8913791383558,622.8359933217093
665,714.3297936568711,604.4019615676145
666,869.0,566.0
667,892.5023871553011,559.4838475969599
668,976.0087621770081,534.4097513515239
669,1080.9240691215873,499.300453643964
670,1117.0,487.0
671,1186.8565612334933,462.89070904751867
672,1232.0,446.0
673,1318.5045087853225,410.3264071237449
674,1479.0,337.0
675,1495.8303454552613,328.8691254443285
676,1633.0332711222306,257.43593035831094
677,1720.0,203.0
0,1980.0,38.0
1,2212.0,-107.0
2,2240.0542216669587,-124.5361031252169
3,2316.697360083169,-172.7268651526546
4,2336.0,-185.0
5,2446.0,-255.0
6,2505.0463571814944,-292.4589938813634
7,2828.685386669585,-495.9445200577801
8,2994.116069640683,-598.4027516045392
9,3108.0,-668.0
10,3144.0202952762393,-689.8186672194208
11,3281.0,-772.0
12,3302.9112816874076,-785.0948608429903
13,3514.0,-911.0
14,3584.925821198635,-953.0725097894202
15,3689.4641027427065,-1012.2158216074455
16,3700.0,-1018.0
17,3910.0,-1132.0
18,3925.931306967716,-1140.3925917668419
19,4047.0,-1203.0
20,4075.058061339345,-1217.423064717801
21,4233.0,-1299.0
22,4345.92532379171,-1358.0645233542368
23,4405.0,-1389.0
24,4491.02704961625,-1433.9113780918335
25,4530.0,-1454.0
26,4545.552934721804,-1462.028191175727
27,4613.0,-1498.0
28,4768.789322771097,-1593.2617658595523
29,4816.0,-1624.0
30,4825.452780554737,-1630.4520951068469
31,4845.0,-1647.0
32,4852.630397904978,-1653.3268113150089
33,4902.0,-1697.0
34,4973.909573115705,-1791.4898704300742
35,4989.0,-1816.0
36,5003.096485242688,-1844.1913564610604
37,5010.0,-1889.0
38,5011.963853564153,-1913.4967700675106
39,5012.0,-1952.0
40,5005.0,-1991.0
41,4990.821126576542,-2033.5421510333736
42,4978.0,-2060.0
43,4954.77380217797,-2097.2116065103237
44,4948.0,-2107.0
45,4928.7109723886315,-2132.8831993261297
46,4913.0,-2152.0
47,4873.394054127169,-2195.3629403201066
48,4858.0,-2212.0
49,4846.0,-2225.0
50,4803.0,-2268.0
51,4775.057453538324,-2294.726808541008
52,4736.686062605625,-2331.8064675934042
53,4715.0,-2353.0
54,4638.0,-2429.0
55,4618.6120857512915,-2448.9988330654733
56,4598.0,-2475.0
57,4562.975641893696,-2519.4770633402886
58,4542.0,-2550.0
59,4456.0,-2712.0
60,4452.73376669778,-2719.1731340359115
61,4431.692647030447,-2774.217589023156
62,4422.0,-2845.0
63,4414.941233798261,-2937.6362507249273
64,4413.0,-2974.0
65,4412.117442671732,-3036.8931849073365
66,4414.0,-3111.0
67,4413.743312519138,-3120.851151334826
68,4409.0,-3202.0
69,4401.355359822952,-3264.293550338515
70,4391.0,-3325.0
71,4373.6783385696235,-3403.372393140722
72,4359.0,-3450.0
73,4311.741423328742,-3570.2550692249497
74,4288.0,-3624.0
75,4241.034103580714,-3711.695504188935
76,4179.0,-3784.0
77,4178.6435430762085,-3784.387398109374
78,4104.0,-3861.0
79,4057.0,-3901.0
80,4032.0506762375035,-3919.619308558733
81,3905.098253040672,-4003.7488432200657
82,3848.0,-4039.0
83,3752.6293061913348,-4090.9070982672933
84,3674.0,-4123.0
85,3586.7885078477784,-4157.199843540425
86,3527.0,-4179.0
87,3463.0,-4200.0
88,3405.304946847512,-4215.717223277762
89,3333.0,-4233.0
90,3174.8198559000766,-4261.822508509881
91,3164.0,-4263.0
92,3056.063770421816,-4270.69217416725
93,2882.583617020414,-4272.814138491021
94,2504.1949572738613,-4241.549613830139
95,2409.0,-4221.0
96,2396.01220031872,-4217.637305245853
97,2295.0517769931303,-4186.528185652583
98,2282.0,-4182.0
99,2073.0,-4097.0
100,1951.0,-4034.0
101,1857.2614744243492,-3981.5895289003984
102,1817.0,-3958.0
103,1711.0,-3893.0
104,1698.5855490167096,-3885.263075456779
105,1571.0971570342099,-3804.8658310577257
106,1554.0,-3794.0
107,1404.0081812402918,-3698.4166216643384
108,1289.0,-3625.0
109,1219.2812518225994,-3580.394193999863
110,1170.0,-3549.0
111,928.0,-3395.0
112,927.2827695684418,-3394.5413671259607
113,828.8037284177534,-3331.0129821531145
114,776.0,-3297.0
115,667.493110001941,-3227.6253343132294
116,572.0,-3167.0
117,487.77728025202083,-3114.1647316693693
118,448.0,-3090.0
119,264.0758229330413,-2986.227323788835
120,221.0,-2963.0
121,146.11505570270594,-2923.2172795444358
122,47.0,-2871.0
123,-76.74602689407203,-2809.014554757516
124,-96.0,-2801.0
125,-316.4710017671523,-2720.8014942517175
126,-337.0,-2714.0
127,-461.9113820388529,-2686.837353314513
128,-514.0,-2686.0
129,-565.6119370228591,-2683.5197359441554
130,-677.0,-2681.0
131,-726.4222875817425,-2683.7776102935777
132,-834.0,-2696.0
133,-889.058221985878,-2704.537303097071
134,-941.0,-2720.0
135,-1185.0,-2826.0
136,-1229.8660806184157,-2848.597318608051
137,-1284.0,-2886.0
138,-1363.8024486750412,-2934.275804005457
139,-1438.0,-2977.0
140,-1477.682386067418,-2998.7702330059083
141,-1545.6447425825106,-3030.1788650238323
142,-1580.0,-3042.0
143,-1684.2100957447174,-3071.4088414633848
144,-1760.0,-3088.0
145,-1907.7183805941488,-3097.1255084558734
146,-1969.0,-3091.0
147,-2076.7663857664184,-3070.9490696294424
148,-2088.0,-3068.0
149,-2193.0,-3032.0
150,-2241.7632915543736,-3009.4056780005885
151,-2380.0,-2928.0
152,-2467.954091462917,-2865.0701298708036
153,-2612.0,-2747.0
154,-2635.8053902809525,-2725.9731612347823
155,-2731.0,-2642.0
156,-2769.1099960032907,-2614.2060331282555
157,-2884.0,-2543.0
158,-2980.0,-2500.0
159,-3068.0,-2471.0
160,-3312.0,-2438.0
161,-3469.0,-2451.0
162,-3490.323080411282,-2456.0535389839633
163,-3623.114225925575,-2487.64583788378
164,-3688.0,-2506.0
165,-3713.0,-2514.0
166,-3749.4748347598215,-2526.9049107870983
167,-3869.5623211978086,-2579.2780586077965
168,-3881.0,-2585.0
169,-3957.5845528710843,-2627.1260419430328
170,-4038.0,-2680.0
171,-4110.0,-2737.0
172,-4185.372511048237,-2810.3886655685997
173,-4209.0,-2837.0
174,-4235.0,-2868.0
175,-4336.4608633800835,-3029.81173035288
176,-4359.0,-3073.0
177,-4375.421860755784,-3109.0988953259885
178,-4386.0,-3148.0
179,-4408.0,-3240.0
180,-4417.539734540513,-3322.835796264816
181,-4418.0,-3331.0
182,-4419.245717222239,-3388.300778918454
183,-4417.0,-3437.0
184,-4404.0,-3523.0
185,-4402.187536844509,-3530.902214054286
186,-4385.0,-3589.0
187,-4373.876625884772,-3616.912173180609
188,-4361.0,-3644.0
189,-4338.379046411804,-3682.8629109755393
190,-4326.0,-3701.0
191,-4283.0,-3752.0
192,-4260.980249523356,-3772.0704013065306
193,-4231.0,-3795.0
194,-4211.885031140864,-3807.6245712114614
195,-4157.149641255297,-3836.8581970328873
196,-4150.0,-3840.0
197,-4045.0,-3871.0
198,-4024.446057744817,-3874.449267620583
199,-3887.1271848445726,-3888.6291769438085
200,-3869.0,-3890.0
201,-3817.687633256731,-3892.747721293458
202,-3776.5522818706595,-3892.916805918711
203,-3762.0,-3893.0
204,-3687.766332135118,-3893.5712317175057
205,-3658.0,-3894.0
206,-3609.0,-3895.0
207,-3548.0051894131493,-3896.241569812487
208,-3517.0,-3897.0
209,-3412.0,-3901.0
210,-3358.673230007722,-3904.4180333275226
211,-3304.0,-3909.0
212,-3246.7153465549354,-3914.977949800315
213,-3135.0,-3929.0
214,-3113.5777999004085,-3931.855809620495
215,-3062.0,-3939.0
216,-2871.0,-3968.0
217,-2858.6626891219976,-3969.9292665060684
218,-2762.0,-3986.0
219,-2525.2066825447646,-4031.91998361961
220,-2510.0,-4035.0
221,-2427.4315166097376,-4053.2991675153944
222,-2381.0,-4064.0
223,-2276.0,-4087.0
224,-2204.4788075034994,-4102.983254098275
225,-2061.0,-4125.0
226,-1809.0,-4142.0
227,-1768.470104736934,-4143.935662372643
228,-1694.0,-4143.0
229,-1640.262125812854,-4142.675557474686
230,-1579.0,-4142.0
231,-1463.1238520972129,-4137.6662304132715
232,-1375.0,-4133.0
233,-1276.2475975835646,-4127.7239517542
234,-1120.016242265806,-4119.575017833218
235,-1108.0,-4119.0
236,-1063.0,-4117.0
237,-1018.5667335361214,-4115.226953420042
238,-808.0,-4108.0
239,-761.6424762595732,-4106.690655269021
240,-517.0,-4101.0
241,-442.69107026261713,-4099.590711893259
242,-299.0,-4098.0
243,-259.14081534003617,-4097.530007065024
244,-143.0,-4096.0
245,124.0,-4092.0
246,183.04939996728692,-4091.2233070221982
247,313.4577982694832,-4089.8415352647075
248,394.0,-4089.0
249,418.2276277244483,-4088.7204183983245
250,547.538637708381,-4087.8241434394317
251,602.0,-4089.0
252,665.881475578639,-4091.1651703611487
253,810.124682695037,-4098.361642840104
254,858.0,-4102.0
255,969.0,-4116.0
256,1061.0980226405927,-4134.308604188047
257,1232.9048246697218,-4175.622033107834
258,1253.0,-4181.0
259,1508.7228257386867,-4263.880405688183
260,1597.0,-4296.0
261,1666.6886489371477,-4321.36420363419
262,1736.0,-4346.0
263,1835.9658394912221,-4380.754547165266
264,2007.0,-4439.0
265,2025.521382659138,-4445.178710161541
266,2244.9476447550437,-4515.586650924095
267,2305.0,-4534.0
268,2530.489131710326,-4600.570572048508
269,2656.0,-4636.0
270,2691.216571861981,-4645.624117705379
271,2773.081386039158,-4666.86263803447
272,2834.0,-4681.0
273,2909.689161496749,-4697.41631088736
274,3047.8173507334395,-4724.9955193757605
275,3081.0,-4731.0
276,3214.7266756183794,-4752.40418013599
277,3248.0,-4757.0
278,3417.0,-4776.0
279,3485.1964552365093,-4781.650660391708
280,3587.0,-4788.0
281,3690.83307914316,-4791.990217940749
282,3810.0,-4794.0
283,3862.059433322004,-4794.196815937359
284,3896.0,-4794.0
285,4034.0,-4790.0
286,4034.95737762451,-4789.957074649911
287,4207.916767614755,-4780.118736375449
288,4401.0,-4765.0
289,4542.365015896868,-4748.870619272049
290,4573.0,-4745.0
291,4710.856359303405,-4726.999591216292
292,4763.0,-4719.0
293,4881.986993505096,-4697.304136434563
294,4899.0,-4694.0
295,5036.0,-4666.0
296,5053.036032373855,-4662.19572069464
297,5222.0,-4620.0
298,5255.782751145108,-4610.697760901448
299,5456.0,-4551.0
300,5487.985758769519,-4541.063623352113
301,5573.0,-4514.0
302,5635.732267762647,-4493.377645048292
303,5830.26384079839,-4427.881440138533
304,5889.0,-4408.0
305,6014.599404204544,-4365.371617619502
306,6072.0,-4346.0
307,6219.437197610162,-4296.490151589063
308,6289.0,-4273.0
309,6389.0,-4239.0
310,6523.639426382503,-4193.459315804104
311,6640.0,-4154.0
312,6688.454706748176,-4137.433896196085
313,6791.0,-4102.0
314,7102.594906968007,-3991.7504938727307
315,7157.0,-3972.0
316,7253.347384830626,-3935.9018374181196
317,7372.0,-3888.0
318,7425.283410562275,-3866.491124648815
319,7520.0,-3827.0
320,7610.599227040966,-3788.0484061310817
321,7797.0,-3707.0
322,7909.636389957609,-3657.9446243349403
323,7941.832164727026,-3643.0164394135454
324,7959.0,-3635.0
325,8036.415217081854,-3598.807263613535
326,8185.0,-3529.0
327,8186.064169307709,-3528.497897030794
328,8490.0,-3384.0
329,8553.395351210234,-3353.332636998423
330,8694.026264718608,-3283.974425240449
331,8839.0,-3210.0
332,8987.906425788022,-3130.659916850213
333,9074.0,-3083.0
334,9094.813201775076,-3071.2721293252926
335,9170.698229892723,-3027.6290594932643
336,9233.0,-2990.0
337,9292.983758257717,-2951.7304191101607
338,9405.833918002218,-2873.3278429130564
339,9516.0,-2780.0
340,9521.620537624836,-2774.3656695201576
341,9556.0,-2737.0
342,9569.629293868524,-2720.8287418010827
343,9595.0,-2688.0
344,9617.621915718852,-2654.3104249430753
345,9642.820465970422,-2609.596400839873
346,9648.0,-2599.0
347,9661.0,-2566.0
348,9677.533654937777,-2463.0781432085437
349,9678.0,-2456.0
350,9674.724864759562,-2415.555247566369
351,9653.0,-2386.0
352,9618.0,-2332.0
353,9604.811014951192,-2316.2101243009197
354,9601.0,-2312.0
355,9518.0,-2230.0
356,9513.848983816906,-2226.1496144971097
357,9462.99844858595,-2184.1871319756747
358,9459.0,-2181.0
359,9427.676522539903,-2155.785327278804
360,9423.0,-2152.0
361,9390.0,-2125.0
362,9379.019321009348,-2115.774727343829
363,9329.625805305395,-2073.154863521605
364,9290.0,-2037.0
365,9244.890437871123,-1990.101259892131
366,9223.0,-1962.0
367,9172.0,-1883.0
368,9168.255157401043,-1876.2288883182641
369,9145.0,-1826.0
370,9122.060826661786,-1733.6911058127052
371,9121.0,-1727.0
372,9117.620861507414,-1688.320630814081
373,9120.0,-1655.0
374,9121.810546071058,-1641.7920155353752
375,9150.091628804177,-1518.000500069652
376,9152.0,-1512.0
377,9183.10892384556,-1446.5067719523736
378,9195.0,-1428.0
379,9202.6760147871,-1416.3896524172137
380,9217.0,-1396.0
381,9251.537636985971,-1353.9640450753066
382,9260.0,-1345.0
383,9286.476532685389,-1320.1077840346293
384,9316.0,-1297.0
385,9350.0223675959,-1274.5272975285368
386,9369.0,-1264.0
387,9446.01619017872,-1232.0418387877412
388,9452.0,-1230.0
389,9509.10423815015,-1215.2972226603258
390,9538.0,-1211.0
391,9595.0,-1205.0
392,9646.511460991198,-1202.4801237644617
393,9669.0,-1202.0
394,9723.045098435095,-1201.8904578643742
395,9804.0,-1202.0
396,9820.70698531449,-1201.655061644774
397,9872.0,-1200.0
398,9907.383451621494,-1198.5908190386822
399,9979.0,-1193.0
400,10048.0,-1179.0
401,10065.308013484424,-1173.9048376257356
402,10176.0,-1128.0
403,10256.0,-1079.0
404,10265.588926329307,-1071.3878545535576
405,10357.0,-989.0
406,10389.685861064962,-956.2153305410434
407,10424.17936377351,-903.8279578777098
408,10435.0,-886.0
409,10468.751476104098,-831.9836819328141
410,10482.0,-810.0
411,10503.158773513867,-770.6577718844392
412,10519.0,-732.0
413,10527.562944446483,-708.2219857855289
414,10553.0,-628.0
415,10554.418566475295,-622.9583520659847
416,10561.881490524616,-587.0776533678934
417,10563.0,-574.0
418,10565.038945584602,-517.6056334882908
419,10565.0,-502.0
420,10558.545269217546,-463.47580108680705
421,10540.0,-450.0
422,10529.898614295078,-441.65401883061577
423,10497.0,-417.0
424,10487.310268647028,-411.8156749350545
425,10462.0,-400.0
426,10445.901643060077,-391.51958859466555
427,10401.0,-359.0
428,10383.513620719172,-326.34524025549575
429,10378.0,-291.0
430,10377.81874195927,-286.03751664863387
431,10380.0,-252.0
432,10382.010645268467,-237.1457959480084
433,10393.0,-184.0
434,10418.0,-86.0
435,10425.457010380946,-57.09925080923115
436,10428.0,-48.0
437,10465.01891398074,81.00249449175232
438,10470.0,97.0
439,10486.675148808814,144.76480863223387
440,10489.0,151.0
441,10520.497886019717,233.90314315540627
442,10528.0,254.0
443,10545.344736755966,303.8184854565795
444,10554.0,341.0
445,10560.0,389.0
446,10559.0,407.0
447,10554.312774091177,432.84459538281305
448,10542.0,465.0
449,10527.851043150591,486.9662244702454
450,10504.0,513.0
451,10497.500411373936,518.842346129139
452,10477.0,535.0
453,10469.988666140209,540.0658547451916
454,10431.0,565.0
455,10390.151025577203,585.8111895103299
456,10385.0,588.0
457,10327.926455618512,610.0293329237397
458,10317.0,614.0
459,10284.974628078655,624.3232417456863
460,10275.0,627.0
461,10230.0,638.0
462,10191.162959402885,645.4144090028801
463,10164.0,650.0
464,10118.62631177001,656.666975617055
465,10078.0,660.0
466,9987.295766038,664.8518080427225
467,9941.0,667.0
468,9866.26052657989,669.8197316517216
469,9824.0,671.0
470,9770.736377616096,672.6874913360551
471,9726.0,674.0
472,9645.0,676.0
473,9613.188418466134,676.968869007843
474,9489.0,681.0
475,9474.066189633004,681.4791748157785
476,9403.67048777549,683.6210780216381
477,9349.0,685.0
478,9306.44168360611,686.1604097919404
479,9177.0,690.0
480,9014.646103002991,695.2507787060663
481,8961.0,697.0
482,8868.496487407396,699.9943980953983
483,8806.394773907668,701.957176853466
484,8773.0,703.0
485,8717.707318961493,704.7150535523076
486,8579.0,709.0
487,8550.379867886126,709.8865784553459
488,8446.0,713.0
489,8432.47217038804,713.3586107479223
490,8311.0,716.0
491,8173.0,719.0
492,8060.0,722.0
493,7832.07283672114,726.5582722975905
494,7759.0,728.0
495,7671.38303318904,730.2523275780337
496,7642.0,731.0
497,7465.0,735.0
498,7315.0,738.0
499,7158.858525738466,741.3332843195793
500,7087.0,743.0
501,6910.2141750504725,747.2887502388861
502,6796.0,750.0
503,6537.105523257006,755.5483162000424
504,6464.0,757.0
505,6409.486073799519,758.0381329308584
506,6267.299645163929,760.985327892925
507,6225.0,762.0
508,5984.0,768.0
509,5921.7145109319135,769.6381872092911
510,5809.388463217011,773.2667075230942
511,5676.0,778.0
512,5630.125263259755,779.5326445431717
513,5464.0,785.0
514,5442.288954258586,785.7154297464261
515,5334.409986333153,789.297286425535
516,5233.0,793.0
517,5151.035476082743,796.1565524484968
518,5101.0,798.0
519,4946.759371163646,802.9853325807097
520,4885.0,805.0
521,4766.292955190217,809.3139345039009
522,4667.0,813.0
523,4362.0,824.0
524,4278.216012983127,826.8025284022945
525,4230.094328368919,828.213465417632
526,4208.0,829.0
527,4072.372787520808,834.1001926376073
528,4020.0,836.0
529,3908.6098323989627,839.686791036461
530,3778.0,844.0
531,3527.569588887155,853.0350850121729
532,3394.0,858.0
533,3298.9765161082337,861.6554960151292
534,3289.0,862.0
535,3101.5243369161467,868.2099356577246
536,3078.0,869.0
537,2758.0,880.0
538,2697.487008815194,882.1576632669305
539,2491.0,890.0
540,2407.6649874719233,892.9128557211544
541,2224.0,899.0
542,2153.879908784373,901.2845423478584
543,2008.0,906.0
544,1832.4870194565763,910.783103098592
545,1684.0,913.0
546,1654.831367122477,913.519194001578
547,1413.0,918.0
548,1382.2936928064144,918.5723267464225
549,1114.2397862239932,923.537795405795
550,978.0,926.0
551,767.3544977621673,929.7629789139128
552,650.0,932.0
553,588.3995279905661,933.3223950406145
554,467.0,936.0
555,409.50461260769384,936.9639625997379
556,229.0,940.0
557,202.56061477472957,940.5045800060909
558,-118.0,947.0
559,-176.7994387109902,948.1410689581439
560,-254.45859897613965,949.3910847798641
561,-338.0,951.0
562,-339.4921095336399,951.0322639002698
563,-522.0,955.0
564,-522.885466728101,955.0164563497091
565,-792.0993007261795,962.0246320699391
566,-841.0,965.0
567,-1112.0,985.0
568,-1173.6126346213368,990.2406924884209
569,-1272.542196476884,1001.4079383736672
570,-1296.0,1004.0
571,-1535.621031563541,1028.3092960473691
572,-1552.0,1030.0
573,-1657.0,1041.0
574,-1688.54076853574,1044.1710917144053
575,-1901.0,1064.0
576,-1924.3423550116274,1066.1211691377541
577,-2014.9844766377084,1073.8621993441902
578,-2032.0,1075.0
579,-2118.56480329674,1078.9351194456149
580,-2168.0,1080.0
581,-2200.0,1080.0
582,-2218.2929196882055,1079.3441933516708
583,-2363.1671676964356,1066.5710569021771
584,-2369.0,1066.0
585,-2396.707574916793,1062.1158528503936
586,-2404.0,1060.0
587,-2440.107616382207,1049.1245046057602
588,-2506.4897546214293,1028.0169121349468
589,-2526.0,1021.0
590,-2563.1181042669814,1003.893500976362
591,-2585.0,977.0
592,-2595.4107132424742,959.1732798479787
593,-2631.5275055122806,876.6984700724254
594,-2637.0,843.0
595,-2632.0,791.0
596,-2629.1783130168606,779.3085692290585
597,-2621.0,753.0
598,-2617.149469933405,742.5653609678477
599,-2603.0,713.0
600,-2575.990267160013,670.3503468845055
601,-2559.0,646.0
602,-2529.8964681896464,612.5309102363135
603,-2515.0,599.0
604,-2489.0,576.0
605,-2474.1557717659434,563.6980908831943
606,-2438.0,536.0
607,-2412.186372076799,517.3401157026694
608,-2367.0,486.0
609,-2351.6455244352182,476.0855609937861
610,-2315.8508249242527,456.9130889281242
611,-2302.0,450.0
612,-2243.098589328554,420.2274852354294
613,-2216.0,405.0
614,-2175.263314157321,379.20300824205316
615,-2149.0,362.0
616,-2121.600226734219,344.4210442095988
617,-2083.0,320.0
618,-2005.4196146391614,271.0563194982397
619,-1917.0,216.0
620,-1829.544734611972,166.57438638737113
621,-1781.0,147.0
622,-1754.1799013212303,137.27234075069916
623,-1670.0,111.0
624,-1593.0,95.0
625,-1537.9768545134596,86.9428793320029
626,-1505.0,85.0
627,-1390.0,97.0
628,-1377.9895388375846,99.17392266300816
629,-1269.0,124.0
630,-1211.2466814200038,141.16904369249963
631,-1128.0,172.0
632,-1024.6759680290966,217.54345145714964
633,-848.0,302.0
634,-774.2859644378598,337.1452496118258
635,-621.0,411.0
636,-613.2283410096802,414.94330438266775
637,-485.0,475.0
638,-467.185079766021,482.02054071628936
639,-286.323485690162,549.7636363686821
640,-265.0,557.0
641,-40.01815196938997,607.1668547344191
642,43.0,615.0
643,62.36994966701228,616.8044929102922
644,152.805956879106,624.8585652465306
645,232.0,629.0
646,245.183472075792,629.4717000784208
647,393.0,632.0
648,506.8145969088674,628.7816180207965
649,539.0,626.0
650,644.5075958240252,612.0509119429776
651,803.0,583.0
652,842.734900292827,574.3303103572593
653,1009.0,523.0
654,1092.9749738349954,493.89065596761725
655,1270.0,431.0
656,1380.419425671087,387.574114809907
657,1455.0,349.0
658,1493.4598395264234,328.4186546837798
659,1608.9872965678755,265.60663803404003
660,1621.0,259.0
661,1720.0,203.0
662,1786.5988343536549,161.957291808883
