,x,y
1,-7674.757726730664,-6421.247602586986
2,-7676.0,-6378.0
3,-7672.552684605099,-6104.223352156756
4,-7670.0,-6021.0
5,-7667.120435573269,-5954.696090544528
6,-7660.0,-5879.0
7,-7655.696864730503,-5835.297671800101
8,-7642.674175271675,-5704.426972607799
9,-7628.0,-5585.0
10,-7613.036002509114,-5491.76665170051
11,-7605.0,-5447.0
12,-7585.0,-5344.0
13,-7583.350201838424,-5336.196676582591
14,-7559.953700106409,-5233.383121752301
15,-7554.0,-5208.0
16,-7542.040538837031,-5158.099982864623
17,-7541.0,-5154.0
18,-7506.129963784952,-5025.093473245436
19,-7498.0,-4996.0
20,-7475.949247623604,-4920.182365995608
21,-7456.0,-4865.0
22,-7455.022613473534,-4862.4680202974305
23,-7428.0,-4797.0
24,-7415.254138795309,-4770.941075763305
25,-7411.0,-4763.0
26,-7383.913451478433,-4720.902854486098
27,-7371.0,-4706.0
28,-7316.0,-4665.0
29,-7305.638048662438,-4659.917946351072
30,-7242.2539322941475,-4635.4221579760715
31,-7232.0,-4632.0
32,-7176.2528366894685,-4617.735323010736
33,-7148.0,-4613.0
34,-7093.0,-4605.0
35,-7070.5321497196355,-4602.223573642323
36,-7012.840749907583,-4596.298011148042
37,-6999.0,-4595.0
38,-6888.298790789773,-4585.129609477577
39,-6829.0,-4580.0
40,-6809.775735627271,-4578.367870124539
41,-6758.0,-4574.0
42,-6710.261328318852,-4569.570790614607
43,-6656.0,-4564.0
44,-6611.675975325402,-4558.704395715775
45,-6569.0,-4553.0
46,-6490.0,-4541.0
47,-6412.258333100346,-4526.566372482034
48,-6292.0,-4501.0
49,-6286.152922947134,-4499.73364919507
50,-6260.0,-4494.0
51,-6128.0,-4462.0
52,-6087.837325525487,-4452.229580314095
53,-6004.0,-4432.0
54,-5572.588940914158,-4323.4325475223295
55,-5567.0,-4322.0
56,-5367.0,-4271.0
57,-5344.66188037484,-4265.477193182719
58,-5149.470776986907,-4225.555202870199
59,-5109.0,-4220.0
60,-5069.0,-4215.0
61,-5045.983967536539,-4212.438831659051
62,-4913.432098391277,-4201.060240578705
63,-4782.0,-4189.0
64,-4694.837824359738,-4176.284586057805
65,-4622.0,-4160.0
66,-4531.57968895997,-4133.384534547625
67,-4412.0,-4082.0
68,-4254.943515286095,-4003.1318335492774
69,-4202.0,-3976.0
70,-4086.359843292011,-3917.039755391653
71,-4019.0,-3889.0
72,-3960.299952156552,-3865.6390654814413
73,-3911.0,-3847.0
74,-3818.403981309115,-3815.6982885715965
75,-3715.0,-3786.0
76,-3585.0,-3757.0
77,-3555.4803054358235,-3751.914117448066
78,-3301.0,-3716.0
79,-3257.703754393549,-3710.5686822323623
80,-3109.1725974956153,-3693.813507593563
81,-3066.0,-3687.0
82,-2965.798013673563,-3668.862802018586
83,-2917.0,-3659.0
84,-2866.0301208779947,-3647.2719186066665
85,-2828.0,-3636.0
86,-2675.849352029489,-3574.2189092100784
87,-2656.0,-3564.0
88,-2465.6189107525825,-3426.6355395811074
89,-2441.0,-3405.0
90,-2410.758251009949,-3375.979379915014
91,-2381.0,-3335.0
92,-2359.0012924381253,-3300.6067662848222
93,-2326.0,-3243.0
94,-2318.9874377314486,-3228.660976881605
95,-2285.0,-3135.0
96,-2281.2738026714037,-3120.0510590450026
97,-2270.0,-3061.0
98,-2266.2208833517134,-3033.2831955726856
99,-2263.0,-2985.0
100,-2264.330661453435,-2890.9385643043947
101,-2266.0,-2868.0
102,-2286.411685255268,-2756.093541308317
103,-2292.0,-2736.0
104,-2307.379701559228,-2686.6050979067218
105,-2321.0,-2649.0
106,-2365.0,-2556.0
107,-2383.0,-2523.0
108,-2393.0573823724117,-2505.6084007976115
109,-2471.633051251513,-2390.274426021258
110,-2486.0,-2371.0
111,-2516.690944297712,-2331.262173226229
112,-2593.521298114946,-2239.1697947011417
113,-2601.0,-2230.0
114,-2651.0,-2167.0
115,-2676.0,-2132.0
116,-2710.642407076777,-2066.3510406742644
117,-2742.0,-1983.0
118,-2751.1125408770636,-1938.0473882417377
119,-2741.8578708812765,-1845.8980481357535
120,-2732.0,-1806.0
121,-2731.365717732579,-1803.5839694963352
122,-2717.0,-1758.0
123,-2715.8639194971906,-1754.9063062373466
124,-2680.0,-1672.0
125,-2643.522848387588,-1608.94936895223
126,-2580.7066652447857,-1511.9421029575144
127,-2566.0,-1490.0
128,-2536.3252170018677,-1448.3142997185298
129,-2494.0,-1400.0
130,-2480.4774443093215,-1384.841154960876
131,-2368.97664992579,-1261.0695349527648
132,-2357.0,-1248.0
133,-2314.0832242031624,-1203.9914654313836
134,-2274.778677883618,-1155.8447571064503
135,-2271.0,-1151.0
136,-2162.3296445146675,-1008.812817097571
137,-2140.0,-979.0
138,-2098.629796856596,-920.1618294330174
139,-2079.0,-890.0
140,-2006.6129248142008,-782.8573553003686
141,-1943.0,-693.0
142,-1903.6645446052842,-639.9596589953399
143,-1809.0,-518.0
144,-1800.678947856517,-507.4256736794408
145,-1769.9225168843282,-469.1123198267429
146,-1736.0,-430.0
147,-1681.7254305218473,-368.283036063975
148,-1646.0,-328.0
149,-1616.6169084723497,-295.8107500080736
150,-1598.0,-278.0
151,-1589.0074477257008,-269.77567853650874
152,-1545.0380293306632,-232.19349808611483
153,-1530.0,-222.0
154,-1510.5269098774572,-211.54211124303734
155,-1505.0,-209.0
156,-1461.0,-198.0
157,-1444.6207025342567,-198.8942422137128
158,-1369.0,-215.0
159,-1335.5184890065145,-229.8202650214206
160,-1310.0,-253.0
161,-1304.4427830302984,-258.1939187395834
162,-1275.9257035860762,-288.00075336942734
163,-1273.0,-292.0
164,-1250.6093224078456,-329.74883658027454
165,-1246.0,-340.0
166,-1230.1343188178857,-385.9604072923917
167,-1228.0,-393.0
168,-1220.0,-421.0
169,-1217.1554734048514,-432.26705771649875
170,-1209.0,-467.0
171,-1204.701742883574,-483.6579533018033
172,-1186.4523742247493,-550.3968332829605
173,-1176.0,-588.0
174,-1168.360498559972,-615.4104531389962
175,-1156.0,-652.0
176,-1149.5093623116536,-669.6148849206602
177,-1111.0,-770.0
178,-1079.0852666851692,-843.9429288661238
179,-1063.0,-876.0
180,-1046.684832761182,-906.8117877663905
181,-1030.0,-937.0
182,-986.0,-1006.0
183,-978.742300024768,-1015.3687696833622
184,-928.9336017443065,-1072.009960734502
185,-927.0,-1074.0
186,-900.6679880575288,-1098.0850584896862
187,-880.5258950601611,-1109.5863056820997
188,-867.0,-1116.0
189,-834.0,-1129.0
190,-831.98516854865,-1129.5385555626797
191,-796.8595829885983,-1132.5545562874552
192,-792.0,-1132.0
193,-770.0,-1126.0
194,-765.5570091603512,-1123.849698623248
195,-745.0,-1106.0
196,-738.4139363322475,-1094.7204130726275
197,-734.0,-1082.0
198,-730.0,-1052.0
199,-729.9191978864919,-1050.2981086374266
200,-731.3420698026152,-1024.2690427253501
201,-736.0,-1004.0
202,-742.7131675644732,-981.7768608816284
203,-747.0,-969.0
204,-750.9461067195775,-958.6538226953502
205,-755.0,-950.0
206,-757.7560101678569,-944.4421540436356
207,-772.045795119723,-917.625098224505
208,-776.0,-911.0
209,-792.8856037147399,-885.8267065157407
210,-798.0,-879.0
211,-802.0,-874.0
212,-804.3796034992206,-871.053068599557
213,-824.633170202873,-846.1752395023688
214,-839.0,-830.0
215,-863.0,-805.0
216,-874.6955311473357,-793.2190553172491
217,-891.0,-777.0
218,-892.4682693025911,-775.5217869402799
219,-919.0,-748.0
220,-937.0,-728.0
221,-947.6606581936152,-714.9919060276488
222,-993.9938626294488,-651.237588025596
223,-1012.0,-623.0
224,-1024.9192714844369,-591.4734339579672
225,-1027.0,-574.0
226,-1029.0,-527.0
227,-1025.909651185297,-505.5978015680142
228,-1022.0,-490.0
229,-998.0,-436.0
230,-994.2013380463957,-430.1028929467082
231,-957.0,-387.0
232,-951.6410555778807,-382.156977592175
233,-913.0,-352.0
234,-898.0,-341.0
235,-883.7515314144109,-331.7963671261783
236,-856.0,-316.0
237,-841.5442362796002,-308.19024590684137
238,-801.1196707771805,-288.2379382047597
239,-774.0,-276.0
240,-747.0717909798859,-264.1678605054293
241,-692.0,-241.0
242,-613.2693519917224,-212.10766522511256
243,-549.0,-191.0
244,-527.1740441520991,-183.77832859887633
245,-497.0,-179.0
246,-478.1955701790606,-176.94175103783243
247,-383.0,-169.0
248,-373.11362655085964,-168.57179224158028
249,-329.41401683144295,-179.39530508938023
250,-325.0,-182.0
251,-298.64570782810705,-198.00324650662233
252,-289.0,-205.0
253,-249.0,-254.0
254,-235.20644279811026,-282.3734126808309
255,-218.0,-324.0
256,-205.88573978437472,-358.84268114606056
257,-200.3591394563878,-388.9241292788026
258,-197.0,-411.0
259,-195.03942199890162,-423.96792571594415
260,-191.0,-453.0
261,-186.0,-519.0
262,-185.87136362888884,-522.4860912666885
263,-185.0,-567.0
264,-184.95979688368197,-571.0820689528009
265,-185.0,-619.0
266,-190.13914603650554,-719.7688913054375
267,-191.0,-730.0
268,-197.0,-791.0
269,-200.93850557980434,-828.8998650018975
270,-204.0,-857.0
271,-212.0,-925.0
272,-224.2873779885668,-1032.9012822396833
273,-235.0,-1129.0
274,-247.4733198539444,-1243.57396463601
275,-257.0,-1332.0
276,-259.43595903988825,-1354.3048493928002
277,-272.0,-1473.0
278,-276.9856005437672,-1527.5256652752241
279,-294.0,-1655.0
280,-337.0,-1853.0
281,-339.16054712748746,-1861.7828603995968
282,-380.5761247204356,-2003.0665551418065
283,-403.0,-2068.0
284,-432.2673104525982,-2152.1309240056153
285,-464.0,-2238.0
286,-505.96033705095397,-2347.7449521958274
287,-540.0,-2435.0
288,-568.7194313484059,-2505.8793056359314
289,-596.66757937747,-2569.7624005056127
290,-603.0,-2584.0
291,-673.4521474688547,-2738.7638709314056
292,-689.0,-2771.0
293,-748.0,-2882.0
294,-764.1906281288935,-2908.2510063780373
295,-865.8125678480667,-3058.6099663305363
296,-881.0,-3080.0
297,-959.5530220869066,-3176.183652291754
298,-1005.0,-3218.0
299,-1065.535936682908,-3274.258969465904
300,-1126.0,-3322.0
301,-1189.0349970956713,-3365.2283596156117
302,-1337.0,-3456.0
303,-1498.7900866178359,-3539.144404423206
304,-1608.0,-3586.0
305,-1682.7022956352469,-3620.677610171637
306,-1744.0,-3651.0
307,-1857.498417331531,-3708.0373790343574
308,-2029.0,-3795.0
309,-2061.259720506402,-3811.494542800217
310,-2168.0,-3866.0
311,-2187.2072526638985,-3875.5078881602235
312,-2299.7002805460206,-3930.2906127887823
313,-2320.0,-3940.0
314,-2498.4630963201967,-4022.538826409351
315,-2504.0,-4025.0
316,-2634.0,-4080.0
317,-2759.5650811798305,-4127.211038025793
318,-2932.0,-4188.0
319,-3011.7237404156667,-4213.443581543826
320,-3053.0,-4224.0
321,-3177.4798437590107,-4253.275499469109
322,-3341.809063006764,-4289.6940586622395
323,-3348.0,-4291.0
324,-3428.0297429455977,-4306.281659042823
325,-3504.0,-4315.0
326,-3601.35239124244,-4326.080550139619
327,-3716.0,-4339.0
328,-3801.5935451354444,-4348.059433278924
329,-3854.0,-4353.0
330,-3922.3531154453576,-4360.3610471462325
331,-3927.0,-4361.0
332,-4045.0,-4380.0
333,-4059.635954931881,-4382.465541160713
334,-4134.0,-4411.0
335,-4143.88302728583,-4422.199870142949
336,-4193.0,-4493.0
337,-4197.040025543295,-4499.856962644234
338,-4208.659115834089,-4524.960923686862
339,-4227.0,-4555.0
340,-4265.9451415301755,-4599.249623085058
341,-4284.0,-4618.0
342,-4294.119346637506,-4627.664467262879
343,-4311.1300205481075,-4635.437622364685
344,-4323.0,-4638.0
345,-4358.631224967531,-4645.453713254156
346,-4383.0,-4650.0
347,-4422.342739090185,-4653.50821880619
348,-4439.737715651064,-4650.664828184625
349,-4457.0,-4648.0
350,-4475.248870664975,-4645.268490444189
351,-4489.0,-4643.0
352,-4509.0,-4639.0
353,-4549.0,-4629.0
354,-4561.530625201907,-4625.874223714936
355,-4613.0,-4614.0
356,-4643.258574691409,-4608.0880060380405
357,-4685.0,-4602.0
358,-4709.0,-4600.0
359,-4712.539601587957,-4599.792108871668
360,-4805.910634642199,-4603.305188482694
361,-4820.0,-4605.0
362,-4923.110689462565,-4619.898889274831
363,-4937.0,-4622.0
364,-4980.579930284621,-4628.611841965329
365,-5030.0,-4636.0
366,-5076.769111249082,-4642.886778136946
367,-5201.552944657267,-4661.078711173605
368,-5215.0,-4663.0
369,-5304.0,-4675.0
370,-5380.77085236925,-4684.87536279759
371,-5429.0,-4691.0
372,-5487.9278899052215,-4698.375305116306
373,-5525.0,-4703.0
374,-5578.921884098644,-4709.748742800094
375,-5705.0,-4725.0
376,-5721.242384244571,-4726.785344571592
377,-5809.0,-4736.0
378,-5826.603589156373,-4737.983564534057
379,-5905.0,-4747.0
380,-6025.532359856799,-4759.024245665094
381,-6101.0,-4766.0
382,-6186.532022115665,-4773.441109186699
383,-6194.0,-4774.0
384,-6406.0,-4788.0
385,-6447.9614107680445,-4790.793344175509
386,-6537.775969687216,-4797.218138745691
387,-6591.996409697976,-4803.9110144291435
388,-6622.0,-4810.0
389,-6660.5887366453935,-4820.253218481585
390,-6731.887785873724,-4849.336032393491
391,-6750.0,-4860.0
392,-6789.0,-4887.0
393,-6837.267530463941,-4927.773409106785
394,-6891.579999472629,-4984.111044297075
395,-6913.0,-5009.0
396,-6940.390510959087,-5043.458152729634
397,-6976.0,-5093.0
398,-7014.3337308093705,-5152.82605270799
399,-7032.0,-5184.0
400,-7075.562156979717,-5270.4090954572075
401,-7081.0,-5282.0
402,-7093.0,-5310.0
403,-7131.018750701963,-5427.481756521684
404,-7170.0,-5562.0
405,-7177.334084737268,-5592.942050459091
406,-7181.0,-5618.0
407,-7184.703591863414,-5640.427781407788
408,-7201.0,-5743.0
409,-7210.946846084646,-5836.388396049633
410,-7218.147105024135,-5953.315275501007
411,-7219.0,-5969.0
412,-7221.770314083232,-6043.532170463587
413,-7220.0,-6079.0
414,-7201.5278563839265,-6228.639265728271
415,-7195.0,-6269.0
416,-7178.156826364639,-6341.550403083051
417,-7135.0,-6389.0
418,-7013.0,-6526.0
419,-7008.723312882703,-6532.660537592987
420,-6969.0,-6618.0
421,-6902.816717548089,-6816.156787110627
422,-6901.0,-6822.0
423,-6860.569482445277,-6959.901296927278
424,-6834.7667199919015,-7066.850010405724
425,-6831.0,-7084.0
426,-6796.630387177751,-7257.130774206664
427,-6789.0,-7302.0
428,-6771.0,-7432.0
429,-6760.0,-7527.0
430,-6757.637287351649,-7547.184714552975
431,-6750.0,-7644.0
432,-6747.306193951319,-7700.658062058049
433,-6745.0,-7758.0
434,-6745.497417980682,-7881.210316847499
435,-6762.0,-7913.0
436,-6764.616636319264,-7917.6569149984025
437,-6790.9794401709505,-7960.990447038394
438,-6813.0,-7985.0
439,-6884.0,-8065.0
440,-6889.056684215898,-8080.445716594637
441,-6898.0,-8200.0
442,-6895.4043591187265,-8249.952623193925
443,-6885.906397021066,-8301.221015850337
444,-6878.0,-8336.0
445,-6867.4513610627955,-8382.307786171323
446,-6852.986172348372,-8436.193519274884
447,-6850.0,-8446.0
448,-6830.0,-8507.0
449,-6828.315160539886,-8511.770485798994
450,-6804.004964386738,-8575.670929620044
451,-6790.0,-8610.0
452,-6762.0,-8674.0
453,-6746.282320077277,-8706.1976399655
454,-6691.0,-8807.0
455,-6646.887426624402,-8875.083909210558
456,-6598.8114390895025,-8940.491909730377
457,-6579.0,-8966.0
458,-6540.317344950076,-9013.347265839564
459,-6455.0,-9101.0
460,-6434.939841609229,-9118.11799407665
461,-6407.0,-9140.0
462,-6348.444837942127,-9178.439237172699
463,-6336.0,-9186.0
464,-6217.0,-9253.0
465,-6212.02256498811,-9255.699719377779
466,-6115.9075168086265,-9307.542070830988
467,-6099.0,-9317.0
468,-5994.0,-9389.0
469,-5987.879964190388,-9395.417187397767
470,-5940.013266295084,-9469.725502090394
471,-5933.0,-9488.0
472,-5930.0,-9548.0
473,-5930.16499245235,-9549.456199074571
474,-5931.0,-9556.0
475,-5941.0,-9604.0
476,-5942.736408967401,-9609.748061038665
477,-5960.0,-9647.0
478,-5969.74217958208,-9660.948253024078
479,-6002.0,-9698.0
480,-6003.760465107126,-9699.682485974141
481,-6047.436803767009,-9725.268912875537
482,-6061.0,-9730.0
483,-6067.550494487378,-9732.221164984036
484,-6103.0,-9743.0
485,-6125.420563035782,-9748.642420356004
486,-6136.0,-9751.0
487,-6160.865015247002,-9755.71169135703
488,-6200.0,-9761.0
489,-6216.351819748921,-9762.43986647301
490,-6237.0,-9764.0
491,-6311.0,-9770.0
492,-6333.100923697226,-9770.967691806567
493,-6368.0,-9772.0
494,-6411.570856143776,-9773.092284765982
495,-6459.0,-9773.0
496,-6474.592404549181,-9772.327910466141
497,-6506.0,-9770.0
498,-6551.0,-9765.0
499,-6577.041074556512,-9761.212140733542
500,-6601.0,-9757.0
501,-6649.0,-9745.0
502,-6673.229703968172,-9735.804868279616
503,-6683.0,-9731.0
504,-6744.0,-9680.0
505,-6750.219373036123,-9671.469299174873
506,-6761.0,-9653.0
507,-6773.15667579199,-9627.028576240193
508,-6786.0,-9590.0
509,-6790.4140828146465,-9574.07733031115
510,-6805.0,-9512.0
511,-6813.965437216297,-9470.460991920017
512,-6824.0,-9424.0
513,-6824.853817474659,-9420.2138092698
514,-6846.0,-9341.0
515,-6858.271122433374,-9309.598889855275
516,-6922.72973827462,-9184.494770411438
517,-6935.0,-9163.0
518,-6956.020628995667,-9129.436004765219
519,-6979.0,-9097.0
520,-7014.140555645899,-9047.041624744921
521,-7035.0,-9017.0
522,-7075.428341440132,-8957.652779347327
523,-7095.0,-8928.0
524,-7139.01371634849,-8855.265031976494
525,-7147.0,-8840.0
526,-7218.649694039587,-8684.858008548083
527,-7241.0,-8633.0
528,-7258.467027659471,-8588.243344331278
529,-7269.0,-8557.0
530,-7300.030893664188,-8467.20642162677
531,-7315.0,-8422.0
532,-7394.0,-8161.0
533,-7396.070797160385,-8153.864043010888
534,-7418.612352886004,-8074.591683579125
535,-7438.42550857101,-8002.492536493261
536,-7446.0,-7975.0
537,-7478.0,-7859.0
538,-7500.122046465346,-7778.1894101405505
539,-7513.0,-7728.0
540,-7561.701159376202,-7522.916634486261
541,-7567.0,-7500.0
542,-7588.44739328995,-7404.969954522881
543,-7608.0,-7261.0
544,-7623.433443838291,-7122.508635275893
545,-7632.0,-7043.0
546,-7642.1675308663225,-6943.000385915006
547,-7647.284920247622,-6859.378377213658
548,-7649.0,-6830.0
549,-7654.408230854318,-6739.903905111762
1,-7677.409258557038,-6380.7226089210335
2,-7678.0,-6353.0
3,-7670.0,-6008.0
4,-7669.673255585591,-5999.750865819644
5,-7665.482685097994,-5926.49279552952
6,-7661.0,-5882.0
7,-7632.79476752608,-5622.286687721898
8,-7628.0,-5584.0
9,-7610.99197172407,-5477.174551188985
10,-7606.0,-5451.0
11,-7580.359009526328,-5323.978992456037
12,-7568.0,-5267.0
13,-7547.78251416078,-5181.73342547572
14,-7537.0,-5140.0
15,-7491.0,-4975.0
16,-7482.212621273759,-4945.7590567286115
17,-7460.209367071927,-4879.0331452400105
18,-7438.796967280038,-4822.9973458672575
19,-7438.0,-4821.0
20,-7423.727656695517,-4786.617840864772
21,-7393.0,-4733.0
22,-7391.046422366697,-4730.400145978358
23,-7354.0,-4690.0
24,-7313.0,-4664.0
25,-7298.319055597018,-4656.822195300222
26,-7241.0,-4635.0
27,-7237.231212827197,-4633.838005767816
28,-7177.0,-4619.0
29,-7118.0,-4609.0
30,-7094.352121649401,-4605.26539458538
31,-7063.0,-4601.0
32,-6997.0,-4595.0
33,-6951.4382198198855,-4591.201344696992
34,-6927.0,-4589.0
35,-6809.8364485013835,-4578.309223677096
36,-6806.0,-4578.0
37,-6742.0,-4573.0
38,-6691.857509376457,-4567.581072589493
39,-6687.0,-4567.0
40,-6478.0,-4539.0
41,-6452.572999801531,-4535.111775884087
42,-6380.538658013506,-4520.952793185974
43,-6353.0,-4515.0
44,-6266.0,-4496.0
45,-6192.118344877726,-4477.901400184766
46,-6133.0,-4463.0
47,-6064.218043699428,-4446.332797989231
48,-5984.0,-4427.0
49,-5750.704751379294,-4369.188743727383
50,-5746.0,-4368.0
51,-5672.2770481509215,-4348.933607816987
52,-5622.183762138908,-4335.674272234575
53,-5587.0,-4327.0
54,-5550.0,-4318.0
55,-5452.3711265278525,-4292.551423192891
56,-5384.0,-4275.0
57,-5246.429580363732,-4244.06854791572
58,-5215.0,-4238.0
59,-5087.385497857362,-4217.676128913039
60,-5082.0,-4217.0
61,-4978.597746082832,-4206.610785831897
62,-4960.0,-4205.0
63,-4793.0,-4190.0
64,-4729.366007605308,-4181.32819411443
65,-4592.0,-4152.0
66,-4544.667316392104,-4136.718748338786
67,-4462.0,-4104.0
68,-4414.535309435395,-4082.6395837041537
69,-4329.0,-4041.0
70,-4227.5289445208355,-3989.567618191597
71,-4184.0,-3967.0
72,-4145.0,-3947.0
73,-4034.7312967365224,-3898.327795715235
74,-3875.0,-3834.0
75,-3865.619887408866,-3830.3422189365765
76,-3793.255727170982,-3804.4571473813758
77,-3735.0,-3791.0
78,-3690.604649722311,-3780.4001747293014
79,-3590.0,-3758.0
80,-3527.1352124556033,-3746.4025217217495
81,-3377.0,-3724.0
82,-3291.080130031641,-3714.3914853282977
83,-3241.0,-3709.0
84,-3172.4390029544725,-3700.831937561742
85,-3095.0,-3691.0
86,-2989.3478207398616,-3677.4723435615247
87,-2875.951023036767,-3649.2713688772405
88,-2869.0,-3647.0
89,-2718.845186371227,-3590.6794566352382
90,-2665.0,-3569.0
91,-2603.9519474783297,-3540.4279557789514
92,-2575.0,-3516.0
93,-2552.1249794057258,-3496.731628423673
94,-2434.1669909374978,-3395.934599802125
95,-2421.0,-3384.0
96,-2369.399816566264,-3331.166936616538
97,-2336.0,-3263.0
98,-2316.5428071241013,-3214.849142985544
99,-2278.0,-3108.0
100,-2266.453928946171,-3043.436375024719
101,-2265.0,-3023.0
102,-2260.620239986837,-2955.3850773971812
103,-2263.0,-2908.0
104,-2294.2316870271925,-2728.5260449925836
105,-2295.0,-2725.0
106,-2304.593570710745,-2689.1489489155347
107,-2315.0,-2666.0
108,-2325.1535965510457,-2642.333266519787
109,-2357.159261323812,-2571.6166491976423
110,-2359.0,-2568.0
111,-2409.0,-2481.0
112,-2425.49791008626,-2454.974621401163
113,-2445.0,-2426.0
114,-2482.5102206747224,-2375.0203211598673
115,-2534.2313036751507,-2310.3897379463847
116,-2537.0,-2307.0
117,-2623.5451764300865,-2202.6344730671376
118,-2640.0,-2183.0
119,-2672.1932905078907,-2144.8175713971063
120,-2687.0,-2115.0
121,-2734.081154797361,-1997.5383770042986
122,-2744.0,-1969.0
123,-2752.926674614745,-1933.7349290453153
124,-2748.0,-1895.0
125,-2738.578830952246,-1841.2047966367863
126,-2727.0,-1787.0
127,-2704.0,-1725.0
128,-2676.2157320108176,-1670.0920240482426
129,-2609.0,-1550.0
130,-2558.4355826646974,-1475.1791987357717
131,-2517.227193378154,-1427.71162094793
132,-2500.0,-1408.0
133,-2473.6374301706196,-1377.0238642414392
134,-2462.0,-1364.0
135,-2389.954988302646,-1286.5197014389155
136,-2347.0,-1238.0
137,-2251.7160720176203,-1127.1074170600632
138,-2228.0,-1099.0
139,-2180.842481299725,-1036.3972715343857
140,-2175.0,-1028.0
141,-2110.0,-936.0
142,-2078.7461167049064,-889.7264009950679
143,-2024.0,-807.0
144,-1987.2271656555884,-753.6844559456389
145,-1968.0,-727.0
146,-1910.424162685999,-649.9105170836644
147,-1819.0,-531.0
148,-1806.0740279274335,-514.4218912050244
149,-1723.1289136646187,-415.53271353677997
150,-1721.0,-413.0
151,-1695.0,-382.0
152,-1652.0323164658976,-333.9407241872264
153,-1635.0,-316.0
154,-1566.7370286068835,-249.49123089237398
155,-1565.0,-248.0
156,-1515.2449933342375,-213.620140258243
157,-1482.1877968985464,-201.27972015869898
158,-1481.0,-201.0
159,-1469.0,-199.0
160,-1420.0,-199.0
161,-1417.2750287066133,-199.37477086920302
162,-1383.2277265325235,-208.62273371829508
163,-1362.0,-218.0
164,-1344.7680863902388,-227.4192388703902
165,-1333.0,-235.0
166,-1318.0674300452883,-246.413620052088
167,-1305.0,-258.0
168,-1278.830569751702,-285.50523785180013
169,-1273.0,-293.0
170,-1251.0,-331.0
171,-1247.0856014869294,-340.1739303434804
172,-1230.0,-386.0
173,-1217.2213153368336,-427.0334041608922
174,-1205.0,-481.0
175,-1200.2420779924062,-499.9739030537007
176,-1186.0,-554.0
177,-1177.2906728664468,-584.0854239736263
178,-1146.6283011434161,-677.5062435947639
179,-1137.0,-705.0
180,-1123.355050663828,-742.2112634524279
181,-1104.98616980007,-786.378260270558
182,-1095.0,-809.0
183,-1081.0,-840.0
184,-1058.0553937804787,-886.5721607027955
185,-1024.0,-947.0
186,-1018.0287306303801,-956.9191104339818
187,-996.0,-990.0
188,-979.0434355276695,-1013.3337552042888
189,-954.0,-1045.0
190,-935.0,-1065.0
191,-911.5117866185492,-1085.9778346860555
192,-892.0,-1101.0
193,-870.8605686744927,-1114.1732962198223
194,-844.0,-1125.0
195,-838.6248088796813,-1126.4877248440328
196,-802.0,-1132.0
197,-782.3899043592379,-1129.8492135098438
198,-774.0,-1127.0
199,-759.0,-1119.0
200,-747.0667280021413,-1106.0768868461103
201,-745.0,-1103.0
202,-736.8707206555565,-1087.4504424865443
203,-734.0,-1079.0
204,-731.0,-1053.0
205,-731.5372337868337,-1040.7907551052201
206,-734.8888693920529,-1013.9377182516391
207,-735.0,-1013.0
208,-736.0,-1005.0
209,-741.9191475406615,-982.9925108295271
210,-744.0,-977.0
211,-758.5578477003576,-940.9062365419336
212,-763.0,-932.0
213,-776.3155035344153,-909.0735809133429
214,-777.0,-908.0
215,-790.0,-889.0
216,-791.3466108295404,-887.1773477071796
217,-808.0,-866.0
218,-828.953697249465,-840.9041225810462
219,-836.0,-833.0
220,-868.9392336102729,-798.1541536742693
221,-873.0,-794.0
222,-894.0,-773.0
223,-912.4319057566762,-753.9163891574929
224,-958.0,-704.0
225,-986.0,-669.0
226,-998.99988468633,-649.6605252891967
227,-1017.0,-609.0
228,-1027.285047038038,-557.3127171451569
229,-1029.0,-543.0
230,-1027.7020932500325,-507.70177805552197
231,-1022.0,-489.0
232,-1017.7224553510816,-476.3452397694078
233,-999.0,-437.0
234,-997.1196043931438,-434.25495079640825
235,-964.5043229005737,-395.7840187507831
236,-947.0,-378.0
237,-914.8195382772795,-351.8515717359537
238,-894.0,-339.0
239,-885.1787920871511,-333.60551680616084
240,-851.0,-314.0
241,-832.895664031893,-304.55414482521326
242,-794.0,-285.0
243,-759.0,-269.0
244,-739.7135877070187,-261.0127240800759
245,-658.0,-228.0
246,-619.2463568780336,-212.63339627631407
247,-577.8946967512188,-198.21086517359333
248,-540.0,-189.0
249,-522.1968770317372,-184.99590425981876
250,-458.0,-172.0
251,-425.52261664175063,-167.7220125414495
252,-391.13189410018805,-167.73427907217925
253,-372.0,-170.0
254,-346.3614203051439,-175.0876063675976
255,-331.0,-180.0
256,-304.44263778250956,-193.82484511532778
257,-292.0,-203.0
258,-261.0,-236.0
259,-259.3200071289461,-238.28499464014118
260,-241.3956866128546,-268.81034394729915
261,-236.0,-281.0
262,-210.0,-353.0
263,-209.00239253095305,-356.05730818420955
264,-198.8304867673573,-400.0486194332009
265,-198.0,-406.0
266,-188.0,-487.0
267,-187.70614379647435,-489.8977501007897
268,-185.15935082659036,-539.8456601405076
269,-185.0,-551.0
270,-185.0,-629.0
271,-185.38470448332765,-640.1343563291896
272,-189.0,-700.0
273,-192.32436930958718,-743.4276356282807
274,-197.0,-793.0
275,-200.05266734671116,-821.1715945618228
276,-213.63393568776632,-935.8647917269207
277,-214.0,-939.0
278,-223.67719112626332,-1028.0000540576061
279,-224.0,-1031.0
280,-241.98297514113278,-1195.4347242937283
281,-248.0,-1251.0
282,-252.623759004957,-1295.0390455135876
283,-256.0,-1326.0
284,-265.0379077507061,-1404.546025023485
285,-272.0,-1469.0
286,-275.0754187606037,-1500.1811264257635
287,-286.17693634569093,-1601.388726052982
288,-287.0,-1607.0
289,-308.29691848584906,-1724.947012999923
290,-334.0,-1842.0
291,-349.1494973034996,-1898.6477814811226
292,-362.0,-1939.0
293,-370.3327680238589,-1964.8999601907506
294,-418.0,-2110.0
295,-420.57896576864175,-2117.591788154286
296,-455.19293474277094,-2216.073556949584
297,-457.0,-2221.0
298,-490.0,-2308.0
299,-522.4245012365874,-2390.7071796706987
300,-555.0,-2471.0
301,-584.5203595765203,-2541.0460046435305
302,-603.0,-2584.0
303,-654.0,-2699.0
304,-663.2904434007409,-2718.8427853734174
305,-711.9380088390844,-2816.221621529193
306,-737.0,-2862.0
307,-795.0618737746257,-2960.4912579502015
308,-809.0,-2982.0
309,-896.7198494638588,-3100.05430388209
310,-930.0,-3140.0
311,-1032.0,-3243.0
312,-1052.6299228024063,-3260.385602524604
313,-1229.0,-3394.0
314,-1237.633962123102,-3399.9215586247255
315,-1413.0,-3494.0
316,-1443.6947712643337,-3508.504996823889
317,-1550.0,-3559.0
318,-1599.1641432068209,-3582.5333648610263
319,-1768.8741934452444,-3664.227924179699
320,-1822.0,-3690.0
321,-1888.906175608606,-3723.3005894553203
322,-1931.0,-3745.0
323,-2072.0,-3817.0
324,-2081.6311347731653,-3821.867034111021
325,-2230.0,-3896.0
326,-2308.3885100112543,-3934.91686596385
327,-2356.0,-3958.0
328,-2448.8899982830394,-4001.094913274903
329,-2593.640756228795,-4063.58487400427
330,-2614.0,-4072.0
331,-2747.0,-4124.0
332,-2945.88182714288,-4191.765185255374
333,-2971.0,-4200.0
334,-3074.136528968136,-4232.011547968659
335,-3155.0,-4251.0
336,-3222.2865120852675,-4266.387494694518
337,-3276.0,-4278.0
338,-3432.240669000028,-4305.749212010582
339,-3491.0,-4314.0
340,-3577.0,-4324.0
341,-3630.639921466801,-4329.882544689807
342,-3679.0,-4335.0
343,-3757.268748370744,-4342.6748661893835
344,-3790.0,-4346.0
345,-3913.0,-4360.0
346,-3917.717136100722,-4360.5164902981205
347,-3984.0,-4369.0
348,-4019.378988265972,-4376.232552575852
349,-4099.0,-4396.0
350,-4124.449476400971,-4407.4525394212405
351,-4130.0,-4413.0
352,-4160.2999919851745,-4442.568996077081
353,-4166.0,-4449.0
354,-4212.0,-4530.0
355,-4213.387421520916,-4532.604260444788
356,-4243.0,-4578.0
357,-4259.0988952205735,-4595.120034192999
358,-4292.0,-4624.0
359,-4316.563905052084,-4639.573222542892
360,-4351.182107010741,-4647.174429566429
361,-4372.0,-4649.0
362,-4383.68498305609,-4649.922247227782
363,-4433.0,-4651.0
364,-4439.419496195159,-4650.515741503704
365,-4469.0,-4647.0
366,-4486.603816743365,-4644.189018193289
367,-4502.0,-4641.0
368,-4573.474157158939,-4622.596562877358
369,-4596.0,-4617.0
370,-4650.969193232953,-4605.844696977669
371,-4693.0,-4601.0
372,-4715.42928516346,-4599.594828357222
373,-4756.0,-4600.0
374,-4780.583997078666,-4601.549074616643
375,-4820.0,-4605.0
376,-4862.66539646469,-4610.243013117491
377,-4937.0,-4622.0
378,-4970.0,-4627.0
379,-5028.182940432178,-4635.791260963963
380,-5076.0,-4643.0
381,-5150.0,-4654.0
382,-5213.925690445623,-4662.930711121398
383,-5314.613877995489,-4676.246404454771
384,-5328.0,-4678.0
385,-5412.0,-4689.0
386,-5460.594900290439,-4695.432482600075
387,-5465.0,-4696.0
388,-5607.851885741127,-4712.935849295028
389,-5678.0,-4721.0
390,-5710.196344178665,-4724.775762617222
391,-5783.0,-4733.0
392,-5907.060629475802,-4746.208061555618
393,-6000.0,-4756.0
394,-6065.525434295086,-4762.89670427153
395,-6091.068781102741,-4765.292686350498
396,-6112.0,-4767.0
397,-6203.992521046743,-4774.3155096409755
398,-6284.0,-4780.0
399,-6430.953224816548,-4789.119314161576
400,-6462.0,-4791.0
401,-6514.1186129494145,-4794.455621211376
402,-6536.0,-4797.0
403,-6631.0,-4812.0
404,-6653.6714838431935,-4816.898499602315
405,-6712.643461644312,-4835.871329557691
406,-6760.0,-4866.0
407,-6809.6098563761425,-4906.409699712068
408,-6887.0,-4978.0
409,-6905.150078130855,-4996.103558963883
410,-6953.0,-5060.0
411,-6969.4977457751975,-5083.7189998363065
412,-7012.0,-5149.0
413,-7088.311150928993,-5298.608705912392
414,-7095.0,-5313.0
415,-7116.874905626479,-5363.46667311694
416,-7140.0,-5441.0
417,-7159.132957613495,-5516.928060705144
418,-7181.0,-5615.0
419,-7205.225649288962,-5778.852195434198
420,-7213.413190676711,-5870.835139985831
421,-7216.0,-5902.0
422,-7220.6494963248015,-5971.13373914074
423,-7221.0,-6025.0
424,-7220.802505989093,-6042.600042215432
425,-7218.0,-6123.0
426,-7213.693927916031,-6168.89295490455
427,-7182.587052179233,-6305.172519966754
428,-7181.0,-6309.0
429,-7113.0,-6415.0
430,-7055.419519799447,-6490.418908148288
431,-6973.0,-6607.0
432,-6918.023087235367,-6745.570790354771
433,-6900.0,-6826.0
434,-6888.360715858594,-6873.729817856155
435,-6860.5277313505485,-6978.177629429039
436,-6818.0,-7143.0
437,-6796.352455363729,-7255.877500563078
438,-6785.0,-7327.0
439,-6778.6247761234445,-7369.327323265236
440,-6775.0,-7397.0
441,-6752.0,-7617.0
442,-6751.229450599434,-7625.4183518839145
443,-6744.85480405092,-7764.561307454016
444,-6745.0,-7772.0
445,-6746.463529669591,-7822.152937215424
446,-6755.0,-7888.0
447,-6773.0,-7937.0
448,-6787.353320370467,-7956.533115314309
449,-6837.0,-8004.0
450,-6886.0,-8070.0
451,-6890.091723764271,-8080.604615164037
452,-6899.0,-8152.0
453,-6899.295291205266,-8174.74440335343
454,-6895.0,-8230.0
455,-6877.0,-8338.0
456,-6873.3878884819405,-8355.582613940009
457,-6843.000527126119,-8465.713832588188
458,-6839.0,-8479.0
459,-6831.518969240283,-8504.738211659254
460,-6804.377173946931,-8577.814252280501
461,-6798.0,-8592.0
462,-6743.502172580049,-8708.000528314276
463,-6717.0,-8762.0
464,-6692.122263517515,-8809.580430012047
465,-6661.915965927124,-8854.021878625812
466,-6648.0,-8874.0
467,-6595.972654752011,-8945.213464909657
468,-6592.0,-8950.0
469,-6495.347889248849,-9060.192500802572
470,-6491.0,-9065.0
471,-6440.127739137044,-9118.347569133153
472,-6401.0,-9144.0
473,-6396.725799725156,-9146.789093295969
474,-6318.0,-9197.0
475,-6252.510895815881,-9234.741222197423
476,-6124.0,-9303.0
477,-6115.983217971459,-9307.174943988564
478,-6094.0,-9319.0
479,-6075.733111269247,-9330.102987693981
480,-6022.0,-9366.0
481,-6014.808510840219,-9371.664076981944
482,-5991.0,-9393.0
483,-5958.0,-9432.0
484,-5947.658348161933,-9449.838511119615
485,-5931.0,-9499.0
486,-5929.999725411588,-9505.324441802528
487,-5929.700453888446,-9542.066799265227
488,-5931.0,-9554.0
489,-5939.92079876842,-9596.919965411864
490,-5941.0,-9601.0
491,-5952.0,-9631.0
492,-5953.225173558113,-9633.258724957057
493,-5988.89046077946,-9685.63355215422
494,-5990.0,-9687.0
495,-6011.249435224083,-9707.141842793555
496,-6029.0,-9716.0
497,-6056.07206512316,-9727.441454641246
498,-6089.0,-9739.0
499,-6115.571687259884,-9746.742766118175
500,-6153.0,-9755.0
501,-6169.250191677178,-9757.778531592063
502,-6218.0,-9764.0
503,-6272.322785616589,-9767.815842850528
504,-6315.0,-9770.0
505,-6395.771125461075,-9772.926104836173
506,-6446.0,-9773.0
507,-6486.828977188688,-9771.604784578101
508,-6516.0,-9769.0
509,-6574.0,-9761.0
510,-6587.554136045515,-9759.041692337727
511,-6635.2051110676975,-9749.607841494904
512,-6637.0,-9749.0
513,-6650.0,-9744.0
514,-6678.274733810427,-9732.08123804418
515,-6709.293904611148,-9714.679063687054
516,-6714.0,-9711.0
517,-6739.0,-9685.0
518,-6751.281497847051,-9668.121423900468
519,-6768.0,-9639.0
520,-6772.936779647288,-9628.47432971677
521,-6784.0,-9598.0
522,-6787.047885392815,-9587.390407388355
523,-6806.0,-9508.0
524,-6816.94160268672,-9455.817465309994
525,-6827.0,-9410.0
526,-6841.511820748601,-9353.540289697883
527,-6849.0,-9331.0
528,-6854.0,-9318.0
529,-6911.721135201502,-9201.186630411205
530,-6913.0,-9199.0
531,-6975.0,-9103.0
532,-6998.5593833477715,-9069.22096131983
533,-7024.0,-9033.0
534,-7065.76195903865,-8972.801703207386
535,-7095.0,-8929.0
536,-7120.216565722431,-8887.208379993042
537,-7126.0,-8877.0
538,-7184.532511803687,-8764.881638712748
539,-7203.0,-8724.0
540,-7252.478267376605,-8603.780553291346
541,-7259.0,-8587.0
542,-7294.0,-8486.0
543,-7295.62832213666,-8480.905468401257
544,-7442.0,-7991.0
545,-7447.639587480273,-7970.761777029601
546,-7477.0,-7863.0
547,-7526.711722155287,-7670.947719023218
548,-7538.0,-7625.0
549,-7562.934432368715,-7517.4780390467495
550,-7572.0,-7474.0
551,-7598.603195727268,-7326.0032565652145
552,-7610.0,-7248.0
553,-7629.0,-7075.0
554,-7629.815388083938,-7066.277534762583
555,-7633.0,-7031.0
556,-7640.143895581649,-6942.5982069046295
557,-7649.0,-6818.0
558,-7656.3974123677135,-6705.573276548226
1,-7679.239325038884,-6360.24802081861
2,-7681.0,-6279.0
3,-7679.0,-6178.0
4,-7670.641333307696,-6031.029474158355
5,-7658.0,-5851.0
6,-7647.734489814306,-5724.416473000429
7,-7637.642183741442,-5645.125092389061
8,-7628.0,-5583.0
9,-7612.429392485854,-5488.266759854915
10,-7603.0,-5436.0
11,-7589.0,-5366.0
12,-7579.098604377707,-5318.848074741948
13,-7558.0,-5224.0
14,-7551.120298236316,-5195.164940053181
15,-7529.663785943561,-5111.960553858692
16,-7518.0,-5069.0
17,-7499.223383054426,-5002.224460867505
18,-7498.0,-4998.0
19,-7469.0,-4904.0
20,-7451.0,-4853.0
21,-7444.481048924537,-4835.7424419176
22,-7421.833463468831,-4783.507112469383
23,-7420.0,-4780.0
24,-7360.0,-4695.0
25,-7335.810902485798,-4674.682639164097
26,-7293.0,-4655.0
27,-7289.975316483058,-4653.793913989752
28,-7239.0,-4635.0
29,-7202.4495593883,-4624.058241753413
30,-7170.0,-4617.0
31,-7152.266982576393,-4613.81909146354
32,-7052.0,-4600.0
33,-6986.369793691201,-4593.569182384274
34,-6915.0,-4588.0
35,-6837.047600207153,-4581.418665304393
36,-6757.0,-4574.0
37,-6660.048303889471,-4563.523194557373
38,-6574.0,-4553.0
39,-6548.286977249826,-4549.712482755186
40,-6543.0,-4549.0
41,-6366.0,-4517.0
42,-6360.7290059000625,-4515.936195878299
43,-6280.0,-4499.0
44,-6186.206478533889,-4476.530857733566
45,-6180.0,-4475.0
46,-6095.011320893119,-4453.8995638463275
47,-6067.0,-4447.0
48,-5981.035632823338,-4426.13499819602
49,-5964.0,-4422.0
50,-5865.363897237025,-4397.821372154331
51,-5846.0,-4393.0
52,-5627.1243389705705,-4337.385701836354
53,-5579.0,-4325.0
54,-5481.710718858156,-4299.732501153486
55,-5403.816375407341,-4279.706729401995
56,-5389.0,-4276.0
57,-5318.895012330155,-4259.448616675636
58,-5312.0,-4258.0
59,-5075.0,-4216.0
60,-5039.027822007227,-4210.952103010982
61,-4947.017842815589,-4203.897360276177
62,-4882.0,-4199.0
63,-4779.859061088978,-4187.7677675719315
64,-4717.0,-4179.0
65,-4597.0,-4153.0
66,-4519.884638047484,-4125.346931673865
67,-4369.435183585408,-4060.627496704837
68,-4346.0,-4050.0
69,-4247.002563254697,-4001.7390488458223
70,-4136.0,-3943.0
71,-4056.0,-3906.0
72,-3956.7979003124087,-3866.9241545212058
73,-3791.35937492334,-3809.151870686613
74,-3739.0,-3792.0
75,-3624.0,-3765.0
76,-3593.533201827429,-3759.581336177319
77,-3440.0,-3734.0
78,-3362.4118426276236,-3723.5196328508487
79,-3285.0,-3714.0
80,-3107.4598720358485,-3692.5940024492074
81,-3087.0,-3690.0
82,-2931.0,-3662.0
83,-2761.901379470103,-3612.474811674941
84,-2754.0,-3610.0
85,-2674.673300299008,-3575.046013239932
86,-2667.0,-3570.0
87,-2523.0,-3478.0
88,-2491.4161297347273,-3452.3790516883982
89,-2455.0,-3419.0
90,-2405.5025368790584,-3366.8211511285267
91,-2378.0,-3330.0
92,-2345.3609689788323,-3276.410453690179
93,-2301.0,-3184.0
94,-2271.3057600643847,-3077.943823687101
95,-2263.0,-2992.0
96,-2262.0058601980363,-2963.6330831096366
97,-2302.963720969408,-2701.1632967498
98,-2310.0,-2681.0
99,-2328.0816142958633,-2634.3217748767274
100,-2357.0,-2571.0
101,-2395.5473002794333,-2502.027302988162
102,-2398.0,-2498.0
103,-2451.0,-2418.0
104,-2482.6089583390594,-2375.5098998600006
105,-2497.0,-2357.0
106,-2551.907037801552,-2289.78501565981
107,-2569.0,-2269.0
108,-2646.364596579362,-2173.14107611874
109,-2671.0,-2140.0
110,-2695.489887296945,-2103.2776563044463
111,-2731.568873571786,-2020.9204104377375
112,-2734.0,-2013.0
113,-2747.7524922522375,-1903.115638515255
114,-2747.0,-1893.0
115,-2737.798526941617,-1829.7366406255685
116,-2737.0,-1826.0
117,-2715.0,-1753.0
118,-2710.91323044173,-1742.4583699197499
119,-2677.7667630673177,-1669.574506803181
120,-2676.0,-1666.0
121,-2647.305784387517,-1611.9118580317006
122,-2645.0,-1608.0
123,-2614.0,-1559.0
124,-2581.4988508509027,-1512.491249820499
125,-2570.0,-1497.0
126,-2529.451686182347,-1444.175964254818
127,-2510.0,-1420.0
128,-2440.9625096041154,-1341.7634347001651
129,-2337.403197931961,-1227.0957649633124
130,-2333.0,-1222.0
131,-2227.7794788564943,-1097.2450167299503
132,-2202.0,-1065.0
133,-2136.8191186662116,-977.3036286011431
134,-2068.728901876292,-873.6651648731599
135,-2063.0,-865.0
136,-2026.0,-811.0
137,-2012.45838155204,-791.4203867108864
138,-1952.0,-705.0
139,-1941.261589742584,-690.1375203824442
140,-1875.0,-602.0
141,-1871.9408989188692,-598.0512509812731
142,-1805.6852085522619,-514.8084079197306
143,-1784.0,-488.0
144,-1724.0,-415.0
145,-1705.8807058010818,-394.13625926174143
146,-1679.0,-364.0
147,-1667.3543437096048,-350.97063588683307
148,-1632.8186437258823,-313.0908470792869
149,-1621.0,-301.0
150,-1579.476919131479,-261.24159349393466
151,-1552.0,-237.0
152,-1541.4898329492019,-228.4607902479139
153,-1493.8477670369512,-204.53372645290796
154,-1492.0,-204.0
155,-1476.0,-200.0
156,-1429.0,-198.0
157,-1411.7208050543838,-199.83086269954265
158,-1369.0,-215.0
159,-1325.7463124086366,-242.1504502044333
160,-1313.0,-251.0
161,-1282.5118577882654,-275.5168090816508
162,-1263.9441536500156,-306.0957146223014
163,-1263.0,-308.0
164,-1233.932247760181,-374.2473930682535
165,-1228.0,-390.0
166,-1217.0969949566802,-430.151108097947
167,-1212.0,-452.0
168,-1208.9720821966616,-464.2262430180795
169,-1198.0,-507.0
170,-1188.3225320838435,-544.3233354930971
171,-1181.0,-571.0
172,-1167.0537345865596,-617.4028534404523
173,-1164.0,-627.0
174,-1145.010097667317,-683.4558959164385
175,-1128.0,-729.0
176,-1105.2456645857044,-784.0819281403974
177,-1097.0,-803.0
178,-1070.2949922487342,-861.3099839097999
179,-1061.0,-880.0
180,-1032.8268046697751,-931.5744105276184
181,-1028.0,-940.0
182,-1005.8954295108501,-976.8961134866756
183,-991.9234420456638,-996.7197940922953
184,-977.0,-1016.0
185,-948.0723725380833,-1051.1360053663439
186,-940.0,-1060.0
187,-924.0,-1076.0
188,-885.0,-1105.0
189,-875.961258637807,-1110.0017624753852
190,-844.9436731845742,-1123.8699370568936
191,-829.0,-1129.0
192,-817.9104140176635,-1131.420649036897
193,-791.8247376738443,-1131.0983576389424
194,-775.0,-1127.0
195,-767.0,-1124.0
196,-750.944526132991,-1108.411670246877
197,-734.0,-1077.0
198,-733.4798210528986,-1075.7602648017116
199,-730.6325845910623,-1055.7166067075566
200,-731.0,-1051.0
201,-732.126479700986,-1038.1781161132699
202,-734.4916611608099,-1016.5818283924901
203,-735.0,-1013.0
204,-742.0,-984.0
205,-747.6636347314682,-968.6271723186649
206,-760.0,-938.0
207,-769.558544077202,-917.6436687609939
208,-779.0,-905.0
209,-791.426266044344,-887.8300816193258
210,-804.0,-871.0
211,-809.8886806429629,-863.4625372069847
212,-834.0,-835.0
213,-841.1600222713918,-827.3353712884247
214,-858.0,-810.0
215,-865.998740984403,-801.7907378837673
216,-895.0,-772.0
217,-915.5713439583575,-750.796314781827
218,-925.0,-741.0
219,-959.0,-703.0
220,-977.7650155490528,-676.6166670351781
221,-1018.0,-605.0
222,-1031.1046644052763,-545.7278532862063
223,-1025.0,-502.0
224,-1024.6360123618417,-500.29549283034083
225,-1017.6949842412033,-475.25207830639886
226,-1006.0,-448.0
227,-1005.2579375443761,-446.547198347649
228,-985.1480441542277,-415.4412925924652
229,-970.0,-400.0
230,-914.0,-352.0
231,-906.6584343547179,-346.10165995951144
232,-869.0,-324.0
233,-855.180283102912,-316.7475309959091
234,-812.0,-294.0
235,-794.1386603089704,-285.2338362693659
236,-761.0,-270.0
237,-742.0394657712894,-261.76656030060155
238,-694.0,-242.0
239,-672.0778710156856,-233.25024144156046
240,-610.0,-210.0
241,-593.2648313403757,-204.44692643587814
242,-555.0,-193.0
243,-521.9626299326844,-184.486676327733
244,-468.0,-173.0
245,-453.79919371566325,-170.70709819369148
246,-407.54008896385494,-167.9279245108142
247,-405.0,-168.0
248,-339.451013413223,-177.08981819299302
249,-319.0,-185.0
250,-304.2164460755106,-193.1965447400595
251,-279.0,-214.0
252,-266.3286027604763,-228.88666374023427
253,-246.0,-259.0
254,-227.8598943036448,-295.3191072417767
255,-220.0,-318.0
256,-216.39680449564284,-329.80983445636076
257,-206.0,-368.0
258,-196.24752976860407,-409.8621577333271
259,-193.0,-431.0
260,-185.98736432272543,-512.4504015696424
261,-185.0,-529.0
262,-183.70951830706775,-571.3786581386082
263,-184.0,-593.0
264,-186.0047111162478,-657.4516505814979
265,-187.0,-676.0
266,-196.04129524872525,-778.0792919668634
267,-199.0,-806.0
268,-208.0,-888.0
269,-218.22793526487112,-981.9662143196917
270,-219.0,-989.0
271,-233.1857059164281,-1117.6304358111258
272,-234.0,-1125.0
273,-242.6984221794737,-1203.4953974387774
274,-246.704189225895,-1240.2115183720962
275,-251.0,-1280.0
276,-263.00081360763687,-1391.1919039072154
277,-270.0,-1454.0
278,-285.41957078566304,-1581.9908788195771
279,-308.0,-1732.0
280,-321.9353343905757,-1796.7486185379769
281,-333.0,-1839.0
282,-357.0,-1923.0
283,-379.06715881264927,-1992.1863591621623
284,-452.90684439215465,-2208.846509015271
285,-460.0,-2229.0
286,-505.6390600525412,-2349.3833486244666
287,-525.0,-2397.0
288,-565.792658829984,-2497.398753541094
289,-579.0,-2529.0
290,-623.0,-2630.0
291,-644.3982778648416,-2676.9235499781616
292,-679.0,-2750.0
293,-732.8017177125007,-2855.46113703912
294,-743.0,-2874.0
295,-832.4718693652462,-3016.7068148371072
296,-837.0,-3023.0
297,-902.5955625347112,-3107.6257208324964
298,-907.0,-3113.0
299,-995.0,-3208.0
300,-1104.8974588169742,-3298.2084346787856
301,-1261.0,-3413.0
302,-1326.5600419908155,-3457.0801957655594
303,-1402.5946084924742,-3491.7091950088347
304,-1462.0,-3518.0
305,-1565.0,-3566.0
306,-1585.5909354281328,-3575.617161330666
307,-1682.730393701184,-3621.055537542796
308,-1736.0,-3647.0
309,-1821.0918656902895,-3689.4344366902505
310,-1927.0,-3743.0
311,-2050.4427883764433,-3806.553834101678
312,-2150.647298674432,-3856.8866609023103
313,-2159.0,-3861.0
314,-2415.0,-3985.0
315,-2499.00999022479,-4024.081742854399
316,-2558.0,-4049.0
317,-2634.354977066892,-4080.3910925235014
318,-2704.0,-4108.0
319,-2786.754618973572,-4138.864428795373
320,-2898.0,-4177.0
321,-2905.4855906496887,-4179.440205239132
322,-3088.2271835727433,-4233.928083352598
323,-3096.0,-4236.0
324,-3250.0,-4273.0
325,-3387.0,-4298.0
326,-3397.409743081822,-4299.549646105038
327,-3591.9694494044893,-4325.715489644858
328,-3602.0,-4327.0
329,-3698.0489307891075,-4338.574662153054
330,-3737.702342620761,-4341.199184563691
331,-3757.0,-4343.0
332,-3838.9244247674746,-4351.479589857278
333,-3899.0,-4358.0
334,-3958.872434836316,-4364.854849533751
335,-3999.0,-4371.0
336,-4013.711508345713,-4373.706691493573
337,-4086.0,-4392.0
338,-4112.889128869921,-4403.144737540012
339,-4131.0,-4413.0
340,-4156.293024717511,-4434.382115075951
341,-4171.0,-4454.0
342,-4214.0,-4533.0
343,-4215.47647647059,-4535.780025949974
344,-4240.270956810547,-4577.068899414012
345,-4252.0,-4590.0
346,-4305.860573963392,-4630.68114599574
347,-4313.0,-4634.0
348,-4375.786536901361,-4648.678282418846
349,-4386.0,-4650.0
350,-4412.694305454484,-4652.026757586469
351,-4429.475675708838,-4650.883868363834
352,-4440.0,-4650.0
353,-4474.312551232812,-4646.305589450706
354,-4482.0,-4645.0
355,-4566.0,-4625.0
356,-4576.766675441058,-4622.18383888774
357,-4598.274990293671,-4616.305680508555
358,-4624.0,-4611.0
359,-4659.929815262176,-4605.00728615776
360,-4675.0,-4603.0
361,-4729.0,-4599.0
362,-4744.2494884104335,-4598.923898525704
363,-4819.0,-4605.0
364,-4906.2718456682405,-4617.464590685354
365,-4943.0,-4623.0
366,-5010.954250647621,-4633.370623604591
367,-5055.0,-4640.0
368,-5076.168620059379,-4643.15157642486
369,-5109.0,-4648.0
370,-5267.085273241042,-4670.325105698746
371,-5416.0,-4690.0
372,-5454.080020263182,-4694.862227244857
373,-5536.0,-4705.0
374,-5541.2912064375105,-4705.63002402256
375,-5659.0,-4719.0
376,-5746.478085457955,-4728.803662947026
377,-5919.0,-4748.0
378,-6002.731991367812,-4756.581330127064
379,-6030.0,-4759.0
380,-6099.8801575177495,-4764.975455831451
381,-6209.81501398645,-4774.106643859706
382,-6270.0,-4779.0
383,-6308.0,-4782.0
384,-6385.08127496992,-4786.73604210208
385,-6473.0,-4792.0
386,-6884.0,-4975.0
387,-6929.444641169717,-5031.565830879996
388,-7011.0,-5148.0
389,-7021.497371853353,-5164.209221092862
390,-7052.0,-5222.0
391,-7087.063508699197,-5298.652370495337
392,-7114.0,-5362.0
393,-7142.1799865586245,-5443.56821270085
394,-7154.0,-5492.0
395,-7172.445139181438,-5578.332991034524
396,-7186.0,-5647.0
397,-7206.244907281168,-5768.542918668776
398,-7212.400138845671,-5849.583009833994
399,-7215.0,-5893.0
400,-7218.188393181061,-5947.374924879747
401,-7220.0,-6051.0
402,-7219.446611379015,-6069.05653340735
403,-7207.0,-6219.0
404,-7206.035259829564,-6224.744519480331
405,-7173.0,-6328.0
406,-7107.794610241682,-6416.659130556912
407,-7095.0,-6432.0
408,-6997.0,-6555.0
409,-6952.0,-6664.0
410,-6949.067669723845,-6672.854191042723
411,-6899.0,-6830.0
412,-6865.882833349751,-6937.285879408784
413,-6853.744003828221,-6984.871390482993
414,-6839.0,-7049.0
415,-6810.0,-7181.0
416,-6803.19434267627,-7216.22675136433
417,-6792.0,-7283.0
418,-6774.0,-7404.0
419,-6773.256804058912,-7409.725934683702
420,-6763.523604061992,-7495.080389850598
421,-6763.0,-7500.0
422,-6753.0,-7606.0
423,-6750.921670006073,-7635.985471821543
424,-6745.316503243251,-7747.077959771605
425,-6745.0,-7789.0
426,-6756.359066379792,-7892.8654501482815
427,-6763.0,-7917.0
428,-6775.56000504956,-7945.610607450222
429,-6806.0,-7978.0
430,-6845.99286754861,-8011.2547155536295
431,-6891.0,-8084.0
432,-6897.364419285189,-8140.196033024357
433,-6898.0,-8194.0
434,-6891.40043824936,-8265.59438118089
435,-6887.0,-8286.0
436,-6880.191993046092,-8319.65534437502
437,-6863.0,-8399.0
438,-6846.413035840802,-8458.473484305256
439,-6845.0,-8463.0
440,-6819.0,-8538.0
441,-6805.993244902369,-8571.888099102505
442,-6789.0,-8613.0
443,-6763.606912647772,-8670.543806956432
444,-6720.0,-8756.0
445,-6710.253533902173,-8772.749922414976
446,-6619.0,-8914.0
447,-6606.8791391799605,-8932.68108573599
448,-6516.0,-9039.0
449,-6486.387613419978,-9065.735460188593
450,-6367.0,-9168.0
451,-6289.087928733601,-9224.114210538568
452,-6236.719971385427,-9247.633114847964
453,-6187.0,-9269.0
454,-6178.226298131941,-9273.205491596207
455,-6105.0,-9313.0
456,-6072.579967391873,-9332.811287017877
457,-6020.0,-9368.0
458,-6017.540446825227,-9369.775047292129
459,-5971.0,-9413.0
460,-5936.0,-9474.0
461,-5934.739718139927,-9476.437659979398
462,-5929.007035434634,-9497.94681271203
463,-5930.0,-9505.0
464,-5935.530462161683,-9568.567850805819
465,-5937.0,-9586.0
466,-5939.571971451527,-9611.312798843619
467,-5946.088012730466,-9624.728975239832
468,-5955.0,-9638.0
469,-5971.301931669636,-9661.328409265221
470,-5987.0,-9683.0
471,-5991.849383963162,-9689.270348655398
472,-6003.0,-9699.0
473,-6013.572972487922,-9706.951361042982
474,-6051.0,-9726.0
475,-6088.601127331611,-9738.416446438989
476,-6110.0,-9745.0
477,-6139.20325048344,-9752.903368910185
478,-6157.0,-9755.0
479,-6212.062069371227,-9761.354020002558
480,-6255.0,-9766.0
481,-6273.160161811522,-9767.73806293761
482,-6341.0,-9771.0
483,-6370.947535260455,-9771.840808582783
484,-6455.0,-9773.0
485,-6467.369540524628,-9772.777511959552
486,-6562.201908222875,-9763.311894814144
487,-6577.0,-9761.0
488,-6593.922660153393,-9758.259359897804
489,-6631.0,-9750.0
490,-6655.307811284683,-9741.984111330174
491,-6675.0,-9734.0
492,-6702.568766703927,-9718.697214021195
493,-6714.0,-9710.0
494,-6754.57980775254,-9662.378597744784
495,-6758.0,-9657.0
496,-6778.0,-9615.0
497,-6783.177237265688,-9598.884828782902
498,-6802.3877276047815,-9525.497549468013
499,-6803.0,-9523.0
500,-6810.0,-9490.0
501,-6813.1366461085845,-9473.933107481414
502,-6827.0,-9411.0
503,-6832.019666329814,-9392.276496291153
504,-6869.0,-9281.0
505,-6888.705690946139,-9238.136546976262
506,-6922.0,-9183.0
507,-6924.334435777546,-9179.385862428711
508,-6967.095639563267,-9115.27579737365
509,-6970.0,-9111.0
510,-7029.0,-9026.0
511,-7036.713317351545,-9015.084400112857
512,-7073.0,-8962.0
513,-7082.529499691499,-8946.804700260369
514,-7140.990677269217,-8845.636077254549
515,-7184.0,-8766.0
516,-7192.426883665767,-8749.331771121666
517,-7211.0,-8706.0
518,-7233.106582611262,-8652.854071921469
519,-7258.0,-8590.0
520,-7282.506044743739,-8519.549398502999
521,-7296.0,-8478.0
522,-7325.0457669559055,-8386.538834858688
523,-7377.0,-8219.0
524,-7391.789601305121,-8170.289977895704
525,-7422.398683027053,-8063.0684177681915
526,-7427.0,-8046.0
527,-7456.0,-7937.0
528,-7457.776640628748,-7930.445577462508
529,-7490.0,-7814.0
530,-7512.907346734606,-7727.842559132783
531,-7518.0,-7708.0
532,-7553.445382970447,-7560.079130110343
533,-7555.0,-7553.0
534,-7591.619377064439,-7363.83016531165
535,-7595.0,-7344.0
536,-7608.1393519294525,-7260.171063956656
537,-7613.0,-7223.0
538,-7634.629619381024,-7010.767562883843
539,-7638.0,-6973.0
540,-7643.903295415332,-6897.405092248892
541,-7648.0,-6834.0
542,-7658.0,-6679.0
1,-7669.606751512519,-6490.524341558441
2,-7672.0,-6452.0
3,-7677.287046851388,-6362.189230913085
4,-7681.0,-6226.0
5,-7679.043714520365,-6172.578402220599
6,-7675.0,-6107.0
7,-7661.0,-5884.0
8,-7656.32313986821,-5826.299176468165
9,-7648.0,-5740.0
10,-7635.071662869457,-5634.330015786792
11,-7618.0,-5520.0
12,-7611.646661304432,-5482.101659864216
13,-7598.0,-5408.0
14,-7578.0,-5315.0
15,-7565.498155378167,-5259.875367569968
16,-7554.0,-5210.0
17,-7532.0,-5119.0
18,-7517.974811229489,-5067.162713779426
19,-7512.0,-5046.0
20,-7473.0,-4918.0
21,-7468.057442534711,-4902.174014906237
22,-7458.0,-4871.0
23,-7443.863439290204,-4832.015215261445
24,-7423.0,-4786.0
25,-7413.727931298359,-4769.007203955796
26,-7376.0,-4711.0
27,-7346.853059757624,-4681.106215258236
28,-7306.0,-4660.0
29,-7302.449027233149,-4658.4466048117965
30,-7225.0,-4630.0
31,-7193.2080837901585,-4621.8112832019915
32,-7062.857018569482,-4600.844554117533
33,-7040.0,-4598.0
34,-7003.2924936397485,-4594.496911518177
35,-6968.0,-4592.0
36,-6915.108943447895,-4587.680646165779
37,-6884.0,-4585.0
38,-6824.124443136143,-4579.5980232140255
39,-6794.0,-4577.0
40,-6717.889185411232,-4570.6870179839125
41,-6702.0,-4569.0
42,-6542.637875862022,-4548.416290707501
43,-6490.0,-4541.0
44,-6445.821089925954,-4534.050810691011
45,-6416.0,-4528.0
46,-6329.491083897334,-4509.688527294098
47,-6286.0,-4500.0
48,-6036.0,-4440.0
49,-6029.159516985694,-4438.321050159733
50,-5953.033020526842,-4419.530816132719
51,-5884.07815957305,-4402.430243908549
52,-5858.0,-4396.0
53,-5749.0,-4369.0
54,-5674.87413232087,-4349.705712803585
55,-5626.0,-4337.0
56,-5411.963355068022,-4282.20262396526
57,-5388.0,-4276.0
58,-5291.3051279359115,-4250.141245438498
59,-5158.0,-4228.0
60,-5028.411082437094,-4213.009965869551
61,-4954.0,-4205.0
62,-4860.712976542613,-4196.227543960585
63,-4785.8071065572785,-4190.02100419097
64,-4760.0,-4186.0
65,-4681.0437758300595,-4172.222628610804
66,-4573.0,-4146.0
67,-4407.677354181591,-4079.064430083399
68,-4267.0,-4009.0
69,-4236.049678220215,-3993.551862054359
70,-4162.449747448633,-3956.7025361479295
71,-4069.0,-3912.0
72,-4051.405860035111,-3903.899617586383
73,-3961.0,-3866.0
74,-3775.831971151774,-3803.633870692477
75,-3723.0,-3787.0
76,-3634.8156341830736,-3761.170309895852
77,-3552.525971890542,-3749.1842604974827
78,-3518.0,-3745.0
79,-3391.997370137903,-3728.1679061667523
80,-3322.0,-3719.0
81,-3266.4977630235962,-3712.086095159235
82,-3142.0,-3697.0
83,-3033.3433314785984,-3682.1824404274694
84,-3014.0,-3679.0
85,-2860.0,-3645.0
86,-2766.0,-3614.0
87,-2757.6766628600303,-3610.4905264461804
88,-2630.319347324878,-3548.2664296599387
89,-2598.0,-3531.0
90,-2497.9036216648365,-3460.5558316915467
91,-2478.0,-3441.0
92,-2422.0,-3384.0
93,-2418.0386873104094,-3379.760023084726
94,-2361.272324048278,-3307.6808045554194
95,-2353.0,-3293.0
96,-2282.7590458804475,-3122.773970165992
97,-2281.0,-3117.0
98,-2261.7296278559875,-3013.431484916078
99,-2262.0,-2932.0
100,-2261.26264235405,-2909.9313597580785
101,-2274.0,-2812.0
102,-2283.5879784468807,-2774.0783237655646
103,-2311.0,-2674.0
104,-2325.347665385759,-2629.5835498856377
105,-2345.0,-2595.0
106,-2354.5875704222544,-2577.196401084121
107,-2396.0,-2501.0
108,-2403.938080013766,-2487.561420690871
109,-2471.0,-2389.0
110,-2492.534978985827,-2361.5915934742216
111,-2520.0,-2328.0
112,-2566.5393124250472,-2272.010355470868
113,-2609.0,-2221.0
114,-2636.0,-2187.0
115,-2644.644090684509,-2174.7214994681135
116,-2693.2141736754124,-2093.772274391077
117,-2732.0,-2019.0
118,-2742.867893234872,-1992.3895354946421
119,-2746.0,-1961.0
120,-2747.134984876722,-1937.5894227467147
121,-2746.0,-1876.0
122,-2745.3993240066116,-1870.7654563837473
123,-2712.1745734106676,-1745.9743862579805
124,-2705.0,-1727.0
125,-2687.833697414892,-1687.138340502922
126,-2661.1015994419545,-1636.7780071955328
127,-2648.0,-1614.0
128,-2608.857456977936,-1550.2557231362878
129,-2602.0,-1540.0
130,-2568.0608939769654,-1493.0503942485245
131,-2555.0,-1476.0
132,-2490.0,-1396.0
133,-2473.414619537786,-1376.798548246173
134,-2417.0,-1314.0
135,-2377.5576313512793,-1271.288371869086
136,-2347.0,-1238.0
137,-2291.0,-1174.0
138,-2238.198879928082,-1108.494444365556
139,-2161.8535504096753,-1009.7778760176311
140,-2159.0,-1006.0
141,-2117.3242424311024,-947.4717661468682
142,-2094.0,-912.0
143,-2050.4219956617267,-846.1551846490462
144,-2009.0,-785.0
145,-1644.0,-326.0
146,-1642.0904504148532,-323.8592341311165
147,-1606.4062966953059,-286.3324775207657
148,-1589.0,-270.0
149,-1578.7242753352793,-260.56205973974363
150,-1555.0,-240.0
151,-1544.2166609065157,-231.88667053411046
152,-1498.0,-207.0
153,-1479.656027009664,-201.07017473305717
154,-1453.0,-197.0
155,-1420.099286573246,-199.80745337785692
156,-1414.0,-201.0
157,-1368.0,-216.0
158,-1355.0667192234853,-222.3445794985871
159,-1333.0,-236.0
160,-1293.328448170604,-268.5992916245942
161,-1289.0,-273.0
162,-1267.8982475434145,-299.4114620435899
163,-1249.0,-334.0
164,-1239.0,-358.0
165,-1231.9993412787965,-379.5719079034891
166,-1214.0149775985,-445.3166567099186
167,-1205.0,-480.0
168,-1199.2304981108564,-503.1842505534885
169,-1195.0,-521.0
170,-1194.523012805902,-522.9359163933124
171,-1178.48334488816,-582.2411256126477
172,-1164.0,-626.0
173,-1126.0,-733.0
174,-1119.2278457139716,-751.3147042766886
175,-1072.0926528123612,-858.7298445113411
176,-1063.0,-876.0
177,-1042.6301308141155,-913.9264670510843
178,-1026.0,-944.0
179,-1020.7472133777453,-952.8707568965679
180,-1013.0,-964.0
181,-1009.7145064336837,-968.679371092159
182,-959.0,-1039.0
183,-957.0842414219333,-1041.440143225592
184,-929.0,-1072.0
185,-921.6779347997884,-1078.0486246876842
186,-868.0,-1115.0
187,-853.6964705726956,-1123.9801586429978
188,-843.0,-1125.0
189,-779.0,-1128.0
190,-777.1956279684639,-1127.8754845042217
191,-753.9436843970848,-1114.4351805582937
192,-752.0,-1112.0
193,-740.0,-1095.0
194,-735.236584542024,-1083.4578998415805
195,-732.0,-1069.0
196,-730.9555568880462,-1056.9131465387143
197,-732.0,-1036.0
198,-732.1784493672033,-1034.3253938310677
199,-738.7162172614289,-996.2401758502677
200,-739.0,-995.0
201,-743.8840515143065,-977.4260925397765
202,-753.0,-955.0
203,-766.0344719035825,-926.5506259631487
204,-771.0,-917.0
205,-780.5142408507321,-901.509267745376
206,-789.0,-890.0
207,-822.5527122667944,-847.76944634882
208,-824.0,-846.0
209,-853.9174769880601,-812.4253200291657
210,-873.0,-794.0
211,-886.2462444691878,-780.8532859257128
212,-914.0,-752.0
213,-964.0357939103661,-697.2165522295793
214,-966.0,-695.0
215,-996.7032896738699,-657.013217220855
216,-1007.0,-632.0
217,-1022.5387747724527,-590.4517817490805
218,-1028.0,-565.0
219,-1029.0,-547.0
220,-1029.1199399704442,-527.5730795139582
221,-1020.0,-484.0
222,-989.9701177740727,-427.2920027860593
223,-982.0,-414.0
224,-967.8191693549777,-392.16372297976665
225,-949.1887973683794,-377.01930618768586
226,-931.0,-365.0
227,-887.7986780593251,-335.4785028038363
228,-881.0,-331.0
229,-828.9072219728822,-301.88924839309004
230,-823.0,-299.0
231,-772.0,-275.0
232,-735.7278659934832,-259.30474674818345
233,-728.0,-256.0
234,-636.0,-219.0
235,-622.7650378140977,-214.53351966131626
236,-522.0,-184.0
237,-518.0588769928501,-182.9147718967913
238,-458.0,-172.0
239,-446.0650677690336,-170.98150823067792
240,-378.0,-169.0
241,-340.0,-177.0
242,-322.0963428595561,-185.85745105049824
243,-268.0,-228.0
244,-243.36044887894133,-261.18909248908824
245,-231.0,-291.0
246,-224.99931390353328,-306.7978292711847
247,-211.0,-348.0
248,-206.15637701988112,-365.6134863353793
249,-199.0,-398.0
250,-192.01559344042158,-440.48533938007535
251,-191.0,-448.0
252,-187.8442174167098,-478.22208526478994
253,-187.0,-490.0
254,-184.85677653729746,-534.434795635713
255,-184.0,-576.0
256,-184.0,-596.0
257,-184.6584796807264,-626.5585316854152
258,-189.7421772747086,-712.5757245442409
259,-190.0,-716.0
260,-195.03651740227625,-775.539749854915
261,-197.0,-795.0
262,-207.0,-879.0
263,-208.8342599623361,-894.104972987863
264,-216.0,-955.0
265,-223.42047575200039,-1026.200269496239
266,-228.0,-1070.0
267,-240.0,-1177.0
268,-241.75110950477455,-1192.3830519383712
269,-253.0,-1293.0
270,-258.53174026754283,-1344.715679800578
271,-267.0,-1425.0
272,-274.3753164393461,-1495.796302295644
273,-281.48067925781913,-1561.1020715759228
274,-283.0,-1574.0
275,-305.0,-1715.0
276,-307.12659952019163,-1724.6664912287388
277,-360.0,-1931.0
278,-362.2922006487731,-1939.474431023971
279,-388.93104640415095,-2031.1947489317654
280,-424.0,-2128.0
281,-488.0,-2303.0
282,-499.2617371311409,-2332.799756515649
283,-601.9677752182279,-2581.2249442958014
284,-624.0,-2632.0
285,-657.2166807828594,-2707.915115329005
286,-683.0,-2759.0
287,-714.498306484455,-2817.5749601756115
288,-784.3234854626784,-2940.56778018175
289,-813.0,-2987.0
290,-938.4479581052326,-3148.5463167256157
291,-951.0,-3162.0
292,-1017.095034516371,-3229.342207246702
293,-1066.0,-3274.0
294,-1106.6086180244156,-3307.322290575642
295,-1123.0,-3320.0
296,-1233.0,-3396.0
297,-1252.0829076189912,-3407.8013772278764
298,-1445.8851524644265,-3510.0717350917253
299,-1454.0,-3514.0
300,-1686.7293361535264,-3623.5304107881943
301,-1709.0,-3634.0
302,-1793.7743792478261,-3675.1015236981566
303,-1860.0,-3709.0
304,-1962.829636122257,-3761.418110923643
305,-2135.686884119944,-3849.2290240695993
306,-2159.0,-3861.0
307,-2314.0,-3937.0
308,-2333.1028318659173,-3946.054764811178
309,-2517.0,-4031.0
310,-3087.0,-4233.0
311,-3144.1659077362538,-4247.645071868879
312,-3290.0,-4281.0
313,-3298.5322703224147,-4282.758016781934
314,-3458.200889249999,-4309.76737613284
315,-3515.0,-4317.0
316,-3705.0,-4338.0
317,-3781.596269074553,-4345.467792163342
318,-3825.0,-4350.0
319,-3850.5899986420745,-4352.916570624742
320,-3971.0,-4367.0
321,-3982.9068957455584,-4368.3613440954505
322,-4031.0,-4377.0
323,-4052.802873278672,-4383.97788928769
324,-4116.565236779118,-4406.993771834286
325,-4142.0,-4419.0
326,-4158.870485046913,-4432.0848914108665
327,-4170.0,-4453.0
328,-4176.126189623137,-4463.830886609257
329,-4200.0,-4506.0
330,-4203.9934269667965,-4513.647157979306
331,-4225.0,-4552.0
332,-4256.377980351836,-4589.262726549452
333,-4293.0,-4624.0
334,-4304.513692487474,-4633.263065386024
335,-4334.600985782484,-4643.30884190891
336,-4350.0,-4645.0
337,-4365.599484593415,-4646.693854887442
338,-4413.0,-4651.0
339,-4438.300482148142,-4651.296627513918
340,-4482.0,-4645.0
341,-4501.392452102239,-4640.975128830934
342,-4531.0,-4634.0
343,-4573.0,-4623.0
344,-4584.003787197132,-4620.380850253318
345,-4665.0,-4604.0
346,-4747.4614219431705,-4599.985475181152
347,-4773.0,-4601.0
348,-4790.148303271421,-4601.879104792809
349,-4845.0,-4608.0
350,-4849.713989246788,-4608.654661139994
351,-5039.672429582979,-4637.090695188216
352,-5052.0,-4639.0
353,-5097.228874082015,-4646.26225214161
354,-5135.0,-4652.0
355,-5139.874685530707,-4652.703938062789
356,-5242.0,-4667.0
357,-5298.821835827219,-4674.787780495069
358,-5376.0,-4685.0
359,-5382.643544024373,-4685.849845101263
360,-5498.47883957383,-4700.13556137088
361,-5514.0,-4702.0
362,-5582.592761187268,-4710.101919159539
363,-5659.0,-4719.0
364,-5688.083042501106,-4722.403657674919
365,-5788.0,-4734.0
366,-5807.448773901755,-4736.19451086196
367,-5897.0,-4746.0
368,-5904.782560680512,-4746.8263850504
369,-6058.166367874899,-4761.898338515187
370,-6082.0,-4764.0
371,-6277.0,-4780.0
372,-6315.862678342662,-4782.810131072421
373,-6397.115689875967,-4786.540471281624
374,-6469.0,-4791.0
375,-6513.0,-4795.0
376,-6519.497286328076,-4795.649134838929
377,-6611.0,-4808.0
378,-6651.006465949334,-4817.240614936541
379,-6711.0,-4839.0
380,-6762.075519909202,-4868.384996891846
381,-6814.0,-4907.0
382,-6830.153161731397,-4920.42406558376
383,-6876.431492417667,-4965.640355640802
384,-6901.0,-4995.0
385,-6940.944525598659,-5047.003965666267
386,-6988.0,-5113.0
387,-7005.48743755511,-5139.505971263609
388,-7055.034373585169,-5227.962362082651
389,-7059.0,-5235.0
390,-7080.243507759478,-5265.322181640015
391,-7114.0,-5363.0
392,-7135.281997092981,-5432.790848289042
393,-7155.0,-5499.0
394,-7185.53912673984,-5613.18468387874
395,-7189.324471205785,-5660.871947304911
396,-7192.0,-5684.0
397,-7206.466483458094,-5798.010675599368
398,-7207.0,-5802.0
399,-7210.0,-5825.0
400,-7215.437845256447,-5894.391389518754
401,-7219.0,-5976.0
402,-7220.1311241468975,-6042.284962613392
403,-7219.0,-6094.0
404,-7201.0,-6246.0
405,-7194.204466675482,-6273.992447689633
406,-7164.0,-6346.0
407,-7130.572614285318,-6394.53031545954
408,-6988.0,-6573.0
409,-6936.989945837555,-6686.70936191737
410,-6916.823822562492,-6769.915307241313
411,-6916.0,-6773.0
412,-6891.057580523882,-6851.078481479215
413,-6865.0,-6947.0
414,-6839.848440223771,-7054.57601734085
415,-6798.0,-7245.0
416,-6791.04003617696,-7278.192755986949
417,-6780.276558909258,-7349.220541263844
418,-6775.0,-7399.0
419,-6756.628161716037,-7566.3610836105545
420,-6756.0,-7572.0
421,-6747.0,-7688.0
422,-6747.0120623326075,-7736.208180510757
423,-6748.0,-7837.0
424,-6748.3773857703745,-7850.773467413484
425,-6752.985190279183,-7896.880468765875
426,-6766.0,-7922.0
427,-6819.0,-7989.0
428,-6828.1925962837195,-7997.064529625217
429,-6842.0,-8009.0
430,-6893.315527714611,-8094.046799970866
431,-6894.0,-8097.0
432,-6899.0,-8159.0
433,-6898.848384422856,-8183.528369297806
434,-6893.504336066589,-8244.687989546037
435,-6890.0,-8269.0
436,-6876.0,-8345.0
437,-6872.0,-8359.0
438,-6859.805739374684,-8408.236064605255
439,-6848.0,-8452.0
440,-6841.281532307235,-8473.692668990552
441,-6818.1168785831405,-8539.979764222071
442,-6817.0,-8543.0
443,-6795.0,-8599.0
444,-6768.498871434432,-8659.491509617554
445,-6742.0,-8714.0
446,-6697.126660754175,-8795.173367426545
447,-6686.0,-8814.0
448,-6624.0,-8907.0
449,-6557.081343254339,-8990.636648160713
450,-6537.0,-9015.0
451,-6475.472314665088,-9085.64149178566
452,-6432.0,-9121.0
453,-6356.584495701387,-9173.034664176042
454,-6352.0,-9176.0
455,-6212.40736951927,-9255.523752152845
456,-6202.0,-9261.0
457,-6161.165106008954,-9282.113962207237
458,-6135.0,-9296.0
459,-6074.0659304344335,-9330.9782711248
460,-6066.0,-9336.0
461,-6010.768557083946,-9374.601246385948
462,-6009.0,-9376.0
463,-5961.388286568093,-9424.354862387256
464,-5955.0,-9435.0
465,-5937.39609398814,-9476.28456099557
466,-5931.0,-9500.0
467,-5929.114008618709,-9543.596543564021
468,-5934.0,-9574.0
469,-5941.338670612605,-9606.309086363426
470,-5949.0,-9626.0
471,-5965.0,-9655.0
472,-5966.108765095229,-9656.692446564419
473,-5983.0,-9679.0
474,-5986.446318735533,-9682.863374644225
475,-6006.0,-9701.0
476,-6032.0,-9717.0
477,-6057.860721549629,-9728.045114969593
478,-6103.0,-9743.0
479,-6142.718174786231,-9752.525034290149
480,-6181.0,-9758.0
481,-6183.729343522373,-9758.33352277368
482,-6207.0,-9761.0
483,-6259.179348299507,-9765.947064642489
484,-6273.0,-9767.0
485,-6322.0,-9770.0
486,-6345.070703587532,-9771.079061381097
487,-6439.0,-9773.0
488,-6484.188654988601,-9771.523288457236
489,-6492.0,-9771.0
490,-6515.0,-9769.0
491,-6559.136195364945,-9764.342584086906
492,-6584.0,-9760.0
493,-6606.770405503186,-9754.933876727016
494,-6668.0,-9738.0
495,-6694.366274896178,-9728.29956064993
496,-6710.300814164518,-9717.271419981322
497,-6731.0,-9695.0
498,-6746.0,-9677.0
499,-6766.230325935907,-9642.49394369481
500,-6786.0,-9591.0
501,-6789.905019159842,-9579.212765130895
502,-6799.440961367258,-9541.922124104212
503,-6808.0,-9497.0
504,-6857.0,-9310.0
505,-6858.6463878238355,-9305.957978899538
506,-6898.3154359189775,-9224.225426348014
507,-6908.0,-9207.0
508,-6944.0,-9148.0
509,-6971.657201176343,-9107.281858805276
510,-6995.0,-9074.0
511,-7015.703128463805,-9044.34528953079
512,-7076.297104756945,-8956.447384971241
513,-7084.0,-8945.0
514,-7127.0,-8876.0
515,-7144.593412600543,-8842.746703018107
516,-7222.0,-8681.0
517,-7230.566217317735,-8662.08533722107
518,-7279.0,-8529.0
519,-7280.885529559422,-8523.353943000242
520,-7325.0,-8391.0
521,-7341.267774454582,-8337.906985471787
522,-7357.0,-8285.0
523,-7379.687073992692,-8209.175624684873
524,-7393.0,-8164.0
525,-7420.34130528237,-8067.3923725512805
526,-7425.0,-8051.0
527,-7443.0,-7988.0
528,-7469.8721743448805,-7888.717520465233
529,-7485.0,-7832.0
530,-7513.0,-7726.0
531,-7538.918064109066,-7618.1789380346
532,-7579.0,-7437.0
533,-7591.400295038829,-7373.475952705666
534,-7608.341302353298,-7264.127220614723
535,-7621.0,-7151.0
536,-7630.707474317874,-7054.945722031596
537,-7638.572746417104,-6962.542551431659
538,-7640.0,-6944.0
539,-7652.25918324124,-6768.804384838202
540,-7659.0,-6668.0
541,-7663.0,-6608.0
1,-7671.210950850995,-6490.181137830038
2,-7679.0,-6327.0
3,-7679.0144809113335,-6298.1959072761865
4,-7673.0,-6067.0
5,-7670.665462372498,-6006.479668666896
6,-7663.283432743411,-5905.965718614053
7,-7659.0,-5865.0
8,-7639.330931452282,-5692.687581506074
9,-7619.0,-5527.0
10,-7604.819587539348,-5436.8920348740185
11,-7594.0,-5388.0
12,-7590.334840556234,-5370.962884374502
13,-7572.0,-5286.0
14,-7544.099144774331,-5167.311068056668
15,-7540.0,-5151.0
16,-7512.118425121821,-5047.99375746504
17,-7504.0,-5019.0
18,-7494.628736255938,-4985.406814338333
19,-7485.0,-4953.0
20,-7470.0,-4908.0
21,-7461.416081687156,-4883.298923778189
22,-7446.0,-4841.0
23,-7420.0,-4780.0
24,-7415.437956531641,-4771.389609839895
25,-7387.4093719486245,-4727.6247585417605
26,-7350.0,-4687.0
27,-7309.0,-4662.0
28,-7299.176875352561,-4657.319265581647
29,-7273.0,-4646.0
30,-7235.965786897042,-4633.480726406307
31,-7153.0,-4614.0
32,-7127.484702746133,-4609.32333897867
33,-7091.0,-4605.0
34,-7065.717551960102,-4602.021407962777
35,-7004.0,-4595.0
36,-7000.951484366613,-4594.686423856666
37,-6942.024618830609,-4590.08366119181
38,-6928.0,-4589.0
39,-6891.977994990595,-4585.929366039354
40,-6839.0,-4581.0
41,-6744.047096886045,-4571.773368368578
42,-6654.0,-4563.0
43,-6600.747234106832,-4558.097968785678
44,-6555.0,-4551.0
45,-6538.645681535588,-4548.2575995577445
46,-6390.041197122031,-4522.276969619731
47,-6372.0,-4519.0
48,-6306.472465046109,-4505.665861558144
49,-6275.0,-4498.0
50,-6165.0,-4471.0
51,-6126.686434464246,-4461.74945735071
52,-6040.655914938077,-4441.18761817037
53,-6007.0,-4433.0
54,-5809.0,-4384.0
55,-5765.241413193484,-4373.017748349673
56,-5699.726373359722,-4356.25663586735
57,-5652.0,-4344.0
58,-5582.283084266881,-4326.1814926072275
59,-5486.824554446803,-4301.531084747456
60,-5481.0,-4300.0
61,-5342.0,-4265.0
62,-5296.229036878563,-4255.268571775634
63,-5134.0,-4224.0
64,-5053.029787064744,-4212.394446120461
65,-4986.0,-4207.0
66,-4753.0,-4185.0
67,-4700.221178503364,-4178.683392610965
68,-4555.0,-4140.0
69,-4536.198207706969,-4132.814988983513
70,-4421.084464399253,-4085.4457407910436
71,-4398.0,-4075.0
72,-4207.2637828897905,-3978.8174541130757
73,-4188.0,-3969.0
74,-4059.4610638947165,-3907.348848620332
75,-4043.0,-3900.0
76,-3896.420716474837,-3840.883266270475
77,-3866.0,-3831.0
78,-3654.0,-3771.0
79,-3602.2068752267305,-3757.5158592144608
80,-3507.0,-3744.0
81,-3338.7371633294374,-3721.9000957787057
82,-3215.0,-3706.0
83,-3172.7230629738956,-3701.1243021542023
84,-3155.0,-3699.0
85,-2985.0,-3673.0
86,-2950.089532709818,-3665.99926489341
87,-2845.594361124868,-3640.4246305820534
88,-2804.0,-3628.0
89,-2668.0,-3571.0
90,-2661.9934909092735,-3567.662138433858
91,-2529.0,-3484.0
92,-2449.3314010004374,-3416.963835227106
93,-2430.0,-3394.0
94,-2343.0,-3276.0
95,-2335.21632817296,-3263.077845285012
96,-2288.0,-3147.0
97,-2268.0,-3050.0
98,-2267.3713925249417,-3045.8527367601773
99,-2263.0,-2995.0
100,-2261.316791130285,-2949.508355094368
101,-2263.0,-2912.0
102,-2285.8604135607684,-2766.379793973587
103,-2291.0,-2740.0
104,-2298.8407086139737,-2704.436036513286
105,-2308.5555131632796,-2681.7063990247843
106,-2315.0,-2667.0
107,-2354.0,-2578.0
108,-2366.715147031212,-2551.798246758501
109,-2393.0,-2506.0
110,-2461.828771288672,-2405.258042788057
111,-2508.0,-2342.0
112,-2537.4417254305963,-2304.0334292296916
113,-2567.4408241649617,-2269.707524183884
114,-2593.0,-2240.0
115,-2631.033772086001,-2194.1409541890457
116,-2639.0,-2184.0
117,-2690.5658264725093,-2109.055849481608
118,-2700.0,-2092.0
119,-2745.408242082656,-1872.77066329011
120,-2745.0,-1869.0
121,-2714.2489271710233,-1751.880413709859
122,-2707.0,-1733.0
123,-2673.0,-1658.0
124,-2631.0,-1586.0
125,-2624.327361347813,-1575.4566097729253
126,-2599.0,-1537.0
127,-2586.7782489073843,-1519.295333414733
128,-2553.0,-1473.0
129,-2510.9877949972006,-1420.6949319356047
130,-2490.0,-1396.0
131,-2425.0,-1323.0
132,-2379.960212084089,-1274.0513700829551
133,-2335.0,-1225.0
134,-2269.080953448336,-1149.0197141009608
135,-2265.0,-1144.0
136,-2156.0,-1002.0
137,-2114.508066195678,-942.9776484370034
138,-2078.0,-887.0
139,-2045.6881877645965,-838.7508218503116
140,-1986.2192156396914,-752.9060022283345
141,-1982.0,-747.0
142,-1902.0,-638.0
143,-1871.662147007079,-598.3215757147688
144,-1840.0,-558.0
145,-1788.1178837415127,-492.35825285531354
146,-1778.0,-480.0
147,-1677.8301162507867,-363.0302159660093
148,-1663.0,-346.0
149,-1612.0,-291.0
150,-1609.9777019306161,-289.101732549994
151,-1568.0,-251.0
152,-1549.9481068609784,-235.38627827912208
153,-1527.0,-220.0
154,-1502.9254720263948,-209.95434217773845
155,-1456.0914433112125,-198.20073503284178
156,-1449.0,-197.0
157,-1425.5421748197823,-195.52206458795695
158,-1402.0,-202.0
159,-1394.8652219429148,-204.8948804812118
160,-1320.0,-244.0
161,-1305.721549405655,-253.5145354908273
162,-1288.0,-274.0
163,-1283.1114548824326,-280.8431975217208
164,-1255.090777041148,-323.46892556142006
165,-1247.0,-339.0
166,-1242.1047334976329,-350.5889751539042
167,-1239.0,-359.0
168,-1228.826725356671,-390.11219932761765
169,-1222.0,-414.0
170,-1208.0,-471.0
171,-1207.1427341567955,-474.3306848449474
172,-1187.0,-549.0
173,-1174.52225389883,-591.8247663322824
174,-1161.4310007600297,-633.1852912075228
175,-1156.0,-650.0
176,-1140.5764973544776,-696.8134367083693
177,-1115.0,-760.0
178,-1095.176770701144,-804.5565972824841
179,-1053.2225256759289,-893.7127539245963
180,-1046.0,-908.0
181,-1017.832961892256,-959.1690021130983
182,-991.0556421220952,-998.622627518816
183,-992.0,-997.0
184,-1006.0,-975.0
185,-976.0,-1018.0
186,-974.1209626462426,-1020.5221712442622
187,-943.0,-1057.0
188,-908.7678041754485,-1088.5948358122225
189,-907.0,-1090.0
190,-883.0,-1106.0
191,-860.1886518872122,-1116.41842760722
192,-820.0,-1131.0
193,-818.0338703142115,-1131.6198930599128
194,-797.8526980478983,-1134.6323042136892
195,-789.0,-1131.0
196,-772.7189503236756,-1123.9225918087175
197,-748.6612758818171,-1108.2300282875995
198,-746.0,-1105.0
199,-736.0,-1085.0
200,-730.8320453661913,-1057.519181189878
201,-731.0,-1049.0
202,-736.0,-1007.0
203,-739.9826230358017,-986.6888326538847
204,-748.0,-966.0
205,-758.4517097695932,-941.1516022895398
206,-759.0,-940.0
207,-775.0,-911.0
208,-782.9103190324985,-898.8788662793447
209,-802.0,-873.0
210,-812.7298170844622,-859.6929061996677
211,-827.0,-843.0
212,-839.6836405166405,-829.0031862526496
213,-868.0660595090073,-799.2154327672603
214,-875.0,-792.0
215,-912.9095810509281,-752.6708713863849
216,-931.0,-734.0
217,-948.5060256719372,-716.0911064954369
218,-974.84226450812,-684.7482548206995
219,-976.0,-683.0
220,-1019.0,-605.0
221,-1020.0011549944262,-602.5724776510668
222,-1029.8403612151499,-568.6722833379968
223,-1029.8209098821353,-535.9113028136946
224,-1029.0,-529.0
225,-1019.2269645733809,-482.88128799138366
226,-1012.0,-461.0
227,-993.8512656590233,-428.61335189641386
228,-983.0,-415.0
229,-960.9532967948417,-390.7771392591923
230,-956.0,-386.0
231,-892.8282487572334,-338.69729808442094
232,-887.0,-335.0
233,-862.2677838432675,-320.26285722089966
234,-828.0,-302.0
235,-792.6611318252179,-284.5448317456233
236,-781.0,-279.0
237,-700.1645644628218,-244.60624030985798
238,-696.0,-243.0
239,-600.0,-207.0
240,-569.5482204394548,-195.84060680376427
241,-533.0,-187.0
242,-499.6117344755764,-181.43473538686214
243,-411.5078158017457,-168.95586258031548
244,-403.0,-168.0
245,-380.18220652120465,-167.84309409490382
246,-371.0,-170.0
247,-352.2703641237637,-174.61954859932735
248,-315.0,-187.0
249,-312.5868376665151,-188.1824327877552
250,-274.0,-220.0
251,-254.50615947284234,-248.08298543810724
252,-229.17778120919468,-296.3681599812708
253,-228.0,-299.0
254,-209.4120805156265,-352.24811991268444
255,-200.91275105533458,-390.90129835017024
256,-198.0,-405.0
257,-194.95798966076373,-420.5956762838757
258,-188.8432025297514,-472.3052103418265
259,-188.0,-486.0
260,-185.0,-545.0
261,-183.6237589356835,-568.6761536393917
262,-185.0,-608.0
263,-186.2279499431727,-634.3724335397143
264,-191.0,-728.0
265,-194.56163254015144,-780.6626928654058
266,-199.68956129721437,-818.9664836491534
267,-201.0,-830.0
268,-222.0,-1016.0
269,-222.62564107211162,-1021.5697598155707
270,-234.0,-1123.0
271,-238.3933050932386,-1163.336036573365
272,-244.0,-1215.0
273,-252.94075285462912,-1297.224999592772
274,-266.0,-1418.0
275,-274.72613485318504,-1500.5351060030046
276,-286.7215940756246,-1609.0306991551558
277,-294.0,-1657.0
278,-304.66969343245796,-1715.2941691034307
279,-317.0,-1774.0
280,-328.2775587679613,-1822.960311177807
281,-349.9205275182486,-1903.5803815338472
282,-381.0,-2000.0
283,-400.2049685202195,-2056.826789923854
284,-443.0,-2181.0
285,-470.02894578980573,-2256.8642505894077
286,-474.0,-2267.0
287,-537.0,-2427.0
288,-563.8116088490135,-2493.213392529732
289,-594.0,-2564.0
290,-610.176162021366,-2600.3853468821444
291,-704.0,-2801.0
292,-763.4003586223746,-2912.0199063935383
293,-795.0,-2961.0
294,-883.0,-3085.0
295,-944.8263075098621,-3156.5516650857076
296,-968.0,-3181.0
297,-1021.6390762566588,-3234.81009540588
298,-1072.0,-3279.0
299,-1283.7657955340521,-3425.158292123435
300,-1324.0,-3449.0
301,-1444.413884420882,-3513.1172626006437
302,-1633.0,-3598.0
303,-1661.9240790666358,-3611.3532958841056
304,-1741.0,-3650.0
305,-1758.1671956818857,-3658.519232622617
306,-1909.0,-3734.0
307,-1929.7862000600437,-3744.574203678901
308,-2067.0,-3815.0
309,-2115.389241987573,-3839.346620482648
310,-2250.0,-3906.0
311,-2305.0,-3933.0
312,-2312.8571721144444,-3936.8017465867324
313,-2444.0,-3998.0
314,-2469.1566895052947,-4009.2024439416655
315,-2635.071950649288,-4079.164690902934
316,-2717.0,-4112.0
317,-2825.299823608274,-4153.343102614141
318,-2969.0,-4200.0
319,-2977.2156063096745,-4202.378765630822
320,-3015.0,-4213.0
321,-3326.9024379399484,-4287.293790694889
322,-3335.0,-4289.0
323,-3428.077549712545,-4306.460566665179
324,-3492.8602010429404,-4314.015207839557
325,-3528.0,-4318.0
326,-3605.8346535034116,-4326.9044851229455
327,-3661.0,-4333.0
328,-3722.900385665731,-4339.356407903344
329,-3779.0,-4345.0
330,-3855.527994432714,-4353.335625530192
331,-3897.0,-4358.0
332,-3972.5426516645402,-4366.929032156008
333,-3997.0,-4371.0
334,-4131.47795010034,-4414.6549625592825
335,-4142.0,-4420.0
336,-4155.938230766478,-4429.586196791937
337,-4167.0,-4450.0
338,-4177.318929153633,-4468.391604791546
339,-4205.0,-4517.0
340,-4226.077565126845,-4554.527794240413
341,-4233.0,-4565.0
342,-4251.0,-4588.0
343,-4278.0,-4614.0
344,-4293.21963649375,-4624.033775840663
345,-4324.0,-4638.0
346,-4336.778658296698,-4642.092241622249
347,-4353.0,-4646.0
348,-4387.0,-4650.0
349,-4389.373587209052,-4650.096166693902
350,-4450.363197744579,-4648.370850102531
351,-4475.0,-4646.0
352,-4503.217543686808,-4640.899762209498
353,-4527.0,-4635.0
354,-4564.0,-4626.0
355,-4600.599855488162,-4616.181569848117
356,-4615.0,-4613.0
357,-4697.821607270762,-4601.102401121461
358,-4729.0,-4599.0
359,-4763.355127692925,-4598.943181899485
360,-4830.0,-4606.0
361,-4861.727888646175,-4610.41958711304
362,-4919.0,-4619.0
363,-4956.91944460468,-4624.791835640113
364,-5003.0,-4632.0
365,-5053.0,-4640.0
366,-5106.97550061455,-4647.87114227926
367,-5181.0,-4658.0
368,-5305.0499266808765,-4675.192744892254
369,-5362.0,-4683.0
370,-5427.159061329807,-4691.592844895835
371,-5480.0,-4698.0
372,-5540.8111847993705,-4705.133696509336
373,-5591.0,-4711.0
374,-5661.378295957136,-4719.271100102988
375,-5788.0,-4734.0
376,-5840.054645206223,-4739.810111593468
377,-5918.12312697544,-4748.0511074150345
378,-6018.0,-4758.0
379,-6126.383659940315,-4768.401827754738
380,-6133.0,-4769.0
381,-6205.0,-4775.0
382,-6321.0,-4783.0
383,-6327.221114743089,-4783.342105512407
384,-6457.0,-4791.0
385,-6510.2016838076,-4797.226309577752
386,-6671.0,-4823.0
387,-6685.332089674541,-4825.909948899135
388,-6729.257226762098,-4841.83959858675
389,-6760.0,-4866.0
390,-6835.0,-4925.0
391,-6885.701241470901,-4977.259400487937
392,-6894.0,-4987.0
393,-6977.800216267298,-5096.2884202112955
394,-6991.0,-5116.0
395,-7031.0,-5182.0
396,-7038.379870298858,-5195.312638384673
397,-7077.0,-5272.0
398,-7083.465064245698,-5286.238290198502
399,-7119.0,-5377.0
400,-7125.386772167517,-5396.816379055311
401,-7172.65088317182,-5572.3815427924255
402,-7174.0,-5578.0
403,-7186.580539870298,-5637.507919443822
404,-7195.0,-5703.0
405,-7197.162971738033,-5718.064380551592
406,-7206.0,-5785.0
407,-7213.929182306452,-5889.4954856280065
408,-7220.0,-6063.0
409,-7220.276795086457,-6123.299552029577
410,-7216.21721986349,-6178.538604491191
411,-7204.0,-6232.0
412,-7158.557385338111,-6354.593826073182
413,-7156.0,-6359.0
414,-7137.0,-6387.0
415,-7092.509245862071,-6435.909349518575
416,-7024.0,-6509.0
417,-7012.438088218399,-6525.389363115366
418,-6979.0,-6593.0
419,-6952.6936171255265,-6661.989808620811
420,-6929.0,-6731.0
421,-6918.797004400398,-6761.801810289829
422,-6876.0846662194945,-6906.254960909742
423,-6865.0,-6949.0
424,-6835.838831606714,-7066.652975148272
425,-6820.0,-7133.0
426,-6794.551347387327,-7258.695045869722
427,-6788.0,-7305.0
428,-6774.49440802863,-7404.54100804491
429,-6766.0,-7473.0
430,-6755.94019313521,-7569.162396414117
431,-6753.0,-7603.0
432,-6748.0,-7685.0
433,-6747.798561605512,-7689.537906677756
434,-6745.0,-7794.0
435,-6745.708250165388,-7823.845269777206
436,-6772.0,-7935.0
437,-6783.655881203596,-7953.409068569045
438,-6790.0,-7962.0
439,-6873.155101344882,-8056.903635222743
440,-6891.0,-8085.0
441,-6907.734733935906,-8164.449872696932
442,-6893.0,-8241.0
443,-6890.57718466592,-8256.980200120193
444,-6883.0,-8310.0
445,-6878.501619186545,-8331.55512179064
446,-6860.0,-8409.0
447,-6737.0,-8724.0
448,-6733.058489494846,-8730.99422968373
449,-6668.810197732876,-8840.301432546983
450,-6645.0,-8879.0
451,-6604.631709862519,-8936.688320018917
452,-6576.0,-8970.0
453,-6520.0,-9035.0
454,-6509.517701526958,-9046.756341702861
455,-6414.021395894689,-9134.782982989864
456,-6408.0,-9139.0
457,-6295.89314664883,-9208.645955432032
458,-6249.0,-9236.0
459,-6176.803139651268,-9275.658874214803
460,-6141.0,-9293.0
461,-6089.189332728092,-9320.842773480765
462,-6064.0,-9337.0
463,-5990.0,-9393.0
464,-5970.076396086139,-9413.672014423959
465,-5967.0,-9419.0
466,-5945.641965944164,-9454.886024048365
467,-5935.0,-9479.0
468,-5928.728613412248,-9515.013572749382
469,-5929.0,-9538.0
470,-5935.0,-9582.0
471,-5935.525874339992,-9584.26639433005
472,-5946.724617811336,-9620.685620674316
473,-5952.0,-9634.0
474,-5961.237920569947,-9652.011518943185
475,-5975.0,-9670.0
476,-5986.973130868546,-9683.867227540628
477,-5993.0,-9690.0
478,-6030.367406748985,-9716.608283972213
479,-6035.0,-9719.0
480,-6070.0,-9733.0
481,-6081.117487414195,-9736.446802794246
482,-6130.786671539282,-9749.477817726816
483,-6133.0,-9750.0
484,-6201.0,-9761.0
485,-6218.649624020465,-9762.441472230828
486,-6271.0,-9766.0
487,-6299.867740767753,-9768.317029180042
488,-6340.0,-9771.0
489,-6390.43205407696,-9772.756685203702
490,-6400.0,-9773.0
491,-6508.0,-9770.0
492,-6521.440161422112,-9768.481934587084
493,-6590.0,-9759.0
494,-6643.619962416915,-9748.595995979309
495,-6673.0,-9736.0
496,-6693.673718487188,-9725.011870578288
497,-6723.0,-9702.0
498,-6735.189100807709,-9687.764530731052
499,-6770.0,-9634.0
500,-6770.9946268514705,-9632.17461660735
501,-6786.0,-9590.0
502,-6793.079009183281,-9564.375375740265
503,-6799.0,-9541.0
504,-6807.4492067518795,-9500.753085043938
505,-6808.0,-9498.0
506,-6821.606630750732,-9430.973871761395
507,-6825.0,-9416.0
508,-6840.0,-9359.0
509,-6855.431257095369,-9314.639936984206
510,-6875.0,-9269.0
511,-6910.0,-9203.0
512,-6931.9317127931845,-9167.045599069072
513,-6960.0,-9124.0
514,-6994.279962871111,-9074.149510534276
515,-7034.0,-9018.0
516,-7069.762082706067,-8966.77937144147
517,-7099.0,-8921.0
518,-7172.0,-8793.0
519,-7202.34539409052,-8731.193695196373
520,-7267.0,-8563.0
521,-7268.424796269049,-8559.083657392954
522,-7286.291892459056,-8509.913748185732
523,-7304.527644164897,-8455.581863777683
524,-7306.0,-8451.0
525,-7355.2739813696935,-8291.741732296574
526,-7357.0,-8286.0
527,-7396.0,-8152.0
528,-7398.504459948523,-8143.193202212301
529,-7467.0,-7900.0
530,-7490.285542908612,-7815.331527902984
531,-7505.0,-7756.0
532,-7536.112315206981,-7631.754737985993
533,-7548.0,-7582.0
534,-7572.0,-7473.0
535,-7583.0,-7417.0
536,-7584.289239639697,-7409.987998195338
537,-7607.0,-7263.0
538,-7617.076419312756,-7183.956698771245
539,-7627.0,-7096.0
540,-7629.020539359095,-7076.4796158788395
541,-7637.891101652363,-6977.924320174638
542,-7641.0,-6938.0
543,-7654.413194099369,-6748.1099955380005
1,-7682.247534793403,-6273.717468921883
2,-7681.0,-6212.0
3,-7679.674715793564,-6177.585995329678
4,-7670.0,-6006.0
5,-7668.332132165471,-5981.850002157117
6,-7659.0,-5864.0
7,-7658.304105609667,-5856.122203817527
8,-7638.6397470403535,-5666.352214804416
9,-7634.0,-5630.0
10,-7618.370733500244,-5525.043936143351
11,-7602.0,-5433.0
12,-7584.7859582136125,-5345.166244796181
13,-7570.0,-5275.0
14,-7545.856237165371,-5171.613457001467
15,-7512.0,-5045.0
16,-7500.378176947668,-5004.493550118663
17,-7474.814851543403,-4921.571801465517
18,-7474.0,-4919.0
19,-7461.879626394529,-4881.379768126549
20,-7440.0,-4824.0
21,-7430.856729171615,-4803.318966987374
22,-7408.0,-4757.0
23,-7393.608770808935,-4733.416538405777
24,-7378.0,-4713.0
25,-7363.889544806976,-4698.427540896236
26,-7318.0,-4666.0
27,-7314.871732592206,-4664.320270125412
28,-7269.0,-4644.0
29,-7253.270249641668,-4638.377820302781
30,-7190.1678792938155,-4621.801404433307
31,-7172.0,-4618.0
32,-7127.423182507551,-4609.589117855703
33,-7124.0,-4609.0
34,-7046.711108952424,-4599.115850911841
35,-7025.0,-4597.0
36,-6940.591758113759,-4589.186082090467
37,-6916.0,-4587.0
38,-6863.690265845879,-4582.687779762262
39,-6806.0,-4578.0
40,-6793.344014394734,-4576.827385592499
41,-6753.0,-4573.0
42,-6720.5862913580695,-4569.934169567028
43,-6652.0,-4563.0
44,-6646.820688031723,-4562.411841565549
45,-6509.726329376668,-4543.686835103836
46,-6475.0,-4538.0
47,-6408.3418996384025,-4526.015054573521
48,-6383.0,-4521.0
49,-6303.204484293539,-4503.54472752942
50,-6266.0,-4495.0
51,-6223.0,-4485.0
52,-6217.366388091385,-4483.672849197294
53,-6128.683976143767,-4461.943174577133
54,-6023.0,-4436.0
55,-5844.032723596725,-4392.706794252228
56,-5837.0,-4391.0
57,-5775.838188891418,-4375.760915496841
58,-5754.0,-4370.0
59,-5679.406383798996,-4350.704471190115
60,-5567.311034630189,-4321.878426863881
61,-5560.0,-4320.0
62,-5390.675045650198,-4276.6871164581125
63,-5372.0,-4272.0
64,-5305.197722209361,-4255.6300579705585
65,-5227.354343881886,-4239.915945749326
66,-5222.0,-4239.0
67,-5115.856566083589,-4222.964122272086
68,-4996.0,-4208.0
69,-4954.917192196934,-4203.5463398345
70,-4796.181574695064,-4188.789095518472
71,-4722.0,-4180.0
72,-4615.088990130649,-4159.533966484829
73,-4537.0,-4134.0
74,-4425.758420282303,-4088.5403522351726
75,-4392.0,-4073.0
76,-4274.0,-4013.0
77,-4215.138770000925,-3982.637665411173
78,-4132.0,-3941.0
79,-4059.7182428681435,-3907.007027544521
80,-4000.0,-3881.0
81,-3869.4546979544484,-3831.4805943677284
82,-3794.0,-3807.0
83,-3737.0,-3791.0
84,-3687.054575593251,-3779.549478098559
85,-3394.0,-3726.0
86,-3381.9170788505257,-3724.0513729526674
87,-3241.640240001546,-3707.7057588284224
88,-3162.0,-3700.0
89,-3116.4692698315084,-3693.872112582447
90,-2963.0,-3669.0
91,-2942.530474577135,-3665.1115616809493
92,-2897.0,-3655.0
93,-2757.5443238051303,-3608.214694669246
94,-2681.0,-3577.0
95,-2654.8353346042277,-3564.942261256092
96,-2589.1796900002246,-3525.104293662563
97,-2586.0,-3523.0
98,-2453.0,-3418.0
99,-2447.540008302055,-3411.943085794118
100,-2348.7438654612315,-3279.3769913454335
101,-2326.0,-3245.0
102,-2305.2653154031427,-3201.0912422192014
103,-2300.0,-3181.0
104,-2282.0066446098763,-3118.2606638042816
105,-2276.0,-3096.0
106,-2265.0,-3014.0
107,-2264.9908578213794,-2974.701817710617
108,-2269.4473512613704,-2858.8790701635194
109,-2274.0,-2814.0
110,-2292.6017329588353,-2727.2916697774917
111,-2317.0,-2661.0
112,-2322.5314417578397,-2646.5150068539206
113,-2337.621165093461,-2608.724833514735
114,-2369.0,-2549.0
115,-2385.7637890290503,-2520.786402855228
116,-2446.0,-2426.0
117,-2474.1817281618833,-2385.700317419945
118,-2512.179479250181,-2336.886260303321
119,-2531.0,-2314.0
120,-2580.0,-2256.0
121,-2606.449490995757,-2224.0982998773516
122,-2642.0,-2179.0
123,-2676.0,-2131.0
124,-2703.451480491825,-2086.7506102726043
125,-2725.0,-2040.0
126,-2734.1212219917406,-2011.1539437694094
127,-2748.7621345970933,-1924.6589206962085
128,-2749.0,-1921.0
129,-2745.346613140877,-1849.778528315258
130,-2722.0,-1770.0
131,-2716.0,-1755.0
132,-2665.1762771618864,-1651.2238334244348
133,-2608.0,-1549.0
134,-2564.7140085156857,-1483.3001397448163
135,-2490.0,-1396.0
136,-2488.2699144229764,-1394.0013986975969
137,-2462.7799283086165,-1363.9345151335604
138,-2445.0,-1344.0
139,-2323.5485126687836,-1210.9675374084825
140,-2284.0,-1167.0
141,-2225.0214634631834,-1097.2651131041157
142,-2189.3616202169023,-1048.6006492061042
143,-2181.0,-1037.0
144,-2128.0,-962.0
145,-2108.230018071169,-931.4268546861443
146,-2106.0,-928.0
147,-1961.2437164080773,-717.4237113370868
148,-1951.0,-703.0
149,-1914.625914365215,-653.0121488644259
150,-1873.0,-599.0
151,-1811.0,-520.0
152,-1783.4810174056524,-485.7193290674874
153,-1717.0,-407.0
154,-1670.9020229481266,-355.6088227887734
155,-1621.0702505988297,-301.9954484515518
156,-1599.0,-279.0
157,-1566.3543325656722,-247.34014370717588
158,-1542.0,-230.0
159,-1487.4213870897731,-203.17492399245484
160,-1481.0,-201.0
161,-1439.0,-197.0
162,-1393.373128101326,-207.09504596519113
163,-1370.0,-214.0
164,-1304.246473614986,-256.77816595294496
165,-1303.0,-258.0
166,-1281.503162983745,-280.9707494888413
167,-1280.0,-283.0
168,-1248.0,-336.0
169,-1230.0831469213433,-378.6671356213733
170,-1224.2730041166365,-405.55669658422715
171,-1223.0,-410.0
172,-1220.0,-420.0
173,-1201.1145715437042,-492.94046869798444
174,-1187.0,-549.0
175,-1181.9851432610214,-568.0281518349918
176,-1177.0,-584.0
177,-1161.6888473521685,-634.1454394464439
178,-1154.0,-658.0
179,-1116.677353358832,-758.0200194485241
180,-1115.0,-762.0
181,-1085.9971621590444,-827.4818335517477
182,-1066.0,-870.0
183,-1048.05387358788,-905.1007636732954
184,-1025.0,-944.0
185,-1015.5365388874859,-959.8679092542342
186,-983.0,-1008.0
187,-946.7991141187154,-1051.9009424525032
188,-932.0,-1069.0
189,-907.9902409992571,-1095.1949320101073
190,-886.8903317799466,-1107.0240943270665
191,-874.0,-1112.0
192,-851.2958648095107,-1121.5079940080357
193,-821.0,-1131.0
194,-796.818411091478,-1131.758378624902
195,-748.0,-1109.0
196,-744.8002273201798,-1105.5001740454652
197,-731.0,-1065.0
198,-730.20680848863,-1058.6998626003865
199,-730.1016393938877,-1032.085529179535
200,-733.0489036447739,-1014.8172609872455
201,-735.0,-1007.0
202,-737.0,-1000.0
203,-740.9709086223829,-986.1986292665829
204,-744.0,-977.0
205,-749.0010086773723,-964.1118322416559
206,-768.4160713133335,-924.0722416003077
207,-769.0,-923.0
208,-778.1424973117632,-907.4534606063398
209,-787.4592936631235,-894.0237886622613
210,-794.0,-885.0
211,-807.0,-868.0
212,-808.2924948309645,-866.4370077886973
213,-857.0,-812.0
214,-858.8555992335955,-809.9900695757419
215,-895.8336041734939,-771.2091289898956
216,-911.0,-756.0
217,-929.1633173140658,-738.12949585806
218,-963.0312577098642,-699.7499543380966
219,-968.0,-693.0
220,-999.4171738117402,-645.8803155600951
221,-1004.0,-638.0
222,-1020.9506211994983,-600.3439089879638
223,-1027.0,-573.0
224,-1029.3648928929917,-546.623803346597
225,-1029.0,-529.0
226,-1017.0,-472.0
227,-1014.1951699338923,-464.7981628118788
228,-988.9247298478692,-422.01633342473843
229,-970.0,-399.0
230,-959.6620358635546,-388.1545369381963
231,-909.0,-349.0
232,-906.6224206139925,-347.5026393876024
233,-901.0,-344.0
234,-866.9696307564524,-322.51442031581155
235,-861.0,-319.0
236,-804.9130363782203,-290.3937777922719
237,-789.0,-283.0
238,-747.8229477596665,-264.6438210752818
239,-730.0,-257.0
240,-681.6507863107183,-237.04720874745112
241,-679.0,-236.0
242,-637.0,-220.0
243,-552.0,-192.0
244,-521.2386680710584,-184.98240005238358
245,-448.0,-171.0
246,-411.52594405164297,-164.22562194861592
247,-383.0,-169.0
248,-379.8646760787719,-169.7920551663608
249,-299.0,-196.0
250,-267.04480702685805,-216.08176233954867
251,-250.0,-252.0
252,-247.0860530300949,-258.08505698583326
253,-225.0,-306.0
254,-222.18510124480005,-313.3621874000953
255,-211.0,-348.0
256,-203.0,-380.0
257,-201.16188437774892,-389.37673680041144
258,-189.0,-469.0
259,-187.79616929952954,-479.7466444793511
260,-184.7119988679777,-526.5089453798305
261,-184.97116384515098,-560.929930529296
262,-185.0,-576.0
263,-184.78523950694654,-594.6924456899603
264,-185.0,-613.0
265,-191.0,-730.0
266,-192.1194995164891,-742.8603919444035
267,-201.58412396171843,-832.4755465713787
268,-203.0,-845.0
269,-212.0930127414188,-922.5451904187637
270,-218.0,-974.0
271,-221.49518609837756,-1005.6046390787383
272,-225.0,-1038.0
273,-231.44696253895304,-1099.2111004131614
274,-234.0,-1123.0
275,-239.97973134340108,-1176.7593453778736
276,-245.0,-1222.0
277,-255.0,-1315.0
278,-265.4131901086848,-1407.3685216538815
279,-268.0,-1433.0
280,-272.69806499249864,-1488.4015341086488
281,-282.4975443352604,-1579.1767882341505
282,-286.0,-1601.0
283,-324.9084148354484,-1797.639402937601
284,-335.0,-1844.0
285,-355.0,-1915.0
286,-381.27420432611603,-2000.6202339333252
287,-400.0,-2059.0
288,-456.0,-2216.0
289,-458.28097317137383,-2222.2682701511935
290,-502.2551753534783,-2340.9015553043464
291,-511.0,-2363.0
292,-577.832585121805,-2524.660259432413
293,-609.0,-2598.0
294,-641.6664520524942,-2672.1224046832085
295,-672.0,-2735.0
296,-694.5363916752455,-2781.8347189910073
297,-742.0,-2872.0
298,-826.2650021442894,-3009.915057106161
299,-831.0,-3017.0
300,-928.0,-3137.0
301,-933.0522043103435,-3142.5418245825276
302,-1018.0,-3231.0
303,-1034.5013861424345,-3246.491611830451
304,-1163.0,-3350.0
305,-1193.0217764601916,-3370.7513249716694
306,-1313.0,-3443.0
307,-1434.0,-3504.0
308,-1441.680844928328,-3507.7162712906074
309,-1619.1640088200097,-3591.2504412779795
310,-1625.0,-3594.0
311,-1814.0,-3686.0
312,-1868.943552552399,-3713.7411700927532
313,-2046.0,-3804.0
314,-2090.3117547500115,-3826.600239990913
315,-2198.0,-3881.0
316,-2241.1852899188953,-3902.4070708760205
317,-2365.0,-3962.0
318,-2423.1588723336426,-3988.6354841186644
319,-2520.0,-4032.0
320,-2501.369847710759,-4024.1570064643233
321,-2496.0,-4021.0
322,-2767.914963656038,-4130.8675973096015
323,-2776.0,-4134.0
324,-2920.56687402863,-4184.535805582147
325,-2971.0,-4200.0
326,-3040.5370687684144,-4220.845829530646
327,-3073.0,-4230.0
328,-3234.0,-4269.0
329,-3300.1586499475493,-4282.8447812659615
330,-3391.0,-4299.0
331,-3424.806025843215,-4304.160523054593
332,-3551.0,-4321.0
333,-3556.734690374058,-4321.704109735233
334,-3664.0,-4333.0
335,-3698.9303175430705,-4336.799023043744
336,-3822.0,-4350.0
337,-3839.9344418248797,-4351.444570328007
338,-3880.4921010962416,-4352.016893015372
339,-3956.0,-4365.0
340,-3998.208052504327,-4373.2065280701445
341,-4106.0,-4397.0
342,-4135.803420560806,-4417.297356953536
343,-4137.0,-4419.0
344,-4193.0,-4495.0
345,-4214.429220713559,-4528.4181957480505
346,-4244.0,-4580.0
347,-4247.432332424479,-4584.455096099751
348,-4287.433784033985,-4619.940524546975
349,-4294.0,-4624.0
350,-4350.0,-4645.0
351,-4358.968877453976,-4646.631281531225
352,-4391.0,-4650.0
353,-4404.96809462716,-4650.332474098448
354,-4436.0,-4650.0
355,-4445.0,-4650.0
356,-4474.203946206131,-4647.016824625242
357,-4499.0,-4642.0
358,-4543.0,-4631.0
359,-4582.6798025172375,-4620.849116945178
360,-4632.0,-4610.0
361,-4693.274735283599,-4601.164493068148
362,-4710.0,-4600.0
363,-4747.901028194582,-4599.593979740216
364,-4759.0,-4600.0
365,-4860.699309252577,-4609.691957127508
366,-4920.0,-4618.0
367,-4975.705784713653,-4626.599925706283
368,-5059.0,-4640.0
369,-5127.336600416899,-4650.5906205774
370,-5180.0,-4658.0
371,-5248.0,-4668.0
372,-5287.867437810044,-4673.393594126706
373,-5339.0,-4680.0
374,-5391.586253897099,-4686.645943339887
375,-5463.314773892163,-4695.416272415652
376,-5509.0,-4701.0
377,-5699.0,-4724.0
378,-5723.2091797342955,-4726.798979878016
379,-5900.243926856823,-4745.623589707669
380,-5923.0,-4748.0
381,-5989.515421699909,-4755.203156122118
382,-6057.0,-4762.0
383,-6123.059760291842,-4768.11299647747
384,-6181.0,-4773.0
385,-6226.457350633109,-4776.384289551972
386,-6295.0,-4781.0
387,-6426.0,-4789.0
388,-6443.3424860458845,-4789.729449598942
389,-6547.405534606777,-4796.030426027104
390,-6578.0,-4802.0
391,-6723.0,-4845.0
392,-6759.428818713422,-4858.284424524082
393,-6800.937126843659,-4879.474847910858
394,-6840.4494156822075,-4927.335638399066
395,-6859.0,-4949.0
396,-6912.487625654295,-5010.915830881636
397,-6934.0,-5036.0
398,-6975.230183920323,-5085.872684406196
399,-6998.885015477136,-5124.4747015097955
400,-7010.0,-5145.0
401,-7042.444599410694,-5207.394684205719
402,-7094.0,-5312.0
403,-7113.784761791162,-5357.513478960973
404,-7136.0,-5430.0
405,-7137.359830610666,-5434.770438003319
406,-7167.0,-5546.0
407,-7186.0,-5645.0
408,-7197.952531963974,-5731.213762317133
409,-7214.0,-5876.0
410,-7218.815690334589,-5947.884332147114
411,-7219.0,-5959.0
412,-7213.498170814717,-6171.453667593279
413,-7213.0,-6177.0
414,-7191.0,-6281.0
415,-7110.0,-6417.0
416,-7074.152689219472,-6470.63582170454
417,-7006.6791145331135,-6564.991331132361
418,-6963.0,-6633.0
419,-6960.803747901326,-6637.021728076392
420,-6934.639276037013,-6705.462964622981
421,-6920.0,-6760.0
422,-6886.853599478023,-6875.308503130853
423,-6850.0,-7005.0
424,-6843.0,-7031.0
425,-6818.233992206505,-7141.3876921171095
426,-6812.0,-7173.0
427,-6783.535693434713,-7336.875245807864
428,-6781.0,-7354.0
429,-6765.547136658728,-7474.264537226814
430,-6765.0,-7479.0
431,-6755.0,-7576.0
432,-6750.900532131439,-7627.981274911842
433,-6750.0,-7641.0
434,-6744.586180721269,-7755.707697388683
435,-6745.0,-7794.0
436,-6749.392723008213,-7855.0991156924065
437,-6752.0,-7873.0
438,-6763.990948894702,-7920.72460968394
439,-6789.0,-7961.0
440,-6814.177467490973,-7984.321330769049
441,-6835.0,-8003.0
442,-6882.0,-8060.0
443,-6895.583273622309,-8098.34595325288
444,-6899.0,-8159.0
445,-6898.515912552035,-8184.5785642848
446,-6895.0,-8231.0
447,-6891.639552624531,-8256.38990713786
448,-6884.0,-8301.0
449,-6879.818148385553,-8323.713253060825
450,-6859.0,-8412.0
451,-6833.348417681671,-8495.95665160898
452,-6828.0,-8512.0
453,-6796.1690736476285,-8596.855150376956
454,-6755.300283516161,-8687.278233270623
455,-6754.0,-8690.0
456,-6730.154865997117,-8737.05530693737
457,-6716.0,-8763.0
458,-6702.792731026204,-8786.689410822566
459,-6648.0,-8872.0
460,-6608.844669239687,-8924.762239056265
461,-6563.0,-8985.0
462,-6541.6490903134645,-9013.28628479434
463,-6508.0,-9047.0
464,-6431.708444988949,-9109.76680369033
465,-6323.0,-9194.0
466,-6295.286817041613,-9213.565786582716
467,-6243.0,-9239.0
468,-6219.628845681851,-9250.896991957958
469,-6143.0,-9292.0
470,-6099.913632615478,-9315.86560550081
471,-6091.0,-9321.0
472,-6034.0,-9357.0
473,-6003.008168444923,-9381.483444823354
474,-5981.0,-9402.0
475,-5966.103521577307,-9418.02867403045
476,-5947.0,-9449.0
477,-5930.874432667096,-9513.560156649455
478,-5929.0,-9526.0
479,-5930.0685847104105,-9558.187099138468
480,-5932.0,-9566.0
481,-5953.3103580391235,-9635.292798570219
482,-5954.0,-9637.0
483,-5965.488654492182,-9659.706422723422
484,-5986.0,-9683.0
485,-5987.216826780798,-9684.198257053802
486,-6012.282483404894,-9706.30385363527
487,-6016.0,-9709.0
488,-6048.713487467046,-9725.184579248913
489,-6051.0,-9726.0
490,-6098.484624243659,-9741.227577273814
491,-6101.0,-9742.0
492,-6137.173302742567,-9752.306471720938
493,-6162.0,-9756.0
494,-6192.390262872375,-9759.96680393552
495,-6210.0,-9762.0
496,-6230.0,-9764.0
497,-6257.977720447224,-9766.163654828804
498,-6287.0,-9768.0
499,-6358.0,-9772.0
500,-6378.681773703011,-9772.404162334067
501,-6490.0,-9771.0
502,-6493.008462016431,-9770.88588558353
503,-6535.0,-9767.0
504,-6541.188989392766,-9766.194091961259
505,-6622.0,-9753.0
506,-6624.679913573126,-9752.31964604335
507,-6660.1486692876915,-9740.737812255298
508,-6662.0,-9740.0
509,-6693.0,-9725.0
510,-6705.9691813046675,-9716.586753527135
511,-6734.0,-9692.0
512,-6738.420113143795,-9686.849786477418
513,-6750.0,-9671.0
514,-6778.606610538174,-9613.574806557215
515,-6781.0,-9607.0
516,-6797.0,-9551.0
517,-6799.006211008927,-9542.806445186361
518,-6807.0,-9507.0
519,-6818.6069733067925,-9442.121283672948
520,-6824.0,-9421.0
521,-6849.7362594606975,-9334.927265329994
522,-6860.0,-9303.0
523,-6874.449335930031,-9268.109705225908
524,-6882.0,-9255.0
525,-6897.674807332778,-9226.900100296054
526,-6927.0,-9176.0
527,-6933.974020214513,-9164.770779774037
528,-6976.0,-9102.0
529,-7032.69054373383,-9020.206995101038
530,-7059.0,-8982.0
531,-7110.363316264878,-8903.444566389935
532,-7113.0,-8899.0
533,-7173.774690558688,-8787.293599258936
534,-7187.0,-8761.0
535,-7223.804214733237,-8678.746434964525
536,-7251.0,-8607.0
537,-7256.920390612403,-8591.214942548011
538,-7283.0,-8520.0
539,-7311.437938578328,-8433.628478526382
540,-7331.0,-8371.0
541,-7347.428925303695,-8318.15101261797
542,-7367.0,-8254.0
543,-7389.9865396994155,-8175.3841787011825
544,-7416.0,-8084.0
545,-7446.140048479923,-7977.050710772776
546,-7451.0,-7959.0
547,-7461.0,-7921.0
548,-7527.0,-7673.0
549,-7535.91466528276,-7637.756736195954
550,-7578.0,-7441.0
551,-7581.915690439191,-7420.431585837314
552,-7596.0,-7343.0
553,-7609.699602564081,-7251.792753452742
554,-7616.0,-7201.0
555,-7632.0,-7042.0
556,-7637.282907864172,-6982.503270430088
557,-7644.0,-6896.0
558,-7645.784596099202,-6870.667449018567
559,-7656.0,-6715.0
560,-7659.789813481715,-6655.130293555594
1,-7675.0,-6395.0
2,-7675.923997844087,-6368.7343515708835
3,-7677.0,-6133.0
4,-7675.728629526737,-6097.724269934548
5,-7665.0,-5945.0
6,-7659.21099528864,-5879.905002978685
7,-7640.0,-5678.0
8,-7632.065994721952,-5606.181946252729
9,-7625.0,-5568.0
10,-7616.1212430045525,-5514.704045347211
11,-7591.0,-5374.0
12,-7577.446553740617,-5309.801093232905
13,-7537.132504077363,-5139.71080492442
14,-7533.0,-5123.0
15,-7511.0,-5043.0
16,-7505.488297816024,-5023.92076733437
17,-7489.0,-4967.0
18,-7449.0,-4848.0
19,-7443.571309435008,-4834.939535170504
20,-7407.0,-4755.0
21,-7375.163307981727,-4706.135561307897
22,-7356.0,-4691.0
23,-7344.360893719373,-4683.071980202726
24,-7299.349452219049,-4657.131463072583
25,-7297.0,-4656.0
26,-7242.0,-4635.0
27,-7178.0,-4619.0
28,-7162.224201823128,-4615.799067228958
29,-7112.8773433685665,-4607.762450683772
30,-7083.0,-4604.0
31,-6972.0,-4592.0
32,-6925.088276319867,-4587.620188685636
33,-6912.105330013176,-4587.2402641621175
34,-6883.0,-4585.0
35,-6813.0,-4579.0
36,-6790.418838806507,-4577.058329338388
37,-6717.800479344143,-4570.47988865096
38,-6713.0,-4570.0
39,-6656.0,-4564.0
40,-6597.795823263213,-4557.092260825647
41,-6568.0,-4553.0
42,-6524.546832655409,-4546.463236580897
43,-6479.0,-4539.0
44,-6401.951295093246,-4524.9587953393775
45,-6334.0,-4511.0
46,-6273.9229170496765,-4497.413011139602
47,-6181.0,-4475.0
48,-6136.0,-4464.0
49,-6084.488647986547,-4451.413811665689
50,-5895.0,-4405.0
51,-5864.700727482072,-4397.464423758216
52,-5775.777268186839,-4374.909296721752
53,-5764.0,-4372.0
54,-5630.0,-4339.0
55,-5547.00111198119,-4317.601906400951
56,-5368.0,-4271.0
57,-5283.249633814298,-4250.582970451852
58,-5226.0,-4240.0
59,-5168.659370992456,-4229.630955184825
60,-5121.0,-4222.0
61,-5060.05421048995,-4214.5288737149485
62,-5014.0,-4210.0
63,-4808.0,-4192.0
64,-4759.929152523343,-4186.001359454998
65,-4621.0,-4160.0
66,-4522.132890276586,-4128.721483354305
67,-4477.0,-4111.0
68,-4345.0,-4049.0
69,-4338.420915641682,-4045.6863472957825
70,-4233.126509725938,-3991.2463952361327
71,-4201.0,-3975.0
72,-4148.0,-3949.0
73,-4101.909771178308,-3926.9533434689633
74,-4016.0,-3888.0
75,-3893.0,-3840.0
76,-3827.926013122743,-3818.3732091639977
77,-3667.0,-3774.0
78,-3659.4757690807764,-3772.222280050861
79,-3516.1956741203066,-3745.4244313555655
80,-3507.0,-3744.0
81,-3343.0,-3720.0
82,-3268.0438330422717,-3710.040672137731
83,-3149.3915102875217,-3697.759593705941
84,-3119.0,-3694.0
85,-3006.0,-3677.0
86,-2877.98936904176,-3649.838915872557
87,-2862.0,-3646.0
88,-2768.140897943987,-3616.9293698992724
89,-2744.0,-3606.0
90,-2595.0,-3529.0
91,-2507.7681085142335,-3476.608973311119
92,-2428.4425783701363,-3395.6730981680466
93,-2414.0,-3377.0
94,-2386.375927870472,-3341.5042302090187
95,-2343.121471569024,-3278.2177635263524
96,-2337.0,-3267.0
97,-2302.303810384351,-3190.391701423772
98,-2291.0,-3157.0
99,-2274.9193519119076,-3089.450942071073
100,-2265.0,-3023.0
101,-2262.0,-2961.0
102,-2262.0115709273305,-2956.688505767639
103,-2264.0,-2887.0
104,-2274.2230766238677,-2809.0749078376607
105,-2275.0,-2805.0
106,-2304.0,-2696.0
107,-2315.3743217098063,-2664.813811072309
108,-2339.0,-2609.0
109,-2373.0,-2540.0
110,-2390.468949658185,-2509.7595207617287
111,-2419.0,-2465.0
112,-2432.9499191821797,-2444.1985626249866
113,-2494.0,-2360.0
114,-2538.0,-2305.0
115,-2579.8153925454126,-2255.4632699641097
116,-2625.0,-2201.0
117,-2667.0,-2144.0
118,-2679.025169076048,-2126.1533689909043
119,-2706.0,-2081.0
120,-2718.182901994115,-2055.407819070453
121,-2744.0,-1971.0
122,-2748.7895531759514,-1908.1394754177782
123,-2747.0,-1887.0
124,-2720.44106821897,-1768.717628617468
125,-2719.0,-1764.0
126,-2696.295109512249,-1702.4249484026839
127,-2654.719996171708,-1624.9256080829782
128,-2653.0,-1622.0
129,-2558.0,-1480.0
130,-2555.0623518480083,-1476.1239297051557
131,-2507.0,-1416.0
132,-2456.0,-1358.0
133,-2432.708113961586,-1331.7118005688021
134,-2390.0,-1284.0
135,-2365.1813708997643,-1257.1452626580049
136,-2341.0,-1231.0
137,-2242.0,-1117.0
138,-2237.7740409474404,-1111.7101214776308
139,-2154.0,-999.0
140,-2109.0,-933.0
141,-2088.6700379098565,-902.9615307647687
142,-2035.0,-824.0
143,-2000.0,-773.0
144,-1980.8601685695273,-745.7268754493485
145,-1878.0,-606.0
146,-1791.2252235128983,-496.0491356462314
147,-1771.0,-471.0
148,-1730.6915345801767,-423.2143660728625
149,-1708.0,-398.0
150,-1686.822314905809,-373.6522588009735
151,-1653.0,-335.0
152,-1645.5096047926959,-326.69622548725084
153,-1606.0,-286.0
154,-1524.0,-219.0
155,-1521.7750921983447,-217.42881517975593
156,-1480.0,-201.0
157,-1468.1452380818853,-200.5231392988246
158,-1407.0446749633963,-204.18589874078987
159,-1384.0,-208.0
160,-1347.4990077341465,-223.63473484503118
161,-1332.0,-235.0
162,-1305.0,-257.0
163,-1290.0243159442575,-272.0095177788119
164,-1277.0,-287.0
165,-1264.9406865629148,-303.40578994140503
166,-1254.0,-323.0
167,-1251.4778170831905,-328.32782679442164
168,-1233.0,-378.0
169,-1222.0,-417.0
170,-1218.8644219285943,-428.397658635985
171,-1212.0,-454.0
172,-1208.9022063061989,-466.45524123773436
173,-1202.0,-495.0
174,-1178.0,-583.0
175,-1173.7615008948767,-597.1958950641929
176,-1159.0,-643.0
177,-1145.9047157549355,-679.7277662525535
178,-1123.0,-741.0
179,-1101.9469784017306,-793.0005125198439
180,-1096.0,-806.0
181,-1033.0,-931.0
182,-1030.7699890930062,-935.0204322409304
183,-1004.0,-980.0
184,-1001.9859215823764,-983.0966078188827
185,-962.0,-1037.0
186,-919.0,-1081.0
187,-909.4712244771958,-1089.1891616188345
188,-896.0,-1099.0
189,-818.0869329731169,-1130.5720038016411
190,-809.0,-1133.0
191,-785.0,-1131.0
192,-768.041080647424,-1123.5323370008527
193,-748.0,-1110.0
194,-743.0916154176723,-1104.0046784194085
195,-732.0,-1074.0
196,-730.1979063658423,-1057.3812388257409
197,-730.0,-1053.0
198,-732.0,-1019.0
199,-733.095288390002,-1013.4054505822851
200,-745.0,-973.0
201,-745.5824204593699,-971.351575936174
202,-758.5863261416838,-942.852898467369
203,-759.0,-942.0
204,-767.3360591454982,-925.1902417400801
205,-768.0,-924.0
206,-791.2324321368319,-887.8576331108351
207,-796.0,-881.0
208,-805.3795041181727,-868.0836731085672
209,-830.0,-840.0
210,-833.169377300753,-836.6878961517154
211,-853.2634253217975,-815.950460411196
212,-858.0,-811.0
213,-895.0,-772.0
214,-904.5287358365138,-762.271042960172
215,-910.6850548907896,-756.7195405455348
216,-919.0,-748.0
217,-953.8088652322044,-709.7398118877353
218,-975.0,-684.0
219,-1005.0,-638.0
220,-1012.0,-623.0
221,-1018.9005823123997,-606.466320864127
222,-1028.0,-561.0
223,-1027.3858892852804,-544.9203421455906
224,-1014.0,-466.0
225,-1009.3049745863295,-450.0075304813237
226,-997.0,-433.0
227,-980.1623281323057,-413.5512112943235
228,-941.0,-373.0
229,-918.4413673612689,-355.328057399035
230,-912.0,-351.0
231,-859.3488913787093,-319.3303033514814
232,-834.0,-305.0
233,-799.0458222363336,-287.2994265577523
234,-791.0,-284.0
235,-781.0,-280.0
236,-758.5819965347522,-269.7464072651446
237,-722.0,-254.0
238,-656.7450123689981,-228.55433610008038
239,-597.0,-206.0
240,-567.2598485835031,-194.74412634968496
241,-527.0,-185.0
242,-484.95115905270364,-178.06991312299047
243,-416.95672581963834,-168.33756122528018
244,-414.0,-168.0
245,-374.58877895158554,-166.38152076423913
246,-349.0,-174.0
247,-307.0,-192.0
248,-304.71757983017045,-193.46947283970866
249,-280.0,-214.0
250,-253.8094920030773,-247.84383814821422
251,-242.0,-269.0
252,-226.0,-305.0
253,-220.79355939815306,-319.97844937992784
254,-204.49384747771234,-376.91746415976183
255,-199.0,-400.0
256,-190.717376326281,-447.95656116756686
257,-188.29460817518716,-482.02841898037633
258,-187.0,-501.0
259,-184.8377091079593,-530.2161834677818
260,-185.0,-577.0
261,-186.20874834317908,-626.3028000359968
262,-189.0,-709.0
263,-190.32626204185763,-732.8850788138578
264,-193.0,-754.0
265,-193.2724972598687,-756.3149334151238
266,-202.0,-834.0
267,-203.8551039738792,-850.346486433261
268,-223.0,-1018.0
269,-225.91279779190927,-1044.2001823696967
270,-239.1913126399406,-1171.9081871340184
271,-243.0,-1208.0
272,-251.0,-1282.0
273,-268.1321519713725,-1438.1397541086312
274,-269.0,-1446.0
275,-281.2275477753187,-1555.8098226976545
276,-296.2544089719971,-1668.5865490529964
277,-307.0,-1724.0
278,-318.60458651479723,-1776.1139442754102
279,-369.0,-1963.0
280,-375.5497465504757,-1984.1764113298966
281,-441.0628365995023,-2175.8638204974723
282,-461.0,-2231.0
283,-468.7103854768992,-2251.9338421873595
284,-504.0,-2342.0
285,-506.48250885334835,-2348.2038388463716
286,-561.0138577671722,-2483.7995012450306
287,-585.0,-2542.0
288,-620.9239527054885,-2625.3621109019114
289,-623.0,-2630.0
290,-676.0,-2744.0
291,-728.1465104955784,-2845.990534146949
292,-740.0,-2867.0
293,-821.0,-3001.0
294,-825.732438745971,-3008.351223929574
295,-958.0,-3171.0
296,-1096.0,-3299.0
297,-1102.8864540203112,-3305.020857287707
298,-1214.0,-3384.0
299,-1219.5604583145368,-3387.249133470895
300,-1409.7598614316355,-3492.2030728195946
301,-1443.0,-3509.0
302,-1545.0,-3557.0
303,-1667.0,-3614.0
304,-1674.889365213935,-3617.7768487591225
305,-1775.0,-3667.0
306,-1783.7126718091706,-3671.365486702941
307,-2040.719635799121,-3801.822244240564
308,-2047.0,-3805.0
309,-2182.0,-3872.0
310,-2211.068027632729,-3886.3114506859356
311,-2421.328013923867,-3988.1111747706063
312,-2443.0,-3998.0
313,-2558.0,-4048.0
314,-2681.70475809172,-4098.680807890237
315,-2703.0,-4107.0
316,-2822.0,-4151.0
317,-2920.207398528075,-4183.832908180042
318,-3033.0,-4218.0
319,-3133.4949378775145,-4245.623648329857
320,-3171.0,-4255.0
321,-3306.0,-4284.0
322,-3342.2952687293846,-4290.672362475227
323,-3445.0,-4307.0
324,-3452.6381123008537,-4308.090871451601
325,-3636.909924701133,-4330.448101268433
326,-3642.0,-4331.0
327,-3711.1290721988894,-4338.137918168104
328,-3729.0,-4340.0
329,-3861.0,-4354.0
330,-3890.0390580713297,-4357.060799198197
331,-3930.3565762704907,-4361.270592003351
332,-3944.0,-4363.0
333,-4013.994723170218,-4373.088068705311
334,-4038.0,-4378.0
335,-4084.0,-4391.0
336,-4093.553320490879,-4394.415754114983
337,-4140.0,-4417.0
338,-4168.016004460322,-4444.807213856788
339,-4187.30242793184,-4480.922404765793
340,-4196.0,-4498.0
341,-4217.0,-4539.0
342,-4239.0,-4574.0
343,-4256.058039905276,-4592.414250378763
344,-4305.0,-4630.0
345,-4313.07581798776,-4634.648641547059
346,-4344.0,-4644.0
347,-4360.635344764263,-4647.067319917287
348,-4375.0,-4649.0
349,-4454.0,-4649.0
350,-4456.779418857332,-4648.722574533117
351,-4506.542616505685,-4640.38580153305
352,-4548.0,-4630.0
353,-4557.965168417907,-4627.085691763423
354,-4607.0,-4615.0
355,-4616.885017913871,-4613.467860814395
356,-4698.940333794224,-4602.48019451579
357,-4720.0,-4600.0
358,-4763.0,-4600.0
359,-4804.334300061048,-4604.040620018379
360,-4832.0,-4607.0
361,-4876.639543936584,-4612.516980917232
362,-4908.0,-4617.0
363,-4954.135459545471,-4624.109386698201
364,-5044.854741330294,-4638.385873459913
365,-5049.0,-4639.0
366,-5119.0,-4649.0
367,-5140.110356254511,-4652.218086089047
368,-5191.0,-4660.0
369,-5296.7422601424905,-4674.411565153778
370,-5347.0,-4681.0
371,-5417.422059383662,-4690.061414979927
372,-5518.540398175921,-4702.121443316102
373,-5526.0,-4703.0
374,-5739.0,-4728.0
375,-5779.588198513975,-4732.825444944699
376,-5808.0,-4736.0
377,-5899.507192746177,-4745.38739668845
378,-6013.0,-4757.0
379,-6062.0,-4762.0
380,-6131.019865548563,-4768.544808459041
381,-6263.0,-4779.0
382,-6378.684959439197,-4785.505079920415
383,-6415.0,-4788.0
384,-6581.0,-4802.0
385,-6617.721085303583,-4805.701682076829
386,-6674.0,-4824.0
387,-6694.1266054289135,-4834.930649255567
388,-6797.487523109743,-4897.643792691435
389,-6828.0,-4919.0
390,-6871.280259042554,-4955.187366700522
391,-6922.724644283668,-5020.126382669378
392,-6930.0,-5030.0
393,-6979.0,-5098.0
394,-6996.33050187075,-5123.12534309323
395,-7043.0,-5204.0
396,-7101.600690814158,-5332.70404104845
397,-7109.0,-5350.0
398,-7130.765150908451,-5408.631344055428
399,-7139.0,-5440.0
400,-7170.112432213355,-5561.038847225983
401,-7171.0,-5565.0
402,-7186.0,-5643.0
403,-7195.289236375855,-5703.055492240294
404,-7202.0,-5754.0
405,-7206.661819408882,-5795.327910280198
406,-7217.733374243793,-5937.684377892541
407,-7218.0,-5943.0
408,-7220.0,-6053.0
409,-7219.773220880512,-6060.55120407409
410,-7208.0,-6211.0
411,-7206.0,-6222.0
412,-7182.0582943551935,-6307.114719002513
413,-7149.0,-6370.0
414,-7127.962766760851,-6396.440322217286
415,-7057.0,-6469.0
416,-6982.414958323776,-6588.184809922677
417,-6969.0,-6618.0
418,-6925.0,-6745.0
419,-6918.7205658836,-6764.983293824518
420,-6887.34519740094,-6868.363177017379
421,-6882.0,-6887.0
422,-6851.0,-7003.0
423,-6821.075486044793,-7127.886493012463
424,-6817.0,-7147.0
425,-6796.0074152861,-7259.137557570664
426,-6795.0,-7265.0
427,-6775.548496904051,-7390.024219306948
428,-6773.0,-7410.0
429,-6762.944452286051,-7503.621180332295
430,-6760.0,-7533.0
431,-6753.659458119449,-7597.185242108149
432,-6752.0,-7620.0
433,-6745.3160919245565,-7769.070126461864
434,-6745.0,-7784.0
435,-6747.237509909899,-7850.881555679522
436,-6754.0,-7884.0
437,-6766.0,-7923.0
438,-6778.108436777027,-7942.9139855186895
439,-6842.0,-8008.0
440,-6883.0,-8061.0
441,-6889.889933502376,-8082.0758392772295
442,-6899.0,-8161.0
443,-6899.75375558648,-8186.047875526498
444,-6891.3869234129525,-8253.398573728937
445,-6891.0,-8256.0
446,-6883.0,-8309.0
447,-6878.24681605614,-8334.323055292201
448,-6861.0,-8407.0
449,-6850.32922825417,-8443.786406131225
450,-6828.0,-8512.0
451,-6807.944770973121,-8567.610600064103
452,-6785.584971376699,-8622.947755141147
453,-6763.0,-8672.0
454,-6748.633697226629,-8701.06992788281
455,-6724.0,-8748.0
456,-6685.0,-8816.0
457,-6674.038325638338,-8833.785867724197
458,-6639.0,-8885.0
459,-6589.0,-8953.0
460,-6567.170442424832,-8981.610676395927
461,-6497.0,-9059.0
462,-6413.657622754119,-9130.500501737806
463,-6374.0,-9162.0
464,-6323.4555852245485,-9197.350921135316
465,-6275.0,-9221.0
466,-6241.305533883973,-9238.959783246244
467,-6170.0,-9278.0
468,-6124.0,-9303.0
469,-6097.185756598586,-9318.17583579895
470,-6031.0,-9359.0
471,-6006.288530889677,-9376.913768144266
472,-5973.971246514945,-9407.041697182309
473,-5960.0,-9427.0
474,-5950.655192858961,-9445.02892160635
475,-5932.902880399366,-9501.824277217313
476,-5929.0,-9522.0
477,-5928.112056408633,-9544.527491300109
478,-5932.0,-9565.0
479,-5932.349172499735,-9566.711948581438
480,-5941.0,-9604.0
481,-5949.187767333999,-9627.242771984887
482,-5965.0,-9656.0
483,-5978.0,-9673.0
484,-5979.358575082975,-9674.653382073935
485,-5999.0,-9696.0
486,-6007.690111506949,-9703.098778616191
487,-6026.0,-9714.0
488,-6057.036259199358,-9726.83011190229
489,-6106.0,-9743.0
490,-6128.773904387359,-9749.992823883213
491,-6162.0,-9755.0
492,-6231.0,-9763.0
493,-6235.165620649214,-9763.430560918021
494,-6313.276927391374,-9769.780687260947
495,-6355.0,-9772.0
496,-6377.399696320645,-9772.861658874559
497,-6424.627605601808,-9773.038006596675
498,-6427.0,-9773.0
499,-6487.044681121857,-9771.15193290016
500,-6503.0,-9770.0
501,-6559.0,-9763.0
502,-6600.004180949845,-9755.920311746864
503,-6651.0,-9744.0
504,-6685.983752698312,-9728.96526816524
505,-6693.0,-9725.0
506,-6742.001545355079,-9682.970967923084
507,-6747.0,-9675.0
508,-6780.0,-9607.0
509,-6781.252227620922,-9604.100577472449
510,-6794.0,-9562.0
511,-6797.954542163394,-9544.706291998977
512,-6806.0,-9509.0
513,-6808.684031418558,-9496.085369955716
514,-6817.108987487067,-9453.568381250041
515,-6820.0,-9440.0
516,-6834.0,-9382.0
517,-6843.811971721285,-9347.898399128315
518,-6861.0,-9300.0
519,-6874.891822388395,-9269.586353958955
520,-6890.0,-9240.0
521,-6905.0,-9213.0
522,-6937.792761899844,-9160.762441750912
523,-7011.619699126101,-9050.905972068595
524,-7019.0,-9040.0
525,-7043.061700595333,-9004.671130606517
526,-7056.0,-8986.0
527,-7089.3936483076495,-8937.734908491275
528,-7115.0,-8897.0
529,-7164.0,-8807.0
530,-7166.887958502242,-8801.254276602815
531,-7203.0,-8724.0
532,-7227.792502413846,-8663.982803526362
533,-7272.242245874512,-8547.39664224207
534,-7279.0,-8529.0
535,-7309.600862981819,-8441.011568806594
536,-7342.0,-8335.0
537,-7362.196315319058,-8268.999186769051
538,-7374.0,-8229.0
539,-7427.0,-8045.0
540,-7442.817703367629,-7989.2852868426635
541,-7455.935208631521,-7939.511072150959
542,-7468.0,-7894.0
543,-7476.925042502793,-7860.991620703462
544,-7499.0,-7779.0
545,-7524.0,-7681.0
546,-7550.664702241578,-7573.398303621408
547,-7558.0,-7541.0
548,-7593.822873145522,-7351.609161023123
549,-7599.0,-7320.0
550,-7618.0,-7180.0
551,-7625.8393284444355,-7102.391240469884
552,-7642.0,-6923.0
553,-7652.12648769971,-6789.54419677108
554,-7651.0,-6792.0
1,-7669.0,-6500.0
2,-7681.0,-6300.0
3,-7681.014864227565,-6264.992444703781
4,-7675.0,-6097.0
5,-7658.629047750963,-5859.500216644121
6,-7656.0,-5829.0
7,-7632.875065366184,-5622.7667204575155
8,-7620.0,-5534.0
9,-7601.595858770865,-5426.220329615722
10,-7581.0,-5325.0
11,-7579.936423248089,-5320.078816705451
12,-7548.0,-5183.0
13,-7546.262151594767,-5176.068553405085
14,-7511.0,-5041.0
15,-7493.738770159777,-4979.667934576682
16,-7481.0,-4940.0
17,-7460.0,-4878.0
18,-7436.441423483294,-4819.798809943171
19,-7401.0,-4744.0
20,-7399.882787507588,-4741.870248894899
21,-7378.104421690909,-4711.114726828065
22,-7370.0,-4704.0
23,-7336.299923804022,-4678.45638703133
24,-7306.0,-4660.0
25,-7271.083355668818,-4644.953736466994
26,-7233.0,-4633.0
27,-7180.0,-4619.0
28,-7170.051381448983,-4616.9084612337865
29,-7066.445082843933,-4602.1450355670695
30,-7057.0,-4601.0
31,-7012.256581768606,-4595.722339584041
32,-6962.0,-4591.0
33,-6921.621471668337,-4587.609946604004
34,-6802.0,-4578.0
35,-6783.283096227471,-4576.432961574161
36,-6739.0,-4572.0
37,-6670.742334328534,-4564.985871377108
38,-6547.0,-4550.0
39,-6542.433949716038,-4549.317057778671
40,-6497.0,-4542.0
41,-6400.511931398001,-4524.387680169515
42,-6374.0,-4519.0
43,-6279.0,-4498.0
44,-6252.654805624236,-4492.011981559413
45,-6192.0,-4478.0
46,-6096.432407799588,-4454.815952082881
47,-6025.0,-4437.0
48,-5941.472978197679,-4416.092493093932
49,-5933.0,-4414.0
50,-5781.749173669798,-4376.98333253609
51,-5733.0,-4365.0
52,-5615.09571180041,-4335.287211677503
53,-5547.092048850204,-4316.542922574368
54,-5503.0,-4305.0
55,-5434.460877753703,-4287.382155530067
56,-5390.0,-4276.0
57,-5320.600748789734,-4258.518953943764
58,-5262.0,-4247.0
59,-5099.658364682696,-4220.192783121893
60,-5066.0,-4215.0
61,-4976.513172552304,-4206.034680725964
62,-4958.0,-4205.0
63,-4766.0,-4187.0
64,-4696.640557098406,-4178.010599754187
65,-4620.0,-4160.0
66,-4541.706776537087,-4132.933087554417
67,-4359.0,-4056.0
68,-4227.888883911976,-3991.1516922871774
69,-4139.0,-3944.0
70,-4115.551928693748,-3932.4974627134725
71,-3994.0,-3879.0
72,-3988.406759226702,-3876.7648426174437
73,-3871.0,-3833.0
74,-3823.4012058941325,-3817.231198223777
75,-3682.7937415960296,-3777.729337363814
76,-3617.0,-3763.0
77,-3566.144098757103,-3753.1627027677723
78,-3500.0,-3742.0
79,-3368.0972430215206,-3724.5339221686827
80,-3266.0,-3712.0
81,-3073.0,-3688.0
82,-2913.8740593433317,-3664.5150410380925
83,-2886.0,-3652.0
84,-2855.2199428810995,-3642.4841393435545
85,-2757.033837908331,-3611.3079150771046
86,-2751.0,-3609.0
87,-2638.0,-3555.0
88,-2583.8367172834523,-3521.9187884505714
89,-2560.0,-3506.0
90,-2455.0,-3420.0
91,-2423.0698199222284,-3383.8672616072663
92,-2342.0,-3275.0
93,-2339.3040735996638,-3270.9732358912916
94,-2300.5325236850244,-3186.643318118117
95,-2295.0,-3167.0
96,-2271.0474251098985,-3070.8267457854236
97,-2270.0,-3065.0
98,-2262.106382176547,-2968.2990755726237
99,-2264.0,-2895.0
100,-2267.4036921931465,-2848.228431922096
101,-2274.0370638109252,-2808.4038088168686
102,-2283.0,-2771.0
103,-2303.969551344143,-2697.2117369444622
104,-2312.0,-2674.0
105,-2330.0,-2629.0
106,-2363.0,-2559.0
107,-2375.8204913814757,-2535.751193703722
108,-2441.0711285607613,-2432.846342167716
109,-2476.0,-2383.0
110,-2489.580774641324,-2364.6456638953873
111,-2564.0,-2275.0
112,-2583.9971340597303,-2251.439204118573
113,-2618.0,-2210.0
114,-2667.1808889980925,-2142.4507854231047
115,-2698.0,-2096.0
116,-2703.557059628547,-2087.221115270656
117,-2727.0,-2036.0
118,-2748.0,-1934.0
119,-2751.416236322063,-1913.787003865541
120,-2746.0,-1873.0
121,-2722.3034623568446,-1790.2045732633244
122,-2697.0,-1709.0
123,-2684.25438255385,-1675.0908670653562
124,-2645.8978892197506,-1609.088933973088
125,-2636.0,-1594.0
126,-2591.3240932581307,-1526.2912668851898
127,-2568.0,-1493.0
128,-2531.5697923038674,-1445.402756079432
129,-2524.0,-1436.0
130,-2456.0,-1357.0
131,-2415.5632569733425,-1312.129673872027
132,-2349.0,-1239.0
133,-2317.13863598098,-1205.2627532534746
134,-2301.0,-1186.0
135,-2182.8739339422164,-1037.356708670785
136,-2165.0,-1014.0
137,-2137.083582413226,-975.9206748289046
138,-2103.0,-925.0
139,-2083.728530083201,-896.1512630507849
140,-2016.0,-796.0
141,-1963.11457542096,-720.3330626535602
142,-1920.0,-661.0
143,-1887.0,-618.0
144,-1877.7711234610272,-606.0497486387453
145,-1825.0,-538.0
146,-1793.4186153136566,-498.80127474771234
147,-1763.0,-462.0
148,-1739.891423583018,-434.3867917565265
149,-1702.0,-390.0
150,-1679.3369729454382,-364.0988334347808
151,-1640.573534517318,-320.825164768077
152,-1638.0,-318.0
153,-1601.2008177903822,-279.6735778380738
154,-1588.0,-268.0
155,-1531.0,-223.0
156,-1528.8016511939145,-221.40205416795885
157,-1497.5353617077235,-206.0332570022802
158,-1493.0,-205.0
159,-1437.0,-197.0
160,-1430.328415744713,-197.50043088349238
161,-1395.1922908402748,-205.38218678936275
162,-1393.0,-206.0
163,-1349.0,-225.0
164,-1335.2624230117817,-234.73860481974688
165,-1296.0,-266.0
166,-1289.8395720153549,-271.1240435625803
167,-1273.1895719144748,-289.6201767533612
168,-1268.0,-300.0
169,-1261.811504310698,-311.7013631576883
170,-1243.0,-349.0
171,-1234.5615839180277,-371.5017165826938
172,-1230.0,-386.0
173,-1217.384917826042,-432.7768716718
174,-1210.0,-461.0
175,-1138.209310274365,-701.9138490356163
176,-1135.0,-711.0
177,-1093.0,-813.0
178,-1077.1621640511175,-846.1193272934134
179,-1064.0,-873.0
180,-1042.8555228912514,-915.2778032726529
181,-1006.0,-977.0
182,-957.6493727415414,-1041.6758512030476
183,-955.0,-1045.0
184,-925.9741974965874,-1076.948017484896
185,-909.0,-1089.0
186,-897.2875102370164,-1096.5034830105467
187,-842.0,-1126.0
188,-840.3536926298581,-1126.610278846362
189,-824.0,-1131.0
190,-800.7891485611711,-1131.3191805705044
191,-765.0,-1124.0
192,-744.1197644264017,-1107.7677239312948
193,-739.0,-1096.0
194,-730.0744650884491,-1053.668278562312
195,-730.0,-1052.0
196,-730.0,-1043.0
197,-733.0010792236683,-1018.8531362243451
198,-735.0,-1009.0
199,-737.8368775350232,-996.7638565883958
200,-742.0,-982.0
201,-744.1047251457321,-975.793350822399
202,-758.0,-944.0
203,-758.4893740949694,-942.9685022349804
204,-771.0,-919.0
205,-777.0,-910.0
206,-789.1061276605022,-892.2868979832962
207,-800.0,-877.0
208,-816.0452475142401,-856.6326288293486
209,-829.0,-842.0
210,-867.2924546875507,-800.8003406719422
211,-869.0,-799.0
212,-889.0,-779.0
213,-889.7886395308474,-778.2115778571062
214,-919.9541894928776,-747.2376212967969
215,-924.0,-743.0
216,-946.2367120677035,-719.3333449888869
217,-972.0,-688.0
218,-985.4761783573676,-669.0834267499915
219,-1004.0,-639.0
220,-1011.9605776518097,-622.6681297528662
221,-1023.0,-592.0
222,-1029.0,-525.0
223,-1028.0319533191841,-517.5175417969823
224,-1019.0,-479.0
225,-1012.3267883843062,-460.9108080703498
226,-1000.0,-438.0
227,-986.4918465814665,-419.0457332590213
228,-979.0,-410.0
229,-954.0408242286912,-384.3713685970637
230,-948.0,-379.0
231,-888.9563342387617,-336.27855475430886
232,-887.0,-335.0
233,-847.7328996166739,-311.7542845584575
234,-813.0,-295.0
235,-751.9333269680398,-266.8314280048471
236,-728.0,-256.0
237,-689.0,-240.0
238,-657.937981311404,-227.72697186890463
239,-627.0,-216.0
240,-603.8154730401403,-207.83678980059972
241,-537.3715559358734,-187.6747769123803
242,-527.0,-185.0
243,-487.0,-176.0
244,-458.9696302230245,-171.47540382032776
245,-404.0,-168.0
246,-380.46728727949824,-168.96962619256294
247,-353.0,-173.0
248,-332.53759946046625,-179.01455517863286
249,-313.0,-188.0
250,-263.6879647614634,-231.78498120705046
251,-262.0,-234.0
252,-243.0,-264.0
253,-241.94184375028271,-265.9386264426418
254,-217.0,-328.0
255,-216.23839007631148,-330.5630400821737
256,-198.0,-404.0
257,-190.2894036327967,-446.9566386434492
258,-187.0,-492.0
259,-187.0,-503.0
260,-185.81799864099827,-531.3641309826888
261,-184.0,-573.0
262,-185.0,-629.0
263,-187.97286031010464,-682.1629674350315
264,-194.9360964209135,-774.1050296691644
265,-196.0,-786.0
266,-201.63872482547902,-838.7072824053212
267,-207.0,-882.0
268,-212.19540318756748,-925.292482016483
269,-222.0,-1013.0
270,-224.2816216022566,-1034.322689104396
271,-239.0,-1174.0
272,-247.46144019921147,-1251.8416385641872
273,-254.0,-1308.0
274,-260.11424473697514,-1362.0432050261645
275,-265.0,-1406.0
276,-279.10660923158474,-1535.019178912081
277,-285.0,-1586.0
278,-294.123689083405,-1656.6184012925405
279,-317.0,-1772.0
280,-318.0366581945622,-1776.2714607191224
281,-348.0,-1891.0
282,-349.5113465979309,-1896.4981264449095
283,-365.0,-1951.0
284,-410.68616348611357,-2089.356220530559
285,-413.0,-2096.0
286,-461.0,-2230.0
287,-463.04692153792604,-2235.541540404989
288,-508.0,-2354.0
289,-519.9025130371739,-2384.407133267177
290,-560.0043382498839,-2483.661489881665
291,-579.0,-2528.0
292,-590.0,-2553.0
293,-658.9844719489643,-2707.8085438621147
294,-663.0,-2716.0
295,-766.8531267786018,-2912.064609475866
296,-788.0,-2949.0
297,-825.8593887035768,-3010.6534605788625
298,-869.6762159017426,-3068.9899224334954
299,-901.0,-3106.0
300,-1031.1460751433779,-3243.225087294927
301,-1050.0,-3260.0
302,-1137.0606847879737,-3329.9521181876457
303,-1200.0,-3375.0
304,-1320.9260441588187,-3448.1999570538787
305,-1440.8248664928678,-3507.571153136905
306,-1448.0,-3511.0
307,-1557.0,-3562.0
308,-1644.1138709325785,-3603.2887256213926
309,-1679.0,-3620.0
310,-1800.0,-3679.0
311,-1832.997508389852,-3695.618756204956
312,-1908.0,-3734.0
313,-2104.3954834034284,-3834.1622727446393
314,-2126.0,-3845.0
315,-2140.0,-3852.0
316,-2215.2502224069667,-3889.5278146898563
317,-2306.0,-3934.0
318,-2355.4033619289958,-3957.577416912265
319,-2436.0,-3995.0
320,-2673.0701725226945,-4095.494630986437
321,-2695.0,-4104.0
322,-2850.2323269109825,-4160.557661831703
323,-2872.0,-4168.0
324,-3021.0,-4215.0
325,-3101.138575038829,-4237.256986005216
326,-3188.0,-4259.0
327,-3294.904858039261,-4281.485120120238
328,-3479.7328464585703,-4310.682954104372
329,-3551.0,-4321.0
330,-3574.2185876690846,-4324.297106353582
331,-3599.0,-4327.0
332,-3645.151467011904,-4331.850658210968
333,-3825.500596119371,-4350.526978828987
334,-3840.0,-4352.0
335,-3883.0039801790813,-4356.233138523267
336,-3890.0,-4357.0
337,-3982.62508997849,-4368.316202543182
338,-3994.0,-4370.0
339,-4048.4717372074206,-4380.937673270129
340,-4052.0,-4382.0
341,-4102.061967283709,-4402.0531087171385
342,-4159.0,-4439.0
343,-4187.1035375654965,-4477.38842582833
344,-4208.0,-4523.0
345,-4237.757760969666,-4571.065382764764
346,-4265.0,-4603.0
347,-4276.290061306148,-4612.911722671086
348,-4322.51033766005,-4637.34061659945
349,-4336.0,-4642.0
350,-4345.530789105607,-4644.7163211785655
351,-4389.0,-4650.0
352,-4390.618881152293,-4650.061133823539
353,-4449.0,-4649.0
354,-4479.743678015566,-4644.931630439114
355,-4532.0,-4634.0
356,-4533.738581912473,-4633.5842483045835
357,-4581.844813280458,-4620.580200288607
358,-4584.0,-4620.0
359,-4627.738016643892,-4609.127418002322
360,-4658.0,-4605.0
361,-4760.489874502105,-4600.869361038922
362,-4779.0,-4601.0
363,-4821.73571130396,-4604.517946469534
364,-4838.0,-4607.0
365,-4902.0,-4617.0
366,-4954.742390414342,-4625.112790868617
367,-5040.0,-4638.0
368,-5098.001819881875,-4646.614470266386
369,-5121.0,-4650.0
370,-5197.0,-4661.0
371,-5236.881220464757,-4666.55379109529
372,-5371.9844304077005,-4684.614470068129
373,-5422.0,-4691.0
374,-5639.322494077685,-4716.964888455305
375,-5666.0,-4720.0
376,-5689.998859780977,-4722.568112885475
377,-5712.0,-4725.0
378,-5741.41456346325,-4728.38454543115
379,-5843.989757452569,-4740.237196581278
380,-5878.0,-4744.0
381,-6018.502382299265,-4758.374639981996
382,-6025.0,-4759.0
383,-6137.0,-4769.0
384,-6178.081080079697,-4772.211610004867
385,-6337.380259304486,-4783.544909910737
386,-6411.0,-4788.0
387,-6482.972083783792,-4790.519556024902
388,-6512.970397977193,-4790.331349046451
389,-6571.0,-4801.0
390,-6589.179682211854,-4804.914238807247
391,-6679.0,-4826.0
392,-6710.33109441771,-4834.71455412242
393,-6764.0,-4869.0
394,-6817.063583711051,-4917.423053847805
395,-6922.0,-5020.0
396,-6935.02104428702,-5034.070595868075
397,-6972.0,-5087.0
398,-6987.644813864113,-5111.170949723185
399,-7028.0,-5176.0
400,-7048.59292254383,-5213.9642435612395
401,-7073.0,-5265.0
402,-7094.0883726973525,-5313.32283073223
403,-7115.0,-5366.0
404,-7159.0,-5512.0
405,-7162.024965891424,-5524.394120087006
406,-7169.0,-5555.0
407,-7181.373223099436,-5616.1127571360075
408,-7192.0,-5685.0
409,-7218.0,-5933.0
410,-7219.47641040949,-5948.067971683304
411,-7220.0,-6029.0
412,-7210.73530773648,-6101.026622464415
413,-7171.0,-6333.0
414,-7148.424524835106,-6373.833906129202
415,-7135.0,-6390.0
416,-7065.761778403756,-6479.561106989364
417,-6963.0,-6632.0
418,-6932.122607688217,-6693.977292282567
419,-6890.343893368132,-6854.284658667337
420,-6882.0,-6889.0
421,-6865.397657195905,-6948.72144240283
422,-6850.0,-7005.0
423,-6823.437818564224,-7118.700603665635
424,-6802.0,-7225.0
425,-6800.779924593271,-7231.661771402453
426,-6785.0,-7327.0
427,-6773.0,-7410.0
428,-6770.822411507404,-7426.948486561228
429,-6761.0,-7517.0
430,-6759.657364321818,-7530.980433920621
431,-6752.0,-7622.0
432,-6749.202052380957,-7661.3252124006685
433,-6746.0,-7726.0
434,-6745.770407726612,-7779.275062686556
435,-6748.0,-7838.0
436,-6754.088592794972,-7897.433091202635
437,-6769.0,-7930.0
438,-6803.197762919691,-7971.311937494184
439,-6826.0,-7995.0
440,-6849.230623376641,-8018.752458442289
441,-6882.0,-8061.0
442,-6888.885316130753,-8079.167893749591
443,-6898.550061302981,-8160.64311176663
444,-6898.0,-8182.0
445,-6889.51532482905,-8267.701299384871
446,-6888.0,-8279.0
447,-6880.7622437921655,-8321.097985703736
448,-6878.0,-8334.0
449,-6870.385653792739,-8367.785868194522
450,-6854.989640741467,-8429.58676153987
451,-6844.0,-8465.0
452,-6836.0,-8488.0
453,-6829.616604032967,-8506.55040490992
454,-6808.0,-8567.0
455,-6798.412808871519,-8590.324941440638
456,-6757.690639047103,-8679.796610676973
457,-6718.0,-8759.0
458,-6706.2245079841805,-8780.875882405919
459,-6639.0,-8887.0
460,-6637.882468901149,-8888.526896397576
461,-6633.0,-8895.0
462,-6586.51083789198,-8951.565518440737
463,-6479.225645489387,-9076.325626037487
464,-6475.0,-9081.0
465,-6437.077713891302,-9119.32015335486
466,-6402.0,-9143.0
467,-6347.762649216316,-9177.276522294022
468,-6275.0,-9221.0
469,-6226.0,-9248.0
470,-6159.962169371138,-9283.437458596927
471,-6135.0,-9297.0
472,-6057.0,-9342.0
473,-6028.926496321564,-9360.508741598944
474,-6000.0,-9384.0
475,-5935.759816116628,-9579.248837345323
476,-5936.0,-9584.0
477,-5939.891182729906,-9605.499075268965
478,-5951.0,-9630.0
479,-5953.026418757887,-9634.129704536337
480,-5966.0,-9658.0
481,-5988.774319253189,-9685.587283543891
482,-5992.0,-9689.0
483,-6012.083559944498,-9706.821155843158
484,-6014.0,-9708.0
485,-6061.248838479478,-9729.267961874551
486,-6081.0,-9737.0
487,-6095.010889131849,-9742.32931051623
488,-6110.877462480456,-9745.95592582059
489,-6117.0,-9747.0
490,-6225.424379783448,-9763.010531053647
491,-6233.0,-9764.0
492,-6285.0,-9768.0
493,-6297.557169607778,-9768.893460611127
494,-6365.26105944898,-9772.937102251377
495,-6369.0,-9773.0
496,-6396.0,-9773.0
497,-6455.0,-9773.0
498,-6466.037469876259,-9772.579594278597
499,-6541.8173722898455,-9765.469002746528
500,-6570.0,-9762.0
501,-6621.601976103848,-9754.121852633834
502,-6644.0,-9747.0
503,-6697.0,-9722.0
504,-6698.68863835252,-9720.977809536238
505,-6728.0,-9698.0
506,-6767.0,-9640.0
507,-6767.94882322076,-9638.189135662193
508,-6783.387234436369,-9598.051579890362
509,-6784.0,-9596.0
510,-6793.6099399127215,-9560.602572904101
511,-6806.0,-9507.0
512,-6821.323567319673,-9436.488620608641
513,-6824.0,-9424.0
514,-6839.371079851838,-9359.670884422683
515,-6842.0,-9352.0
516,-6869.69142138608,-9280.572937928919
517,-6877.0,-9264.0
518,-6898.166965903362,-9222.710263113124
519,-6923.0,-9183.0
520,-6971.816415776246,-9108.991091484166
521,-6994.0,-9076.0
522,-7058.8023009951685,-8984.602954718739
523,-7094.346308185898,-8931.375457663082
524,-7106.0,-8911.0
525,-7111.0,-8902.0
526,-7152.808900204764,-8822.245592883768
527,-7226.0,-8672.0
528,-7261.906815614649,-8577.924236373288
529,-7267.0,-8563.0
530,-7304.473808021525,-8456.26860532073
531,-7332.0,-8368.0
532,-7375.495981972012,-8223.69036767381
533,-7379.0,-8212.0
534,-7412.250273966233,-8100.61203695818
535,-7425.388789749886,-8052.278901911529
536,-7429.0,-8039.0
537,-7449.973896395733,-7962.240159706288
538,-7471.0,-7885.0
539,-7514.229559496531,-7721.981798385479
540,-7516.0,-7715.0
541,-7529.0,-7662.0
542,-7571.10832483281,-7464.52362404018
543,-7595.0,-7345.0
544,-7601.947322867831,-7308.183804529317
545,-7610.0,-7245.0
546,-7614.605466809831,-7204.576834336636
547,-7629.0,-7073.0
548,-7645.0,-6882.0
549,-7645.502102597836,-6874.921956688487
550,-7657.0,-6694.0
1,-7675.35320185568,-6403.207994828353
2,-7679.0,-6329.0
3,-7679.962056839763,-6295.330442894297
4,-7677.0,-6126.0
5,-7671.977468735837,-6040.420941921648
6,-7660.0,-5872.0
7,-7641.472080714702,-5682.267112552932
8,-7630.0,-5603.0
9,-7614.0,-5499.0
10,-7609.311598010507,-5472.575867735717
11,-7577.531480171463,-5313.518990984029
12,-7565.0,-5254.0
13,-7543.645671287046,-5157.1797024613625
14,-7516.0,-5060.0
15,-7511.795526601504,-5046.342550906085
16,-7456.657332989653,-4870.954244174904
17,-7453.0,-4859.0
18,-7433.961744041906,-4798.040187404631
19,-7412.0,-4764.0
20,-7394.011926588318,-4738.016085322365
21,-7367.0,-4702.0
22,-7348.043948452438,-4680.9794965108085
23,-7257.97605907418,-4640.498699360278
24,-7248.0,-4638.0
25,-7198.621989821406,-4626.271923511478
26,-7121.968274227758,-4609.591905857204
27,-7119.0,-4609.0
28,-7085.028140739898,-4603.039142739812
29,-7034.0,-4598.0
30,-6998.280103164293,-4594.50114543191
31,-6972.0,-4592.0
32,-6922.0,-4588.0
33,-6899.138189299875,-4586.098640890723
34,-6789.734395222758,-4576.431379495319
35,-6785.0,-4576.0
36,-6681.0,-4566.0
37,-6639.392521704858,-4561.371260000707
38,-6604.0,-4557.0
39,-6472.0,-4538.0
40,-6467.414247409773,-4537.280144543358
41,-6367.0,-4518.0
42,-6177.309412464365,-4473.725476062505
43,-6170.0,-4472.0
44,-6091.0,-4453.0
45,-6004.806763676266,-4431.8715899510535
46,-5846.0,-4393.0
47,-5815.54812951376,-4385.5516621251
48,-5714.844797739873,-4360.575624783521
49,-5701.0,-4357.0
50,-5608.22355207452,-4332.629345036735
51,-5602.0,-4331.0
52,-5423.0,-4285.0
53,-5356.678182799794,-4268.47272251136
54,-5292.0,-4253.0
55,-5198.906416156485,-4233.840331013184
56,-5122.0,-4222.0
57,-5006.554421342649,-4208.796379974572
58,-4987.0,-4207.0
59,-4877.0,-4198.0
60,-4814.486102206849,-4192.183036176457
61,-4739.0,-4183.0
62,-4705.304857881341,-4177.622268226707
63,-4592.0,-4152.0
64,-4404.025848488688,-4078.0060478928053
65,-4381.0,-4067.0
66,-4281.255226276889,-4015.9474800175685
67,-4209.0,-3979.0
68,-4118.6354685184415,-3935.4933329008663
69,-3901.0,-3843.0
70,-3866.7312809428277,-3830.4760774742713
71,-3667.731977187142,-3774.517498284755
72,-3600.0,-3760.0
73,-3493.0234303957236,-3739.8290482460598
74,-2802.0,-3627.0
75,-2796.8486590513676,-3625.4759029603856
76,-2643.5167233435673,-3558.7071761127713
77,-2636.0,-3554.0
78,-2508.348270875715,-3465.450296113493
79,-2486.0,-3449.0
80,-2402.829433018775,-3373.2903893425796
81,-2379.0,-3333.0
82,-2376.5085161753277,-3328.9835791587857
83,-2337.0,-3265.0
84,-2301.0,-3186.0
85,-2283.8797213116277,-3113.540650329768
86,-2261.0,-2946.0
87,-2259.2027568064464,-2887.3880061316463
88,-2268.0,-2844.0
89,-2291.2317988751483,-2737.652365668796
90,-2296.0,-2722.0
91,-2336.0,-2615.0
92,-2350.09628507974,-2582.7858720583163
93,-2373.1220106600085,-2540.2204183857316
94,-2375.0,-2537.0
95,-2421.0,-2462.0
96,-2427.8907740011437,-2451.341858780408
97,-2495.703462529515,-2357.719463019134
98,-2524.0,-2323.0
99,-2603.0,-2229.0
100,-2607.0598161454013,-2224.2114924005177
101,-2651.905411163438,-2171.9068601045437
102,-2677.0,-2130.0
103,-2737.0,-2006.0
104,-2738.513019198495,-2002.0799382128857
105,-2749.0,-1923.0
106,-2746.178317584402,-1885.8279445495114
107,-2732.0,-1806.0
108,-2703.379953052899,-1724.4212213015753
109,-2691.0,-1695.0
110,-2676.648963421684,-1664.4910420827541
111,-2650.0,-1617.0
112,-2628.712850462501,-1579.9611265545368
113,-2599.0,-1537.0
114,-2589.0251859884197,-1523.5783023649678
115,-2507.6119462237557,-1418.8407412271365
116,-2499.0,-1408.0
117,-2464.0,-1367.0
118,-2452.2220782175827,-1353.8202956472774
119,-2400.0,-1295.0
120,-2378.748307026085,-1270.8866863296867
121,-2256.406789128501,-1130.921134268833
122,-2223.0,-1092.0
123,-2192.519021147038,-1054.9669185461246
124,-2151.0,-994.0
125,-2139.269835902188,-976.7908151184674
126,-2046.0,-840.0
127,-2003.9652439504935,-777.8086984125671
128,-1964.0,-722.0
129,-1944.9057246134112,-696.1324218548303
130,-1889.0,-621.0
131,-1852.264981112641,-572.1239668423876
132,-1835.0,-550.0
133,-1717.348599261751,-408.3342286315978
134,-1701.0,-389.0
135,-1676.7756863474624,-360.4218848097506
136,-1649.66821409138,-330.74093019353506
137,-1648.0,-329.0
138,-1611.0,-291.0
139,-1595.2521672014568,-275.41774710500533
140,-1544.0,-231.0
141,-1520.8531802485684,-216.3822500037858
142,-1506.0,-209.0
143,-1478.4589403156015,-199.81332790784685
144,-1453.0,-197.0
145,-1448.0,-197.0
146,-1413.489286155737,-200.07546815981763
147,-1390.0,-206.0
148,-1362.9090990155719,-217.05580001911102
149,-1357.0,-220.0
150,-1314.0319332198676,-248.87682560481372
151,-1300.0,-262.0
152,-1283.3212160187213,-280.3569336983356
153,-1267.0,-302.0
154,-1259.0,-316.0
155,-1248.176357953178,-338.73452336886044
156,-1234.0,-374.0
157,-1226.276468857377,-397.3904313630886
158,-1219.0,-424.0
159,-1212.851520619132,-450.2507649411325
160,-1206.0,-479.0
161,-1203.0,-489.0
162,-1201.3694256771207,-494.9356332228001
163,-1186.0,-556.0
164,-1185.0480617016306,-559.3978327722855
165,-1154.069993834433,-657.1762233061265
166,-1148.0,-675.0
167,-1130.0740700632095,-724.5521513922254
168,-1110.0,-773.0
169,-1108.6266292180676,-776.2051068008939
170,-1072.0,-857.0
171,-1012.584716375475,-966.2419729807024
172,-1011.0,-969.0
173,-999.503741821066,-987.0956061877812
174,-991.0,-997.0
175,-943.8007216729659,-1056.1116177171589
176,-942.0,-1058.0
177,-935.0,-1065.0
178,-891.0,-1102.0
179,-888.6221022468814,-1103.3252210708297
180,-826.0,-1130.0
181,-817.6969093974475,-1132.8331768085536
182,-804.3983846295198,-1133.4978694250526
183,-799.0,-1132.0
184,-777.2624214374006,-1126.3481876332776
185,-763.0,-1121.0
186,-753.3510338147559,-1115.3636667666642
187,-739.0,-1093.0
188,-738.3455623869573,-1090.7946194704414
189,-731.0,-1051.0
190,-730.0228180807721,-1034.6827618860302
191,-733.0,-1025.0
192,-735.2162768441075,-1009.1638657427137
193,-736.0,-1005.0
194,-743.2501378460265,-979.7853280563281
195,-755.0,-950.0
196,-760.3804058856674,-937.7262187158258
197,-768.903167532358,-921.4578507046939
198,-771.0,-918.0
199,-785.9192196887062,-895.815182375608
200,-793.0,-886.0
201,-802.6103783665652,-873.1138137807803
202,-822.0,-849.0
203,-840.3781181858835,-829.1363678190581
204,-852.0,-817.0
205,-896.0,-771.0
206,-917.3680775426437,-748.8964068472848
207,-942.0036435667184,-722.9332008962145
208,-950.0,-714.0
209,-968.0,-693.0
210,-989.6567203532363,-662.4018159139407
211,-1016.0,-611.0
212,-1026.7861084691249,-570.1735941857524
213,-1028.0,-559.0
214,-1025.4849300452588,-505.8448046461157
215,-1023.0,-494.0
216,-1013.0,-463.0
217,-1012.1852842584415,-460.95815541221174
218,-979.0,-410.0
219,-976.7573118106736,-407.69578687128063
220,-921.3574275054324,-357.97283921903386
221,-919.0,-356.0
222,-883.8410424204766,-331.1520672468682
223,-860.0,-319.0
224,-847.0,-312.0
225,-785.5457338419068,-281.9888536441585
226,-727.0,-255.0
227,-680.3550720214498,-235.54682290892978
228,-644.0,-222.0
229,-637.4865005587999,-219.4279101975846
230,-597.0,-205.0
231,-560.0526323027703,-194.69067210162177
232,-493.0,-178.0
233,-468.3771591615833,-172.4790857121957
234,-404.12718376609257,-164.63400827140862
235,-383.5893594395448,-168.07902014865005
236,-370.0,-170.0
237,-344.09222130299474,-173.17467853824422
238,-311.0,-189.0
239,-308.4278368198143,-190.9557925050507
240,-257.0,-242.0
241,-246.7778719289298,-254.77715095956611
242,-223.5370767976885,-303.33093293606277
243,-216.0,-333.0
244,-213.98481841986452,-340.0405642139716
245,-201.537730160547,-388.9982586874737
246,-201.0,-392.0
247,-189.0,-471.0
248,-188.6230952555847,-473.7604289566146
249,-186.1036932561094,-510.07673144712817
250,-186.0,-525.0
251,-185.0378497848416,-566.5428200666433
252,-185.0,-600.0
253,-189.0,-706.0
254,-189.76486891420723,-717.3629445320511
255,-194.63095202085066,-767.4817155164077
256,-198.0,-797.0
257,-211.0,-912.0
258,-214.46148227457695,-943.5476819250205
259,-222.0,-1013.0
260,-236.1227208822918,-1141.9386214155697
261,-237.0,-1150.0
262,-253.0,-1297.0
263,-253.69638472902366,-1303.2902215889103
264,-264.0,-1395.0
265,-270.8859228775591,-1469.5146710134484
266,-286.0,-1600.0
267,-308.0,-1730.0
268,-311.54522744121704,-1747.961908697692
269,-343.0,-1872.0
270,-350.7385691573232,-1899.6556955373835
271,-374.0,-1980.0
272,-379.49221936057677,-1997.8781004374666
273,-429.1811311238255,-2144.8524122563667
274,-445.0,-2188.0
275,-478.0,-2275.0
276,-484.5902494766087,-2292.488083730851
277,-516.0,-2375.0
278,-525.0834923275668,-2397.7758966794213
279,-629.6078511629701,-2645.3005158681203
280,-633.0,-2653.0
281,-706.2825371422923,-2803.105048323178
282,-726.0,-2841.0
283,-746.0,-2879.0
284,-862.0,-3058.0
285,-894.6654317255277,-3099.8318514917264
286,-945.0,-3157.0
287,-1075.8846147489558,-3282.8380387265056
288,-1093.0,-3297.0
289,-1187.0,-3367.0
290,-1262.8336687352737,-3415.7437800326497
291,-1395.0,-3486.0
292,-1523.7397101998608,-3546.724779018477
293,-1600.0,-3582.0
294,-1665.703751768265,-3613.092290986767
295,-1696.0,-3628.0
296,-1809.0259620886668,-3684.318409532648
297,-1872.0,-3716.0
298,-1995.7295833793553,-3778.8066727146625
299,-2022.0,-3792.0
300,-2222.539052025286,-3891.7440395891813
301,-2343.0,-3951.0
302,-2434.2797313263827,-3994.9493009447424
303,-2500.8045392257764,-4023.855616926291
304,-2544.0,-4042.0
305,-2689.0,-4102.0
306,-2695.870085288667,-4104.712768106849
307,-2808.0,-4146.0
308,-3080.0,-4232.0
309,-3088.864091551031,-4234.72530918707
310,-3263.9957254460255,-4277.852355408364
311,-3309.0,-4285.0
312,-3545.0,-4321.0
313,-3626.680295157395,-4330.791256625119
314,-3654.0,-4333.0
315,-3712.940679082052,-4338.852102946341
316,-3764.0,-4344.0
317,-3905.0,-4359.0
318,-3912.9074834748,-4360.037145726728
319,-4008.0,-4373.0
320,-4052.370570970912,-4379.422703184685
321,-4071.0,-4387.0
322,-4121.486995256453,-4406.700480700621
323,-4135.0,-4415.0
324,-4165.08873756596,-4446.7512349696035
325,-4176.0,-4463.0
326,-4217.0,-4538.0
327,-4218.7031478963145,-4540.608081241369
328,-4254.906315742003,-4590.609780470379
329,-4265.0,-4603.0
330,-4286.476846394406,-4623.905808990265
331,-4310.0,-4632.0
332,-4323.428071470633,-4637.833529792284
333,-4347.0,-4645.0
334,-4402.964796341293,-4650.513097439824
335,-4411.0,-4651.0
336,-4459.0,-4648.0
337,-4468.473748185989,-4646.522520859986
338,-4502.0,-4641.0
339,-4532.09364865269,-4633.514107733123
340,-4534.0,-4633.0
341,-4576.545405060783,-4621.782048600371
342,-4584.0,-4620.0
343,-4617.6528555448,-4612.652830034983
344,-4630.0,-4610.0
345,-4702.158485329259,-4599.844459382693
346,-4717.0,-4600.0
347,-4828.0,-4606.0
348,-4855.366865392214,-4607.917951887521
349,-4919.0,-4619.0
350,-4949.705476046971,-4623.801728482322
351,-5057.0,-4640.0
352,-5124.782611521275,-4650.024156401951
353,-5138.0,-4652.0
354,-5195.108593937648,-4660.646831297987
355,-5284.0,-4673.0
356,-5301.428486189075,-4675.1682061920665
357,-5367.0,-4683.0
358,-5450.5803415947685,-4693.534180070735
359,-5517.0,-4702.0
360,-5654.222863901238,-4719.071638126068
361,-5687.0,-4723.0
362,-5746.981852217327,-4729.463391274408
363,-5793.0,-4734.0
364,-5830.677886680229,-4738.017066905029
365,-5987.0,-4755.0
366,-5992.4129138278,-4755.562870268469
367,-6079.449140163985,-4764.0631596051135
368,-6126.0,-4768.0
369,-6328.0,-4783.0
370,-6334.51937307511,-4783.43310857195
371,-6437.0,-4789.0
372,-6481.646484207082,-4791.310172639636
373,-6577.046707595201,-4798.1285986512385
374,-6656.0,-4818.0
375,-6696.260024009529,-4834.962589416158
376,-6849.0,-4938.0
377,-6855.197149203682,-4942.8583585579145
378,-6870.754167199411,-4958.2519916616075
379,-6882.0,-4973.0
380,-6906.223426875618,-5004.812788153021
381,-7008.0,-5143.0
382,-7021.774622386143,-5163.972690317138
383,-7064.510158358799,-5245.4701277210015
384,-7074.0,-5267.0
385,-7120.798782781543,-5381.679976187124
386,-7124.0,-5391.0
387,-7127.0,-5401.0
388,-7173.0,-5572.0
389,-7174.2292933926165,-5577.566506813832
390,-7195.0,-5703.0
391,-7212.119790800718,-5858.896749744778
392,-7214.0,-5881.0
393,-7218.0,-6124.0
394,-7216.44625231918,-6141.731503607202
395,-7192.9854872015785,-6278.633117775977
396,-7156.0,-6360.0
397,-7135.088413434041,-6387.444600352415
398,-7057.0,-6469.0
399,-7030.988406432353,-6504.577665346373
400,-6979.0,-6594.0
401,-6955.407335101945,-6649.78046010338
402,-6921.0,-6758.0
403,-6876.415237657629,-6907.62815368383
404,-6871.0,-6927.0
405,-6844.0,-7030.0
406,-6829.71480740173,-7089.900811561532
407,-6808.0,-7192.0
408,-6792.955765314138,-7277.576284206816
409,-6790.0,-7296.0
410,-6776.0,-7392.0
411,-6775.1645977472635,-7398.226926362012
412,-6762.0,-7509.0
413,-6758.668254721113,-7543.217076249797
414,-6754.0,-7596.0
415,-6750.356513411132,-7637.701138363997
416,-6748.0,-7669.0
417,-6745.104348198857,-7740.41282592722
418,-6745.0,-7769.0
419,-6745.7481439633875,-7804.151827629004
420,-6754.0,-7882.0
421,-6764.263004900413,-7916.945395951082
422,-6771.0,-7932.0
423,-6807.0,-7979.0
424,-6821.479142216176,-7991.1525477517125
425,-6868.0,-8035.0
426,-6885.054156248062,-8077.464750196487
427,-6899.0,-8167.0
428,-6899.469899109155,-8208.335396299837
429,-6894.0,-8236.0
430,-6887.775511854316,-8279.956773714977
431,-6884.0,-8305.0
432,-6864.380991403448,-8394.138558617333
433,-6863.0,-8399.0
434,-6826.841247215204,-8514.531665792321
435,-6813.0,-8555.0
436,-6790.225057814684,-8615.713281218512
437,-6755.299170589198,-8689.079574527614
438,-6738.0,-8722.0
439,-6700.609985314829,-8790.111892518069
440,-6675.0,-8832.0
441,-6637.9725566342095,-8887.737784961522
442,-6635.0,-8892.0
443,-6576.776328863276,-8969.184470843125
444,-6567.0,-8981.0
445,-6476.0,-9079.0
446,-6465.37166737918,-9089.256790567006
447,-6393.0,-9150.0
448,-6369.333963876692,-9165.844396308494
449,-6304.0,-9205.0
450,-6274.974364613638,-9221.659452767715
451,-6217.644330429119,-9253.045368747855
452,-6214.0,-9255.0
453,-6158.400896686792,-9284.477358312246
454,-6148.0,-9290.0
455,-6074.849606596801,-9330.33996808836
456,-6055.0,-9343.0
457,-6016.730209223958,-9370.117537199849
458,-5998.0,-9386.0
459,-5939.952069755885,-9468.136940176073
460,-5938.0,-9472.0
461,-5934.066715466431,-9481.704078730352
462,-5933.0,-9491.0
463,-5932.271994107653,-9498.34118152254
464,-5929.7624810318985,-9540.020178205468
465,-5930.0,-9546.0
466,-5936.0,-9584.0
467,-5936.434072965848,-9586.030305684746
468,-5944.0,-9614.0
469,-5948.0737416201255,-9623.62048213968
470,-5980.0,-9675.0
471,-5995.351753962394,-9693.134858176176
472,-6014.0,-9707.0
473,-6017.358956725173,-9709.115814899953
474,-6059.0,-9729.0
475,-6079.43641245109,-9735.808966987752
476,-6122.0,-9748.0
477,-6140.826773642324,-9752.407074756997
478,-6175.067717329324,-9757.541676885621
479,-6197.0,-9760.0
480,-6259.518802295853,-9766.45204748686
481,-6279.0,-9768.0
482,-6363.592586109414,-9772.886700841134
483,-6367.0,-9773.0
484,-6416.331521312292,-9773.679632161202
485,-6455.0,-9773.0
486,-6503.612408638707,-9770.202962209985
487,-6516.0,-9769.0
488,-6594.0,-9758.0
489,-6605.865789391406,-9756.168631266537
490,-6633.0,-9750.0
491,-6647.743132303978,-9744.496747508792
492,-6712.0,-9712.0
493,-6730.654682839033,-9699.000870745707
494,-6740.0,-9685.0
495,-6744.787336598865,-9677.492181146717
496,-6768.854142670388,-9636.55254381042
497,-6772.0,-9630.0
498,-6785.985480225692,-9592.345982697407
499,-6792.0,-9571.0
500,-6804.0,-9519.0
501,-6805.635849165108,-9510.94343545015
502,-6816.0,-9458.0
503,-6819.294913150457,-9442.961592754045
504,-6829.0,-9402.0
505,-6843.0,-9350.0
506,-6850.925262211707,-9326.987316119974
507,-6866.0,-9290.0
508,-6910.6564873542175,-9203.003372479758
509,-6913.0,-9199.0
510,-6950.0,-9140.0
511,-6957.394980924793,-9128.884935492344
512,-7007.0,-9058.0
513,-7099.333530165075,-8923.10622510035
514,-7111.0,-8903.0
515,-7189.0,-8756.0
516,-7211.90601435047,-8708.4408947363
517,-7265.0,-8570.0
518,-7277.043824851384,-8535.034868387404
519,-7302.987647316416,-8457.568591194637
520,-7313.0,-8427.0
521,-7346.0,-8323.0
522,-7348.0931089812075,-8316.123749899965
523,-7413.0,-8095.0
524,-7414.905278361816,-8088.319498387045
525,-7461.0,-7919.0
526,-7480.08288212979,-7850.737791228329
527,-7493.0,-7804.0
528,-7546.0,-7592.0
529,-7551.874315757226,-7564.997449275301
530,-7588.0,-7386.0
531,-7606.863774320111,-7268.103629038057
532,-7615.0,-7202.0
533,-7626.0,-7108.0
534,-7636.741743702506,-6987.513983144402
535,-7648.0,-6840.0
536,-7657.160813720642,-6711.586800541299
537,-7663.031851332187,-6613.515151599515
1,-7666.0,-6551.0
2,-7671.0,-6474.0
3,-7672.580296583963,-6450.072565360013
4,-7681.0,-6288.0
5,-7680.9079948765175,-6233.3902047353495
6,-7678.0,-6147.0
7,-7675.9410967798285,-6107.367999838815
8,-7668.0,-5988.0
9,-7667.461355478844,-5980.099231628129
10,-7659.0,-5862.0
11,-7649.4134954580695,-5757.961143223593
12,-7640.0,-5673.0
13,-7635.473597202325,-5636.517700756905
14,-7613.0,-5492.0
15,-7603.841986464238,-5443.739877701466
16,-7565.0,-5256.0
17,-7554.314880198361,-5206.804186152035
18,-7540.0,-5152.0
19,-7532.906226814488,-5124.832513477914
20,-7512.0,-5045.0
21,-7508.662132992725,-5032.714549569243
22,-7489.0,-4966.0
23,-7469.683982992694,-4907.926205137638
24,-7442.0,-4829.0
25,-7440.536119252235,-4824.963415852642
26,-7402.0,-4747.0
27,-7397.372079248955,-4740.224792945174
28,-7378.0,-4714.0
29,-7340.0,-4680.0
30,-7332.251515752005,-4674.954271878921
31,-7266.0,-4644.0
32,-7262.659830603019,-4642.7839571364975
33,-7187.8846629667705,-4621.6484844481565
34,-7185.0,-4621.0
35,-7122.770057079408,-4609.2635978937005
36,-7101.0,-4606.0
37,-7061.653290892356,-4601.237095781669
38,-7019.0,-4597.0
39,-6934.0,-4589.0
40,-6929.6946329486345,-4588.617942867188
41,-6886.831756478036,-4585.372956048347
42,-6855.0,-4583.0
43,-6844.441154742625,-4582.095840345332
44,-6769.0,-4575.0
45,-6752.562853477245,-4573.338980182399
46,-6578.0,-4554.0
47,-6573.389648834978,-4553.42133260229
48,-6492.0,-4541.0
49,-6442.636387312859,-4532.146598487736
50,-6354.586088250342,-4515.234834187939
51,-6316.0,-4507.0
52,-6272.0,-4497.0
53,-6265.35639869594,-4495.45724795212
54,-6155.920328638464,-4469.205179087136
55,-6151.0,-4468.0
56,-6026.0,-4437.0
57,-5937.584845122556,-4415.062486055459
58,-5792.0,-4379.0
59,-5666.088163026836,-4347.716962004173
60,-5609.0,-4333.0
61,-5583.316014130273,-4326.2099455890275
62,-5490.854789825233,-4301.747091883661
63,-5484.0,-4300.0
64,-5244.0,-4243.0
65,-5147.062243246033,-4224.975901620914
66,-5086.0,-4217.0
67,-5028.440131949532,-4211.082343277262
68,-4924.0,-4202.0
69,-4889.473132711668,-4199.016890379113
70,-4787.0,-4189.0
71,-4726.095001301247,-4180.7077247960815
72,-4639.0,-4164.0
73,-4540.12349753485,-4134.984664101911
74,-4507.0,-4123.0
75,-4384.889174807517,-4069.2471386380166
76,-4321.0,-4037.0
77,-4275.0,-4013.0
78,-4172.592184162087,-3961.4813518909677
79,-4021.93648117659,-3891.2426892997773
80,-4003.0,-3883.0
81,-3886.637339668301,-3837.595861295553
82,-3824.0,-3817.0
83,-3681.0,-3777.0
84,-3598.233982007343,-3759.949014407781
85,-3401.0,-3728.0
86,-3378.1255783258853,-3724.724266712259
87,-3225.0909019276924,-3707.0885022802386
88,-3207.0,-3705.0
89,-3053.501279350301,-3685.024948725115
90,-3047.0,-3684.0
91,-2943.851496002027,-3664.8349062990123
92,-2900.0,-3655.0
93,-2782.0,-3620.0
94,-2747.4410838709077,-3605.825560280834
95,-2604.0,-3535.0
96,-2571.5375142485855,-3516.076107578684
97,-2505.0,-3464.0
98,-2472.8751545707623,-3435.7102176420485
99,-2431.0,-3394.0
100,-2338.692864930495,-3264.834375368147
101,-2314.0,-3218.0
102,-2269.660156917602,-3058.969112801131
103,-2268.0,-3048.0
104,-2262.756780145418,-2910.6163534411617
105,-2263.0,-2907.0
106,-2269.362704480234,-2839.7325719944147
107,-2276.0,-2799.0
108,-2283.1567630741674,-2767.7103570948702
109,-2294.0,-2729.0
110,-2321.0,-2649.0
111,-2322.784618914781,-2644.582731558725
112,-2362.0,-2562.0
113,-2401.746248561201,-2490.449928744668
114,-2426.0,-2453.0
115,-2449.0,-2421.0
116,-2481.1310792367426,-2377.8227715023468
117,-2521.0,-2327.0
118,-2544.5250377973935,-2298.6948394088677
119,-2589.0,-2246.0
120,-2598.0218142111526,-2234.9239179853985
121,-2669.6651642029783,-2140.2301026302894
122,-2672.0,-2137.0
123,-2684.0,-2120.0
124,-2721.7534539821418,-2048.6001071793535
125,-2740.0,-1993.0
126,-2740.947162265026,-1988.9469798107089
127,-2748.0,-1931.0
128,-2741.0768926573874,-1848.166504844036
129,-2739.0,-1835.0
130,-2712.0,-1745.0
131,-2705.2359101141974,-1728.9583784556594
132,-2679.5904057722073,-1673.5688531609499
133,-2661.0,-1637.0
134,-2619.0,-1567.0
135,-2599.3323823039045,-1538.7420852800788
136,-2534.0,-1449.0
137,-2495.9472095208644,-1402.7838010703922
138,-2487.0,-1393.0
139,-2397.0,-1292.0
140,-2372.3808064908667,-1264.998600014238
141,-2314.0,-1201.0
142,-2230.664446216201,-1102.5181012041828
143,-2221.0,-1090.0
144,-2180.8072715159865,-1034.0027571480216
145,-2152.0,-995.0
146,-2145.0,-986.0
147,-2059.0,-860.0
148,-2021.9791022629051,-804.8819478375168
149,-1977.0,-740.0
150,-1904.0,-640.0
151,-1881.2748237589249,-609.7654100077862
152,-1845.0,-563.0
153,-1786.3537790753262,-490.4343875501297
154,-1738.0,-432.0
155,-1705.7712395144397,-393.9703958931597
156,-1636.0,-317.0
157,-1629.416079946636,-309.69054755568845
158,-1603.0147376942234,-281.3584855971873
159,-1586.0,-267.0
160,-1556.5174930126213,-244.2245141145836
161,-1509.0,-211.0
162,-1495.6131732279184,-203.45553464733922
163,-1470.4237699705932,-198.27573436762086
164,-1462.0,-198.0
165,-1423.0,-199.0
166,-1403.8957793554705,-202.6575600691372
167,-1377.0,-212.0
168,-1370.5888934975587,-214.77779666590334
169,-1339.0,-231.0
170,-1330.3152269602488,-236.17457687928874
171,-1294.0,-267.0
172,-1263.6401876557331,-307.4618625244198
173,-1257.0,-318.0
174,-1236.0,-368.0
175,-1233.9323227727455,-374.5683476594008
176,-1215.7312925509366,-437.9407100937925
177,-1211.0,-456.0
178,-1199.0103963671972,-505.80158683164865
179,-1194.0,-525.0
180,-1173.1868957842046,-596.5577073817437
181,-1160.0,-639.0
182,-1157.0993952472686,-648.06943550867
183,-1133.0,-715.0
184,-1116.2025671992312,-755.1074017106769
185,-1077.945935378059,-841.8672427876332
186,-1058.0,-886.0
187,-1044.1551782908641,-915.3171240687545
188,-1027.0,-942.0
189,-1009.7920291161903,-968.4617829801401
190,-994.0,-992.0
191,-967.0,-1029.0
192,-962.1217548101058,-1035.2288399493168
193,-937.0,-1064.0
194,-914.2237058725149,-1084.0274242822636
195,-913.0,-1085.0
196,-882.0,-1107.0
197,-865.2776048669548,-1116.5599249450222
198,-828.0,-1129.0
199,-809.3529976520961,-1130.641831156529
200,-788.0,-1130.0
201,-765.2051947909417,-1123.250162073672
202,-749.0,-1108.0
203,-740.2512326817106,-1094.2491393834348
204,-735.0,-1081.0
205,-734.0774354599984,-1077.6459064175233
206,-731.0,-1046.0
207,-731.0189460883894,-1044.6256684066193
208,-732.7777749394976,-1023.3458039838172
209,-733.0,-1022.0
210,-742.9696366637573,-982.844161829658
211,-746.0,-973.0
212,-750.6526546155981,-959.3715289008669
213,-757.0,-945.0
214,-765.9980861779719,-927.1984498996519
215,-775.0,-911.0
216,-786.1012395234287,-893.3278329466725
217,-804.0,-870.0
218,-805.5800744899561,-868.1205307366558
219,-845.0,-824.0
220,-856.2077510677009,-811.7010783977818
221,-887.0,-779.0
222,-908.8635442200052,-757.0641569198632
223,-923.0,-743.0
224,-939.8630596509308,-726.1886517817901
225,-973.775331730963,-686.2087951607596
226,-979.0,-678.0
227,-1020.0,-598.0
228,-1027.5149821364244,-576.0886368212616
229,-1028.0,-560.0
230,-1029.3814180063032,-528.7138830439743
231,-1022.0,-490.0
232,-989.8223812044015,-424.5144449466045
233,-986.0,-418.0
234,-975.4211395765872,-402.976718186466
235,-964.0,-394.0
236,-959.7440680421246,-390.59834185831454
237,-916.5396359885491,-356.07869456106084
238,-882.0,-332.0
239,-862.0745972546731,-319.8526806587475
240,-789.7049468911505,-282.8225479850372
241,-788.0,-282.0
242,-767.9451203974006,-272.8229224024539
243,-749.0,-265.0
244,-735.1221732826704,-259.28468213148926
245,-611.0,-210.0
246,-606.9767252493176,-208.56615766846892
247,-524.3662299543618,-184.42611620718364
248,-493.0,-178.0
249,-476.5437309011892,-175.19042658812677
250,-425.0,-169.0
251,-422.427541778893,-168.770555749291
252,-390.0,-168.0
253,-324.9747632508381,-185.13843896348646
254,-297.0,-199.0
255,-255.06931931354512,-238.3931454223048
256,-228.44877137693126,-296.49296875704937
257,-227.0,-300.0
258,-222.64001341279842,-311.8361407708481
259,-219.0,-323.0
260,-210.5744677148605,-348.61531007677434
261,-205.0,-369.0
262,-196.43929376124277,-414.0184355923118
263,-189.47537312478357,-470.32212200692476
264,-188.0,-484.0
265,-185.4359283880012,-517.791209078734
266,-185.0,-544.0
267,-184.92494607996213,-552.1140746100197
268,-185.0,-616.0
269,-185.77049089250363,-647.0417280349013
270,-188.0,-693.0
271,-197.0,-794.0
272,-197.41065748458072,-797.7426653218351
273,-206.0,-871.0
274,-219.0,-988.0
275,-219.54261363810463,-993.1612727444524
276,-224.0,-1036.0
277,-229.65669940399366,-1088.993842823305
278,-239.0,-1173.0
279,-240.74180859961632,-1188.258600688678
280,-251.0,-1278.0
281,-261.0,-1371.0
282,-267.57575862384306,-1432.954946956362
283,-280.0,-1547.0
284,-290.0,-1629.0
285,-290.83698218944676,-1634.9239955292283
286,-313.71018240254926,-1760.6922937600973
287,-319.0,-1783.0
288,-367.28024919434813,-1956.7946898006498
289,-373.0,-1976.0
290,-414.0,-2099.0
291,-419.49997046293424,-2114.5228970429157
292,-467.0,-2247.0
293,-483.6011408682573,-2291.3829964899287
294,-525.0,-2397.0
295,-573.719172251341,-2515.7709739420447
296,-609.0,-2599.0
297,-624.7921197720691,-2635.2513435183873
298,-690.3882619382678,-2775.526166309952
299,-724.0,-2839.0
300,-770.2946636789638,-2920.182673912158
301,-838.0,-3025.0
302,-868.4919828927618,-3065.8256445718525
303,-937.0,-3147.0
304,-1040.0,-3251.0
305,-1045.9417360471439,-3256.345191857782
306,-1118.0,-3316.0
307,-1136.2530626478426,-3329.8085085670295
308,-1265.0,-3416.0
309,-1330.5773026412428,-3453.2125228151135
310,-1467.76382129225,-3520.075991775806
311,-1495.0,-3533.0
312,-1685.2192357009696,-3622.7883425120303
313,-1715.0,-3637.0
314,-1875.9661599769704,-3716.4567963742943
315,-1976.0,-3768.0
316,-2020.7015435175615,-3790.8694483772097
317,-2167.838258718096,-3865.3909666414593
318,-2175.0,-3869.0
319,-2287.0,-3925.0
320,-2432.7559229592716,-3993.174903353619
321,-2482.0,-4015.0
322,-2591.0,-4062.0
323,-2669.835361394022,-4094.1859454276655
324,-2761.0,-4129.0
325,-2897.0,-4177.0
326,-2936.0862040622224,-4189.711613029546
327,-3066.0,-4228.0
328,-3090.2701890738604,-4234.446467924552
329,-3277.324793868025,-4277.755689704179
330,-3298.0,-4282.0
331,-3387.2550710084774,-4298.648028462519
332,-3429.0,-4305.0
333,-3611.0,-4328.0
334,-3618.658835153266,-4328.905950329805
335,-3686.967138895807,-4336.347070652105
336,-3715.0,-4339.0
337,-3876.6948122921567,-4355.493292277896
338,-3881.0,-4356.0
339,-3921.0,-4361.0
340,-3955.6956839744744,-4365.699293187682
341,-4035.0,-4378.0
342,-4074.3369726942947,-4385.794792968565
343,-4096.0,-4395.0
344,-4126.139330041071,-4415.162229181554
345,-4173.0,-4459.0
346,-4175.706769076016,-4462.0505665439005
347,-4221.163387289081,-4545.457286719438
348,-4222.0,-4547.0
349,-4239.472863211301,-4573.943561608374
350,-4271.0,-4608.0
351,-4293.327217238896,-4625.205783464253
352,-4321.593243741392,-4637.332155503194
353,-4331.0,-4640.0
354,-4375.0,-4649.0
355,-4380.657110733514,-4649.822242497546
356,-4416.0,-4651.0
357,-4444.0925249720285,-4649.297111445779
358,-4472.0,-4646.0
359,-4497.674047713788,-4641.376095660837
360,-4527.0,-4635.0
361,-4550.04761135286,-4629.50082596048
362,-4552.0,-4629.0
363,-4628.0,-4610.0
364,-4639.1393561679315,-4608.130306408525
365,-4718.403388254913,-4599.231351074274
366,-4722.0,-4599.0
367,-4779.003373094816,-4598.890552553501
368,-4834.362879489519,-4606.249706674555
369,-4861.0,-4610.0
370,-4918.663241556272,-4618.332820003168
371,-4923.0,-4619.0
372,-4996.0,-4631.0
373,-5052.968311768846,-4639.320203780001
374,-5085.0,-4644.0
375,-5170.0,-4657.0
376,-5184.295520490241,-4659.0525423083145
377,-5258.0,-4669.0
378,-5285.720826851915,-4672.697284076431
379,-5381.058811939695,-4685.3954424373815
380,-5455.0,-4695.0
381,-5548.210551836091,-4706.49517263521
382,-5603.0,-4713.0
383,-5651.583717523944,-4718.697412679599
384,-5723.0,-4727.0
385,-5798.137964908211,-4735.677646496589
386,-5896.0,-4746.0
387,-5927.44386996381,-4749.168880770552
388,-6079.0,-4764.0
389,-6200.283398453213,-4774.8383753781345
390,-6320.0,-4782.0
391,-6324.143134663541,-4782.242144975851
392,-6450.0,-4790.0
393,-6455.09634365369,-4790.334451797016
394,-6555.0,-4799.0
395,-6581.890974677871,-4803.278567169854
396,-6664.33568441665,-4822.964925716804
397,-6714.0,-4841.0
398,-6734.853952324923,-4850.6282350977435
399,-6836.715715544169,-4926.926968476686
400,-6856.0,-4946.0
401,-6894.0,-4987.0
402,-6902.290727253606,-4996.402737829005
403,-6958.0,-5068.0
404,-6977.976643987782,-5098.436154443229
405,-7055.0,-5226.0
406,-7080.730234829268,-5276.318278951662
407,-7092.0,-5308.0
408,-7093.304890737893,-5311.381923296839
409,-7143.214706734336,-5451.396369305214
410,-7145.0,-5458.0
411,-7178.0,-5601.0
412,-7189.625281768539,-5659.549430507502
413,-7196.0,-5708.0
414,-7201.037112405502,-5753.119518090742
415,-7216.0,-5908.0
416,-7217.4141642007835,-5925.513972042719
417,-7220.3445153621715,-6026.780560190564
418,-7220.0,-6036.0
419,-7208.0,-6209.0
420,-7198.820538654117,-6276.11947911114
421,-7186.0,-6297.0
422,-7176.374814473309,-6313.633358439977
423,-7108.0,-6418.0
424,-7094.059428537925,-6434.041245382814
425,-7019.0,-6516.0
426,-7014.84155116042,-6521.610769069527
427,-6951.566133560439,-6661.9455786127655
428,-6942.0,-6691.0
429,-6913.6938887186525,-6780.9682622959135
430,-6888.0,-6868.0
431,-6862.931550723518,-6956.536335232253
432,-6843.0,-7033.0
433,-6814.553102575962,-7162.132116995943
434,-6783.0,-7343.0
435,-6774.615814030278,-7400.087325668167
436,-6761.368987225019,-7514.4783465375895
437,-6761.0,-7518.0
438,-6755.944984946505,-7569.302451733052
439,-6750.0,-7648.0
440,-6748.15248581083,-7676.89076476475
441,-6745.0,-7743.0
442,-6744.827959717786,-7778.524661503408
443,-6746.0,-7812.0
444,-6747.897462425213,-7838.782258351518
445,-6760.0,-7907.0
446,-6761.2321024835755,-7910.582146845342
447,-6785.0,-7955.0
448,-6797.060525201789,-7968.942952601178
449,-6856.5091332122975,-8021.363656366229
450,-6868.0,-8036.0
451,-6886.861875503966,-8072.088258755213
452,-6888.0,-8075.0
453,-6899.607751534401,-8149.55741827686
454,-6899.0,-8170.0
455,-6892.467118334086,-8245.589425713617
456,-6890.0,-8267.0
457,-6883.367456289665,-8310.752601632947
458,-6873.0,-8354.0
459,-6870.887473993032,-8363.533054541613
460,-6864.0,-8394.0
461,-6857.673773246205,-8418.571528014712
462,-6842.0,-8471.0
463,-6840.713378823525,-8474.99500631194
464,-6802.099273188305,-8581.998590799363
465,-6791.0,-8609.0
466,-6768.239241936326,-8660.478501947076
467,-6759.0,-8680.0
468,-6727.72618037428,-8741.427497496776
469,-6712.0,-8770.0
470,-6693.0,-8803.0
471,-6690.474173014704,-8807.342598456204
472,-6649.2208670720875,-8876.63808611206
473,-6589.0,-8953.0
474,-6479.3502136025245,-9076.233750884398
475,-6475.0,-9081.0
476,-6436.380990220511,-9119.763183272264
477,-6420.0,-9130.0
478,-6363.553310074132,-9166.6468383219
479,-6281.18070831351,-9217.97140230295
480,-6276.0,-9221.0
481,-6161.770841784193,-9282.827415979315
482,-6150.0,-9289.0
483,-6110.755298291406,-9309.598645778875
484,-6074.265196343417,-9330.573417644851
485,-6072.0,-9332.0
486,-6030.182789869182,-9360.111250930939
487,-5991.0,-9392.0
488,-5980.120638000273,-9403.055978833872
489,-5949.495451308235,-9446.526508314888
490,-5939.0,-9468.0
491,-5929.836670204281,-9502.242404900748
492,-5929.0,-9527.0
493,-5931.497391234408,-9559.375422927518
494,-5933.0,-9569.0
495,-5941.0,-9602.0
496,-5954.0,-9637.0
497,-5962.657834235374,-9652.077137822485
498,-5971.0,-9664.0
499,-5992.764601666587,-9690.323059105958
500,-6006.0,-9702.0
501,-6016.0,-9708.0
502,-6025.2353206607595,-9712.56459484099
503,-6083.0,-9737.0
504,-6085.545924155316,-9737.976392942017
505,-6120.232600927803,-9748.62436970307
506,-6147.0,-9753.0
507,-6162.449539521425,-9755.288208289609
508,-6215.0,-9762.0
509,-6222.099426910127,-9762.652876177319
510,-6239.0,-9764.0
511,-6306.37453809608,-9769.260911074924
512,-6348.0,-9772.0
513,-6363.1080902465255,-9772.709368903044
514,-6406.80343639292,-9773.005509341985
515,-6409.0,-9773.0
516,-6505.0,-9770.0
517,-6509.418473508779,-9769.561159361645
518,-6595.810453847178,-9757.444378303837
519,-6617.0,-9754.0
520,-6641.241463425909,-9748.624428647132
521,-6650.0,-9745.0
522,-6677.515449503138,-9733.151823026381
523,-6688.0,-9728.0
524,-6729.0,-9696.0
525,-6741.483219994594,-9679.372794865478
526,-6770.277244566789,-9630.587606525045
527,-6780.0,-9610.0
528,-6795.076266419452,-9563.737937043034
529,-6803.0,-9522.0
530,-6804.757550836797,-9512.89763070023
531,-6809.441044454903,-9489.225746373417
532,-6819.0,-9446.0
533,-6824.120771974895,-9423.763851124126
534,-6844.0,-9346.0
535,-6855.855468459775,-9311.616492986772
536,-6875.829285728556,-9267.658404859607
537,-6887.0,-9246.0
538,-6919.0,-9189.0
539,-6939.216455591724,-9156.538862136815
540,-6971.0,-9109.0
541,-7008.0,-9056.0
542,-7043.495776885452,-9005.489010615971
543,-7080.0,-8951.0
544,-7101.299731197146,-8917.136794662114
545,-7161.551935389498,-8812.661174684625
546,-7164.0,-8808.0
547,-7209.4990214464215,-8711.345331247312
548,-7250.0,-8609.0
549,-7256.0,-8593.0
550,-7300.81742898623,-8461.53684989298
551,-7347.0,-8319.0
552,-7377.872997079065,-8218.485275627818
553,-7422.0,-8062.0
554,-7423.011470179261,-8058.43055329792
555,-7437.768497111229,-8006.8584934067385
556,-7447.0,-7973.0
557,-7507.4517532754735,-7745.766020919009
558,-7527.0,-7671.0
559,-7556.173498677156,-7554.530200604674
560,-7570.86697411322,-7481.730797216762
561,-7574.0,-7465.0
562,-7594.0,-7352.0
563,-7604.060711850439,-7288.457812030846
564,-7605.0,-7282.0
565,-7635.079396996568,-7002.828378844025
566,-7637.0,-6981.0
567,-7644.608570469147,-6888.3049430258925
1,-7678.0,-6343.0
2,-7678.224860763503,-6333.297467756922
3,-7678.130004104498,-6177.099907301033
4,-7677.0,-6140.0
5,-7671.0,-6030.0
6,-7664.182757268909,-5939.983329815943
7,-7647.680484753997,-5752.938424206182
8,-7641.0,-5685.0
9,-7630.209803911001,-5589.2826672357205
10,-7604.132527840781,-5440.807124613147
11,-7603.0,-5435.0
12,-7580.0,-5321.0
13,-7567.0,-5263.0
14,-7552.889311497906,-5202.353217251408
15,-7534.0,-5127.0
16,-7495.0,-4988.0
17,-7493.373364123829,-4982.349254267299
18,-7455.902327300333,-4865.920502917085
19,-7450.0,-4851.0
20,-7442.0,-4831.0
21,-7413.6343765349275,-4765.704371641248
22,-7412.0,-4763.0
23,-7355.654395765688,-4695.159897563606
24,-7340.0,-4680.0
25,-7271.806260493485,-4644.3574328062705
26,-7260.0,-4641.0
27,-7167.964041268953,-4617.370196323056
28,-7153.0,-4614.0
29,-7058.038549709288,-4599.876896060649
30,-7023.0,-4597.0
31,-7015.276762227733,-4596.340245246716
32,-6979.707939471315,-4593.129656335612
33,-6948.804907478873,-4590.131923581622
34,-6899.0,-4586.0
35,-6868.785138419952,-4583.733187500748
36,-6812.0,-4579.0
37,-6696.923261420454,-4568.225019089952
38,-6674.0,-4566.0
39,-6592.527887832006,-4557.42156066307
40,-6536.0,-4548.0
41,-6523.376802233669,-4545.97271215229
42,-6445.0,-4533.0
43,-6341.273989121858,-4512.606433025396
44,-6297.0,-4503.0
45,-6155.267722597012,-4469.282187666554
46,-6031.0,-4438.0
47,-5955.03378342452,-4419.047372489631
48,-5880.0,-4401.0
49,-5784.0,-4378.0
50,-5737.612735140672,-4366.29951543134
51,-5590.0,-4328.0
52,-5579.966720329206,-4325.388214024562
53,-5433.789000000163,-4287.44192802417
54,-5358.0,-4269.0
55,-5260.663827481318,-4246.408075095453
56,-5254.0,-4245.0
57,-5149.0,-4226.0
58,-5074.297256970076,-4216.101469107545
59,-4973.0,-4206.0
60,-4834.0,-4194.0
61,-4795.675585585063,-4189.869660034894
62,-4712.0,-4179.0
63,-4605.0,-4156.0
64,-4585.883474341764,-4150.225436279187
65,-4474.0,-4109.0
66,-4453.186313199413,-4100.189675625508
67,-4319.2922405263325,-4036.360508013818
68,-4287.0,-4020.0
69,-4182.0,-3966.0
70,-4133.312945606442,-3941.982011533754
71,-3996.0,-3880.0
72,-3957.2162331517775,-3864.5727252662305
73,-3835.609052670914,-3820.9851584752805
74,-3803.0,-3810.0
75,-3683.22044939579,-3774.1742339360285
76,-3558.0,-3752.0
77,-3305.0,-3717.0
78,-3262.101872600373,-3711.6248809943027
79,-3145.0,-3698.0
80,-3065.0465649769794,-3684.848401013446
81,-2885.0,-3651.0
82,-2717.257527791806,-3596.2085284812906
83,-2649.669091680474,-3560.4429072636376
84,-2647.0,-3559.0
85,-2572.0,-3514.0
86,-2568.2675091276233,-3511.3805664968404
87,-2478.0,-3441.0
88,-2437.3530486009736,-3401.1217274263963
89,-2421.0,-3383.0
90,-2374.554427617341,-3324.0169432982916
91,-2332.849499452022,-3256.5806249446314
92,-2322.0,-3235.0
93,-2293.0,-3162.0
94,-2280.0,-3116.0
95,-2267.692271020751,-3058.5533631600592
96,-2261.0,-2964.0
97,-2268.0,-2847.0
98,-2271.830349723795,-2812.0497856837783
99,-2289.194442145693,-2740.5419887686567
100,-2295.0,-2723.0
101,-2320.0,-2653.0
102,-2339.423822394934,-2606.774283782172
103,-2362.0,-2561.0
104,-2384.5441985130137,-2520.5229795248915
105,-2409.0,-2480.0
106,-2471.7624272196636,-2388.496652005166
107,-2485.0,-2371.0
108,-2527.0,-2319.0
109,-2535.973734606847,-2308.2905269157773
110,-2582.0,-2254.0
111,-2629.8317176452474,-2196.2977661656837
112,-2674.0,-2134.0
113,-2681.6358781667705,-2121.5158741272667
114,-2729.0,-2030.0
115,-2733.5802748747965,-2018.660006165771
116,-2748.733454539423,-1933.6075644857824
117,-2748.0,-1911.0
118,-2745.1399782770977,-1877.049102016933
119,-2737.0,-1826.0
120,-2734.209865529172,-1813.8260989871044
121,-2714.0,-1749.0
122,-2703.6972317749014,-1723.3054169587679
123,-2680.0,-1674.0
124,-2662.2016162752507,-1641.1530809902547
125,-2622.0,-1572.0
126,-2590.9175455178997,-1524.1705628206385
127,-2573.0,-1500.0
128,-2504.0,-1413.0
129,-2482.659028186754,-1387.5827054846593
130,-2441.0,-1340.0
131,-2379.0,-1272.0
132,-2331.994561554095,-1221.0156114575211
133,-2323.0,-1211.0
134,-2279.195750641451,-1160.6650896447052
135,-2212.0,-1078.0
136,-2208.189750290857,-1073.045082914964
137,-2153.997475872987,-999.2518264947144
138,-2151.0,-995.0
139,-2085.0,-898.0
140,-2061.207305937871,-862.7585737049833
141,-1992.2993443034215,-761.7828748307519
142,-1982.0,-747.0
143,-1924.0,-666.0
144,-1888.0,-619.0
145,-1839.583888237698,-556.5016280126821
146,-1817.0,-528.0
147,-1742.4460037141587,-437.44537654295556
148,-1698.0,-385.0
149,-1661.369888847706,-343.5050118147078
150,-1643.0,-324.0
151,-1632.411601391915,-312.9409985382256
152,-1599.0,-279.0
153,-1596.3960399402126,-276.4642057526656
154,-1539.0,-228.0
155,-1503.0,-209.0
156,-1500.749238515885,-208.0997479258006
157,-1470.0,-199.0
158,-1443.2729463384303,-196.67542863746945
159,-1428.0,-198.0
160,-1391.0,-207.0
161,-1389.0097298313758,-207.6452013615472
162,-1364.0,-218.0
163,-1348.5256228676067,-226.37308069908508
164,-1323.0,-243.0
165,-1321.4206513519932,-244.16677881214045
166,-1294.0,-268.0
167,-1276.8834682672182,-287.1037796088984
168,-1271.0,-295.0
169,-1249.0,-335.0
170,-1244.420198753015,-345.50649562397007
171,-1234.0,-373.0
172,-1228.9325876894463,-388.8229206511627
173,-1220.0,-421.0
174,-1217.635253640234,-430.0165297930378
175,-1193.7659699444482,-525.5481959905169
176,-1190.0,-540.0
177,-1174.846312364196,-592.6398992267254
178,-1166.0,-620.0
179,-1147.308902404821,-675.5160724411462
180,-1130.0,-723.0
181,-1119.4947941266746,-749.8568814754999
182,-1099.0,-799.0
183,-1087.250024342436,-825.4431085407808
184,-1072.0,-858.0
185,-1044.0,-913.0
186,-1033.2149936548058,-932.3947444527157
187,-1007.0,-974.0
188,-985.256362765624,-1005.6292806149238
189,-973.0,-1022.0
190,-949.1955420533733,-1050.3351921393594
191,-944.0,-1056.0
192,-917.3889565353298,-1081.5049450708752
193,-907.0,-1090.0
194,-893.095080498819,-1100.301497398472
195,-880.0,-1108.0
196,-821.0,-1131.0
197,-805.2988104295313,-1134.1923078823245
198,-762.2194949775862,-1121.3777137320053
199,-760.0,-1120.0
200,-745.3197420332268,-1107.251310625235
201,-742.0,-1100.0
202,-737.9831017696932,-1087.060911806831
203,-731.0,-1040.0
204,-732.0410793556382,-1021.6761478614438
205,-737.4855825553251,-999.9475103254123
206,-741.0,-988.0
207,-741.6244692920179,-985.8226380502763
208,-745.0,-975.0
209,-748.6865338656812,-965.1719832143949
210,-757.0,-945.0
211,-765.376334159932,-927.6309588110126
212,-769.0,-921.0
213,-781.6357030715308,-900.7962834045809
214,-808.0,-866.0
215,-831.7479975356381,-838.3991900704191
216,-833.0,-837.0
217,-853.6663052770772,-814.6402135955327
218,-860.0,-808.0
219,-899.0836089489762,-767.5496461419606
220,-922.0,-744.0
221,-934.2567363312705,-731.6021790444223
222,-941.0,-724.0
223,-951.7031388678881,-711.7127643864843
224,-981.0,-676.0
225,-999.2063225458028,-647.6931812826516
226,-1007.0,-632.0
227,-1019.9934655405209,-598.2421788109624
228,-1025.0,-581.0
229,-1028.0,-523.0
230,-1026.4170100826307,-514.6399155798383
231,-1011.0,-461.0
232,-1007.2552591680469,-450.2858614687051
233,-973.0,-404.0
234,-966.6633196504863,-397.9844365733013
235,-924.0,-360.0
236,-916.0075218313491,-353.6791543762477
237,-837.8959853185598,-306.6330240996263
238,-810.0,-293.0
239,-791.5560037083487,-284.48815619982787
240,-766.0,-273.0
241,-750.8370446976326,-265.9745669673424
242,-729.0,-256.0
243,-688.1280129552981,-238.79959899767704
244,-670.0,-232.0
245,-542.0,-189.0
246,-524.5244202494274,-183.7156227782697
247,-471.89443220899375,-174.26303238638783
248,-470.0,-174.0
249,-416.0,-168.0
250,-369.1371002810768,-171.87678823040488
251,-322.0,-184.0
252,-307.15810397973775,-190.56249735301594
253,-267.0,-229.0
254,-265.78649968541447,-230.6364280177782
255,-254.0,-248.0
256,-234.93716695082355,-282.7054304918636
257,-232.0,-289.0
258,-220.27974854648295,-318.24483945012867
259,-215.0,-334.0
260,-200.0,-393.0
261,-199.3925974244028,-396.09703104390144
262,-190.0,-460.0
263,-188.53384558709428,-476.09773171487916
264,-188.0,-484.0
265,-184.94467823076354,-571.000010774264
266,-185.0,-641.0
267,-189.8115405162851,-721.7437634015852
268,-194.74440691578496,-771.4677065942606
269,-195.0,-774.0
270,-200.7624508547754,-829.3456759922444
271,-209.1246515269392,-902.067491168516
272,-211.0,-918.0
273,-225.0,-1037.0
274,-232.1553362307933,-1101.4909301179725
275,-244.74640675647,-1225.2738724087708
276,-246.0,-1237.0
277,-251.72340702041214,-1288.35250508697
278,-258.0,-1344.0
279,-259.6822013066291,-1359.2402225094165
280,-278.0,-1532.0
281,-280.6408668852308,-1558.5293463628022
282,-297.0,-1672.0
283,-307.33368176417207,-1721.0288365229417
284,-343.0,-1874.0
285,-357.22474834733106,-1928.9307495199482
286,-368.0,-1959.0
287,-381.55117025600396,-2000.3751374946942
288,-421.0,-2118.0
289,-443.2131720344677,-2179.8207347085195
290,-510.9765265874032,-2360.6137175702083
291,-518.0,-2379.0
292,-559.0,-2480.0
293,-570.9065946656934,-2508.3080808370923
294,-607.0,-2594.0
295,-702.0,-2796.0
296,-717.8474149198336,-2824.363488983455
297,-830.0,-3013.0
298,-915.400655396376,-3126.9127267669833
299,-956.0,-3168.0
300,-979.5782433841898,-3191.5002426563065
301,-1067.5133945771893,-3275.098090384364
302,-1072.0,-3279.0
303,-1176.0,-3359.0
304,-1303.0,-3437.0
305,-1335.0555632210032,-3454.659946659143
306,-1435.1305665021323,-3504.912761252776
307,-1492.0,-3532.0
308,-1699.0,-3629.0
309,-1813.0510247785342,-3684.1924262222656
310,-1873.3165510463928,-3715.765874324973
311,-1932.0,-3746.0
312,-2042.0,-3802.0
313,-2076.664846208838,-3819.6127111285555
314,-2187.764389298442,-3875.437173928877
315,-2195.0,-3879.0
316,-2279.0,-3920.0
317,-2351.3161446476643,-3955.2988291600864
318,-2389.0,-3973.0
319,-2451.1877098570617,-4001.1714916661813
320,-2519.0,-4031.0
321,-2629.220843020557,-4077.5576858550257
322,-2724.0,-4115.0
323,-2807.3495186211417,-4145.6563449399055
324,-2935.0,-4189.0
325,-2996.0,-4208.0
326,-3065.5082693201475,-4226.996797352946
327,-3317.0,-4286.0
328,-3354.9903581317117,-4293.916303575626
329,-3453.220905426751,-4308.42004961615
330,-3466.0,-4310.0
331,-3605.0,-4327.0
332,-3676.1991428705724,-4334.693801860742
333,-3817.0,-4349.0
334,-3876.635731345224,-4355.254351616447
335,-3908.0,-4359.0
336,-3939.78132522978,-4362.817310283281
337,-3965.0,-4366.0
338,-3994.308865342358,-4370.088593770393
339,-4017.0,-4374.0
340,-4128.0,-4405.0
341,-4143.289455473836,-4414.778630253431
342,-4167.0,-4450.0
343,-4186.825734268152,-4483.897594195699
344,-4196.0,-4500.0
345,-4221.0,-4545.0
346,-4222.257763769516,-4547.14558269585
347,-4243.124254173069,-4579.624001076815
348,-4250.0,-4588.0
349,-4262.0,-4600.0
350,-4273.120478539904,-4609.596953546708
351,-4295.0,-4625.0
352,-4327.0,-4639.0
353,-4343.995440724726,-4643.6457848970385
354,-4388.0,-4650.0
355,-4390.269759561583,-4650.199921967382
356,-4429.240427220319,-4651.112312133448
357,-4431.0,-4651.0
358,-4459.0,-4648.0
359,-4474.056183528131,-4645.821516819753
360,-4511.753488352418,-4638.3652610391855
361,-4522.0,-4636.0
362,-4559.0,-4627.0
363,-4606.623877290404,-4615.670932205899
364,-4613.0,-4614.0
365,-4655.655425016724,-4604.196844624198
366,-4669.0,-4603.0
367,-4758.0,-4600.0
368,-4816.543151849152,-4601.303252792629
369,-4900.168740085864,-4615.450918137242
370,-4919.0,-4619.0
371,-4954.832514498659,-4624.99991139876
372,-5018.6998838188865,-4634.346907323254
373,-5030.0,-4636.0
374,-5106.773360507307,-4647.274060390623
375,-5139.0,-4652.0
376,-5201.220179149331,-4661.089821237042
377,-5272.0,-4671.0
378,-5373.0,-4684.0
379,-5378.723892123853,-4684.738870794163
380,-5458.0,-4695.0
381,-5551.02080467927,-4706.40089246362
382,-5556.0,-4707.0
383,-5692.0,-4723.0
384,-5733.106204683596,-4727.58758741877
385,-5809.0,-4736.0
386,-5905.0,-4747.0
387,-5948.4038614130695,-4751.604092678696
388,-6014.0,-4758.0
389,-6044.788927940698,-4760.786557941245
390,-6167.0,-4771.0
391,-6240.0,-4777.0
392,-6316.686684149401,-4781.843011442678
393,-6406.0,-4787.0
394,-6491.0,-4793.0
395,-6516.933380260304,-4795.116438217322
396,-6580.0,-4802.0
397,-6612.3730767494935,-4807.792046906653
398,-6706.0,-4837.0
399,-6768.41237317688,-4871.398939832216
400,-6788.0,-4886.0
401,-6891.046933443262,-4982.753962076355
402,-6895.0,-4987.0
403,-6944.958052975295,-5046.624131545484
404,-7000.114247471334,-5130.935495599685
405,-7002.0,-5134.0
406,-7087.0,-5297.0
407,-7089.639484536866,-5303.230510856325
408,-7130.0,-5407.0
409,-7154.0,-5491.0
410,-7163.374204717541,-5529.065534222115
411,-7179.0,-5601.0
412,-7186.534195916874,-5643.206692544834
413,-7193.0,-5684.0
414,-7212.0,-5845.0
415,-7212.575677188566,-5851.945622125154
416,-7220.0,-5999.0
417,-7219.0,-6098.0
418,-7216.356852864834,-6140.441305672253
419,-7202.0,-6241.0
420,-7186.0,-6297.0
421,-7175.480772082843,-6321.008890687184
422,-7095.0,-6432.0
423,-6988.724068765716,-6589.882489466315
424,-6964.0,-6630.0
425,-6927.79617444211,-6712.968352987076
426,-6917.0,-6769.0
427,-6901.596298564544,-6823.364672600174
428,-6875.0,-6912.0
429,-6869.301482530946,-6931.991428605686
430,-6841.0,-7042.0
431,-6790.0,-7292.0
432,-6788.831250041882,-7298.520963234943
433,-6775.0,-7402.0
434,-6772.168162932142,-7427.434621797871
435,-6757.936997534977,-7555.107251877012
436,-6753.0,-7603.0
437,-6747.2273323961435,-7679.369717232293
438,-6746.0,-7714.0
439,-6745.0,-7778.0
440,-6746.233393404258,-7816.883728228285
441,-6749.0,-7853.0
442,-6754.517543552305,-7889.477065425197
443,-6767.0,-7925.0
444,-6771.524982519874,-7933.0141819612945
445,-6827.0,-7995.0
446,-6876.0,-8048.0
447,-6884.3600068927835,-8063.727588079374
448,-6894.0,-8099.0
449,-6896.556113508211,-8116.106686317623
450,-6899.0,-8155.0
451,-6890.0,-8269.0
452,-6887.402998011978,-8286.214785812657
453,-6877.0,-8340.0
454,-6866.527572753148,-8382.575098099407
455,-6847.0,-8454.0
456,-6826.68063249902,-8517.72130071442
457,-6821.0,-8533.0
458,-6761.0,-8676.0
459,-6758.5881183235815,-8681.136706003004
460,-6727.0,-8744.0
461,-6724.427416855199,-8748.743928278807
462,-6671.0,-8839.0
463,-6616.0,-8919.0
464,-6600.455430089263,-8939.708176383
465,-6576.0,-8970.0
466,-6419.364561154576,-9127.72103797178
467,-6400.0,-9145.0
468,-6340.0,-9184.0
469,-6292.56363410639,-9210.699537002598
470,-6230.0,-9246.0
471,-6210.705479109667,-9256.561117280218
472,-6140.0,-9294.0
473,-6105.4527707503275,-9312.36500873273
474,-6097.0,-9317.0
475,-6041.0,-9352.0
476,-6032.518040595362,-9358.44398035841
477,-5974.0,-9410.0
478,-5971.77683965011,-9412.253255874662
479,-5942.605113553284,-9457.499911389918
480,-5942.0,-9459.0
481,-5932.373486715158,-9488.874112733265
482,-5932.0,-9491.0
483,-5931.956165887762,-9555.306331131986
484,-5933.0,-9567.0
485,-5935.790649082586,-9587.84715948822
486,-5949.0,-9624.0
487,-5950.816313828476,-9628.083181310136
488,-5962.854290171221,-9652.162876223145
489,-5966.0,-9657.0
490,-5994.0,-9691.0
491,-6005.224206260126,-9701.81614843864
492,-6022.170848675982,-9713.216295840415
493,-6034.0,-9719.0
494,-6067.202827137283,-9732.019967589564
495,-6089.0,-9739.0
496,-6131.0,-9750.0
497,-6144.0,-9753.0
498,-6166.235153365383,-9756.84181910137
499,-6253.0,-9767.0
500,-6276.610566516241,-9768.822582512896
501,-6373.0,-9773.0
502,-6394.750314810608,-9773.570305130428
503,-6427.0,-9773.0
504,-6462.782462695097,-9771.107350596529
505,-6537.0,-9766.0
506,-6571.445241093309,-9762.481091674264
507,-6580.0,-9761.0
508,-6642.568380207725,-9745.354452739084
509,-6670.0,-9737.0
510,-6699.716053739466,-9722.789258978495
511,-6712.0,-9712.0
512,-6735.0,-9691.0
513,-6750.013343656202,-9673.062638104095
514,-6763.0,-9649.0
515,-6780.776820188241,-9601.951392145775
516,-6795.0,-9558.0
517,-6801.079220146105,-9536.72565741672
518,-6807.0,-9502.0
519,-6816.075222288071,-9459.82042878024
520,-6832.23045358481,-9389.187539722594
521,-6833.0,-9386.0
522,-6845.498667235118,-9339.62590439398
523,-6861.0,-9301.0
524,-6891.0,-9237.0
525,-6892.925752869914,-9233.392965436797
526,-6917.0,-9192.0
527,-6956.214862544448,-9131.237704030069
528,-6989.0,-9083.0
529,-7055.0,-8986.0
530,-7076.574739140579,-8952.886590577424
531,-7141.141825774318,-8847.686257965688
532,-7165.0,-8805.0
533,-7211.5364532903395,-8709.094947553207
534,-7240.799245642951,-8633.887588238613
535,-7256.0,-8594.0
536,-7276.3784440662885,-8539.76077499413
537,-7302.0,-8461.0
538,-7328.041870128456,-8377.95428190549
539,-7371.0,-8239.0
540,-7382.896487589518,-8199.517771765937
541,-7392.0,-8167.0
542,-7393.02230416505,-8163.439464568974
543,-7427.0,-8045.0
544,-7433.788589947132,-8020.62847996983
545,-7500.0,-7776.0
546,-7509.800836512678,-7738.772017754461
547,-7551.395508938514,-7567.688325769779
548,-7562.0,-7520.0
549,-7582.0,-7422.0
550,-7612.599538298739,-7219.155499049273
551,-7614.0,-7209.0
552,-7631.715227691426,-7067.925608030413
553,-7642.576676666116,-6926.220877435398
554,-7647.0,-6857.0
555,-7651.103358183069,-6791.930245073516
556,-7666.0,-6551.0
1,-7677.0,-6361.0
2,-7682.633276826076,-6248.540379580963
3,-7675.0,-6092.0
4,-7655.0,-5820.0
5,-7651.592089794782,-5774.3708286898
6,-7637.0,-5648.0
7,-7623.195758828724,-5564.129632412163
8,-7591.0,-5377.0
9,-7555.770408277357,-5209.370430692411
10,-7538.674562238324,-5145.522799389836
11,-7538.0,-5143.0
12,-7519.0,-5072.0
13,-7518.047530439173,-5068.459505465449
14,-7494.0,-4982.0
15,-7480.7844582391945,-4941.064164405564
16,-7475.0,-4924.0
17,-7457.3514910551075,-4873.219903458799
18,-7438.2197029923045,-4822.15857070906
19,-7432.0,-4807.0
20,-7410.0,-4760.0
21,-7394.0,-4735.0
22,-7373.311872263892,-4707.275283468609
23,-7328.0,-4672.0
24,-7253.0,-4639.0
25,-7229.633415625203,-4630.46133979745
26,-7178.944111280728,-4619.262657401619
27,-7166.0,-4617.0
28,-7114.0,-4608.0
29,-7079.899238873255,-4602.846331131658
30,-7037.0,-4598.0
31,-6985.983142453722,-4593.45376137781
32,-6933.0,-4589.0
33,-6839.185620070706,-4580.557127383468
34,-6821.0,-4579.0
35,-6760.0,-4574.0
36,-6746.773235015294,-4572.813673655204
37,-6678.0,-4566.0
38,-6601.343948246706,-4557.070374488823
39,-6513.0,-4544.0
40,-6494.700225150014,-4540.954704122477
41,-6358.0,-4516.0
42,-6341.162244179305,-4512.626246279801
43,-6217.544800009967,-4483.98205042286
44,-6185.0,-4476.0
45,-6136.107207140789,-4464.054612935278
46,-6062.0,-4446.0
47,-6044.097402908645,-4441.640590319081
48,-5947.0,-4418.0
49,-5907.424991067008,-4408.356093505547
50,-5829.0,-4389.0
51,-5775.120450277,-4375.412395179439
52,-5660.0,-4346.0
53,-5580.191569945355,-4325.243781206585
54,-5537.0,-4314.0
55,-5385.0,-4275.0
56,-5356.825396828637,-4268.036472234419
57,-5307.0,-4257.0
58,-5188.0,-4233.0
59,-5098.2447312083095,-4219.066187852122
60,-5081.0,-4217.0
61,-4994.92981464853,-4208.648833137787
62,-4859.0,-4197.0
63,-4851.22505198913,-4196.220585385579
64,-4740.134422418345,-4182.933240251587
65,-4734.0,-4182.0
66,-4600.0,-4154.0
67,-4552.532246784671,-4139.355601804543
68,-4418.437094587192,-4085.075858069525
69,-4399.0,-4076.0
70,-4292.0,-4022.0
71,-4226.0,-3988.0
72,-4129.914825462319,-3938.994751484685
73,-4080.0,-3916.0
74,-3894.6988352623544,-3843.272329951273
75,-3774.0,-3802.0
76,-3660.937445269775,-3771.8809508078707
77,-3599.0,-3760.0
78,-3563.3642303232755,-3753.650788696871
79,-3449.0,-3735.0
80,-3439.727914591642,-3733.6298585735567
81,-3225.0,-3707.0
82,-3100.0,-3692.0
83,-3092.5709005443587,-3690.9484672718754
84,-2995.0,-3675.0
85,-2915.0820299377965,-3659.2523434436953
86,-2871.0,-3648.0
87,-2767.0,-3614.0
88,-2761.495577010961,-3611.9732757958905
89,-2693.0,-3583.0
90,-2649.7669764774887,-3560.6218771473073
91,-2577.0,-3517.0
92,-2572.453804569542,-3513.9913798945095
93,-2493.0,-3454.0
94,-2444.0880505126556,-3408.0935170882403
95,-2427.0,-3390.0
96,-2361.0,-3305.0
97,-2347.97483668443,-3283.793200028431
98,-2320.0,-3230.0
99,-2307.103623018692,-3200.2183271376202
100,-2288.0,-3142.0
101,-2284.1870812680377,-3126.117975448914
102,-2263.2286481770443,-2964.2227945481013
103,-2262.0,-2941.0
104,-2265.7307295541996,-2863.625877140691
105,-2272.0,-2828.0
106,-2286.873054352194,-2758.9240450124125
107,-2302.0,-2704.0
108,-2311.711083223134,-2675.024136105684
109,-2332.0,-2624.0
110,-2344.7273766594226,-2596.270584713875
111,-2362.0,-2562.0
112,-2396.0,-2502.0
113,-2412.5016380435823,-2475.493854159349
114,-2460.0,-2406.0
115,-2494.8793099009426,-2360.2009982232435
116,-2515.0,-2335.0
117,-2556.88583529544,-2283.9562352169596
118,-2566.0,-2273.0
119,-2610.559668202802,-2220.067220364834
120,-2627.0,-2200.0
121,-2648.238097252829,-2173.047023296356
122,-2666.0,-2147.0
123,-2731.0,-2024.0
124,-2743.750627616444,-1988.685217346823
125,-2744.888907183279,-1870.824809507184
126,-2744.0,-1864.0
127,-2734.623479713078,-1811.52048606579
128,-2727.0,-1789.0
129,-2712.3639020883306,-1751.3607195021004
130,-2664.3907431625366,-1644.7064339228841
131,-2652.0,-1621.0
132,-2622.3542299686824,-1570.2727643984379
133,-2580.1121843548767,-1509.941818625151
134,-2556.0,-1477.0
135,-2551.6305881120406,-1471.0578471775364
136,-2528.0,-1441.0
137,-2503.393720672885,-1412.0840631653668
138,-2452.0,-1353.0
139,-2408.7405555218597,-1304.4939253634104
140,-2392.0,-1286.0
141,-2339.3258733923967,-1228.597490909414
142,-2249.0,-1126.0
143,-2184.194680259322,-1041.356331211787
144,-2181.0,-1037.0
145,-2132.1037928369196,-968.1185944251366
146,-2119.0,-949.0
147,-2043.741439337589,-837.3401462833729
148,-1997.0,-768.0
149,-1956.1038948194607,-709.2364495149934
150,-1936.0,-682.0
151,-1915.2538832329733,-654.1916474305833
152,-1865.0,-588.0
153,-1825.4805336679408,-538.2355463595215
154,-1805.0,-513.0
155,-1764.891613218646,-464.037848385593
156,-1745.0,-440.0
157,-1678.0,-362.0
158,-1668.5808815058276,-351.6598991203444
159,-1609.0,-288.0
160,-1597.1874573107734,-275.4860105740446
161,-1541.0,-230.0
162,-1532.5548135409804,-225.3813034779399
163,-1477.0,-200.0
164,-1467.1053951738243,-197.3150075685714
165,-1380.4051456149277,-209.7901731396613
166,-1353.0,-222.0
167,-1336.6664561128018,-230.80181610792766
168,-1318.0,-245.0
169,-1307.7718611246855,-253.98217124680656
170,-1294.0,-267.0
171,-1272.8687003600583,-290.99492549417005
172,-1266.0,-302.0
173,-1231.0,-383.0
174,-1226.8078812688334,-394.57884702670424
175,-1216.4104685059115,-437.27874970443395
176,-1216.0,-439.0
177,-1203.0,-490.0
178,-1189.1018724723654,-542.4830889199388
179,-1172.0,-603.0
180,-1165.1739257388617,-624.8039817937704
181,-1136.0,-706.0
182,-1134.8832411814253,-709.0609222757712
183,-1123.0,-741.0
184,-1096.808357271973,-803.1661849056229
185,-1092.0,-814.0
186,-1069.8322443044394,-862.1920700497467
187,-1058.0,-886.0
188,-1015.0,-961.0
189,-1012.8791661161831,-964.4041194330975
190,-970.0,-1027.0
191,-957.6703154847169,-1041.8269202883635
192,-952.0,-1048.0
193,-900.8381505352061,-1092.631417358768
194,-864.0,-1117.0
195,-824.9776872105836,-1130.907286167839
196,-802.169883057416,-1132.9433332271249
197,-801.0,-1133.0
198,-775.0953245034458,-1132.3451045354504
199,-755.0688003209603,-1118.0447237794942
200,-752.0,-1114.0
201,-734.0,-1081.0
202,-728.7790427610194,-1062.0900660125758
203,-732.4149138366265,-1024.3692198928347
204,-733.0,-1021.0
205,-735.6043440728522,-1006.9119473619514
206,-739.0,-993.0
207,-740.0689515408286,-989.381711018709
208,-754.0,-952.0
209,-756.2212132492903,-946.9997229826811
210,-767.0,-927.0
211,-772.3772882553093,-918.0877536889577
212,-790.0,-890.0
213,-797.0354581952008,-880.2072125829736
214,-802.0,-875.0
215,-808.00043661975,-867.3373546395048
216,-827.0,-844.0
217,-839.103168911942,-830.6506321975882
218,-876.7423554645093,-791.3347698044156
219,-880.0,-788.0
220,-892.0,-776.0
221,-898.6615821671655,-768.8823610211819
222,-922.0,-744.0
223,-978.0,-680.0
224,-983.5809238918715,-671.3707928317592
225,-1015.0,-614.0
226,-1028.6844057843193,-568.943723616534
227,-1029.0,-549.0
228,-1028.637353812202,-537.9127501910192
229,-1024.403151538786,-498.8585153061136
230,-1024.0,-497.0
231,-1010.0,-458.0
232,-987.0,-420.0
233,-980.4661584841799,-411.346797422446
234,-957.6212600853662,-387.00683168234275
235,-943.0,-375.0
236,-886.0,-335.0
237,-851.6234417512987,-313.2115320251276
238,-829.9187010710923,-302.00732708543205
239,-809.0,-292.0
240,-770.0,-274.0
241,-757.3160661055299,-268.350661273832
242,-714.840753658098,-250.18699637026256
243,-712.0,-249.0
244,-678.0,-235.0
245,-641.4192854793307,-220.9242665416696
246,-622.0,-214.0
247,-593.4090928037754,-204.26528731977044
248,-564.0,-195.0
249,-517.2933480923557,-182.6251269733337
250,-479.0,-175.0
251,-447.15706563113235,-170.6403819024357
252,-401.0,-168.0
253,-380.0,-169.0
254,-357.9452624140977,-174.06938655417156
255,-285.0,-208.0
256,-274.63719871003843,-215.3255821265039
257,-252.43180048280698,-247.39143193222176
258,-250.0,-252.0
259,-226.0,-303.0
260,-215.89485240887,-334.6212243966458
261,-198.0,-403.0
262,-191.6656575537353,-435.5148934762384
263,-190.0,-459.0
264,-188.18745432492724,-482.84865183323876
265,-187.0,-498.0
266,-186.28782541123473,-506.22075949926574
267,-186.0,-513.0
268,-185.0,-606.0
269,-185.43445831378492,-630.9460001806517
270,-189.0,-704.0
271,-194.19839532120184,-760.2558829059014
272,-197.0,-787.0
273,-206.0,-869.0
274,-206.4815142995623,-873.2966109733086
275,-214.53925328504346,-944.7456559369892
276,-217.0,-967.0
277,-221.0,-1004.0
278,-224.45399712478093,-1036.9821520214657
279,-231.0,-1100.0
280,-241.0,-1191.0
281,-246.34276659432942,-1238.609161751616
282,-260.0,-1361.0
283,-260.68796566751496,-1367.3637161262523
284,-272.4520005322475,-1477.9331320562237
285,-273.0,-1483.0
286,-282.0,-1564.0
287,-287.25317586177823,-1607.1663381060666
288,-303.42253689913184,-1711.815464284357
289,-309.0,-1739.0
290,-332.0,-1834.0
291,-365.43074114007044,-1950.7144854406392
292,-370.0,-1966.0
293,-400.5050446938438,-2061.9816324306466
294,-410.0,-2089.0
295,-473.0,-2262.0
296,-513.3234024039733,-2369.7298333705817
297,-566.1442158151606,-2499.1302870770555
298,-578.0,-2527.0
299,-600.9822871843387,-2580.842261385182
300,-643.3459619768615,-2675.801806595548
301,-651.0,-2692.0
302,-703.8474368981357,-2799.2816138874064
303,-727.0,-2843.0
304,-773.8997145077988,-2925.0876790825105
305,-831.0,-3013.0
306,-919.0,-3126.0
307,-924.1764367850382,-3131.9929998123603
308,-998.0,-3211.0
309,-1090.8940831398345,-3294.8302399227578
310,-1096.0,-3299.0
311,-1240.0,-3401.0
312,-1285.705295357871,-3428.00380553562
313,-1372.0,-3474.0
314,-1482.0,-3527.0
315,-1531.4858285487426,-3550.1699893663153
316,-1606.0,-3585.0
317,-1640.9605205887092,-3601.5281557796893
318,-1784.0,-3671.0
319,-1880.0,-3720.0
320,-1981.0651529789802,-3771.532889353857
321,-2099.0,-3831.0
322,-2214.0,-3888.0
323,-2249.7245114530288,-3905.715289563013
324,-2340.0,-3950.0
325,-2390.62308357347,-3973.8715809315036
326,-2555.0,-4047.0
327,-2675.3466043915164,-4096.486105192131
328,-2716.0,-4112.0
329,-2946.5976524022744,-4192.957543986872
330,-2956.0,-4196.0
331,-3081.6666455713553,-4233.476396142861
332,-3240.436630471871,-4270.816728907109
333,-3246.0,-4272.0
334,-3490.0,-4314.0
335,-3496.5917127586963,-4314.873115444928
336,-3598.0,-4327.0
337,-3686.0,-4336.0
338,-3723.3903981597578,-4339.652359288452
339,-3787.0,-4346.0
340,-3819.851607912688,-4349.58903667082
341,-3850.0,-4353.0
342,-3961.0,-4366.0
343,-3965.195143886195,-4366.5384034541585
344,-4047.0,-4380.0
345,-4105.0,-4397.0
346,-4124.045563911818,-4406.66875049669
347,-4156.0,-4436.0
348,-4172.0,-4457.0
349,-4178.857838756479,-4467.887281742585
350,-4209.0,-4525.0
351,-4247.294485928163,-4581.867914013694
352,-4257.0,-4595.0
353,-4277.768363726364,-4616.962960130201
354,-4294.0,-4624.0
355,-4310.188924183443,-4631.243882965773
356,-4337.0,-4642.0
357,-4343.139132097594,-4643.9082630819075
358,-4377.0,-4650.0
359,-4451.0,-4649.0
360,-4453.016927267786,-4648.862897425773
361,-4491.0,-4643.0
362,-4501.952849711955,-4640.493466264524
363,-4559.153492329357,-4626.564191038166
364,-4582.0,-4621.0
365,-4624.50332461206,-4611.153214692638
366,-4647.0,-4607.0
367,-4691.0,-4601.0
368,-4722.254386184761,-4599.747458488425
369,-4754.0,-4600.0
370,-4789.018701793734,-4601.794378817997
371,-4830.0,-4606.0
372,-4840.798365240867,-4607.352243092716
373,-4938.0,-4622.0
374,-5013.0,-4634.0
375,-5035.107462430535,-4637.191035439164
376,-5084.0,-4644.0
377,-5106.611306004254,-4647.34275498525
378,-5157.0,-4655.0
379,-5314.0,-4677.0
380,-5338.770449399685,-4680.21280723647
381,-5417.0,-4690.0
382,-5478.358474483108,-4697.556033494366
383,-5581.0,-4710.0
384,-5673.239334619535,-4720.521291590482
385,-5695.0,-4723.0
386,-5896.0,-4746.0
387,-5903.362576641147,-4746.783860277581
388,-5994.0,-4756.0
389,-6000.753701519077,-4756.665008344455
390,-6132.0,-4769.0
391,-6272.0,-4780.0
392,-6302.326912860168,-4781.715699426228
393,-6344.0,-4784.0
394,-6567.012231896818,-4801.484396313884
395,-6592.0,-4804.0
396,-6654.0,-4818.0
397,-6700.867644269689,-4837.024227523785
398,-6764.0,-4869.0
399,-6783.480107793957,-4881.933064002208
400,-6855.0,-4945.0
401,-6890.217043489538,-4982.9576517725945
402,-6899.0,-4993.0
403,-6961.0,-5073.0
404,-6971.107828266052,-5087.970075850282
405,-7045.0,-5208.0
406,-7047.99573148831,-5213.267077394108
407,-7097.600647108911,-5320.403394379888
408,-7099.0,-5324.0
409,-7125.320703063779,-5396.657190853508
410,-7127.0,-5402.0
411,-7170.767898569636,-5570.404222476204
412,-7178.0,-5602.0
413,-7190.138411792262,-5659.732013791326
414,-7205.0,-5779.0
415,-7206.529541733685,-5794.189152283641
416,-7214.8193744541695,-5888.475825454612
417,-7216.0,-5909.0
418,-7220.0,-6066.0
419,-7218.969569976133,-6122.169193678205
420,-7211.816964492675,-6194.187948988881
421,-7203.0,-6235.0
422,-7170.416434975629,-6332.696062949765
423,-7133.0,-6391.0
424,-7032.0,-6498.0
425,-7010.0,-6530.0
426,-6988.690092282601,-6567.918976721814
427,-6943.0,-6688.0
428,-6929.0381171397385,-6731.5393218913505
429,-6865.0,-6948.0
430,-6852.035338039843,-6994.120365216437
431,-6838.0,-7054.0
432,-6822.313151093809,-7127.928960042157
433,-6791.0,-7288.0
434,-6779.41304758709,-7363.43956369573
435,-6777.0,-7382.0
436,-6762.102156288285,-7515.898158117122
437,-6756.0,-7575.0
438,-6749.408831196955,-7644.040246422177
439,-6748.0,-7676.0
440,-6746.0,-7736.0
441,-6743.976245511259,-7780.292521783027
442,-6747.0,-7826.0
443,-6764.230473980206,-7898.241484656846
444,-6788.0,-7960.0
445,-6808.89200526793,-7987.355374174993
446,-6855.0,-8021.0
447,-6875.23484579618,-8068.443797405125
448,-6898.214835126431,-8149.377790477844
449,-6899.0,-8153.0
450,-6902.5217811185985,-8204.635614883215
451,-6893.0,-8247.0
452,-6881.0,-8319.0
453,-6880.22715876338,-8323.052854516456
454,-6870.0,-8370.0
455,-6850.013203165086,-8443.606790040647
456,-6837.0,-8486.0
457,-6814.0,-8552.0
458,-6802.664590419175,-8579.834418722616
459,-6754.457293944663,-8687.491371928945
460,-6733.0,-8731.0
461,-6682.735353173146,-8820.240433727407
462,-6641.189111034909,-8881.867118024977
463,-6619.0,-8915.0
464,-6588.331906147024,-8962.022462134062
465,-6536.0,-9017.0
466,-6478.881009308241,-9070.664709522891
467,-6382.0,-9157.0
468,-6353.709231103903,-9178.832869340826
469,-6329.0,-9190.0
470,-6326.377112572784,-9191.401722384959
471,-6245.0,-9238.0
472,-6230.271284180384,-9246.133545003044
473,-6099.0,-9316.0
474,-6081.005491452499,-9326.005818935042
475,-6019.2918574181695,-9368.113989715312
476,-6006.0,-9379.0
477,-5981.0,-9402.0
478,-5944.5506903022215,-9455.276130359305
479,-5943.0,-9458.0
480,-5926.057064029921,-9496.434882827549
481,-5927.581002999115,-9536.85710735704
482,-5931.0,-9556.0
483,-5934.512845663194,-9573.604887208989
484,-5952.0,-9632.0
485,-5954.899120088633,-9637.819895716186
486,-5988.369992265717,-9684.094525092816
487,-5999.0,-9696.0
488,-6003.092823889878,-9700.263700309393
489,-6024.0,-9714.0
490,-6025.6729179115055,-9714.786770531415
491,-6063.9352708350425,-9731.037034216353
492,-6081.0,-9737.0
493,-6106.5328022606045,-9743.640824847027
494,-6108.0,-9744.0
495,-6146.0,-9753.0
496,-6185.130878130787,-9759.15159791886
497,-6192.0,-9760.0
498,-6231.0,-9764.0
499,-6233.4624050473885,-9764.224392054148
500,-6319.0,-9770.0
501,-6403.0,-9773.0
502,-6407.055730915496,-9773.121016304234
503,-6464.0,-9773.0
504,-6466.379006778904,-9772.851310700578
505,-6542.796070811043,-9765.616397582628
506,-6556.0,-9764.0
507,-6596.0,-9758.0
508,-6639.0,-9748.0
509,-6641.740001862213,-9747.23845997564
510,-6675.0,-9735.0
511,-6677.564247046252,-9733.601105583977
512,-6741.596951143823,-9681.436606487568
513,-6743.0,-9680.0
514,-6766.0,-9643.0
515,-6769.5203202740195,-9634.349490140696
516,-6792.079123842577,-9570.220298183529
517,-6794.0,-9563.0
518,-6803.0,-9522.0
519,-6813.256189403288,-9473.669464770306
520,-6815.0,-9465.0
521,-6825.0,-9415.0
522,-6836.302723743191,-9372.161112726633
523,-6853.0,-9322.0
524,-6871.0189287064895,-9277.065741299122
525,-6879.0,-9260.0
526,-6914.0,-9197.0
527,-6924.415250287879,-9179.991119272703
528,-6961.0,-9124.0
529,-6964.640361758364,-9118.583938557207
530,-7080.015742959129,-8950.313501457775
531,-7083.0,-8946.0
532,-7117.29007119503,-8893.78703860482
533,-7126.0,-8878.0
534,-7193.0,-8747.0
535,-7207.911099665531,-8716.745802314257
536,-7229.293811225665,-8666.323159133548
537,-7237.0,-8645.0
538,-7277.15427342333,-8534.214062847677
539,-7292.0,-8491.0
540,-7322.0,-8399.0
541,-7327.774098103186,-8380.865631987577
542,-7355.0,-8293.0
543,-7381.232776611627,-8204.742572691242
544,-7410.549798235361,-8103.040609077643
545,-7423.0,-8059.0
546,-7451.0,-7958.0
547,-7479.0,-7854.0
548,-7498.288745558784,-7780.798490152793
549,-7548.0,-7586.0
550,-7555.144545430196,-7555.708702654674
551,-7577.0,-7447.0
552,-7588.124951655971,-7387.252353142883
553,-7597.0,-7334.0
554,-7633.0,-7027.0
555,-7633.998449102695,-7016.692583934107
556,-7648.935281657354,-6842.272505596586
557,-7658.0,-6687.0
2,-7681.0,-6273.0
3,-7672.804838979303,-6091.017921357761
4,-7668.0,-5989.0
5,-7663.178596031038,-5902.358831327149
6,-7658.0,-5847.0
7,-7656.730138614295,-5833.989403251549
8,-7635.912448671234,-5640.439819793391
9,-7634.0,-5626.0
10,-7610.0,-5477.0
11,-7601.929086593811,-5433.409983781856
12,-7569.0,-5274.0
13,-7565.772122934922,-5259.743224524571
14,-7538.59889317053,-5147.428381843934
15,-7515.0,-5056.0
16,-7510.198430237516,-5037.8585061605445
17,-7483.154660953332,-4947.325235128637
18,-7475.0,-4923.0
19,-7465.131177871638,-4893.784971225998
20,-7452.0,-4856.0
21,-7440.159127666804,-4824.357570103746
22,-7421.0,-4781.0
23,-7402.681754952586,-4747.352749366413
24,-7396.0,-4737.0
25,-7374.322344844558,-4709.713669126386
26,-7363.0,-4698.0
27,-7311.052550294326,-4662.4430276879775
28,-7303.0,-4659.0
29,-7208.475556468285,-4626.6079578314875
30,-7200.0,-4624.0
31,-7157.647755560218,-4612.39506254705
32,-7130.452650732543,-4609.966230243658
33,-7122.0,-4609.0
34,-7033.0,-4598.0
35,-7022.380227684949,-4596.91550558894
36,-6936.0,-4589.0
37,-6935.553062276834,-4588.961480424089
38,-6866.397048504541,-4583.652593869972
39,-6846.0,-4582.0
40,-6776.0515906084,-4575.915235119707
41,-6678.530077957951,-4566.472800638522
42,-6656.0,-4564.0
43,-6528.881314599715,-4547.2885962335695
44,-6439.0,-4532.0
45,-6407.871981772435,-4526.031954505417
46,-6225.857084370616,-4486.037362581164
47,-6217.0,-4484.0
48,-6103.987112186929,-4457.3935815866835
49,-6026.0,-4437.0
50,-6015.0,-4434.0
51,-6003.040127274376,-4430.784676651021
52,-5824.068005028072,-4387.704666971348
53,-5793.0,-4380.0
54,-5673.534202274758,-4349.655690278991
55,-5586.0,-4327.0
56,-5508.934925949292,-4306.160766303528
57,-5424.0,-4285.0
58,-5422.423821387317,-4284.628018899508
59,-5267.7444576421385,-4248.653753204333
60,-5252.0,-4245.0
61,-5039.0,-4212.0
62,-5014.046953177585,-4209.760087841036
63,-4804.0,-4191.0
64,-4802.8857899144405,-4190.897962981369
65,-4662.572521972416,-4176.467708866548
66,-4609.466833819222,-4158.151180213419
67,-4589.0,-4151.0
68,-4476.3162314418905,-4110.119329323535
69,-4443.0,-4096.0
70,-4258.0,-4004.0
71,-4211.196654224697,-3980.0751756574527
72,-4166.0,-3958.0
73,-4144.956212414164,-3947.984447281262
74,-3993.0,-3879.0
75,-3978.9459212893403,-3873.1556521032326
76,-3841.0,-3822.0
77,-3812.9405198880004,-3813.053795888243
78,-3641.0,-3768.0
79,-3525.9965899297763,-3746.5623558811335
80,-3442.0,-3734.0
81,-3271.0,-3712.0
82,-3195.0,-3704.0
83,-2986.316408704831,-3673.399069982942
84,-2940.0,-3665.0
85,-2787.38926895347,-3622.619644884561
86,-2778.0,-3619.0
87,-2656.525375064957,-3565.2541974086334
88,-2625.0,-3548.0
89,-2530.0,-3484.0
90,-2505.305638332801,-3465.06064144005
91,-2449.0,-3413.0
92,-2348.0,-3285.0
93,-2325.22922933142,-3248.286988998748
94,-2277.648078245056,-3105.340531789263
95,-2275.0,-3093.0
96,-2268.735749129327,-3061.4459417400785
97,-2263.7767011283827,-3015.6446811643013
98,-2263.0,-2995.0
99,-2263.0,-2912.0
100,-2267.3741493412435,-2856.5855635676066
101,-2271.0,-2830.0
102,-2287.986421554977,-2747.797308313559
103,-2290.0,-2740.0
104,-2324.0,-2643.0
105,-2335.395204581709,-2618.919405062019
106,-2417.0,-2468.0
107,-2417.5538596771394,-2467.0365759389592
108,-2455.133399720844,-2407.1217581016645
109,-2480.22783754395,-2376.6753611774966
110,-2489.0,-2366.0
111,-2575.0,-2262.0
112,-2575.3221691546537,-2261.6193530002797
113,-2639.0,-2184.0
114,-2707.0,-2078.0
115,-2711.2016691526987,-2070.8514050432477
116,-2727.0083247126427,-2038.9875680343066
117,-2732.0,-2021.0
118,-2741.1899866595245,-1979.2740277615787
119,-2748.0,-1932.0
120,-2748.919257571526,-1916.6501362771755
121,-2742.480628060658,-1845.8302049988338
122,-2731.0,-1803.0
123,-2693.0,-1700.0
124,-2688.8156936770138,-1690.3225770680276
125,-2657.9450515363123,-1629.3115984933602
126,-2624.0,-1574.0
127,-2597.0,-1532.0
128,-2571.9745005664986,-1496.6375138068406
129,-2377.0,-1270.0
130,-2324.607584964405,-1210.234358129584
131,-2218.0,-1087.0
132,-2180.202837075012,-1036.83488505434
133,-2166.0,-1016.0
134,-2145.365176596446,-986.3254631289753
135,-2109.0,-934.0
136,-2096.6801618788895,-915.9699331427407
137,-2049.0,-845.0
138,-1988.0,-755.0
139,-1903.281064876894,-640.3100489704218
140,-1815.0,-526.0
141,-1753.2686487778549,-450.86890756424094
142,-1745.0,-441.0
143,-1703.0,-391.0
144,-1678.5221384627519,-363.2805830817781
145,-1623.0,-303.0
146,-1622.576681725641,-302.54235834608545
147,-1581.0,-262.0
148,-1566.5571457457045,-251.5954841825226
149,-1481.0,-201.0
150,-1476.8015176818592,-199.15177983190762
151,-1437.0,-197.0
152,-1425.4060224367356,-199.0151569487074
153,-1375.0,-212.0
154,-1344.6233383690278,-227.7941575484608
155,-1341.0,-230.0
156,-1307.0,-255.0
157,-1301.4077146859847,-260.1052228979391
158,-1275.0353591398907,-289.9652786603592
159,-1272.0,-294.0
160,-1262.0,-308.0
161,-1245.0,-344.0
162,-1242.0043097336033,-351.92927156344683
163,-1225.0,-401.0
164,-1223.554572334517,-406.02167451974003
165,-1208.0,-471.0
166,-1201.5019421415918,-497.4207575510668
167,-1193.0,-530.0
168,-1190.0,-541.0
169,-1179.54835552812,-576.5133000695207
170,-1172.0,-601.0
171,-1160.089743583692,-639.0679022068238
172,-1149.0,-672.0
173,-1141.6051465530622,-692.280236546294
174,-1123.0,-740.0
175,-1103.4869498520738,-787.7905908778897
176,-1091.0,-816.0
177,-1076.383016797992,-846.8653379527034
178,-1036.6028330697034,-924.2623615207358
179,-1027.0,-942.0
180,-1006.9237432466879,-976.0907540300004
181,-987.0,-1003.0
182,-981.3677431711717,-1010.3352644459593
183,-948.9889326137901,-1050.625627194484
184,-946.0,-1054.0
185,-924.7638401968741,-1075.5274848969207
186,-922.0,-1078.0
187,-906.0,-1091.0
188,-880.0937984073412,-1107.810266133614
189,-871.0,-1113.0
190,-850.7242769127544,-1123.6344674456145
191,-824.0,-1130.0
192,-795.9073717517384,-1128.758582805615
193,-771.0,-1125.0
194,-765.1384879370419,-1123.7092171409108
195,-750.9013815606633,-1111.510962300894
196,-750.0,-1110.0
197,-736.0,-1083.0
198,-733.6517650132739,-1074.523909886289
199,-731.0,-1055.0
200,-730.7723734740856,-1042.0557525309368
201,-733.0,-1023.0
202,-734.0,-1018.0
203,-734.944452453769,-1013.0616178842805
204,-740.0,-990.0
205,-749.7732601686291,-963.9427026003474
206,-767.4414587853286,-925.1807861305815
207,-770.0,-920.0
208,-784.0,-898.0
209,-785.5398020648661,-895.8310501041962
210,-818.0,-853.0
211,-851.2651764610208,-816.3602430842244
212,-862.0,-805.0
213,-894.0,-773.0
214,-938.2383059490866,-728.1675607691923
215,-954.0,-710.0
216,-969.2593837303633,-690.7082896524473
217,-983.0,-672.0
218,-998.8698326455874,-648.2009362308863
219,-1009.0,-629.0
220,-1022.9833925586989,-588.8254724302917
221,-1025.0,-580.0
222,-1029.0,-544.0
223,-1025.0,-504.0
224,-1017.8424654459772,-475.1842119528388
225,-1012.0,-462.0
226,-954.977169467616,-386.0592974189473
227,-951.0,-382.0
228,-878.0,-329.0
229,-865.1305072336352,-321.1446517368796
230,-831.4297447167835,-302.15279123747695
231,-801.0,-288.0
232,-737.8506491937511,-260.76642143985725
233,-696.0,-243.0
234,-657.6384522841502,-226.45220993512223
235,-623.4674021068314,-213.33255636611108
236,-602.0,-207.0
237,-556.4217623485766,-194.42128619956014
238,-520.0,-184.0
239,-514.0,-182.0
240,-506.02996954028447,-180.041633696302
241,-432.8190335169325,-170.62915478574098
242,-385.0,-168.0
243,-379.37634663245575,-168.02426975302402
244,-328.0,-181.0
245,-307.6795833574495,-191.31341746972961
246,-296.0,-199.0
247,-264.0,-233.0
248,-244.53477682354864,-265.89063977019117
249,-218.0,-326.0
250,-203.28430810688707,-371.8315353824828
251,-196.708568800369,-409.8647764936068
252,-195.0,-422.0
253,-189.15502853963994,-473.2472372520364
254,-186.0,-515.0
255,-184.7946472109873,-553.7781239163872
256,-185.0,-593.0
257,-186.1077814731267,-645.4276730754607
258,-189.0,-702.0
259,-193.0,-746.0
260,-194.66188986893792,-762.6541970802479
261,-203.0,-842.0
262,-203.9188520110419,-850.3883540343012
263,-211.07131440978253,-913.4970288820499
264,-215.0,-949.0
265,-223.89694963069246,-1032.8432935227288
266,-227.0,-1062.0
267,-235.1697139043698,-1136.2101118403878
268,-238.0,-1161.0
269,-245.79677331879384,-1228.100081089957
270,-251.0,-1275.0
271,-259.9850522574079,-1360.9445885368013
272,-273.5452880342262,-1489.5885508436386
273,-277.0,-1519.0
274,-294.5576618350335,-1647.0501725825907
275,-311.4280720066763,-1744.7997910352597
276,-313.0,-1753.0
277,-323.41582904488894,-1802.3864821996533
278,-343.0,-1873.0
279,-414.68136308728384,-2098.7776270625354
280,-424.0,-2127.0
281,-461.49804152283616,-2235.752302966891
282,-507.0,-2352.0
283,-522.0,-2389.0
284,-534.463461494839,-2419.1939746796857
285,-599.166073566613,-2572.370702126684
286,-634.0,-2654.0
287,-682.4688101257628,-2763.117705065751
288,-713.0,-2818.0
289,-727.3994346346387,-2842.7481193619046
290,-813.4933891849005,-2985.6365335655178
291,-830.0,-3012.0
292,-838.0,-3024.0
293,-878.2181304196745,-3073.451079180096
294,-1050.0,-3259.0
295,-1061.1276464664738,-3269.927014180175
296,-1164.0,-3351.0
297,-1220.9673762144303,-3387.2380231557754
298,-1370.0,-3473.0
299,-1384.9217851341307,-3480.703621258097
300,-1494.0,-3533.0
301,-1525.8495907579409,-3547.810443458539
302,-1632.0,-3597.0
303,-1645.9044728538724,-3603.53628490236
304,-1742.0,-3650.0
305,-1804.7819457681826,-3681.347278815742
306,-1951.1772639584442,-3755.5797986382454
307,-2017.0,-3789.0
308,-2133.5617747731408,-3848.079378891597
309,-2249.7689150086835,-3906.467276640071
310,-2271.0,-3917.0
311,-2334.131473238496,-3948.016289666805
312,-2431.0,-3992.0
313,-2538.3270066541427,-4038.4750832923164
314,-2664.0,-4092.0
315,-2739.4059628444793,-4121.325165837953
316,-2753.0,-4126.0
317,-2824.6859515191627,-4151.672124037549
318,-2949.0,-4193.0
319,-3057.500235565981,-4224.119109530919
320,-3227.0,-4268.0
321,-3261.619079037413,-4276.40748597761
322,-3374.6414151016875,-4299.806771481072
323,-3467.312373355512,-4311.1411763637825
324,-3492.0,-4314.0
325,-3597.0,-4326.0
326,-3614.1159059377414,-4328.084848805941
327,-3630.0,-4330.0
328,-3736.0,-4341.0
329,-3808.616371210759,-4347.955642125868
330,-3828.0,-4350.0
331,-3924.060451316924,-4361.276140118961
332,-3986.0,-4369.0
333,-4042.061665277361,-4377.609065689166
334,-4064.0,-4385.0
335,-4085.882609563804,-4392.923785893173
336,-4139.0,-4418.0
337,-4168.0,-4452.0
338,-4184.999364777769,-4479.682170848292
339,-4198.0,-4503.0
340,-4217.0,-4539.0
341,-4225.328992035209,-4552.9763414001445
342,-4243.0,-4579.0
343,-4259.82211378503,-4598.433326875775
344,-4282.817068970926,-4616.892354143197
345,-4286.0,-4619.0
346,-4317.495623449808,-4635.653336658632
347,-4321.0,-4637.0
348,-4347.586849205395,-4644.298654559373
349,-4351.0,-4645.0
350,-4385.0,-4650.0
351,-4406.818344011903,-4651.61665791925
352,-4444.0,-4650.0
353,-4518.0,-4637.0
354,-4518.246502039505,-4636.948626901446
355,-4550.460576078049,-4629.541497971098
356,-4580.811836093657,-4621.09273066284
357,-4597.0,-4617.0
358,-4627.0,-4610.0
359,-4637.669153738902,-4607.859650326499
360,-4708.0,-4600.0
361,-4708.359405010181,-4599.99098681059
362,-4772.1281502336315,-4601.167411570088
363,-4787.0,-4602.0
364,-4869.360167975207,-4611.176376940121
365,-4927.0,-4620.0
366,-4978.16430526932,-4627.799333670192
367,-4986.0,-4629.0
368,-5083.0,-4644.0
369,-5118.707412472907,-4649.5018432638735
370,-5182.0,-4659.0
371,-5191.473949530857,-4660.368106359918
372,-5291.0,-4674.0
373,-5404.0,-4688.0
374,-5414.461232631354,-4689.248650316507
375,-5446.0,-4693.0
376,-5519.8883139273585,-4701.969035266258
377,-5592.0,-4711.0
378,-5601.981216393542,-4712.27446693314
379,-5705.0,-4725.0
380,-5721.568974223194,-4726.865206097942
381,-5920.0,-4748.0
382,-6034.611259828009,-4759.520168697517
383,-6106.0,-4766.0
384,-6205.001950844616,-4774.830523751411
385,-6220.0,-4776.0
386,-6409.7604025237215,-4788.084103959094
387,-6447.0,-4790.0
388,-6501.767568561752,-4791.966168139256
389,-6529.0,-4796.0
390,-6720.0,-4844.0
391,-6753.435081280768,-4858.8734921629075
392,-6832.068036219761,-4918.33025876871
393,-6881.0,-4972.0
394,-6919.563713334836,-5017.859320649388
395,-6923.0,-5022.0
396,-6959.4151163490005,-5065.600556598234
397,-7010.0,-5146.0
398,-7010.807856821991,-5147.444887340248
399,-7079.0,-5277.0
400,-7115.046344610887,-5358.140226500252
401,-7126.0,-5398.0
402,-7126.223992672389,-5398.735833836554
403,-7156.0,-5499.0
404,-7174.111906427082,-5581.932977188494
405,-7200.0,-5733.0
406,-7208.871541850556,-5793.018802549415
407,-7214.0,-5874.0
408,-7215.0749263276675,-5908.139372229082
409,-7218.007813498717,-6101.514363939203
410,-7218.0,-6114.0
411,-7213.223959251658,-6184.281152534277
412,-7208.0,-6210.0
413,-7181.0,-6310.0
414,-7099.659580311367,-6427.053367579398
415,-7001.0,-6547.0
416,-7000.295695980498,-6548.055039516903
417,-6941.0,-6694.0
418,-6934.277850662294,-6715.191737132296
419,-6901.0,-6823.0
420,-6840.0,-7044.0
421,-6824.164817518185,-7105.52985360683
422,-6808.086492112718,-7189.987894575749
423,-6804.0,-7215.0
424,-6778.913198282033,-7370.934164620816
425,-6777.0,-7385.0
426,-6764.705979129546,-7488.662750602472
427,-6759.0,-7542.0
428,-6754.483304533476,-7586.015112805093
429,-6746.278975440268,-7708.819855135487
430,-6746.0,-7724.0
431,-6746.0,-7800.0
432,-6746.188548165503,-7809.403685336039
433,-6747.0,-7834.0
434,-6751.62876256263,-7885.497437064294
435,-6774.0,-7939.0
436,-6774.245079390974,-7939.35123647305
437,-6867.0,-8034.0
438,-6880.927903358754,-8051.472572944061
439,-6891.0,-8083.0
440,-6894.998091418749,-8108.890076024304
441,-6899.0,-8153.0
442,-6899.419511888173,-8180.846802597487
443,-6892.0,-8253.0
444,-6881.113877323329,-8313.3231648143
445,-6867.0,-8381.0
446,-6861.939107887568,-8403.210157328742
447,-6840.0,-8477.0
448,-6833.1713251746105,-8497.425183053927
449,-6804.0,-8578.0
450,-6803.822457762468,-8578.440727287201
451,-6756.0,-8686.0
452,-6741.058828819529,-8716.710936378524
453,-6712.0,-8770.0
454,-6693.609028620517,-8800.420895177891
455,-6634.0,-8893.0
456,-6596.222616871476,-8945.852676020297
457,-6564.0,-8984.0
458,-6508.0,-9047.0
459,-6471.9418512380025,-9085.231919316655
460,-6422.0,-9129.0
461,-6400.071881942047,-9144.925241520707
462,-6248.332711489763,-9236.216291690354
463,-6231.0,-9246.0
464,-6168.112713832629,-9278.928178995044
465,-6164.0,-9281.0
466,-6108.743390988974,-9310.178152546765
467,-6094.0,-9319.0
468,-6005.0,-9379.0
469,-5999.109720510998,-9383.324700922003
470,-5958.0,-9430.0
471,-5951.574575145652,-9440.807750909124
472,-5943.0,-9457.0
473,-5932.16528020377,-9492.338931549768
474,-5930.0,-9505.0
475,-5928.484986057598,-9524.259955380974
476,-5932.0,-9562.0
477,-5941.003834980172,-9606.270067362186
478,-5943.0,-9611.0
479,-5945.0,-9614.0
480,-5949.213127365743,-9623.350687413262
481,-5958.0,-9644.0
482,-5986.359329648707,-9682.636687457332
483,-6003.0,-9699.0
484,-6020.396625658242,-9712.134008538771
485,-6076.0,-9735.0
486,-6076.11406898713,-9735.03794804907
487,-6095.778671241466,-9740.955642722902
488,-6104.0,-9743.0
489,-6122.853317154162,-9747.388715694418
490,-6160.0,-9755.0
491,-6219.0,-9763.0
492,-6241.0712627052235,-9764.75909919679
493,-6274.0,-9767.0
494,-6346.0,-9772.0
495,-6385.859757231288,-9772.890126908245
496,-6461.0,-9773.0
497,-6470.830935508972,-9772.8152243615
498,-6530.658108853044,-9768.55404387462
499,-6568.0,-9762.0
500,-6571.830405352686,-9761.401356135775
501,-6636.0,-9749.0
502,-6650.491758465239,-9744.117488984255
503,-6704.0,-9718.0
504,-6717.1235163654965,-9707.557807838764
505,-6761.0,-9653.0
506,-6768.48333013583,-9640.279881877399
507,-6780.905800653563,-9606.990940746517
508,-6783.0,-9600.0
509,-6800.0,-9536.0
510,-6804.718905985153,-9515.107315217192
511,-6820.0,-9442.0
512,-6826.448523382533,-9410.246785944983
513,-6838.0,-9365.0
514,-6838.088099022664,-9364.718916225276
515,-6856.284449801274,-9312.221206595057
516,-6878.0,-9262.0
517,-6914.0,-9197.0
518,-6922.902070881336,-9182.18163067945
519,-6956.0,-9130.0
520,-6971.298565087798,-9107.757479016554
521,-6998.0,-9070.0
522,-7027.889990705984,-9026.425117464136
523,-7091.0,-8933.0
524,-7108.0,-8908.0
525,-7145.831501727952,-8843.298706366908
526,-7165.0,-8807.0
527,-7190.102288604262,-8756.892919490929
528,-7235.11710834913,-8648.789725330078
529,-7241.0,-8633.0
530,-7304.0,-8456.0
531,-7314.602726265835,-8425.545113533295
532,-7339.904459900452,-8349.512350702751
533,-7353.49022025536,-8300.430302342098
534,-7363.0,-8267.0
535,-7412.0,-8096.0
536,-7425.6257060204625,-8047.728447314788
537,-7451.0,-7956.0
538,-7457.2768195213075,-7933.471605174876
539,-7490.0,-7814.0
540,-7521.564199124567,-7690.362929388912
541,-7557.737884894187,-7538.852784969568
542,-7565.0,-7506.0
543,-7588.240990833117,-7388.338881354275
544,-7606.0620637271,-7272.729310712452
545,-7609.0,-7252.0
546,-7619.433309128961,-7172.308440637168
547,-7632.0,-7044.0
548,-7635.215192216499,-7005.1787718662745
549,-7649.250582100696,-6819.769093038492
550,-7653.0,-6767.0
1,-7669.0,-6508.0
2,-7673.0,-6431.0
3,-7681.0,-6292.0
4,-7681.180938466011,-6284.459059268467
5,-7676.0,-6119.0
6,-7670.980598051963,-6041.540797819722
7,-7652.0,-5789.0
8,-7650.0706637588455,-5765.271948450489
9,-7641.6831354745655,-5680.989253407932
10,-7632.0,-5617.0
11,-7609.0,-5472.0
12,-7590.428482788259,-5369.884281099981
13,-7587.0,-5353.0
14,-7548.3984604991165,-5185.005938366825
15,-7542.0,-5159.0
16,-7522.0,-5081.0
17,-7518.043122690971,-5066.618696172396
18,-7496.0,-4991.0
19,-7492.254356296635,-4978.233614935135
20,-7470.0,-4906.0
21,-7465.170009616148,-4892.201415282717
22,-7421.48227724659,-4782.371300541214
23,-7420.0,-4779.0
24,-7402.930528295141,-4744.261447115539
25,-7381.0,-4717.0
26,-7376.295142083143,-4711.635948573162
27,-7354.0,-4690.0
28,-7309.238241440415,-4664.333006785506
29,-7225.0,-4631.0
30,-7195.480863917226,-4621.52806075158
31,-7167.759522988465,-4616.360355803009
32,-7138.0,-4612.0
33,-7062.175839253561,-4601.33367929332
34,-7059.0,-4601.0
35,-7038.0,-4599.0
36,-7003.3894125171955,-4595.438024085847
37,-6960.0,-4591.0
38,-6952.571517172791,-4590.433020828334
39,-6926.0,-4589.0
40,-6887.334684777762,-4585.898062510479
41,-6843.0,-4582.0
42,-6822.621203527518,-4580.19851135529
43,-6721.062362755759,-4570.447286820127
44,-6690.0,-4567.0
45,-6603.851411618782,-4556.9723724163505
46,-6555.0,-4551.0
47,-6460.144506541421,-4536.70892670027
48,-6422.0,-4529.0
49,-6337.1289023964855,-4511.195806051257
50,-6273.0,-4497.0
51,-6169.117781245056,-4472.503946054474
52,-6130.0,-4463.0
53,-6029.0,-4438.0
54,-6023.014112208673,-4436.524615093406
55,-5878.0,-4401.0
56,-5833.970857442515,-4390.2001167579765
57,-5638.0,-4341.0
58,-5596.757696308075,-4330.185791784355
59,-5577.0,-4325.0
60,-5356.236606649473,-4268.28749155593
61,-5294.0,-4254.0
62,-5132.283218616152,-4224.1164056666
63,-4988.0,-4207.0
64,-4956.850799570421,-4204.234321258987
65,-4851.0,-4196.0
66,-4808.878713469937,-4191.347225673958
67,-4661.0,-4169.0
68,-4147.0,-3948.0
69,-4136.190208802161,-3943.189646494668
70,-3967.4668723000236,-3870.093142520794
71,-3907.0,-3845.0
72,-3811.36173979462,-3811.0939930026666
73,-3753.0,-3796.0
74,-3638.0,-3767.0
75,-3614.544311951353,-3761.896797215158
76,-3401.9054734352394,-3727.4095155827135
77,-3391.0,-3726.0
78,-3208.191420738718,-3704.6173286996723
79,-3134.0,-3696.0
80,-3011.594150247019,-3679.061005117401
81,-2943.0,-3665.0
82,-2849.214258628421,-3643.8328344897045
83,-2798.0,-3626.0
84,-2627.0,-3548.0
85,-2572.1966605130465,-3516.0294297660316
86,-2561.0,-3507.0
87,-2485.8342404456876,-3446.084333610508
88,-2440.0,-3404.0
89,-2383.2777119293987,-3338.1825133567395
90,-2353.0,-3293.0
91,-2305.0,-3197.0
92,-2303.0043007836903,-3191.543432149399
93,-2277.194328444278,-3097.8437448472573
94,-2270.0,-3065.0
95,-2263.69084658016,-3028.10534203113
96,-2263.0,-2988.0
97,-2262.525014062339,-2938.3220985834187
98,-2263.0,-2914.0
99,-2277.3095861331267,-2792.6431006626253
100,-2280.0,-2780.0
101,-2305.0,-2695.0
102,-2314.4466790163165,-2670.276300367908
103,-2359.956499840794,-2566.3216515669137
104,-2362.0,-2562.0
105,-2433.0,-2444.0
106,-2457.2932646200484,-2410.832710424087
107,-2531.0,-2314.0
108,-2563.8196131549203,-2274.0127915436506
109,-2599.0,-2233.0
110,-2641.162716117024,-2180.043713500181
111,-2649.0,-2170.0
112,-2721.0,-2049.0
113,-2726.418207405066,-2031.5135658709205
114,-2748.0,-1938.0
115,-2750.086319390967,-1855.277005082074
116,-2730.0,-1797.0
117,-2716.737709368806,-1757.1695300892789
118,-2689.0,-1691.0
119,-2670.6167304069863,-1655.9968424083097
120,-2600.0,-1537.0
121,-2597.682894548521,-1533.3590039063713
122,-2548.0,-1467.0
123,-2517.752467099599,-1429.3658500569204
124,-2490.0,-1396.0
125,-2442.2458095903653,-1342.577865102404
126,-2439.0,-1339.0
127,-2361.0620335492354,-1252.9315439847664
128,-2344.0,-1234.0
129,-2281.0,-1163.0
130,-2236.3661893461353,-1109.12840007197
131,-2193.0,-1053.0
132,-2133.0,-969.0
133,-2102.9540085657873,-924.7258461679419
134,-2067.0,-871.0
135,-2021.2726916129197,-803.5174738492151
136,-1971.0,-731.0
137,-1932.9497859850399,-678.4429450933613
138,-1900.0,-635.0
139,-1807.0,-516.0
140,-1767.6210280241633,-467.0190411699266
141,-1684.0,-369.0
142,-1682.187070738654,-366.9350785074492
143,-1659.843350209445,-341.8622700956298
144,-1637.7771958182511,-318.8051383571752
145,-1636.0,-317.0
146,-1577.017609515732,-258.91171253211854
147,-1575.0,-257.0
148,-1530.0,-223.0
149,-1527.050736818071,-221.66371152593314
150,-1445.0,-197.0
151,-1415.9372207730985,-194.2251132295645
152,-1396.0,-205.0
153,-1356.5038375434879,-221.4374628986919
154,-1342.0,-229.0
155,-1314.0,-249.0
156,-1301.0,-260.0
157,-1299.4455379252768,-261.4395096317733
158,-1271.0,-295.0
159,-1258.9237330241801,-314.67433271578966
160,-1247.0,-339.0
161,-1244.3997570567985,-345.06463399794785
162,-1232.4433108584317,-377.9264916282411
163,-1229.0,-389.0
164,-1216.6435157210603,-434.52352355122025
165,-1216.0,-437.0
166,-1207.0,-472.0
167,-1198.3912836661036,-506.3890636913533
168,-1192.0,-531.0
169,-1183.3285018152671,-562.2917931424255
170,-1170.0,-607.0
171,-1165.1784107545213,-622.3888499261891
172,-1147.0,-677.0
173,-1133.203273674018,-714.9462844929407
174,-1118.0,-754.0
175,-1104.2147715730725,-787.2272745413924
176,-1086.0,-828.0
177,-1069.0240476044528,-863.0106626437835
178,-1057.0,-887.0
179,-1028.6509863056074,-940.0000167535304
180,-1025.0,-946.0
181,-994.0,-993.0
182,-985.4667177352803,-1004.832036895991
183,-953.0,-1046.0
184,-944.0,-1056.0
185,-934.5368016300972,-1065.656664324755
186,-916.0,-1082.0
187,-874.6969711249247,-1109.03688121142
188,-845.0,-1125.0
189,-816.5051740088915,-1135.5162187714461
190,-795.5291248616825,-1132.621047098287
191,-788.0,-1131.0
192,-771.0005558146007,-1126.3660100028426
193,-764.0,-1122.0
194,-741.0,-1097.0
195,-737.8453980657689,-1092.568304098939
196,-730.9925310690845,-1052.464386442274
197,-731.0,-1049.0
198,-731.0,-1036.0
199,-732.1663982116518,-1025.0424108415523
200,-741.0,-986.0
201,-741.3617943180875,-984.6976099231471
202,-752.0,-957.0
203,-758.8219532229732,-942.6263713289288
204,-765.0,-930.0
205,-788.0,-891.0
206,-798.7565632042724,-877.2738656479546
207,-837.9381523055648,-831.727055035538
208,-843.0,-826.0
209,-865.5121455871167,-801.147617273874
210,-890.0,-776.0
211,-920.0,-746.0
212,-929.9825958198176,-735.8781119138149
213,-966.0,-695.0
214,-982.3796948669506,-671.6617988000291
215,-1010.0,-627.0
216,-1014.6873978192127,-618.5608622830164
217,-1028.0,-566.0
218,-1028.4814751006884,-544.5416556148919
219,-1023.0,-492.0
220,-1022.3356457418129,-489.80757821884254
221,-1017.0,-475.0
222,-1009.5757987251011,-456.4785498686152
223,-1003.0,-443.0
224,-992.698740217121,-426.6265619068725
225,-969.909172374928,-399.96199781941783
226,-959.0,-389.0
227,-922.9142344725013,-358.3847688629377
228,-921.0,-357.0
229,-873.0,-327.0
230,-849.2581497573783,-313.5148454004262
231,-815.0,-295.0
232,-781.4001687507377,-278.72164669536403
233,-745.0,-263.0
234,-726.6807730543171,-255.2132157498923
235,-690.0,-240.0
236,-654.8349129139144,-226.1065249736198
237,-614.0,-211.0
238,-604.9605369666733,-207.89256988853188
239,-552.0,-192.0
240,-492.0,-178.0
241,-468.10925415507694,-173.9206355569173
242,-404.0,-168.0
243,-363.2050004055569,-171.05404620982097
244,-350.0,-174.0
245,-308.0,-191.0
246,-295.03984119704126,-200.28146360110395
247,-257.0,-241.0
248,-250.648684116776,-250.33831469349377
249,-230.0,-294.0
250,-218.7027732178494,-326.9568141593427
251,-204.0,-375.0
252,-199.4365423300357,-391.4281763031006
253,-195.0,-420.0
254,-192.92556425574054,-437.42658209295064
255,-188.64168867010102,-477.854636147433
256,-188.0,-486.0
257,-185.0,-556.0
258,-184.95007622583574,-559.0659516207803
259,-185.0,-613.0
260,-185.53700024498016,-636.4287732761727
261,-188.0,-689.0
262,-191.0,-726.0
263,-196.4259215766038,-782.0588760447538
264,-207.0,-883.0
265,-211.24443870077474,-922.3096029462727
266,-227.81305861480374,-1069.5796881084195
267,-229.0,-1080.0
268,-240.0,-1178.0
269,-243.09995151944852,-1206.8420667739274
270,-259.0,-1356.0
271,-265.612927177081,-1417.091122005189
272,-276.0,-1508.0
273,-296.61708583235975,-1658.9858224894194
274,-311.20223536612986,-1744.8645877834565
275,-312.0,-1749.0
276,-338.0,-1855.0
277,-352.778198028147,-1906.002216033718
278,-385.8498145122361,-2014.8138904496159
279,-404.0,-2071.0
280,-425.43125611735485,-2133.2889440342474
281,-447.0,-2193.0
282,-458.3301384116681,-2223.979800910402
283,-465.0,-2242.0
284,-510.24251313785135,-2360.1492283392786
285,-563.0,-2490.0
286,-615.3304076968286,-2611.2881652562282
287,-681.0,-2754.0
288,-743.8069435029522,-2875.715388753447
289,-787.6537182706694,-2948.8485607024813
290,-820.0,-2998.0
291,-861.6608790744302,-3056.619178150945
292,-938.8230994180765,-3149.5394269293324
293,-943.0,-3154.0
294,-1043.944804275842,-3252.5695846146705
295,-1090.0,-3294.0
296,-1122.0639310912852,-3321.512259671511
297,-1220.0,-3388.0
298,-1280.8174543449509,-3422.7097741119296
299,-1402.0,-3489.0
300,-1519.6734682529195,-3549.4571529190403
301,-1579.0,-3573.0
302,-1648.8223449442137,-3605.22741823854
303,-1730.0,-3644.0
304,-1765.5513011259864,-3661.4022298354766
305,-1921.0,-3740.0
306,-2017.0,-3789.0
307,-2108.115387665392,-3835.6362781269245
308,-2166.0,-3865.0
309,-2260.778485050977,-3912.0150965634184
310,-2367.1254037014924,-3962.779070811937
311,-2374.0,-3966.0
312,-2480.9720567023796,-4015.150675861157
313,-2517.0,-4031.0
314,-2684.0245328220562,-4099.365392019746
315,-2706.0,-4108.0
316,-2750.0,-4125.0
317,-3037.0,-4220.0
318,-3059.6826503405136,-4226.945148465943
319,-3218.7028157628883,-4268.475360908678
320,-3295.0,-4282.0
321,-3418.326964987802,-4301.2514795876305
322,-3546.0,-4320.0
323,-3586.433132896078,-4325.372639157697
324,-3593.0,-4326.0
325,-3745.8124095753255,-4341.456637486161
326,-3751.0,-4342.0
327,-3897.0,-4358.0
328,-3900.3147591262405,-4358.384538766539
329,-3922.0,-4361.0
330,-3973.92397473409,-4368.158971246521
331,-4048.1814697254767,-4381.214688548796
332,-4067.0,-4386.0
333,-4150.6761616396625,-4431.685315024985
334,-4152.0,-4433.0
335,-4183.380383491389,-4476.772090130964
336,-4204.0,-4516.0
337,-4219.935817976774,-4544.963099362304
338,-4229.0,-4559.0
339,-4243.173346132551,-4578.506273679844
340,-4259.0,-4597.0
341,-4305.716043096042,-4630.621479778951
342,-4311.0,-4633.0
343,-4330.0,-4640.0
344,-4335.861290465971,-4641.753557301283
345,-4375.0,-4649.0
346,-4388.764500668154,-4650.203876373938
347,-4411.0,-4651.0
348,-4421.210750244749,-4650.925394855476
349,-4452.0,-4649.0
350,-4454.041965940066,-4648.774978353702
351,-4485.0,-4644.0
352,-4514.20911123558,-4637.976455362889
353,-4539.0,-4632.0
354,-4549.792786187861,-4629.13583262472
355,-4600.0,-4617.0
356,-4621.35448110094,-4613.279562349629
357,-4714.0,-4600.0
358,-4739.895528435401,-4597.292211521418
359,-4783.0,-4601.0
360,-4807.532390770999,-4603.8801646943875
361,-4881.0,-4613.0
362,-4892.697113728577,-4614.695056891548
363,-4963.0,-4626.0
364,-5036.0597665115765,-4637.18234103691
365,-5142.0,-4653.0
366,-5147.54446452382,-4653.823144082787
367,-5277.0,-4672.0
368,-5290.609216479224,-4673.788166221146
369,-5346.0,-4681.0
370,-5441.0,-4693.0
371,-5457.563380042635,-4695.054231038976
372,-5581.0,-4710.0
373,-5587.066241725832,-4710.715233265926
374,-5723.682022027721,-4726.401896773137
375,-5729.0,-4727.0
376,-5844.089009541935,-4739.763275288134
377,-5883.0,-4744.0
378,-5949.966612822605,-4751.161080603371
379,-6030.0,-4759.0
380,-6205.0,-4775.0
381,-6213.584793167976,-4775.74301542887
382,-6288.473881993647,-4781.184716005134
383,-6331.0,-4783.0
384,-6345.575549178106,-4783.71621986557
385,-6447.0,-4790.0
386,-6466.936430794448,-4791.75360482021
387,-6651.0,-4817.0
388,-6655.396945367811,-4817.958105032822
389,-6723.0,-4845.0
390,-6759.53933990383,-4868.085478404267
391,-6821.484054937455,-4913.740505187652
392,-6846.0,-4936.0
393,-6872.0,-4963.0
394,-6875.8209793921615,-4967.158983624469
395,-6935.482480109348,-5037.755025569261
396,-6938.0,-5041.0
397,-6997.0,-5126.0
398,-7033.96518373655,-5190.327806542074
399,-7088.0,-5298.0
400,-7122.4480396130175,-5386.243804197522
401,-7136.0,-5430.0
402,-7142.186852676603,-5451.228584773258
403,-7162.747013620422,-5529.562006796803
404,-7164.0,-5535.0
405,-7197.0,-5714.0
406,-7207.208108817321,-5798.030622535166
407,-7212.0,-5854.0
408,-7215.669064450879,-5905.545113782643
409,-7220.0,-5998.0
410,-7220.440950788392,-6028.673999687368
411,-7218.0,-6120.0
412,-7212.953894480323,-6174.353654664407
413,-7200.0,-6250.0
414,-7173.891340290988,-6329.029050859601
415,-7159.0,-6355.0
416,-7071.815144177878,-6450.90903918189
417,-7032.0,-6498.0
418,-7010.0,-6531.0
419,-6967.955756594691,-6618.814458326478
420,-6916.947509728355,-6771.31197130693
421,-6911.0,-6790.0
422,-6878.026299053555,-6899.112755693689
423,-6862.0,-6958.0
424,-6828.0,-7097.0
425,-6811.973789841338,-7176.486895063643
426,-6780.0,-7360.0
427,-6776.830935352086,-7379.898675411462
428,-6763.107862911465,-7492.877528735291
429,-6762.0,-7505.0
430,-6753.346111118267,-7606.720879679784
431,-6753.0,-7611.0
432,-6747.792042456058,-7678.688637449973
433,-6746.0,-7708.0
434,-6745.0,-7790.0
435,-6746.83556206366,-7814.327548936957
436,-6762.0,-7914.0
437,-6768.022128187404,-7934.741806051521
438,-6800.0,-7972.0
439,-6826.210845209454,-7992.4749699179265
440,-6859.0,-8024.0
441,-6895.095378948614,-8126.042826867942
442,-6899.0,-8163.0
443,-6887.508942464867,-8285.615308386983
444,-6886.0,-8294.0
445,-6861.802323877813,-8401.04336685256
446,-6861.0,-8404.0
447,-6845.1522890130445,-8459.93197542183
448,-6834.0,-8495.0
449,-6824.251952013293,-8522.781767717745
450,-6811.0,-8558.0
451,-6781.0,-8632.0
452,-6779.2315133522,-8636.053255003764
453,-6743.0,-8712.0
454,-6703.558730789983,-8783.44611712259
455,-6681.0,-8822.0
456,-6661.0,-8855.0
457,-6630.957448902419,-8899.044720821457
458,-6590.0,-8952.0
459,-6564.539299186588,-8982.996899440011
460,-6514.0,-9041.0
461,-6503.229835451153,-9052.603518943191
462,-6398.847327255371,-9145.603779761917
463,-6394.0,-9149.0
464,-6367.0,-9167.0
465,-6273.338383231337,-9222.800732331718
466,-6214.0,-9255.0
467,-6210.000067174879,-9257.12587569249
468,-6157.0,-9285.0
469,-6087.438468948039,-9323.013829689384
470,-6077.0,-9329.0
471,-6017.0,-9370.0
472,-6008.113590488803,-9377.71680251474
473,-5979.702627688931,-9405.31847548785
474,-5963.0,-9424.0
475,-5941.0,-9462.0
476,-5936.929873097829,-9478.69895609371
477,-5929.0,-9533.0
478,-5930.427620696834,-9559.835941529078
479,-5932.0,-9565.0
480,-5946.0,-9617.0
481,-5950.683810488383,-9629.417636783217
482,-5964.0,-9655.0
483,-5988.54377507246,-9685.38796510129
484,-5992.0,-9689.0
485,-6008.481261462267,-9704.821298288889
486,-6021.0,-9712.0
487,-6024.0,-9713.0
488,-6067.0,-9732.0
489,-6087.279501814668,-9738.62390004416
490,-6112.0,-9745.0
491,-6152.0,-9754.0
492,-6166.387807782532,-9756.430396579213
493,-6195.0,-9760.0
494,-6253.987153830297,-9765.712799447987
495,-6308.0,-9770.0
496,-6347.154798163913,-9772.257706498278
497,-6451.0,-9773.0
498,-6460.923525326163,-9772.827686972116
499,-6497.663817167815,-9770.766555689412
500,-6520.0,-9768.0
501,-6558.386429683812,-9762.581498869637
502,-6619.0,-9753.0
503,-6635.096024334713,-9749.941383987978
504,-6660.399337056198,-9741.651204495087
505,-6668.0,-9738.0
506,-6702.0,-9719.0
507,-6717.379910303975,-9707.676154462048
508,-6737.0,-9688.0
509,-6741.315146976437,-9682.533009450588
510,-6761.0,-9652.0
511,-6766.05640595068,-9642.626250528796
512,-6785.0,-9592.0
513,-6800.4739852798775,-9532.90229297245
514,-6804.0,-9518.0
515,-6818.0,-9451.0
516,-6819.9127992375925,-9442.430340218338
517,-6840.168010864,-9360.623615138098
518,-6847.0,-9338.0
519,-6870.34957727217,-9278.01535139949
520,-6882.0,-9255.0
521,-6932.834257304052,-9168.274130660422
522,-6965.0,-9118.0
523,-6971.960729814576,-9107.559234501034
524,-7023.0,-9034.0
525,-7051.977086866414,-8990.332492832527
526,-7113.788847728817,-8894.29463550302
527,-7148.0,-8838.0
528,-7176.122819983958,-8786.763392468882
529,-7213.0,-8701.0
530,-7236.485521162102,-8644.457156953575
531,-7256.0,-8595.0
532,-7287.0,-8507.0
533,-7292.795140889206,-8489.57404592846
534,-7324.0,-8392.0
535,-7351.545169478967,-8302.772735153645
536,-7353.0,-8298.0
537,-7389.0,-8178.0
538,-7407.495500754868,-8114.502731002734
539,-7449.0,-7966.0
540,-7471.35297933997,-7883.723764154853
541,-7498.0,-7784.0
542,-7529.313162636418,-7661.623488349368
543,-7557.0,-7542.0
544,-7575.372461752557,-7454.192225793565
545,-7590.0,-7375.0
546,-7593.366336340777,-7355.022753706443
547,-7619.0,-7175.0
548,-7619.827216820978,-7168.0213614059385
549,-7630.393664228915,-7063.968897649048
550,-7631.0,-7057.0
551,-7647.7768515698035,-6834.865410179393
552,-7652.0,-6775.0
553,-7658.067111133695,-6686.812783272515
1,-7676.0,-6387.0
2,-7678.169725822675,-6346.6971824397
3,-7679.0,-6325.0
4,-7676.590127463845,-6129.78000632764
5,-7674.0,-6077.0
6,-7662.0,-5904.0
7,-7650.0,-5762.0
8,-7647.379804940329,-5730.613942900408
9,-7627.0,-5578.0
10,-7611.768391487956,-5490.304747643628
11,-7596.0,-5402.0
12,-7560.617633796111,-5217.823404161558
13,-7547.0,-5178.0
14,-7544.953184335903,-5170.9777519124145
15,-7526.019054012222,-5099.409720673452
16,-7516.0,-5062.0
17,-7486.0,-4959.0
18,-7480.925941319448,-4943.144308145015
19,-7443.0,-4833.0
20,-7425.701030079568,-4790.76444077715
21,-7405.22077790156,-4752.436060358919
22,-7390.0,-4729.0
23,-7368.063923540833,-4701.138021861637
24,-7334.977481620877,-4675.956373532757
25,-7328.0,-4672.0
26,-7282.0,-4650.0
27,-7278.38405263513,-4648.517438470588
28,-7230.353784768111,-4632.12753625232
29,-7204.0,-4625.0
30,-7153.0,-4614.0
31,-7126.9011211109155,-4609.692470629366
32,-7042.0,-4599.0
33,-6977.823304732345,-4592.674069294282
34,-6911.164115608796,-4587.131842411256
35,-6885.0,-4585.0
36,-6836.273424550551,-4581.0831347413005
37,-6737.0,-4572.0
38,-6714.235813378774,-4569.46926006059
39,-6683.0,-4566.0
40,-6619.588214842644,-4559.5304196999605
41,-6606.0,-4558.0
42,-6466.0,-4537.0
43,-6459.38186282889,-4535.806956389915
44,-6316.408213155942,-4507.212067658486
45,-6288.0,-4501.0
46,-6057.0,-4445.0
47,-6037.241591880653,-4440.092192650966
48,-5819.184387795445,-4386.040793260222
49,-5767.0,-4373.0
50,-5597.0,-4330.0
51,-5592.665337110004,-4328.9204584050385
52,-5573.0,-4324.0
53,-5425.0,-4285.0
54,-5406.196551917228,-4280.089400869476
55,-5268.0,-4248.0
56,-5205.472225195916,-4237.074479090254
57,-5018.0,-4210.0
58,-5008.526431904076,-4208.804166581499
59,-4810.724042610579,-4191.219051415481
60,-4759.0,-4186.0
61,-4734.805745720646,-4182.924020678457
62,-4613.0,-4158.0
63,-4541.517769518706,-4135.740479077428
64,-4509.0,-4124.0
65,-4435.767073471991,-4093.354098152095
66,-4325.0,-4039.0
67,-4278.524794072609,-4014.9147478342293
68,-4221.0,-3985.0
69,-4038.0,-3898.0
70,-3990.2767652056014,-3878.0223533063745
71,-3918.0,-3850.0
72,-3828.5061606225836,-3818.9519092826695
73,-3727.0,-3789.0
74,-3691.140265358492,-3779.8827821251516
75,-3615.0,-3763.0
76,-3500.0,-3743.0
77,-3433.749552222945,-3733.404143573979
78,-3370.0,-3725.0
79,-3222.0,-3707.0
80,-3140.929727796834,-3697.5015661104344
81,-3107.0,-3693.0
82,-2873.0,-3648.0
83,-2845.3747160147745,-3640.5636961759665
84,-2793.0,-3624.0
85,-2726.808831808459,-3598.537522639583
86,-2647.0,-3559.0
87,-2616.9988623880927,-3541.2494274871606
88,-2512.0,-3470.0
89,-2452.251219931757,-3420.6218988583723
90,-2403.0,-3363.0
91,-2399.367887361013,-3358.2673566262815
92,-2333.0,-3257.0
93,-2314.1974026663493,-3214.357562033161
94,-2268.3653343189003,-3035.497916118161
95,-2263.0,-3005.0
96,-2259.0127346218624,-2959.35322800799
97,-2262.0,-2920.0
98,-2266.6811475098903,-2860.8454040744496
99,-2271.0,-2827.0
100,-2283.948049743909,-2764.705179174455
101,-2292.0,-2734.0
102,-2316.7578814789504,-2658.522279735536
103,-2323.0,-2644.0
104,-2393.417992151134,-2508.947994706402
105,-2418.0,-2466.0
106,-2440.1675171856227,-2431.6035183708955
107,-2457.0,-2410.0
108,-2505.4469562082113,-2346.9632999316154
109,-2529.0,-2317.0
110,-2654.0,-2163.0
111,-2657.0705274444,-2158.9917521564394
112,-2688.1051480013502,-2115.361897342851
113,-2708.4982870830945,-2076.8192383957476
114,-2715.0,-2062.0
115,-2738.0,-1999.0
116,-2747.4824273887116,-1954.358670316612
117,-2748.0,-1926.0
118,-2731.209341253295,-1808.6793269547425
119,-2729.0,-1796.0
120,-2720.7468975238116,-1747.8841695060528
121,-2677.0,-1666.0
122,-2621.932875313594,-1574.1611998314
123,-2590.0,-1522.0
124,-2551.1236553788517,-1461.6459454773194
125,-2520.990332415361,-1431.0978923579773
126,-2509.0,-1418.0
127,-2471.0316528514827,-1374.8255221143104
128,-2417.0,-1313.0
129,-2329.3386984180556,-1215.949781584463
130,-2252.0,-1129.0
131,-2234.8538002510613,-1108.5894458155617
132,-2193.6334606377495,-1055.6779323232481
133,-2150.0,-993.0
134,-2143.0978733364827,-982.7725224918743
135,-2107.0,-929.0
136,-2019.179229881858,-800.0913939647176
137,-1993.0,-762.0
138,-1947.4126658428982,-696.581853957474
139,-1899.3291122128276,-632.9173552950718
140,-1883.0,-612.0
141,-1829.4688529322077,-543.6162780592418
142,-1801.0,-508.0
143,-1778.734640101418,-480.7671948157532
144,-1731.0,-424.0
145,-1693.6663228610387,-380.5559918721272
146,-1687.0,-373.0
147,-1632.0,-313.0
148,-1599.0,-279.0
149,-1595.878685959333,-276.1462886884992
150,-1545.3250820822739,-234.1820311435901
151,-1532.0,-224.0
152,-1484.2330650588842,-200.44235276626722
153,-1472.0,-199.0
154,-1436.0,-197.0
155,-1433.3289336423254,-197.07209068342792
156,-1390.4920605493214,-205.78040678490885
157,-1383.0,-209.0
158,-1307.2469679690137,-255.25573287302117
159,-1305.0,-257.0
160,-1271.4806057027397,-291.400685694187
161,-1254.0,-323.0
162,-1249.0917784154913,-331.85927189986654
163,-1232.0,-379.0
164,-1226.6538077100106,-398.3629685963574
165,-1213.0,-450.0
166,-1207.1279559705351,-473.76993861661833
167,-1202.0,-496.0
168,-1198.9689689196634,-507.33559005211123
169,-1185.0,-557.0
170,-1182.2403924064245,-566.4386241113473
171,-1158.0,-644.0
172,-1149.894858682713,-667.6607631002026
173,-1139.0,-698.0
174,-1117.8709333848346,-752.7458095724076
175,-1095.0,-807.0
176,-1078.0,-844.0
177,-1072.1302098973117,-855.9033134333266
178,-1036.172233306285,-922.438282223821
179,-1004.0,-978.0
180,-992.2926716188637,-997.1400467409396
181,-978.0,-1016.0
182,-967.436125454527,-1028.916616442623
183,-940.0,-1060.0
184,-937.7088908944935,-1062.3261565887008
185,-884.246299259454,-1105.837789821323
186,-876.0,-1111.0
187,-858.3251560704743,-1120.3039212795672
188,-835.3332776386858,-1127.8926037629906
189,-825.0,-1130.0
190,-796.4714140667414,-1132.3545840399809
191,-792.0,-1132.0
192,-772.3094020963829,-1127.0234713826856
193,-766.0,-1124.0
194,-744.0,-1103.0
195,-740.4386413462573,-1096.726276979066
196,-733.0,-1074.0
197,-731.1792844013528,-1057.7185683745533
198,-731.0,-1045.0
199,-733.0,-1022.0
200,-737.5114150641143,-1001.9613089700067
201,-745.6762630223468,-974.0415369856075
202,-746.0,-973.0
203,-751.4014335474141,-957.872949057665
204,-755.0,-950.0
205,-761.6802647346169,-935.8013821998989
206,-769.0,-922.0
207,-901.0,-766.0
208,-902.1867962284032,-764.7955340442749
209,-930.8163137987071,-736.0545850415853
210,-946.0,-719.0
211,-954.6969584594085,-708.8113079276977
212,-974.0,-685.0
213,-982.1689147061394,-673.980133384116
214,-1011.0,-625.0
215,-1018.7041485603465,-604.6818494850397
216,-1026.0,-575.0
217,-1029.1505443765377,-539.4802525215439
218,-1029.0,-533.0
219,-1020.0,-484.0
220,-1014.9300981181964,-469.0022900069726
221,-1002.0,-442.0
222,-963.1159780088732,-393.26095571632953
223,-958.0,-388.0
224,-929.3606697637188,-362.8003296332305
225,-894.0,-339.0
226,-869.0,-324.0
227,-846.7554489881912,-312.2110827584199
228,-779.5888270728874,-279.38550656665467
229,-745.0,-263.0
230,-723.4488229820977,-253.27870109979307
231,-708.0,-247.0
232,-706.2063928720924,-246.2499737078774
233,-649.3061552348559,-223.20936012041616
234,-609.0,-210.0
235,-513.0,-182.0
236,-497.0518884731053,-177.7602690415729
237,-417.59796831394374,-167.59283032457498
238,-407.0,-168.0
239,-383.74381365860893,-168.67024047724016
240,-358.0,-172.0
241,-342.2178604847479,-176.2213888158692
242,-314.0,-188.0
243,-307.54281031402553,-191.82838095165286
244,-258.0,-242.0
245,-256.49882229084477,-244.1053779276714
246,-237.0,-279.0
247,-232.83825172920376,-289.0584516691477
248,-206.0,-366.0
249,-199.73519827349844,-386.7115854906757
250,-198.0,-406.0
251,-186.0,-526.0
252,-185.71693986742372,-529.6178299058444
253,-184.88705619367664,-592.3163401650296
254,-185.0,-600.0
255,-186.0,-653.0
256,-187.91670122718284,-685.2451818406955
257,-191.0,-723.0
258,-193.56726763740153,-753.562659603693
259,-199.0,-810.0
260,-199.5475080053606,-815.0503308601134
261,-214.50146953328607,-942.6815635833715
262,-215.0,-947.0
263,-221.83768110347376,-1008.9262557555805
264,-230.0,-1087.0
265,-240.39786769313255,-1181.597966336119
266,-244.0,-1215.0
267,-250.14810940880142,-1274.1369031101945
268,-255.0,-1320.0
269,-273.2344024984197,-1488.0372589195706
270,-274.0,-1495.0
271,-288.4860693022495,-1619.9357740209987
272,-298.0,-1677.0
273,-305.25163072729174,-1717.7420429499512
274,-325.0,-1805.0
275,-370.13242385261907,-1965.5963739923502
276,-372.0,-1972.0
277,-404.6234413396934,-2077.3493303549285
278,-429.0,-2141.0
279,-470.72281592262823,-2254.9827801946194
280,-497.0,-2325.0
281,-516.0,-2374.0
282,-536.4086184541917,-2425.7437313086343
283,-588.0,-2548.0
284,-669.9438576920398,-2729.1901445945905
285,-690.0,-2773.0
286,-724.1121553551363,-2846.924554736177
287,-761.383174143946,-2913.054605443608
288,-802.0,-2970.0
289,-902.2397256503402,-3105.8086305735865
290,-918.0,-3126.0
291,-1035.8857932996027,-3247.8257152145447
292,-1049.0,-3259.0
293,-1162.0,-3349.0
294,-1242.8886573033474,-3402.5727828778777
295,-1260.0,-3413.0
296,-1459.0,-3517.0
297,-1487.300271067411,-3530.458352342877
298,-1703.0,-3631.0
299,-1711.556675030043,-3635.0526342779312
300,-1851.0,-3705.0
301,-1880.8416147979142,-3720.118859005658
302,-2055.0,-3808.0
303,-2161.0,-3862.0
304,-2221.101457011063,-3891.6823087672255
305,-2435.0,-3994.0
306,-2559.3537304926263,-4049.248550197793
307,-2651.0,-4086.0
308,-2699.8171393589473,-4105.122707595412
309,-2827.0,-4153.0
310,-2880.8821412832167,-4171.674406646631
311,-2976.0,-4202.0
312,-3090.8058640350864,-4234.199218409677
313,-3113.0,-4240.0
314,-3214.2481851142607,-4264.903734602907
315,-3251.0,-4273.0
316,-3364.5452901489366,-4293.972071782792
317,-3453.0,-4308.0
318,-3492.0,-4314.0
319,-3548.928950409244,-4321.712462511071
320,-3690.131105394483,-4336.509836108668
321,-3695.0,-4337.0
322,-3771.9666572083197,-4344.7198630766525
323,-3795.0,-4347.0
324,-3884.0,-4356.0
325,-3897.552175082386,-4357.586650711763
326,-3947.0,-4364.0
327,-4000.6622494098824,-4371.595716132903
328,-4030.0,-4377.0
329,-4092.0,-4394.0
330,-4100.736691421406,-4397.3410776881765
331,-4150.0,-4429.0
332,-4166.033627901455,-4449.188156278807
333,-4187.0,-4482.0
334,-4204.121726461629,-4512.018918335578
335,-4218.200650195954,-4539.859579892869
336,-4221.0,-4545.0
337,-4254.0,-4592.0
338,-4256.562550037632,-4594.37616126726
339,-4315.0,-4635.0
340,-4317.470081358306,-4636.470661011597
341,-4345.434581052136,-4648.5180339809085
342,-4376.0,-4649.0
343,-4430.0,-4650.0
344,-4439.158692781611,-4649.775739769176
345,-4515.162462900866,-4637.921409408079
346,-4531.0,-4634.0
347,-4555.7283360450365,-4627.524344961607
348,-4574.0,-4623.0
349,-4595.658852834006,-4617.856451848887
350,-4643.13241834428,-4607.4174042895065
351,-4663.0,-4604.0
352,-4753.782537610588,-4599.465107189834
353,-4763.0,-4600.0
354,-4811.380043876456,-4604.420965972671
355,-4843.0,-4608.0
356,-4865.559479148573,-4610.748042832791
357,-4875.0,-4612.0
358,-4948.0,-4623.0
359,-4960.410138069084,-4624.976089055128
360,-5081.556150143007,-4644.20637086594
361,-5087.0,-4645.0
362,-5250.839655193229,-4667.777026835264
363,-5267.0,-4670.0
364,-5331.573601142344,-4678.96813225166
365,-5379.0,-4685.0
366,-5449.276169610295,-4693.627472151984
367,-5567.407117611484,-4707.977090713106
368,-5584.0,-4710.0
369,-5708.0,-4725.0
370,-5723.570152980157,-4726.78902806202
371,-5871.0,-4743.0
372,-6334.0,-4783.0
373,-6375.893564384281,-4785.8154242963265
374,-6479.0,-4792.0
375,-6484.931932338307,-4792.308258120379
376,-6593.351410057829,-4801.308973940056
377,-6631.0,-4812.0
378,-6756.0,-4864.0
379,-6807.6190103188155,-4894.008853848536
380,-6840.0,-4931.0
381,-6859.046494004045,-4952.679429693825
382,-6949.0,-5056.0
383,-6958.081970315245,-5066.915694317468
384,-6997.0,-5126.0
385,-7014.377228254584,-5157.371931271288
386,-7065.018433657242,-5251.401699956342
387,-7087.0,-5295.0
388,-7105.053441835479,-5335.406929079335
389,-7122.0,-5385.0
390,-7129.516736266978,-5408.8775010823765
391,-7156.0,-5500.0
392,-7160.335819685104,-5516.906144273193
393,-7180.0,-5612.0
394,-7198.166531922994,-5741.2018915531335
395,-7215.0,-5884.0
396,-7219.616780921216,-5926.531300163166
397,-7223.16516022643,-6020.280602232916
398,-7220.0,-6067.0
399,-7216.051238256439,-6115.052068917485
400,-7198.0,-6259.0
401,-7177.0059131904345,-6327.0186261255685
402,-7100.0,-6427.0
403,-7057.273996997143,-6474.7214571610875
404,-6999.0,-6550.0
405,-6954.0,-6658.0
406,-6944.858751468716,-6685.258014461436
407,-6885.0,-6878.0
408,-6839.202926604438,-7049.701949756442
409,-6827.0,-7101.0
410,-6818.493112941919,-7137.263822818295
411,-6799.0,-7239.0
412,-6797.8502973348495,-7246.411000818465
413,-6760.993674289685,-7519.571257923932
414,-6759.0,-7536.0
415,-6753.6908104634895,-7589.120648196986
416,-6752.0,-7623.0
417,-6751.721091121935,-7627.55946152596
418,-6746.0,-7723.0
419,-6744.717771342206,-7770.982430801794
420,-6747.0,-7830.0
421,-6747.465838546336,-7834.8584637817585
422,-6762.429479352441,-7913.811785157851
423,-6766.0,-7923.0
424,-6788.322649911316,-7957.719606300855
425,-6823.0,-7992.0
426,-6837.292582868005,-8006.281125045336
427,-6881.0,-8058.0
428,-6885.882410212855,-8068.085008793861
429,-6896.0,-8115.0
430,-6896.499763910257,-8119.217276496685
431,-6897.314076034477,-8205.10910030965
432,-6896.0,-8218.0
433,-6880.0,-8321.0
434,-6876.230063009736,-8341.861259212896
435,-6865.992422571672,-8388.685047364554
436,-6852.0,-8438.0
437,-6843.0,-8469.0
438,-6841.526002863759,-8473.747784375144
439,-6815.0,-8548.0
440,-6800.34173566557,-8585.623641081245
441,-6774.0,-8648.0
442,-6746.626443235753,-8704.96903206519
443,-6714.0,-8767.0
444,-6702.733959623229,-8787.407510780115
445,-6664.076116439367,-8851.125357790677
446,-6637.0,-8889.0
447,-6587.459086761175,-8953.783318233818
448,-6523.0,-9032.0
449,-6496.5047524784095,-9061.064769496044
450,-6401.635089348769,-9143.396179269335
451,-6393.0,-9150.0
452,-6341.3897762621855,-9185.524658303097
453,-6252.0,-9234.0
454,-6196.934525796426,-9263.644404513176
455,-6146.0,-9291.0
456,-6065.977826030224,-9333.234953281031
457,-6051.819463252734,-9344.144799576334
458,-6043.0,-9351.0
459,-5997.49358674389,-9386.767442481196
460,-5996.0,-9388.0
461,-5988.0,-9395.0
462,-5968.391887625047,-9416.5681901496
463,-5950.0,-9443.0
464,-5939.490669631395,-9465.747517918342
465,-5934.0,-9484.0
466,-5929.0,-9539.0
467,-5929.6124780408645,-9549.62863785218
468,-5934.0,-9577.0
469,-5938.924178568816,-9594.540859447887
470,-5963.0,-9653.0
471,-5981.795359859699,-9679.478035681963
472,-5997.3969042471435,-9694.433032821646
473,-5998.0,-9695.0
474,-6014.735888235029,-9709.847208694908
475,-6039.0,-9721.0
476,-6066.7512243290785,-9730.569389840144
477,-6116.0,-9746.0
478,-6124.482801013479,-9748.71704446687
479,-6146.671416272957,-9754.242728382904
480,-6171.0,-9757.0
481,-6257.0156912928105,-9765.705559151911
482,-6260.0,-9766.0
483,-6339.0,-9771.0
484,-6377.4855919269785,-9771.838813403005
485,-6457.0,-9773.0
486,-6467.857539554112,-9772.976513855876
487,-6504.436081546649,-9770.954526410751
488,-6527.0,-9768.0
489,-6592.0,-9759.0
490,-6600.199084812451,-9757.455577032451
491,-6612.0,-9755.0
492,-6673.245959413297,-9735.870536714308
493,-6675.0,-9735.0
494,-6709.0,-9714.0
495,-6721.2887665355565,-9704.51807156647
496,-6747.066944767173,-9676.194614616488
497,-6755.0,-9663.0
498,-6776.0,-9618.0
499,-6780.0,-9609.0
500,-6789.958379636297,-9577.646257158063
501,-6797.0,-9549.0
502,-6800.211042286965,-9534.320997157289
503,-6809.550107668525,-9488.124998820635
504,-6810.0,-9486.0
505,-6819.0,-9446.0
506,-6829.500157871385,-9400.387204354869
507,-6841.0,-9358.0
508,-6864.15807104351,-9292.962171518524
509,-6871.0,-9277.0
510,-6916.0,-9193.0
511,-6963.129460373422,-9120.135619348683
512,-6978.0,-9098.0
513,-7032.545134250016,-9020.980075445555
514,-7065.0,-8974.0
515,-7111.265202770369,-8902.507820733901
516,-7114.0,-8898.0
517,-7196.057647570384,-8741.051840062264
518,-7202.0,-8728.0
519,-7224.83477534784,-8673.972243601753
520,-7240.0,-8635.0
521,-7278.620497684202,-8530.383276091128
522,-7284.0,-8515.0
523,-7323.580386370184,-8394.462026099322
524,-7325.0,-8390.0
525,-7373.252629780523,-8233.423750735541
526,-7383.0,-8200.0
527,-7418.87653932552,-8073.332240160117
528,-7439.0,-8001.0
529,-7475.70990478484,-7867.002376571991
530,-7502.0,-7769.0
531,-7532.619933226231,-7651.818782598386
532,-7552.0,-7568.0
533,-7580.0,-7430.0
534,-7581.601164966632,-7421.491876999824
535,-7602.0,-7303.0
536,-7605.273404990799,-7280.6835499612
537,-7620.0,-7160.0
538,-7635.0,-7008.0
539,-7644.405525762732,-6893.395888110386
540,-7656.0,-6712.0
1,-7679.0,-6332.0
2,-7680.320586506873,-6219.796421358939
3,-7680.0,-6210.0
4,-7667.0,-5973.0
5,-7654.998654690199,-5804.8498003357145
6,-7645.701851628087,-5720.054001826544
7,-7644.0,-5706.0
8,-7640.0,-5675.0
9,-7607.943045674968,-5478.610163183998
10,-7583.0,-5335.0
11,-7574.779630997931,-5290.92829287399
12,-7568.0,-5266.0
13,-7545.918826731897,-5176.735399647783
14,-7536.0,-5137.0
15,-7500.3088579815085,-5003.45222153243
16,-7499.0,-4999.0
17,-7477.926839811404,-4930.846147509148
18,-7463.0,-4886.0
19,-7447.306836373281,-4842.805122991478
20,-7425.0,-4789.0
21,-7417.270141829744,-4771.40494508815
22,-7388.0,-4726.0
23,-7348.191191368829,-4688.444083422425
24,-7331.0,-4674.0
25,-7300.786493306085,-4651.76468988944
26,-7262.1914890045455,-4640.8967645925495
27,-7241.0,-4636.0
28,-7206.498216084192,-4626.798120672426
29,-7158.0,-4615.0
30,-7111.852152012645,-4607.060900554409
31,-6989.0,-4594.0
32,-6977.902661743143,-4592.961666205998
33,-6885.0,-4585.0
34,-6869.956718976222,-4583.756917622084
35,-6796.667687043142,-4577.721832076852
36,-6737.106909941516,-4572.111210095356
37,-6707.0,-4569.0
38,-6679.0,-4566.0
39,-6628.294753857115,-4560.409457620959
40,-6594.0,-4556.0
41,-6542.265499872151,-4548.289935383725
42,-6365.80146468859,-4516.935531406386
43,-6361.0,-4516.0
44,-6291.133779799009,-4501.501714104581
45,-6230.183050278516,-4487.047811004368
46,-6189.0,-4477.0
47,-6112.0,-4458.0
48,-6105.095035497335,-4456.294006405278
49,-5873.0,-4399.0
50,-5864.720001289857,-4396.9598211360935
51,-5714.192672978764,-4359.937084684004
52,-5659.0,-4346.0
53,-5595.130318130945,-4329.385915206726
54,-5470.929419794415,-4297.042246853087
55,-5451.0,-4292.0
56,-5317.5443212594155,-4259.013668430091
57,-5296.0,-4254.0
58,-5197.815729603634,-4233.833802631848
59,-5127.0,-4223.0
60,-5055.699703936045,-4214.078030375735
61,-5007.0,-4209.0
62,-4843.0,-4195.0
63,-4820.67162446127,-4192.561096207237
64,-4675.482554734338,-4171.171577641634
65,-4589.0,-4151.0
66,-4545.8299205996445,-4137.819788453432
67,-4366.0,-4059.0
68,-4358.256406987376,-4055.1509961693296
69,-4340.0,-4046.0
70,-4227.929780885291,-3988.5622865977325
71,-4209.0,-3979.0
72,-4044.1831622674927,-3900.273004670993
73,-3999.0,-3881.0
74,-3883.346896131901,-3836.9737073750466
75,-3836.0,-3821.0
76,-3716.3092259404148,-3785.6403858248063
77,-3710.0,-3784.0
78,-3609.0,-3761.0
79,-3364.0,-3722.0
80,-3285.6186896717227,-3712.2666372947388
81,-3111.0,-3693.0
82,-3019.9763752137756,-3683.6853192116905
83,-2943.0,-3665.0
84,-2934.61549174144,-3662.6349503189026
85,-2718.0,-3595.0
86,-2626.1463953196817,-3557.3710131567423
87,-2558.0,-3505.0
88,-2546.0758690925577,-3495.5126077344753
89,-2454.0,-3418.0
90,-2441.537417686769,-3405.7312480622822
91,-2389.0,-3346.0
92,-2349.0,-3286.0
93,-2339.9760133665995,-3268.5685537286995
94,-2282.0,-3121.0
95,-2276.2499245933195,-3100.31815731022
96,-2261.127556720614,-3005.6795856307067
97,-2262.16174051123,-2932.3586744120676
98,-2263.0,-2903.0
99,-2264.497997867046,-2872.6050979043594
100,-2268.0,-2848.0
101,-2303.0,-2700.0
102,-2308.0707731451525,-2685.3778831319078
103,-2348.042492630607,-2590.5048574134303
104,-2354.0,-2578.0
105,-2393.1005674542416,-2505.9885310305335
106,-2421.0,-2462.0
107,-2438.5524781673503,-2435.53803414877
108,-2457.0,-2409.0
109,-2493.5584201216807,-2361.079304394082
110,-2508.0,-2343.0
111,-2540.668999803377,-2302.912534455919
112,-2568.0,-2270.0
113,-2622.0,-2205.0
114,-2666.585435543146,-2145.260352118928
115,-2678.0,-2129.0
116,-2701.7137882165316,-2093.9083368695856
117,-2728.5490347930863,-2036.0490603754113
118,-2732.0,-2022.0
119,-2744.363106051425,-1894.4309082116058
120,-2745.0,-1864.0
121,-2735.0,-1816.0
122,-2717.435201850192,-1761.6327040680476
123,-2704.0,-1725.0
124,-2657.0,-1629.0
125,-2655.007454504841,-1625.3808139987514
126,-2614.8085103691037,-1559.5224438163518
127,-2606.0,-1547.0
128,-2535.0639620359593,-1453.1516291403723
129,-2502.0,-1411.0
130,-2469.3708340197486,-1371.0710123003369
131,-2437.0,-1336.0
132,-2408.892462204276,-1305.3312334866066
133,-2362.0,-1254.0
134,-2310.0823433719534,-1196.5070328086535
135,-2307.0,-1193.0
136,-2231.0,-1102.0
137,-2227.209403057035,-1097.2067585868367
138,-2171.0,-1023.0
139,-2161.8114572966088,-1010.208535345681
140,-2102.0,-922.0
141,-2088.2356730075776,-901.6663070698171
142,-2031.0,-818.0
143,-1970.0,-730.0
144,-1966.176116163399,-724.6251417994291
145,-1880.7291517398717,-609.5776976826164
146,-1878.0,-606.0
147,-1795.0,-501.0
148,-1772.798343452324,-474.0319885414021
149,-1704.0,-392.0
150,-1687.837783731978,-373.3454078394166
151,-1652.0,-334.0
152,-1637.9251799844105,-318.6458231649982
153,-1600.0,-279.0
154,-1584.6023201433168,-264.8601486423432
155,-1553.0,-239.0
156,-1527.2093101462606,-219.86240403440223
157,-1503.0,-208.0
158,-1421.0910685124272,-198.8675114336109
159,-1419.0,-199.0
160,-1380.3487169934724,-209.51736962095757
161,-1367.0,-216.0
162,-1349.1737618642112,-225.1759364512183
163,-1341.0,-230.0
164,-1302.0,-260.0
165,-1287.5826894537845,-273.97997496894214
166,-1270.0,-297.0
167,-1263.984108414053,-307.1790043089935
168,-1243.0,-350.0
169,-1242.0810832311263,-352.09238587365576
170,-1226.0,-401.0
171,-1220.7594820276477,-420.82314453474874
172,-1201.0,-498.0
173,-1197.432399553736,-511.96072868044996
174,-1184.9507220694693,-559.8809983136263
175,-1174.0,-596.0
176,-1169.1017573309282,-611.3120447408699
177,-1155.0,-654.0
178,-1136.478552374671,-706.1736270330823
179,-1135.0,-710.0
180,-1076.0,-849.0
181,-1049.4922829578577,-903.673742855392
182,-1003.0,-981.0
183,-998.2603102585961,-987.9585738741142
184,-951.0201525532675,-1048.3058955566207
185,-944.0,-1056.0
186,-888.0,-1104.0
187,-879.1676118285509,-1109.2390939313789
188,-848.0,-1124.0
189,-834.9199647126311,-1128.3358928479397
190,-808.0,-1133.0
191,-801.0,-1133.0
192,-779.4174889271268,-1129.6149773636303
193,-764.0,-1123.0
194,-745.0,-1105.0
195,-735.1622999053741,-1085.1295586280967
196,-730.0,-1060.0
197,-730.9349845194954,-1032.1723906190718
198,-732.0,-1025.0
199,-735.155155669049,-1009.6872970390835
200,-736.0,-1006.0
201,-741.844273581871,-983.6092397311346
202,-747.0,-970.0
203,-753.0125245976104,-955.648776578639
204,-763.0,-933.0
205,-771.9325009625647,-914.3926432255155
206,-782.0,-901.0
207,-782.8387415534694,-899.908486391829
208,-795.0,-884.0
209,-802.770433404981,-873.5614814866774
210,-813.0,-860.0
211,-824.1644958571785,-846.3958321566221
212,-841.3094457421206,-828.1363100892921
213,-853.0,-816.0
214,-904.0,-763.0
215,-910.9582185683674,-755.6017201877657
216,-966.8762182045664,-693.4703108941989
217,-974.0,-685.0
218,-993.0167126425714,-660.1365119181115
219,-1006.0,-635.0
220,-1016.0939267025609,-610.5349344853956
221,-1023.0,-589.0
222,-1026.6534095147197,-571.9855283733333
223,-1029.0,-546.0
224,-1023.0,-495.0
225,-1021.5505701865897,-488.29095285707456
226,-1006.8876872122249,-448.62346590881117
227,-999.0,-437.0
228,-951.0,-382.0
229,-938.0886479552214,-368.4268375117175
230,-922.3917513732906,-353.8255461836065
231,-896.6455196211845,-340.0193739228077
232,-884.0,-333.0
233,-847.1109383519916,-312.37386694040606
234,-832.0,-304.0
235,-801.3631816709914,-287.69141901071157
236,-776.2672016657173,-276.6416594896381
237,-763.0,-271.0
238,-722.7750525016762,-254.05968545211311
239,-655.0,-226.0
240,-624.7213262048585,-214.02283084331066
241,-575.0,-198.0
242,-571.7849731232599,-197.1064786450595
243,-499.0,-179.0
244,-442.0,-170.0
245,-399.8857223744963,-169.87727506775462
246,-337.0,-177.0
247,-313.2479040561702,-186.33262012247957
248,-310.0,-189.0
249,-249.22545397488432,-254.06471670230803
250,-248.0,-256.0
251,-229.0,-296.0
252,-208.0,-359.0
253,-201.28695631875104,-383.41578530594126
254,-194.0856956101129,-423.5029700058865
255,-191.0,-451.0
256,-190.82683458758663,-452.615257984654
257,-188.19595113622955,-479.8862959935488
258,-187.0,-503.0
259,-185.6587679420724,-554.5009323451701
260,-185.0,-616.0
261,-185.0,-629.0
262,-187.67324304751577,-686.3589840227401
263,-189.0,-704.0
264,-198.7807962030504,-806.531726006175
265,-200.0,-818.0
266,-209.56639304411513,-903.290837913498
267,-210.0,-907.0
268,-220.0,-992.0
269,-225.5578092787763,-1043.5120177972951
270,-227.0,-1057.0
271,-240.99948204813487,-1186.0432632221207
272,-246.0,-1233.0
273,-254.30234918473315,-1312.702654228742
274,-257.0,-1338.0
275,-265.41382852763104,-1413.2268056840996
276,-274.0,-1490.0
277,-279.45351684786255,-1541.27761383746
278,-284.0,-1581.0
279,-299.0,-1684.0
280,-311.8043553168433,-1748.1031550297878
281,-336.0,-1847.0
282,-347.39264630768207,-1889.0577331838126
283,-370.0,-1966.0
284,-383.55462489841403,-2008.4350216357327
285,-409.0,-2084.0
286,-422.459810349852,-2123.367129648188
287,-479.0,-2279.0
288,-535.9891381521333,-2423.7607439719627
289,-547.0,-2451.0
290,-605.9473932121455,-2591.4316295916014
291,-670.0618044813982,-2732.879446896023
292,-672.0,-2737.0
293,-705.9980818760304,-2806.0174459236873
294,-729.0,-2849.0
295,-753.3335143804268,-2893.231487476503
296,-851.0,-3043.0
297,-911.6227109948736,-3115.7612573311108
298,-981.0,-3194.0
299,-1014.0592735343282,-3230.669671467983
300,-1065.0,-3273.0
301,-1175.1888299194363,-3349.9464888240573
302,-1331.0,-3453.0
303,-1370.797717689687,-3477.2083602047696
304,-1452.0,-3513.0
305,-1491.7401397952613,-3531.118368893832
306,-1629.0,-3596.0
307,-1717.5107101709218,-3638.4910354277804
308,-1737.0,-3648.0
309,-1873.0,-3716.0
310,-1962.2962203687177,-3761.387664539347
311,-2036.0,-3799.0
312,-2093.4252581713854,-3828.3070191480188
313,-2201.0,-3882.0
314,-2413.0834418189334,-3983.1741386956487
315,-2453.0,-4002.0
316,-2554.1506023766237,-4047.8231717337653
317,-2582.0,-4059.0
318,-2855.6702298033047,-4162.387535238419
319,-2863.0,-4165.0
320,-2967.9031441231373,-4200.4772161728115
321,-3107.0,-4239.0
322,-3114.913204622378,-4240.990445422554
323,-3271.7761643438093,-4277.616723202459
324,-3293.0,-4282.0
325,-3444.4099259966392,-4306.836666481702
326,-3453.0,-4308.0
327,-3618.5453851327047,-4328.97280542768
328,-3627.0,-4330.0
329,-3738.6260722055563,-4341.940676236188
330,-3787.0,-4346.0
331,-3845.314142564939,-4352.366636219342
332,-3878.0,-4356.0
333,-3914.0,-4360.0
334,-3966.262044221016,-4366.566917472303
335,-4011.0,-4373.0
336,-4079.0,-4389.0
337,-4095.606658407515,-4397.557986319817
338,-4176.0,-4462.0
339,-4177.910913497032,-4464.100394696795
340,-4198.0,-4502.0
341,-4200.855536781643,-4507.91580543152
342,-4244.0,-4580.0
343,-4245.673828462455,-4582.179720833552
344,-4270.520322490035,-4608.759627096602
345,-4272.0,-4610.0
346,-4300.0,-4628.0
347,-4313.175303672031,-4633.900870070999
348,-4346.0,-4644.0
349,-4352.19774974308,-4645.482707388906
350,-4370.0,-4649.0
351,-4420.722974893786,-4651.216322558106
352,-4426.0,-4651.0
353,-4469.0,-4647.0
354,-4474.939493227278,-4646.036384496654
355,-4500.0,-4641.0
356,-4543.262055892715,-4630.447003952226
357,-4558.0,-4627.0
358,-4619.73860636516,-4613.141718865036
359,-4643.0,-4608.0
360,-4670.086766878699,-4602.719274643083
361,-4681.0,-4602.0
362,-4704.001082268,-4600.77827782532
363,-4747.0,-4600.0
364,-4757.11864460132,-4600.311547633126
365,-4815.0,-4605.0
366,-4878.99583166123,-4613.3564317434775
367,-4911.0,-4618.0
368,-4987.691476420732,-4629.342951360464
369,-4992.0,-4630.0
370,-5096.628362047921,-4646.281135493642
371,-5121.0,-4650.0
372,-5197.512072791889,-4660.95670978818
373,-5264.0,-4670.0
374,-5278.547570426905,-4672.013503112324
375,-5344.0,-4681.0
376,-5423.197706103228,-4691.023329275534
377,-5481.0,-4698.0
378,-5530.2527164808835,-4703.869678047215
379,-5590.0,-4711.0
380,-5662.144694525541,-4719.790066640397
381,-5749.0,-4730.0
382,-5856.451891466267,-4741.418705630738
383,-5872.0,-4743.0
384,-5902.0,-4746.0
385,-6135.0,-4769.0
386,-6168.6443065167505,-4772.021090466651
387,-6346.0,-4784.0
388,-6363.805826467513,-4785.046322689621
389,-6430.0,-4789.0
390,-6504.563134997475,-4794.069000328045
391,-6543.0,-4798.0
392,-6651.0,-4817.0
393,-6688.3711528182175,-4828.626129338603
394,-6735.0,-4851.0
395,-6746.72766097022,-4857.954773227739
396,-6812.0,-4905.0
397,-6837.481953630125,-4927.613780995813
398,-6899.0,-4993.0
399,-6946.0,-5051.0
400,-6948.802325854077,-5054.731449570219
401,-7002.35689873598,-5133.195603143644
402,-7015.0,-5154.0
403,-7053.0,-5223.0
404,-7059.896034028245,-5236.742985020423
405,-7091.0,-5305.0
406,-7116.998480318983,-5371.849198937879
407,-7126.0,-5398.0
408,-7144.729465121055,-5459.576087232677
409,-7172.354823471893,-5573.79517153069
410,-7180.0,-5611.0
411,-7188.539446122029,-5657.681184711746
412,-7204.495570051731,-5778.057241541446
413,-7205.0,-5783.0
414,-7216.076951093339,-5920.394295912725
415,-7218.0,-5950.0
416,-7220.0,-5986.0
417,-7220.656866532828,-6016.813156122676
418,-7219.0,-6095.0
419,-7216.696445335592,-6160.692302400707
420,-7207.0,-6215.0
421,-7108.908616634505,-6391.837186849537
422,-7063.0,-6463.0
423,-7013.579757337076,-6545.536717664012
424,-6953.0,-6661.0
425,-6939.583707819516,-6691.994548391743
426,-6903.0,-6816.0
427,-6900.8539085048005,-6823.961194516657
428,-6824.502657907973,-7112.106226282958
429,-6823.0,-7118.0
430,-6805.39616179908,-7193.008340015841
431,-6795.0,-7263.0
432,-6793.904382180923,-7270.781382270243
433,-6773.559819535939,-7419.426808575579
434,-6764.0,-7491.0
435,-6757.09011752432,-7544.811241482436
436,-6753.0,-7599.0
437,-6748.0,-7682.0
438,-6745.9168351315075,-7722.642811547806
439,-6745.0,-7792.0
440,-6748.137523623168,-7836.246064560392
441,-6750.0,-7855.0
442,-6763.205029176318,-7923.319409135016
443,-6775.0,-7942.0
444,-6834.343282719947,-8000.807513210913
445,-6845.0,-8011.0
446,-6889.65880441608,-8065.363518389973
447,-6897.203109440725,-8112.168718452996
448,-6898.0,-8129.0
449,-6898.097202083257,-8189.440714109904
450,-6898.0,-8193.0
451,-6893.0,-8249.0
452,-6889.362596082922,-8271.0043893963
453,-6871.0,-8366.0
454,-6870.1287072967325,-8370.354263127696
455,-6861.13229003756,-8413.942431018264
456,-6838.0,-8483.0
457,-6792.0,-8606.0
458,-6784.430406185685,-8625.518594488307
459,-6767.0,-8662.0
460,-6765.334502246151,-8665.305804716174
461,-6724.15123190361,-8747.0709996421
462,-6713.0,-8768.0
463,-6679.0,-8826.0
464,-6647.751217677833,-8871.751116608126
465,-6577.6839925048325,-8965.626717292782
466,-6551.0,-9000.0
467,-6511.032000781943,-9049.218910168414
468,-6425.903043929893,-9126.180904798324
469,-6422.0,-9129.0
470,-6341.0,-9183.0
471,-6295.0,-9210.0
472,-6246.461043733079,-9236.96992518281
473,-6187.0,-9269.0
474,-6080.0,-9327.0
475,-6075.693642401222,-9329.406371410776
476,-5995.688615067773,-9386.790205782618
477,-5988.0,-9395.0
478,-5978.0,-9406.0
479,-5948.950196860395,-9445.993508696009
480,-5948.0,-9448.0
481,-5931.440094259737,-9508.703287421742
482,-5929.0,-9524.0
483,-5933.069610777899,-9572.483573002466
484,-5935.0,-9579.0
485,-5951.096331044833,-9627.61699963247
486,-5954.0,-9635.0
487,-5977.389370994048,-9673.368140551222
488,-5989.0,-9685.0
489,-5991.802839387797,-9687.631745630399
490,-6006.347505136198,-9700.207743430954
491,-6021.42582282629,-9711.205581853304
492,-6043.0,-9723.0
493,-6055.015778792889,-9728.263976277341
494,-6079.0,-9736.0
495,-6131.407265299789,-9749.439803118456
496,-6142.0,-9752.0
497,-6180.468976966593,-9760.252633909013
498,-6212.0,-9762.0
499,-6218.995792617261,-9762.520012073608
500,-6263.0,-9766.0
501,-6325.231852165368,-9770.658680471755
502,-6352.0,-9772.0
503,-6436.338971193771,-9772.715477829708
504,-6507.0,-9770.0
505,-6545.193694744682,-9765.973828243661
506,-6578.0,-9761.0
507,-6618.0,-9754.0
508,-6635.755760873066,-9748.539183587945
509,-6689.0,-9727.0
510,-6692.492738221395,-9725.421235154348
511,-6735.057090379218,-9695.726296947632
512,-6748.0,-9674.0
513,-6763.990522166919,-9645.996296086269
514,-6765.0,-9644.0
515,-6779.0,-9611.0
516,-6786.971668443074,-9586.810253628317
517,-6796.0,-9553.0
518,-6807.0,-9503.0
519,-6810.084640851886,-9488.046241407801
520,-6817.0,-9454.0
521,-6827.0,-9407.0
522,-6829.2261793932685,-9398.174774849813
523,-6845.0,-9345.0
524,-6848.525449802165,-9334.913078177944
525,-6875.977390904029,-9268.53933285815
526,-6884.0,-9252.0
527,-6914.0,-9197.0
528,-6929.485958128438,-9171.608284128
529,-6979.0,-9097.0
530,-6995.066736481439,-9073.585820453864
531,-7049.55971918805,-8995.501214110805
532,-7064.0,-8975.0
533,-7112.609497122006,-8906.07312304254
534,-7153.0,-8829.0
535,-7229.0,-8664.0
536,-7241.561513039751,-8635.807244591177
537,-7273.0,-8546.0
538,-7295.408623310044,-8477.762958630918
539,-7347.0,-8320.0
540,-7399.247534992252,-8144.982841976991
541,-7423.042595559649,-8058.433721363801
542,-7424.0,-8055.0
543,-7452.0,-7955.0
544,-7453.451148489998,-7949.694800510358
545,-7490.0,-7814.0
546,-7508.90014013861,-7742.57006380952
547,-7517.0,-7711.0
548,-7541.400472857833,-7610.634380153532
549,-7565.920363233417,-7500.777815177954
550,-7573.0,-7467.0
551,-7594.0,-7356.0
552,-7604.0,-7285.0
553,-7616.495902316343,-7188.300815648048
554,-7634.0,-7024.0
555,-7649.0,-6831.0
556,-7653.466355710172,-6768.112995887058
557,-7660.892368012903,-6643.3038303628755
1,-7679.276796533248,-6219.642056226936
2,-7677.0,-6141.0
3,-7673.701908466075,-6071.672807028333
4,-7666.0,-5951.0
5,-7663.083595540534,-5911.2676784535915
6,-7653.0,-5793.0
7,-7645.565220179946,-5721.614655567505
8,-7633.0,-5620.0
9,-7616.071569878548,-5509.493190138703
10,-7610.0,-5474.0
11,-7586.627268984662,-5351.950423681281
12,-7575.0,-5299.0
13,-7567.0,-5265.0
14,-7548.586082228365,-5188.868426699443
15,-7520.483252261585,-5077.226891628186
16,-7517.0,-5064.0
17,-7496.211313492103,-4990.506063158716
18,-7486.0,-4957.0
19,-7464.0,-4889.0
20,-7450.613459880681,-4853.136566796192
21,-7417.0,-4773.0
22,-7412.871439007193,-4764.250149809968
23,-7379.833360112348,-4714.83283639329
24,-7375.0,-4710.0
25,-7328.359013560778,-4672.449194009735
26,-7326.0,-4671.0
27,-7282.7067626805765,-4649.949151057789
28,-7262.0,-4642.0
29,-7200.0,-4624.0
30,-7179.536539508496,-4619.658727394474
31,-7088.0,-4604.0
32,-7065.801672269692,-4600.904183022269
33,-7012.0,-4596.0
34,-6982.687108141155,-4593.531502443822
35,-6941.0,-4590.0
36,-6824.531352119524,-4580.0356824224955
37,-6781.0,-4576.0
38,-6616.054014246748,-4558.429762083901
39,-6604.0,-4557.0
40,-6447.142591883256,-4533.785479230271
41,-6443.0,-4533.0
42,-6366.1361174063795,-4517.442003821827
43,-6318.0,-4507.0
44,-6279.4736460928925,-4498.305719185066
45,-6231.0,-4487.0
46,-6132.0,-4463.0
47,-6126.425792945857,-4461.628630592103
48,-6019.0,-4435.0
49,-5921.365294407366,-4410.802738431903
50,-5868.0,-4398.0
51,-5821.0,-4387.0
52,-5756.248343586792,-4371.194507002448
53,-5677.0,-4351.0
54,-5630.970006619207,-4339.109745817925
55,-5543.0,-4316.0
56,-5524.390533478961,-4311.010988455036
57,-5353.139260455059,-4266.538896192843
58,-5346.0,-4265.0
59,-5307.0,-4257.0
60,-5167.708117800087,-4229.6831464640445
61,-5070.0,-4215.0
62,-5062.933688991564,-4214.1802003573985
63,-4961.0,-4205.0
64,-4806.493473869447,-4191.540767050316
65,-4782.0,-4189.0
66,-4620.0,-4160.0
67,-4591.040549202872,-4151.430189265976
68,-4489.782109836437,-4115.688876634422
69,-4422.0,-4087.0
70,-4290.0,-4021.0
71,-4236.392520389394,-3994.170325538556
72,-4066.0,-3910.0
73,-3978.0778918317906,-3871.5630114578707
74,-3959.0,-3865.0
75,-3764.0,-3799.0
76,-3714.782551711803,-3785.08135228042
77,-3590.0,-3758.0
78,-3342.5845522740497,-3720.557927947802
79,-3315.0,-3717.0
80,-3212.584315105173,-3705.5571211662054
81,-3151.0,-3698.0
82,-3137.0,-3696.0
83,-2960.0,-3669.0
84,-2889.1608083261026,-3652.9756491673097
85,-2811.0,-3630.0
86,-2700.0,-3586.0
87,-2664.6013371355625,-3569.257965579068
88,-2607.0,-3536.0
89,-2515.753467333922,-3468.9598039567773
90,-2443.0,-3407.0
91,-2397.3932220899596,-3360.8320754379806
92,-2317.0,-3225.0
93,-2309.9033414799883,-3209.2738586702962
94,-2285.7616075601395,-3142.9408502206024
95,-2279.0,-3112.0
96,-2271.713814507424,-3065.691639826367
97,-2264.0,-2993.0
98,-2262.450770338746,-2968.999102097298
99,-2263.4530390392865,-2910.701172358589
100,-2265.0,-2892.0
101,-2275.0,-2810.0
102,-2282.7969764821923,-2769.3331030747886
103,-2299.0,-2710.0
104,-2303.919751553874,-2695.381918958171
105,-2333.0,-2621.0
106,-2342.2703246506735,-2599.783291635346
107,-2396.0,-2501.0
108,-2463.0296828578594,-2402.444070054101
109,-2480.0,-2379.0
110,-2553.0,-2288.0
111,-2561.361372563651,-2277.9357012573746
112,-2634.843887467806,-2188.360852117077
113,-2653.0,-2165.0
114,-2692.9616642611163,-2106.7967093061875
115,-2704.0,-2085.0
116,-2734.323606820783,-2002.5102591554244
117,-2746.0,-1954.0
118,-2747.62505893778,-1943.785788006367
119,-2745.0,-1873.0
120,-2736.3459219328524,-1834.453298411663
121,-2711.7174460254523,-1752.1530215764258
122,-2693.0,-1701.0
123,-2669.8352718993906,-1649.2276809377622
124,-2620.0,-1566.0
125,-2593.4578654287684,-1527.1159024177737
126,-2570.0,-1495.0
127,-2524.0,-1437.0
128,-2514.7231773461453,-1425.7506071770513
129,-2462.0,-1364.0
130,-2410.7771733187824,-1307.06026828595
131,-2408.0,-1304.0
132,-2338.0,-1227.0
133,-2301.5800276428163,-1186.9028648595372
134,-2220.0,-1089.0
135,-2176.628898089671,-1030.192892655475
136,-2126.0,-959.0
137,-2071.143083884175,-878.7152408065253
138,-2018.0,-799.0
139,-1967.1672781362993,-726.4434413875852
140,-1922.0,-664.0
141,-1911.6997859701369,-650.081116182259
142,-1829.0,-543.0
143,-1825.7030880751197,-538.8534796006026
144,-1776.9189085230125,-478.5351274053436
145,-1774.0,-475.0
146,-1694.5657839511525,-381.2832804886414
147,-1676.0,-360.0
148,-1652.4604432284368,-333.9872095154219
149,-1631.0,-312.0
150,-1604.679787253603,-285.3020962421231
151,-1581.0,-262.0
152,-1555.659368314436,-238.58794835316985
153,-1522.0,-217.0
154,-1519.242977150077,-215.76194355055333
155,-1456.0,-197.0
156,-1441.4381953087047,-195.13359220646805
157,-1411.0,-201.0
158,-1387.9974479864745,-207.84298341837467
159,-1373.0,-213.0
160,-1355.4107983181134,-220.2987912564574
161,-1319.8468402645806,-243.6358596495337
162,-1314.0,-249.0
163,-1265.0,-304.0
164,-1254.0902069768044,-320.0529244262849
165,-1249.0,-334.0
166,-1238.1191129770875,-362.625090243424
167,-1225.0,-404.0
168,-1204.0864762585484,-485.623334372189
169,-1202.0,-494.0
170,-1197.0127337695849,-513.6696016265468
171,-1192.0,-531.0
172,-1189.90043801173,-538.172368403308
173,-1167.2104664537744,-614.6630082741514
174,-1148.0,-673.0
175,-1136.5432228652905,-704.8396134771756
176,-1092.1757821727351,-815.243075390777
177,-1091.0,-818.0
178,-1074.611861778097,-853.7826223517594
179,-1062.0,-877.0
180,-1053.841667437476,-891.4955155402756
181,-987.0,-1003.0
182,-984.8541671069082,-1006.2014253287169
183,-940.4928993162762,-1060.8105540492854
184,-923.0,-1077.0
185,-913.5646407004347,-1084.8652172480852
186,-882.0,-1107.0
187,-880.3049988275263,-1108.0585516019314
188,-858.0,-1120.0
189,-809.9974050593171,-1130.8680870931246
190,-789.0,-1131.0
191,-757.4102010111153,-1118.176889218328
192,-737.1140170611546,-1086.9325376525967
193,-736.0,-1085.0
194,-732.8150514327994,-1078.3602738985867
195,-732.0,-1072.0
196,-730.916424106065,-1057.449466164193
197,-731.0,-1046.0
198,-733.9383567693853,-1021.1219738421942
199,-740.3213165119605,-990.9234929877616
200,-742.0,-984.0
201,-746.7415562296892,-969.3348006396254
202,-751.0,-960.0
203,-752.3176260056947,-957.0644031910379
204,-763.0,-934.0
205,-768.7572425109499,-923.2460769952381
206,-778.0,-908.0
207,-800.0,-877.0
208,-800.8100762755312,-875.9102571957022
209,-817.0,-855.0
210,-849.0,-820.0
211,-850.5254551271623,-818.360668930463
212,-863.0,-805.0
213,-875.5805254528034,-792.2068580398338
214,-895.0,-773.0
215,-899.5470994918106,-768.2891064428044
216,-930.0,-736.0
217,-960.0,-703.0
218,-978.6674587380785,-678.9506309912753
219,-1007.0,-632.0
220,-1020.0,-600.0
221,-1020.7391634609378,-597.6696763680281
222,-1029.2963231545916,-547.6341230392946
223,-1029.0,-539.0
224,-1016.0515285058001,-473.9686909036862
225,-1014.0,-467.0
226,-992.0,-427.0
227,-988.3000332483027,-422.42601147513193
228,-955.0,-385.0
229,-942.7096988083133,-373.966125085472
230,-911.0,-351.0
231,-873.4666375853809,-327.43471180263253
232,-845.0,-311.0
233,-831.555439523497,-303.6683126410167
234,-771.7642819393229,-274.46770527061983
235,-746.0,-263.0
236,-716.2429190889839,-250.445645739667
237,-675.0,-234.0
238,-654.7240981852087,-226.08286951354535
239,-608.0,-209.0
240,-543.0,-190.0
241,-539.5277526088569,-189.0538827744297
242,-500.0,-179.0
243,-490.765671257315,-177.09233609882227
244,-432.0,-169.0
245,-404.74236738567527,-166.54114956251516
246,-355.6250422821399,-171.79218965285344
247,-347.0,-175.0
248,-291.0341292520589,-205.30117397653552
249,-283.0,-211.0
250,-247.80499351120864,-251.1018368695605
251,-234.0,-284.0
252,-228.20066172016973,-298.3643842975147
253,-211.69416485863684,-345.61889743405135
254,-211.0,-348.0
255,-201.0,-387.0
256,-191.90765995993615,-449.70678921177125
257,-190.0,-465.0
258,-187.0,-489.0
259,-185.67242709863302,-511.5845614742492
260,-185.0,-545.0
261,-185.0,-601.0
262,-185.20350427790663,-618.162959592893
263,-187.0,-678.0
264,-187.65364416529485,-689.4841064360887
265,-195.8098730503825,-781.2886072084043
266,-197.0,-792.0
267,-202.92826614199328,-840.8714662159758
268,-206.0,-867.0
269,-220.0,-993.0
270,-220.60346206088025,-998.5132515788325
271,-226.26486354800477,-1050.8968039491053
272,-229.0,-1076.0
273,-246.49031869382964,-1236.8942752349126
274,-247.0,-1242.0
275,-252.0,-1293.0
276,-257.1257510980931,-1341.8593119807165
277,-271.0,-1468.0
278,-277.9159341819266,-1536.4786219031366
279,-284.0,-1582.0
280,-296.07610611498023,-1656.3951565079853
281,-322.0,-1792.0
282,-323.8888565199311,-1800.7676620069196
283,-385.48746312419973,-2014.4782306847806
284,-387.0,-2019.0
285,-417.5004852215982,-2108.408605821985
286,-469.0,-2253.0
287,-502.9322111410971,-2342.8013594619356
288,-544.174517821672,-2444.061326316749
289,-558.0,-2477.0
290,-623.0,-2629.0
291,-631.411739545889,-2648.2330035429286
292,-688.0,-2768.0
293,-741.7608424993124,-2869.9173150984057
294,-798.0,-2965.0
295,-850.9475459828207,-3042.1210483247132
296,-915.0,-3123.0
297,-969.5860733613831,-3182.433263626312
298,-974.0,-3187.0
299,-1127.0,-3323.0
300,-1150.0701222878615,-3339.3498402677797
301,-1318.4282138514302,-3445.5529711965864
302,-1326.0,-3450.0
303,-1443.0848991991197,-3512.9729373760833
304,-1542.3287519900923,-3556.548659565523
305,-1585.0,-3576.0
306,-1674.0772173651442,-3617.6891225021045
307,-1681.0,-3621.0
308,-1803.0,-3681.0
309,-1890.4346584534744,-3724.945525427755
310,-1938.0,-3749.0
311,-2062.0,-3812.0
312,-2081.9084595028517,-3822.168145989194
313,-2182.0,-3873.0
314,-2220.4929320784754,-3892.047822474206
315,-2356.133105935307,-3957.484392161946
316,-2458.0,-4005.0
317,-2575.7722803444367,-4056.745031245578
318,-2646.0,-4085.0
319,-2711.613270766714,-4110.128591056103
320,-2808.0,-4146.0
321,-2899.5937087923176,-4179.718913666186
322,-3019.0,-4215.0
323,-3058.486509204846,-4225.4271460497075
324,-3250.0,-4273.0
325,-3396.785681777077,-4304.978943767211
326,-3519.0,-4317.0
327,-3523.2605874707087,-4317.454533371312
328,-3654.0,-4333.0
329,-3659.1754108337655,-4333.57251357074
330,-3761.0,-4344.0
331,-3790.454314603426,-4346.944047216868
332,-3887.1525092757292,-4356.66655114047
333,-3944.0,-4363.0
334,-3966.5708499421144,-4365.798037624654
335,-4063.6114529540296,-4384.401262019241
336,-4084.0,-4391.0
337,-4126.0,-4408.0
338,-4133.437933960735,-4412.265239229881
339,-4168.0,-4450.0
340,-4179.280409408351,-4468.370923367195
341,-4223.0,-4548.0
342,-4239.296727411344,-4575.551502193903
343,-4249.0,-4586.0
344,-4250.065370513595,-4587.125455944464
345,-4295.772983212404,-4625.859826330375
346,-4298.0,-4627.0
347,-4347.0,-4645.0
348,-4367.998853729645,-4649.697211209126
349,-4385.0,-4650.0
350,-4399.388571942829,-4650.0181004946935
351,-4445.0,-4649.0
352,-4449.70941508579,-4648.684807730406
353,-4478.045894129159,-4644.594744360191
354,-4481.0,-4644.0
355,-4540.0,-4631.0
356,-4563.718771540535,-4625.594967778366
357,-4574.0,-4623.0
358,-4582.230926021459,-4620.929802936679
359,-4634.0,-4609.0
360,-4641.963393648071,-4607.551889653839
361,-4683.0,-4602.0
362,-4685.865224688777,-4601.746377562944
363,-4759.566061416723,-4600.221698717219
364,-4775.0,-4601.0
365,-4822.851378557975,-4605.719478426903
366,-4869.0,-4612.0
367,-4915.751087798265,-4618.723135104128
368,-4958.0,-4625.0
369,-5036.327734576764,-4636.988398794216
370,-5162.0,-4656.0
371,-5208.034342502228,-4662.431201771298
372,-5315.495662102752,-4676.534646818103
373,-5319.0,-4677.0
374,-5371.866746768853,-4684.156239692575
375,-5463.0,-4696.0
376,-5498.253439358001,-4700.169633192338
377,-5583.0,-4710.0
378,-5633.722857153598,-4716.032641718027
379,-5684.0,-4722.0
380,-5724.581834379302,-4726.71070543646
381,-5835.0,-4739.0
382,-5841.5584979653195,-4739.701428123282
383,-5931.0,-4749.0
384,-5961.074522568473,-4752.05172650642
385,-6081.008314021472,-4763.811819771379
386,-6115.0,-4767.0
387,-6197.677527250918,-4774.469100026651
388,-6204.0,-4775.0
389,-6340.869041225302,-4784.007071275591
390,-6374.0,-4786.0
391,-6492.834886826488,-4793.58263721612
392,-6526.0,-4796.0
393,-6592.60772457901,-4802.421509893838
394,-6650.0,-4817.0
395,-6661.908626784141,-4820.772076048583
396,-6699.0,-4834.0
397,-6727.3489921141245,-4847.183530410623
398,-6783.0,-4882.0
399,-6786.981189853168,-4884.915808324503
400,-6882.522059942475,-4973.4943621824395
401,-6904.0,-4998.0
402,-6942.361046929943,-5046.464305859069
403,-6956.0,-5065.0
404,-6995.821868341014,-5123.167716966865
405,-7013.0,-5151.0
406,-7032.0,-5184.0
407,-7034.470137349444,-5188.3521614897445
408,-7072.855013126072,-5257.599712748388
409,-7106.0,-5342.0
410,-7152.253909911974,-5486.242295497135
411,-7154.0,-5492.0
412,-7167.697468670879,-5545.874711029868
413,-7171.0,-5567.0
414,-7183.471500235544,-5634.726099447844
415,-7200.10185926913,-5738.906588756008
416,-7201.0,-5746.0
417,-7216.749606353553,-5917.093799822088
418,-7218.0,-5936.0
419,-7221.119320821797,-6002.4604375965955
420,-7220.191587268395,-6076.044055489187
421,-7220.0,-6081.0
422,-7214.5856325369805,-6177.914007868016
423,-7192.0,-6280.0
424,-7177.368281065337,-6312.132955255925
425,-7091.407447809173,-6424.528738367665
426,-7048.0,-6478.0
427,-6992.065524272351,-6565.049072391602
428,-6961.0,-6637.0
429,-6925.154451285606,-6743.3453875416535
430,-6915.0,-6776.0
431,-6881.0,-6891.0
432,-6864.896975190955,-6948.626896637003
433,-6843.0,-7033.0
434,-6824.590583112556,-7112.466759370628
435,-6811.0,-7177.0
436,-6788.738337697446,-7302.280223398753
437,-6779.0,-7369.0
438,-6773.0,-7416.0
439,-6769.027394465751,-7450.378232296472
440,-6752.0,-7618.0
441,-6751.360741923502,-7624.7203740432105
442,-6745.058550451232,-7702.433103630672
443,-6745.0,-7746.0
444,-6745.529008221393,-7770.86391804387
445,-6750.0,-7855.0
446,-6751.252733900072,-7866.363272883733
447,-6756.0,-7891.0
448,-6792.588345528345,-7955.395932860258
449,-6821.0,-7990.0
450,-6833.003352343145,-8002.706034872576
451,-6871.616806769878,-8040.997868927982
452,-6873.0,-8043.0
453,-6899.0,-8141.0
454,-6899.043093010794,-8146.386955226064
455,-6889.6023419800895,-8261.609445859818
456,-6886.0,-8291.0
457,-6879.652082404638,-8326.580971813368
458,-6876.0,-8342.0
459,-6864.799919658813,-8391.27658661815
460,-6860.0,-8411.0
461,-6831.0,-8505.0
462,-6816.578245280488,-8543.063357700514
463,-6774.488568608602,-8645.317388235593
464,-6756.0,-8686.0
465,-6711.856892472691,-8770.858050799001
466,-6669.0,-8842.0
467,-6659.311499088975,-8857.57770938062
468,-6632.951342074036,-8898.315633920662
469,-6582.0,-8963.0
470,-6555.684402119939,-8993.595460470795
471,-6462.0,-9094.0
472,-6417.866969414926,-9132.3338006283
473,-6358.908613431535,-9172.021126476026
474,-6331.0,-9189.0
475,-6261.0,-9229.0
476,-6224.285879263951,-9248.955811194219
477,-6175.0,-9275.0
478,-6126.0,-9301.0
479,-6085.893554719318,-9323.360435294237
480,-6050.0,-9346.0
481,-6030.690319117693,-9359.858883202183
482,-5981.775275051531,-9401.243087370987
483,-5980.0,-9403.0
484,-5951.933483012615,-9437.385241111253
485,-5935.0,-9478.0
486,-5933.0,-9486.0
487,-5931.095581896029,-9536.746160157525
488,-5936.0,-9585.0
489,-5943.529892401198,-9615.90655394899
490,-5965.0,-9656.0
491,-5965.500717507632,-9656.862123319666
492,-5972.886027932092,-9668.137842432738
493,-5979.0,-9674.0
494,-6023.535338881807,-9710.172986894522
495,-6039.0,-9721.0
496,-6066.059167226966,-9733.510516854018
497,-6085.568302599788,-9737.880182981697
498,-6090.0,-9739.0
499,-6120.0,-9747.0
500,-6137.9840465386815,-9751.569907931447
501,-6140.0,-9752.0
502,-6243.251324522629,-9764.455265977012
503,-6249.0,-9765.0
504,-6264.834851179488,-9766.433641957647
505,-6288.0,-9768.0
506,-6351.0,-9772.0
507,-6381.631874576153,-9773.361416926205
508,-6459.0,-9773.0
509,-6510.430085446076,-9768.956329843657
510,-6564.758618520791,-9762.42130908059
511,-6589.0,-9759.0
512,-6625.528814731071,-9752.371224345457
513,-6651.0,-9744.0
514,-6701.63986843139,-9719.349364602951
515,-6707.0,-9716.0
516,-6736.0,-9689.0
517,-6759.638459068944,-9651.568587744126
518,-6771.0,-9631.0
519,-6796.57829763571,-9548.93182793543
520,-6797.0,-9547.0
521,-6805.273102308027,-9510.326072319192
522,-6806.0,-9507.0
523,-6825.0,-9419.0
524,-6842.39971613517,-9350.942243686753
525,-6856.5229732415,-9312.243153136505
526,-6859.0,-9306.0
527,-6865.0,-9292.0
528,-6923.737503248752,-9187.889564675672
529,-6971.0,-9109.0
530,-6986.562552854284,-9084.902489696833
531,-7003.0,-9063.0
532,-7058.12182950125,-8982.777356043212
533,-7082.0,-8947.0
534,-7158.407326966904,-8819.122419569158
535,-7161.0,-8814.0
536,-7201.694772113674,-8726.922472071117
537,-7229.0,-8663.0
538,-7255.461035770293,-8595.40769054919
539,-7289.0,-8499.0
540,-7300.184997325177,-8465.76523206072
541,-7334.0,-8360.0
542,-7370.225359706715,-8240.995541574111
543,-7385.0,-8192.0
544,-7409.064845468449,-8111.466924108417
545,-7430.056702754149,-8036.058072186587
546,-7442.0,-7992.0
547,-7462.689111309768,-7915.945310699579
548,-7491.0,-7810.0
549,-7515.277122897923,-7715.426358211567
550,-7572.0,-7473.0
551,-7576.676089982011,-7449.910573777904
552,-7610.0,-7246.0
553,-7614.22467702524,-7213.863610931516
554,-7630.543889175946,-7064.468104049824
555,-7639.409533418704,-6957.163616790163
556,-7643.0,-6907.0
557,-7646.0,-6862.0
558,-7651.114911656783,-6784.182695292424
559,-7654.0,-6740.0
1,-7679.645288872935,-6359.55723952722
2,-7681.0,-6252.0
3,-7676.939251928855,-6134.047527177282
4,-7676.0,-6112.0
5,-7658.0,-5845.0
6,-7654.034631232893,-5807.470393656364
7,-7631.0,-5610.0
8,-7607.454005171838,-5450.927118063033
9,-7587.0,-5358.0
10,-7573.15869054321,-5292.866273653992
11,-7551.0,-5195.0
12,-7539.740523617103,-5150.226592677656
13,-7502.0,-5011.0
14,-7500.813988900798,-5006.78484872644
15,-7478.0,-4933.0
16,-7465.677263620993,-4896.0610083118645
17,-7455.0,-4865.0
18,-7438.157837023298,-4819.838772675667
19,-7437.0,-4817.0
20,-7407.248207636583,-4754.827342633063
21,-7400.0,-4743.0
22,-7370.0,-4705.0
23,-7343.495552297053,-4683.040207194412
24,-7313.0,-4665.0
25,-7264.0,-4644.0
26,-7238.025924784887,-4635.073765317988
27,-7206.0,-4626.0
28,-7163.997439261134,-4617.0033516653
29,-7117.0,-4609.0
30,-7080.9833121750435,-4603.557957572408
31,-7040.0,-4599.0
32,-6900.0,-4586.0
33,-6839.495947921114,-4580.547360727074
34,-6709.0,-4569.0
35,-6705.944564244486,-4568.731038483254
36,-6665.267917425707,-4565.152392596647
37,-6617.916009033611,-4559.532146914793
38,-6614.0,-4559.0
39,-6479.816897953128,-4538.778164151461
40,-6475.0,-4538.0
41,-6362.0,-4517.0
42,-6354.488919724964,-4515.368001908937
43,-6146.0,-4467.0
44,-6073.762374765551,-4449.295566100889
45,-6023.0,-4436.0
46,-5915.124775619309,-4409.514101218389
47,-5872.0,-4399.0
48,-5778.0,-4376.0
49,-5730.0,-4364.0
50,-5723.989804595479,-4362.491054397643
51,-5596.0,-4330.0
52,-5522.5585899040525,-4310.824392371547
53,-5447.0,-4291.0
54,-5433.299174189886,-4287.453705131176
55,-5380.5293994630865,-4274.32239532393
56,-5358.0,-4269.0
57,-5234.791115194166,-4241.35827280027
58,-5228.0,-4240.0
59,-5136.0,-4224.0
60,-5048.823089106854,-4212.992512938904
61,-4988.0,-4207.0
62,-4912.509870098219,-4200.896341603946
63,-4809.0,-4192.0
64,-4774.8329379551,-4187.991533377112
65,-4660.0,-4169.0
66,-4586.84974368496,-4150.182919750116
67,-4515.0,-4126.0
68,-4455.301327623244,-4101.384459269403
69,-4384.0,-4068.0
70,-4324.516178931285,-4038.2582262280866
71,-4279.0,-4015.0
72,-4116.140535461701,-3933.403945147427
73,-4096.0,-3924.0
74,-3949.0,-3861.0
75,-3911.0050627300184,-3846.758238398045
76,-3768.0,-3800.0
77,-3726.0,-3788.0
78,-3681.877425783476,-3776.9005979352487
79,-3596.0,-3759.0
80,-3405.4363056200036,-3730.737605066485
81,-3269.0,-3713.0
82,-3139.464897594244,-3696.190647689668
83,-3046.528384956316,-3683.206290516531
84,-3013.0,-3678.0
85,-2935.2187091976307,-3664.5502437913665
86,-2897.0,-3655.0
87,-2744.0,-3606.0
88,-2720.157871813638,-3597.433437009674
89,-2573.5191323520826,-3515.188087102548
90,-2562.0,-3507.0
91,-2518.0,-3475.0
92,-2484.5185675057014,-3445.978993867563
93,-2381.0,-3335.0
94,-2377.8488038145206,-3331.1641233001824
95,-2326.0,-3244.0
96,-2306.3785201726523,-3197.0552201628702
97,-2291.0,-3155.0
98,-2265.0,-3021.0
99,-2264.0684715959123,-2976.4704336629834
100,-2270.7339564410604,-2837.424399470413
101,-2272.0,-2822.0
102,-2279.3928197936298,-2769.212432161861
103,-2295.0,-2725.0
104,-2319.0,-2656.0
105,-2326.643893162469,-2635.9640531186396
106,-2361.0,-2564.0
107,-2386.6375038187502,-2519.6625255137815
108,-2440.0,-2433.0
109,-2450.2170080170526,-2417.0908064689875
110,-2517.0,-2331.0
111,-2545.450758043581,-2297.6706508766847
112,-2615.0,-2214.0
113,-2617.8615430318127,-2210.4122553929374
114,-2637.0,-2186.0
115,-2659.946821671013,-2155.3228280198805
116,-2676.0,-2132.0
117,-2694.846391987693,-2101.3791686805835
118,-2722.7863333738737,-2045.5331278759074
119,-2732.0,-2021.0
120,-2747.7389355220125,-1945.8312309734542
121,-2748.0,-1942.0
122,-2742.0,-1851.0
123,-2732.99936754797,-1811.5803139704108
124,-2717.0,-1759.0
125,-2699.9331281687328,-1712.4167120895531
126,-2671.0,-1655.0
127,-2650.8992382701927,-1619.2526592928257
128,-2610.0,-1551.0
129,-2580.097843340044,-1507.2938637563784
130,-2547.0,-1465.0
131,-2538.390820772543,-1454.3750896279957
132,-2480.0,-1385.0
133,-2414.0,-1310.0
134,-2385.4850155496933,-1278.7253902836228
135,-2302.0,-1188.0
136,-2244.6780586867603,-1120.0992019012276
137,-2225.0,-1095.0
138,-2158.0,-1004.0
139,-2135.0178780096585,-971.3001498277026
140,-2057.0,-857.0
141,-2040.770887129664,-832.9501762060723
142,-1974.0,-736.0
143,-1931.0771599520976,-677.2704419732904
144,-1871.0,-597.0
145,-1850.141795399977,-569.5331463975542
146,-1812.0,-522.0
147,-1788.9748663473047,-493.6087060903632
148,-1738.863494056181,-432.4797449331082
149,-1730.0,-422.0
150,-1667.0,-351.0
151,-1664.592206834499,-348.3385461203817
152,-1626.0,-306.0
153,-1611.589557475906,-290.59108474942343
154,-1559.0,-243.0
155,-1527.303291397402,-223.05270329582726
156,-1475.0,-200.0
157,-1455.1124636237075,-196.08312502931875
158,-1383.7809075011169,-209.3868738939971
159,-1379.0,-211.0
160,-1340.0,-230.0
161,-1330.391478500314,-236.6168092309729
162,-1287.0,-275.0
163,-1272.9554610223736,-293.5604895144148
164,-1255.0,-323.0
165,-1233.4508096218876,-375.3403457477936
166,-1223.4914514719464,-409.2093013055944
167,-1223.0,-411.0
168,-1210.0,-463.0
169,-1203.8678421899258,-487.31754537199777
170,-1190.6696166702375,-537.8837934596568
171,-1183.0,-565.0
172,-1173.3377507010166,-596.578611999613
173,-1163.0,-629.0
174,-1157.3984165602578,-646.6061503519295
175,-1154.0,-657.0
176,-1129.02974761211,-726.7661740936263
177,-1098.0,-802.0
178,-1066.541618902288,-867.8866333349459
179,-1028.0,-940.0
180,-995.3048290758611,-993.2392984604465
181,-975.5858391014771,-1019.3492554360134
182,-962.0,-1036.0
183,-945.4282973992019,-1054.9715787609807
184,-917.4275778548586,-1081.8458882562832
185,-916.0,-1083.0
186,-882.8729076589354,-1106.0622938593426
187,-868.0,-1115.0
188,-857.6103776594223,-1120.744592985004
189,-830.0,-1129.0
190,-814.9494380271728,-1130.284310161758
191,-786.0,-1131.0
192,-760.3526333949513,-1127.634275544033
193,-755.0,-1115.0
194,-746.5343967959188,-1104.0472420451133
195,-738.0,-1091.0
196,-735.3730129466277,-1084.6703062333418
197,-731.0,-1053.0
198,-731.0,-1033.0
199,-733.0237267323627,-1018.1976222220234
200,-735.0,-1009.0
201,-739.625118260233,-991.9401948376453
202,-746.545701653273,-971.2664010436616
203,-747.0,-970.0
204,-754.2483765574285,-951.201088534455
205,-757.0,-945.0
206,-772.6139109294172,-915.9599404855283
207,-775.0,-912.0
208,-780.0,-904.0
209,-817.0,-855.0
210,-820.1882586494885,-851.1152704977053
211,-846.5282234830084,-821.9233391505802
212,-862.0,-806.0
213,-888.0371670112806,-779.4508970707386
214,-916.0,-751.0
215,-928.3969806124,-737.910363252908
216,-931.0,-735.0
217,-982.4568762539367,-673.2709713809286
218,-984.0,-671.0
219,-1020.0,-599.0
220,-1020.6229568463209,-597.2109075940658
221,-1024.0,-585.0
222,-1026.6848020939353,-551.4050352204622
223,-1023.0075032011285,-498.3416572104631
224,-1020.0,-484.0
225,-977.159567569214,-408.3565244310466
226,-976.0,-407.0
227,-941.1710737854145,-373.0531029452171
228,-911.0,-350.0
229,-886.0800563497505,-333.6662681813448
230,-871.0,-325.0
231,-846.7429647747239,-311.8359391982697
232,-820.0,-298.0
233,-747.5935499751009,-264.1969169996307
234,-740.0,-261.0
235,-713.0,-250.0
236,-704.2795344079625,-246.43423203422412
237,-641.0,-221.0
238,-618.2176665979553,-212.84328358566034
239,-582.0,-201.0
240,-566.0176358337059,-196.23021262306182
241,-520.0,-184.0
242,-517.0379702742322,-183.27265557124352
243,-474.0,-174.0
244,-438.1161276909865,-169.77690609981903
245,-410.0,-168.0
246,-398.24490568320374,-167.43577915082756
247,-353.0,-173.0
248,-337.85766420508537,-179.53057120177107
249,-279.0,-215.0
250,-264.032075523834,-226.54999678342358
251,-251.0,-252.0
252,-244.910102707724,-264.9858829154201
253,-227.0,-303.0
254,-224.29551361415162,-309.2012185474536
255,-211.0,-348.0
256,-202.20581906842,-389.7643154755924
257,-192.0,-448.0
258,-191.52600454920324,-450.74324546526583
259,-187.0,-497.0
260,-186.59268243989607,-504.99290458387236
261,-185.0,-540.0
262,-185.0,-599.0
263,-185.17168619552496,-609.5191962901805
264,-188.0,-691.0
265,-188.25293957552086,-695.1025907871028
266,-196.5983982166958,-789.2792404394038
267,-197.0,-793.0
268,-206.6558492373574,-874.5100975561003
269,-210.0,-903.0
270,-215.56311805089882,-953.9678537611056
271,-222.0,-1014.0
272,-236.0,-1142.0
273,-236.69150455890144,-1148.3573716092162
274,-242.8817953931628,-1206.6578949240009
275,-247.0,-1245.0
276,-248.4503930351497,-1258.1121030350644
277,-259.0,-1353.0
278,-261.2461834515096,-1373.5953081688306
279,-285.0,-1591.0
280,-285.6867970860449,-1596.7416873277875
281,-301.0,-1697.0
282,-313.27983509490065,-1755.408666788465
283,-337.77112707912465,-1857.0176583252285
284,-350.0,-1900.0
285,-365.0,-1948.0
286,-367.30359847801304,-1955.2512568254253
287,-406.1900074788392,-2075.5990949275597
288,-408.0,-2081.0
289,-456.0,-2217.0
290,-491.8956644674852,-2311.441135127956
291,-553.0,-2465.0
292,-608.1329177480242,-2595.639388449674
293,-634.0,-2654.0
294,-645.781545280063,-2680.104846274411
295,-690.4404110488672,-2773.164386270539
296,-694.0,-2780.0
297,-830.0,-3014.0
298,-893.0857679934729,-3098.3793872507545
299,-937.0,-3147.0
300,-979.9785930479068,-3191.7228820689993
301,-1061.0,-3269.0
302,-1088.7520594211242,-3292.6910409437396
303,-1175.0,-3358.0
304,-1230.257834307516,-3394.1778435129136
305,-1314.0,-3443.0
306,-1414.3912776485308,-3495.102014438532
307,-1449.0,-3512.0
308,-1578.8409836556066,-3572.154341858872
309,-1640.0,-3601.0
310,-1681.0,-3621.0
311,-1782.6909488104245,-3671.237512285121
312,-1946.7376807070689,-3753.2699340712306
313,-1966.0,-3763.0
314,-2071.4672541349655,-3817.124345081017
315,-2128.0,-3846.0
316,-2267.0,-3915.0
317,-2347.198536112236,-3952.8540619458436
318,-2537.0,-4039.0
319,-2559.0764544218555,-4048.6885258305697
320,-2708.896100957193,-4109.197300571262
321,-2727.0,-4116.0
322,-2884.041339399301,-4172.666176687704
323,-2891.0,-4175.0
324,-3006.542603463767,-4211.036745714636
325,-3059.0,-4226.0
326,-3211.0,-4264.0
327,-3256.543542646132,-4273.389723992989
328,-3446.0,-4307.0
329,-3488.5142505209174,-4313.629102571232
330,-3578.0,-4324.0
331,-3625.547099714193,-4329.110551450141
332,-3690.0,-4336.0
333,-3841.9814951273524,-4351.954324411249
334,-3888.0,-4357.0
335,-4012.4734803158444,-4373.4991299741205
336,-4021.0,-4375.0
337,-4126.264680241823,-4406.824729802486
338,-4128.0,-4408.0
339,-4152.882434831502,-4431.589680871432
340,-4166.0,-4449.0
341,-4176.464433228328,-4464.785207737533
342,-4189.0,-4486.0
343,-4211.0,-4529.0
344,-4212.234610321602,-4531.275468634576
345,-4237.0,-4571.0
346,-4260.980420197584,-4599.656516900576
347,-4275.0,-4612.0
348,-4288.0,-4621.0
349,-4307.136631193885,-4631.544122177159
350,-4332.0,-4641.0
351,-4346.782716033951,-4644.661325373442
352,-4375.0,-4649.0
353,-4380.798330743097,-4649.564344273798
354,-4430.985453866036,-4649.992415633602
355,-4433.0,-4650.0
356,-4444.0,-4650.0
357,-4486.140819646679,-4643.891185202518
358,-4517.0,-4637.0
359,-4519.234055253819,-4636.5057807568755
360,-4552.0,-4629.0
361,-4605.175063549292,-4615.164522364861
362,-4614.0,-4613.0
363,-4680.0,-4602.0
364,-4693.189415524779,-4601.135756819371
365,-4741.168612258228,-4600.116594958694
366,-4775.0,-4601.0
367,-4848.0,-4608.0
368,-4880.585972279678,-4612.6332390914495
369,-4987.0,-4629.0
370,-5043.500656365963,-4638.079585667409
371,-5056.0,-4640.0
372,-5185.0,-4659.0
373,-5219.97222417979,-4663.93200714154
374,-5302.0,-4675.0
375,-5420.656471372912,-4689.988970967764
376,-5436.0,-4692.0
377,-5506.37586473896,-4701.557692735818
378,-5555.0,-4707.0
379,-5566.0,-4708.0
380,-5711.0,-4725.0
381,-5775.012478864564,-4732.586904773147
382,-5851.0,-4741.0
383,-5971.0,-4753.0
384,-6013.365335522765,-4757.31272797446
385,-6081.0,-4764.0
386,-6173.230906032986,-4771.940923215419
387,-6251.0,-4778.0
388,-6311.774891260973,-4782.402049279808
389,-6497.0,-4793.0
390,-6514.650702939987,-4793.535912477063
391,-6575.4598018579645,-4797.108728524209
392,-6610.0,-4807.0
393,-6668.660681553125,-4828.305340917472
394,-6761.0,-4868.0
395,-6785.75893567787,-4881.287072636955
396,-6826.299204014453,-4916.116467671758
397,-6839.0,-4929.0
398,-6897.0,-4990.0
399,-6924.45933221706,-5022.393341944075
400,-6961.0,-5071.0
401,-6969.213818847378,-5082.885581514579
402,-7009.0,-5145.0
403,-7021.094560167012,-5164.876271630419
404,-7082.0,-5284.0
405,-7136.461217907499,-5431.742418495642
406,-7148.0,-5467.0
407,-7179.0,-5601.0
408,-7181.651077402761,-5617.388229131974
409,-7203.950652740912,-5774.944286164748
410,-7209.0,-5817.0
411,-7217.99765677429,-5921.826905502483
412,-7219.0,-5961.0
413,-7216.167974530713,-6108.688710611182
414,-7211.0,-6192.0
415,-7209.442871874284,-6208.776475717303
416,-7179.0,-6315.0
417,-7142.429590104068,-6369.859519218904
418,-7048.379480176968,-6484.539679568236
419,-6998.0,-6552.0
420,-6962.255770666368,-6614.788214919262
421,-6932.0,-6722.0
422,-6910.984089213255,-6790.913180278084
423,-6893.0,-6850.0
424,-6864.0,-6952.0
425,-6858.643808236629,-6972.158660430027
426,-6831.0,-7084.0
427,-6810.00913340825,-7180.839910455394
428,-6809.0,-7186.0
429,-6787.0,-7315.0
430,-6777.528589262145,-7378.527867235709
431,-6762.0,-7507.0
432,-6756.039581137869,-7569.688651758517
433,-6750.0,-7642.0
434,-6744.96302134669,-7723.852847928399
435,-6745.0,-7795.0
436,-6748.312249428317,-7845.908533148012
437,-6755.0,-7887.0
438,-6757.337183534523,-7896.284623001723
439,-6797.0,-7969.0
440,-6799.909241027093,-7971.801322801704
441,-6849.522238751315,-8014.995354897106
442,-6852.0,-8018.0
443,-6893.517972185281,-8116.3834217035765
444,-6899.0,-8142.0
445,-6901.644853714024,-8177.018845605409
446,-6897.0,-8213.0
447,-6891.0183000043935,-8257.137752270604
448,-6885.0,-8297.0
449,-6877.211366203421,-8340.020551545073
450,-6863.0,-8398.0
451,-6861.667199798738,-8402.781025407312
452,-6828.0,-8513.0
453,-6819.4225779679255,-8538.479746303308
454,-6797.0,-8594.0
455,-6777.571853727733,-8638.765030810568
456,-6764.0,-8669.0
457,-6746.569531448738,-8706.137071024881
458,-6700.545553234666,-8790.709378672978
459,-6691.0,-8806.0
460,-6597.0,-8944.0
461,-6568.170929700157,-8981.23670325188
462,-6542.0,-9010.0
463,-6491.3970480361095,-9068.173360378049
464,-6417.0,-9133.0
465,-6266.393626783833,-9226.171986562644
466,-6251.0,-9235.0
467,-6215.597070124182,-9254.379729083934
468,-6194.0,-9265.0
469,-6185.713672076784,-9269.318629143621
470,-6101.626587198614,-9314.771601725333
471,-6049.0,-9347.0
472,-6025.876152515175,-9363.370752392691
473,-5970.211637907167,-9414.759297332268
474,-5969.0,-9416.0
475,-5954.7514939343255,-9432.06273316241
476,-5949.0,-9446.0
477,-5946.023707299117,-9455.655169488464
478,-5930.0,-9538.0
479,-5929.839441870561,-9540.57735690795
480,-5936.82337496475,-9590.998245699608
481,-5943.0,-9609.0
482,-5946.512951657334,-9618.248006528447
483,-5960.0,-9647.0
484,-5960.836141545274,-9648.47851448472
485,-5973.0,-9667.0
486,-6005.793205359087,-9700.262026303044
487,-6024.0,-9714.0
488,-6064.697931889592,-9734.006433188366
489,-6114.899727527713,-9746.22140936403
490,-6118.0,-9747.0
491,-6129.047480055382,-9750.080578707177
492,-6139.0,-9752.0
493,-6161.22434327475,-9755.529831776423
494,-6180.0,-9758.0
495,-6225.323563461279,-9762.73674179628
496,-6285.466918351151,-9767.86045032042
497,-6300.0,-9769.0
498,-6335.200231908043,-9771.215702673362
499,-6362.0,-9772.0
500,-6370.3208820899345,-9772.200587665167
501,-6434.0,-9773.0
502,-6461.411313303102,-9772.306007636349
503,-6498.0,-9770.0
504,-6568.0,-9762.0
505,-6570.303919764018,-9761.688591071292
506,-6612.0,-9755.0
507,-6669.0,-9737.0
508,-6671.2389664508055,-9736.090392774968
509,-6689.0,-9728.0
510,-6709.126223855868,-9714.950979419558
511,-6736.0,-9689.0
512,-6740.081920333729,-9683.953846441193
513,-6760.0,-9653.0
514,-6776.0,-9620.0
515,-6784.922856308682,-9595.681203618273
516,-6805.0,-9510.0
517,-6805.5599292016,-9507.27210371312
518,-6818.260578570463,-9446.452791835096
519,-6821.0,-9435.0
520,-6845.910486598315,-9342.285434572046
521,-6849.0,-9332.0
522,-6877.0,-9266.0
523,-6881.618224635605,-9257.13965308698
524,-6924.0,-9180.0
525,-6940.094622417908,-9154.222215051122
526,-6984.0,-9090.0
527,-7040.831009404282,-9008.389195770764
528,-7081.0,-8949.0
529,-7097.914756829324,-8922.907343700723
530,-7157.5011379345315,-8820.664721186275
531,-7180.0,-8776.0
532,-7205.196353176276,-8720.928097703025
533,-7237.0,-8643.0
534,-7251.0668027529755,-8606.027059832053
535,-7281.0,-8523.0
536,-7319.0,-8409.0
537,-7321.058577788129,-8402.575577731895
538,-7345.0,-8326.0
539,-7350.644539103931,-8307.385728249781
540,-7387.0,-8183.0
541,-7404.464857878575,-8121.9439089577445
542,-7439.928004735358,-7995.481415328358
543,-7447.0,-7970.0
544,-7496.393171398225,-7790.394844375591
545,-7504.0,-7762.0
546,-7543.203238631341,-7605.423755859466
547,-7565.0,-7506.0
548,-7574.196021233178,-7462.042046870922
549,-7599.961289840816,-7317.180606859032
550,-7601.0,-7310.0
551,-7616.0,-7195.0
552,-7633.546650002891,-7025.950087975669
553,-7638.0,-6975.0
554,-7646.0,-6871.0
555,-7652.033174310127,-6776.754778452447
1,-7678.866086043662,-6362.163486280224
2,-7681.0,-6296.0
3,-7681.0,-6235.0
4,-7679.62040594722,-6177.770481549342
5,-7668.433200383764,-5987.593334427664
6,-7667.0,-5967.0
7,-7659.1321251874515,-5861.212316256666
8,-7656.0,-5825.0
9,-7643.383006308739,-5704.178031544685
10,-7637.0,-5653.0
11,-7617.80387161864,-5521.998880238983
12,-7617.0,-5517.0
13,-7605.0,-5447.0
14,-7596.896218002232,-5405.04056492271
15,-7566.975262233771,-5266.6696220355625
16,-7553.0,-5205.0
17,-7532.24251050222,-5118.399584177225
18,-7515.901945543856,-5060.117783715147
19,-7513.0,-5050.0
20,-7496.262841964583,-4992.248496547006
21,-7481.0,-4942.0
22,-7448.673903221712,-4845.874909084653
23,-7442.0,-4828.0
24,-7377.445612357575,-4712.39144156318
25,-7376.0,-4711.0
26,-7319.21934082358,-4670.507192794392
27,-7281.0,-4649.0
28,-7270.870795084149,-4643.556368278571
29,-7202.0,-4625.0
30,-7174.6462547636775,-4619.993740335189
31,-7090.0,-4605.0
32,-7034.102809131536,-4596.872764496338
33,-6993.395367849454,-4594.178680815914
34,-6991.0,-4594.0
35,-6902.0,-4587.0
36,-6852.72601454733,-4582.827183206222
37,-6780.313136727186,-4575.871072992989
38,-6771.0,-4575.0
39,-6670.950599298078,-4565.423830494087
40,-6658.0,-4564.0
41,-6570.0,-4553.0
42,-6554.692644123418,-4550.938235932454
43,-6468.0,-4537.0
44,-6358.14081229751,-4515.205469890857
45,-6299.0,-4503.0
46,-6207.618557868585,-4482.372467147806
47,-6158.640822223723,-4469.657468683865
48,-6156.0,-4469.0
49,-6008.0,-4433.0
50,-5963.392046787478,-4422.0323832308395
51,-5915.0,-4410.0
52,-5856.689108217784,-4395.448558030297
53,-5678.595127631546,-4350.899999262419
54,-5675.0,-4350.0
55,-5625.088663770062,-4337.483637954058
56,-5577.0,-4325.0
57,-5440.715369078953,-4289.463128931359
58,-5339.0,-4264.0
59,-5264.63620734729,-4246.834392465769
60,-5062.0,-4215.0
61,-5054.897698253147,-4214.2255594096205
62,-4897.0,-4200.0
63,-4848.453392682432,-4196.018874877742
64,-4786.0,-4189.0
65,-4728.433066196481,-4179.190558497009
66,-4497.092393967678,-4118.386860715216
67,-4493.0,-4117.0
68,-4404.232867190258,-4081.3697415229094
69,-4294.0,-4023.0
70,-4262.0003763196255,-4006.27384205561
71,-4150.0,-3950.0
72,-4088.434635895046,-3921.3530376730987
73,-3950.0,-3861.0
74,-3926.6949419196453,-3851.5668885167706
75,-3782.0,-3804.0
76,-3690.4221354772953,-3780.167724540249
77,-3565.0,-3753.0
78,-3490.0,-3741.0
79,-3479.874040212159,-3739.5247045065225
80,-3269.8002626079306,-3712.4504421591005
81,-3226.0,-3707.0
82,-3027.0,-3681.0
83,-3017.2680306686007,-3679.5159902582745
84,-2832.0,-3637.0
85,-2777.8441194920792,-3619.212989669459
86,-2762.0,-3613.0
87,-2552.736984660856,-3500.6938943349974
88,-2550.0,-3499.0
89,-2472.3685253018607,-3441.951548324781
90,-2431.0,-3395.0
91,-2364.747972106821,-3311.600342348779
92,-2363.0,-3309.0
93,-2323.284290539474,-3238.8977703849696
94,-2302.0,-3188.0
95,-2278.1575993628935,-3101.27389533099
96,-2266.819911617319,-3032.6919442626727
97,-2265.0,-3019.0
98,-2263.1313218569176,-2995.047484724845
99,-2263.0,-2983.0
100,-2266.0757361693813,-2878.0722259425265
101,-2267.0,-2866.0
102,-2272.0,-2822.0
103,-2289.0,-2744.0
104,-2290.704744358519,-2737.952723278176
105,-2318.0,-2658.0
106,-2320.3670232201985,-2652.020343092294
107,-2364.0,-2557.0
108,-2393.968067003156,-2503.408156955622
109,-2427.0,-2452.0
110,-2503.9839145527612,-2348.412205808872
111,-2513.0,-2337.0
112,-2587.748264949365,-2246.578246718207
113,-2635.235724586373,-2189.2083858660835
114,-2637.0,-2187.0
115,-2681.4054319234797,-2126.64489902315
116,-2706.0,-2081.0
117,-2731.0,-2024.0
118,-2735.310347067823,-2011.8517804656915
119,-2747.0,-1951.0
120,-2746.432175177996,-1898.9478136815287
121,-2734.514522494021,-1816.3060005361633
122,-2734.0,-1814.0
123,-2707.1599193568836,-1731.9055973779189
124,-2694.0,-1702.0
125,-2661.0,-1637.0
126,-2657.9085212003374,-1631.3897020731263
127,-2600.0,-1537.0
128,-2587.201207997751,-1518.9696182639943
129,-2510.0,-1419.0
130,-2492.808799334667,-1397.696945675104
131,-2457.603072576382,-1356.6506287490474
132,-2427.314636650543,-1324.7353976121617
133,-2409.0,-1305.0
134,-2378.051428844602,-1271.3509359370594
135,-2341.0,-1231.0
136,-2299.147437871705,-1185.5325192576147
137,-2264.0,-1143.0
138,-2221.802504070679,-1088.5118383775382
139,-2137.0,-975.0
140,-2105.845085849378,-931.4342707152732
141,-2095.4999420783706,-912.1919752142874
142,-2090.0,-904.0
143,-2050.0,-846.0
144,-1969.152803685797,-730.4305587002311
145,-1906.0,-642.0
146,-1860.2306028390774,-581.905257859294
147,-1831.0,-546.0
148,-1785.5566522033034,-490.4325721570432
149,-1735.0,-429.0
150,-1704.0,-392.0
151,-1675.2175094713546,-359.68378674094345
152,-1659.0,-342.0
153,-1627.7343944262718,-308.41058900992374
154,-1609.0,-289.0
155,-1585.8063562664286,-266.2508186639492
156,-1572.0,-254.0
157,-1541.3873401667388,-230.33654773412061
158,-1523.0,-218.0
159,-1509.3603201447247,-210.07151063247608
160,-1482.0,-201.0
161,-1457.1068399991968,-198.9908232936064
162,-1408.0,-202.0
163,-1381.0148455980516,-208.17274098992127
164,-1346.5611250447748,-226.1829912240063
165,-1325.0,-241.0
166,-1301.1654712866427,-259.229010381301
167,-1279.6546391472789,-282.3274006573095
168,-1270.0,-297.0
169,-1242.0,-351.0
170,-1240.5929582811111,-354.109399932131
171,-1226.0,-401.0
172,-1222.7334049495437,-412.9705450970814
173,-1214.0,-445.0
174,-1208.9721328611765,-464.8911386197355
175,-1201.0,-498.0
176,-1196.5654189639454,-516.3464025680504
177,-1183.0,-566.0
178,-1148.0,-674.0
179,-1146.224260142239,-679.2877836762123
180,-1127.9131360145834,-731.126249524299
181,-1113.4312813620238,-765.1900899412024
182,-1110.0,-773.0
183,-1062.0,-877.0
184,-1059.6765845437467,-881.595514391528
185,-1024.0,-946.0
186,-1012.0240429243815,-965.4785927586129
187,-969.6410565236115,-1025.9320986532773
188,-961.0,-1037.0
189,-944.6464344807057,-1056.519626319722
190,-914.0,-1085.0
191,-908.7280203787259,-1088.9536323381692
192,-888.0,-1103.0
193,-869.656212895711,-1113.51828319853
194,-856.0,-1120.0
195,-837.434677823013,-1126.9571748931048
196,-830.0,-1129.0
197,-799.7564108728373,-1132.0330228483047
198,-799.0,-1132.0
199,-773.0,-1127.0
200,-766.3003393970525,-1123.9258871917687
201,-753.0,-1114.0
202,-746.8356874068902,-1106.55312769962
203,-739.0,-1092.0
204,-735.6698175364386,-1082.70467389489
205,-732.0,-1064.0
206,-731.830998637619,-1062.220456674158
207,-732.0,-1039.0
208,-732.4478664604369,-1032.479134665563
209,-736.0,-1007.0
210,-740.1001623489284,-990.5943188347692
211,-742.0,-984.0
212,-756.4464034648564,-946.2284177106845
213,-758.0,-943.0
214,-769.0,-922.0
215,-770.0568563371578,-920.0971768234286
216,-784.0,-897.0
217,-795.9719185023715,-880.8706158338139
218,-808.0,-866.0
219,-837.0,-832.0
220,-843.4710096777706,-824.8109686214418
221,-887.0,-778.0
222,-889.9608437528746,-774.9422934687143
223,-925.7901173477086,-739.5044829676527
224,-934.0,-731.0
225,-953.0,-710.0
226,-963.3814080998677,-697.1812725415238
227,-1008.0,-631.0
228,-1012.1430851375083,-623.3299433736569
229,-1026.8741902191446,-573.0428468157781
230,-1027.0,-572.0
231,-1029.0,-535.0
232,-1028.5844070362093,-527.2023332978018
233,-1019.742415799112,-483.64233206844176
234,-1015.0,-470.0
235,-1006.9859367907344,-451.34638026536595
236,-998.0,-435.0
237,-968.0,-398.0
238,-965.8514453897421,-395.8174626220172
239,-942.0,-374.0
240,-925.9891759311643,-361.3124099789296
241,-895.0,-340.0
242,-871.8123192368239,-325.86937760192484
243,-858.0,-318.0
244,-814.0,-295.0
245,-801.1597119866012,-288.5767821397826
246,-775.0,-276.0
247,-760.6641320771766,-269.55877075053894
248,-727.0,-255.0
249,-718.3383895475857,-251.18511527894958
250,-640.5301908651019,-219.78284779524506
251,-616.0,-212.0
252,-524.0,-185.0
253,-464.9204613525651,-169.92881605345733
254,-432.348044309187,-167.55609167179523
255,-416.0,-168.0
256,-375.33493172229595,-169.62596904302026
257,-345.0,-175.0
258,-308.6773253277008,-189.91460839687818
259,-299.0,-197.0
260,-251.74877090037185,-252.9110328331092
261,-245.0,-263.0
262,-229.17434132500807,-294.0444386399182
263,-223.0,-312.0
264,-207.43128181765405,-362.2655810028397
265,-202.0,-384.0
266,-197.0,-409.0
267,-194.76254745994825,-421.85027776022866
268,-188.0,-477.0
269,-187.76821172480896,-480.36427446052596
270,-186.04559501073587,-524.2496426594911
271,-186.0,-526.0
272,-184.99404126608823,-599.9866204949421
273,-185.0,-602.0
274,-186.0,-657.0
275,-190.7574761448131,-728.304961377834
276,-191.0,-731.0
277,-202.04592082223462,-837.4685220765954
278,-208.0,-891.0
279,-211.98247911658493,-926.0846846556808
280,-220.0,-998.0
281,-223.02722387472934,-1028.0485926447132
282,-233.606882757609,-1125.0511733843682
283,-234.0,-1128.0
284,-238.0,-1157.0
285,-243.66320182249535,-1204.4545064643464
286,-254.0,-1310.0
287,-263.1827422997574,-1392.0490742679563
288,-266.0,-1417.0
289,-277.93886273202105,-1525.0935408745936
290,-281.0,-1552.0
291,-295.34373595875974,-1664.168889103906
292,-298.0,-1680.0
293,-312.0,-1750.0
294,-324.8551486758262,-1805.3100700317539
295,-335.0,-1845.0
296,-357.7695997407281,-1924.9836602385744
297,-388.76654666106225,-2022.777385504813
298,-398.0,-2051.0
299,-438.6761124972962,-2170.3150004439995
300,-440.0,-2174.0
301,-458.0,-2223.0
302,-506.0,-2348.0
303,-515.6403355978971,-2372.114667870503
304,-616.0,-2613.0
305,-620.288396423768,-2622.9595432401416
306,-675.9658799541912,-2748.452815408448
307,-732.0,-2852.0
308,-783.6372761818491,-2933.630775199276
309,-919.7650992096095,-3126.9186673696445
310,-922.0,-3130.0
311,-975.76316138478,-3202.091890294708
312,-1094.4896580311747,-3298.076031272169
313,-1100.0,-3302.0
314,-1269.0,-3418.0
315,-1322.7855556110815,-3452.641997049815
316,-1416.0,-3496.0
317,-1470.3328644464968,-3520.7746058832417
318,-1621.0,-3592.0
319,-1699.0635167335304,-3629.690019497097
320,-1757.0,-3658.0
321,-1880.0,-3719.0
322,-1942.991759981675,-3750.92335617981
323,-2045.0,-3803.0
324,-2116.8481160028955,-3839.315971579642
325,-2168.0,-3865.0
326,-2265.663823310243,-3913.5554853984545
327,-2322.0,-3941.0
328,-2440.0,-3996.0
329,-2490.847859454557,-4018.90180505029
330,-2555.0,-4047.0
331,-2639.8220667827873,-4082.082763940675
332,-2687.0,-4101.0
333,-2750.198867187278,-4125.9565639862285
334,-2867.0,-4167.0
335,-2980.499030354993,-4201.455491706134
336,-3158.0,-4252.0
337,-3201.1126970027135,-4263.801825301457
338,-3305.393699301999,-4283.865176104296
339,-3320.0,-4286.0
340,-3570.558830359336,-4322.736135825417
341,-3587.0,-4325.0
342,-3698.0,-4337.0
343,-3730.66047780283,-4340.174319430347
344,-3816.7776709816508,-4348.865053340903
345,-3857.0,-4353.0
346,-3884.76663559846,-4355.89533926914
347,-3943.0,-4363.0
348,-3958.306554328295,-4365.220951099078
349,-4030.0,-4377.0
350,-4066.278165795189,-4384.80782078679
351,-4115.509818835961,-4402.434751905884
352,-4135.0,-4415.0
353,-4165.0,-4447.0
354,-4167.151199198786,-4450.053997203433
355,-4195.0,-4498.0
356,-4206.626583252659,-4522.037811799978
357,-4219.0,-4543.0
358,-4245.913738408153,-4579.363314789299
359,-4265.0,-4603.0
360,-4284.743324266887,-4620.30445813913
361,-4294.0,-4624.0
362,-4323.0,-4637.0
363,-4358.32769488044,-4646.155253890807
364,-4370.0,-4648.0
365,-4436.3579124841945,-4650.1501711746005
366,-4438.0,-4650.0
367,-4485.0,-4644.0
368,-4527.127999586388,-4635.595651055088
369,-4540.0,-4632.0
370,-4570.340876882435,-4623.193503599155
371,-4616.0,-4613.0
372,-4693.0,-4601.0
373,-4703.986935177261,-4599.626785750889
374,-4755.508576812961,-4599.876201124489
375,-4757.0,-4600.0
376,-4840.86470640967,-4607.727964826944
377,-4882.0,-4613.0
378,-4996.0,-4631.0
379,-5002.315217205367,-4631.993233021696
380,-5101.9059412557945,-4646.507433195934
381,-5112.0,-4648.0
382,-5206.0,-4662.0
383,-5242.359520236534,-4666.883392626556
384,-5305.0,-4675.0
385,-5322.232275092862,-4677.306477701272
386,-5439.0,-4693.0
387,-5474.106022215322,-4697.318082161472
388,-5611.662139931523,-4713.332696862405
389,-5626.0,-4715.0
390,-5701.79162105876,-4723.954286022197
391,-5810.0,-4736.0
392,-5918.606809200441,-4747.46016836677
393,-6002.0,-4756.0
394,-6163.123774088354,-4770.872996322329
395,-6228.0,-4776.0
396,-6343.405436256447,-4783.614659519096
397,-6415.997302831235,-4787.825927753285
398,-6419.0,-4788.0
399,-6494.0,-4793.0
400,-6637.457653164463,-4814.416373759264
401,-6668.0,-4822.0
402,-6773.0,-4876.0
403,-6783.438997326995,-4883.906836496388
404,-6874.0,-4965.0
405,-6921.621651157828,-5019.764270212485
406,-6938.0,-5041.0
407,-6992.648553677767,-5121.665947494764
408,-7052.0,-5222.0
409,-7058.441242793808,-5233.490076658049
410,-7076.518703497276,-5269.225072094579
411,-7090.0,-5302.0
412,-7114.636584808055,-5365.074543007641
413,-7141.0,-5445.0
414,-7150.254925060114,-5478.762479754816
415,-7183.0,-5625.0
416,-7197.3090940842785,-5718.667374130462
417,-7201.0,-5750.0
418,-7206.868974638552,-5802.078837915144
419,-7213.0,-5866.0
420,-7218.066316160606,-5945.229120084236
421,-7219.0,-5960.0
422,-7226.028645178101,-6097.136307475685
423,-7213.0,-6176.0
424,-7157.0,-6357.0
425,-7153.169611008125,-6366.196677062624
426,-7116.086371568916,-6420.845273048459
427,-7063.0,-6463.0
428,-7040.532235694305,-6489.8248432069095
429,-7004.0,-6540.0
430,-6981.363219592475,-6579.947859535941
431,-6941.0,-6696.0
432,-6937.145004266954,-6708.270050263132
433,-6875.0,-6912.0
434,-6861.297026418273,-6958.691802047734
435,-6841.0,-7042.0
436,-6817.552323368659,-7144.966637013015
437,-6808.0,-7190.0
438,-6783.0,-7338.0
439,-6774.0180542700145,-7406.918487202302
440,-6759.0,-7538.0
441,-6753.549739117219,-7593.874398503536
442,-6750.0,-7648.0
443,-6746.802035223044,-7701.000377748948
444,-6745.0,-7756.0
445,-6745.003368282588,-7770.557188963825
446,-6755.0,-7889.0
447,-6758.85083138393,-7904.889144883127
448,-6780.453871336126,-7950.736643812341
449,-6803.0,-7975.0
450,-6855.457400843251,-8019.806383457349
451,-6862.0,-8027.0
452,-6881.0,-8056.0
453,-6893.346559378042,-8092.728882789153
454,-6899.0,-8143.0
455,-6898.0,-8199.0
456,-6896.128298449997,-8219.506601234207
457,-6887.0,-8284.0
458,-6873.0,-8355.0
459,-6866.680666489996,-8385.031288516046
460,-6855.0,-8429.0
461,-6836.303843910279,-8486.202350217176
462,-6803.0,-8580.0
463,-6788.899319223586,-8617.650174149727
464,-6759.0,-8680.0
465,-6744.204584177465,-8709.614156288319
466,-6720.0,-8757.0
467,-6691.46696063781,-8808.203267710742
468,-6649.0,-8871.0
469,-6531.111152245229,-9021.379938168306
470,-6529.0,-9024.0
471,-6461.0,-9095.0
472,-6442.437630682212,-9109.624480942906
473,-6371.99615520986,-9162.409536941455
474,-6361.0,-9170.0
475,-6274.181157804674,-9221.759116423906
476,-6261.0,-9229.0
477,-6135.0,-9297.0
478,-6122.815730098436,-9303.550934809738
479,-6083.0,-9326.0
480,-6065.833871174389,-9336.374378100372
481,-6038.0,-9354.0
482,-6025.917282051434,-9362.507295491481
483,-6001.0,-9384.0
484,-5985.191419706256,-9401.581273086831
485,-5942.0,-9461.0
486,-5940.1752640132245,-9463.900270468781
487,-5930.091525750827,-9490.511589522945
488,-5930.0,-9507.0
489,-5929.934537189347,-9512.986454120211
490,-5930.0,-9534.0
491,-5934.0,-9572.0
492,-5937.159069054605,-9588.138674197286
493,-5945.0,-9615.0
494,-5949.616324322205,-9626.393151100878
495,-5959.0,-9645.0
496,-5961.834755835303,-9649.854143683182
497,-5982.0,-9678.0
498,-5985.901927936748,-9682.51534958749
499,-5999.0,-9696.0
500,-6041.0,-9723.0
501,-6051.833848532544,-9727.422440170698
502,-6097.0,-9742.0
503,-6103.441010646653,-9743.870768904697
504,-6138.428955104449,-9752.190483344877
505,-6165.0,-9756.0
506,-6237.458261311438,-9764.160509402549
507,-6277.0,-9768.0
508,-6337.669195736218,-9772.191022022906
509,-6379.0,-9773.0
510,-6388.323705995978,-9773.061905943096
511,-6425.0,-9773.0
512,-6435.262901398366,-9772.91272526708
513,-6498.0,-9771.0
514,-6529.455493984518,-9767.778061486877
515,-6573.0,-9761.0
516,-6614.706133620974,-9753.802317877948
517,-6636.0,-9749.0
518,-6693.0,-9725.0
519,-6708.917113567517,-9713.833034074145
520,-6729.0,-9696.0
521,-6751.0,-9669.0
522,-6759.63586991591,-9654.885345543924
523,-6779.0,-9611.0
524,-6787.446248041286,-9584.706250876068
525,-6797.0,-9548.0
526,-6803.130731213683,-9521.855869053003
527,-6807.0,-9504.0
528,-6813.382047169601,-9470.827741784087
529,-6819.0,-9446.0
530,-6848.0,-9335.0
531,-6854.708877352689,-9311.8017562981
532,-6890.124699362951,-9238.46190954543
533,-6891.0,-9237.0
534,-6950.0,-9140.0
535,-6979.519933470103,-9096.202909893787
536,-6997.0,-9071.0
537,-7087.0,-8941.0
538,-7116.485654989239,-8897.171866661205
539,-7143.660642775869,-8849.149359684712
540,-7156.0,-8824.0
541,-7179.39464334898,-8776.863334253561
542,-7194.0,-8746.0
543,-7240.435680104409,-8635.110951040342
544,-7250.0,-8610.0
545,-7278.0,-8532.0
546,-7280.682179635672,-8524.206631804289
547,-7312.0,-8429.0
548,-7319.282164739904,-8405.980597333864
549,-7391.265781772548,-8169.013726498871
550,-7396.0,-8153.0
551,-7425.4652536058165,-8050.570273748845
552,-7446.0,-7976.0
553,-7467.0,-7899.0
554,-7476.841791674766,-7863.016808069815
555,-7499.0,-7781.0
556,-7536.0,-7633.0
557,-7551.014449327602,-7568.939661128394
558,-7570.0,-7482.0
559,-7596.0,-7341.0
560,-7604.183847144781,-7287.439602776394
561,-7618.873120958794,-7173.36082305992
562,-7621.0,-7155.0
563,-7638.0,-6979.0
564,-7641.538060607946,-6931.994604478865
565,-7651.509504881621,-6781.8287249417135
566,-7653.0,-6759.0
567,-7664.0,-6592.0
1,-7675.592789832096,-6364.818187193089
2,-7679.684542871338,-6220.593468546366
3,-7680.0,-6186.0
4,-7678.207078303799,-6107.633577661223
5,-7669.0,-5998.0
6,-7666.200119811883,-5966.172698724769
7,-7643.475048292307,-5713.758272569032
8,-7641.0,-5687.0
9,-7631.448052843739,-5593.397523488643
10,-7618.2647149444965,-5524.60606197098
11,-7617.0,-5518.0
12,-7580.590639481467,-5328.4312769395665
13,-7573.0,-5290.0
14,-7558.083496902663,-5223.226884088563
15,-7551.0,-5197.0
16,-7526.677392254122,-5100.08106726862
17,-7505.0,-5020.0
18,-7491.147578329001,-4974.122336503253
19,-7457.0,-4871.0
20,-7454.037353843763,-4861.8472731163765
21,-7443.3217170468915,-4826.66666885098
22,-7425.0,-4791.0
23,-7391.81913121636,-4737.192096369433
24,-7368.0,-4703.0
25,-7342.509127571794,-4678.168382627256
26,-7318.0,-4667.0
27,-7305.978977699648,-4661.680048784643
28,-7245.895891031037,-4636.85058892088
29,-7224.0,-4630.0
30,-7194.376077199497,-4622.826799744178
31,-7186.0,-4621.0
32,-7120.0,-4609.0
33,-7093.854410793143,-4605.5929269778835
34,-6969.0,-4592.0
35,-6912.785007885197,-4586.714869093887
36,-6862.0,-4583.0
37,-6848.081062575045,-4581.903271265815
38,-6757.204262711196,-4574.053918416902
39,-6746.0,-4573.0
40,-6648.0281752705605,-4563.019324018476
41,-6623.0,-4560.0
42,-6517.932046011439,-4545.2392433380155
43,-6504.0,-4543.0
44,-6453.0,-4534.0
45,-6429.416056721615,-4529.706475925646
46,-6349.0,-4514.0
47,-6313.838555028192,-4506.288167573622
48,-6182.443264489788,-4475.288605042222
49,-6111.0,-4458.0
50,-6061.159718669356,-4445.7854750400675
51,-5998.0,-4430.0
52,-5966.568377320481,-4422.206143179892
53,-5788.0,-4378.0
54,-5670.711136713376,-4348.611223871436
55,-5618.0,-4335.0
56,-5563.9609186590205,-4320.885903657303
57,-5507.0,-4306.0
58,-5346.0,-4266.0
59,-5320.1404382423625,-4260.327316005829
60,-5146.740440960741,-4226.170776314167
61,-5140.0,-4225.0
62,-5047.360936087982,-4211.447005515864
63,-4974.149879254044,-4205.840159025809
64,-4924.0,-4202.0
65,-4800.0,-4191.0
66,-4792.3568343780535,-4190.114830926945
67,-4657.171084000052,-4168.3505429800325
68,-4638.0,-4164.0
69,-4547.0,-4138.0
70,-4526.024354479078,-4130.514465544574
71,-4403.0,-4077.0
72,-4344.203204901849,-4048.1040899715913
73,-4285.0,-4018.0
74,-4155.0,-3952.0
75,-4147.616452594873,-3948.3373963545564
76,-4031.319425647121,-3893.4450757951613
77,-3929.0,-3854.0
78,-3807.531204633415,-3813.2580297910026
79,-3736.0,-3791.0
80,-3677.240998464166,-3774.948532884247
81,-3622.0,-3764.0
82,-3583.578052518672,-3757.2359299837703
83,-3391.412234491085,-3727.0581506689045
84,-3347.0,-3721.0
85,-3193.731830091161,-3703.7022831794216
86,-3154.0,-3699.0
87,-3125.0,-3695.0
88,-3108.123265621125,-3692.5592453812733
89,-2970.3599762236927,-3670.8658620522197
90,-2890.0,-3653.0
91,-2778.0,-3619.0
92,-2726.1520003076234,-3598.8976558536556
93,-2655.0,-3564.0
94,-2648.5522089816204,-3560.490663247331
95,-2545.0,-3496.0
96,-2500.0,-3460.0
97,-2475.7228114591812,-3436.8244371130913
98,-2377.7629823327643,-3321.7336408735
99,-2340.0,-3271.0
100,-2310.0317779080992,-3215.5062247687115
101,-2300.0,-3182.0
102,-2275.0,-3089.0
103,-2268.1983499458197,-3051.583531375328
104,-2265.0,-3025.0
105,-2263.0,-2923.0
106,-2263.6351180696374,-2909.999666953854
107,-2276.0,-2800.0
108,-2278.7029980017396,-2786.2988773118905
109,-2304.0,-2695.0
110,-2317.0,-2660.0
111,-2329.631009772688,-2629.9052006284483
112,-2355.0,-2576.0
113,-2369.245759105455,-2547.8002154498517
114,-2413.1204284428513,-2471.7343592076422
115,-2443.0,-2429.0
116,-2472.5752346679756,-2389.5900838513153
117,-2531.0,-2315.0
118,-2602.4626065617786,-2225.3485817425535
119,-2654.0,-2163.0
120,-2672.1808238737335,-2143.2715312124637
121,-2690.0,-2110.0
122,-2699.573498274046,-2087.6640410470945
123,-2744.0,-1971.0
124,-2747.9913004007876,-1958.5048522417437
125,-2748.5379578884795,-1891.2807828809337
126,-2747.0,-1883.0
127,-2738.055140903645,-1833.107552215982
128,-2734.0,-1814.0
129,-2700.0,-1716.0
130,-2676.037094449641,-1667.25622580473
131,-2639.0,-1598.0
132,-2606.1604801440753,-1542.6768985438616
133,-2573.958728329617,-1500.4797282215927
134,-2550.0,-1470.0
135,-2535.960122944141,-1452.0491851787992
136,-2504.0,-1412.0
137,-2426.0,-1324.0
138,-2421.916617413801,-1319.5390867516926
139,-2371.0,-1264.0
140,-2366.477213750579,-1259.0002550530032
141,-2315.0,-1201.0
142,-2213.643921519424,-1079.425300220289
143,-2204.0,-1067.0
144,-2150.0,-994.0
145,-2121.514909924757,-952.7257131386493
146,-2101.0,-922.0
147,-2048.0,-842.0
148,-1956.9758322168186,-713.7439103573788
149,-1878.0,-606.0
150,-1800.424801195238,-506.0455520789493
151,-1756.0,-454.0
152,-1745.1443190187588,-441.15458716761464
153,-1690.0,-376.0
154,-1667.076671577995,-349.71349096478036
155,-1619.0,-299.0
156,-1550.0,-236.0
157,-1546.9876720183481,-233.57706368496554
158,-1499.3743622427908,-205.90492293582292
159,-1477.0,-200.0
160,-1445.9915911864912,-195.3191662264069
161,-1416.0,-200.0
162,-1379.7964378045065,-212.36323609180016
163,-1352.0,-224.0
164,-1330.9356276426888,-234.9761469926714
165,-1315.2491390183009,-247.93224244785733
166,-1312.0,-251.0
167,-1279.2032982242201,-286.176345160521
168,-1273.0,-294.0
169,-1254.0,-324.0
170,-1250.1883125554962,-332.43763033880566
171,-1230.696850122812,-386.02091672413883
172,-1228.0,-394.0
173,-1215.9112054720176,-434.16952115520627
174,-1211.0,-456.0
175,-1204.4853477666923,-484.9398851759432
176,-1197.0,-514.0
177,-1188.444582822482,-544.4348207586432
178,-1167.0,-616.0
179,-1140.8216566120932,-693.909186432687
180,-1120.0,-749.0
181,-1103.0069896912696,-791.8117581065743
182,-1088.0,-824.0
183,-1060.1701345231402,-878.7573320528038
184,-1018.0,-957.0
185,-1010.015485945185,-970.8131131865159
186,-983.0,-1009.0
187,-978.0613394243542,-1015.382629639701
188,-949.1498282534698,-1051.29484425468
189,-944.0,-1057.0
190,-899.4033404535321,-1095.9799164106469
191,-898.0,-1097.0
192,-865.0,-1117.0
193,-834.9377634403759,-1126.262108130521
194,-795.0,-1132.0
195,-777.59748090682,-1130.4581890544218
196,-771.0,-1126.0
197,-754.1395515683904,-1109.2005856286034
198,-734.6464829320403,-1084.0394765768951
199,-734.0,-1083.0
200,-727.7731602384001,-1067.3449880920555
201,-730.0,-1047.0
202,-733.3445269837307,-1022.9683607310991
203,-738.0,-995.0
204,-744.319012094662,-973.2503382512494
205,-751.0,-959.0
206,-760.1942142746967,-939.4971005328371
207,-761.0,-938.0
208,-785.0,-897.0
209,-788.0115399536708,-892.0731988612355
210,-810.0,-864.0
211,-816.9328460395056,-856.1836086215559
212,-859.0,-809.0
213,-862.6322384580985,-805.0478224806519
214,-873.4600973782673,-794.0485039155689
215,-895.0,-772.0
216,-941.5234778360166,-722.1551163767776
217,-963.0,-699.0
218,-974.90214807961,-686.1261671344569
219,-990.2873426127662,-665.3465930343149
220,-997.0,-651.0
221,-1015.123876054963,-607.8401314254544
222,-1026.0,-578.0
223,-1034.8454900276188,-527.5235233379955
224,-1028.0926831232218,-504.8524606022381
225,-1021.0,-485.0
226,-1013.3751767942142,-465.1705781769135
227,-1007.0,-451.0
228,-996.0,-432.0
229,-970.0,-399.0
230,-961.138718155846,-390.0437948265244
231,-923.0,-359.0
232,-900.9385814221927,-343.7413895705302
233,-871.0,-325.0
234,-854.0,-315.0
235,-851.5261129487424,-313.58796639525787
236,-788.5534380410282,-282.20565874042273
237,-779.0,-278.0
238,-708.5473320983949,-248.04766265703142
239,-699.0,-244.0
240,-668.7700216257433,-230.9832654006028
241,-633.0,-218.0
242,-599.0128155861398,-207.425839793318
243,-509.2950549509889,-181.4354597244964
244,-500.0,-179.0
245,-445.0,-170.0
246,-401.07521425542654,-168.17225812966117
247,-376.0,-169.0
248,-349.7705056840654,-173.11515545310726
249,-335.0,-178.0
250,-314.76942522434877,-188.07658200869025
251,-273.0,-221.0
252,-268.43054790109306,-226.00316352850578
253,-248.0,-256.0
254,-244.5576888192976,-262.18825050791173
255,-231.0,-290.0
256,-215.1154568214857,-334.03646775424244
257,-207.0,-363.0
258,-199.50353435103636,-397.9094399674878
259,-199.0,-401.0
260,-188.0,-490.0
261,-186.2964752288181,-508.637729118496
262,-184.02498214330225,-552.597126022163
263,-184.5732210774413,-585.9548894940721
264,-185.0,-606.0
265,-185.65663711846835,-633.3422576744188
266,-187.918146621147,-689.8580249798379
267,-189.0,-706.0
268,-192.0,-743.0
269,-197.17917620109154,-793.3911949957596
270,-204.82389274391036,-857.7365250447302
271,-208.0,-886.0
272,-212.1809772513515,-925.1077734111668
273,-218.0,-981.0
274,-225.1765761637601,-1047.3347545313113
275,-229.0,-1081.0
276,-239.66712176310116,-1172.4424724489143
277,-241.0,-1185.0
278,-244.0,-1216.0
279,-257.4288082135798,-1340.6933283002813
280,-273.0,-1481.0
281,-276.29401238626957,-1512.4558338110544
282,-279.0,-1537.0
283,-281.57417890280226,-1559.2163899026264
284,-295.0,-1661.0
285,-312.55109352778595,-1752.88474586068
286,-340.898510362553,-1866.8004204987565
287,-345.0,-1882.0
288,-365.79512690433046,-1954.145047588166
289,-377.0,-1989.0
290,-428.4145602665047,-2138.505925351979
291,-443.0,-2180.0
292,-472.0025018141001,-2260.9436264115766
293,-498.0,-2327.0
294,-562.0,-2487.0
295,-565.0531011738511,-2494.479057282004
296,-604.0,-2587.0
297,-694.342727990997,-2780.5960728498744
298,-697.0,-2786.0
299,-760.7583686138289,-2906.2623681513433
300,-812.0,-2986.0
301,-835.1359827017864,-3019.832705218256
302,-848.0,-3038.0
303,-963.8158242979908,-3176.4177991341853
304,-997.0,-3210.0
305,-1115.0,-3314.0
306,-1222.0,-3389.0
307,-1245.1469770114943,-3404.512948538729
308,-1377.0,-3476.0
309,-1463.4487838851458,-3517.6776975821945
310,-1552.0,-3560.0
311,-1747.7076598992662,-3653.750714611031
312,-1821.0,-3690.0
313,-1832.9341799879212,-3695.9710213299277
314,-1946.0016885635937,-3752.923320708799
315,-1997.0,-3779.0
316,-2136.0,-3850.0
317,-2165.02137824468,-3864.3430995219915
318,-2400.0,-3978.0
319,-2499.499077886517,-4023.6170126382362
320,-2602.584835161994,-4066.8914830112435
321,-2673.0,-4095.0
322,-2767.3806819290103,-4131.323638472599
323,-2876.3961961255472,-4169.5274010370385
324,-2896.0,-4176.0
325,-3017.0,-4214.0
326,-3026.3843302561395,-4216.726100089618
327,-3150.9314210040484,-4249.483324724307
328,-3217.0,-4265.0
329,-3337.0,-4290.0
330,-3393.400587272463,-4299.5932808090565
331,-3558.0,-4322.0
332,-3661.100301560393,-4333.7658903839965
333,-3752.1825091399546,-4342.754227848645
334,-3785.0,-4346.0
335,-3840.8341008435186,-4351.5899283481185
336,-3935.0,-4362.0
337,-3955.0012699932668,-4364.502470675998
338,-3981.0,-4368.0
339,-4027.02259465513,-4375.773610470902
340,-4037.0,-4378.0
341,-4139.0,-4417.0
342,-4142.366569205159,-4419.503066917846
343,-4187.90157549241,-4481.967981582867
344,-4195.0,-4495.0
345,-4253.0,-4591.0
346,-4258.393098326371,-4596.560823786957
347,-4321.60009449499,-4635.949471369816
348,-4337.0,-4642.0
349,-4387.0,-4650.0
350,-4388.27506036864,-4650.008731157106
351,-4394.0,-4650.0
352,-4434.0,-4650.0
353,-4439.182726144752,-4649.770031210579
354,-4479.0,-4645.0
355,-4497.634100141624,-4641.282584837841
356,-4555.0,-4628.0
357,-4558.011137617364,-4627.2736554045705
358,-4627.379667011883,-4609.967658983538
359,-4648.0,-4606.0
360,-4657.976945223542,-4604.439224957735
361,-4713.0,-4600.0
362,-4749.0333726251565,-4599.561832747627
363,-4766.0,-4600.0
364,-4805.498449243973,-4602.841236933509
365,-4869.0,-4611.0
366,-4897.150071227536,-4615.271116408168
367,-4933.0,-4621.0
368,-5052.0,-4640.0
369,-5083.929081212036,-4644.848833261287
370,-5133.0,-4652.0
371,-5195.18056582851,-4660.457129800052
372,-5267.0,-4670.0
373,-5292.54113433639,-4673.488840146061
374,-5347.0,-4681.0
375,-5430.0,-4692.0
376,-5479.293397996429,-4697.600666479725
377,-5527.0,-4703.0
378,-5637.0,-4717.0
379,-5700.327006593718,-4724.033728493275
380,-5728.0,-4727.0
381,-5940.0,-4750.0
382,-5967.98130228091,-4753.061694072376
383,-6024.0,-4759.0
384,-6099.18398048734,-4766.008032185899
385,-6199.0,-4774.0
386,-6239.646149220137,-4776.960645654217
387,-6391.0,-4787.0
388,-6483.3175916426235,-4791.772731403426
389,-6566.0,-4800.0
390,-6572.116586079925,-4800.949802907089
391,-6689.0,-4830.0
392,-6729.275530277651,-4849.851517690642
393,-6867.833732483708,-4960.954495217845
394,-6890.0,-4982.0
395,-6922.1165402860015,-5017.024849297891
396,-6947.0,-5052.0
397,-6983.368754079692,-5103.951354910035
398,-7003.0,-5134.0
399,-7035.800081416655,-5190.500372778959
400,-7051.0,-5219.0
401,-7086.019086304955,-5292.071786099439
402,-7092.0,-5307.0
403,-7141.232023612455,-5453.251638573759
404,-7156.0,-5502.0
405,-7167.292911556809,-5545.415548519766
406,-7173.0,-5576.0
407,-7188.496410335527,-5661.771393844504
408,-7195.0,-5705.0
409,-7219.0,-5957.0
410,-7219.42245656852,-5963.941588843514
411,-7222.481581139504,-6041.457222386026
412,-7219.502719812027,-6110.542507008013
413,-7217.0,-6136.0
414,-7202.0,-6240.0
415,-7185.362968401757,-6306.844852970709
416,-7164.0,-6346.0
417,-7032.7064341670175,-6500.584822972387
418,-7018.0,-6518.0
419,-6966.261602394592,-6592.758240114984
420,-6933.0,-6720.0
421,-6896.1625204163765,-6841.596612419666
422,-6875.0,-6911.0
423,-6849.596523711798,-6996.76863621324
424,-6834.406222515834,-7067.137669355762
425,-6829.0,-7094.0
426,-6811.992310809263,-7178.063770123852
427,-6791.0,-7289.0
428,-6769.907459468904,-7435.869644897927
429,-6758.0,-7548.0
430,-6755.654406710682,-7571.975459448437
431,-6751.013357179185,-7626.616908081266
432,-6747.0,-7691.0
433,-6746.305034164801,-7702.9351120280535
434,-6745.0,-7761.0
435,-6752.78416587729,-7865.638382449078
436,-6756.0,-7894.0
437,-6763.391883332898,-7938.090385585937
438,-6787.1014619896005,-7962.0344739206885
439,-6801.0,-7973.0
440,-6852.098986720716,-8018.094751626575
441,-6874.0,-8045.0
442,-6885.782962137101,-8067.2671603968765
443,-6897.0,-8121.0
444,-6898.345460882712,-8173.243871452646
445,-6898.0,-8183.0
446,-6890.0,-8265.0
447,-6881.0,-8319.0
448,-6879.875059988666,-8324.24792599835
449,-6858.924744982559,-8410.161714454513
450,-6853.0,-8433.0
451,-6827.2802523148275,-8516.739894037417
452,-6819.0,-8538.0
453,-6794.0,-8600.0
454,-6792.13063209108,-8604.618662707266
455,-6758.700222208019,-8681.960225208735
456,-6751.0,-8697.0
457,-6653.541582243447,-8864.534549402837
458,-6650.0,-8870.0
459,-6581.521395480018,-8963.338548941729
460,-6522.0,-9032.0
461,-6506.617031958254,-9051.830909872424
462,-6423.0,-9127.0
463,-6386.246654451619,-9151.45416791469
464,-6288.0,-9214.0
465,-6244.893545930108,-9240.156109428215
466,-6214.0,-9255.0
467,-6198.085016131046,-9263.204685103961
468,-6131.0,-9299.0
469,-6119.719484107497,-9305.230944277737
470,-6045.0,-9350.0
471,-6027.1791466545465,-9362.416062295848
472,-6007.0,-9378.0
473,-5977.232905691476,-9406.021298759364
474,-5955.0,-9434.0
475,-5944.0,-9454.0
476,-5941.349120247309,-9461.277114345894
477,-5933.163721633479,-9509.234673101846
478,-5931.0,-9553.0
479,-5931.7712415016995,-9567.896324715284
480,-5936.0,-9583.0
481,-5938.817143468786,-9593.862613301488
482,-5947.0,-9621.0
483,-5947.850154983933,-9623.130910364258
484,-5974.1893128951415,-9667.693386600227
485,-5979.0,-9674.0
486,-5990.019198795022,-9687.006370041168
487,-6006.552401148626,-9702.157322885136
488,-6015.0,-9708.0
489,-6041.259064528728,-9721.93039483652
490,-6046.0,-9724.0
491,-6069.902125180364,-9733.01377402091
492,-6079.0,-9736.0
493,-6123.0,-9748.0
494,-6134.266533348231,-9750.606405484703
495,-6174.0,-9758.0
496,-6204.47649156861,-9761.157136145152
497,-6226.0,-9763.0
498,-6259.0,-9766.0
499,-6303.8014460591385,-9768.89151579379
500,-6379.994582960273,-9772.875698548081
501,-6383.0,-9773.0
502,-6431.9744435432995,-9773.797904093308
503,-6456.0,-9773.0
504,-6492.737195915517,-9771.199755896767
505,-6525.0,-9768.0
506,-6766.0,-9643.0
507,-6767.000000031341,-9641.647065928697
508,-6782.009903623602,-9607.144617258624
509,-6787.0,-9588.0
510,-6789.764618492358,-9576.962428747396
511,-6796.0,-9551.0
512,-6798.8844886511415,-9538.283083314427
513,-6812.0,-9477.0
514,-6817.784143643574,-9450.596176480463
515,-6827.0,-9411.0
516,-6840.164782154938,-9361.389255034304
517,-6843.0,-9352.0
518,-6871.0,-9277.0
519,-6882.82224627112,-9252.716739051653
520,-6909.0,-9206.0
521,-6972.082718239823,-9106.791167013522
522,-6980.0,-9095.0
523,-7023.497101611216,-9032.994648587523
524,-7074.0,-8961.0
525,-7106.0,-8910.0
526,-7129.516977924924,-8867.526598591408
527,-7191.482236914952,-8744.685934186466
528,-7222.0,-8681.0
529,-7240.040390520011,-8639.310296229396
530,-7251.0,-8607.0
531,-7252.277178919705,-8603.361551917082
532,-7291.589117625563,-8491.892814972523
533,-7316.0,-8417.0
534,-7371.0,-8241.0
535,-7380.171403039526,-8211.007892344876
536,-7429.640652824799,-8035.304889315809
537,-7437.0,-8008.0
538,-7453.2353708559995,-7949.004067529973
539,-7472.0,-7881.0
540,-7484.0990212834295,-7836.715126906785
541,-7507.0,-7751.0
542,-7512.607909666243,-7729.266955378287
543,-7562.0,-7522.0
544,-7563.640484644748,-7514.46301858763
545,-7586.0,-7398.0
546,-7590.983943693171,-7366.304059805488
547,-7624.0,-7128.0
548,-7632.120100866846,-7057.9384271970275
549,-7635.0,-7008.0
550,-7658.0,-6681.0
1,-7673.819449431292,-6485.658551187111
2,-7682.121988748988,-6301.83827260756
3,-7681.0,-6248.0
4,-7675.053295821493,-6107.011639542832
5,-7671.0,-6029.0
6,-7661.390778633088,-5881.532247759291
7,-7656.0,-5825.0
8,-7643.20834039012,-5700.199979186157
9,-7632.0,-5611.0
10,-7610.507474487726,-5478.697163594378
11,-7602.0,-5432.0
12,-7580.0,-5323.0
13,-7578.716549102563,-5317.083160802047
14,-7548.0,-5182.0
15,-7538.69824384785,-5143.705839284111
16,-7498.0,-4997.0
17,-7489.833969264164,-4969.4849583055275
18,-7486.0,-4957.0
19,-7444.481345026084,-4836.248499605263
20,-7432.0,-4806.0
21,-7395.592694823367,-4737.8675646741185
22,-7356.0,-4691.0
23,-7346.034474464804,-4682.2853345241565
24,-7305.0,-4660.0
25,-7287.196845530962,-4652.77633513433
26,-7223.0,-4630.0
27,-6972.0,-4592.0
28,-6966.071762833468,-4591.494187551405
29,-6872.188903227315,-4583.739200728901
30,-6838.0,-4581.0
31,-6781.464766569792,-4576.722001877625
32,-6744.0,-4573.0
33,-6672.0,-4565.0
34,-6658.763694779318,-4563.594063609142
35,-6546.5404116889185,-4550.055513031974
36,-6540.0,-4549.0
37,-6421.4581697438225,-4527.689838942757
38,-6371.0,-4518.0
39,-6282.431555550694,-4499.188358622689
40,-6224.0,-4485.0
41,-6142.337658723685,-4465.99317071517
42,-6093.0,-4454.0
43,-5914.0,-4409.0
44,-5848.07353964187,-4392.8640074123905
45,-5832.0,-4389.0
46,-5725.309053372378,-4362.990869348608
47,-5654.0,-4345.0
48,-5548.008435278753,-4316.913027971396
49,-5484.0,-4300.0
50,-5367.0,-4271.0
51,-5360.350113173203,-4269.45725665363
52,-5242.373651415256,-4243.460742156212
53,-5195.0,-4234.0
54,-5124.038411786347,-4221.984301649855
55,-5037.0,-4212.0
56,-4963.868124118772,-4205.128346955458
57,-4929.0,-4202.0
58,-4743.561333613759,-4183.836892619979
59,-4724.0,-4181.0
60,-4593.0,-4152.0
61,-4554.386959404862,-4138.987739143159
62,-4389.910042641756,-4071.1277967497026
63,-4383.0,-4068.0
64,-4187.0,-3968.0
65,-4130.0189321695,-3941.091236408909
66,-3962.0,-3866.0
67,-3890.2232846923516,-3837.4558490726213
68,-3811.0,-3813.0
69,-3704.9705826469662,-3783.3728528429397
70,-3684.0,-3778.0
71,-3412.0,-3729.0
72,-3374.1640246212273,-3724.2296259999366
73,-3177.0,-3701.0
74,-3021.406766570637,-3680.650293511893
75,-2930.0,-3662.0
76,-2861.584270465371,-3645.678516559844
77,-2757.0,-3611.0
78,-2709.487536786821,-3589.3022305892637
79,-2562.0,-3507.0
80,-2557.485242001108,-3504.209308849447
81,-2477.0,-3440.0
82,-2438.0538006580223,-3401.0478922842512
83,-2406.0,-3366.0
84,-2361.609055467321,-3307.0537316846526
85,-2359.0,-3303.0
86,-2308.497968636342,-3202.596433510779
87,-2300.0,-3180.0
88,-2276.0,-3098.0
89,-2267.5021285726357,-3051.55612461035
90,-2264.0,-3005.0
91,-2263.0,-2921.0
92,-2265.248898717018,-2878.715096899854
93,-2271.0,-2830.0
94,-2283.083424619649,-2771.051488338305
95,-2301.0,-2707.0
96,-2317.9873167263177,-2656.424881415703
97,-2336.0,-2615.0
98,-2394.0,-2505.0
99,-2423.7034508708566,-2456.3669963118105
100,-2510.0,-2341.0
101,-2512.0735532829603,-2338.3898527767396
102,-2538.6601668805583,-2305.6357705625833
103,-2566.7346011059876,-2271.7554021382516
104,-2569.0,-2269.0
105,-2644.405626466229,-2176.256282562738
106,-2647.0,-2173.0
107,-2697.0,-2098.0
108,-2699.2572097111906,-2093.0132507866056
109,-2747.0,-1954.0
110,-2756.575799475639,-1905.1430452535392
111,-2746.0,-1870.0
112,-2729.6237266240105,-1796.9770197346868
113,-2721.0,-1768.0
114,-2696.0,-1706.0
115,-2682.0,-1675.0
116,-2679.868296978191,-1670.690671748681
117,-2619.0,-1565.0
118,-2590.0763650992667,-1521.7654570820791
119,-2558.0,-1479.0
120,-2549.676684374568,-1468.3091504990523
121,-2503.2472774489265,-1411.005592032136
122,-2488.0,-1393.0
123,-2427.350922932917,-1324.6713981234284
124,-2424.0,-1321.0
125,-2376.0,-1269.0
126,-2330.2863919440074,-1219.2259140797423
127,-2299.0,-1184.0
128,-2261.0314176075162,-1139.2287960748151
129,-2210.0,-1075.0
130,-2193.2671130800527,-1052.7324686910288
131,-2137.0,-974.0
132,-2100.4628448799863,-920.8573362823573
133,-2064.0,-867.0
134,-2033.290458357214,-821.4845090143988
135,-1996.0,-767.0
136,-1964.289793913985,-722.2526344460404
137,-1941.0,-690.0
138,-1869.0581959121723,-593.6405595141682
139,-1860.0,-582.0
140,-1792.0,-497.0
141,-1775.8311509714208,-477.34291837152915
142,-1721.0,-412.0
143,-1706.0,-394.0
144,-1690.8706309558638,-376.55383392497095
145,-1663.0,-346.0
146,-1606.2577309331223,-287.91528556585286
147,-1567.0,-250.0
148,-1530.5952262901346,-219.24724628582047
149,-1504.4079766621237,-208.49059893097007
150,-1494.0,-205.0
151,-1468.5973241842046,-197.77924758490104
152,-1455.0,-197.0
153,-1397.0,-204.0
154,-1387.7475963895943,-205.82002921130342
155,-1327.5478695591855,-237.4094362948897
156,-1323.0,-241.0
157,-1306.0,-255.0
158,-1293.3044409912786,-268.25130904585325
159,-1255.0,-321.0
160,-1253.862379078461,-322.8484361052665
161,-1236.0,-366.0
162,-1228.9541290368713,-389.85709247826446
163,-1223.0,-411.0
164,-1205.0,-480.0
165,-1197.9577928917156,-506.67785398910735
166,-1173.8918933439077,-595.7867262607057
167,-1171.0,-606.0
168,-1159.5380913393383,-642.8844388444111
169,-1146.0,-679.0
170,-1125.0,-736.0
171,-1117.6093266363614,-754.8474844572828
172,-1087.0,-825.0
173,-1069.2459815952645,-861.2764713070444
174,-1036.0,-926.0
175,-1030.190008610874,-936.9884401563212
176,-1003.0,-979.0
177,-989.5408864022857,-998.3045983366508
178,-952.0,-1048.0
179,-950.3482407325027,-1049.7540207633417
180,-939.0,-1061.0
181,-924.2975752238865,-1075.0082000275106
182,-913.0,-1085.0
183,-898.2788838407477,-1096.549459972765
184,-871.672582689228,-1113.341115678192
185,-860.0,-1119.0
186,-824.7207879179393,-1129.7189122485893
187,-823.0,-1130.0
188,-785.0,-1130.0
189,-770.8880691775279,-1125.2990769197697
190,-754.0,-1115.0
191,-741.4031587558643,-1100.2516486721584
192,-734.0,-1080.0
193,-731.8796471776789,-1069.7556052600746
194,-730.0,-1050.0
195,-730.8860238331309,-1033.0236370084851
196,-734.0,-1014.0
197,-734.9262575965263,-1009.651830931077
198,-742.0,-984.0
199,-751.0,-958.0
200,-755.4162356817869,-948.0067911797635
201,-770.0,-921.0
202,-782.1509942956901,-901.1235468134943
203,-787.0,-894.0
204,-806.0,-869.0
205,-813.4942337986105,-860.0173374817784
206,-841.0,-829.0
207,-846.7155206608337,-822.774959567547
208,-874.0,-794.0
209,-897.1529959188795,-770.0074741694148
210,-932.0,-734.0
211,-943.9998818145265,-721.5767217784751
212,-965.0,-697.0
213,-977.4819699518686,-679.8005226433833
214,-1003.1273856326686,-640.3342819846596
215,-1007.0,-633.0
216,-1026.0,-576.0
217,-1026.406879840061,-573.5871780552696
218,-1029.0,-532.0
219,-1027.6491946672636,-515.108651350806
220,-1020.0,-480.0
221,-1011.0,-458.0
222,-992.8113757313911,-429.47775873597055
223,-955.0,-385.0
224,-939.229032910233,-369.99346902252745
225,-874.657826234525,-326.70232309246126
226,-870.0,-324.0
227,-826.0,-301.0
228,-812.7635935907248,-294.5963058902238
229,-742.0,-262.0
230,-711.3188805851412,-248.96824688010403
231,-664.0,-230.0
232,-579.5796857131761,-200.40056787994075
233,-530.3415545163296,-185.6334156062284
234,-528.0,-185.0
235,-471.0,-174.0
236,-446.1137321005243,-171.56359863217722
237,-395.45295466613914,-168.95849309759677
238,-371.0,-170.0
239,-345.9751376826371,-174.15507238191267
240,-324.0,-182.0
241,-313.08043930477527,-187.3888771250002
242,-307.0,-191.0
243,-272.28546729009264,-222.54900637094278
244,-243.0,-265.0
245,-223.64270746285993,-307.45326116907466
246,-207.0,-361.0
247,-196.0432399922919,-412.3865125924291
248,-191.97784021493354,-443.9232985767417
249,-190.0,-460.0
250,-188.43237848166467,-473.47024196414316
251,-187.0610016755628,-498.9932952452634
252,-187.0,-501.0
253,-185.68324650799258,-559.7040164141899
254,-185.0,-588.0
255,-184.43049009721122,-607.2128469753864
256,-186.0,-664.0
257,-188.75968930315548,-699.0944860129711
258,-195.0,-769.0
259,-201.45496873635892,-837.1490024210007
260,-206.0,-875.0
261,-211.0626041827814,-919.915292201511
262,-217.0,-973.0
263,-219.66495779051382,-996.7993478076786
264,-232.0,-1106.0
265,-240.0,-1176.0
266,-246.07620615907715,-1233.071671651239
267,-250.0,-1270.0
268,-257.6938971531781,-1339.3549577187173
269,-267.40747772105436,-1426.47234412755
270,-268.0,-1432.0
271,-276.84818750231364,-1516.6109952269383
272,-280.0,-1545.0
273,-297.8539496931062,-1677.5147893905664
274,-301.0,-1695.0
275,-308.0,-1730.0
276,-367.0,-1955.0
277,-371.9366559367146,-1972.2905821694292
278,-410.49959683438016,-2093.0040665353404
279,-435.0,-2160.0
280,-477.47481764280576,-2273.645247189112
281,-523.0,-2394.0
282,-539.7060399719076,-2435.313303619133
283,-543.0,-2443.0
284,-619.0863493088019,-2621.487405827659
285,-622.0,-2628.0
286,-718.0,-2828.0
287,-720.4880312686528,-2832.685049160673
288,-738.0,-2864.0
289,-791.1460701887493,-2949.104633554924
290,-884.1738286802093,-3083.4105567427696
291,-913.0,-3120.0
292,-1117.4305540205926,-3316.463444388243
293,-1122.0,-3320.0
294,-1252.3101064155449,-3408.0452375719565
295,-1360.0,-3468.0
296,-1447.7088115274862,-3511.339132711954
297,-1496.0,-3534.0
298,-1568.7828377832766,-3567.8365748926385
299,-1646.0,-3604.0
300,-1844.3579361401717,-3701.008976713141
301,-1864.0,-3711.0
302,-1932.0,-3746.0
303,-1953.2807910296815,-3756.931968033598
304,-2097.0,-3830.0
305,-2143.1313457731685,-3853.2067164231466
306,-2221.0,-3892.0
307,-2263.005337235276,-3912.734338227465
308,-2398.0,-3978.0
309,-2405.9953988273314,-3981.71413827725
310,-2513.0,-4029.0
311,-2608.019200572217,-4068.926540833132
312,-2687.0,-4101.0
313,-2720.881282217343,-4114.392773902645
314,-2866.0,-4166.0
315,-2921.8954159149953,-4183.361448066859
316,-3155.0,-4251.0
317,-3218.759820459836,-4268.162490258376
318,-3302.0,-4283.0
319,-3342.8231022364453,-4290.0240211568835
320,-3462.0,-4310.0
321,-3480.6042389839226,-4312.710624530061
322,-3583.0,-4325.0
323,-3671.7779075442068,-4334.522657382438
324,-3792.0,-4347.0
325,-3798.1361602634074,-4347.627967375807
326,-3916.0,-4360.0
327,-3926.3738059555735,-4361.358930955024
328,-3968.0,-4367.0
329,-4033.0,-4377.0
330,-4042.893340182261,-4379.084403166167
331,-4103.0,-4399.0
332,-4105.489805202941,-4400.194797858218
333,-4152.479912417174,-4433.379763140731
334,-4154.0,-4435.0
335,-4182.416546321258,-4475.746605982165
336,-4191.0,-4491.0
337,-4205.00441373325,-4518.617902493041
338,-4221.0,-4546.0
339,-4256.0,-4595.0
340,-4257.770964015319,-4597.260511707834
341,-4274.823289998969,-4614.5348584510575
342,-4288.0,-4621.0
343,-4292.569778776975,-4623.391924767782
344,-4326.0,-4639.0
345,-4333.3293301236945,-4641.2359051929325
346,-4411.0,-4651.0
347,-4413.008419952329,-4651.105804750315
348,-4447.0,-4650.0
349,-4466.91958177175,-4646.988067249349
350,-4502.331024021728,-4640.274759343963
351,-4518.0,-4637.0
352,-4536.0,-4633.0
353,-4538.730808976848,-4632.359642028275
354,-4584.821643558287,-4620.556079711093
355,-4587.0,-4620.0
356,-4646.0,-4607.0
357,-4691.033261086746,-4602.002171635606
358,-4769.0,-4600.0
359,-4842.112292974396,-4607.663340144119
360,-4878.0,-4613.0
361,-4894.690558840614,-4615.426584690856
362,-4955.595326675731,-4624.327873860288
363,-4960.0,-4625.0
364,-5112.0,-4649.0
365,-5180.973422891016,-4658.8687811859845
366,-5227.0,-4665.0
367,-5270.307850539641,-4670.666873037662
368,-5349.0,-4681.0
369,-5375.144538968341,-4684.52781540426
370,-5454.0,-4695.0
371,-5502.8796897301,-4700.769892852655
372,-5575.0,-4709.0
373,-5659.039733443169,-4719.486757694472
374,-5688.0,-4723.0
375,-5798.035249952072,-4735.202071430934
376,-5851.0,-4741.0
377,-5887.0,-4745.0
378,-5977.399155405428,-4754.327981230959
379,-6127.509685969575,-4768.373804284828
380,-6146.0,-4770.0
381,-6254.8829242439715,-4778.600117310888
382,-6311.0,-4782.0
383,-6434.0,-4789.0
384,-6497.80627888581,-4794.653159851278
385,-6637.0,-4813.0
386,-6651.959425722769,-4816.019558462048
387,-6736.712474180101,-4851.979030321083
388,-6746.0,-4858.0
389,-6824.712409302416,-4916.152860938065
390,-6828.0,-4919.0
391,-6879.363732539608,-4969.836225810756
392,-6901.0,-4994.0
393,-6959.0,-5068.0
394,-6975.764385409303,-5093.22485569337
395,-7045.0,-5209.0
396,-7060.953783821955,-5238.374364324648
397,-7093.0,-5309.0
398,-7106.3616355523955,-5341.63409125165
399,-7124.0,-5391.0
400,-7170.531256974346,-5565.998339653392
401,-7184.0,-5630.0
402,-7210.757963572387,-5839.374209181078
403,-7212.0,-5854.0
404,-7220.064512075242,-6044.05295532733
405,-7220.0,-6049.0
406,-7217.035993085818,-6140.124760328755
407,-7211.0,-6195.0
408,-7202.918091588318,-6237.136993971013
409,-7189.0,-6287.0
410,-7144.0,-6377.0
411,-7140.105681093205,-6381.984325237349
412,-7047.0,-6480.0
413,-6987.611267263815,-6574.6063998841
414,-6964.0,-6630.0
415,-6946.0,-6681.0
416,-6922.593207212716,-6751.334592016694
417,-6896.0,-6837.0
418,-6881.655420510654,-6886.660817588544
419,-6856.0,-6981.0
420,-6850.857017490716,-7000.7449135978795
421,-6810.3541032111525,-7177.803928083568
422,-6809.0,-7185.0
423,-6802.0,-7224.0
424,-6781.098294711686,-7354.647507976026
425,-6770.0,-7437.0
426,-6769.310912073612,-7442.623984148046
427,-6761.0,-7519.0
428,-6751.347846239592,-7626.373786618362
429,-6750.0,-7643.0
430,-6745.0,-7748.0
431,-6745.267450576626,-7766.090601108174
432,-6748.150076908901,-7828.497292735402
433,-6751.0,-7868.0
434,-6771.0,-7935.0
435,-6790.640672353093,-7958.84639830039
436,-6864.0,-8032.0
437,-6890.183996926273,-8073.794008934237
438,-6891.0,-8084.0
439,-6899.0,-8187.0
440,-6897.657409169453,-8213.96430587841
441,-6889.0,-8275.0
442,-6873.469081228598,-8357.704107432284
443,-6871.0,-8368.0
444,-6858.116677475714,-8414.290082725589
445,-6849.0,-8448.0
446,-6847.0,-8456.0
447,-6813.0,-8555.0
448,-6795.197770242619,-8599.02185982098
449,-6772.0,-8652.0
450,-6731.0,-8735.0
451,-6716.402633307116,-8762.67839939721
452,-6688.0,-8811.0
453,-6630.237847140426,-8896.548014810342
454,-6576.0,-8970.0
455,-6534.5737927364025,-9020.492978250508
456,-6409.0,-9138.0
457,-6395.259624643927,-9148.68618990502
458,-6337.440924335859,-9185.730019456778
459,-6303.0,-9205.0
460,-6245.357697507312,-9236.603761621904
461,-6156.0,-9285.0
462,-6132.752619576015,-9297.49667402896
463,-6097.778368067541,-9316.583698261067
464,-6087.0,-9323.0
465,-6038.0,-9354.0
466,-6016.470017362999,-9369.652728449812
467,-5990.0,-9393.0
468,-5984.309705233593,-9398.940276193816
469,-5959.0,-9430.0
470,-5952.689128394643,-9439.060737923075
471,-5934.0,-9484.0
472,-5930.02307743434,-9533.143509946705
473,-5930.0,-9545.0
474,-5937.0,-9591.0
475,-5938.583342517215,-9595.9539530681
476,-5956.3744775795185,-9639.024163526574
477,-5962.0,-9650.0
478,-5979.275709200292,-9675.98618049815
479,-5987.0,-9684.0
480,-6018.827880907851,-9708.725876157167
481,-6039.0,-9721.0
482,-6043.44964359571,-9723.343345617335
483,-6078.0,-9736.0
484,-6099.030564906465,-9741.385820212508
485,-6145.417211427131,-9751.63571795015
486,-6173.0,-9757.0
487,-6198.729261917829,-9761.086112920591
488,-6244.0,-9765.0
489,-6274.09629458114,-9767.172419804458
490,-6301.0,-9769.0
491,-6351.0,-9772.0
492,-6361.099881636435,-9772.492141626157
493,-6418.0,-9774.0
494,-6468.433323777395,-9772.155473230056
495,-6471.0,-9772.0
496,-6531.0,-9767.0
497,-6560.770683670236,-9764.080736204138
498,-6622.0,-9753.0
499,-6651.135056848141,-9743.507379823124
500,-6684.0,-9730.0
501,-6718.681101933086,-9708.09587984162
502,-6744.0,-9679.0
503,-6759.582728842272,-9655.430593657198
504,-6771.0,-9633.0
505,-6773.4658448123455,-9627.22351496055
506,-6791.0,-9572.0
507,-6791.617511702954,-9569.633806154814
508,-6800.44175616239,-9532.490780307571
509,-6801.0,-9530.0
510,-6817.756358463437,-9452.171375301328
511,-6822.0,-9432.0
512,-6827.828197367324,-9403.862583223514
513,-6836.0,-9373.0
514,-6849.218908063413,-9333.473298381892
515,-6863.0,-9297.0
516,-6880.4496139093535,-9256.718688567666
517,-6910.0,-9203.0
518,-6912.667831501573,-9198.666059495406
519,-6980.0,-9097.0
520,-6999.0331802720275,-9068.890320558647
521,-7048.0,-8997.0
522,-7078.74001322697,-8951.877445237267
523,-7098.0,-8923.0
524,-7120.578931464771,-8887.873945469248
525,-7168.412461346726,-8800.452094056745
526,-7177.0,-8782.0
527,-7254.0,-8600.0
528,-7272.992503302448,-8550.457188669921
529,-7285.0,-8513.0
530,-7310.14394678094,-8436.552599135142
531,-7343.0,-8332.0
532,-7401.158222997084,-8136.086394269088
533,-7407.0,-8116.0
534,-7420.5454832995765,-8067.997803154
535,-7431.0,-8029.0
536,-7435.250509636258,-8013.549214612587
537,-7479.927500269413,-7852.647028598037
538,-7511.0,-7735.0
539,-7526.4479384462375,-7673.040950976053
540,-7572.931909099115,-7469.832563710921
541,-7574.0,-7465.0
542,-7586.569462581044,-7405.204963100487
543,-7594.0,-7354.0
544,-7598.728222402858,-7318.0536056867295
545,-7635.0,-7008.0
546,-7635.978331928143,-6998.221931839466
547,-7650.587458661287,-6803.740424211962
548,-7655.0,-6727.0
549,-7657.510056290732,-6684.593929460632
550,-7666.0,-6547.0
1,-7681.501914286728,-6316.214521302891
2,-7677.0,-6139.0
3,-7675.038508898981,-6102.254801095587
4,-7656.0,-5822.0
5,-7647.503518251702,-5725.019972775295
6,-7637.0,-5651.0
7,-7620.0,-5532.0
8,-7614.358596160658,-5496.775529861296
9,-7585.0,-5348.0
10,-7551.404934457006,-5200.017903903361
11,-7544.0,-5168.0
12,-7526.0,-5097.0
13,-7512.106070113514,-5049.222861604332
14,-7484.083912375524,-4953.89880505216
15,-7472.0,-4914.0
16,-7461.756297684904,-4882.013179877798
17,-7447.0,-4844.0
18,-7441.619008904255,-4830.260562234025
19,-7420.0,-4779.0
20,-7390.264635995919,-4729.651081716246
21,-7382.0,-4719.0
22,-7353.065508795772,-4689.329794886873
23,-7342.0,-4681.0
24,-7276.0,-4648.0
25,-7271.7070954927385,-4646.397244419427
26,-7212.5438598990295,-4627.7056575411625
27,-7210.0,-4627.0
28,-7154.348596843795,-4615.227862960517
29,-7147.0,-4614.0
30,-7077.8924304421935,-4603.1894426281115
31,-7061.0,-4601.0
32,-6991.0,-4594.0
33,-6954.325321775591,-4590.9969528142865
34,-6894.68305079043,-4586.368947755169
35,-6856.0,-4583.0
36,-6716.0,-4570.0
37,-6690.455022376132,-4567.529616358742
38,-6617.905319396538,-4559.358126731382
39,-6615.0,-4559.0
40,-6530.075386192135,-4547.631524834652
41,-6497.0,-4542.0
42,-6299.0,-4503.0
43,-6283.847444637409,-4499.843062777986
44,-6235.0,-4488.0
45,-6171.35147075826,-4472.285190012204
46,-6080.0,-4450.0
47,-6008.343202417151,-4432.6123307223925
48,-5977.0,-4425.0
49,-5777.0,-4376.0
50,-5750.936256616304,-4369.474812467705
51,-5556.770879765585,-4319.345972764529
52,-5521.0,-4310.0
53,-5467.559418769477,-4296.057664120823
54,-5384.623087303111,-4275.268016216455
55,-5371.0,-4272.0
56,-5247.0,-4244.0
57,-5209.634173630081,-4236.781483247217
58,-5129.0,-4223.0
59,-5049.173886948908,-4212.93665521739
60,-5008.0,-4209.0
61,-4862.407765116251,-4197.230857064702
62,-4829.0,-4194.0
63,-4680.0,-4173.0
64,-4646.016998502052,-4165.558362932295
65,-4514.477668956135,-4125.976300782223
66,-4496.0,-4119.0
67,-4411.456038196678,-4082.2989610746513
68,-4390.0,-4072.0
69,-4225.456649278804,-3987.987852589577
70,-4167.0,-3958.0
71,-4106.020770283259,-3927.519985555968
72,-4025.773013597439,-3891.7478086969772
73,-3982.0,-3874.0
74,-3909.386897453219,-3845.970550527704
75,-3886.0,-3838.0
76,-3687.843150521258,-3779.545361201081
77,-3660.0,-3772.0
78,-3514.3783456740666,-3743.685089854289
79,-3468.0,-3738.0
80,-3364.0,-3724.0
81,-3318.754485878943,-3718.1890867236593
82,-3161.3457182307952,-3699.209063390727
83,-3038.0,-3683.0
84,-2951.2739774381976,-3667.648423582822
85,-2884.0,-3651.0
86,-2756.0,-3610.0
87,-2676.1025633281774,-3571.150878167842
88,-2583.0,-3521.0
89,-2551.8292832308002,-3503.336994701803
90,-2495.644647923397,-3460.7191780112735
91,-2473.0,-3436.0
92,-2373.0,-3323.0
93,-2364.2112192642126,-3310.3543506358865
94,-2333.0,-3257.0
95,-2312.0,-3213.0
96,-2309.9150120841387,-3208.0749257741777
97,-2272.743104109827,-3079.212752885336
98,-2272.0,-3075.0
99,-2262.0,-2970.0
100,-2261.91474301161,-2965.1246855702498
101,-2264.776092900407,-2885.3492553955857
102,-2269.0,-2844.0
103,-2293.0,-2731.0
104,-2296.8497431205024,-2718.211136836501
105,-2334.0,-2621.0
106,-2354.7289794984054,-2578.999445007544
107,-2408.0,-2481.0
108,-2415.243898600428,-2468.1392529184122
109,-2468.0,-2394.0
110,-2471.728644282337,-2389.3899814120305
111,-2581.7440060778436,-2254.5303261175186
112,-2597.0,-2236.0
113,-2613.6996122909013,-2216.1109394204786
114,-2625.0,-2202.0
115,-2661.703560824379,-2153.2247582458704
116,-2679.0,-2128.0
117,-2698.6223017876446,-2095.557925695253
118,-2720.0,-2052.0
119,-2729.8629692583936,-2027.2139021262772
120,-2746.0,-1958.0
121,-2746.4136546560912,-1952.5957402750453
122,-2738.7278241597205,-1842.6294463211236
123,-2734.0,-1815.0
124,-2709.9271150611835,-1732.8122266970897
125,-2684.0,-1681.0
126,-2650.1285757604246,-1621.5229956223925
127,-2581.0,-1509.0
128,-2573.3134103671136,-1497.0774136542839
129,-2528.653147011338,-1439.5935454291032
130,-2502.0,-1410.0
131,-2367.444368257521,-1260.4090415369712
132,-2349.0,-1240.0
133,-2314.1382632714995,-1201.8532673645136
134,-2279.0,-1161.0
135,-2261.520097329751,-1139.8700969268368
136,-2210.0,-1076.0
137,-2175.3241796869506,-1029.5000129973237
138,-2137.0,-974.0
139,-2126.373708907092,-958.3619556752277
140,-2065.1981899874577,-867.324753684909
141,-2042.0,-833.0
142,-1972.0,-733.0
143,-1943.8692045431956,-694.0230316979139
144,-1893.0,-625.0
145,-1876.385681713555,-603.2034450154766
146,-1827.1354728282506,-540.939621556375
147,-1807.0,-516.0
148,-1770.4691118197873,-471.28801996887586
149,-1747.0,-443.0
150,-1691.0680381623229,-377.37203734519386
151,-1689.0,-375.0
152,-1658.0,-340.0
153,-1624.0,-304.0
154,-1598.0413787395905,-279.59387727245905
155,-1537.0,-227.0
156,-1531.080551107381,-222.36303553680003
157,-1510.134664995734,-211.3021857744889
158,-1503.0,-209.0
159,-1460.1418571692616,-197.30993537352674
160,-1458.0,-197.0
161,-1413.6757275722086,-198.77161314348115
162,-1392.0,-205.0
163,-1352.0,-223.0
164,-1345.5099504539714,-226.45569798273704
165,-1320.0,-243.0
166,-1311.474680630401,-250.14560270998481
167,-1269.0055623906417,-297.66696274760204
168,-1268.0,-299.0
169,-1263.0,-306.0
170,-1243.666004036658,-347.35790790225224
171,-1227.0,-394.0
172,-1220.0150345333807,-415.85901166858423
173,-1209.5679127987885,-461.1858947831843
174,-1207.0,-473.0
175,-1189.949362333591,-540.6711336789846
176,-1189.0,-544.0
177,-1166.0,-622.0
178,-1159.458898501342,-643.4862636173214
179,-1147.2884709026541,-678.5639745053566
180,-1138.0,-702.0
181,-1119.7389112398323,-748.6371183593374
182,-1109.0,-775.0
183,-1060.783527869737,-879.6494565439151
184,-1056.0,-889.0
185,-1046.0,-908.0
186,-1033.3655154236887,-929.96523628641
187,-1026.0,-942.0
188,-999.3105039205326,-985.312589231028
189,-994.0,-993.0
190,-956.1409163698072,-1040.412963100657
191,-927.0,-1073.0
192,-909.6029708218713,-1090.8596318517245
193,-888.0,-1103.0
194,-871.3851636932591,-1110.864966571105
195,-828.8064274920042,-1129.3092193589164
196,-827.0,-1130.0
197,-803.2207035054976,-1134.0552462195046
198,-795.0,-1132.0
199,-762.0,-1121.0
200,-758.2368411471251,-1118.5668515562147
201,-742.8413302020476,-1101.8782978140152
202,-736.0,-1088.0
203,-731.0,-1065.0
204,-730.546879182544,-1057.3232525862443
205,-731.8568066022323,-1032.2980540055248
206,-732.0,-1031.0
207,-738.0,-999.0
208,-738.2934864428621,-997.7255366279339
209,-744.0,-978.0
210,-749.5458631189607,-963.9616513192485
211,-760.0,-940.0
212,-777.1858127350973,-908.0618698866097
213,-790.3294463607901,-889.3488552708669
214,-792.0,-887.0
215,-807.2866927584686,-866.5951529109027
216,-812.0,-861.0
217,-831.9480491428317,-838.4642752200548
218,-861.0,-807.0
219,-898.1730828527218,-768.070241550324
220,-935.0,-730.0
221,-956.8623958054947,-707.0316278163972
222,-974.0,-685.0
223,-987.9848583619478,-664.647680905728
224,-1001.0,-644.0
225,-1013.9279025005791,-619.4531516925707
226,-1018.0,-607.0
227,-1024.8292093392467,-522.907591957619
228,-1024.0,-497.0
229,-1021.2504108119169,-476.5861061842844
230,-1009.0,-456.0
231,-1001.6389692905523,-445.05514687626396
232,-979.6224948678582,-413.2210964234843
233,-956.0,-386.0
234,-933.0627921003087,-366.78248179229814
235,-921.0,-358.0
236,-891.0,-338.0
237,-888.4433634925161,-336.438740617003
238,-851.2183445238923,-315.1902779144308
239,-842.0,-310.0
240,-823.7540713012547,-299.89107383043427
241,-822.0,-299.0
242,-756.2590355565517,-268.31909108248124
243,-740.0,-261.0
244,-692.2931384287422,-240.30444072828155
245,-640.0,-221.0
246,-637.4960261339185,-220.12947740433398
247,-571.0,-198.0
248,-542.8491963828304,-189.44632115893447
249,-534.0,-187.0
250,-483.94839623431744,-176.20468449191958
251,-464.0,-173.0
252,-398.0,-168.0
253,-388.35217977316,-168.75556496172769
254,-336.7595268650067,-178.6846710707631
255,-329.0,-181.0
256,-291.58960845144907,-201.06251777806966
257,-277.0,-216.0
258,-253.0,-248.0
259,-244.35734871819525,-261.969731694228
260,-227.0194155152352,-298.5413260070766
261,-224.0,-307.0
262,-205.4412708072434,-372.8408970566021
263,-197.0,-408.0
264,-194.4597874520813,-419.5725558876429
265,-191.0,-449.0
266,-188.86944191806066,-471.7217792712782
267,-187.0,-494.0
268,-186.36139822329798,-507.50683683410693
269,-186.0,-523.0
270,-185.0,-570.0
271,-185.69371579774133,-618.2788528919953
272,-189.0,-695.0
273,-189.16761858540568,-698.9830802778229
274,-190.0,-717.0
275,-199.0,-809.0
276,-202.19856706102058,-838.0417063082451
277,-209.0,-900.0
278,-247.44729825655588,-1246.9802405871478
279,-248.0,-1252.0
280,-268.0,-1435.0
281,-270.1660873231959,-1455.3273764024618
282,-289.4300414986251,-1626.6765956226309
283,-295.0,-1662.0
284,-301.0,-1697.0
285,-304.89594444314406,-1717.0632662794108
286,-332.24914625795884,-1831.6390403826003
287,-364.0,-1946.0
288,-388.3305302857743,-2024.1314541941586
289,-411.0,-2091.0
290,-439.7816505182861,-2174.313105449599
291,-482.0,-2286.0
292,-540.9006524608559,-2433.9351370324403
293,-561.0,-2484.0
294,-605.9192701161471,-2595.1548297292984
295,-636.0,-2660.0
296,-662.279967552189,-2715.2341291815474
297,-684.0,-2760.0
298,-723.2638436364045,-2837.720600498247
299,-777.0,-2931.0
300,-871.0,-3068.0
301,-889.9122408421388,-3091.6328630874723
302,-1036.0,-3247.0
303,-1062.6038701866569,-3272.4482420557197
304,-1180.0154437269105,-3363.300269562238
305,-1220.0,-3388.0
306,-1314.4360162703986,-3442.990257559542
307,-1362.0,-3469.0
308,-1414.3938795854224,-3495.31853948114
309,-1456.0,-3515.0
310,-1634.6717562118145,-3598.8746448703555
311,-1660.0,-3611.0
312,-1942.2226779865173,-3751.4150128801566
313,-1983.0,-3772.0
314,-2036.4171704456467,-3798.899622141919
315,-2106.0,-3834.0
316,-2163.0977449559646,-3862.9644208448526
317,-2257.0,-3910.0
318,-2279.8254712461085,-3921.152389274328
319,-2424.0,-3989.0
320,-2446.4457509918875,-3999.2536683211524
321,-2538.0,-4040.0
322,-2588.686508688311,-4061.3836022865353
323,-2683.0,-4099.0
324,-2837.792551885851,-4156.105665784291
325,-2875.0,-4169.0
326,-3065.9017055378713,-4227.720672707664
327,-3101.0,-4237.0
328,-3187.452145325532,-4258.250406776667
329,-3253.0,-4273.0
330,-3411.0,-4302.0
331,-3465.0,-4310.0
332,-3492.883447790159,-4313.908097055963
333,-3665.629467890559,-4334.117271320999
334,-3693.0,-4337.0
335,-3747.84165967883,-4342.637395040495
336,-3862.201041705095,-4353.871900879496
337,-3873.0,-4355.0
338,-3945.0,-4363.0
339,-3981.0,-4368.0
340,-4039.81844957102,-4379.579171164924
341,-4106.0,-4400.0
342,-4136.437484395039,-4416.587877404918
343,-4180.018440414118,-4470.41187366934
344,-4195.0,-4497.0
345,-4195.88494184701,-4498.589158234124
346,-4212.0,-4528.0
347,-4213.102782092836,-4530.001246366793
348,-4243.0,-4578.0
349,-4265.869209613633,-4601.154747606333
350,-4302.035525786384,-4627.3554104223085
351,-4311.0,-4633.0
352,-4331.455660985026,-4643.15276254007
353,-4360.0,-4647.0
354,-4368.231020166116,-4647.536267590529
355,-4433.188161327314,-4649.823746317467
356,-4440.0,-4650.0
357,-4462.920535414211,-4650.202613289314
358,-4485.713136747569,-4644.564132436819
359,-4488.0,-4644.0
360,-4555.007335895282,-4627.47370011561
361,-4569.0,-4624.0
362,-4596.280210133425,-4617.100316210105
363,-4611.0,-4614.0
364,-4665.548422572662,-4603.994643043757
365,-4720.0,-4600.0
366,-4758.262136891052,-4600.752024374811
367,-4860.0,-4610.0
368,-4868.983488463056,-4611.056794336373
369,-4902.021466600917,-4616.382133387763
370,-4954.0,-4625.0
371,-5045.90083584644,-4638.703805256138
372,-5109.0,-4648.0
373,-5167.112467116927,-4656.729407336284
374,-5211.0,-4663.0
375,-5231.905006681608,-4665.839757636062
376,-5334.302297455168,-4679.276607944354
377,-5371.0,-4684.0
378,-5420.167114116114,-4690.261323001905
379,-5434.0,-4692.0
380,-5541.0,-4705.0
381,-5582.154800597401,-4709.897589869486
382,-5779.0,-4733.0
383,-5876.017303591455,-4743.761080135928
384,-5969.0,-4753.0
385,-5990.665204661305,-4755.097631432967
386,-6114.997666301104,-4766.67365260969
387,-6130.0,-4768.0
388,-6260.257547575768,-4778.827966894134
389,-6292.0,-4781.0
390,-6417.541367677439,-4788.008057511457
391,-6433.0,-4789.0
392,-6486.0,-4793.0
393,-6509.846500251846,-4794.523840984192
394,-6586.0,-4803.0
395,-6615.3654932814125,-4810.338468402126
396,-6714.954364017176,-4847.470058494243
397,-6767.0,-4871.0
398,-6802.414751860599,-4890.97063032162
399,-6839.0,-4929.0
400,-6855.9943629149075,-4947.852267876711
401,-6949.0,-5055.0
402,-7000.562655660737,-5128.81623202781
403,-7021.0,-5165.0
404,-7042.059206030138,-5203.155744278641
405,-7063.0,-5243.0
406,-7110.0,-5354.0
407,-7116.716209742347,-5373.7564135616985
408,-7158.571328587333,-5511.898945256701
409,-7160.0,-5517.0
410,-7176.14076948253,-5580.704770192722
411,-7182.558556711942,-5623.221528905214
412,-7188.0,-5660.0
413,-7203.0,-5764.0
414,-7203.812397290684,-5770.598767955921
415,-7214.844018322958,-5889.52524341066
416,-7216.0,-5907.0
417,-7220.0,-5992.0
418,-7220.410394148131,-6011.704144142862
419,-7218.0,-6127.0
420,-7213.093690272094,-6181.759788193175
421,-7204.0,-6235.0
422,-7166.0,-6343.0
423,-7162.683000073568,-6348.876498738
424,-7081.954780901134,-6436.684246063089
425,-7018.0,-6518.0
426,-6968.768538233599,-6621.656928959968
427,-6944.0,-6685.0
428,-6925.137852621746,-6740.306251007007
429,-6911.0,-6789.0
430,-6902.159901063289,-6819.354126821759
431,-6861.2604877147105,-6962.625463211473
432,-6852.0,-6998.0
433,-6820.536374684387,-7132.817379787357
434,-6813.0,-7169.0
435,-6808.0,-7195.0
436,-6805.282375523612,-7209.863426407961
437,-6785.612135250751,-7327.383090321242
438,-6776.0,-7394.0
439,-6765.0,-7485.0
440,-6760.464128280138,-7527.504236192935
441,-6755.0,-7587.0
442,-6754.545437909439,-7592.452547588346
443,-6748.0,-7682.0
444,-6746.0,-7724.0
445,-6746.169665342801,-7748.939291175155
446,-6754.84067529134,-7862.917426510408
447,-6761.0,-7909.0
448,-6774.438729159582,-7947.725940826012
449,-6794.0,-7966.0
450,-6856.0,-8022.0
451,-6876.312344515002,-8049.986561011202
452,-6887.0,-8072.0
453,-6899.0,-8163.0
454,-6898.823274162465,-8174.3345267871155
455,-6890.0,-8267.0
456,-6888.204108552017,-8278.487072016207
457,-6873.0,-8356.0
458,-6866.0,-8387.0
459,-6858.671644399599,-8415.135053468655
460,-6843.0,-8468.0
461,-6834.118356734068,-8495.877577262558
462,-6806.106006205457,-8573.109814674604
463,-6786.0,-8620.0
464,-6765.737163013257,-8664.704238421733
465,-6722.0,-8753.0
466,-6647.315432600466,-8872.231846165518
467,-6581.0,-8964.0
468,-6561.75627458869,-8992.617986369996
469,-6524.0,-9030.0
470,-6497.252708847525,-9053.923017952697
471,-6355.0,-9175.0
472,-6339.62276184753,-9187.105256108063
473,-6259.5984961216645,-9230.739063713681
474,-6251.0,-9235.0
475,-6200.750010265956,-9261.889379198044
476,-6182.0,-9272.0
477,-6095.0,-9319.0
478,-6059.258495811661,-9341.254249671296
479,-6012.0,-9373.0
480,-5977.924740018823,-9399.572582104882
481,-5961.1901766621495,-9422.714493464284
482,-5952.0,-9440.0
483,-5946.897377796177,-9450.210007360842
484,-5937.0,-9473.0
485,-5929.0,-9523.0
486,-5928.978483877711,-9525.554728960518
487,-5931.0,-9557.0
488,-5931.34821173999,-9559.695829448508
489,-5937.0,-9589.0
490,-5955.709407233547,-9639.566150491142
491,-5958.0,-9644.0
492,-5973.0,-9668.0
493,-5983.706969251084,-9680.569775457196
494,-5992.0,-9689.0
495,-6013.0,-9706.0
496,-6050.20209772418,-9724.390657946205
497,-6085.0,-9738.0
498,-6129.578340974551,-9750.967441085815
499,-6168.0,-9757.0
500,-6178.007289901489,-9758.245950091732
501,-6233.0,-9764.0
502,-6259.4507928996245,-9766.612868607812
503,-6326.0,-9771.0
504,-6436.0,-9773.0
505,-6440.750808429031,-9772.97692982732
506,-6511.394961088003,-9769.267954801502
507,-6541.0,-9766.0
508,-6579.264060520332,-9761.879427528846
509,-6614.0,-9754.0
510,-6654.9758191209585,-9740.943373574404
511,-6686.0,-9729.0
512,-6708.853218545915,-9716.712354395115
513,-6724.735959602479,-9700.769772233785
514,-6728.0,-9697.0
515,-6760.351932670302,-9653.304806655433
516,-6766.0,-9643.0
517,-6782.0,-9603.0
518,-6785.189023164842,-9592.476285225328
519,-6801.710677032646,-9528.42578269557
520,-6804.0,-9519.0
521,-6814.215935514331,-9472.11249410951
522,-6819.0,-9446.0
523,-6825.821222916177,-9410.70455727933
524,-6835.0,-9377.0
525,-6846.309036889659,-9343.12355697277
526,-6877.0,-9265.0
527,-6923.458744167085,-9178.261537721752
528,-6964.0,-9119.0
529,-6992.9397104226055,-9078.639341589884
530,-7018.0,-9042.0
531,-7065.2665252804745,-8970.573612182267
532,-7136.0,-8860.0
533,-7148.619831585216,-8838.92041038299
534,-7185.0,-8765.0
535,-7191.297871880901,-8750.965202459392
536,-7227.736865440788,-8667.321342951207
537,-7234.0,-8652.0
538,-7284.5075233949265,-8514.342191695248
539,-7286.0,-8510.0
540,-7320.0,-8407.0
541,-7350.883252958673,-8306.460459958731
542,-7392.0,-8168.0
543,-7410.426088904196,-8103.832975893979
544,-7420.0,-8069.0
545,-7449.204688932567,-7961.650652828876
546,-7488.478178293339,-7817.521471783038
547,-7490.0,-7812.0
548,-7510.70226652517,-7738.400861121787
549,-7532.0,-7653.0
550,-7557.576112342737,-7537.040883255038
551,-7587.0,-7395.0
552,-7607.755601040862,-7271.127078572963
553,-7618.0,-7180.0
554,-7630.179187339843,-7059.523561220476
555,-7631.0,-7050.0
556,-7652.0,-6777.0
557,-7654.695042488616,-6739.903318539943
558,-7664.0,-6577.0
1,-7680.0,-6315.0
2,-7678.624532825597,-6201.898159659421
3,-7674.0,-6082.0
4,-7667.0,-5971.0
5,-7654.494416998641,-5831.55330046443
6,-7628.0,-5584.0
7,-7620.019679203814,-5525.541608656184
8,-7611.0,-5480.0
9,-7597.271686283685,-5407.230808852084
10,-7581.0,-5327.0
11,-7548.789190664326,-5187.080427336686
12,-7532.0,-5119.0
13,-7514.997963559541,-5053.95259388268
14,-7484.071907071548,-4950.4516547831345
15,-7483.0,-4947.0
16,-7466.135279560482,-4893.76784737657
17,-7450.946273375024,-4851.946292929742
18,-7444.0,-4834.0
19,-7431.0,-4802.0
20,-7369.650362690845,-4705.408295762797
21,-7360.0,-4695.0
22,-7333.1778211080655,-4673.18877241514
23,-7297.0,-4656.0
24,-7229.0,-4631.0
25,-7226.292238434299,-4630.1668650991805
26,-7165.0,-4616.0
27,-7142.189543870565,-4612.340061222981
28,-7055.6898031331175,-4600.59636710834
29,-7051.0,-4600.0
30,-6932.870378436607,-4588.6972658786135
31,-6911.0,-4587.0
32,-6843.927610962553,-4581.435551618618
33,-6839.0,-4581.0
34,-6768.081804560814,-4574.469466928913
35,-6763.0,-4574.0
36,-6683.421224056355,-4566.713188982295
37,-6656.0,-4564.0
38,-6621.574344276274,-4560.312840111595
39,-6562.0,-4552.0
40,-6413.0,-4527.0
41,-6373.604529280219,-4519.800551722342
42,-6273.90744374567,-4498.139019175398
43,-6225.0,-4486.0
44,-6198.666340001197,-4479.454776646677
45,-6072.0,-4448.0
46,-6067.152421075961,-4446.80189643615
47,-5982.134902726474,-4425.842249834371
48,-5909.0,-4408.0
49,-5803.013266904985,-4382.2586255474125
50,-5798.0,-4381.0
51,-5728.0,-4363.0
52,-5523.0,-4310.0
53,-5505.638522499178,-4305.533282934926
54,-5400.0,-4279.0
55,-5348.996521054875,-4266.837376198713
56,-5196.0,-4234.0
57,-5189.439684985507,-4232.83592245824
58,-5081.649304693722,-4217.033808476767
59,-5073.0,-4216.0
60,-4790.677817617281,-4189.632835869949
61,-4783.0,-4189.0
62,-4676.6029721029945,-4179.406875201995
63,-4584.0,-4149.0
64,-4494.96972682182,-4115.759891624481
65,-4427.0,-4089.0
66,-4324.060831688259,-4039.3220435660514
67,-4283.0,-4017.0
68,-4243.018377030077,-3996.2359015321254
69,-4140.0,-3945.0
70,-4080.849544673386,-3917.062601835375
71,-3994.0,-3879.0
72,-3947.4147577827407,-3860.4770285998425
73,-3872.0,-3833.0
74,-3810.030267456025,-3812.5404818780453
75,-3732.0,-3790.0
76,-3595.0,-3759.0
77,-3543.54216144551,-3749.4811473506998
78,-3399.69486024286,-3728.0195111863627
79,-3392.0,-3727.0
80,-3268.0,-3712.0
81,-3173.8588920111474,-3701.4643795561437
82,-3138.0,-3697.0
83,-3034.576241273366,-3681.5202757825255
84,-3014.0,-3678.0
85,-2852.0,-3643.0
86,-2835.0100536384075,-3638.043760357692
87,-2738.0,-3603.0
88,-2674.5481263327606,-3572.9804545561865
89,-2577.0,-3517.0
90,-2573.4647083492046,-3514.7097396155787
91,-2541.0,-3492.0
92,-2480.0071585466517,-3442.900370348623
93,-2459.0,-3423.0
94,-2414.1598706359036,-3373.5068626705743
95,-2343.910691178644,-3276.526050570622
96,-2336.0,-3264.0
97,-2296.236174133063,-3178.320083116436
98,-2283.0,-3126.0
99,-2273.0,-3079.0
100,-2263.5076186196025,-3023.5761057380982
101,-2262.0,-2983.0
102,-2273.636918264151,-2824.373405934461
103,-2277.0,-2796.0
104,-2295.8919762387736,-2713.480480230192
105,-2308.0,-2684.0
106,-2327.5747512082075,-2637.581898002805
107,-2365.0,-2557.0
108,-2407.0,-2484.0
109,-2410.2217758534357,-2479.013066806964
110,-2479.06710642304,-2379.459506469912
111,-2483.0,-2374.0
112,-2538.386223226781,-2301.919788063452
113,-2584.4093469350105,-2251.031339879119
114,-2592.0,-2242.0
115,-2630.0,-2195.0
116,-2648.4845181708215,-2170.7218809753153
117,-2681.0,-2124.0
118,-2734.0,-2014.0
119,-2735.015790934375,-2010.5752293788764
120,-2748.0,-1946.0
121,-2749.676750792206,-1882.209648159726
122,-2742.0,-1845.0
123,-2713.0,-1747.0
124,-2707.1871865943244,-1729.4915815373254
125,-2671.88496490106,-1649.2449498857247
126,-2645.0,-1609.0
127,-2621.8909833802145,-1573.2455854082332
128,-2588.008590311944,-1521.070764889488
129,-2555.0,-1476.0
130,-2544.0,-1462.0
131,-2535.9610314382826,-1451.9157045875195
132,-2490.9060740654286,-1397.2990030818305
133,-2463.0,-1365.0
134,-2398.2456031441716,-1293.1669737798977
135,-2367.0,-1259.0
136,-2344.159208620317,-1234.0183180572183
137,-2295.0,-1179.0
138,-2241.0,-1114.0
139,-2237.650690510794,-1109.8416773768856
140,-2188.0,-1046.0
141,-2136.0,-973.0
142,-2107.9578301292318,-931.9462781182758
143,-2039.0,-829.0
144,-1985.8887497460505,-752.6321458176837
145,-1910.0782910764515,-648.1291813137625
146,-1907.0,-644.0
147,-1895.0,-628.0
148,-1831.0828295569916,-545.5643936610085
149,-1771.0,-471.0
150,-1723.0140372444432,-414.20704129482084
151,-1690.5879369334039,-377.44772535006007
152,-1684.0,-370.0
153,-1652.0,-334.0
154,-1645.4030982167615,-326.6770837073621
155,-1614.0,-293.0
156,-1595.1801467304426,-274.57878350590977
157,-1572.0,-254.0
158,-1528.482950751952,-221.7061244758024
159,-1523.0,-218.0
160,-1478.0,-200.0
161,-1449.2312625934069,-199.31218181917257
162,-1410.0,-201.0
163,-1367.0589687988522,-209.72592605880538
164,-1350.0,-224.0
165,-1348.763477697894,-224.8792941998809
166,-1314.1658607563181,-248.75555758776565
167,-1309.0,-253.0
168,-1286.0,-276.0
169,-1275.553245447024,-287.82048940219
170,-1254.0,-324.0
171,-1235.0529418471901,-372.34138254918145
172,-1229.0,-389.0
173,-1218.1027473667514,-427.0957983174236
174,-1217.0,-432.0
175,-1204.7334065146883,-483.4280250159398
176,-1193.0,-529.0
177,-1182.1959360699493,-567.8881712743196
178,-1174.0,-595.0
179,-1162.8594042206591,-628.8663691162895
180,-1157.0,-646.0
181,-1130.0,-722.0
182,-1126.0390557020862,-732.5189931732258
183,-1103.0,-790.0
184,-1063.0,-876.0
185,-1055.6675249086873,-889.7985493909089
186,-1021.0,-952.0
187,-1001.1421322382298,-985.5901535045267
188,-976.0,-1018.0
189,-973.0585086107424,-1021.4836334767684
190,-933.0,-1067.0
191,-923.7127836904524,-1076.2643038161125
192,-892.0,-1101.0
193,-889.7512377370044,-1102.3136166640186
194,-848.9914449254254,-1122.3364160253097
195,-843.0,-1125.0
196,-820.9942921872224,-1132.552729413914
197,-811.0,-1132.0
198,-804.5432586245275,-1131.2743249509258
199,-766.0,-1123.0
200,-758.5762711328393,-1119.0458436544843
201,-748.0,-1107.0
202,-733.4695468807965,-1070.8197891189495
203,-731.0,-1061.0
204,-728.4928785244583,-1041.59701453886
205,-733.2560095588292,-1013.9397198501646
206,-738.0,-997.0
207,-739.3674719272849,-991.676964757504
208,-742.2762375864229,-980.8600179150533
209,-744.0,-976.0
210,-757.3134094285128,-944.4413459101476
211,-758.0,-943.0
212,-768.9540666524914,-921.9602853990677
213,-773.0,-915.0
214,-801.8915692720632,-873.4180269852051
215,-803.0,-872.0
216,-822.0,-849.0
217,-830.4425144116715,-839.698492955383
218,-832.0,-838.0
219,-870.0,-797.0
220,-875.2601651241424,-791.5629545076282
221,-928.0,-738.0
222,-929.5224895206582,-736.3683489906516
223,-971.0,-689.0
224,-1002.4090689169172,-642.6196642844671
225,-1004.0,-639.0
226,-1029.0,-561.0
227,-1030.6820449459037,-553.7121743733305
228,-1029.0,-529.0
229,-1028.146088380552,-523.8350832737863
230,-1021.0,-484.0
231,-1018.9917817457987,-477.23876586097083
232,-992.0,-425.0
233,-982.4139412997198,-413.1541006070752
234,-975.0,-405.0
235,-957.4288721454412,-387.6830990089964
236,-924.0,-360.0
237,-922.1828286641094,-358.6318678444297
238,-886.0,-334.0
239,-884.1852084645773,-332.88907223341323
240,-849.604933090184,-313.3838539461085
241,-847.0,-312.0
242,-781.0,-279.0
243,-770.180584412717,-273.8663524655972
244,-722.0,-253.0
245,-700.8764858545281,-244.5742531821267
246,-619.0,-213.0
247,-597.322640652399,-205.05409824786648
248,-556.0,-193.0
249,-525.1100853409984,-184.46121638870878
250,-486.0,-176.0
251,-411.18194193088055,-168.38627905476528
252,-375.0,-169.0
253,-351.43484046751365,-172.25490873140234
254,-284.0,-209.0
255,-282.87749408299914,-209.84071303676205
256,-270.02285697929824,-220.25055769362618
257,-256.0,-243.0
258,-254.6895673831289,-245.48675082357175
259,-228.44992501987693,-299.6579789034643
260,-218.0,-324.0
261,-201.2021803738079,-373.4212585217763
262,-191.71569376756557,-439.2864315422073
263,-191.0,-447.0
264,-187.68179416939984,-493.7372742777602
265,-185.0,-548.0
266,-184.65585121912125,-555.1201302665011
267,-184.25204768731209,-570.9251908266305
268,-185.0,-593.0
269,-189.29905298418697,-685.8305293419726
270,-193.0,-750.0
271,-195.93716181394677,-787.56073808105
272,-203.0,-848.0
273,-208.59112795893506,-897.7092682826005
274,-214.0,-945.0
275,-222.93110256240018,-1019.7114180495353
276,-225.0,-1038.0
277,-244.0,-1216.0
278,-244.54079558031782,-1221.13292318168
279,-252.63623265366735,-1298.1816989767774
280,-255.0,-1321.0
281,-272.0974403331856,-1478.504375638682
282,-273.0,-1486.0
283,-293.6753792503198,-1647.7687131751234
284,-300.0,-1693.0
285,-305.67566673405923,-1728.4253219845227
286,-318.0,-1775.0
287,-344.747254022315,-1867.627581992634
288,-410.0,-2087.0
289,-428.607783428784,-2143.7685468943378
290,-444.0,-2185.0
291,-511.3961729730232,-2363.341468168485
292,-514.0,-2370.0
293,-575.0,-2519.0
294,-598.4608265935569,-2573.347367475927
295,-647.0,-2682.0
296,-714.33943270234,-2819.234448675188
297,-782.5234440581199,-2939.3618397575347
298,-786.0,-2945.0
299,-853.2811361008717,-3045.4787563348295
300,-935.7555794720081,-3146.33863144036
301,-940.0,-3151.0
302,-1001.0,-3214.0
303,-1038.4531433986879,-3249.15987804693
304,-1127.4257407012046,-3323.704194083375
305,-1133.0,-3328.0
306,-1304.9624346223866,-3438.188890912575
307,-1314.0,-3443.0
308,-1516.0,-3543.0
309,-1560.4405331637058,-3564.1422882961824
310,-1632.0,-3597.0
311,-1691.925047160466,-3625.859901565902
312,-1779.0,-3669.0
313,-2011.403034777988,-3786.959017375354
314,-2037.0,-3800.0
315,-2147.2690711945074,-3855.5135298199157
316,-2175.0,-3869.0
317,-2305.3099155965397,-3932.15478709163
318,-2486.0,-4017.0
319,-2512.679465420332,-4028.9252124118457
320,-2783.881118966892,-4136.754070848483
321,-2823.0,-4151.0
322,-2865.648018057358,-4166.233205537879
323,-2965.3020052744505,-4198.673043306351
324,-2973.0,-4201.0
325,-3087.0,-4234.0
326,-3156.9122862689433,-4252.062865473957
327,-3300.0765413321783,-4282.686025647691
328,-3307.0,-4284.0
329,-3437.002993186762,-4305.841800329007
330,-3473.0,-4311.0
331,-3580.3160216557944,-4324.5293237315245
332,-3611.0,-4328.0
333,-3670.0,-4334.0
334,-3687.7226827459776,-4335.778636009911
335,-3870.3524621446445,-4354.791273120776
336,-3890.0,-4357.0
337,-4028.2256440034407,-4376.814019124154
338,-4044.0,-4380.0
339,-4075.7497363907823,-4387.615206567509
340,-4097.0,-4396.0
341,-4107.375673335848,-4401.175836724473
342,-4151.841673920558,-4431.850956310434
343,-4154.0,-4434.0
344,-4179.474754203169,-4467.545132244423
345,-4184.0,-4475.0
346,-4207.08447193261,-4519.520165870308
347,-4211.0,-4527.0
348,-4249.74947700753,-4587.186207290797
349,-4254.0,-4592.0
350,-4282.0,-4617.0
351,-4305.563800471204,-4631.011529642636
352,-4316.0,-4635.0
353,-4345.893654800418,-4643.211932507774
354,-4368.0,-4648.0
355,-4383.479450819672,-4650.294524126514
356,-4396.0,-4650.0
357,-4397.28284298897,-4649.998758668758
358,-4437.693597243311,-4649.548239826174
359,-4444.0,-4649.0
360,-4504.888275514702,-4639.417013130026
361,-4507.0,-4639.0
362,-4544.986423413786,-4629.946323099263
363,-4560.0,-4626.0
364,-4592.0,-4618.0
365,-4618.711287102836,-4612.291494534646
366,-4653.0,-4606.0
367,-4660.904118518929,-4604.717102442977
368,-4729.0,-4599.0
369,-4766.8407000320985,-4600.730520534044
370,-4859.0,-4610.0
371,-4886.846126345783,-4613.665158194275
372,-4914.0,-4618.0
373,-4959.370067908057,-4625.122024990704
374,-5035.890369739505,-4636.92661960126
375,-5056.0,-4640.0
376,-5175.0,-4658.0
377,-5180.830580492694,-4658.8613081317735
378,-5286.940815118727,-4672.984903146743
379,-5342.0,-4680.0
380,-5424.0,-4691.0
381,-5472.101062318169,-4697.053251084116
382,-5488.0,-4699.0
383,-5598.0,-4712.0
384,-5691.312649213338,-4722.736767754166
385,-5843.9381818837555,-4740.00148060813
386,-5862.0,-4742.0
387,-5965.50760279782,-4752.828576896644
388,-6019.0,-4758.0
389,-6093.0,-4765.0
390,-6170.550650198178,-4771.699856079224
391,-6213.0,-4775.0
392,-6364.0,-4785.0
393,-6441.546087468042,-4789.367823415255
394,-6505.0,-4794.0
395,-6613.961440479412,-4808.076147129081
396,-6619.0,-4809.0
397,-6694.660625452067,-4829.370542049541
398,-6736.0,-4852.0
399,-6797.71603055438,-4896.075012190502
400,-6832.0,-4923.0
401,-6882.813855810702,-4971.076093355262
402,-6904.0,-4998.0
403,-6916.8540724223,-5014.51724061236
404,-6967.0,-5081.0
405,-7004.0,-5136.0
406,-7006.595094974091,-5140.1546267326075
407,-7061.0,-5239.0
408,-7088.918003773689,-5302.425595497115
409,-7131.0,-5414.0
410,-7132.74942779839,-5419.042425680082
411,-7154.157175741795,-5487.520510501396
412,-7177.0,-5595.0
413,-7183.0,-5627.0
414,-7194.1338683316235,-5697.281793235847
415,-7208.561876685003,-5813.651802764073
416,-7214.0,-5871.0
417,-7218.265296974335,-5949.146800545981
418,-7220.0,-6028.0
419,-7219.547647622812,-6155.112939336327
420,-7208.0,-6209.0
421,-7166.928482551851,-6330.318781930017
422,-7150.0,-6369.0
423,-7117.015141208678,-6420.969258136856
424,-7057.0,-6469.0
425,-7016.86976360094,-6526.95091118808
426,-6971.0,-6612.0
427,-6945.6383261095725,-6678.074436201119
428,-6925.0,-6746.0
429,-6882.0,-6888.0
430,-6876.718323687084,-6905.97694880323
431,-6843.0,-7032.0
432,-6841.037672882814,-7040.41023100863
433,-6799.0,-7239.0
434,-6779.967079104103,-7346.407271431111
435,-6772.0,-7420.0
436,-6767.0,-7466.0
437,-6760.366670995341,-7530.283781446855
438,-6755.0,-7587.0
439,-6749.442517924139,-7651.2281916284655
440,-6747.0,-7692.0
441,-6745.0,-7791.0
442,-6744.948912890654,-7807.6684907450635
443,-6748.0,-7844.0
444,-6758.508973075497,-7886.956725969112
445,-6782.0,-7952.0
446,-6787.403191009829,-7962.475104122966
447,-6833.811174196096,-8000.631273630555
448,-6854.0,-8019.0
449,-6882.419343500788,-8067.288592261161
450,-6896.0,-8111.0
451,-6899.092017870501,-8162.48210932331
452,-6899.0,-8166.0
453,-6897.0,-8201.0
454,-6885.0,-8299.0
455,-6883.779426296311,-8304.89279859453
456,-6856.0,-8423.0
457,-6845.974940581401,-8462.339119110413
458,-6833.356827324075,-8502.53076093782
459,-6818.0,-8542.0
460,-6797.322096853548,-8594.224156455333
461,-6792.0,-8607.0
462,-6749.0,-8700.0
463,-6742.577751676689,-8712.710460456743
464,-6708.0,-8777.0
465,-6705.501862386782,-8781.379566560785
466,-6645.0,-8878.0
467,-6603.584560277854,-8934.809823912687
468,-6520.0,-9034.0
469,-6515.43686738346,-9038.754147747335
470,-6383.7649558384655,-9151.055199450804
471,-6325.0,-9192.0
472,-6308.710192746782,-9202.403397837697
473,-6236.0,-9242.0
474,-6221.167346249896,-9250.053086179132
475,-6172.0,-9277.0
476,-6115.7746275792,-9307.165411715681
477,-6100.0,-9316.0
478,-6032.0,-9359.0
479,-6020.959346657967,-9366.970733209306
480,-5994.0,-9389.0
481,-5988.896784494997,-9393.974101000053
482,-5962.0,-9426.0
483,-5957.865078038685,-9431.620064639035
484,-5949.0,-9445.0
485,-5937.920966797134,-9470.621105369903
486,-5933.0,-9489.0
487,-5928.653505348886,-9518.615067478293
488,-5930.0,-9552.0
489,-5941.3679925697015,-9605.661260497318
490,-5942.0,-9608.0
491,-5949.730118568674,-9631.796070502598
492,-5961.416587033511,-9651.39783700371
493,-5964.0,-9655.0
494,-5985.0,-9681.0
495,-5995.349123733986,-9691.606928019348
496,-6023.0,-9713.0
497,-6033.805071087157,-9719.029793681744
498,-6049.0,-9726.0
499,-6076.249093737432,-9734.928232433085
500,-6090.0,-9739.0
501,-6110.0,-9745.0
502,-6141.756598193201,-9752.636806679046
503,-6149.0,-9754.0
504,-6250.449240439423,-9766.20712947207
505,-6272.0,-9768.0
506,-6298.312437134422,-9769.857062254963
507,-6319.0,-9771.0
508,-6385.854876039375,-9772.951031130198
509,-6395.0,-9773.0
510,-6401.0,-9773.0
511,-6436.056713136271,-9772.856293441519
512,-6484.0,-9772.0
513,-6574.0,-9762.0
514,-6577.792650804778,-9761.198138033567
515,-6645.645421741872,-9744.852473737095
516,-6661.0,-9741.0
517,-6677.433772658,-9736.915699185893
518,-6686.0,-9729.0
519,-6761.0,-9653.0
520,-6762.1941949587335,-9651.56211950374
521,-6772.0,-9629.0
522,-6773.348645167774,-9624.846276160066
523,-6794.0,-9562.0
524,-6794.8339709912125,-9558.810467046054
525,-6810.804389261875,-9486.651510115902
526,-6814.0,-9471.0
527,-6820.950306475119,-9435.803133972477
528,-6830.209336164642,-9395.01587556974
529,-6831.0,-9392.0
530,-6848.0,-9334.0
531,-6853.892595111949,-9317.531196976943
532,-6882.0,-9254.0
533,-6909.0,-9206.0
534,-6925.104603318965,-9179.730577700695
535,-6959.0,-9127.0
536,-6965.949633476734,-9116.514257953011
537,-7000.0,-9067.0
538,-7060.0,-8982.0
539,-7062.829519149962,-8977.70892944169
540,-7136.618947933199,-8857.420798335526
541,-7155.0,-8825.0
542,-7181.980156549016,-8773.726685655689
543,-7220.0,-8685.0
544,-7245.9002692521135,-8618.066413904322
545,-7290.0,-8499.0
546,-7326.203920972241,-8387.975347882237
547,-7338.0,-8349.0
548,-7371.0,-8241.0
549,-7376.221236918102,-8223.236709013167
550,-7413.0,-8093.0
551,-7432.449175852291,-8023.242272025958
552,-7452.0,-7953.0
553,-7489.416947585385,-7817.8210367685715
554,-7505.0,-7758.0
555,-7515.0,-7718.0
556,-7543.906981279051,-7602.735929154594
557,-7555.0,-7555.0
558,-7583.0,-7416.0
559,-7598.671785957461,-7325.046443593245
560,-7602.0,-7303.0
561,-7630.0,-7066.0
562,-7633.256619618314,-7031.560437002112
563,-7639.0,-6963.0
564,-7641.537555657711,-6930.788113521575
565,-7653.0,-6769.0
566,-7657.758344165348,-6694.249676175591
1,-7672.5036657005985,-6386.444843047784
2,-7676.116157603388,-6143.6900227267415
3,-7676.0,-6122.0
4,-7668.404780270091,-5980.710673083488
5,-7663.0,-5918.0
6,-7652.090126601286,-5784.878062955488
7,-7648.0,-5744.0
8,-7632.0,-5618.0
9,-7623.617232315237,-5561.058128002164
10,-7610.0,-5476.0
11,-7589.8747157145635,-5366.818572458277
12,-7586.0,-5348.0
13,-7552.446106468571,-5202.970716602813
14,-7551.0,-5197.0
15,-7532.215808465538,-5120.7632980665485
16,-7531.0,-5116.0
17,-7508.0,-5032.0
18,-7483.96466895585,-4953.8982816497155
19,-7452.0,-4855.0
20,-7439.039967301673,-4816.386615139062
21,-7424.589394360037,-4784.348870738233
22,-7411.0,-4762.0
23,-7386.0,-4723.0
24,-7380.734379576714,-4715.763177832163
25,-7352.722490481131,-4687.07943460143
26,-7333.0,-4675.0
27,-7297.972706995356,-4657.984380871212
28,-7253.0,-4639.0
29,-7206.019196919186,-4623.019475510862
30,-7164.743653379294,-4616.5484289850965
31,-7161.0,-4616.0
32,-7038.0,-4599.0
33,-6989.474915522986,-4593.418149281036
34,-6962.0,-4591.0
35,-6937.025003156307,-4589.004238845788
36,-6911.0,-4587.0
37,-6867.831996673036,-4583.680445508626
38,-6798.0,-4578.0
39,-6793.372256240841,-4577.5941989405155
40,-6681.849563661113,-4566.543733037829
41,-6677.0,-4566.0
42,-6579.0,-4554.0
43,-6488.0,-4540.0
44,-6480.296449072276,-4538.615577931624
45,-6328.090464634649,-4509.595629223873
46,-6320.0,-4508.0
47,-6239.00472840402,-4491.207873154713
48,-6189.386487536797,-4477.939793642426
49,-6166.0,-4472.0
50,-6069.278112456034,-4448.045833033311
51,-5996.0,-4430.0
52,-5912.333601381347,-4409.199543937617
53,-5843.0,-4392.0
54,-5815.889497707381,-4385.336705546055
55,-5674.0,-4350.0
56,-5618.177326360337,-4335.207474967836
57,-5576.0,-4324.0
58,-5497.504542401479,-4303.769146226751
59,-5438.0,-4289.0
60,-5233.0,-4241.0
61,-5225.61728943376,-4239.430798649037
62,-5100.503666534671,-4218.276635645424
63,-5047.0,-4213.0
64,-4824.87555873666,-4194.631079125058
65,-4798.0,-4191.0
66,-4578.952674385219,-4146.3680812065995
67,-4544.0,-4137.0
68,-4450.879431871765,-4104.3773962420155
69,-4393.102593583952,-4073.808793501976
70,-4359.0,-4056.0
71,-4251.1592086611945,-4000.8485941854497
72,-4227.0,-3989.0
73,-3962.0,-3866.0
74,-3928.5543415035977,-3851.5432211756574
75,-3864.1747373269122,-3827.3224855881585
76,-3796.0,-3808.0
77,-3704.345902277409,-3783.163679226798
78,-3667.0,-3774.0
79,-3535.0,-3748.0
80,-3494.1546711180645,-3741.520777247654
81,-3295.0,-3715.0
82,-3107.1580034611397,-3691.585685042249
83,-3033.0,-3682.0
84,-2917.219424769382,-3662.465440839011
85,-2862.0,-3646.0
86,-2834.533693000996,-3637.872305626428
87,-2790.0,-3623.0
88,-2549.216517401198,-3495.56054414083
89,-2526.0,-3481.0
90,-2474.0,-3437.0
91,-2452.016720114102,-3414.4767740520583
92,-2395.0,-3353.0
93,-2391.648909031511,-3349.0055976877597
94,-2334.0,-3260.0
95,-2307.620011891336,-3191.21100991905
96,-2270.0,-3061.0
97,-2264.601944493255,-3029.0863979022456
98,-2265.0,-3017.0
99,-2264.572754786453,-2973.6599094542207
100,-2264.339147093803,-2894.1063577638215
101,-2268.0,-2852.0
102,-2272.0,-2826.0
103,-2283.9177087593253,-2768.0660514146452
104,-2305.0,-2694.0
105,-2562.0,-2278.0
106,-2605.60998540368,-2220.816136979618
107,-2686.0,-2115.0
108,-2695.524411618958,-2101.5577294722266
109,-2716.0,-2060.0
110,-2735.028388699264,-2001.69852538904
111,-2747.0,-1953.0
112,-2749.784893586283,-1891.370991606873
113,-2743.0,-1856.0
114,-2726.6224201963987,-1793.6931654988446
115,-2712.0,-1745.0
116,-2681.63276487073,-1663.8457441150108
117,-2652.5357518490623,-1618.7587231679556
118,-2636.0,-1594.0
119,-2615.104321593333,-1561.63163337882
120,-2573.0,-1500.0
121,-2565.2440919074343,-1489.6869442417596
122,-2497.0,-1405.0
123,-2494.1433275759523,-1401.6370480978173
124,-2436.0,-1336.0
125,-2374.312794601441,-1267.394066939749
126,-2364.0,-1256.0
127,-2288.0,-1172.0
128,-2227.0,-1098.0
129,-2222.355009752884,-1091.8317480251178
130,-2142.0,-981.0
131,-2087.7845701227084,-903.5601349584389
132,-2066.430995414898,-870.145201247337
133,-2041.0,-832.0
134,-1986.0,-752.0
135,-1965.3762801250273,-723.1738296496405
136,-1919.0,-660.0
137,-1853.0,-574.0
138,-1849.9085631453313,-570.0635791395896
139,-1801.7897262265458,-509.4820638146427
140,-1799.0,-506.0
141,-1740.0,-434.0
142,-1723.5712963745991,-414.8282581573804
143,-1662.997662672349,-346.1210576646703
144,-1640.0,-321.0
145,-1581.589541081074,-262.9791768381635
146,-1567.0,-250.0
147,-1547.8752078353025,-234.16422290870315
148,-1523.0,-218.0
149,-1498.194404830098,-204.99402361436353
150,-1451.0,-197.0
151,-1418.376498355658,-201.44792483936556
152,-1388.0,-208.0
153,-1350.4015037418285,-223.1346525317399
154,-1341.0,-230.0
155,-1325.5711951909027,-241.19762967750694
156,-1292.0,-269.0
157,-1272.3129795949392,-293.05728918381516
158,-1271.0,-295.0
159,-1252.0,-329.0
160,-1244.2876855023278,-345.24147042984674
161,-1236.0,-366.0
162,-1226.4755894560938,-396.7949282999765
163,-1213.0,-448.0
164,-1210.1001760864694,-459.09758757620807
165,-1184.0,-560.0
166,-1180.7619909729578,-572.9288544710256
167,-1155.0,-655.0
168,-1145.3632662819218,-680.9815457484955
169,-1105.0,-786.0
170,-1075.0837882023084,-854.7632331925897
171,-1050.9966900423422,-899.6167998520898
172,-1036.0,-926.0
173,-1034.525112090348,-928.6209271186028
174,-1025.0,-944.0
175,-1009.4749431010991,-967.5527280076051
176,-973.0,-1021.0
177,-971.2879230034276,-1023.3522175926785
178,-934.0,-1066.0
179,-885.0,-1105.0
180,-883.0143218443174,-1106.5119568091136
181,-863.8990527494774,-1117.8545359157831
182,-858.0,-1119.0
183,-807.1636979337189,-1128.6757898855349
184,-793.0,-1131.0
185,-771.1091243269223,-1133.1698850494079
186,-760.0143484549385,-1124.7853195367338
187,-753.0,-1113.0
188,-742.1637727597997,-1091.519202486079
189,-733.0,-1071.0
190,-730.7309590861561,-1064.7803111458336
191,-731.0,-1052.0
192,-731.6463002700596,-1040.6100811842375
193,-736.0,-1009.0
194,-742.8947277140261,-983.2609205733461
195,-747.0,-969.0
196,-753.2007981674661,-949.8352702341778
197,-759.0,-940.0
198,-777.2234670007394,-910.0974255289497
199,-791.0,-888.0
200,-796.4517916382331,-879.5505399839878
201,-823.0,-848.0
202,-839.3118882118226,-830.2607952401604
203,-888.0,-778.0
204,-895.3296432833642,-770.2492859690152
205,-954.3372474250324,-708.9780511045034
206,-964.0,-698.0
207,-975.2241561421463,-684.3101367901272
208,-998.0,-650.0
209,-1009.7001622838046,-626.8203567872765
210,-1018.0,-606.0
211,-1027.1470067641787,-569.3498061745657
212,-1029.0,-552.0
213,-1020.004238966975,-482.48059038605385
214,-1018.0,-476.0
215,-997.0,-434.0
216,-987.0714563169751,-421.3761111958562
217,-938.6742126282844,-370.6046673039509
218,-937.0,-369.0
219,-915.0,-353.0
220,-904.9085702120659,-346.5358800209816
221,-864.0,-321.0
222,-850.65756703051,-313.6145667286507
223,-766.0,-272.0
224,-735.0297775055094,-258.38243975672555
225,-694.0,-242.0
226,-691.1232117028936,-240.85730329964034
227,-638.5360718414845,-220.3111025487743
228,-635.0,-219.0
229,-565.0,-196.0
230,-556.1480929302377,-193.4299746251016
231,-515.0,-183.0
232,-504.18607525883795,-180.90224045158385
233,-437.6611635194263,-171.88452784378995
234,-389.0,-168.0
235,-379.64008897481784,-167.8673608497734
236,-360.0,-172.0
237,-336.7174958028713,-178.81122191707976
238,-311.0,-189.0
239,-287.3192105738275,-205.78997451853078
240,-276.0,-218.0
241,-255.31830058705268,-248.06441383848613
242,-225.0,-308.0
243,-217.73480528607934,-325.777479144316
244,-207.34260117654256,-364.2683981650738
245,-206.0,-370.0
246,-198.0,-407.0
247,-197.55527428431137,-409.49869811702837
248,-191.0,-457.0
249,-188.42208744238323,-481.50507472898283
250,-188.0,-487.0
251,-186.07041659624213,-534.3187228470474
252,-186.0,-537.0
253,-184.8620130135904,-622.3239171421591
254,-185.0,-632.0
255,-186.55306507348695,-674.1558702652067
256,-188.0,-695.0
257,-200.70188835395857,-827.300257547168
258,-203.0,-849.0
259,-206.8815507013445,-881.9651334673171
260,-210.0,-908.0
261,-218.0,-980.0
262,-218.59697414962352,-985.2995820815689
263,-230.0,-1085.0
264,-231.61407106572727,-1099.5653701122867
265,-242.43752232485787,-1199.8546044151387
266,-243.0,-1205.0
267,-256.4209353886223,-1326.5799466151825
268,-257.0,-1332.0
269,-266.0,-1419.0
270,-274.12189015009017,-1500.0464091460085
271,-285.0,-1589.0
272,-285.9385806215611,-1595.6007434261292
273,-315.0,-1763.0
274,-355.6957338525836,-1917.783871801397
275,-394.0,-2039.0
276,-402.82729369070967,-2065.8561115680077
277,-423.0,-2124.0
278,-462.9725929265786,-2236.491009198914
279,-490.0,-2309.0
280,-532.3476848149817,-2415.1285026331984
281,-545.0,-2446.0
282,-573.2049858065122,-2514.253815164753
283,-603.0,-2584.0
284,-628.4561333717866,-2640.849700111
285,-654.0,-2697.0
286,-702.0,-2797.0
287,-759.8415791234388,-2894.67100919917
288,-889.0,-3091.0
289,-936.2639411812447,-3153.231926352216
290,-985.0,-3199.0
291,-998.9606300640289,-3212.032394927359
292,-1082.0,-3287.0
293,-1135.919851693933,-3329.8278873126446
294,-1262.0,-3414.0
295,-1328.595022082261,-3451.316492758985
296,-1381.0,-3478.0
297,-1599.0,-3582.0
298,-1623.032842631217,-3593.3156417090922
299,-1762.7283463510687,-3660.148961537346
300,-1816.0,-3687.0
301,-2048.0,-3805.0
302,-2072.3003618560997,-3817.3737858727936
303,-2149.9190854791464,-3856.866684568884
304,-2223.0,-3893.0
305,-2242.54773210663,-3902.55687200209
306,-2336.0,-3948.0
307,-2508.0,-4027.0
308,-2586.1781820139286,-4059.1802355923546
309,-2793.0,-4141.0
310,-2887.883906054955,-4175.844607704922
311,-2945.20570706532,-4192.27456075344
312,-2951.0,-4194.0
313,-3087.0,-4234.0
314,-3188.4833522466415,-4259.197589071027
315,-3298.0,-4282.0
316,-3362.3211807429643,-4293.994492266273
317,-3448.0,-4308.0
318,-3572.0,-4323.0
319,-3596.35945103088,-4325.634817538077
320,-3780.0,-4345.0
321,-3819.2778433095764,-4349.128935202897
322,-3844.0,-4352.0
323,-3912.309403459726,-4360.026040689835
324,-4000.0,-4371.0
325,-4055.037648469095,-4381.160738624391
326,-4073.0,-4387.0
327,-4116.0,-4405.0
328,-4149.944087356765,-4429.384883598787
329,-4174.0,-4460.0
330,-4195.399901361832,-4497.8931775369565
331,-4214.0,-4534.0
332,-4235.708501516142,-4569.255957190107
333,-4240.0,-4575.0
334,-4285.0,-4619.0
335,-4311.933131100732,-4631.249130801342
336,-4351.0,-4645.0
337,-4363.909982335503,-4649.126462028063
338,-4388.0,-4650.0
339,-4406.159431524179,-4649.343353756239
340,-4462.0,-4647.0
341,-4463.895298391407,-4646.844491576697
342,-4493.0,-4642.0
343,-4494.83011996713,-4641.627429362508
344,-4540.0,-4632.0
345,-4565.376154920219,-4625.507181953004
346,-4610.0,-4614.0
347,-4622.915833065195,-4611.267513737964
348,-4652.0,-4606.0
349,-4665.710860180344,-4603.92239039739
350,-4738.0,-4599.0
351,-4774.979500918834,-4600.920845254868
352,-4837.0,-4607.0
353,-4895.150357262413,-4614.99683277797
354,-4921.0,-4619.0
355,-5104.0,-4647.0
356,-5109.649949332827,-4647.84661532593
357,-5266.164813422157,-4670.444722738763
358,-5307.0,-4676.0
359,-5376.67609589964,-4685.142856903562
360,-5497.0,-4700.0
361,-5503.108486451693,-4700.730959922157
362,-5611.066449413639,-4713.4240677065445
363,-5746.0,-4729.0
364,-5778.9523560175985,-4732.7896868990365
365,-5900.0,-4746.0
366,-5915.324484109625,-4747.551882065211
367,-6065.62113448125,-4762.2012631702355
368,-6085.0,-4764.0
369,-6187.0,-4773.0
370,-6244.956290145751,-4777.612424757822
371,-6277.0,-4780.0
372,-6388.0,-4787.0
373,-6437.79430365403,-4788.744739865751
374,-6571.202272791849,-4800.529417352422
375,-6578.0,-4802.0
376,-6719.0,-4843.0
377,-6767.358171077925,-4864.7097491479535
378,-6796.0,-4892.0
379,-6871.0,-4961.0
380,-6889.61862160506,-4981.469228558437
381,-6970.0,-5085.0
382,-6972.920863152613,-5089.028815728242
383,-7057.212055802685,-5230.034782129445
384,-7059.0,-5234.0
385,-7063.0,-5243.0
386,-7089.490909202376,-5303.439515240762
387,-7120.5919004517355,-5380.545003812102
388,-7129.0,-5405.0
389,-7151.493932376353,-5482.831165124478
390,-7163.0,-5530.0
391,-7187.0,-5650.0
392,-7197.669938606251,-5724.528952382815
393,-7200.0,-5742.0
394,-7209.0,-5812.0
395,-7214.426618411025,-5863.109012337921
396,-7220.0,-6005.0
397,-7214.548959929712,-6153.578676844776
398,-7213.0,-6176.0
399,-7201.59602259579,-6262.330909231485
400,-7177.967253552722,-6317.5219370003515
401,-7176.0,-6321.0
402,-7117.124853850223,-6407.401966982267
403,-7113.0,-6413.0
404,-7037.833990592043,-6512.271942300499
405,-6972.0,-6609.0
406,-6959.3147338571725,-6634.318760920456
407,-6937.0,-6709.0
408,-6909.120296620282,-6797.553080809376
409,-6894.0,-6847.0
410,-6854.537376948606,-6987.801867710957
411,-6823.0,-7117.0
412,-6797.5652476546065,-7249.40026335869
413,-6780.0,-7364.0
414,-6776.875830738324,-7385.245872558054
415,-6766.0,-7473.0
416,-6764.600116831001,-7486.076266611916
417,-6754.0,-7591.0
418,-6749.74811163688,-7639.139336379507
419,-6746.000789451286,-7725.754873680098
420,-6746.0,-7731.0
421,-6750.0,-7855.0
422,-6753.035521010337,-7889.260955990076
423,-6760.856812375451,-7920.037572199291
424,-6781.0,-7949.0
425,-6803.0,-7974.0
426,-6833.6345384091055,-7999.45709279041
427,-6879.0,-8052.0
428,-6884.215956913733,-8066.324434910807
429,-6898.0,-8134.0
430,-6901.670907165524,-8166.897303143676
431,-6897.0,-8201.0
432,-6891.50442547645,-8248.506957070094
433,-6888.0,-8276.0
434,-6866.0,-8387.0
435,-6863.308880952744,-8397.625157927489
436,-6850.0,-8446.0
437,-6824.617834258708,-8521.14229376247
438,-6806.0,-8571.0
439,-6779.623082890185,-8638.2985677917
440,-6735.0,-8727.0
441,-6682.649696908549,-8816.740260719504
442,-6653.0,-8866.0
443,-6635.418730258651,-8893.518943682837
444,-6620.0,-8912.0
445,-6466.995244158884,-9089.247494506377
446,-6451.0,-9105.0
447,-6283.8172571945615,-9216.945624677739
448,-6257.0,-9231.0
449,-6210.59778863415,-9255.64858965104
450,-6127.142029287645,-9301.075606986764
451,-6120.0,-9305.0
452,-6091.175756593008,-9320.950408608387
453,-6071.0,-9333.0
454,-6053.170680793405,-9344.39299155283
455,-6014.0,-9372.0
456,-5994.96334967568,-9388.040002428304
457,-5967.0,-9418.0
458,-5952.467504342489,-9438.377764454044
459,-5947.0,-9448.0
460,-5930.763409567094,-9503.175472372148
461,-5929.0,-9520.0
462,-5928.6214450651805,-9531.986164973796
463,-5931.0,-9555.0
464,-5933.966026936769,-9570.584610331009
465,-5943.0,-9609.0
466,-5961.699489624707,-9653.372788136301
467,-5974.0,-9668.0
468,-5978.933096213694,-9675.544819452061
469,-5990.649726750193,-9688.687612537864
470,-5995.0,-9692.0
471,-6055.0,-9728.0
472,-6056.575051659937,-9728.780443436915
473,-6081.0,-9736.0
474,-6091.746612524524,-9739.303043274547
475,-6142.660921813131,-9753.186850276341
476,-6161.0,-9756.0
477,-6209.681462172861,-9761.69585021314
478,-6222.0,-9763.0
479,-6281.706050916943,-9768.094829609634
480,-6298.0,-9769.0
481,-6356.0,-9772.0
482,-6365.484805446885,-9772.415835736414
483,-6460.0,-9773.0
484,-6471.092075373506,-9772.330334375722
485,-6545.113536957174,-9765.322523028388
486,-6548.0,-9765.0
487,-6601.0,-9757.0
488,-6607.256986508466,-9755.75007502361
489,-6660.0,-9741.0
490,-6668.0270263104485,-9737.288680826252
491,-6725.0,-9701.0
492,-6738.391342459269,-9690.25074295075
493,-6754.196344486183,-9666.967012469857
494,-6759.0,-9656.0
495,-6777.357620765085,-9608.14994621896
496,-6794.0,-9560.0
497,-6802.094652450347,-9527.851462174469
498,-6806.0,-9507.0
499,-6807.432942769903,-9500.151796512326
500,-6815.0,-9465.0
501,-6828.538575800385,-9400.928892101545
502,-6831.0,-9391.0
503,-6852.850866239666,-9321.044369055582
504,-6862.0,-9298.0
505,-6875.259763005399,-9268.364610711295
506,-6890.0,-9239.0
507,-6912.0,-9200.0
508,-6927.0008596954685,-9175.516668816785
509,-6958.0,-9128.0
510,-7011.0,-9052.0
511,-7019.7906222594065,-9039.314694485705
512,-7071.151619674907,-8964.012629833016
513,-7127.0,-8876.0
514,-7167.0,-8801.0
515,-7174.945105150402,-8784.992381141708
516,-7195.0,-8743.0
517,-7221.104352439264,-8682.254200864207
518,-7274.0,-8543.0
519,-7289.215710410799,-8500.324785969991
520,-7308.0,-8442.0
521,-7320.444670653251,-8402.792169994318
522,-7352.0,-8302.0
523,-7353.740850431174,-8296.31757830687
524,-7393.933930506815,-8160.001959226659
525,-7402.0,-8132.0
526,-7419.331615665611,-8071.579670643503
527,-7441.0,-7994.0
528,-7477.312065990411,-7860.142258190731
529,-7511.0,-7735.0
530,-7530.677958789971,-7662.418732519276
531,-7544.0,-7601.0
532,-7548.593097141598,-7578.894653704801
533,-7589.271260672947,-7377.439995320996
534,-7594.0,-7353.0
535,-7608.455916828454,-7265.069572576431
536,-7613.0,-7225.0
537,-7628.0,-7087.0
538,-7632.746547301587,-7038.691988818038
539,-7641.918306114714,-6929.167891533762
540,-7645.0,-6886.0
541,-7663.0,-6595.0
1,-7676.0,-6383.0
2,-7675.655555035724,-6158.683715230848
3,-7674.0,-6088.0
4,-7670.661955653569,-6006.583531888526
5,-7653.924037727801,-5807.903704087099
6,-7652.0,-5789.0
7,-7622.067811507822,-5549.270077657087
8,-7619.0,-5530.0
9,-7599.1954133207755,-5416.312830005083
10,-7598.0,-5410.0
11,-7574.0,-5295.0
12,-7570.408953015425,-5278.868614006441
13,-7545.203541446256,-5170.871933845332
14,-7544.0,-5166.0
15,-7526.270974212476,-5097.7155852661235
16,-7525.0,-5093.0
17,-7509.0,-5035.0
18,-7493.162105610529,-4981.7269198238
19,-7488.0,-4965.0
20,-7471.14435329136,-4911.185251611334
21,-7463.0,-4887.0
22,-7434.0,-4811.0
23,-7432.743819627117,-4807.801373065722
24,-7392.363246384008,-4730.613064920724
25,-7390.0,-4728.0
26,-7322.044239279456,-4671.153574058145
27,-7303.0,-4659.0
28,-7248.921329730768,-4633.816371788561
29,-7180.725604654439,-4619.0788192474065
30,-7175.0,-4618.0
31,-7138.0,-4612.0
32,-7123.697809707896,-4609.900104069637
33,-7059.0,-4601.0
34,-7047.535019982685,-4599.649597043081
35,-6979.0,-4593.0
36,-6976.079763349536,-4592.749216146328
37,-6916.132809249675,-4588.0995288221275
38,-6890.0,-4586.0
39,-6788.0,-4577.0
40,-6756.664744225602,-4573.9083209329165
41,-6709.0,-4569.0
42,-6685.743018712266,-4566.6294763833175
43,-6605.996403130141,-4557.943976679601
44,-6577.0,-4554.0
45,-6472.457769329492,-4537.36269978295
46,-6402.0,-4525.0
47,-6374.776309115051,-4519.974867890218
48,-6246.118146520822,-4491.269281248766
49,-6241.0,-4490.0
50,-6197.0,-4479.0
51,-6079.0,-4450.0
52,-6034.577221276377,-4439.270502452144
53,-5906.0,-4408.0
54,-5750.136999757589,-4369.153929397711
55,-5702.0,-4357.0
56,-5576.6785943985915,-4324.342457222217
57,-5466.978193471164,-4295.478786128311
58,-5461.0,-4294.0
59,-5267.723431830271,-4248.451910558508
60,-5224.0,-4239.0
61,-5119.612484733316,-4221.080767168434
62,-5065.0,-4215.0
63,-5034.323094277082,-4211.8873770379
64,-4928.0,-4202.0
65,-4839.308388508929,-4194.706592637025
66,-4777.0,-4188.0
67,-4669.906736260188,-4170.536467313125
68,-4649.0,-4166.0
69,-4536.782645002626,-4133.394064339236
70,-4452.0,-4100.0
71,-4351.217808629004,-4052.7428281858606
72,-4320.0,-4037.0
73,-4231.748980650416,-3990.5542064736655
74,-4190.0,-3970.0
75,-4016.493677591976,-3889.66241945985
76,-3986.0,-3876.0
77,-3864.956385844129,-3825.0537515085043
78,-3817.664548075699,-3812.4320362248864
79,-3759.0,-3798.0
80,-3631.0127444207915,-3766.577070281858
81,-3595.0,-3759.0
82,-3522.0,-3746.0
83,-3297.0,-3715.0
84,-3251.245557714142,-3709.3562733448516
85,-3116.064503153785,-3693.4322053769592
86,-3049.0,-3684.0
87,-3001.5875725803958,-3676.0586584507478
88,-2887.736578548183,-3650.651156547081
89,-2823.0,-3633.0
90,-2794.0,-3624.0
91,-2706.4192703954377,-3585.1169660524893
92,-2568.0,-3511.0
93,-2563.00508627536,-3508.1087949692146
94,-2499.37670702893,-3461.2184692468204
95,-2487.0,-3449.0
96,-2452.961218638932,-3414.259817397989
97,-2396.732846622453,-3353.3153626108897
98,-2388.0,-3343.0
99,-2332.0,-3254.0
100,-2312.1408211839102,-3202.81288195011
101,-2278.0,-3101.0
102,-2263.1068723377493,-3046.4663591580675
103,-2266.0,-3022.0
104,-2263.8375216475188,-2972.7458666233733
105,-2263.0,-2922.0
106,-2263.8646914175856,-2899.202842319561
107,-2274.0,-2814.0
108,-2278.3498785606685,-2791.9022710920353
109,-2290.0,-2744.0
110,-2295.9814918618913,-2722.734547399641
111,-2321.0,-2650.0
112,-2343.2668437650605,-2598.5610403992364
113,-2354.0,-2576.0
114,-2397.0,-2499.0
115,-2429.547008668119,-2450.4690009738374
116,-2521.0,-2326.0
117,-2594.78973877706,-2234.7954009461114
118,-2645.0,-2175.0
119,-2646.817175585349,-2172.658591524451
120,-2671.7460061143747,-2138.1236558654646
121,-2698.0,-2096.0
122,-2699.49481357062,-2093.489017795056
123,-2730.246042690193,-2033.1848456430591
124,-2738.0,-1999.0
125,-2747.0,-1886.0
126,-2747.282870194452,-1871.3184025117516
127,-2730.0,-1799.0
128,-2721.9073790733164,-1776.0877815925141
129,-2697.0,-1708.0
130,-2685.29442091716,-1682.1401674554472
131,-2659.0,-1633.0
132,-2639.7323890652324,-1600.1562342532811
133,-2586.0,-1516.0
134,-2564.4106673522115,-1486.0403019522594
135,-2509.0,-1418.0
136,-2494.010915176505,-1400.3289322538656
137,-2458.0,-1359.0
138,-2423.0069604890623,-1320.3538691613912
139,-2361.0,-1253.0
140,-2344.1702877221433,-1234.5140297715593
141,-2286.320760668037,-1168.9164755035083
142,-2283.0,-1165.0
143,-2192.861918471469,-1053.2083808735829
144,-2162.0,-1011.0
145,-2138.3980623842517,-976.931850670179
146,-2093.0,-909.0
147,-2065.6805581425315,-868.4598017773632
148,-2015.0,-794.0
149,-1957.228235642031,-711.3231197339888
150,-1924.0,-666.0
151,-1907.3168315125654,-643.7854970453457
152,-1856.0,-577.0
153,-1807.1776298301495,-515.8276938637563
154,-1785.0,-489.0
155,-1705.0853434285825,-394.62719567798536
156,-1690.0,-377.0
157,-1657.2615987034094,-339.3974056915797
158,-1643.0,-324.0
159,-1600.5447916896558,-280.0685302632397
160,-1589.0,-269.0
161,-1532.3427721887565,-224.12503793879412
162,-1518.0,-216.0
163,-1477.0,-200.0
164,-1431.1953668875071,-197.39138153537903
165,-1428.0,-198.0
166,-1371.226434183234,-213.97194017565883
167,-1368.0,-215.0
168,-1333.704281774143,-227.7603458477135
169,-1323.8039169786184,-238.75171244971193
170,-1314.0,-249.0
171,-1287.1941073904723,-276.61945443415595
172,-1273.0,-293.0
173,-1248.6266762563941,-331.1649317053758
174,-1230.0,-386.0
175,-1223.2884698190965,-410.4608454736716
176,-1219.0,-427.0
177,-1210.0,-461.0
178,-1202.1765261263497,-490.30716928730624
179,-1176.531239294152,-584.9923693260588
180,-1174.0,-594.0
181,-1155.8834226537292,-651.8388822447237
182,-1146.0,-679.0
183,-1123.5717190194007,-738.8525231620789
184,-1116.0,-758.0
185,-1090.0,-819.0
186,-1077.3152969063074,-845.7280192757794
187,-1058.0,-884.0
188,-1034.102170816721,-928.7708189302101
189,-1030.0,-936.0
190,-995.7539677024631,-990.462561628371
191,-994.0,-993.0
192,-968.612780972866,-1027.9148047381418
193,-967.0,-1030.0
194,-938.0,-1062.0
195,-904.5167790700423,-1088.4382395690204
196,-858.0,-1120.0
197,-838.9661796922661,-1130.956691125442
198,-819.9080771467144,-1133.1576108573263
199,-807.0,-1132.0
200,-785.0,-1130.0
201,-780.6001282734005,-1129.2205269074252
202,-760.7567225428597,-1121.5800422950063
203,-753.0,-1114.0
204,-743.4581606325289,-1099.510839440019
205,-734.0,-1080.0
206,-728.2605246389072,-1056.9318398053956
207,-730.7486571081135,-1038.5136715312572
208,-731.0,-1037.0
209,-740.0,-991.0
210,-744.567055095101,-975.7179105316378
211,-749.0,-965.0
212,-754.5521369321132,-951.3030488501731
213,-760.0,-939.0
214,-767.4336535673369,-924.7347219205328
215,-779.0,-906.0
216,-779.8326080181539,-904.7466380996452
217,-801.9971934231,-874.2987224621608
218,-803.0,-873.0
219,-824.0,-847.0
220,-847.0,-822.0
221,-848.9656333492935,-819.9590948457986
222,-887.8693562229471,-780.16447679149
223,-890.0,-778.0
224,-912.9011055313126,-754.9140117383067
225,-931.3413592339735,-735.0228567726919
226,-939.0,-726.0
227,-969.0225360924422,-689.5445837618184
228,-990.0,-662.0
229,-1009.3646580842366,-630.0349258242599
230,-1019.0,-603.0
231,-1021.7773205684493,-592.3761602370494
232,-1029.0,-537.0
233,-1026.9826678746524,-515.7592406560694
234,-1024.0,-500.0
235,-1015.941784591975,-471.52022462968296
236,-1007.0,-452.0
237,-965.0,-395.0
238,-963.3070013456249,-393.10837080008923
239,-931.0629605457744,-364.41429094082775
240,-916.0,-354.0
241,-850.7844954072906,-313.73680464888645
242,-842.0,-309.0
243,-762.4443480076355,-271.02156563445203
244,-749.0,-265.0
245,-711.6768409360667,-248.9559465338506
246,-685.304058679415,-238.50046193336624
247,-669.0,-232.0
248,-616.5310298734271,-211.795742771732
249,-605.0,-208.0
250,-482.0,-176.0
251,-466.68817265458495,-172.69349997069972
252,-437.75718232099484,-168.22774157558638
253,-411.0,-168.0
254,-377.2313380656568,-169.2621951255033
255,-364.0,-171.0
256,-322.0,-184.0
257,-311.8767851568333,-188.54526774871005
258,-274.0,-220.0
259,-241.40992379100027,-273.11079605169704
260,-229.0,-296.0
261,-213.1185615904239,-334.10613928713667
262,-209.0,-355.0
263,-206.66285880948928,-365.24194125061075
264,-203.0,-382.0
265,-189.15577259274102,-478.85323528855906
266,-188.0,-489.0
267,-186.0,-521.0
268,-185.61232954337837,-539.3796068876852
269,-185.0,-590.0
270,-184.99543291209008,-593.2214420720186
271,-187.0,-664.0
272,-191.30711093243167,-720.4666840758475
273,-202.0,-835.0
274,-207.72630978677336,-889.6342062761046
275,-210.0,-909.0
276,-216.17523109660445,-960.9172038069603
277,-226.0257499913277,-1045.1713808908114
278,-231.0,-1092.0
279,-234.0,-1122.0
280,-240.96459268376302,-1187.8413448813017
281,-250.0,-1272.0
282,-336.0,-1848.0
283,-363.4656970596453,-1941.191462133308
284,-421.0,-2120.0
285,-429.15102234559885,-2144.2097930150685
286,-459.0,-2225.0
287,-498.41516014804137,-2327.273429910278
288,-531.0,-2411.0
289,-573.3436320952849,-2516.379798447885
290,-599.0,-2575.0
291,-645.0726350082896,-2676.971957278976
292,-683.0,-2758.0
293,-758.8730992448602,-2905.0344961995856
294,-824.6604015093783,-3005.6551004282483
295,-858.0,-3052.0
296,-896.5831072494941,-3102.3485181484984
297,-975.0,-3188.0
298,-990.6501832275299,-3203.1210060318886
299,-1133.0,-3328.0
300,-1138.8797853931965,-3332.5624415927205
301,-1255.0,-3410.0
302,-1373.4430204485766,-3474.6353571307814
303,-1394.0,-3485.0
304,-1552.0,-3560.0
305,-1675.0,-3618.0
306,-1684.4707742055396,-3622.6118763630093
307,-1851.0,-3705.0
308,-1973.604563907793,-3766.8255486998764
309,-2031.735360330588,-3797.1410551425047
310,-2085.0,-3824.0
311,-2196.0,-3879.0
312,-2248.391005943673,-3905.0718339500236
313,-2374.0,-3967.0
314,-2517.0,-4031.0
315,-2523.525962233205,-4033.780052056533
316,-2632.0370677742594,-4079.1768597708106
317,-2639.0,-4082.0
318,-2809.0,-4146.0
319,-2859.8469692766844,-4163.075954523904
320,-3051.257237814055,-4222.889424758159
321,-3126.0,-4244.0
322,-3327.9394408927674,-4288.081724551818
323,-3380.0,-4297.0
324,-3447.2832132891936,-4307.640469681728
325,-3527.0,-4318.0
326,-3598.2512860917004,-4326.198383483523
327,-3719.0,-4339.0
328,-3795.9095967293993,-4346.833136510057
329,-3866.0,-4354.0
330,-3949.210803475212,-4363.89122065095
331,-3969.0,-4367.0
332,-4001.8847176776067,-4372.222742190027
333,-4073.0,-4387.0
334,-4113.230363666184,-4403.426582019391
335,-4116.0,-4405.0
336,-4157.0,-4437.0
337,-4170.595412265243,-4453.857743371698
338,-4184.0,-4477.0
339,-4202.97180775222,-4513.875718485735
340,-4233.0,-4565.0
341,-4239.316958917042,-4573.14127874799
342,-4296.0,-4626.0
343,-4303.614538337427,-4631.913645989344
344,-4354.0,-4646.0
345,-4368.437139649432,-4647.243541030831
346,-4425.0,-4651.0
347,-4458.516865898144,-4650.596065285246
348,-4476.812142840835,-4646.371879871459
349,-4497.0,-4641.0
350,-4501.092292119403,-4640.032262267006
351,-4542.0,-4631.0
352,-4564.588160124855,-4625.6062360386195
353,-4607.0,-4615.0
354,-4609.17844910934,-4614.448683891613
355,-4665.0,-4604.0
356,-4751.0,-4600.0
357,-4754.580245732915,-4599.896911772148
358,-4791.813003678321,-4601.369707411675
359,-4803.0,-4603.0
360,-4896.145021727247,-4616.153773896502
361,-4923.0,-4620.0
362,-4968.6813724372005,-4626.829130104298
363,-5018.9528284541275,-4634.655235527561
364,-5069.0,-4642.0
365,-5155.512358568511,-4654.5022420184
366,-5236.0,-4666.0
367,-5259.769431327632,-4669.333356600406
368,-5304.0,-4675.0
369,-5345.652178230977,-4680.464985603623
370,-5476.0,-4697.0
371,-5592.669017630605,-4711.114167615832
372,-5658.0,-4719.0
373,-5743.276780287207,-4729.569112565597
374,-5784.0,-4734.0
375,-5908.902139748707,-4747.031807366428
376,-6006.0,-4757.0
377,-6046.959775484824,-4761.144266589176
378,-6186.0,-4773.0
379,-6241.063466588834,-4776.78199185526
380,-6393.0,-4787.0
381,-6415.574317143842,-4788.624934289831
382,-6592.341783460379,-4804.86558969304
383,-6619.0,-4809.0
384,-6648.322846226774,-4814.865100356765
385,-6710.0,-4838.0
386,-6752.24936778185,-4861.87594895169
387,-6788.0,-4886.0
388,-6842.413812793325,-4932.37778336731
389,-6866.0,-4956.0
390,-6952.366461808003,-5060.733889213777
391,-6960.0,-5071.0
392,-7010.0,-5147.0
393,-7026.590609457888,-5177.598184878915
394,-7095.977653570549,-5316.815192255827
395,-7098.0,-5321.0
396,-7112.0,-5358.0
397,-7119.916058068151,-5382.871659437498
398,-7153.0,-5491.0
399,-7160.848759105425,-5522.10271315349
400,-7195.0,-5701.0
401,-7204.770464157198,-5772.057615573624
402,-7213.0,-5866.0
403,-7213.441035133999,-5872.145161411107
404,-7219.756752211437,-5980.806600947945
405,-7220.0,-5988.0
406,-7218.0,-6128.0
407,-7216.996825635221,-6145.3739889735625
408,-7206.0,-6224.0
409,-7199.800598826686,-6243.655127753722
410,-7141.220841836152,-6358.49160171216
411,-7082.0,-6444.0
412,-7066.322347495199,-6462.358806825234
413,-7022.0,-6511.0
414,-6991.216692002141,-6568.075941294218
415,-6962.0,-6636.0
416,-6934.362554031739,-6714.759769570952
417,-6920.0,-6761.0
418,-6890.71417190885,-6860.716599714188
419,-6841.0,-7043.0
420,-6827.172016822229,-7098.49486357446
421,-6802.763563781215,-7217.766882337808
422,-6800.0,-7234.0
423,-6785.0,-7331.0
424,-6784.149865789547,-7336.83838114109
425,-6770.0,-7441.0
426,-6761.620844844,-7511.121392324487
427,-6760.0,-7526.0
428,-6751.312137585855,-7623.601015439046
429,-6751.0,-7628.0
430,-6745.323196401687,-7742.144395885593
431,-6745.0,-7754.0
432,-6744.8178288410145,-7803.908364072352
433,-6747.0,-7825.0
434,-6776.336530746985,-7935.335255301346
435,-6783.0,-7952.0
436,-6799.275556979556,-7974.64700370028
437,-6819.0,-7989.0
438,-6865.0,-8031.0
439,-6867.587697897612,-8034.237022879223
440,-6894.0,-8098.0
441,-6895.648140613284,-8107.20608119848
442,-6898.106036902729,-8169.726452474392
443,-6898.0,-8173.0
444,-6891.4257337395375,-8251.590437442477
445,-6891.0,-8255.0
446,-6883.0,-8308.0
447,-6873.78199422024,-8354.90376743714
448,-6860.0,-8409.0
449,-6858.805940794435,-8413.261865399118
450,-6823.0,-8527.0
451,-6779.504055411355,-8633.847907586916
452,-6740.0,-8718.0
453,-6730.558640463475,-8736.8258053557
454,-6708.0,-8777.0
455,-6662.497944187774,-8851.069908608428
456,-6630.0,-8899.0
457,-6575.155103351774,-8970.394550411836
458,-6558.0,-8991.0
459,-6518.657817312258,-9035.897790092498
460,-6477.0,-9079.0
461,-6442.378451199655,-9110.789630537161
462,-6406.0,-9140.0
463,-6335.0,-9186.0
464,-6274.202124860629,-9221.057877961373
465,-6161.0,-9283.0
466,-6123.872668196818,-9302.78001278578
467,-6096.0,-9318.0
468,-6088.417453379123,-9322.335931322446
469,-6046.0,-9348.0
470,-6023.14582358583,-9364.442674276135
471,-5982.0,-9401.0
472,-5965.495645774037,-9418.198720620707
473,-5956.0,-9433.0
474,-5930.0,-9503.0
475,-5927.739916761107,-9510.872667951653
476,-5928.407399375815,-9554.826769716412
477,-5933.0,-9570.0
478,-5953.0,-9634.0
479,-5955.156477044818,-9640.156045511658
480,-5962.529067680279,-9655.875477889605
481,-5973.0,-9667.0
482,-5976.06740188193,-9670.567564478964
483,-5991.0,-9688.0
484,-6020.0,-9711.0
485,-6036.424853599245,-9718.620275115045
486,-6083.0,-9737.0
487,-6106.825643420643,-9744.73475202568
488,-6123.422283382248,-9747.696656765356
489,-6125.0,-9748.0
490,-6162.0,-9755.0
491,-6193.332579196906,-9759.552862322076
492,-6226.0,-9763.0
493,-6240.95998024737,-9763.87103830451
494,-6262.0,-9765.0
495,-6319.0,-9770.0
496,-6332.8800068002165,-9770.622794875431
497,-6445.0,-9773.0
498,-6469.436249826933,-9773.069976586214
499,-6486.0,-9771.0
500,-6531.674420958367,-9766.072199579332
501,-6591.0,-9759.0
502,-6631.701473474964,-9750.234501903102
503,-6647.0,-9745.0
504,-6685.0,-9730.0
505,-6713.9691254309255,-9712.889011654986
506,-6735.0,-9690.0
507,-6754.922523784886,-9659.558250687485
508,-6772.0,-9629.0
509,-6786.0685682481035,-9590.626834826808
510,-6788.0,-9583.0
511,-6807.0,-9506.0
512,-6817.054370716614,-9460.169500574291
513,-6831.0,-9394.0
514,-6835.22418755252,-9372.546520552358
515,-6849.0,-9331.0
516,-6865.696694493816,-9295.7846907555
517,-6922.0,-9184.0
518,-6924.190165415018,-9180.022395987566
519,-6964.0,-9118.0
520,-6966.419796886643,-9114.554609359913
521,-7023.0,-9035.0
522,-7054.4742206045885,-8989.82867897768
523,-7108.0,-8908.0
524,-7122.535205623438,-8883.801379446253
525,-7153.0,-8830.0
526,-7165.705720535683,-8805.934735728551
527,-7219.0,-8689.0
528,-7241.460799771357,-8631.736668121774
529,-7277.0,-8535.0
530,-7310.412861054928,-8436.130499982432
531,-7323.0,-8396.0
532,-7400.0,-8140.0
533,-7402.2297654287595,-8132.31579000161
534,-7459.825605658427,-7924.202249317673
535,-7474.0,-7872.0
536,-7497.783607768484,-7785.103797550388
537,-7535.0,-7638.0
538,-7536.705323064297,-7630.507618501826
539,-7565.01412870921,-7497.801111701929
540,-7597.0,-7332.0
541,-7604.0354229275,-7291.76573079099
542,-7622.0,-7144.0
543,-7623.800497052956,-7124.94216712826
544,-7640.11642102009,-6938.353731039824
545,-7642.0,-6915.0
546,-7651.0,-6795.0
547,-7655.581339287011,-6727.123101363326
