,x,y
1,3384.0,654.0
2,3391.834337347597,538.0669338699528
3,3393.0,506.0
4,3394.0,242.0
5,3392.840752349958,187.7119099907859
6,3380.0,-24.0
7,3377.009623734475,-60.59907977904122
8,3373.0,-107.0
9,3354.0,-291.0
10,3353.527210574376,-295.17812294949977
11,3329.4970776966084,-495.85868183845065
12,3326.0,-525.0
13,3310.0098037052576,-661.3415510484202
14,3302.0,-735.0
15,3292.2300157840637,-836.7671518879305
16,3288.0,-886.0
17,3286.0,-911.0
18,3281.0,-1051.0
19,3281.0973614274944,-1113.088991215339
20,3284.0,-1153.0
21,3318.790825621637,-1326.383976438383
22,3327.0,-1358.0
23,3342.211668300887,-1396.4792195774767
24,3351.0,-1409.0
25,3447.36833943006,-1531.6916781854306
26,3469.0,-1556.0
27,3496.04020206157,-1581.543913124588
28,3530.0,-1605.0
29,3547.2554971741083,-1617.438141119819
30,3586.0,-1644.0
31,3641.869524685745,-1676.6286942140794
32,3719.0,-1718.0
33,3726.0033014466703,-1721.735069102396
34,3763.1840500556505,-1742.5355505834993
35,3770.0,-1747.0
36,3809.0,-1774.0
37,3827.4511629685785,-1788.0475961020402
38,3855.0,-1820.0
39,3886.906196084629,-1908.747229548585
40,3888.0,-1913.0
41,3891.682881435326,-1942.9163976943692
42,3887.0,-1963.0
43,3885.224041260253,-1971.9607501255157
44,3874.0,-2026.0
45,3866.692549141081,-2049.460325966358
46,3855.0,-2078.0
47,3834.0,-2119.0
48,3833.4579152208485,-2119.9067777720843
49,3809.13658649145,-2155.4580611419196
50,3796.0,-2173.0
51,3784.0,-2185.0
52,3779.714018434054,-2188.0769493777334
53,3721.564351499989,-2227.046644490641
54,3702.0,-2239.0
55,3673.9915742228313,-2252.374986593332
56,3642.0,-2258.0
57,3516.0,-2272.0
58,3507.6431222761867,-2272.6924788442507
59,3464.3917519721176,-2274.085331985314
60,3450.0,-2274.0
61,3372.0,-2272.0
62,3261.5594126825977,-2261.4691127277206
63,3175.0,-2251.0
64,3110.4175738027025,-2241.655196456267
65,3017.0,-2216.0
66,3001.1843646760244,-2211.349636937557
67,2900.0,-2181.0
68,2827.0,-2158.0
69,2813.6395833017696,-2153.675283029873
70,2684.0,-2110.0
71,2652.082867364338,-2099.0480742863865
72,2589.0,-2076.0
73,2503.770155598173,-2040.4443534487614
74,2387.0,-1988.0
75,2359.6733812309067,-1975.1549904851274
76,2292.0,-1938.0
77,2178.6434645805516,-1868.9208588584265
78,2048.0,-1787.0
79,1958.3547028360772,-1726.9468429667795
80,1886.1939907709166,-1673.961107605911
81,1878.0,-1668.0
82,1791.0158112122078,-1604.8584303192872
83,1760.0,-1582.0
84,1716.280922983817,-1548.7439598793078
85,1686.0,-1525.0
86,1523.4793610832787,-1396.039648162303
87,1482.0,-1363.0
88,1429.5185562235538,-1321.0639315311687
89,1320.0,-1232.0
90,1297.9071091317533,-1214.1667398531781
91,1153.0,-1097.0
92,1052.3066363885064,-1013.5425071026852
93,999.4369653624586,-966.332681882159
94,984.0,-952.0
95,942.1338754970712,-911.0635261218001
96,892.0,-855.0
97,869.2399622409494,-827.7574079156495
98,838.0,-788.0
99,817.9214774350908,-759.3682926442884
100,784.0,-701.0
101,773.5138390091568,-678.6749198769453
102,756.0,-632.0
103,744.0,-576.0
104,743.0241319366041,-566.5140562966159
105,742.9664957363659,-505.19392159617786
106,747.0,-461.0
107,750.0,-438.0
108,753.4658830479646,-412.7633610919133
109,764.3853898117553,-333.9150284143046
110,768.0,-299.0
111,769.5997298205734,-277.23348913579446
112,769.0,-222.0
113,758.2554648044683,-118.99894322839441
114,752.0,-71.0
115,746.1933415186726,-33.53357613035089
116,733.875721007231,6.37663188636845
117,728.0,21.0
118,692.0,102.0
119,690.9264396641466,104.0022325766354
120,627.4873802733294,200.95625559102518
121,617.0,215.0
122,560.0,287.0
123,552.3550612242262,296.5539085437334
124,508.0,352.0
125,440.02581715948116,435.76728271887094
126,414.0,468.0
127,366.0,528.0
128,338.63314315708357,561.5187881958183
129,266.0,649.0
130,217.16386133396946,707.6945553625329
131,191.0,737.0
132,-15.0,948.0
133,-16.655008115372265,949.5685127218273
134,-103.0,1024.0
135,-166.08113923418918,1074.7994352096325
136,-290.0,1173.0
137,-390.1804611231331,1251.8983391145537
138,-427.0,1282.0
139,-513.9641900970188,1358.065275882054
140,-592.9972506482428,1436.0169408675551
141,-624.0,1470.0
142,-667.1059806746193,1522.966850026353
143,-738.0,1642.0
144,-757.7717685701919,1683.0611984504471
145,-804.0,1787.0
146,-824.3205510143633,1834.8708442895686
147,-850.0,1910.0
148,-920.0,2169.0
149,-921.5701820707899,2175.457801120053
150,-950.3881231092292,2371.941945431952
151,-943.0,2463.0
152,-944.0,2522.0
153,-944.2833251783497,2566.695468274455
154,-943.0,2685.0
155,-939.0,2818.0
156,-935.7633358627869,2896.436307693844
157,-934.0,2937.0
158,-930.6830988656143,3013.2239376599746
159,-924.0,3137.0
160,-920.7363586490089,3178.6893481376414
161,-918.0,3214.0
162,-912.771297888884,3308.307554861907
163,-911.0,3376.0
164,-917.0,3493.0
165,-920.7758360490506,3519.899900714393
166,-948.7870051590103,3671.103433447021
167,-950.0,3677.0
168,-963.0,3720.0
169,-971.919910284478,3741.1896103936474
170,-1006.0,3814.0
171,-1010.3528207406321,3821.353299661226
172,-1043.0,3866.0
173,-1064.4277960602503,3889.8052170251194
174,-1104.0,3925.0
175,-1119.2133651141676,3935.4034219327123
176,-1143.0,3949.0
177,-1181.632527769254,3966.13108463382
178,-1206.0,3973.0
179,-1286.195272707948,3982.9616249718956
180,-1305.0,3984.0
181,-1351.4074025475231,3982.343419421963
182,-1368.0,3981.0
183,-1385.8441362380934,3980.622389072462
184,-1396.0,3980.0
185,-1498.0,3971.0
186,-1500.2364619322295,3970.9448450244927
187,-1599.0357109298568,3970.905890858589
188,-1606.0,3971.0
189,-1659.0,3977.0
190,-1695.8827525759834,3984.9458606196204
191,-1735.0,3995.0
192,-1841.0,4047.0
193,-1871.1203645099072,4069.622257328482
194,-1973.0,4157.0
195,-2023.5821754593826,4204.117035614019
196,-2074.0,4284.0
197,-2083.2792593974727,4299.815292056376
198,-2140.0,4399.0
199,-2183.070681542686,4486.792201256337
200,-2201.0,4546.0
201,-2217.4170005217065,4601.368642826932
202,-2229.0,4642.0
203,-2253.8305838350243,4743.281800367318
204,-2266.0,4811.0
205,-2288.470654412872,4956.814697964416
206,-2295.0,5001.0
207,-2304.226521652462,5066.68348348092
208,-2308.0,5098.0
209,-2311.988345453464,5131.108778131539
210,-2326.0,5249.0
211,-2333.773742048007,5317.466463903899
212,-2344.6524973175265,5419.0056973289265
213,-2347.0,5442.0
214,-2351.0,5482.0
215,-2360.3348780551787,5577.146889389374
216,-2374.0,5723.0
217,-2375.567752482892,5740.421529947848
218,-2388.756285313764,5891.6493695581285
219,-2391.0,5918.0
220,-2410.462352924711,6163.745705248055
221,-2413.0,6203.0
222,-2419.0,6305.0
223,-2419.174343769252,6307.943602819569
224,-2426.409003212926,6426.051428278526
225,-2428.0,6452.0
226,-2435.0,6572.0
227,-2435.1554075361287,6574.998785716388
228,-2441.0,6708.0
229,-2444.8241272303226,6818.685166255198
230,-2446.0,6861.0
231,-2449.0,7046.0
232,-2449.227419362429,7126.986847828807
233,-2449.0,7186.0
234,-2447.382486315167,7311.960616819969
235,-2446.0,7374.0
236,-2441.0,7532.0
237,-2435.4005792121084,7650.645595149237
238,-2430.0,7740.0
239,-2423.3785624100888,7832.148883105884
240,-2418.0,7901.0
241,-2409.611777644747,8004.3418588371005
242,-2399.0,8111.0
243,-2368.719018195018,8371.291758734795
244,-2365.0,8403.0
245,-2357.7753059687093,8467.383789538926
246,-2350.0,8518.0
247,-2322.0033530571777,8689.580162676948
248,-2293.0,8863.0
249,-2265.363463972491,9012.837550588401
250,-2242.0,9115.0
251,-2241.1244840210406,9118.865744044846
252,-2201.0,9296.0
253,-2174.0,9411.0
254,-2157.4837858721817,9478.338246005376
255,-2126.0,9606.0
256,-2090.3879682039365,9759.454967299596
257,-2088.0,9770.0
258,-2064.0,9877.0
259,-2043.868856029721,9966.737731489795
260,-2042.0,9975.0
261,-2008.2174925322906,10120.64724950478
262,-2004.0,10138.0
263,-1985.0,10212.0
264,-1965.0,10278.0
265,-1959.0746897478161,10295.659173077473
266,-1937.037175358635,10354.90251041075
267,-1923.0,10387.0
268,-1897.0,10436.0
269,-1885.2729546223231,10453.846271622831
270,-1858.0,10488.0
271,-1813.0,10524.0
272,-1811.1561141533766,10524.972493783403
273,-1711.2349204875436,10562.812245063364
274,-1682.0,10572.0
275,-1655.6537400305838,10578.258434315083
276,-1642.0,10581.0
277,-1626.9024773435815,10584.774709530559
278,-1570.1558062008337,10600.641024115577
279,-1497.0,10629.0
280,-1421.2712971121587,10670.92732257173
281,-1346.0,10723.0
282,-1296.9623236592947,10765.555496876117
283,-1279.0,10784.0
284,-1228.0,10841.0
285,-1221.4555514379988,10849.216090913747
286,-1182.0,10905.0
287,-1142.8116207826756,10970.613001846468
288,-1101.0,11054.0
289,-1100.0205753182427,11056.166938421025
290,-1067.0,11137.0
291,-1061.9302175304983,11150.696892320331
292,-1030.0982863788188,11242.25239963453
293,-1026.0,11255.0
294,-1023.0,11265.0
295,-983.3297517886276,11401.72401929181
296,-969.0,11456.0
297,-951.3566531509239,11526.092408396795
298,-933.0,11601.0
299,-913.6163609687533,11681.509504541069
300,-894.0,11763.0
301,-854.2464792558334,11925.867772800586
302,-847.0,11956.0
303,-813.908864819459,12098.79359587933
304,-793.0519666587825,12197.52250715446
305,-784.0,12242.0
306,-771.048255583715,12307.623435964684
307,-754.0,12400.0
308,-746.3580940763103,12443.460843315635
309,-740.0,12480.0
310,-728.6876850865102,12545.3615547275
311,-701.0,12712.0
312,-685.5424059963228,12808.647297553383
313,-661.0,12964.0
314,-649.5417057690867,13037.869047851946
315,-638.6753093800953,13116.010946963008
316,-634.0,13150.0
317,-630.0,13179.0
318,-609.0,13339.0
319,-602.133866196456,13396.83752579764
320,-586.0,13560.0
321,-584.0839600188953,13582.948876919436
322,-571.2869965213462,13751.770310736163
323,-569.0,13785.0
324,-559.0,14013.0
325,-558.5737857093533,14028.790243872792
326,-555.0,14182.0
327,-552.7493170849394,14343.673054660494
328,-552.0,14430.0
329,-551.84503474612,14526.73725947357
330,-554.0,14633.0
331,-561.3887763487638,14814.799854103077
332,-562.0,14827.0
333,-567.696614844321,14924.71917660088
334,-585.0,15062.0
335,-604.0974180819593,15175.440637362422
336,-626.0,15297.0
337,-647.2692873505364,15398.544951215119
338,-649.0,15406.0
339,-678.2098126711517,15534.166065899331
340,-692.0,15594.0
341,-725.0,15734.0
342,-743.9171314376429,15813.70592458591
343,-767.0,15912.0
344,-777.2168680386716,15956.579601614038
345,-799.9261756554122,16058.64131142413
346,-812.0,16114.0
347,-828.0,16189.0
348,-828.4140471298973,16191.007765528482
349,-847.0,16287.0
350,-864.7934230306997,16387.182183216464
351,-876.0,16456.0
352,-878.8601880279687,16477.03068067505
353,-880.0,16516.0
354,-879.8953041506513,16521.888118082927
355,-877.0,16589.0
356,-875.7788458233975,16599.840976101295
357,-870.0,16628.0
358,-865.2751059257783,16641.795281831797
359,-848.0,16677.0
360,-840.5214867749388,16688.755088265687
361,-817.0,16714.0
362,-784.7862497631529,16734.326799284972
363,-757.0,16749.0
364,-735.6509728755374,16757.493794299327
365,-724.0,16758.0
366,-679.3633753051995,16757.454864603566
367,-654.0,16756.0
368,-641.122107596477,16754.536570244545
369,-608.651223027977,16737.679528002485
370,-605.0,16735.0
371,-582.7420378738063,16717.673290517247
372,-580.0,16715.0
373,-536.0,16662.0
374,-522.7942481474097,16642.045494057256
375,-497.42784029983653,16587.90715084726
376,-494.0,16580.0
377,-483.1827850898857,16556.022242263087
378,-474.0,16528.0
379,-439.0,16399.0
380,-438.72256739221314,16397.866495717768
381,-428.6143782280677,16344.889845080363
382,-428.0,16341.0
383,-420.8605496537259,16295.906684283927
384,-413.0,16236.0
385,-409.0,16189.0
386,-408.8738027035,16187.393904951312
387,-402.3633220797318,16102.778711452494
388,-399.0,16061.0
389,-391.0,15970.0
390,-389.8806034338154,15958.17655022559
391,-381.0,15874.0
392,-377.02785234267424,15843.67852024338
393,-369.0,15795.0
394,-332.36367252168225,15634.143611739533
395,-326.0,15610.0
396,-262.5378523125349,15418.718273732013
397,-254.0,15396.0
398,-211.0,15286.0
399,-205.867812234496,15273.435877401791
400,-138.48745549135256,15112.538018077956
401,-126.0,15083.0
402,-95.42091249264234,15010.91088048565
403,-72.0,14956.0
404,-2.0,14792.0
405,19.15527087903598,14741.630045640564
406,38.0,14695.0
407,66.05854793735342,14629.529940602664
408,124.0,14496.0
409,125.7064689338529,14492.069644630332
410,173.0,14383.0
411,199.71492224141326,14320.873233285936
412,245.0,14216.0
413,326.52987438307264,14030.391844473572
414,332.0,14018.0
415,383.3345361206989,13902.380409687854
416,425.0,13806.0
417,474.3894122418721,13690.271826679664
418,517.0,13590.0
419,551.3516659196086,13508.308272449809
420,569.0,13466.0
421,614.9114909469417,13356.856601910205
422,657.0,13256.0
423,663.6375495781917,13239.90440827079
424,709.0,13128.0
425,746.8607718316662,13033.282159652703
426,813.0,12867.0
427,847.4578456481004,12779.842497211752
428,893.742232843281,12655.925238577169
429,914.0,12600.0
430,941.0,12525.0
431,956.6397709777452,12480.177040007644
432,1052.7880780010807,12185.342039513262
433,1057.0,12172.0
434,1086.7852163739353,12075.801922288298
435,1106.8009721396502,12006.492514733129
436,1130.0,11925.0
437,1153.3929000761862,11842.855619329463
438,1166.0,11798.0
439,1205.5935172138902,11652.016204464122
440,1222.0,11589.0
441,1249.0,11483.0
442,1280.0,11361.0
443,1304.1872283704265,11263.338183458129
444,1332.0,11148.0
445,1367.0,11000.0
446,1385.8192279814314,10921.853350997655
447,1399.0,10867.0
448,1415.065842588143,10799.011193418217
449,1442.0,10684.0
450,1462.9042306667457,10595.370806777939
451,1501.0,10433.0
452,1532.0,10298.0
453,1532.9860898003433,10293.798378864283
454,1564.0,10164.0
455,1565.20128956775,10158.922490327555
456,1615.0,9944.0
457,1651.0,9791.0
458,1660.6290957590618,9749.31096821595
459,1690.0,9621.0
460,1702.9406188019893,9565.172157772973
461,1731.6204365353071,9443.124946504147
462,1734.0,9433.0
463,1786.0,9211.0
464,1846.0,8954.0
465,1847.7082152651128,8946.640710969896
466,1920.9288786245286,8624.115165513984
467,1928.0,8593.0
468,1952.5742936539118,8487.325454099057
469,1960.0,8455.0
470,1983.6553710451599,8350.443617164356
471,2031.0,8141.0
472,2031.8104682827634,8137.4691991619475
473,2067.0,7985.0
474,2071.5527053578367,7965.062811387169
475,2098.0,7849.0
476,2168.0,7553.0
477,2169.103051270739,7548.375219548416
478,2222.1486025950567,7326.708338986424
479,2265.2616807909208,7147.373964961796
480,2268.0,7136.0
481,2300.3876074101877,7001.730794469842
482,2318.0,6928.0
483,2351.0,6789.0
484,2360.2800547934075,6749.77452669348
485,2396.0,6599.0
486,2408.7247725959905,6546.0012282443895
487,2425.0,6478.0
488,2492.7614897357053,6188.863625550935
489,2496.0,6175.0
490,2519.899076085287,6072.870793266906
491,2533.0,6018.0
492,2539.6953755599848,5990.219666878106
493,2565.421702742289,5878.512379240506
494,2573.0,5840.0
495,2594.0,5717.0
496,2596.415257514956,5700.0873128321555
497,2605.0,5548.0
498,2604.9642789489026,5546.539280668474
499,2598.842161765377,5483.610673462568
500,2587.0,5444.0
501,2586.368775836395,5442.1856007248025
502,2575.0,5412.0
503,2565.825516622645,5391.119447758382
504,2528.0,5322.0
505,2512.8117129192315,5296.978638020655
506,2467.0,5223.0
507,2453.601415608541,5199.307372931949
508,2434.0,5154.0
509,2429.1997876415803,5140.014321592499
510,2406.0,5053.0
511,2400.9410760742517,5019.695437438176
512,2398.0,4990.0
513,2395.162017763324,4917.166883779228
514,2396.0,4850.0
515,2397.4612724720064,4815.818445446588
516,2407.0,4719.0
517,2407.3438185006253,4716.455069712728
518,2432.0,4562.0
519,2432.412768383875,4559.687209239565
520,2452.0,4464.0
521,2468.511466979098,4392.956770007865
522,2481.0,4342.0
523,2495.597457102389,4285.476808336867
524,2512.0,4225.0
525,2540.638596332726,4125.95648963839
526,2560.0,4060.0
527,2607.0,3899.0
528,2616.0420994918336,3868.0333164732597
529,2655.0,3732.0
530,2658.3752034158806,3719.6452785294287
531,2685.378651087939,3619.5509726100454
532,2702.0,3558.0
533,2719.0,3495.0
534,2719.7570527662538,3492.141039704771
535,2766.6016282626183,3309.4487817406252
536,2786.0,3233.0
537,2811.1316579720005,3134.777140650324
538,2824.0,3084.0
539,2855.0,2961.0
540,2879.2374010012973,2866.1456141102567
541,2898.0,2793.0
542,2928.3140939725404,2673.9230910723754
543,2949.0,2594.0
544,2962.9376876280885,2541.6932867145965
545,2983.0,2466.0
546,3042.0,2238.0
547,3052.490868404758,2197.4629698276585
548,3070.0382412364133,2130.7594114986896
549,3083.0,2082.0
550,3108.816261180652,1984.2130696759984
551,3161.0,1785.0
552,3191.8831041288877,1665.2845061805265
553,3240.0,1474.0
554,3247.280348656582,1444.0601781733978
555,3272.9672443402405,1333.4271119508694
556,3288.0,1265.0
557,3333.3314157671844,1042.4775694803973
558,3342.0,991.0
559,3358.5951473247724,880.5991649010508
1,3383.0,666.0
2,3386.7478010872906,613.6829193144316
3,3394.0,451.0
4,3394.081670591356,447.6412927029255
5,3395.1871454279544,312.40372300044487
6,3394.0,235.0
7,3391.2459869762615,156.9134549870669
8,3386.0,68.0
9,3371.0,-132.0
10,3368.8577970538963,-157.45362340043363
11,3349.0,-332.0
12,3346.9438186351736,-348.99117152948975
13,3330.5337485425143,-489.03695869600085
14,3324.0,-546.0
15,3298.278831220886,-774.448632548471
16,3297.0,-786.0
17,3287.325104253999,-878.9271357019211
18,3285.0,-928.0
19,3284.558693345414,-940.3783256329955
20,3281.791938845552,-1042.3503069644353
21,3282.0,-1115.0
22,3284.009945538642,-1160.4603430254263
23,3292.0119064307605,-1227.9055728731234
24,3304.0,-1285.0
25,3308.1894769886567,-1301.0671201560303
26,3337.3982833442456,-1383.7485280637657
27,3351.0,-1410.0
28,3402.0,-1485.0
29,3408.3313443140505,-1492.8832011682878
30,3446.0,-1534.0
31,3487.035419825018,-1570.2153237366479
32,3559.0,-1626.0
33,3605.899677043472,-1657.2294463993776
34,3634.0,-1673.0
35,3647.1926461251105,-1680.2045179586437
36,3712.0,-1715.0
37,3713.5927775488885,-1715.8608850035132
38,3761.167573061216,-1742.1405275456666
39,3771.0,-1748.0
40,3811.9534294251425,-1775.9711044607075
41,3820.0,-1783.0
42,3868.613574001067,-1844.0718696679555
43,3878.0,-1862.0
44,3886.77476865027,-1894.7049653192682
45,3888.0,-1910.0
46,3888.4031553749155,-1928.3491518099893
47,3883.0,-1989.0
48,3881.9193662821144,-1994.444079647523
49,3870.0,-2037.0
50,3858.0,-2070.0
51,3850.4338805484485,-2087.0057459540412
52,3834.0,-2118.0
53,3823.549455842295,-2135.3737709344923
54,3812.0,-2153.0
55,3802.046444896929,-2165.871924554634
56,3795.0,-2173.0
57,3726.0,-2228.0
58,3724.9187164971745,-2228.7409719166367
59,3683.376559169928,-2250.7545523954454
60,3627.0,-2261.0
61,3572.3668909736352,-2267.9259091073645
62,3543.0,-2271.0
63,3443.6302355141543,-2274.2567788376755
64,3405.0,-2273.0
65,3331.534812912976,-2269.4286468247474
66,3326.0,-2269.0
67,3207.0,-2256.0
68,3178.1511126247087,-2251.3621455195253
69,3128.0,-2242.0
70,3075.7027668895807,-2230.9784160321283
71,2997.258845662653,-2210.6734008697576
72,2988.0,-2208.0
73,2852.8489688709424,-2166.233494216338
74,2811.0,-2153.0
75,2782.966605882176,-2144.184243853245
76,2750.0,-2133.0
77,2740.20791099867,-2129.494681826086
78,2552.8150175300148,-2060.0626219857813
79,2499.0,-2039.0
80,2433.3814511580845,-2010.2665228334233
81,2404.0,-1996.0
82,2360.1023179139333,-1974.315316053945
83,2307.0,-1947.0
84,2233.2787538064767,-1905.1161617210664
85,2169.0,-1865.0
86,2083.2946086195757,-1808.9126210344484
87,1966.0,-1730.0
88,1935.3921479364083,-1709.1434895051616
89,1859.0,-1655.0
90,1849.2757209159065,-1647.8342753960158
91,1447.9038631440294,-1335.3944568501156
92,1440.0,-1329.0
93,1372.245946090738,-1273.8480056926248
94,1365.0,-1268.0
95,1280.0,-1200.0
96,1265.5370383352865,-1188.3284649244365
97,1102.484940660263,-1054.7466334225162
98,1057.0,-1017.0
99,1037.6951122454818,-1000.7778723267688
100,1006.0,-972.0
101,977.3485060137682,-945.435907096293
102,929.0,-897.0
103,833.7410929172768,-779.4475343270747
104,820.0,-761.0
105,800.5045087133815,-732.5473507419621
106,789.0,-711.0
107,786.326199925873,-705.8459676441521
108,758.7993610751475,-645.8055774553826
109,751.0,-612.0
110,744.2473496381853,-543.7560614993779
111,743.0,-516.0
112,743.0241634066098,-478.01588822657584
113,752.1635698195321,-423.92173138311523
114,753.0,-419.0
115,763.0,-352.0
116,768.3580961440585,-289.5481464648694
117,769.0,-229.0
118,768.328966129207,-210.80766209897547
119,763.0,-146.0
120,753.0,-78.0
121,750.0089354035435,-59.97824051667521
122,733.0,6.0
123,656.903765926035,156.50688868424115
124,648.0,172.0
125,605.0,231.0
126,598.5860090995011,238.90437597141602
127,532.0,322.0
128,530.267497767319,324.1672633785483
129,443.0,433.0
130,417.3117610419241,464.6724335220558
131,333.3674322038888,567.4460672299788
132,328.0,574.0
133,275.2359348498872,638.0728213635496
134,261.0,655.0
135,134.0,801.0
136,106.89637183891321,830.7245814069441
137,-7.0,941.0
138,-28.46338564405861,959.5623083222108
139,-56.0,983.0
140,-167.0,1075.0
141,-169.56758532184398,1077.0823193536417
142,-295.419492672941,1177.284659822412
143,-314.0,1192.0
144,-401.9462046755298,1261.8769459877074
145,-452.0,1303.0
146,-526.6422081709813,1367.6993336346259
147,-564.0,1404.0
148,-583.0,1424.0
149,-685.0,1552.0
150,-727.7926455557839,1622.3063859822598
151,-754.0,1675.0
152,-860.0727829614818,1947.4545144465749
153,-879.0,2000.0
154,-900.5604629040428,2069.3203743658323
155,-905.0,2097.0
156,-938.0005807304664,2385.121603899872
157,-943.0,2446.0
158,-945.939148501499,2516.3043027731123
159,-944.0,2595.0
160,-943.5150837073543,2636.003501361595
161,-942.0,2728.0
162,-937.243737188652,2858.0070542186313
163,-929.0,3036.0
164,-928.2405095585787,3052.215250635476
165,-923.3221671877873,3142.005718646232
166,-922.0,3160.0
167,-914.0,3266.0
168,-910.5814362607341,3319.2446017917914
169,-912.0,3425.0
170,-946.9711439424332,3670.657362229825
171,-949.0,3682.0
172,-967.0780707756546,3758.2034833779962
173,-994.0,3800.0
174,-1007.0079319581057,3818.449531518715
175,-1087.0,3919.0
176,-1119.8178154194081,3943.9573726660474
177,-1160.0,3960.0
178,-1223.0,3979.0
179,-1224.3777534169017,3979.290611295032
180,-1277.0368223834216,3985.0121377372197
181,-1311.0,3985.0
182,-1360.0,3982.0
183,-1368.2995574387721,3981.335187600369
184,-1443.6087380553245,3974.9587112625354
185,-1470.0,3973.0
186,-1519.9309650751188,3970.296437434643
187,-1533.0,3970.0
188,-1481.0,3973.0
189,-1481.0214934307953,3972.9788795812333
190,-1523.8871997554709,3970.5905322513286
191,-1541.0,3970.0
192,-1613.0,3972.0
193,-1709.2580721061481,3992.409829405462
194,-1786.0,4016.0
195,-1848.3036039490898,4045.4252123955002
196,-1907.0,4095.0
197,-1914.3945864479224,4101.449659853518
198,-1960.0,4143.0
199,-1998.0,4184.0
200,-2005.334466356133,4192.586266516583
201,-2078.0,4290.0
202,-2094.116873589255,4314.954577883182
203,-2123.0,4366.0
204,-2157.504077712352,4440.773264688731
205,-2201.0,4548.0
206,-2210.570764424735,4573.742089311618
207,-2229.0,4642.0
208,-2253.607974394042,4760.338848989764
209,-2280.0,4897.0
210,-2295.031035838035,4989.391023829306
211,-2303.9205789110147,5066.934506025525
212,-2305.0,5076.0
213,-2316.7562015240064,5173.483571407073
214,-2321.0,5209.0
215,-2326.9978322767142,5260.67919130653
216,-2331.0,5297.0
217,-2351.707574418211,5491.673395506712
218,-2357.0,5542.0
219,-2363.815483712329,5607.393646407296
220,-2376.0,5744.0
221,-2378.242857224827,5769.279109791661
222,-2393.0,5937.0
223,-2404.0311596283154,6074.523506922766
224,-2410.9296976548185,6176.129241822891
225,-2413.0,6207.0
226,-2418.744359301353,6292.900594999874
227,-2426.0,6412.0
228,-2429.3723811203636,6472.557022347004
229,-2434.0,6562.0
230,-2436.922811982751,6626.612819763563
231,-2442.0,6758.0
232,-2443.7868718198392,6807.685232510276
233,-2447.0,6911.0
234,-2449.0,7034.0
235,-2449.1023783046217,7054.151986576466
236,-2448.4051776508936,7179.523602116836
237,-2448.0,7269.0
238,-2448.0,7316.0
239,-2447.415853212058,7367.597557121002
240,-2441.5982885758276,7529.127005870749
241,-2438.0,7602.0
242,-2435.4819943159528,7648.122502602684
243,-2428.0,7762.0
244,-2412.5686705923154,7960.451926118962
245,-2405.0,8052.0
246,-2398.6271534760413,8123.668971192741
247,-2389.4520311354922,8201.766479177748
248,-2386.0,8231.0
249,-2367.0,8394.0
250,-2366.4875073931744,8398.050212648159
251,-2338.523556339775,8595.300402363564
252,-2334.0,8624.0
253,-2309.0,8772.0
254,-2305.4769579626727,8791.900510577861
255,-2285.0,8904.0
256,-2258.208637917524,9040.129652475758
257,-2247.0,9093.0
258,-2221.0,9208.0
259,-2202.805676950147,9286.163543276025
260,-2151.0,9505.0
261,-2123.358874761151,9617.477240582703
262,-2112.0,9665.0
263,-2040.0,9984.0
264,-2039.4976574965744,9986.213890430437
265,-2017.0,10082.0
266,-2001.914925299504,10143.773129207975
267,-1972.0,10254.0
268,-1946.9965551468008,10329.83461472757
269,-1937.0,10356.0
270,-1910.0654317339695,10413.807469506974
271,-1879.8715386480949,10460.958053191305
272,-1866.0,10479.0
273,-1843.3318235052866,10503.53165628756
274,-1788.0,10539.0
275,-1768.350410040417,10547.197385468226
276,-1717.0,10564.0
277,-1691.2586811154558,10569.88000216529
278,-1655.0,10578.0
279,-1548.0,10608.0
280,-1545.3404101863493,10608.820378704782
281,-1459.177688807731,10643.659812962118
282,-1418.0,10672.0
283,-1394.0,10688.0
284,-1375.2615746142033,10701.367428426938
285,-1325.0,10741.0
286,-1272.0,10792.0
287,-1242.733442567499,10824.208585644988
288,-1228.0,10842.0
289,-1200.8543560273124,10878.272308139818
290,-1157.0,10946.0
291,-1141.6845172826604,10971.937096810336
292,-1129.0,10995.0
293,-1098.4739316169503,11060.063566156618
294,-1077.0,11112.0
295,-1035.0,11228.0
296,-1025.144942313502,11259.84201602325
297,-970.1291573330406,11452.226169698097
298,-968.0,11460.0
299,-952.0,11526.0
300,-942.9952885655257,11563.53442548582
301,-910.0,11698.0
302,-906.2720218596575,11713.15574119158
303,-881.0,11816.0
304,-865.8891467303667,11877.923093263336
305,-840.0,11986.0
306,-830.6227033756848,12026.289585516663
307,-817.0,12086.0
308,-798.5784519745713,12169.903675601408
309,-788.0,12222.0
310,-754.4984381514303,12400.77663380826
311,-747.0,12442.0
312,-730.2158168351153,12537.626140475926
313,-721.0,12592.0
314,-706.6188824958509,12676.482670362919
315,-700.0,12716.0
316,-665.0,12940.0
317,-664.3305139191602,12944.451620401385
318,-635.0209490601547,13141.21063803666
319,-633.0,13155.0
320,-620.0,13256.0
321,-611.1648823112365,13327.272575033883
322,-602.0,13403.0
323,-582.0,13611.0
324,-577.5446141596699,13674.52555172003
325,-564.0,13897.0
326,-557.5565536067826,14010.255795495044
327,-555.0,14157.0
328,-554.6827615418167,14185.256692728432
329,-553.0,14362.0
330,-552.2700854826637,14525.769433636147
331,-554.0,14624.0
332,-556.108316188844,14706.191925768506
333,-558.0,14765.0
334,-565.9505811843369,14907.948930380853
335,-577.0,14999.0
336,-606.4516392741203,15191.06609840579
337,-616.0,15249.0
338,-632.5635352760073,15334.746432491087
339,-642.0,15374.0
340,-651.5556262019559,15415.185988011292
341,-685.0,15561.0
342,-704.6370427290665,15645.059502593384
343,-733.0403899628858,15766.037247766146
344,-739.0,15792.0
345,-749.0,15836.0
346,-771.9416058616687,15936.012650512934
347,-803.0,16073.0
348,-806.2326896296365,16087.877369284628
349,-831.1116273638156,16206.876924621482
350,-835.0,16226.0
351,-863.7499022742395,16377.49629092262
352,-867.0,16398.0
353,-874.0,16448.0
354,-874.1706530014967,16449.37380689538
355,-879.4028277350354,16501.349666443297
356,-880.0,16512.0
357,-880.0,16558.0
358,-879.9487507251428,16559.091510914568
359,-875.0,16605.0
360,-865.7716311018215,16639.748052975985
361,-861.0,16652.0
362,-832.0,16698.0
363,-815.2155871373053,16714.478520038032
364,-802.0,16725.0
365,-772.1689650805739,16742.74872585407
366,-757.0,16749.0
367,-718.0,16759.0
368,-689.3735251663702,16760.838224148476
369,-669.0,16759.0
370,-649.6675150578367,16754.490268575613
371,-636.0,16750.0
372,-616.2447905976089,16742.334346416814
373,-598.0,16730.0
374,-557.8171746161756,16690.07785699059
375,-553.0,16685.0
376,-543.2412724663274,16674.338776058397
377,-537.0,16663.0
378,-516.5462289295028,16623.62412509098
379,-496.0,16583.0
380,-478.2240570009181,16543.624811997077
381,-468.0,16510.0
382,-467.62807784399354,16508.74736065953
383,-451.0,16451.0
384,-441.0,16410.0
385,-435.5286271660279,16384.76036587773
386,-426.0,16334.0
387,-416.66501685635296,16262.441401221091
388,-416.0,16257.0
389,-409.0,16197.0
390,-404.4169030598855,16137.839348965013
391,-404.0,16132.0
392,-395.3393538124936,16016.793143911998
393,-394.0,16001.0
394,-387.0,15927.0
395,-378.0,15853.0
396,-374.92759933138825,15831.90584191168
397,-362.0179965121668,15756.598692818445
398,-353.0,15713.0
399,-335.0,15640.0
400,-326.16265188337127,15608.378374577167
401,-305.0,15539.0
402,-272.0,15446.0
403,-270.70326671170596,15442.576045266764
404,-202.05333783786736,15267.165680974615
405,-182.0,15217.0
406,-163.36529072574137,15172.562441685177
407,-153.0,15149.0
408,-141.58195737991073,15122.453801529498
409,-98.76269544997432,15021.64941330794
410,-44.0,14892.0
411,11.994326261748455,14758.973540065803
412,69.0,14624.0
413,111.29623057916086,14525.797001126844
414,128.0,14487.0
415,177.0,14373.0
416,183.71116032538214,14357.565392439661
417,227.0,14259.0
418,273.69039969989115,14152.64645883321
419,329.0,14026.0
420,330.39780873667166,14022.7856177784
421,381.0,13906.0
422,389.26591696940625,13886.870795609711
423,443.4154018868535,13761.932140174156
424,451.0,13745.0
425,457.0,13732.0
426,533.0465513825842,13553.235055619627
427,562.0,13484.0
428,598.8792339650366,13395.759235055315
429,638.0,13302.0
430,679.8674614424042,13200.750913890923
431,720.0,13101.0
432,798.5360732811353,12904.626727412951
433,813.0,12868.0
434,881.1585407279858,12690.739863221152
435,926.698444338326,12564.787325423586
436,946.0,12510.0
437,972.8805169131747,12431.921514804111
438,1008.0,12326.0
439,1024.0219469106878,12276.663680818903
440,1038.0,12233.0
441,1065.9301544650516,12143.506410464563
442,1136.0,11904.0
443,1167.6535594209445,11789.493565948196
444,1215.0,11615.0
445,1237.3264051948686,11531.936887438269
446,1259.6115773972656,11442.750301734322
447,1269.0,11404.0
448,1277.0,11371.0
449,1321.0,11192.0
450,1336.8773770732196,11126.889818654916
451,1381.0,10943.0
452,1387.0760379894791,10917.458059781586
453,1431.324151250116,10730.717585750519
454,1440.0,10694.0
455,1499.0,10442.0
456,1503.0321276547595,10424.655426414236
457,1542.0,10257.0
458,1582.9944948508019,10081.045565603106
459,1605.0,9987.0
460,1630.0099488118822,9881.041195571797
461,1657.0,9766.0
462,1701.0009053910524,9573.986946290512
463,1704.0,9561.0
464,1728.6502128618627,9455.599184124118
465,1764.0,9305.0
466,1792.9820524010038,9180.481668997927
467,1824.0,9047.0
468,1850.0811750461048,8935.205004913523
469,1852.0,8927.0
470,1884.8658739860348,8786.064377232395
471,1900.0,8720.0
472,1935.0,8564.0
473,1955.4885002128487,8473.472591863378
474,1982.0,8357.0
475,1994.7592883575662,8300.74758193089
476,2026.1858768166037,8161.800469494279
477,2045.0,8079.0
478,2073.0,7957.0
479,2073.7813625915005,7953.646448155341
480,2114.0,7784.0
481,2163.5777708985825,7573.431718294362
482,2200.0,7419.0
483,2211.753041470727,7369.754724984298
484,2238.0,7262.0
485,2242.243101819303,7244.381760210967
486,2292.0,7036.0
487,2300.6344706256855,6999.6392475305065
488,2325.0,6897.0
489,2338.246570655551,6841.544182440493
490,2375.0,6688.0
491,2387.7720158941684,6634.265395987657
492,2420.0,6498.0
493,2457.233508335047,6340.727187345913
494,2488.0,6211.0
495,2510.183712286279,6117.897698172627
496,2520.0,6075.0
497,2556.157895182802,5914.361261046683
498,2576.0,5824.0
499,2585.6215579844484,5778.526619181624
500,2600.959219346372,5671.517946625905
501,2602.0,5660.0
502,2606.2539323785577,5589.642309062185
503,2606.0,5581.0
504,2587.0,5442.0
505,2574.3579155163375,5398.889744994917
506,2521.56350158865,5309.952500678855
507,2513.0,5298.0
508,2487.057445808242,5262.028128451621
509,2469.0,5226.0
510,2409.0,5070.0
511,2408.5785839883256,5068.6409614872955
512,2399.2226156771403,5005.586618400507
513,2399.0,5001.0
514,2396.3661195350965,4947.931967129502
515,2395.0,4880.0
516,2397.0,4830.0
517,2397.1022467581915,4828.308349081686
518,2404.832971273199,4739.573435975238
519,2410.0,4696.0
520,2424.0,4602.0
521,2426.145535151456,4590.0191214887345
522,2443.0,4506.0
523,2449.310682682815,4475.917887713707
524,2460.0,4428.0
525,2499.663883893545,4271.764609136082
526,2506.0,4248.0
527,2561.9635250403653,4051.7717525134276
528,2569.0,4028.0
529,2603.0,3913.0
530,2606.828278565218,3899.8288542016153
531,2655.235031432476,3730.4287316874884
532,2664.0,3699.0
533,2685.13616044424,3621.507476765658
534,2701.0,3562.0
535,2748.0,3384.0
536,2762.0670559890154,3329.549732977778
537,2774.0,3280.0
538,2791.9718563980528,3209.7999098216146
539,2829.0,3066.0
540,2830.0796248473143,3061.754203850577
541,2860.0,2943.0
542,2877.5825747169974,2873.274568218921
543,2906.0,2762.0
544,2950.927909198749,2589.741350977194
545,2954.0,2578.0
546,2985.9020929936523,2456.009557521978
547,3014.0,2348.0
548,3046.7850261761287,2221.7343290872586
549,3075.0,2113.0
550,3097.9519118192693,2024.4713188999474
551,3110.0,1979.0
552,3141.3051438192074,1862.0209549151057
553,3170.0,1754.0
554,3174.5260721601244,1736.7630218820645
555,3205.0,1617.0
556,3229.553068802953,1515.7523320263176
557,3272.0,1338.0
558,3294.191585470653,1244.6663060555127
559,3321.273512934203,1112.98694593578
560,3331.0,1055.0
561,3344.0,976.0
1,3381.802238193155,684.384748340085
2,3393.0,487.0
3,3394.832808000983,442.0417887444697
4,3395.0,437.0
5,3395.9923625976617,308.2114285505732
6,3395.0,253.0
7,3392.463207505735,174.10017890073203
8,3388.0,85.0
9,3377.04120531317,-60.10196747410355
10,3367.0,-167.0
11,3353.0,-301.0
12,3346.489497369216,-358.73422162198733
13,3330.0,-498.0
14,3326.0767118697017,-531.1959177111872
15,3298.0,-773.0
16,3288.4902822144113,-868.3257173864121
17,3286.3489056194076,-913.0648214311328
18,3285.0,-941.0
19,3281.058644808389,-1034.7486365134882
20,3281.0,-1038.0
21,3283.8496377784436,-1152.4368155536151
22,3284.0,-1155.0
23,3290.9029668117955,-1220.2254445474086
24,3294.0,-1235.0
25,3328.8303084740005,-1360.271382192045
26,3330.0,-1364.0
27,3370.271583253771,-1449.9359169830338
28,3397.675452130702,-1479.4599740901222
29,3399.0,-1481.0
30,3435.0,-1523.0
31,3438.90339800376,-1527.1795969879763
32,3494.0,-1578.0
33,3523.7092966141577,-1601.1330958143283
34,3592.0,-1647.0
35,3644.0144451018364,-1677.870418889498
36,3646.0,-1679.0
37,3697.0,-1707.0
38,3720.1791911724986,-1719.3005159811446
39,3751.0,-1736.0
40,3765.931670031797,-1744.708216550321
41,3797.0,-1765.0
42,3805.0899549962296,-1771.0415405719475
43,3846.1797621508827,-1808.7605601107475
44,3870.0,-1843.0
45,3883.0,-1880.0
46,3884.8595807002303,-1889.756432543053
47,3888.0,-1915.0
48,3887.0,-1965.0
49,3882.1589104086556,-1992.0265130634762
50,3875.0,-2020.0
51,3873.060166716361,-2026.9011646702836
52,3864.0,-2055.0
53,3856.3714438235947,-2074.4499398158564
54,3846.0,-2097.0
55,3830.400085057678,-2124.6449378572725
56,3820.0,-2141.0
57,3806.5912314180405,-2160.311108808436
58,3798.0,-2171.0
59,3769.9139710125187,-2198.98136623046
60,3765.0,-2203.0
61,3727.2436538113307,-2228.2640211737926
62,3701.0,-2241.0
63,3653.5891256802715,-2256.2346353828766
64,3646.0,-2258.0
65,3604.721496694563,-2265.1774069675866
66,3556.0,-2270.0
67,3537.4534202424725,-2271.1632404835764
68,3485.0,-2273.0
69,3422.0223151349796,-2273.0771777586942
70,3419.0,-2273.0
71,3300.0,-2267.0
72,3286.6618687691307,-2266.037196648922
73,3214.0,-2258.0
74,3141.7135121446227,-2245.660538939071
75,3116.0,-2240.0
76,3009.613409010851,-2212.586747446885
77,2865.4189688753186,-2171.0258684395403
78,2862.0,-2170.0
79,2780.1376782250136,-2143.853454620563
80,2721.0,-2123.0
81,2693.70019236804,-2113.2605057010933
82,2577.905785349085,-2071.2200869824574
83,2564.0,-2066.0
84,2376.1395748546456,-1983.1710348670174
85,2372.0,-1981.0
86,2223.0,-1899.0
87,2204.583821942499,-1888.3815414384342
88,2137.0400362307114,-1845.6797598944174
89,2127.0,-1839.0
90,2038.8777500276856,-1780.001648263765
91,1957.0,-1724.0
92,1860.0,-1655.0
93,1838.310980359308,-1639.2270995917247
94,1696.4365312666237,-1534.0134821121235
95,1665.0,-1510.0
96,1563.1753260833198,-1429.7995366227087
97,1471.0,-1355.0
98,1436.5199683962035,-1326.8827538808328
99,1377.4992766628945,-1278.4409189749379
100,1310.8933230435598,-1224.3329815613147
101,1308.0,-1222.0
102,1183.8498084504974,-1122.3019444218137
103,1181.0,-1120.0
104,1102.0,-1055.0
105,1051.160842291696,-1011.4555882728087
106,1038.0,-1000.0
107,946.0,-914.0
108,922.0121869424822,-888.8405867935342
109,863.0,-821.0
110,859.0271543882945,-815.9494575470807
111,801.2521398817496,-732.0150614054534
112,800.0,-730.0
113,788.0,-710.0
114,766.0932126927926,-664.3864270314782
115,746.4109771686631,-593.452915782665
116,745.0,-584.0
117,742.0,-517.0
118,744.9696284071503,-472.89417234009454
119,749.0,-439.0
120,760.0,-368.0
121,764.5369529382915,-333.5292010767132
122,769.0,-251.0
123,768.0247491040141,-213.34116799069275
124,764.0,-148.0
125,757.5084167208732,-98.1591859854582
126,751.0,-67.0
127,746.9565548116353,-49.076335406823574
128,730.5242509878959,13.511975315893496
129,724.0,32.0
130,664.7734859152648,146.27009498190307
131,663.0,149.0
132,537.7938324542307,314.75925730803135
133,536.0,317.0
134,497.5686399478984,364.3223252086699
135,433.5252369915096,444.0025622998792
136,426.0,454.0
137,420.0,462.0
138,383.46650134889654,507.03078487306976
139,359.0,536.0
140,293.4124571144656,615.7253479539395
141,238.0,683.0
142,211.44220956848318,714.7052198209974
143,148.88317292870295,785.4662486577358
144,108.0,828.0
145,41.0,895.0
146,8.00145333978395,926.3384016163131
147,-76.0,1001.0
148,-141.1791754263637,1054.4969506121306
149,-184.0,1089.0
150,-264.0953124050294,1153.6377054572426
151,-285.0,1170.0
152,-377.46016869319425,1241.0471194254026
153,-399.0,1259.0
154,-531.0,1372.0
155,-621.5743320384839,1450.7279680803395
156,-656.0,1511.0
157,-678.9615851122055,1548.828516590193
158,-765.104398951197,1696.4173676649384
159,-768.0,1702.0
160,-841.5782680248021,1876.365495983335
161,-877.8382245082624,1997.7292050902304
162,-892.0,2044.0
163,-905.1360342381554,2084.605671551919
164,-919.5336208259537,2164.4777191409466
165,-920.0,2169.0
166,-944.0,2507.0
167,-945.123715679973,2529.857926494893
168,-945.0188851549282,2596.345990556737
169,-944.0,2627.0
170,-940.5744184793607,2754.697720937724
171,-940.0,2775.0
172,-935.0,2924.0
173,-932.0520194645617,2992.347972485997
174,-928.0,3069.0
175,-923.7947790097553,3131.9299568576266
176,-914.0,3273.0
177,-912.0,3353.0
178,-912.2053276066922,3391.645556144065
179,-914.0,3445.0
180,-920.0,3520.0
181,-923.0372100541294,3544.206434233602
182,-937.0,3623.0
183,-938.2123533251704,3628.588449632505
184,-959.0,3706.0
185,-973.8322351861535,3746.585107773673
186,-992.0,3788.0
187,-1044.0,3869.0
188,-1047.4912914367142,3872.8280613750267
189,-1105.0,3926.0
190,-1120.558837925895,3937.373585135325
191,-1149.0,3952.0
192,-1173.3208352157917,3962.967947297048
193,-1212.0,3974.0
194,-1323.0,3984.0
195,-1361.4214369177348,3984.980621074926
196,-1399.999434126632,3980.4466786507583
197,-1429.0,3976.0
198,-1466.902630576252,3971.881671039638
199,-1497.0,3971.0
200,-1644.6435857915885,3978.2086352470947
201,-1687.0,3982.0
202,-1726.514293657059,3991.390646043348
203,-1733.0,3994.0
204,-1815.0,4031.0
205,-1854.0713375810892,4054.4907711633805
206,-1900.0,4089.0
207,-1904.546338376544,4092.6983869727164
208,-1958.8444201425918,4141.771586536045
209,-1961.0,4144.0
210,-2048.5047144714417,4249.346767584962
211,-2068.0,4275.0
212,-2102.1687751576665,4324.2121077268675
213,-2120.0,4359.0
214,-2177.524853122882,4492.426322444469
215,-2210.0,4575.0
216,-2236.3384513015526,4665.447945067967
217,-2244.0,4704.0
218,-2272.3430724959903,4845.533951050724
219,-2277.0,4873.0
220,-2289.7868224725876,4962.8861599088505
221,-2292.0,4979.0
222,-2297.0,5015.0
223,-2308.6406202972057,5104.447506624301
224,-2311.0,5124.0
225,-2344.0,5416.0
226,-2347.0536009967627,5443.070564991408
227,-2354.0,5508.0
228,-2364.6352873622423,5621.550578261686
229,-2369.0,5669.0
230,-2381.7889226517045,5810.601724791951
231,-2391.0,5918.0
232,-2405.6710709987265,6098.725824224804
233,-2406.0,6103.0
234,-2415.0,6234.0
235,-2417.4470939398852,6274.345634565188
236,-2431.9383710236802,6527.157084505225
237,-2433.0,6546.0
238,-2440.0,6683.0
239,-2440.3371691114153,6691.903697636403
240,-2447.0,6928.0
241,-2447.318269923251,6939.870393167097
242,-2449.0,7006.0
243,-2449.4444503312634,7217.990956099945
244,-2449.0,7242.0
245,-2445.077273839263,7392.07336766659
246,-2440.0,7546.0
247,-2435.630344252313,7654.358470815981
248,-2428.2913369827406,7768.749048961574
249,-2428.0,7773.0
250,-2421.0,7871.0
251,-2416.4246665887326,7927.840582403741
252,-2390.0,8199.0
253,-2381.2747586539645,8275.434722499367
254,-2345.129878995465,8548.85959285649
255,-2343.0,8564.0
256,-2332.4715425352842,8635.693568233035
257,-2322.0,8698.0
258,-2300.0628004140895,8822.37424834197
259,-2286.0,8899.0
260,-2260.63505761169,9030.031778282797
261,-2235.0,9151.0
262,-2232.3939866552682,9162.630967766272
263,-2200.0,9301.0
264,-2161.2666319601058,9463.615198738757
265,-2144.0,9534.0
266,-2128.0,9598.0
267,-2121.375320441523,9625.00893504887
268,-2092.268510518154,9748.505743348738
269,-2088.0,9767.0
270,-2063.0,9877.0
271,-2036.3187828569926,9995.889468782187
272,-2002.0,10148.0
273,-1996.5715243429072,10171.186567466506
274,-1984.0,10215.0
275,-1978.4989400558766,10233.099043828322
276,-1948.0,10329.0
277,-1930.3829205078175,10374.358477575297
278,-1899.0,10435.0
279,-1896.3236889894279,10439.146565809264
280,-1861.0,10484.0
281,-1832.6244713079836,10510.147583779286
282,-1793.0,10537.0
283,-1754.333486653028,10554.082657911093
284,-1727.0,10562.0
285,-1635.0,10583.0
286,-1530.9604311243088,10614.980215093428
287,-1478.413754505082,10638.323611594698
288,-1477.0,10639.0
289,-1428.9058244789865,10664.52407212506
290,-1393.498649152929,10687.940634902134
291,-1392.0,10689.0
292,-1349.1688448479579,10721.06415947648
293,-1328.0,10739.0
294,-1264.0,10800.0
295,-1253.6298542347236,10810.747289470373
296,-1219.1015365133212,10850.902933829593
297,-1185.0,10902.0
298,-1153.5048225693306,10953.885089818708
299,-1136.0,10985.0
300,-1113.4084170832227,11028.578457104766
301,-1101.0,11055.0
302,-1075.7671244709093,11115.563804580104
303,-1057.0,11165.0
304,-1035.07749492414,11226.72310693444
305,-1031.0,11239.0
306,-1002.0,11335.0
307,-1000.2500381770474,11341.197360502001
308,-988.0,11386.0
309,-962.4868272563028,11484.381305952613
310,-948.0,11542.0
311,-932.5677538408124,11603.842508801616
312,-910.0,11695.0
313,-881.1660833052398,11816.407840800217
314,-860.0,11904.0
315,-854.0,11928.0
316,-824.4666010296864,12055.836762360648
317,-790.0,12214.0
318,-783.8314011772958,12243.111825699376
319,-774.8407029594688,12289.040016645413
320,-766.0,12338.0
321,-742.0,12470.0
322,-733.6129176842308,12516.71993954322
323,-705.0,12686.0
324,-678.1985716860252,12857.264803182094
325,-668.0,12923.0
326,-640.0,13108.0
327,-636.7064295552923,13131.278817852137
328,-632.0,13165.0
329,-615.0,13295.0
330,-610.1669937036784,13334.281854233152
331,-593.30938272899,13481.905774096474
332,-587.0,13546.0
333,-577.3887576541357,13661.440481934198
334,-576.0,13681.0
335,-569.8837675866089,13782.115291551756
336,-568.0,13817.0
337,-562.0,13938.0
338,-559.7332315343706,13991.800818569034
339,-557.0,14077.0
340,-552.3955649368503,14363.959599671865
341,-552.0,14408.0
342,-552.8111657974772,14572.455572202163
343,-554.0,14625.0
344,-558.8024703981126,14777.92803471019
345,-559.0,14782.0
346,-576.5690453017093,14999.294538280981
347,-577.0,15003.0
348,-598.0,15145.0
349,-609.2123575880128,15206.080972281441
350,-644.0,15382.0
351,-679.1292750975995,15536.436586027294
352,-691.0,15586.0
353,-710.3692909245599,15669.672834232952
354,-734.0,15772.0
355,-766.0,15907.0
356,-768.2742815030016,15916.710187236273
357,-808.0,16093.0
358,-812.2702911612611,16112.626056143208
359,-840.0,16247.0
360,-847.0,16286.0
361,-849.9141431437672,16302.280222666732
362,-872.0,16428.0
363,-878.2246770720495,16476.973389633353
364,-880.0,16502.0
365,-880.4599266560541,16547.45267077951
366,-875.0,16605.0
367,-871.1229548899091,16623.165137527074
368,-865.0,16643.0
369,-848.8118190130484,16676.128772949283
370,-843.0,16685.0
371,-813.7918206791088,16716.463595176716
372,-805.0,16723.0
373,-760.619662316724,16747.02006256818
374,-751.0,16751.0
375,-708.0,16760.0
376,-683.313411893968,16760.072117016407
377,-671.0,16759.0
378,-648.4638311044039,16754.347692555337
379,-638.0,16751.0
380,-623.5386940580445,16745.154437004112
381,-608.0,16737.0
382,-564.0,16699.0
383,-559.8786772127706,16694.12543611086
384,-541.0,16669.0
385,-522.8951660568192,16639.70830405012
386,-517.0,16628.0
387,-489.0,16568.0
388,-487.4902298073407,16564.767823396003
389,-482.845339263388,16556.47208072362
390,-479.0,16540.0
391,-464.6972892301179,16495.33309260252
392,-450.0,16448.0
393,-437.7067228726309,16401.941746464832
394,-429.27193657770925,16353.643869199579
395,-426.0,16332.0
396,-418.1044009583457,16276.771762247643
397,-413.0,16234.0
398,-411.5892419151113,16220.659609564751
399,-406.0,16161.0
400,-402.8469371146733,16121.405043342113
401,-400.0,16084.0
402,-390.0,15964.0
403,-386.39121873617785,15928.314331182282
404,-378.0,15859.0
405,-362.0,15759.0
406,-356.8543946940892,15732.707390977419
407,-333.0,15633.0
408,-328.1182521960583,15615.46767831717
409,-297.0,15515.0
410,-294.4365801440951,15507.385764570716
411,-262.0,15417.0
412,-246.42192702804476,15376.22208593252
413,-214.0,15295.0
414,-192.2617062772658,15242.49421257828
415,-172.0,15194.0
416,-114.0,15055.0
417,-105.4080981179805,15034.932080957942
418,-73.0,14960.0
419,-54.11081526464538,14915.862033927566
420,-17.0,14828.0
421,-13.41804478197637,14819.459283882128
422,40.0,14692.0
423,99.0,14555.0
424,102.76566424448356,14546.196541612408
425,145.88682149159936,14444.652733776566
426,153.0,14428.0
427,198.0,14324.0
428,238.2648052700011,14233.158493119447
429,271.0,14159.0
430,310.6497215019225,14067.02089660729
431,342.0,13995.0
432,354.0,13968.0
433,393.6803458966992,13878.265047591609
434,413.0,13834.0
435,463.46498321804256,13716.117217183179
436,506.0,13616.0
437,510.11734043002224,13606.346826835415
438,557.5472709976782,13495.32105560422
439,577.0,13449.0
440,627.6332969372173,13325.28008401674
441,647.0,13278.0
442,700.0,13150.0
443,731.4711174726975,13072.891929832924
444,753.0,13019.0
445,791.4736991192863,12921.192310513787
446,863.0,12737.0
447,884.9621856943086,12679.793277308598
448,911.2708114688369,12609.179709088736
449,941.0,12524.0
450,978.0,12416.0
451,992.0465847972937,12374.103964497312
452,1029.0,12260.0
453,1109.2889422643505,11997.508940108595
454,1116.0,11975.0
455,1157.4585450375844,11831.173055846908
456,1188.0,11717.0
457,1226.5725485090538,11569.159706859838
458,1239.0,11521.0
459,1286.3570397604558,11336.046914144861
460,1298.0,11290.0
461,1333.9450223172043,11140.136900483581
462,1338.0,11123.0
463,1370.0,10989.0
464,1372.8979931002573,10976.860223517137
465,1410.0,10821.0
466,1420.381223411296,10777.348501500264
467,1446.0,10669.0
468,1454.0362996172469,10634.652646601582
469,1498.1764203757768,10444.218599122194
470,1529.0,10311.0
471,1563.1520266571404,10164.629571291664
472,1585.0,10071.0
473,1609.0,9968.0
474,1620.2559201116605,9920.406389410276
475,1654.0,9779.0
476,1680.6985979125252,9663.642444051035
477,1722.0,9484.0
478,1781.2152373295935,9230.636476001886
479,1783.0,9223.0
480,1822.3906438859533,9053.750738315433
481,1858.5378113401548,8896.337503787649
482,1860.0,8890.0
483,1949.0,8504.0
484,1951.9055896951386,8491.251233094943
485,1984.3863965663513,8345.364869827103
486,2014.0,8214.0
487,2017.084745434288,8200.54350902765
488,2043.0,8088.0
489,2056.0533471636927,8031.3173407707145
490,2117.7874907739692,7764.173636281801
491,2119.0,7759.0
492,2177.959627049829,7511.792036831301
493,2191.0,7457.0
494,2227.7078524163494,7302.368462598291
495,2229.0,7297.0
496,2268.0,7137.0
497,2302.0,6995.0
498,2313.1323986911316,6947.917219451069
499,2344.0,6817.0
500,2370.0485583538057,6707.691555953554
501,2427.914101858852,6466.266960520875
502,2433.0,6445.0
503,2471.8808769467837,6279.801285728249
504,2473.0,6275.0
505,2538.0,5996.0
506,2558.0747198277863,5909.661950148931
507,2579.902150540849,5809.201172858533
508,2584.0,5784.0
509,2595.2625790159095,5707.673661425648
510,2602.0,5656.0
511,2607.405937452247,5566.953524597542
512,2605.0,5544.0
513,2582.0,5429.0
514,2569.2560428199563,5388.236420301022
515,2551.0,5361.0
516,2524.0,5315.0
517,2482.1872547091825,5244.642519145122
518,2439.0,5165.0
519,2411.1431368889425,5080.558818768923
520,2403.0,5036.0
521,2394.8879657475973,4972.8679301618695
522,2395.0,4932.0
523,2401.0,4781.0
524,2403.54110931972,4739.625987911796
525,2410.643360708017,4689.881016768674
526,2413.0,4675.0
527,2431.0,4562.0
528,2440.766388296547,4511.378719495967
529,2456.0,4445.0
530,2494.891090586292,4291.608130476423
531,2506.0,4249.0
532,2519.65515910159,4198.193182495877
533,2533.0,4153.0
534,2557.1159100081645,4071.3352085131055
535,2576.0,4007.0
536,2598.7415587018963,3928.747279508989
537,2603.0,3914.0
538,2643.138279600991,3773.139279479983
539,2664.0,3698.0
540,2676.2493042500873,3653.468082753637
541,2705.0,3548.0
542,2733.1383117063297,3441.5088052490382
543,2752.0,3368.0
544,2779.0,3263.0
545,2781.5953129940294,3252.8866273836466
546,2815.7737459211244,3119.126140894394
547,2834.0,3047.0
548,2857.761179371207,2952.039277294025
549,2865.0,2923.0
550,2887.645869196355,2832.4067451803044
551,2904.0,2769.0
552,2939.464010723979,2633.2314929655126
553,2956.0,2570.0
554,2998.27541021459,2406.586980617648
555,3020.0,2322.0
556,3059.0,2174.0
557,3065.783745509976,2148.1076255377493
558,3098.0,2025.0
559,3134.0,1890.0
560,3136.8140989774192,1879.4212150987587
561,3176.8548402280785,1727.045072500797
562,3182.0,1707.0
563,3213.0,1584.0
564,3222.9134259130137,1544.4612114094743
565,3262.0,1385.0
566,3264.3985034798297,1374.6876729170176
567,3289.0,1265.0
568,3315.0113618335895,1140.3572433267393
569,3324.0,1093.0
570,3344.0,975.0
1,3383.5198509709735,662.7613228212458
2,3387.0,618.0
3,3395.0,438.0
4,3395.4807610434973,396.8059242469201
5,3395.0,274.0
6,3394.2117687963564,229.33586053348253
7,3393.0,192.0
8,3384.136294110686,39.81555480656341
9,3382.0,10.0
10,3365.0,-188.0
11,3357.9324176827963,-256.174806743533
12,3335.0,-454.0
13,3310.0,-667.0
14,3307.7976214696882,-685.8755836975349
15,3291.0,-851.0
16,3285.6177385111887,-943.7650148601062
17,3281.0,-1088.0
18,3281.0161137405626,-1113.337514423444
19,3287.8876029392068,-1200.2606745998312
20,3292.0,-1227.0
21,3305.8771401678628,-1297.7567486732032
22,3315.0,-1325.0
23,3379.170606218715,-1453.040637734747
24,3388.0,-1468.0
25,3424.739939278928,-1517.6005943043715
26,3456.0,-1545.0
27,3457.5945436775664,-1546.4001437135018
28,3506.0,-1588.0
29,3572.2463674256564,-1635.9040364895684
30,3577.0,-1639.0
31,3678.0,-1697.0
32,3680.107710764074,-1698.144456659873
33,3751.4471384724234,-1736.8852989724355
34,3757.0,-1740.0
35,3799.198658214336,-1766.2157568787081
36,3820.0,-1783.0
37,3826.913494014224,-1788.7784803726631
38,3860.1857113681685,-1824.1159659626276
39,3868.0,-1841.0
40,3887.084201792077,-1915.2239834212157
41,3888.0,-1920.0
42,3890.71800476061,-1949.5902064989039
43,3886.0,-1968.0
44,3885.8498871291717,-1968.7611028915808
45,3880.0,-2000.0
46,3872.1777159164963,-2030.6932581073968
47,3868.0,-2043.0
48,3843.3846370908705,-2099.5121211290366
49,3833.0,-2120.0
50,3823.551565584095,-2136.6122187216624
51,3810.1751579910965,-2155.241851751452
52,3804.0,-2163.0
53,3776.0,-2193.0
54,3775.133099263654,-2193.7104844666596
55,3706.074412828356,-2235.9885115167895
56,3692.0,-2243.0
57,3664.038382275442,-2254.3690668862864
58,3628.0,-2261.0
59,3615.958160984285,-2262.685945145202
60,3561.0,-2269.0
61,3529.2976585377696,-2271.2541978993763
62,3509.0,-2272.0
63,3364.1974747076347,-2271.3340632578784
64,3356.0,-2271.0
65,3264.705971333559,-2263.9087290318057
66,3178.1269338568554,-2251.4228776645623
67,3169.0,-2250.0
68,3145.3491855804195,-2246.0779171932872
69,3112.0,-2239.0
70,3080.0985025968876,-2231.637129602422
71,3014.0,-2215.0
72,2829.875618499208,-2159.0782952713357
73,2811.0,-2153.0
74,2640.962949530973,-2094.446161487081
75,2626.0,-2089.0
76,2520.0,-2048.0
77,2515.786855990482,-2046.204411423057
78,2395.0,-1992.0
79,2344.955081349315,-1968.1060132759103
80,2245.0,-1912.0
81,2206.6575267824705,-1889.0886248928755
82,2127.0,-1839.0
83,2108.327129996395,-1826.6774094722682
84,1946.0,-1716.0
85,1917.494170041688,-1696.239782927862
86,1834.906434865712,-1636.8859045028148
87,1784.0,-1599.0
88,1772.051706325872,-1590.1302572179825
89,1697.0,-1534.0
90,1586.7479457536283,-1447.8839515579602
91,1568.0,-1433.0
92,1492.0,-1372.0
93,1469.6690930908353,-1353.8723922020808
94,1324.0,-1235.0
95,1308.4716441303756,-1222.4220161548988
96,1141.0,-1087.0
97,1091.7275792822425,-1046.1037814889446
98,1068.0,-1026.0
99,1025.799997844641,-989.4886621280513
100,1005.0,-971.0
101,944.0,-912.0
102,925.8988857718086,-892.1916342122274
103,849.0,-803.0
104,841.0737683099118,-793.6993969953141
105,795.5775519037168,-731.2498626424328
106,783.0,-699.0
107,745.0,-584.0
108,744.4168708961839,-581.5695241788641
109,736.5308014521751,-516.3612628285618
110,746.1690625415561,-458.33253983030716
111,749.0,-443.0
112,754.3460579005125,-414.17823871466226
113,762.144356504438,-369.86719525804256
114,767.0,-309.0
115,767.7816628612925,-287.02845616689393
116,768.0,-195.0
117,762.8790149131682,-126.36051661687947
118,753.0,-73.0
119,734.0,3.0
120,730.7492707021788,13.620027345370413
121,709.0,69.0
122,692.0148242146416,100.37111495519022
123,633.5669264987899,189.45863029544668
124,600.0,237.0
125,545.8821629365336,308.59236259654267
126,476.1327412279954,391.9852482685797
127,472.0,397.0
128,417.30845185965427,464.1367690775548
129,369.0,524.0
130,354.9636955729788,541.4213523819074
131,332.0,570.0
132,293.73540716238415,618.041450593856
133,244.0,677.0
134,93.0,845.0
135,60.16873850705531,880.4136360384103
136,16.516156001749064,924.4608059862585
137,-43.0,973.0
138,-45.095966805799875,974.7502191509857
139,-162.0,1072.0
140,-300.70256419319594,1181.2762281568682
141,-308.0,1187.0
142,-369.9648327485217,1235.9924532071507
143,-414.0,1271.0
144,-594.0,1436.0
145,-620.5866496737556,1469.4487413544587
146,-722.0,1613.0
147,-732.467423999889,1629.120258427142
148,-801.0,1781.0
149,-817.7117890790129,1827.4540799884703
150,-877.0,2000.0
151,-887.8750011043146,2036.064526994789
152,-920.0,2167.0
153,-930.4661275889787,2237.511185937894
154,-937.0,2312.0
155,-940.3713154097918,2367.7490324495875
156,-943.0,2459.0
157,-943.5475393932787,2552.195789798019
158,-943.0,2679.0
159,-940.5176641575559,2786.6192810958532
160,-938.0,2842.0
161,-932.7713200934838,2964.7369835982076
162,-930.0,3021.0
163,-921.0,3169.0
164,-918.200113700394,3218.355388662888
165,-911.0,3359.0
166,-909.1637846319937,3468.581469789451
167,-921.0,3531.0
168,-925.2123366798155,3559.29916974319
169,-932.0,3604.0
170,-953.0,3690.0
171,-966.8510552207732,3725.3996372338775
172,-1018.0,3834.0
173,-1034.209562697452,3864.2169312489686
174,-1082.0,3908.0
175,-1087.4069265098367,3911.99323419636
176,-1126.0,3940.0
177,-1179.0,3965.0
178,-1197.03095745709,3969.4733775314544
179,-1285.7673811449718,3983.469459864906
180,-1290.0,3984.0
181,-1307.9313047017854,3985.1490048529167
182,-1318.0,3984.0
183,-1368.419313513508,3980.82602286001
184,-1411.0,3978.0
185,-1417.986267754361,3977.448993865416
186,-1464.0,3974.0
187,-1528.175469158751,3971.6019224457227
188,-1583.0,3970.0
189,-1604.6776284092552,3969.3298678167785
190,-1632.0,3974.0
191,-1645.9784990472297,3977.7528796201086
192,-1746.4973302968426,4006.9179388269813
193,-1824.0,4037.0
194,-1857.5531856624234,4054.9463886542176
195,-1936.0,4120.0
196,-1937.0562811011068,4121.024207279864
197,-1998.7619951535967,4186.487437716238
198,-2040.0,4237.0
199,-2053.844871237927,4255.491127402096
200,-2107.0,4338.0
201,-2112.3749469329555,4347.593542643053
202,-2161.0,4443.0
203,-2165.792577495975,4453.4250118315485
204,-2201.0,4548.0
205,-2221.788542560613,4621.368525925828
206,-2249.0,4725.0
207,-2256.3259080953085,4754.1349925309005
208,-2273.0033702467913,4849.42427653213
209,-2274.0,4856.0
210,-2288.0,4946.0
211,-2299.3920728082862,5028.366930067975
212,-2305.0,5073.0
213,-2311.39685749026,5126.7426691556875
214,-2327.0,5265.0
215,-2331.0530812245843,5300.26845793258
216,-2337.0,5352.0
217,-2341.441348153809,5391.452027413533
218,-2351.0,5479.0
219,-2352.7772279815426,5495.871221082471
220,-2363.084765527554,5599.156118937687
221,-2364.0,5609.0
222,-2378.0,5770.0
223,-2384.6784728824955,5842.005659994619
224,-2388.0,5879.0
225,-2400.0,6031.0
226,-2405.824937437816,6110.773813948012
227,-2412.0,6200.0
228,-2424.0578230446667,6381.917766740085
229,-2429.0,6460.0
230,-2437.2983561319916,6608.617805314171
231,-2439.990771167845,6681.171330005826
232,-2442.0,6741.0
233,-2442.8513940250123,6767.343314816173
234,-2446.512843237536,6906.371757576331
235,-2447.0,6938.0
236,-2449.0,7245.0
237,-2449.0009906295654,7249.865842024512
238,-2447.94855632259,7345.900525925506
239,-2445.0,7417.0
240,-2437.169146313744,7593.432955877725
241,-2432.0,7701.0
242,-2425.980608343085,7807.0200561514
243,-2418.0,7908.0
244,-2414.606901643553,7946.672583451633
245,-2405.0,8052.0
246,-2401.7077192705624,8087.436588389
247,-2387.6811761536674,8223.31732180198
248,-2381.0,8277.0
249,-2337.0,8601.0
250,-2336.518183433784,8604.412852425985
251,-2319.0,8715.0
252,-2312.6620800641836,8750.600464648654
253,-2268.0,8992.0
254,-2248.0,9090.0
255,-2243.743179762631,9110.013237679608
256,-2207.593554314799,9269.9365091306
257,-2196.0,9319.0
258,-2145.0,9530.0
259,-2143.98368989193,9534.186292882932
260,-2104.4041039719277,9698.7192969339
261,-2102.0,9709.0
262,-2069.0,9853.0
263,-2053.2769761318527,9921.95153287482
264,-2040.0,9981.0
265,-2012.0,10107.0
266,-2006.1281659264291,10130.887809275546
267,-1975.0,10244.0
268,-1962.0,10288.0
269,-1940.821438159987,10347.2295092079
270,-1923.0,10389.0
271,-1916.0605075622707,10403.694305065921
272,-1895.0,10439.0
273,-1882.6548557445083,10453.992185539826
274,-1783.7200839103025,10540.25855821524
275,-1780.0,10543.0
276,-1748.3763362332074,10557.737388371841
277,-1722.0,10563.0
278,-1672.296298320078,10574.180341086969
279,-1599.0,10592.0
280,-1531.8875169753273,10611.784434841356
281,-1463.0,10646.0
282,-1461.7273535699883,10646.737194463416
283,-1403.638452495174,10682.020414503568
284,-1402.0,10683.0
285,-1393.0,10689.0
286,-1379.7846056871588,10699.188323204628
287,-1306.0,10759.0
288,-1285.7394683039468,10778.039599099726
289,-1239.0,10829.0
290,-1191.9770125143832,10889.758528832303
291,-1178.0,10911.0
292,-1143.0,10971.0
293,-1141.8463320358633,10973.082629495904
294,-1102.0207094291666,11050.509216046245
295,-1092.0,11073.0
296,-1059.0,11157.0
297,-1058.144261822758,11159.358137926778
298,-1023.0,11265.0
299,-1003.6566861667346,11328.416684571312
300,-992.0,11369.0
301,-981.0,11412.0
302,-964.9738448039451,11476.295881067523
303,-916.6337047955913,11670.380977299777
304,-914.0,11681.0
305,-890.6815018452667,11775.596693062384
306,-869.7635061175348,11862.865921980601
307,-865.0,11883.0
308,-797.7870994824435,12172.889632070313
309,-796.0,12181.0
310,-771.0,12308.0
311,-768.7394915575424,12320.281534656619
312,-754.0,12401.0
313,-746.4034295194152,12443.449809567552
314,-735.0,12508.0
315,-727.4936266420239,12550.82117774523
316,-704.1919113339878,12687.25259282568
317,-700.0,12713.0
318,-676.0,12866.0
319,-675.5650065614304,12868.787628026319
320,-648.0,13050.0
321,-644.2682048019858,13076.211944526684
322,-616.0,13281.0
323,-600.0351862498984,13414.964021622704
324,-596.0,13457.0
325,-589.9329157561184,13519.268491955743
326,-581.0,13619.0
327,-567.365665893618,13817.753436042352
328,-565.0,13860.0
329,-559.0,14012.0
330,-558.4788881223817,14029.069690409468
331,-554.5826599765678,14175.095268716364
332,-553.0,14272.0
333,-552.5736977893047,14312.616384588971
334,-552.0,14453.0
335,-552.690122676674,14547.963285242833
336,-554.0,14623.0
337,-560.0202915790405,14810.148190410002
338,-561.0,14826.0
339,-596.4977612530381,15133.655298119837
340,-604.0,15184.0
341,-612.9547926613789,15237.743236654545
342,-625.0,15294.0
343,-643.1898253646305,15376.408581355623
344,-673.9999731964741,15513.868745567177
345,-688.0,15575.0
346,-703.2221255921854,15640.317290638908
347,-717.0,15699.0
348,-742.3859784224808,15807.442796753854
349,-769.0,15922.0
350,-779.8427385649634,15969.241965192556
351,-810.1362674393799,16105.33871676544
352,-816.0,16133.0
353,-825.9567117129178,16181.508474950677
354,-833.0,16216.0
355,-858.0,16341.0
356,-858.272562752866,16342.664419584155
357,-863.0,16374.0
358,-880.0,16513.0
359,-880.124697517987,16514.60649590346
360,-881.0518574757124,16552.34310094418
361,-879.0,16576.0
362,-876.3989957907411,16596.73644661457
363,-866.0,16639.0
364,-865.5574740546824,16640.081206958806
365,-817.9483514452037,16710.493050816476
366,-812.0,16717.0
367,-792.9236953192859,16734.612033307294
368,-755.2464065870821,16749.998659742436
369,-746.0,16752.0
370,-726.1984052387911,16755.3953115483
371,-681.0,16760.0
372,-674.5443793311683,16760.16649698607
373,-652.2392038229491,16756.890693394365
374,-641.0,16752.0
375,-606.6792529576373,16732.79206345969
376,-580.0,16715.0
377,-565.4502349937359,16702.91282787562
378,-550.8062467642385,16683.37403859368
379,-542.0,16670.0
380,-534.3538273115839,16658.585462586278
381,-529.0,16650.0
382,-512.8143035655314,16620.247418005925
383,-505.0,16605.0
384,-499.8010087826192,16593.574026589748
385,-498.0,16589.0
386,-481.9809729741336,16548.106742940658
387,-476.0,16532.0
388,-465.3971290139373,16501.525764953254
389,-452.0,16457.0
390,-443.20323130862835,16420.145484807166
391,-434.0,16375.0
392,-431.4010521975805,16362.113273276871
393,-425.0,16328.0
394,-422.6541854275478,16313.11238192277
395,-415.0873151466783,16253.011286102634
396,-410.0,16202.0
397,-404.0,16128.0
398,-403.76639624534903,16125.169488305386
399,-393.58022849302125,16005.933756467894
400,-387.0,15931.0
401,-384.11450360706556,15899.264930374382
402,-378.0,15855.0
403,-375.1952238060235,15836.53042008985
404,-364.0,15767.0
405,-342.0,15668.0
406,-337.931101922714,15653.066621958158
407,-286.0,15484.0
408,-282.0371766829155,15472.07218577962
409,-262.2847575156387,15417.598130016568
410,-243.0,15369.0
411,-230.47844137441004,15337.176595593966
412,-205.0,15273.0
413,-164.0,15174.0
414,-158.2252545605715,15160.223101593609
415,-77.41162879843203,14968.93233259557
416,-66.0,14942.0
417,-22.76315692771886,14839.97803215156
418,-5.0,14798.0
419,38.913253810530996,14693.6728409821
420,77.0,14604.0
421,117.19744902892427,14511.467324723832
422,137.0,14466.0
423,160.00892884347547,14413.07695063029
424,186.0,14353.0
425,241.0,14225.0
426,247.5423548604469,14209.978361649704
427,294.0,14105.0
428,328.3415975887873,14027.25518469443
429,346.0,13987.0
430,387.0707356548671,13892.81070644495
431,451.0,13745.0
432,506.2212985607021,13615.334370313223
433,556.0,13497.0
434,557.1204475428061,13494.341917395563
435,588.8747240747236,13419.182595692915
436,628.0725736128159,13325.463091432153
437,667.0,13230.0
438,760.7370914495514,12998.022495842188
439,766.0,12985.0
440,804.9731761769233,12888.84453109119
441,842.0,12794.0
442,858.5949937826223,12749.680006016702
443,919.0,12584.0
444,959.7175075526745,12467.433607782801
445,1033.0,12247.0
446,1034.4369119565656,12242.508358220652
447,1077.5784394155971,12103.566465053786
448,1112.0,11987.0
449,1118.3644648853706,11964.942741348503
450,1157.0,11828.0
451,1176.4504972775487,11757.415749149908
452,1213.0,11621.0
453,1233.549269279833,11541.699154653052
454,1271.9747004302421,11389.920025551532
455,1275.0,11378.0
456,1312.0,11231.0
457,1312.9799792195722,11226.964380352132
458,1343.0,11100.0
459,1362.434710618718,11019.432286536392
460,1379.0,10951.0
461,1407.1590958577428,10832.192909701549
462,1414.0,10803.0
463,1481.0921359573263,10515.498213622854
464,1484.0,10503.0
465,1523.0,10336.0
466,1555.981855622581,10197.801002519755
467,1559.0,10185.0
468,1593.6549452164923,10034.342876455168
469,1625.0,9899.0
470,1649.0,9798.0
471,1687.2601847142587,9634.848458566426
472,1724.0,9477.0
473,1786.6908520311922,9208.260124613607
474,1807.0,9121.0
475,1818.4631864004964,9071.519416569741
476,1833.1587663619441,9007.446443516408
477,1850.0,8934.0
478,1893.8904189035438,8743.202936774263
479,1905.0,8695.0
480,1933.9957707331127,8569.321681697944
481,1952.0,8490.0
482,1979.3358394070613,8366.470223538234
483,1990.0,8319.0
484,2012.4759504363456,8221.506831600056
485,2041.0,8098.0
486,2064.0,7995.0
487,2069.7911163037556,7969.691207792934
488,2135.0,7694.0
489,2158.721818799425,7591.6145508030495
490,2179.0,7505.0
491,2209.3343547004956,7380.302420684494
492,2225.0,7316.0
493,2241.8419177526057,7246.249439372675
494,2273.2115769482007,7114.783683857807
495,2287.0,7057.0
496,2357.329214802583,6762.418986918255
497,2361.0,6747.0
498,2403.9718291813297,6564.776962013708
499,2426.0,6471.0
500,2439.8082109698666,6412.448308830291
501,2517.0,6086.0
502,2517.8999696013498,6082.190838631539
503,2539.1546875170256,5992.088803299697
504,2557.581676806309,5910.523930907737
505,2559.0,5904.0
506,2574.649593318074,5828.892997978059
507,2579.0,5805.0
508,2600.526081145494,5667.272799737937
509,2602.0,5656.0
510,2609.758837277011,5556.224328309406
511,2599.0,5490.0
512,2598.122791675457,5485.356836168899
513,2590.878923961872,5448.961365610401
514,2566.0,5393.0
515,2549.1995510456672,5361.755662085949
516,2510.0,5293.0
517,2482.7054142461557,5247.865462080805
518,2460.487300577177,5210.312704461978
519,2456.0,5201.0
520,2426.216365261257,5129.8520911021915
521,2417.0,5103.0
522,2405.8741395002403,5061.430772263953
523,2400.0,5018.0
524,2396.8844844742375,4976.631692231458
525,2394.0,4909.0
526,2397.6018458453664,4789.228468543455
527,2405.4571201045524,4727.287033053238
528,2409.0,4701.0
529,2418.627243474807,4635.309504008286
530,2429.0,4576.0
531,2436.8029025259575,4534.899221787748
532,2449.0,4475.0
533,2463.7581620613432,4410.368367139552
534,2468.0,4393.0
535,2490.334116997462,4307.724133855911
536,2501.0,4268.0
537,2528.0,4168.0
538,2532.0735209219292,4153.542904284392
539,2568.0550575875295,4030.9711907698206
540,2571.0,4021.0
541,2623.0,3844.0
542,2624.018873859908,3840.5147520178416
543,2661.876805051329,3708.456715495857
544,2675.0,3660.0
545,2712.7180635841787,3517.500484043534
546,2732.0,3444.0
547,2755.0932230479934,3355.2225249415696
548,2759.0,3340.0
549,2773.9443494744223,3281.2634335512857
550,2820.0,3099.0
551,2872.0,2894.0
552,2881.6698679188603,2855.8257436745653
553,2900.485110856978,2781.0022864199277
554,2928.979928466325,2671.38587255041
555,2933.0,2656.0
556,2978.0,2484.0
557,3007.066049605268,2373.0650549493394
558,3046.898604268616,2221.207882335026
559,3054.0,2194.0
560,3104.877194704452,1998.9367421022337
561,3108.0,1987.0
562,3151.220372071434,1822.8521056554016
563,3159.0,1793.0
564,3229.0,1522.0
565,3229.870495104658,1518.5677626369154
566,3263.0,1377.0
567,3278.1018067834502,1308.091020012635
568,3319.0,1115.0
569,3341.0,993.0
570,3343.6486961666515,976.8347599765159
1,3369.0,804.0
2,3385.0,640.0
3,3388.8480384586182,591.7196415829001
4,3395.7287145464843,474.9253532904582
5,3396.0,358.0
6,3388.4985954013055,115.45783442606016
7,3386.0,56.0
8,3369.0,-144.0
9,3365.039885310103,-181.6770056571372
10,3355.0,-278.0
11,3346.6438731622384,-353.3218895696947
12,3338.0,-427.0
13,3322.0,-558.0
14,3309.6171727004057,-669.2499646565938
15,3303.0,-730.0
16,3291.0,-844.0
17,3288.389359021514,-878.8343966067313
18,3281.685064432825,-1026.4714607913115
19,3281.0,-1055.0
20,3281.2529789073014,-1116.8892865652656
21,3286.0,-1171.0
22,3287.4117642847586,-1183.1805502266343
23,3302.0,-1276.0
24,3305.1142588529246,-1289.148240082085
25,3321.0,-1341.0
26,3338.784706938418,-1383.4428561798077
27,3371.0,-1443.0
28,3385.2793473333454,-1465.4389983644824
29,3420.0,-1508.0
30,3450.287548571207,-1537.139117921698
31,3532.9399917273854,-1607.1484115091348
32,3550.0,-1621.0
33,3584.0,-1643.0
34,3645.4557194753556,-1676.7996201072183
35,3723.0,-1721.0
36,3741.6135923087068,-1731.9594410944094
37,3815.431228116562,-1779.4883678128524
38,3836.0,-1798.0
39,3861.9629120255386,-1831.7877229366354
40,3880.0,-1869.0
41,3886.9407676496444,-1890.2636715762214
42,3890.2150795922653,-1923.7507654791739
43,3887.0,-1961.0
44,3881.0,-1998.0
45,3880.552030967161,-2000.1947150799072
46,3865.3191724173707,-2050.8458524591333
47,3862.0,-2059.0
48,3840.0,-2108.0
49,3823.269796822616,-2140.0877464324694
50,3811.024601053612,-2155.5972519004454
51,3800.0,-2168.0
52,3782.3362072634386,-2186.868960151343
53,3777.0,-2192.0
54,3737.0,-2222.0
55,3725.542468284508,-2228.426578149263
56,3660.0,-2254.0
57,3627.8537101038846,-2261.517390898176
58,3600.0,-2266.0
59,3550.3346336783716,-2270.4098032071443
60,3540.0,-2271.0
61,3493.8876296748676,-2272.7653329092145
62,3483.0,-2273.0
63,3419.7640154778733,-2273.1372691811393
64,3377.0,-2272.0
65,3295.0,-2267.0
66,3290.773470288229,-2266.6192729048
67,3217.0,-2258.0
68,3172.0,-2251.0
69,3132.8301650133462,-2243.9122010845726
70,3032.0,-2220.0
71,2932.0722511683844,-2190.8361379295084
72,2926.0,-2189.0
73,2827.1352004987757,-2158.2944636229763
74,2786.0,-2145.0
75,2717.117870615194,-2121.826109051785
76,2694.0,-2114.0
77,2558.0,-2064.0
78,2548.352759389234,-2059.9295881232774
79,2398.0,-1994.0
80,2388.8575025616833,-1989.8808675583075
81,2306.211684743028,-1950.6165081915824
82,2251.0,-1915.0
83,2238.155389482939,-1907.225642374995
84,2156.0,-1857.0
85,2088.4579807142427,-1812.8487621632999
86,1944.0,-1715.0
87,1917.807407052033,-1697.1442710722713
88,1872.258907390414,-1665.6858919006547
89,1815.0,-1623.0
90,1784.5042708503138,-1599.9167492536035
91,1633.0,-1484.0
92,1517.1661559033937,-1391.6061102200736
93,1471.0,-1354.0
94,1356.420897029669,-1261.3539615529703
95,1351.0,-1257.0
96,1234.0,-1163.0
97,1198.234931730727,-1133.7743146885816
98,1032.6756813232385,-995.9399377794083
99,1028.0,-992.0
100,985.0124701361372,-955.1867937771174
101,954.0,-922.0
102,867.9457331308855,-826.0693397752967
103,850.0,-804.0
104,797.3978237830411,-727.6803553929819
105,773.0,-678.0
106,754.5536756546911,-619.9376640289689
107,743.6651976597955,-548.6539040905445
108,742.0,-530.0
109,742.2435477807392,-499.2063676723451
110,747.0,-463.0
111,757.0290010325396,-385.3053052495038
112,768.0,-297.0
113,771.2728169079428,-265.74822217420603
114,769.0,-221.0
115,763.4951845209428,-167.32866435589722
116,751.0,-65.0
117,750.2437944605183,-59.60710669069735
118,728.9577924641875,26.457961701630843
119,716.0,54.0
120,701.5753900326237,84.04725821623167
121,675.0,131.0
122,640.2746786840162,181.60756172762336
123,562.0,285.0
124,541.0498027791783,311.46527707135084
125,525.0,331.0
126,447.0,428.0
127,443.1562313963179,432.75135248800314
128,389.3108285471108,498.7962292034713
129,356.0,540.0
130,334.0,568.0
131,303.0852575494452,606.2864204228129
132,223.0,701.0
133,196.3685975433579,731.0691708799533
134,94.0,843.0
135,45.54871260527073,893.2432625532598
136,-22.0,955.0
137,-75.48972690090096,1001.1800004613068
138,-80.0,1005.0
139,-196.7089877827783,1099.9904428929062
140,-222.0,1120.0
141,-343.59146296454264,1214.9860912626166
142,-369.0,1235.0
143,-446.1792734166771,1297.1319658298203
144,-474.0,1321.0
145,-535.0,1376.0
146,-597.0423379730581,1436.8771223349174
147,-628.0,1474.0
148,-709.0533923571064,1596.3783068386779
149,-760.0,1686.0
150,-798.842162313471,1771.706420558859
151,-817.0,1820.0
152,-835.0426046722793,1868.3202972232139
153,-885.0,2022.0
154,-892.7735977732966,2053.7783800709153
155,-926.8923853360359,2234.981619882489
156,-934.0,2281.0
157,-943.419993088648,2397.6122732499
158,-943.0,2461.0
159,-944.0,2626.0
160,-943.929348149441,2633.6957614824373
161,-939.7895453560011,2781.8913101761227
162,-939.0,2804.0
163,-934.0,2938.0
164,-930.5220212884286,3020.6097725486234
165,-927.0,3087.0
166,-919.3675353076039,3192.780809216778
167,-917.0,3227.0
168,-911.117537115116,3352.330572294278
169,-911.0,3371.0
170,-923.0,3543.0
171,-923.518695011817,3547.2779724139145
172,-940.0,3637.0
173,-947.055249365083,3661.213638592862
174,-993.6491964710013,3788.79667602007
175,-999.0,3801.0
176,-1032.3998453083113,3859.0114609698303
177,-1065.0,3891.0
178,-1066.6783234475286,3892.5806221869184
179,-1110.0,3929.0
180,-1126.1555357373836,3939.2321426934186
181,-1166.75664109887,3960.049537343352
182,-1169.0,3961.0
183,-1216.0,3975.0
184,-1264.4714129043202,3980.3232623915756
185,-1343.0,3983.0
186,-1350.6461186899212,3983.1079973019637
187,-1405.0,3979.0
188,-1408.2822387338556,3978.6838842023462
189,-1500.0,3971.0
190,-1504.406535520167,3970.734244406486
191,-1563.6903484552672,3968.6108710672597
192,-1630.9871095142978,3972.427365442882
193,-1648.0,3975.0
194,-1687.426020394336,3983.250932121247
195,-1764.0,4006.0
196,-1796.419470939432,4017.709795441424
197,-1840.1560406123447,4042.014415613307
198,-1881.0,4075.0
199,-1977.0,4161.0
200,-1992.849166888345,4175.523367103093
201,-2028.7757337218106,4218.56671519996
202,-2036.0,4230.0
203,-2142.89253433444,4407.177536320889
204,-2151.0,4421.0
205,-2188.4241659250706,4509.638252933648
206,-2190.0,4515.0
207,-2241.0,4693.0
208,-2245.7652215562025,4710.826510282765
209,-2269.0,4827.0
210,-2279.7970204323237,4895.3776477757765
211,-2297.0,5014.0
212,-2306.0,5087.0
213,-2312.8619461368867,5143.05339080127
214,-2321.0,5210.0
215,-2331.516226545139,5301.419428599063
216,-2342.0,5398.0
217,-2359.0606990601727,5558.9037464488865
218,-2360.0,5568.0
219,-2377.0947793247674,5746.895350279483
220,-2389.0,5896.0
221,-2390.678299268742,5917.14472887387
222,-2402.437337671321,6065.937133683472
223,-2410.0,6164.0
224,-2413.5476612952502,6211.763127806646
225,-2421.0,6323.0
226,-2426.6278929159,6415.529425005653
227,-2433.0,6530.0
228,-2433.4012786810117,6537.926126254102
229,-2440.0,6695.0
230,-2441.076616436925,6726.1183276604115
231,-2446.853421248257,6911.346150280925
232,-2448.0,6955.0
233,-2448.9822559684912,7028.73994026203
234,-2449.0,7063.0
235,-2449.546107145604,7145.418661290634
236,-2447.0,7330.0
237,-2442.5327156898975,7468.975298649094
238,-2439.0,7568.0
239,-2434.3314775959407,7688.065495033462
240,-2425.0,7809.0
241,-2424.284045136654,7817.639558759447
242,-2409.0,8003.0
243,-2407.0369848253017,8026.509831580845
244,-2395.7338887445208,8147.742689466242
245,-2392.0,8181.0
246,-2369.302802838588,8368.201388443704
247,-2364.0,8410.0
248,-2344.0927095369734,8558.616850529046
249,-2317.8697151406445,8721.751968095641
250,-2309.0,8773.0
251,-2294.7861535926118,8852.77211402397
252,-2274.3099520159976,8960.50965751203
253,-2268.0,8992.0
254,-2245.345134661307,9100.89403664094
255,-2229.0,9174.0
256,-2187.5071409429897,9352.01756734504
257,-2179.0,9388.0
258,-2146.052668941276,9523.328706162285
259,-2135.0,9568.0
260,-1962.743615390346,10284.756275067924
261,-1947.0,10332.0
262,-1929.2804543831421,10377.448170005402
263,-1901.0,10431.0
264,-1899.0318600376647,10434.094146947496
265,-1867.0292732777132,10477.939263745477
266,-1861.0,10485.0
267,-1832.9031262112794,10512.544355056709
268,-1811.0,10526.0
269,-1688.5056462077403,10570.943599997938
270,-1685.0,10572.0
271,-1636.2321248772425,10582.49444050252
272,-1611.0,10588.0
273,-1550.9409918009176,10606.933867225689
274,-1548.0,10608.0
275,-1467.0,10644.0
276,-1463.6375796933144,10645.824011449762
277,-1413.0,10676.0
278,-1404.2789383213571,10681.43087266218
279,-1356.4593253201094,10715.107519024834
280,-1353.0,10718.0
281,-1253.0,10812.0
282,-1249.0492937875072,10815.976626375614
283,-1211.8661935681826,10856.700607062852
284,-1186.630419809973,10899.204717564677
285,-1181.0,10908.0
286,-1163.0,10936.0
287,-1119.5437686049531,11016.388305080773
288,-1114.0,11028.0
289,-1068.0,11135.0
290,-1059.6123022023667,11156.831291600723
291,-1040.0,11212.0
292,-1016.9899875247592,11283.661898398017
293,-1007.0,11317.0
294,-977.0,11427.0
295,-975.6901705138848,11431.965770951574
296,-950.0,11531.0
297,-939.3760073012368,11574.360182931237
298,-921.0,11651.0
299,-896.0800182288021,11753.12141742826
300,-876.0,11835.0
301,-864.1259309303217,11883.297194999122
302,-843.5462290291058,11967.124948994693
303,-833.0,12013.0
304,-810.4653538965393,12114.845745626593
305,-806.0,12136.0
306,-768.0,12327.0
307,-757.5427381983883,12382.711451536155
308,-751.0,12419.0
309,-725.0,12565.0
310,-718.699574775277,12601.651680936899
311,-693.9522573523401,12751.640892256579
312,-678.0,12853.0
313,-669.4145573865995,12908.987440182558
314,-645.0710764151893,13073.065457967175
315,-630.0,13178.0
316,-617.0238978063076,13272.016626883318
317,-606.5417666492543,13358.144280955881
318,-601.0,13409.0
319,-588.7694110603026,13528.635373658368
320,-581.0,13615.0
321,-571.3244847465689,13754.159376267562
322,-564.9019892151954,13881.676612512196
323,-564.0,13901.0
324,-559.6945241683575,14009.604412902914
325,-558.0,14069.0
326,-554.0,14269.0
327,-553.3215414616361,14340.422311809594
328,-553.0,14562.0
329,-553.2368873477944,14589.276268783355
330,-558.9265120947283,14769.079155313904
331,-564.0,14859.0
332,-566.0,14891.0
333,-571.5952904868918,14952.844738347538
334,-611.0,15219.0
335,-627.2615611467107,15305.142751431546
336,-639.0,15360.0
337,-651.4578234156918,15416.476583220101
338,-681.0,15547.0
339,-725.4012283477467,15734.978713856686
340,-732.0,15763.0
341,-784.0,15986.0
342,-811.1224929372265,16105.690522791934
343,-824.131178011886,16168.779897575518
344,-825.0,16173.0
345,-848.0,16287.0
346,-865.5336247143822,16385.5103073295
347,-868.0,16402.0
348,-878.1742186974078,16503.674911239083
349,-881.0,16550.0
350,-883.1889855742216,16594.702729863926
351,-865.0,16641.0
352,-852.7400170425296,16663.96555837211
353,-836.0,16693.0
354,-813.6758388783156,16720.730778990597
355,-796.3908170674317,16729.310126999866
356,-795.0,16730.0
357,-741.0,16754.0
358,-739.1256553284763,16754.547354718332
359,-709.8000762166232,16759.84904571758
360,-708.0,16760.0
361,-681.4991658253633,16760.097523536817
362,-680.0,16760.0
363,-656.5158747947553,16756.83656867278
364,-636.0,16750.0
365,-623.5195549660009,16743.97732618506
366,-594.0,16726.0
367,-575.0690525713537,16711.269116175077
368,-550.0,16681.0
369,-544.3912732738945,16672.969199061376
370,-539.0,16665.0
371,-519.913578032535,16633.73278279068
372,-519.0,16632.0
373,-500.53536294383565,16593.138290796414
374,-499.0,16590.0
375,-497.6260176909324,16588.8953986811
376,-496.0,16585.0
377,-485.5815288901537,16556.67324709078
378,-477.0,16533.0
379,-465.0,16498.0
380,-450.7951326913758,16445.902528756927
381,-433.0,16372.0
382,-424.65314671515347,16330.91729303197
383,-419.0,16288.0
384,-416.59711101329526,16268.423279141833
385,-409.5149292602889,16199.90635582294
386,-409.0,16194.0
387,-397.0,16046.0
388,-393.72350406922965,16007.816237982435
389,-383.198501513271,15903.609013540134
390,-376.44472838849407,15850.500253349772
391,-373.0,15824.0
392,-370.4119395724374,15804.418582446231
393,-357.0,15731.0
394,-350.8935627429926,15705.868731840914
395,-306.26170724650467,15544.821775592882
396,-291.0,15497.0
397,-241.82468953265828,15363.408612241275
398,-206.0,15275.0
399,-187.79302022713415,15230.749510187303
400,-163.6135723556526,15172.958360985604
401,-154.0,15150.0
402,-90.0,14998.0
403,-77.18140746499581,14968.212573586912
404,-49.0,14903.0
405,-35.9826682185701,14872.484558437971
406,28.0,14720.0
407,52.660027538717294,14661.396930860814
408,75.0,14609.0
409,162.0,14407.0
410,173.94407732602417,14379.413934805623
411,240.18363471182906,14229.098539294371
412,258.0,14188.0
413,288.29879597306825,14117.63876781783
414,312.0,14063.0
415,350.715833499791,13975.712589582332
416,359.0,13957.0
417,420.50288564100316,13815.65969045929
418,429.0,13796.0
419,499.0,13633.0
420,513.7219080073351,13598.046439435439
421,551.0,13509.0
422,560.0816568526141,13487.465795278338
423,619.3550642135931,13347.347469679871
424,622.0,13341.0
425,665.8906231190532,13233.96461279616
426,698.0,13155.0
427,751.0583594806543,13024.64097488561
428,768.0,12982.0
429,889.3978905959024,12664.217212580685
430,909.0,12612.0
431,933.1610437393088,12547.015569134845
432,952.9972214172067,12490.358880037726
433,963.0,12461.0
434,994.0,12369.0
435,1001.7841297705365,12345.517574932484
436,1060.2424676124724,12160.132978615666
437,1063.0,12151.0
438,1144.7218933382678,11873.78088577932
439,1153.0,11845.0
440,1179.8092372301269,11749.057362402003
441,1198.1510304410458,11677.383005390646
442,1209.0,11636.0
443,1243.0,11507.0
444,1268.449560845744,11406.204574094176
445,1326.1212604969019,11171.654962157514
446,1328.0,11164.0
447,1368.0,10999.0
448,1376.526711780135,10962.77195953298
449,1403.0,10850.0
450,1448.1465238435449,10657.969201033626
451,1450.0,10650.0
452,1481.0,10516.0
453,1499.4511592969125,10437.132304661704
454,1568.0,10146.0
455,1570.1733205905769,10136.71952145363
456,1595.8536039497224,10025.408910003378
457,1615.0,9943.0
458,1635.368524780986,9857.222120007882
459,1671.0,9706.0
460,1698.217183864356,9585.761606686081
461,1706.0,9552.0
462,1770.0,9279.0
463,1791.573357790723,9186.91715444512
464,1832.7232676919377,9009.570713019622
465,1858.66986835439,8897.270852683107
466,1862.0,8883.0
467,1875.7812848839676,8824.431790834979
468,1890.0,8763.0
469,1943.6349472573072,8524.88761844126
470,1972.0,8399.0
471,1993.10783783616,8306.109659894431
472,2026.4373981607814,8160.895234391051
473,2039.0,8106.0
474,2081.1864472110665,7921.806078709918
475,2083.0,7914.0
476,2119.0,7761.0
477,2121.2345087991494,7751.504208521534
478,2156.0,7604.0
479,2194.0,7447.0
480,2196.6734291962807,7435.892514575034
481,2262.275748061782,7160.364177992367
482,2269.0,7132.0
483,2303.87640451137,6984.528211229546
484,2327.0,6887.0
485,2328.995364600127,6878.60883443948
486,2385.0,6644.0
487,2394.847577968218,6602.9597256898705
488,2418.0,6506.0
489,2445.9684995612247,6387.28813892063
490,2486.0,6217.0
491,2511.1546821773977,6112.573527290926
492,2519.0,6080.0
493,2536.3098537997603,6005.833063458571
494,2584.626741406076,5779.697121118991
495,2589.0,5754.0
496,2596.0,5706.0
497,2598.844772423945,5682.157364993794
498,2606.0,5591.0
499,2606.8502335390567,5552.815041485886
500,2603.0,5522.0
501,2575.0,5411.0
502,2565.4249049810132,5379.919138647742
503,2548.7835556021882,5347.85064096155
504,2525.0584806036645,5316.907612830024
505,2513.0,5298.0
506,2452.0,5193.0
507,2436.6888887289438,5162.136855299147
508,2411.7279389723467,5081.528542814019
509,2410.0,5074.0
510,2395.066293873364,4960.153197003656
511,2395.0,4955.0
512,2396.518810048981,4862.089230413405
513,2398.0,4821.0
514,2402.203196419434,4748.288392404552
515,2414.0646398588146,4663.937361344104
516,2416.0,4652.0
517,2429.0,4576.0
518,2430.007874611209,4570.5643583340825
519,2451.0,4469.0
520,2475.043651519493,4369.9594352671165
521,2476.0,4366.0
522,2499.0,4273.0
523,2542.1111924807074,4122.047645097909
524,2559.0,4064.0
525,2598.982733507919,3925.4583873654656
526,2609.0,3891.0
527,2634.2987526461284,3806.263685402164
528,2671.0,3673.0
529,2686.1215636333795,3616.7384773229087
530,2725.0,3471.0
531,2742.188984335511,3405.6906313535546
532,2752.0,3367.0
533,2753.412052555969,3361.516365287931
534,2783.0,3247.0
535,2788.357902883341,3226.188879179189
536,2814.0,3126.0
537,2824.660418733541,3084.137199942028
538,2884.9313313402695,2846.5031277976236
539,2902.0,2779.0
540,2919.691295636178,2708.7082053024183
541,2938.0,2637.0
542,2947.782760931206,2599.1039642144756
543,3007.716151248011,2368.4916421260464
544,3017.0,2333.0
545,3048.0,2216.0
546,3062.7061038541697,2160.3592645693107
547,3112.9767587817087,1969.6630087250478
548,3115.0,1962.0
549,3139.0,1871.0
550,3145.3875694023104,1846.6048770801065
551,3182.520082957522,1703.3464619791532
552,3202.0,1627.0
553,3215.5509217718636,1573.147335543274
554,3241.747394595966,1466.2449185259352
555,3263.0,1376.0
556,3291.0,1252.0
557,3309.7641924701616,1162.1558704725269
558,3317.0,1126.0
559,3333.0,1038.0
1,3382.6699895105708,711.9779077602577
2,3392.0,521.0
3,3392.4366612307285,503.2442780080904
4,3395.0,289.0
5,3393.0195886550896,189.38205964269622
6,3391.0,156.0
7,3379.7353309276014,-20.07147458089981
8,3378.0,-43.0
9,3361.0,-227.0
10,3358.13723887282,-253.8986665687674
11,3342.0,-395.0
12,3337.6910870161764,-431.9201477733345
13,3309.0,-677.0
14,3305.4338305551273,-707.7625901960713
15,3295.8511255678577,-792.5178521719673
16,3291.476341643422,-843.7762866378531
17,3290.0,-864.0
18,3282.751941355779,-978.2068386634224
19,3281.0,-1028.0
20,3280.741610841843,-1067.7008935286651
21,3282.0,-1111.0
22,3290.6528987265187,-1213.1442600108273
23,3292.0,-1225.0
24,3311.450235997065,-1314.9262216328946
25,3313.0,-1319.0
26,3360.0,-1425.0
27,3379.622832587539,-1465.4579546978152
28,3402.0,-1485.0
29,3462.764005814684,-1542.2919444353165
30,3537.0,-1611.0
31,3568.7117633609205,-1637.410826603625
32,3608.976588927816,-1659.0206165849327
33,3628.0,-1669.0
34,3696.8368332905193,-1706.6356245695486
35,3729.0,-1724.0
36,3807.0,-1772.0
37,3825.3729385951656,-1791.0386167763584
38,3866.292696149321,-1839.695807696005
39,3871.0,-1846.0
40,3883.5872725211607,-1870.2830806354093
41,3885.0,-1888.0
42,3888.0,-1947.0
43,3886.410261796296,-1965.1333662249044
44,3879.0,-2004.0
45,3874.0,-2026.0
46,3873.188001816796,-2029.0156734893578
47,3854.360540444427,-2078.694944072037
48,3850.0,-2088.0
49,3826.0,-2132.0
50,3824.2261551555043,-2134.7701821915366
51,3805.0,-2162.0
52,3779.0,-2190.0
53,3757.6387389899023,-2207.066758625713
54,3734.0,-2223.0
55,3674.0,-2250.0
56,3658.316608549653,-2254.54293326995
57,3619.0,-2263.0
58,3546.0,-2271.0
59,3527.2397227176402,-2272.202885464463
60,3469.3767590278135,-2274.2065667953
61,3444.0,-2274.0
62,3412.0,-2273.0
63,3347.0,-2271.0
64,3341.111586708022,-2270.750698189527
65,3212.0,-2257.0
66,3202.9214622376194,-2255.3791923906715
67,3039.596870814122,-2221.5804546550976
68,3037.0,-2221.0
69,2952.09379461021,-2198.0935514533985
70,2921.0,-2188.0
71,2826.914358196642,-2157.300649412362
72,2753.0,-2133.0
73,2691.2618531852813,-2112.3068117105886
74,2618.0,-2086.0
75,2586.969469496602,-2074.6395458825864
76,2481.0,-2032.0
77,2377.1510269155933,-1982.6274991583432
78,2320.0,-1954.0
79,2289.109706881582,-1937.7363282515598
80,2246.0,-1912.0
81,2240.668406689913,-1908.763651457969
82,2129.0,-1840.0
83,2089.826798865629,-1814.7422566154742
84,2023.0,-1770.0
85,1982.6120082274545,-1742.2021368860399
86,1809.0,-1618.0
87,1763.0327922873128,-1583.9933177746327
88,1622.4040962729894,-1475.487836084014
89,1618.0,-1472.0
90,1478.0,-1360.0
91,1455.51514029718,-1341.9225542211523
92,1242.6404018957548,-1169.9489672680293
93,1239.0,-1167.0
94,1110.5206995828833,-1062.6510389455627
95,1048.0,-1010.0
96,989.8919188246318,-957.5209740000862
97,964.0,-932.0
98,926.5335134800962,-892.964747838389
99,893.0,-857.0
100,867.7153402190286,-829.6293512999886
101,817.9876617669503,-761.536326669227
102,810.0,-747.0
103,758.0,-640.0
104,736.8309855230364,-574.6972557453693
105,741.0,-536.0
106,742.0,-512.0
107,745.2067185279053,-473.18260792164034
108,752.0,-421.0
109,756.55555009825,-390.3181305570484
110,766.0,-321.0
111,768.8941123859004,-272.4780936063602
112,769.0,-220.0
113,764.0,-152.0
114,761.231600136799,-133.7657510580891
115,722.6729469265277,34.69701047016328
116,722.0,37.0
117,683.2505829253089,119.62283141651824
118,667.0,143.0
119,627.6579247882003,199.21431004898355
120,596.0,242.0
121,553.537379129285,294.90572770571634
122,529.0,325.0
123,479.0,388.0
124,426.6306658156175,452.9789211296726
125,362.0,533.0
126,315.2465121105021,591.4538053621786
127,296.63778970649844,615.1471018510967
128,242.0,678.0
129,128.0,807.0
130,113.9713986914262,822.6569067427996
131,70.0,867.0
132,53.466023949821995,882.5134388043067
133,-74.0,999.0
134,-80.43417820360958,1004.503222859144
135,-177.71136286210705,1083.3794557578447
136,-191.0,1094.0
137,-251.0,1142.0
138,-298.38626424662493,1179.3904137960571
139,-364.0,1231.0
140,-401.9891188601917,1261.2843074648981
141,-447.0,1298.0
142,-527.0,1368.0
143,-561.7746271625383,1402.0987321692155
144,-660.0,1516.0
145,-680.2022570960462,1544.1042226965842
146,-745.0,1655.0
147,-825.2182102263164,1841.9644027565682
148,-834.0,1865.0
149,-892.721807126531,2041.427525371031
150,-922.0,2179.0
151,-936.691908390032,2317.9434228004407
152,-944.0,2486.0
153,-945.9684343346051,2548.5623938365366
154,-946.31257786965,2601.996484999086
155,-942.0,2735.0
156,-935.2384414458136,2911.994440736408
157,-932.0,2987.0
158,-927.3913361921792,3080.068657296914
159,-917.8864841277981,3226.2457610002552
160,-913.0,3300.0
161,-909.8103598922597,3366.5837780111156
162,-913.0,3432.0
163,-924.3484435644502,3556.4236744998448
164,-926.0,3570.0
165,-941.5787356380657,3648.589756004041
166,-944.0,3657.0
167,-984.7285117908048,3770.5851312326704
168,-1002.0,3807.0
169,-1025.0094964126395,3845.234558957316
170,-1040.0,3864.0
171,-1094.739861853053,3917.2667307114557
172,-1109.0,3929.0
173,-1149.4641222937794,3955.653859552421
174,-1191.5746424495392,3969.4122712346134
175,-1206.0,3973.0
176,-1226.5258946154308,3977.46713990292
177,-1257.0,3982.0
178,-1276.7996476082822,3983.3812899040086
179,-1314.0,3984.0
180,-1360.3161535232493,3982.638960979713
181,-1411.8596988611457,3978.8119205185635
182,-1419.0,3978.0
183,-1438.0,3975.0
184,-1462.6688242549167,3972.9084969210035
185,-1517.0,3970.0
186,-1564.2477828987658,3969.7873302320368
187,-1574.0,3970.0
188,-1633.0,3973.0
189,-1722.7248073124063,3989.952533587731
190,-1745.0,3999.0
191,-1849.2634028790076,4052.458199359535
192,-1852.0,4054.0
193,-1889.8917486054393,4080.002118202982
194,-1899.0,4088.0
195,-1959.7905849959868,4142.71749730086
196,-1975.0,4158.0
197,-2050.0,4249.0
198,-2063.7333694315475,4267.9316340427395
199,-2096.0,4318.0
200,-2105.71317750083,4335.3750222547
201,-2184.0,4499.0
202,-2208.641279199726,4564.893410649358
203,-2225.0,4629.0
204,-2226.6176147693345,4635.383143143552
205,-2256.0,4759.0
206,-2261.4814816934113,4788.662245743159
207,-2264.0,4803.0
208,-2295.4821811052734,5001.171408986207
209,-2296.0,5005.0
210,-2309.0,5108.0
211,-2317.835504348877,5177.9693310123175
212,-2324.0,5229.0
213,-2339.6591973917502,5375.7931426633295
214,-2340.0,5379.0
215,-2351.0,5481.0
216,-2355.6252046933682,5524.536551072629
217,-2368.0,5652.0
218,-2381.9470773200687,5811.748658160352
219,-2388.0,5882.0
220,-2396.879641253934,5984.454652445882
221,-2402.0,6049.0
222,-2404.0787402557567,6077.115108560504
223,-2411.0,6176.0
224,-2414.016899389527,6222.095302990967
225,-2425.949810314427,6415.126328905463
226,-2428.0,6450.0
227,-2433.186409807182,6547.188636901187
228,-2435.0,6583.0
229,-2442.0,6732.0
230,-2442.4116778055413,6743.684624993079
231,-2447.9194531442236,6994.4677940063075
232,-2449.0,7099.0
233,-2449.2085214093754,7145.311680223895
234,-2447.6108833322305,7314.441921439444
235,-2446.0,7381.0
236,-2441.487936947953,7507.541381378407
237,-2438.0,7587.0
238,-2431.120693031651,7724.8017476311115
239,-2425.0,7812.0
240,-2417.7120846988637,7902.585149108432
241,-2406.0,8038.0
242,-2389.3679336509176,8205.901019774945
243,-2376.0,8315.0
244,-2370.619209614198,8359.016368187502
245,-2370.0,8364.0
246,-2343.0,8562.0
247,-2333.6811324816645,8622.935961411924
248,-2314.0,8744.0
249,-2294.76868168252,8856.253300685357
250,-2291.0,8877.0
251,-2259.4627148061627,9033.107856127936
252,-2252.0,9068.0
253,-2209.1715742556325,9261.965672667178
254,-2208.0,9267.0
255,-2177.2045255316866,9395.03792776207
256,-2176.0,9400.0
257,-2140.0,9549.0
258,-2113.0032462467198,9662.433414272202
259,-2077.0,9817.0
260,-2041.2329593635777,9976.909853551224
261,-2020.0,10072.0
262,-2016.4017429341354,10087.66695535403
263,-2003.983327344098,10139.23926797353
264,-1989.0,10195.0
265,-1968.1338680754634,10268.736117821014
266,-1965.0,10279.0
267,-1943.0413965930634,10343.052066943754
268,-1922.0,10390.0
269,-1914.6948234290182,10404.41699186694
270,-1909.0,10415.0
271,-1838.2233711418469,10504.835834221716
272,-1828.0,10514.0
273,-1767.0,10548.0
274,-1732.4080934077936,10558.94625807782
275,-1674.0,10574.0
276,-1666.4654524224213,10575.856834503546
277,-1580.0,10597.0
278,-1573.7411438713584,10598.598681195665
279,-1518.1068503643078,10616.557771925378
280,-1490.0,10632.0
281,-1418.3607974131016,10672.15038983167
282,-1409.0,10678.0
283,-1353.231451073845,10717.687787655512
284,-1321.0,10744.0
285,-1291.0,10771.0
286,-1266.3809353979518,10796.860619645378
287,-1191.0,10892.0
288,-1156.7108958483118,10945.874847813882
289,-1096.8036402930102,11064.201823881474
290,-1093.0,11072.0
291,-1048.0,11189.0
292,-1044.8111284760791,11198.851419213139
293,-1004.0,11327.0
294,-984.7960185553632,11390.844298387588
295,-977.1366210918934,11424.153659449505
296,-973.0,11441.0
297,-946.0,11548.0
298,-924.6660217433417,11635.200603690379
299,-908.0,11704.0
300,-881.5529064628332,11812.19092675707
301,-877.0,11831.0
302,-839.5789344597276,11987.083648139258
303,-828.0,12036.0
304,-814.8170747522545,12093.365896775824
305,-804.0,12147.0
306,-802.4331481608203,12154.926516606267
307,-752.1243441379289,12414.373503146006
308,-749.0,12431.0
309,-735.0561097465942,12508.79606256298
310,-728.0,12550.0
311,-715.0782191779695,12625.432176091532
312,-705.0,12685.0
313,-696.8222838330371,12734.31947254208
314,-680.8422527902379,12834.46091553896
315,-668.0,12919.0
316,-633.0,13158.0
317,-631.2722474071526,13170.119380113872
318,-618.3093121376155,13264.382283963885
319,-607.0,13359.0
320,-594.0,13476.0
321,-587.316366166222,13542.694251358575
322,-577.7320214505722,13657.468281293244
323,-575.0,13697.0
324,-563.0,13907.0
325,-562.490072489577,13917.733691570931
326,-559.439655575058,14005.64550661916
327,-558.0,14073.0
328,-556.02364458661,14155.520996253748
329,-554.0,14257.0
330,-553.6701244185133,14282.776604291179
331,-553.0,14395.0
332,-552.9842541566536,14526.791176533172
333,-553.0,14532.0
334,-557.6104803938863,14743.290553605526
335,-558.0,14750.0
336,-578.8359841052322,15005.098981085246
337,-583.0,15047.0
338,-603.1874852288404,15186.324487511281
339,-620.0,15266.0
340,-641.6731342259571,15367.132389012602
341,-674.0,15516.0
342,-688.72911089066,15582.30490492161
343,-728.8942950849641,15751.159730917057
344,-732.0,15764.0
345,-842.5972945976024,16260.72201980093
346,-849.0,16295.0
347,-869.368725298777,16410.11465808651
348,-870.0,16414.0
349,-880.6921938318511,16547.26192973813
350,-880.0,16560.0
351,-874.0,16608.0
352,-864.1855565895381,16643.175195627893
353,-854.0,16667.0
354,-821.0,16710.0
355,-818.6149155942818,16712.166767913255
356,-798.0,16728.0
357,-779.3652976345097,16740.063133794378
358,-739.0,16755.0
359,-717.9324266271037,16757.88895512616
360,-676.0,16760.0
361,-664.2772397211799,16759.856503194263
362,-633.8360972816093,16750.905340025256
363,-623.0,16745.0
364,-614.0,16740.0
365,-606.0015073304959,16735.1010708365
366,-573.9272793800828,16709.41063177322
367,-564.0,16699.0
368,-556.149627111731,16689.590735709644
369,-546.0,16676.0
370,-529.7267768376047,16650.7720297716
371,-526.0,16644.0
372,-497.0,16588.0
373,-484.686129211124,16563.03277025573
374,-484.0,16554.0
375,-481.4887975947453,16546.5339363576
376,-466.0,16503.0
377,-455.0011953466071,16469.023432294547
378,-439.5493962365008,16403.536679585377
379,-437.0,16390.0
380,-416.0,16264.0
381,-412.7636840216335,16240.241949564892
382,-412.0,16225.0
383,-400.0,16081.0
384,-399.590108418828,16075.164407157576
385,-397.0,16037.0
386,-394.4376795162659,16004.472387506357
387,-387.3520878782056,15931.236776553593
388,-387.0,15928.0
389,-375.0,15834.0
390,-369.06060135658277,15797.882166114043
391,-361.0,15755.0
392,-353.045625520262,15717.447027881894
393,-326.95540223960217,15613.500636366176
394,-317.0,15579.0
395,-304.0,15537.0
396,-262.4057255141477,15418.962698255558
397,-229.0,15332.0
398,-195.02280649079722,15247.871880972823
399,-193.0,15243.0
400,-124.56416320435436,15080.078650961503
401,-122.0,15074.0
402,-26.76839762838293,14849.760024824647
403,-12.0,14815.0
404,10.853730689782953,14760.83978410166
405,60.0,14645.0
406,76.45451416390378,14606.672472011374
407,134.29684249200537,14472.550499006928
408,151.0,14434.0
409,207.90798580340544,14303.31070352946
410,277.57357744701415,14144.06661498678
411,292.0,14111.0
412,326.71042784029703,14031.253131856203
413,395.0,13874.0
414,398.12312251478954,13866.837034492059
415,430.65275847368946,13792.480548825706
416,459.0,13727.0
417,511.0,13605.0
418,529.2397607463512,13561.873781210292
419,604.5994863529378,13382.571905381903
420,639.0,13300.0
421,653.8999546606628,13263.978627574768
422,726.0,13086.0
423,729.3367780040578,13077.730100404944
424,778.0,12956.0
425,847.5433482108675,12777.027781798093
426,858.0,12750.0
427,896.8173617271582,12649.387495244071
428,930.0,12554.0
429,933.8803169593223,12542.57758254867
430,1049.0,12199.0
431,1051.8179675854294,12190.415208832395
432,1078.0,12102.0
433,1084.7335677222425,12078.30370958362
434,1151.830551178826,11844.090721381728
435,1188.0,11716.0
436,1208.690919535455,11638.085410619777
437,1222.0,11586.0
438,1273.0,11390.0
439,1284.1573365771812,11344.755478605714
440,1305.0,11258.0
441,1339.767766850889,11114.249443096103
442,1349.0,11076.0
443,1371.8550976189545,10980.849496683022
444,1397.0,10875.0
445,1427.4239968430059,10744.748312819493
446,1444.0,10674.0
447,1473.5242184924755,10549.545176220176
448,1484.0,10505.0
449,1515.0671920650839,10371.483291765768
450,1543.0,10251.0
451,1576.7263063020214,10106.796613491011
452,1599.0,10012.0
453,1601.6353363208545,10000.754988290462
454,1665.6342070052738,9726.984019953421
455,1671.0,9704.0
456,1707.8171746971166,9546.091603599696
457,1719.0,9498.0
458,1759.0,9326.0
459,1772.5363647866645,9268.156382127601
460,1834.9958875865457,9002.283232527205
461,1836.0,8998.0
462,1859.115882237484,8898.992529373536
463,1880.0,8807.0
464,1882.809533746573,8794.480390530802
465,1919.0,8633.0
466,1949.9665279515134,8498.369881826671
467,1959.0,8459.0
468,1997.5898942035565,8287.86890183573
469,2018.0,8197.0
470,2035.2962357549357,8120.420065748193
471,2070.0,7970.0
472,2081.2252224290046,7922.8043532661595
473,2095.0,7865.0
474,2144.0,7655.0
475,2147.6673184079027,7639.490008370822
476,2210.2571928319194,7377.937938273278
477,2228.0,7304.0
478,2258.9562001779386,7174.590246529255
479,2282.8704470840903,7074.057122763645
480,2291.0,7040.0
481,2312.0,6952.0
482,2383.0,6652.0
483,2398.1906314320768,6587.974095848456
484,2448.9520244676505,6375.180392987748
485,2483.0,6232.0
486,2491.583822139409,6194.860357265597
487,2500.0,6158.0
488,2508.085222567567,6123.323888766947
489,2552.8194534648587,5931.561417248888
490,2559.0,5904.0
491,2576.3357854874744,5820.6310167172305
492,2577.0,5817.0
493,2602.0,5655.0
494,2604.0677543827524,5638.276540239234
495,2605.0,5556.0
496,2603.4897598154116,5538.6840804878475
497,2594.0,5469.0
498,2589.178281591501,5449.608328320594
499,2568.0,5393.0
500,2555.3445173512464,5368.236300569548
501,2539.0,5340.0
502,2507.360831085237,5289.2436931557795
503,2506.0,5287.0
504,2449.0377633460025,5187.243536841004
505,2444.0,5178.0
506,2419.160444047879,5128.23500254445
507,2409.0,5072.0
508,2406.8291281151887,5053.537728102403
509,2395.0,4915.0
510,2394.6037841904736,4908.569250629245
511,2397.0,4839.0
512,2398.553834261102,4818.419550820977
513,2403.0,4761.0
514,2408.289959262499,4708.652689064674
515,2416.0,4651.0
516,2421.9577938400907,4614.800763263485
517,2438.0,4531.0
518,2454.981089946466,4449.981271025904
519,2470.0,4385.0
520,2481.0,4344.0
521,2482.69692104498,4337.745396970083
522,2510.4161722594167,4234.518313086073
523,2533.0,4152.0
524,2553.133798543282,4082.9707130495617
525,2569.0,4030.0
526,2593.302955595792,3946.4036643014615
527,2622.0,3847.0
528,2641.002711532128,3781.4890438220214
529,2642.0,3778.0
530,2682.0,3633.0
531,2687.4855537313983,3612.695529663811
532,2722.0,3483.0
533,2752.0,3367.0
534,2759.884348579856,3336.4580316128868
535,2796.0,3196.0
536,2818.2672969995165,3108.6655001702766
537,2851.0,2980.0
538,2871.9062183433416,2897.2114677531085
539,2879.0,2869.0
540,2910.8709832714967,2743.075210223524
541,2936.0,2645.0
542,2950.022973073139,2590.9864801239046
543,2977.0,2488.0
544,2987.0801525285724,2449.4679004036466
545,3007.0,2373.0
546,3024.6942414371097,2304.3709198645943
547,3045.0,2226.0
548,3071.465592706373,2126.1992677498633
549,3080.0,2094.0
550,3112.578334875242,1969.3069977011783
551,3135.0,1884.0
552,3176.4757652180892,1727.1373302578468
553,3191.0,1672.0
554,3223.5270762832292,1542.0263290017128
555,3229.0,1519.0
556,3257.1645217151554,1402.0274999778328
557,3283.0,1291.0
558,3327.136635920814,1074.7185774203142
559,3328.0,1070.0
560,3354.360474329118,914.103368123609
1,3391.0,536.0
2,3395.9732620700124,393.39666054693714
3,3396.0,387.0
4,3395.0927417154935,264.49090704887675
5,3393.0,188.0
6,3386.4869807814744,61.48399454508059
7,3386.0,54.0
8,3371.0,-129.0
9,3359.572081486432,-239.3182300189563
10,3357.0,-263.0
11,3330.0,-498.0
12,3328.5794091503317,-509.94334496284995
13,3304.7260065783344,-710.3718572660958
14,3296.0,-791.0
15,3283.364577302234,-944.9426252376909
16,3281.4103030741526,-1034.6407807225696
17,3281.0,-1088.0
18,3281.0331215684323,-1114.1691481523303
19,3283.0,-1141.0
20,3285.0168781019584,-1161.1659501464549
21,3298.0,-1257.0
22,3303.1099331486166,-1281.6406210655873
23,3329.249247284229,-1364.7146486479078
24,3341.0,-1391.0
25,3370.0,-1443.0
26,3408.3852085409294,-1494.494813082424
27,3439.0,-1528.0
28,3491.745138763298,-1576.1546737107838
29,3514.0,-1594.0
30,3557.2765113801015,-1625.4695022222656
31,3567.0,-1632.0
32,3625.1774487864773,-1667.4626747525947
33,3642.0,-1677.0
34,3716.0,-1717.0
35,3719.3990547008193,-1718.8284417780521
36,3770.0,-1748.0
37,3833.6841352505403,-1796.0143964629108
38,3836.0,-1798.0
39,3868.9566668903362,-1840.8204484733405
40,3871.0,-1846.0
41,3888.2891636020604,-1915.9294692178876
42,3889.0,-1929.0
43,3884.3910259495437,-1981.6977445648924
44,3884.0,-1984.0
45,3874.0,-2026.0
46,3859.0,-2068.0
47,3858.1394970413753,-2070.173458913486
48,3838.0,-2113.0
49,3831.7908524896056,-2122.46089286768
50,3828.0,-2128.0
51,3796.0,-2173.0
52,3795.0332126795834,-2174.2147142282834
53,3784.0,-2185.0
54,3770.809009562955,-2196.57031500751
55,3756.0,-2208.0
56,3741.7002653519367,-2217.4416408540683
57,3712.0,-2234.0
58,3695.1929228992503,-2241.6892794017854
59,3637.0,-2259.0
60,3558.508840451291,-2269.652202979575
61,3533.0,-2272.0
62,3476.2134611285273,-2274.093761665694
63,3462.0,-2274.0
64,3392.511564303492,-2272.5128789479368
65,3340.0,-2270.0
66,3299.0,-2267.0
67,3243.5481949447544,-2261.527622173939
68,3231.0,-2260.0
69,3133.0,-2244.0
70,3081.7181809042636,-2232.452455189825
71,2975.0,-2204.0
72,2969.313011794963,-2202.4527716933603
73,2946.0,-2196.0
74,2827.0926897348213,-2158.3096587062437
75,2728.0,-2125.0
76,2696.9793205435553,-2114.6097125241627
77,2624.0,-2089.0
78,2571.1034404182624,-2068.485274505447
79,2444.0,-2015.0
80,2401.0,-1995.0
81,2394.579551367212,-1991.9146290136637
82,2305.0,-1946.0
83,2288.5673191425253,-1936.9495835121475
84,2168.0,-1865.0
85,2120.26946502429,-1834.4807037865785
86,2035.8138252626961,-1778.2636916061867
87,2031.0,-1775.0
88,1914.0,-1694.0
89,1805.9738598199829,-1615.976034154193
90,1786.0,-1601.0
91,1615.0,-1470.0
92,1494.327221368996,-1374.6017790833032
93,1357.0,-1262.0
94,1333.1665518576026,-1242.428981835934
95,1238.0,-1165.0
96,1155.767457902979,-1099.8547644062244
97,1120.0,-1071.0
98,1045.442140743699,-1007.6694815951819
99,1018.0,-983.0
100,937.852633905878,-905.8904133865543
101,921.0,-888.0
102,866.0,-824.0
103,852.026643566784,-807.2602132051097
104,828.0,-775.0
105,762.2948094932998,-644.8861084630455
106,753.0,-623.0
107,740.9439535996664,-580.4458061812945
108,742.0,-556.0
109,742.7791257681067,-521.230851127798
110,747.0,-453.0
111,767.0,-308.0
112,770.1967545023286,-285.9305385994039
113,775.2264047657916,-237.40886023116352
114,766.0,-171.0
115,763.027465626376,-151.81989176174105
116,744.0,-34.0
117,734.292508636498,19.961381777398337
118,715.0,56.0
119,702.1568387535901,77.73223963929314
120,615.0,217.0
121,594.2961135334309,244.70083905189034
122,579.0,263.0
123,534.4359229010353,318.43435305288426
124,518.0,339.0
125,477.71913193717717,389.39651197995306
126,376.0,516.0
127,313.77379697082347,592.1531852747746
128,244.0,676.0
129,215.846775730152,708.899913098008
130,175.0,755.0
131,115.37255161842562,820.9375107046997
132,103.0,834.0
133,28.86936178781926,906.8206642293184
134,7.0,927.0
135,-62.5562662914926,988.26746526362
136,-135.0,1049.0
137,-222.00774561104518,1119.7509462044513
138,-245.0,1138.0
139,-312.85288064433684,1190.8100881332396
140,-348.0,1219.0
141,-462.4926557467746,1312.8100773981846
142,-512.0,1355.0
143,-639.8050831171618,1479.2239493873162
144,-709.0,1590.0
145,-730.1534328517323,1627.1742935543489
146,-755.0,1676.0
147,-762.678790027337,1692.0585920886872
148,-801.0,1780.0
149,-855.8514553484206,1939.0332272534993
150,-915.0,2138.0
151,-931.3126853320814,2216.4515441196468
152,-934.0,2282.0
153,-942.0,2400.0
154,-944.6700590932705,2483.2525528380174
155,-943.8254933996959,2598.609836631672
156,-943.0,2649.0
157,-940.9532512165242,2746.030827981474
158,-940.0,2782.0
159,-934.0,2945.0
160,-931.9645295593356,2987.697570200574
161,-924.0,3130.0
162,-918.8888709639268,3198.523707046936
163,-913.0,3281.0
164,-911.7771203022108,3361.751958754599
165,-914.0,3442.0
166,-915.4624253751031,3468.0862003362818
167,-920.0,3522.0
168,-925.6919085481493,3566.4373720738413
169,-931.0,3598.0
170,-958.2030805925207,3701.8078237395493
171,-969.0,3734.0
172,-974.0,3748.0
173,-995.1084674635649,3796.600119089319
174,-1013.0,3825.0
175,-1103.0,3924.0
176,-1105.8500903768038,3926.787548164745
177,-1140.320555428099,3955.6320988749917
178,-1187.0,3967.0
179,-1277.0,3983.0
180,-1294.1066713549337,3985.120972458714
181,-1324.060900074319,3984.969737170852
182,-1343.0,3983.0
183,-1348.1850174994513,3982.639394439409
184,-1407.0,3979.0
185,-1410.1888213265888,3978.6605820855707
186,-1425.0,3977.0
187,-1517.0,3970.0
188,-1529.0149012919521,3969.75582858201
189,-1630.6683527047599,3972.824974871984
190,-1642.0,3974.0
191,-1715.816647681564,3988.8446275899537
192,-1726.0,3992.0
193,-1799.0,4022.0
194,-1802.9494326413924,4024.0743284782793
195,-1862.0,4061.0
196,-1927.004814108306,4111.392107100417
197,-1930.0,4114.0
198,-2029.6994173359021,4219.974127545263
199,-2058.0,4260.0
200,-2143.6292799033963,4410.69168707862
201,-2174.0,4473.0
202,-2179.6810678262477,4485.557317732993
203,-2216.0,4595.0
204,-2225.2488869696513,4629.459114077097
205,-2246.0,4713.0
206,-2256.607883760861,4763.995772680235
207,-2266.0,4814.0
208,-2277.232744149835,4877.288880970333
209,-2280.0,4894.0
210,-2297.6548722388543,5017.796667382649
211,-2306.0,5083.0
212,-2318.0,5180.0
213,-2318.8033174421275,5186.7189033160885
214,-2335.0,5329.0
215,-2338.594171086365,5361.866530413285
216,-2346.0,5431.0
217,-2355.706766542222,5526.46972479965
218,-2364.0,5614.0
219,-2373.9080154387057,5721.139630001204
220,-2385.0,5843.0
221,-2391.2005644266696,5914.8170142621875
222,-2395.0,5968.0
223,-2404.5440455963862,6089.037007998713
224,-2405.0,6095.0
225,-2416.7395655104347,6260.489885799129
226,-2419.0,6295.0
227,-2428.0,6441.0
228,-2435.0,6574.0
229,-2435.481657382923,6585.0851730600625
230,-2444.7882947304256,6837.915235266158
231,-2445.0,6844.0
232,-2448.0,6966.0
233,-2448.0492115089655,6973.37031580404
234,-2448.0,7291.0
235,-2447.8149915250933,7314.216203367572
236,-2446.2731238589995,7400.777249059263
237,-2444.0,7463.0
238,-2436.1962920322544,7628.55798474261
239,-2434.0,7669.0
240,-2424.0,7829.0
241,-2422.277329352578,7853.207514742504
242,-2408.155705103033,8021.87010576528
243,-2405.0,8054.0
244,-2382.0521941103916,8270.536826978108
245,-2381.0,8280.0
246,-2361.3890741316,8434.895728483956
247,-2358.0,8459.0
248,-2345.370446037409,8549.99301420029
249,-2326.0,8672.0
250,-2288.634084521487,8883.725077792751
251,-2274.0,8964.0
252,-2253.5326697202336,9063.293632513054
253,-2245.0,9100.0
254,-2227.5850664385634,9178.640248357784
255,-2193.0,9332.0
256,-2165.0,9446.0
257,-2162.838666041269,9454.851433303844
258,-2131.0,9588.0
259,-2125.701591148144,9610.253194645114
260,-2083.0,9792.0
261,-2081.0191173891903,9800.740169515393
262,-2041.0,9980.0
263,-2035.6824083965241,10003.564484026656
264,-2012.2637965161584,10105.118650658216
265,-1994.2646734391933,10178.096248456275
266,-1978.0,10237.0
267,-1963.7600049815778,10282.850716128381
268,-1939.0,10351.0
269,-1929.099407083439,10374.7820724272
270,-1902.0,10429.0
271,-1900.3023606283066,10431.925669289327
272,-1850.0,10495.0
273,-1823.3837187299005,10514.34750546726
274,-1764.0,10549.0
275,-1711.065837084424,10566.5125855909
276,-1704.0,10568.0
277,-1629.9062649637656,10584.44960709798
278,-1599.0,10592.0
279,-1523.4973404842983,10617.380659072385
280,-1520.0,10619.0
281,-1417.0,10673.0
282,-1350.8856405171084,10713.22050334433
283,-1319.3790245780842,10742.908365641339
284,-1299.0,10764.0
285,-1233.7166485548664,10835.461578654063
286,-1216.0,10857.0
287,-1181.891262970623,10903.950482274966
288,-1132.0,10991.0
289,-1127.7883390454351,10998.695701325656
290,-1107.2413821322668,11039.393071454444
291,-1101.0,11054.0
292,-1082.6105079426525,11099.759593015688
293,-1033.3887542671937,11233.855930919615
294,-1028.0,11250.0
295,-971.0,11450.0
296,-969.8813719341917,11454.344001653335
297,-946.2655733840663,11549.834490024223
298,-945.0,11555.0
299,-886.2958004566065,11794.368071465411
300,-882.0,11812.0
301,-856.3755338335263,11918.827498766388
302,-851.0,11941.0
303,-825.0,12049.0
304,-811.7396539683047,12108.319562280958
305,-791.6744044813981,12203.99521126314
306,-789.0,12217.0
307,-780.0,12262.0
308,-760.59877274699,12365.179942498735
309,-744.0,12456.0
310,-730.8573681140315,12529.646864311095
311,-723.0,12575.0
312,-708.4015720099164,12662.675842111737
313,-703.0,12696.0
314,-677.9669655339251,12855.725403159293
315,-671.0,12902.0
316,-667.0,12929.0
317,-641.3209394080905,13104.771683617395
318,-620.0,13254.0
319,-618.743720120743,13263.045656540737
320,-601.0,13413.0
321,-593.8982722755668,13476.824629193592
322,-587.0,13544.0
323,-578.4320871690758,13655.42729590323
324,-578.0,13662.0
325,-566.9312569019565,13851.68826300823
326,-560.0,13992.0
327,-555.4144282079236,14142.80931250596
328,-554.0,14250.0
329,-552.0088129916992,14412.710849463692
330,-552.0,14419.0
331,-552.9266171933299,14536.828424109457
332,-553.0,14543.0
333,-557.0,14744.0
334,-564.0,14869.0
335,-564.6601194876217,14877.592053747067
336,-610.6770235447049,15219.072696318506
337,-612.0,15226.0
338,-631.0,15319.0
339,-665.0,15475.0
340,-677.1897232393671,15528.274220225754
341,-739.3144682433314,15791.817884115662
342,-741.0,15799.0
343,-776.0,15953.0
344,-779.9549996014649,15970.17770913093
345,-802.0,16066.0
346,-817.6762964255099,16137.826127719945
347,-834.0,16218.0
348,-855.3882531671816,16327.625254585462
349,-860.0,16352.0
350,-866.1733880481586,16386.48317467614
351,-870.0,16414.0
352,-876.1892895990288,16465.301405882044
353,-879.0,16497.0
354,-880.3881666500682,16543.949206146863
355,-880.0,16558.0
356,-873.0,16616.0
357,-866.9452012541578,16637.339132460314
358,-857.0,16661.0
359,-822.0,16709.0
360,-810.7077720163323,16719.104323715794
361,-798.0,16728.0
362,-766.1311858028072,16743.5193926023
363,-724.0,16758.0
364,-718.2465670065528,16759.544145444608
365,-681.0,16760.0
366,-666.7599933233453,16757.834139602324
367,-641.0,16752.0
368,-613.0238350744421,16739.602583864726
369,-595.0,16728.0
370,-591.0029747128586,16724.948204851677
371,-570.0,16705.0
372,-563.9751349624057,16698.401923199246
373,-545.0613857507117,16675.308708393623
374,-542.0,16671.0
375,-524.0,16641.0
376,-516.7348056784724,16626.93285836836
377,-504.0,16601.0
378,-501.6139460469045,16596.426326215107
379,-497.0,16587.0
380,-493.65302292733435,16578.761243651563
381,-476.0,16532.0
382,-471.2728813127509,16518.368582624713
383,-451.67014140649246,16453.992940073684
384,-448.0,16440.0
385,-445.0,16428.0
386,-439.9785503554229,16406.22292237958
387,-424.0,16318.0
388,-415.0,16253.0
389,-413.6765809080057,16241.317939086912
390,-408.0,16182.0
391,-404.48274775305447,16141.28879667753
392,-399.0,16073.0
393,-397.0,16047.0
394,-388.0568758823521,15954.895897470109
395,-373.48575935213574,15825.008777235682
396,-373.0,15821.0
397,-363.86936370945443,15762.583812896579
398,-359.0,15741.0
399,-349.68228892973605,15701.122169292525
400,-326.0,15608.0
401,-321.25007966532985,15591.446381611258
402,-307.0,15545.0
403,-280.861198382166,15468.179140908382
404,-237.0,15353.0
405,-218.83563708027992,15307.194027041765
406,-179.0,15209.0
407,-140.49205332047939,15117.593350396943
408,-107.71522252716917,15041.92135954559
409,-92.0,15005.0
410,-48.0,14900.0
411,-31.890466393176286,14861.044975723307
412,7.248587080436393,14766.88866209191
413,17.0,14744.0
414,80.0,14598.0
415,130.8745275317441,14479.478652766238
416,144.0,14449.0
417,175.46429424941616,14376.371143138294
418,245.0,14217.0
419,319.58313189591536,14046.840238376262
420,323.0,14039.0
421,403.0,13855.0
422,424.543081039389,13806.289118273402
423,450.0,13749.0
424,489.84954822493734,13655.521094044212
425,579.4138991605516,13443.387943378666
426,588.0,13423.0
427,625.6889927362743,13332.428046964636
428,634.0,13312.0
429,686.1525284282111,13183.417755183558
430,726.0,13085.0
431,758.5367372889212,13004.516984384758
432,778.0,12956.0
433,830.0,12824.0
434,839.1126064181306,12800.376625714014
435,886.0,12676.0
436,926.941305469013,12562.964387626098
437,940.0,12526.0
438,979.5219485677466,12411.297685853822
439,997.0,12359.0
440,1038.5880243759239,12229.941468020266
441,1061.0,12158.0
442,1107.0,12005.0
443,1118.1719382169267,11966.179536988227
444,1183.0,11735.0
445,1221.493615120356,11592.640627743387
446,1230.0,11559.0
447,1252.4789337192062,11469.550274893441
448,1283.0,11347.0
449,1311.0,11233.0
450,1325.1764705586793,11174.76672264659
451,1359.0,11035.0
452,1373.2397620949025,10976.164257972003
453,1399.0,10869.0
454,1428.5950526371253,10742.79632446501
455,1442.0,10685.0
456,1477.0,10534.0
457,1483.1413444680888,10507.89988977876
458,1521.0,10348.0
459,1538.7972653423321,10270.525917571835
460,1552.0,10213.0
461,1601.7923137851647,10001.392777937324
462,1604.0,9992.0
463,1672.0,9701.0
464,1680.1711131448767,9665.908773629537
465,1717.3363121458892,9505.908951250025
466,1748.0,9374.0
467,1750.2033240241494,9364.545198683882
468,1781.311733486631,9231.428794462186
469,1829.0,9028.0
470,1837.4276678783926,8991.962273518307
471,1897.0,8733.0
472,1899.006150436108,8724.004835166761
473,1932.0,8576.0
474,1953.070546024288,8483.644689584056
475,1992.0,8314.0
476,2017.81633832419,8198.307069831813
477,2031.0,8140.0
478,2039.8520229614896,8101.724188026903
479,2080.0,7930.0
480,2090.6327357412015,7884.29730602163
481,2140.035447090754,7672.295668505029
482,2142.0,7664.0
483,2183.7478552077323,7489.379977279874
484,2205.0,7401.0
485,2238.063922754397,7263.79784473156
486,2264.0,7155.0
487,2328.437858396422,6883.773107535266
488,2331.0,6873.0
489,2367.6963902158636,6719.439800601356
490,2390.0,6626.0
491,2391.7644282238343,6618.5052564417065
492,2424.006939474345,6480.97934747091
493,2439.0,6417.0
494,2488.0,6209.0
495,2497.068795308313,6171.13775573125
496,2515.0,6096.0
497,2535.0936137777126,6007.921628675656
498,2542.0,5978.0
499,2562.0,5893.0
500,2574.305157523788,5832.297765618801
501,2585.0,5773.0
502,2595.6833290891946,5707.335021556655
503,2602.0,5657.0
504,2606.0,5581.0
505,2605.8711249733547,5568.385682614157
506,2602.0,5511.0
507,2601.514495301612,5507.20219548101
508,2587.0,5447.0
509,2579.7384380890257,5428.508187140043
510,2537.1178687114534,5343.270101649653
511,2507.0,5288.0
512,2464.863513291791,5212.744927979351
513,2436.091848476211,5158.614977962694
514,2432.0,5150.0
515,2417.8105986624796,5115.657827027618
516,2406.9300798487866,5068.914209166463
517,2403.0,5040.0
518,2397.2438129345032,4979.6293935766025
519,2397.0,4976.0
520,2395.0,4912.0
521,2398.026269309217,4820.386103142265
522,2403.0,4752.0
523,2406.7742698756906,4715.905958892704
524,2415.1515440960316,4657.525382914551
525,2417.0,4646.0
526,2430.9185294933573,4565.502977421325
527,2441.0,4513.0
528,2463.0,4414.0
529,2471.052540123065,4381.6448242686865
530,2500.0,4271.0
531,2520.7731082713003,4196.301768157655
532,2541.551567037411,4125.012897467717
533,2543.0,4120.0
534,2603.6593031742195,3909.583300884785
535,2605.0,3905.0
536,2625.242803039897,3837.6863201398087
537,2633.0,3811.0
538,2670.0,3678.0
539,2689.199288443049,3606.958814933892
540,2722.0436843612947,3482.468543375401
541,2730.0,3452.0
542,2748.753503455451,3379.7841437200123
543,2767.0,3309.0
544,2796.051213150114,3195.3841210088112
545,2801.0,3176.0
546,2825.0,3082.0
547,2837.268708853442,3033.8909487168016
548,2979.0,2479.0
549,2981.062023746729,2471.041142762221
550,3011.3283288681064,2354.6996775569423
551,3032.0,2276.0
552,3049.191063335128,2211.130984856802
553,3075.0,2114.0
554,3119.515942366256,1945.1616567466244
555,3134.0,1890.0
556,3189.0,1677.0
557,3191.523976129468,1667.005095843148
558,3246.4261913084224,1446.5522648704018
559,3259.0,1394.0
560,3298.082956435526,1218.7656353771524
561,3322.0,1101.0
562,3341.9140673946085,993.9149728958116
563,3345.0,974.0
2,3387.0,612.0
3,3393.2456591113287,471.71175244158974
4,3395.0,381.0
5,3394.1789185481657,241.67298276487924
6,3391.0,149.0
7,3384.4732450873366,39.43904042326372
8,3379.0,-34.0
9,3372.292817193229,-113.60276330132574
10,3360.0,-234.0
11,3349.6007363689732,-327.2140953744526
12,3332.0,-480.0
13,3318.209700797191,-591.4601377951603
14,3313.0,-634.0
15,3309.942335696761,-660.604387589814
16,3294.9059317349897,-802.1798566933527
17,3293.0,-823.0
18,3285.0,-930.0
19,3282.704424667646,-966.8526078304401
20,3281.0,-1017.0
21,3289.242111560396,-1196.0508096954081
22,3291.0,-1220.0
23,3300.368646109547,-1279.1528747056768
24,3307.0,-1296.0
25,3376.586137884674,-1443.0790669050573
26,3392.0,-1472.0
27,3406.2375054068416,-1495.3608607299407
28,3434.0,-1522.0
29,3462.959362205412,-1550.3980486992903
30,3494.0,-1578.0
31,3578.5773049764066,-1637.99675734563
32,3636.0,-1674.0
33,3677.012059345552,-1698.2198559672738
34,3763.4090088723187,-1744.2961959561762
35,3770.0,-1748.0
36,3825.1475163021637,-1787.0421518627406
37,3827.0,-1789.0
38,3862.5191918574915,-1836.3400541677102
39,3878.0,-1864.0
40,3885.8432153013136,-1883.498060316724
41,3889.466926528442,-1930.1668391754265
42,3889.0,-1937.0
43,3881.462167048357,-1992.6041011593702
44,3881.0,-1995.0
45,3876.0,-2017.0
46,3848.0,-2092.0
47,3846.8403843696456,-2094.3222740686933
48,3825.0,-2134.0
49,3821.371884717802,-2139.888473699186
50,3800.5271414600784,-2167.8733704350357
51,3787.0,-2182.0
52,3782.6936087215954,-2186.0993022125595
53,3771.0,-2196.0
54,3762.7911545831257,-2202.3316219204644
55,3730.0,-2225.0
56,3688.8823401470745,-2244.954953234565
57,3686.0,-2246.0
58,3641.0,-2258.0
59,3595.2437962608724,-2265.4872043430896
60,3517.0,-2272.0
61,3513.7556480568564,-2272.1710742980836
62,3495.0,-2273.0
63,3434.5536231687543,-2273.469305413668
64,3344.0,-2270.0
65,3332.265943438292,-2269.256377357039
66,3270.791610252151,-2264.0110721359233
67,3192.0,-2254.0
68,3180.8504649807273,-2252.337473274115
69,3092.0,-2235.0
70,2989.5586605262183,-2207.5730726070274
71,2932.0,-2191.0
72,2836.7084374463147,-2161.6984138560774
73,2709.0,-2119.0
74,2643.9476464390436,-2097.346199289021
75,2573.0,-2069.0
76,2496.729487145411,-2036.3094496381966
77,2370.0,-1980.0
78,2283.358361975444,-1936.4374453318296
79,2200.0,-1884.0
80,2193.4623334341873,-1879.8594149735475
81,2061.0,-1795.0
82,1980.2745683583935,-1740.7281678394922
83,1840.422705478787,-1641.1948038198695
84,1836.0,-1638.0
85,1751.1883420452045,-1575.2997985256595
86,1717.0,-1549.0
87,1639.7769284917113,-1488.9589886951271
88,1565.0,-1430.0
89,1482.4409748640776,-1363.5878026970884
90,1435.0,-1325.0
91,1337.0,-1245.0
92,1330.1424766504529,-1239.4356160589166
93,1145.0,-1090.0
94,1139.406607393972,-1085.456598991622
95,1036.0,-999.0
96,982.932812093847,-950.0382482370701
97,921.0,-887.0
98,903.0,-867.0
99,853.8853393208632,-807.4434356490001
100,796.0,-723.0
101,776.9296445453288,-685.2747365528917
102,751.4388965505239,-611.6509598209243
103,749.0,-603.0
104,741.5565278615128,-534.7570885118248
105,742.0,-526.0
106,750.0,-437.0
107,750.4494203515269,-433.4922668617109
108,759.4348619246729,-372.1426452783724
109,760.0,-368.0
110,767.4556253179176,-298.14479965753594
111,769.0,-264.0
112,768.8122515433373,-221.9169691244829
113,768.0,-202.0
114,762.0,-137.0
115,748.99835387191,-62.599840151773215
116,717.0,50.0
117,673.8903130887014,133.65547822767968
118,628.1431120347657,198.78171317639624
119,623.0,206.0
120,554.0,295.0
121,549.3206720331376,300.8050482708235
122,453.0,420.0
123,410.1329265787551,473.0844488645244
124,357.0,539.0
125,355.0324005551429,541.4223144733533
126,298.0,611.0
127,268.77095016278906,646.0970723190266
128,209.0,717.0
129,142.411610531482,792.6170983464806
130,96.0,841.0
131,30.635148386553226,905.0893798588162
132,17.0,918.0
133,-57.0,985.0
134,-61.80607073141619,989.1258828927007
135,-147.0,1059.0
136,-183.2730561374162,1088.2532091002563
137,-281.0,1166.0
138,-344.92330281767744,1215.2452246170383
139,-386.0,1249.0
140,-588.0,1430.0
141,-605.61207061033,1446.294150728045
142,-676.7113713596091,1516.9037124889087
143,-732.0,1630.0
144,-816.7465818062012,1821.3898514957064
145,-820.0,1829.0
146,-844.2557284353098,1890.8114321707105
147,-855.0,1925.0
148,-862.8075371902985,1948.7149113025575
149,-907.0762295322855,2096.5447600268226
150,-920.0,2171.0
151,-941.0,2392.0
152,-942.9775511414219,2420.305873614722
153,-946.5027685553362,2508.506180255923
154,-944.0,2585.0
155,-943.462510405019,2615.9262789089926
156,-941.0,2764.0
157,-937.6421224538257,2860.6002725686894
158,-934.0,2942.0
159,-928.0,3059.0
160,-927.6097997566263,3065.3142028980656
161,-919.8387065130912,3172.3928259020995
162,-917.0,3222.0
163,-913.329193023173,3351.540856369128
164,-913.0,3421.0
165,-913.3274915619731,3443.2083535621678
166,-917.6619740563758,3501.693674063741
167,-918.0,3505.0
168,-931.0,3598.0
169,-932.106645434495,3603.05172157972
170,-957.336353971227,3693.1037459303225
171,-983.0,3769.0
172,-993.9876127178507,3792.524489075405
173,-998.0,3799.0
174,-1034.178806900467,3857.119331400056
175,-1051.0,3877.0
176,-1089.455202634315,3911.6838947973174
177,-1138.0,3946.0
178,-1168.3165235757933,3961.1222296947926
179,-1174.0,3963.0
180,-1250.0,3981.0
181,-1263.7645101549863,3982.608844320626
182,-1289.0,3984.0
183,-1311.054323603658,3984.0242653748473
184,-1409.0,3978.0
185,-1416.9300772301835,3977.411925463063
186,-1485.3071050813091,3972.1915955069553
187,-1488.0,3972.0
188,-1558.0,3970.0
189,-1595.187642378367,3972.888619517886
190,-1693.3467148347863,3985.915506321126
191,-1723.0,3991.0
192,-1767.0,4008.0
193,-1812.304631318302,4031.001715054124
194,-1846.0,4050.0
195,-1879.5177346516641,4073.3590811435993
196,-1900.0,4090.0
197,-1989.0,4174.0
198,-1991.8900084849051,4177.036428304118
199,-2069.0,4277.0
200,-2072.7242237422247,4283.025985417122
201,-2137.5919028688813,4395.785294526411
202,-2141.0,4402.0
203,-2176.872934669393,4471.826428971827
204,-2189.140518087399,4508.471089837971
205,-2206.0,4564.0
206,-2222.0,4616.0
207,-2237.3736172499953,4674.240321029738
208,-2253.0,4745.0
209,-2256.272966698758,4760.978984074276
210,-2276.0,4869.0
211,-2283.906810528451,4920.874793562889
212,-2299.0,5033.0
213,-2307.0,5093.0
214,-2322.400973792604,5220.086491902173
215,-2339.0,5366.0
216,-2340.885957042252,5383.312333442489
217,-2347.8856257682255,5454.9739892180105
218,-2352.0,5496.0
219,-2363.0,5602.0
220,-2369.76983195545,5674.96527203955
221,-2374.0,5723.0
222,-2385.355909865237,5853.573540264859
223,-2398.4344597477398,6009.014820491531
224,-2399.0,6016.0
225,-2409.918655009154,6158.993595624456
226,-2414.0,6217.0
227,-2417.3157436033393,6265.619323992167
228,-2427.0,6422.0
229,-2432.0,6526.0
230,-2433.8467731119226,6566.702379428511
231,-2441.4748172528853,6742.738300056524
232,-2443.0,6782.0
233,-2445.6102907878517,6857.91107608157
234,-2447.897898306696,6959.949836909021
235,-2448.0,6967.0
236,-2449.0,7138.0
237,-2448.856713739593,7177.47685605722
238,-2447.433654462496,7303.1075129734945
239,-2447.0,7327.0
240,-2443.0,7485.0
241,-2441.8766260928387,7520.515816800618
242,-2434.0,7677.0
243,-2424.559703477853,7808.3830897350335
244,-2415.0,7935.0
245,-2401.0989268539965,8102.5057321689055
246,-2394.0,8163.0
247,-2380.4866869517236,8275.386792822354
248,-2351.0,8508.0
249,-2338.429817629556,8595.82239943701
250,-2309.0,8772.0
251,-2302.4797565509402,8808.38872510839
252,-2275.6621103395846,8950.547228432726
253,-2238.0,9133.0
254,-2236.580854171944,9139.532589265451
255,-2189.0,9347.0
256,-2179.6373899295995,9386.276057211187
257,-2134.0,9575.0
258,-2101.0,9713.0
259,-2093.264486456512,9746.748332074221
260,-2054.0,9921.0
261,-2025.9665787427073,10051.60194172717
262,-2014.0,10099.0
263,-1975.0,10247.0
264,-1973.7854730069564,10251.613725023257
265,-1945.1681358602777,10345.07010263571
266,-1927.0,10380.0
267,-1894.0536285897801,10438.218957276978
268,-1872.0,10473.0
269,-1826.6310595397056,10524.31402850169
270,-1767.0,10548.0
271,-1764.7145480368185,10548.76817833839
272,-1727.1795855650842,10560.717477462993
273,-1688.0,10571.0
274,-1661.7317061782237,10576.611622854023
275,-1592.0,10594.0
276,-1567.7887626127595,10602.267958840865
277,-1482.0,10636.0
278,-1457.8387179805034,10647.016587238588
279,-1428.1229903427652,10665.078944959121
280,-1411.0,10677.0
281,-1389.0,10692.0
282,-1377.4193444075197,10700.130419003064
283,-1316.5570887103572,10747.943348480103
284,-1306.0,10758.0
285,-1214.755713453141,10860.423023748554
286,-1207.0,10870.0
287,-1170.0,10925.0
288,-1148.7247336268551,10961.437286963428
289,-1125.0,11005.0
290,-1097.9839639080105,11061.76299183972
291,-1073.0,11121.0
292,-1045.0,11196.0
293,-1033.6477276376227,11230.624615553734
294,-1020.0,11275.0
295,-989.3111531210394,11381.125370655356
296,-985.0,11397.0
297,-957.6535563741792,11501.681906654001
298,-935.0,11592.0
299,-928.7977322089595,11617.426788936793
300,-908.0,11705.0
301,-906.7662002756546,11710.160093857334
302,-871.0,11858.0
303,-854.3966704474976,11926.075522110606
304,-833.0,12015.0
305,-817.3943262787174,12083.139107725663
306,-800.0,12166.0
307,-779.2497511830921,12269.30964823191
308,-763.0,12352.0
309,-740.1073479000734,12473.15043266664
310,-711.3385407307342,12648.303976821619
311,-709.0,12663.0
312,-690.904907726335,12776.28291691231
313,-678.0,12857.0
314,-673.2067537867288,12887.008565096672
315,-658.0,12985.0
316,-640.6951705080621,13104.202818791993
317,-621.0,13244.0
318,-614.0014862550964,13294.730222645941
319,-602.6445652145673,13388.627121157782
320,-601.0,13404.0
321,-583.1084459711775,13585.939504501755
322,-581.0,13612.0
323,-570.4466963503766,13767.907525086928
324,-568.0,13809.0
325,-561.7092020110246,13932.228130457854
326,-560.0,13977.0
327,-554.4293465182569,14198.610136241423
328,-554.0,14224.0
329,-552.0208652768573,14408.570586146701
330,-552.0,14434.0
331,-553.0,14563.0
332,-555.0,14689.0
333,-556.266700255487,14728.22640178104
334,-565.1919855388936,14884.889829007381
335,-570.0,14940.0
336,-575.0,14988.0
337,-609.5814905643025,15209.355948416327
338,-627.0,15303.0
339,-644.5544875129842,15387.90734183534
340,-665.0,15477.0
341,-673.4778268558205,15513.679419830318
342,-728.4415695426828,15749.421213942649
343,-734.0,15773.0
344,-759.0,15879.0
345,-805.0,16082.0
346,-809.2425117545786,16101.072957064174
347,-834.0,16218.0
348,-836.6973678588372,16231.530669991334
349,-851.0,16305.0
350,-863.0,16372.0
351,-872.3478985912739,16436.576155817907
352,-877.0,16474.0
353,-880.5043258018698,16563.18466564788
354,-880.0,16567.0
355,-863.0,16647.0
356,-856.9662043306314,16667.587136467773
357,-847.1361011962753,16678.871611504022
358,-846.0,16680.0
359,-803.4800139681665,16720.19597257521
360,-778.0,16740.0
361,-755.964039728666,16750.20208158682
362,-740.0,16754.0
363,-718.2627735335749,16758.31597622032
364,-678.1649452984913,16760.270444735914
365,-676.0,16760.0
366,-634.7912507133772,16749.6111317171
367,-633.0,16749.0
368,-609.164138685864,16737.93229407137
369,-597.0,16729.0
370,-579.5254177876438,16714.154409322917
371,-570.0,16705.0
372,-544.3529200158891,16674.705488620584
373,-541.0,16670.0
374,-522.0,16639.0
375,-518.846057014833,16633.05973562324
376,-503.08209934215665,16600.503169550855
377,-501.0,16596.0
378,-495.52808087044787,16583.075162193534
379,-491.0,16571.0
380,-471.9289405109415,16520.6462050666
381,-471.0,16518.0
382,-458.3456656268406,16478.506498107345
383,-453.0,16459.0
384,-450.0,16447.0
385,-422.0,16302.0
386,-420.0824006672135,16290.991958742477
387,-413.0001007578535,16240.561960452262
388,-411.0,16218.0
389,-407.9267265946514,16180.277143405758
390,-403.0,16118.0
391,-392.4064356583832,15986.016055996046
392,-388.0,15935.0
393,-384.1812578213986,15897.350169267915
394,-378.0,15857.0
395,-374.46153819189306,15835.628344350618
396,-355.0,15724.0
397,-349.3112886903264,15694.318605329863
398,-320.0,15588.0
399,-268.0442960640379,15434.776933375568
400,-265.0,15426.0
401,-225.90619020556667,15321.64972539124
402,-209.0,15282.0
403,-195.51725883242696,15249.267451718146
404,-143.0,15122.0
405,-103.0,15030.0
406,-96.00163464436922,15013.614851968654
407,-63.0,14935.0
408,30.703665106033434,14713.79367701753
409,34.0,14706.0
410,74.35472463748754,14609.641460487306
411,97.0,14557.0
412,176.98878209984048,14374.07179157558
413,180.0,14367.0
414,202.0,14315.0
415,225.79434340670176,14259.858595722075
416,320.0,14046.0
417,344.3139180816515,13990.722990216062
418,393.5652415137936,13877.598050240224
419,396.0,13872.0
420,455.0,13736.0
421,487.71940205008275,13659.407179709815
422,537.0,13543.0
423,557.5046738886821,13494.703838389629
424,584.0,13432.0
425,637.0,13304.0
426,651.6038451733039,13268.33189906905
427,698.1733907550793,13153.776881500904
428,707.0,13132.0
429,766.0,12986.0
430,803.7315938823093,12891.378417836859
431,807.0,12883.0
432,882.1422509036875,12684.93969522158
433,920.0,12583.0
434,953.2898442079957,12490.572136663626
435,979.0,12414.0
436,1001.476572367332,12346.046287481528
437,1020.0,12289.0
438,1051.9344759483195,12186.818645064423
439,1078.0,12101.0
440,1130.0,11926.0
441,1154.5632024960953,11838.29551527859
442,1170.0,11782.0
443,1219.7208965163386,11597.673122325928
444,1222.0,11589.0
445,1264.0,11425.0
446,1297.3719423335817,11291.970865703293
447,1309.0,11244.0
448,1341.7503881562782,11106.546359295979
449,1388.0,10911.0
450,1390.4041973971252,10900.891331198733
451,1436.2692358689583,10710.479277734352
452,1444.0,10677.0
453,1471.0,10559.0
454,1480.8352183363568,10516.722722798091
455,1515.0,10372.0
456,1540.6749570640882,10261.87888984253
457,1579.5060619197575,10094.048630737872
458,1586.0,10066.0
459,1617.603039050809,9929.718166917315
460,1642.532885155772,9823.163089893314
461,1658.0,9758.0
462,1687.0099067743388,9636.798139411427
463,1699.0,9586.0
464,1743.0519638306312,9396.416932968208
465,1763.0,9310.0
466,1798.798463301223,9154.253971830116
467,1831.0,9015.0
468,1835.4473357517445,8996.10974367164
469,1876.0,8824.0
470,1905.0068894966805,8694.96767021831
471,1927.0,8597.0
472,1936.7994165593198,8553.9055280137
473,1959.0,8457.0
474,1979.6234020242587,8366.76167480779
475,2031.0,8142.0
476,2054.3967512325535,8040.524164247994
477,2088.0,7895.0
478,2127.0355930771575,7724.600278901787
479,2133.0,7699.0
480,2175.0,7523.0
481,2227.3744276807133,7303.964018014442
482,2230.0,7293.0
483,2257.468674406339,7178.813074387117
484,2281.0,7082.0
485,2286.7088827253483,7058.47313914868
486,2311.0,6958.0
487,2333.3000947112505,6864.717821669177
488,2396.185330340767,6598.707907331291
489,2407.0,6553.0
490,2462.529107529186,6319.221172281925
491,2464.0,6313.0
492,2505.365755711987,6137.007867749603
493,2507.0,6130.0
494,2535.0,6009.0
495,2545.311336399689,5963.672568972579
496,2564.0,5879.0
497,2581.0,5796.0
498,2585.2096884440293,5773.085220941915
499,2594.0,5718.0
500,2598.0821541408286,5687.689294958915
501,2604.0,5632.0
502,2606.3218164874957,5588.968796905859
503,2606.0,5569.0
504,2582.0,5432.0
505,2573.7627985926447,5407.371674561313
506,2532.4587981998116,5331.288016773085
507,2508.0,5291.0
508,2484.540725260834,5251.026630352869
509,2442.0,5174.0
510,2432.57063019601,5154.4120003004045
511,2418.1852261466715,5113.165906437216
512,2411.0,5079.0
513,2397.0,4982.0
514,2396.706998891054,4978.108843471657
515,2395.0,4912.0
516,2395.3743323485787,4884.107838653975
517,2397.0,4838.0
518,2399.1658159656918,4800.437078776986
519,2404.0,4744.0
520,2413.0,4673.0
521,2420.7807820503276,4623.71352546829
522,2431.0,4566.0
523,2444.261049433024,4497.981600702167
524,2448.0,4481.0
525,2492.996542629231,4297.403974260572
526,2500.0,4270.0
527,2513.767731401105,4218.998105542583
528,2521.0,4194.0
529,2529.1580680054076,4165.609586606177
530,2555.54393282924,4073.5103697342383
531,2579.0,3993.0
532,2598.6523383395374,3926.9357783605947
533,2617.0,3865.0
534,2644.0,3770.0
535,2657.560465868424,3721.4531088961803
536,2691.0,3601.0
537,2718.9423313145517,3497.5421042300813
538,2738.0,3421.0
539,2751.635861399068,3368.065541801747
540,2765.0,3316.0
541,2796.694186681183,3191.0474318185625
542,2851.0,2976.0
543,2856.954067230641,2952.8322851816797
544,2867.9532003936697,2911.062402826496
545,2869.0,2907.0
546,2916.3729523576576,2720.580737878116
547,2926.0,2683.0
548,2948.0,2598.0
549,2960.1689999678283,2551.638520432056
550,2986.0,2454.0
551,2995.192617168968,2419.0042432181917
552,3032.0,2278.0
553,3041.672757707102,2240.8940787518186
554,3080.197649497083,2093.30020164665
555,3090.0,2056.0
556,3130.0,1905.0
557,3142.0,1860.0
558,3166.7373259109017,1766.8219886868412
559,3178.0,1723.0
560,3247.161008660638,1442.8374758930684
561,3265.0,1369.0
562,3292.307446278902,1252.7449013832006
563,3316.0,1133.0
564,3322.760176072942,1097.4408298009425
565,3337.0,1022.0
1,3388.6068475431107,554.7714983728381
2,3395.0,420.0
3,3396.5986635604877,323.6395222134584
4,3395.0,287.0
5,3389.238973543777,135.07001048603928
6,3383.0,19.0
7,3378.2587285997843,-44.58359514556827
8,3367.0,-165.0
9,3362.445575396526,-209.76171355287255
10,3353.0,-298.0
11,3344.1974799349264,-376.29929748504844
12,3334.0,-464.0
13,3321.1408725817205,-571.9982123629334
14,3317.0,-606.0
15,3301.689275398002,-730.6606867465957
16,3295.0,-804.0
17,3285.8629753654445,-930.3807428280393
18,3283.0,-974.0
19,3280.2497820223966,-1069.070481829642
20,3281.0,-1083.0
21,3284.76716892744,-1153.149269694839
22,3291.0,-1218.0
23,3318.226792895959,-1333.7151345491861
24,3319.0,-1336.0
25,3350.8287914937155,-1408.9483694604553
26,3352.0,-1411.0
27,3421.0,-1508.0
28,3484.9327142244865,-1571.1017524691347
29,3552.4807237710056,-1621.8276476164226
30,3564.0,-1630.0
31,3587.102661783688,-1645.4694000055051
32,3623.0,-1666.0
33,3652.2723243235987,-1682.2229089422435
34,3696.0,-1706.0
35,3706.7591515547388,-1711.7048721267138
36,3755.015868692185,-1738.2126560211304
37,3764.0,-1744.0
38,3831.0,-1793.0
39,3857.36408239317,-1815.5808257804392
40,3871.883565021116,-1843.0823324002868
41,3876.0,-1858.0
42,3887.0469696969926,-1903.8379702144466
43,3888.0,-1910.0
44,3887.0,-1963.0
45,3885.0741342697956,-1973.910782029356
46,3872.0,-2030.0
47,3869.967954394886,-2037.6354447834258
48,3861.6469923976147,-2060.216340692047
49,3860.0,-2064.0
50,3839.0,-2109.0
51,3829.2751925452258,-2125.4050249060792
52,3801.5399456262912,-2165.025502025689
53,3798.0,-2170.0
54,3791.0,-2178.0
55,3777.985531705985,-2189.3021772510783
56,3736.0,-2222.0
57,3733.104119663585,-2223.8435662827155
58,3698.0,-2241.0
59,3633.794479224016,-2258.2383870186677
60,3594.0,-2266.0
61,3544.9707317878588,-2271.847352424758
62,3506.6691961448223,-2272.7355517237884
63,3494.0,-2273.0
64,3406.0,-2273.0
65,3310.283224671765,-2268.04077224702
66,3295.0,-2267.0
67,3214.1040227124067,-2259.3843907236314
68,3145.0554320911106,-2246.3642177581746
69,3111.0,-2239.0
70,3002.468038977852,-2212.5386756329244
71,2970.0,-2203.0
72,2905.0,-2183.0
73,2880.6137565431136,-2175.3050951838204
74,2800.0,-2149.0
75,2792.8591577218385,-2146.666090850964
76,2691.0,-2113.0
77,2652.9493089276093,-2099.505540179602
78,2567.0,-2067.0
79,2527.1431676182383,-2051.0475528374927
80,2428.0,-2008.0
81,2375.0,-1982.0
82,2356.3765852556367,-1972.4864480183685
83,2249.09280383844,-1914.1018722712543
84,2225.0,-1900.0
85,2118.6867554146665,-1833.2544171021166
86,2076.0,-1805.0
87,1919.585720224762,-1698.487611310904
88,1916.0,-1696.0
89,1838.7294677943892,-1640.7156310803828
90,1787.0,-1602.0
91,1761.763148714297,-1583.2063854727235
92,1690.0,-1529.0
93,1516.6337538615064,-1390.6530215708035
94,1464.0,-1348.0
95,1429.4763192166397,-1319.9306615674466
96,1312.0,-1225.0
97,1272.2753438297939,-1193.4026921350148
98,1268.0,-1190.0
99,1181.9887472585324,-1121.1638952001272
100,1151.0,-1096.0
101,1107.6346028653109,-1060.3503250506285
102,1061.0,-1021.0
103,993.0390881783208,-960.165461109337
104,949.0,-917.0
105,900.0,-864.0
106,880.0136918095409,-841.6036429456875
107,836.0,-785.0
108,826.568106799981,-770.2127604177535
109,764.0,-655.0
110,743.8225949367501,-605.1151170701114
111,742.0800257478276,-575.129521228965
112,742.0,-556.0
113,743.8312753997133,-490.3957199904834
114,744.0,-488.0
115,755.6642273179773,-397.09719445719105
116,756.0,-395.0
117,764.020708764734,-340.30534251237026
118,765.0,-327.0
119,767.9856763530003,-208.62276044451377
120,768.0,-205.0
121,761.3679982008632,-110.82489556939582
122,751.4656716986992,-69.0819271064109
123,751.0,-67.0
124,738.0,-11.0
125,736.428194226568,-5.3621106372232745
126,710.0,66.0
127,691.9240668022743,101.55837126750664
128,642.0,180.0
129,597.7771177701636,239.68452838724141
130,596.0,242.0
131,548.0,303.0
132,524.5421212227365,331.91805584705713
133,491.0,373.0
134,473.2511244440266,394.9921410268248
135,434.0,444.0
136,423.8949134776178,456.60128957530225
137,373.62856858917553,519.0216378174139
138,327.0,576.0
139,269.0,646.0
140,254.32460207488185,663.60371521207
141,217.0,708.0
142,138.0,797.0
143,89.27270085894548,847.5579851414498
144,35.0,901.0
145,21.175567370738264,914.1558203930655
146,-38.0,968.0
147,-82.29580521203857,1006.2240290954759
148,-136.0,1051.0
149,-204.57528686772693,1105.9691085115685
150,-249.0,1141.0
151,-308.39863299053997,1187.760799048596
152,-343.0,1215.0
153,-434.49028157631676,1287.7866637922875
154,-448.0,1299.0
155,-536.5569606294155,1377.0691022490396
156,-587.0,1428.0
157,-661.7323109342797,1518.4958895161835
158,-672.0,1533.0
159,-721.1366067405047,1612.2864664989856
160,-768.0,1704.0
161,-783.440560523938,1737.7405010268385
162,-824.0,1838.0
163,-873.136419248876,1984.6484833038387
164,-875.0,1991.0
165,-926.0,2205.0
166,-929.8195559935486,2227.763844339164
167,-939.0,2352.0
168,-943.3775921311861,2476.6397888529923
169,-944.0,2515.0
170,-943.3863192523683,2651.5251649817683
171,-939.1289436374211,2823.60949816871
172,-939.0,2828.0
173,-934.8127149112347,2945.717513502049
174,-930.0,3033.0
175,-927.5729894095119,3070.1739084514475
176,-917.1158636826328,3219.3163100586044
177,-916.0,3237.0
178,-913.6689383571376,3454.10901880803
179,-914.0,3458.0
180,-930.0,3588.0
181,-932.3377769623924,3603.3746006095334
182,-943.837320111241,3655.715581728936
183,-946.0,3663.0
184,-966.4309489480237,3725.7029316832927
185,-988.0,3780.0
186,-1019.0,3835.0
187,-1026.862713590329,3845.837317318991
188,-1083.3517054565216,3908.417801263619
189,-1097.0,3920.0
190,-1144.7248464672734,3949.991824633754
191,-1191.0,3969.0
192,-1208.4120377485601,3974.664148504233
193,-1238.4961936501372,3980.6923011278604
194,-1273.4624531906243,3982.948265309859
195,-1275.0,3983.0
196,-1342.3847396743095,3983.0551158052294
197,-1344.0,3983.0
198,-1390.0,3980.0
199,-1417.8127612931194,3977.58203017201
200,-1424.0,3977.0
201,-1450.0,3974.0
202,-1467.712436948181,3972.825080276655
203,-1534.0,3970.0
204,-1539.0248489436055,3969.9434951696753
205,-1623.82005320183,3972.8352756888353
206,-1626.0,3973.0
207,-1648.0,3975.0
208,-1697.0713078351696,3983.913028094425
209,-1769.6418793433943,4008.80911370977
210,-1779.0,4013.0
211,-1843.0,4048.0
212,-1882.050242226148,4075.562960156727
213,-1911.0,4099.0
214,-1970.0,4154.0
215,-1997.6730347904065,4183.1869765073225
216,-2059.0,4262.0
217,-2084.6587058066093,4301.436084478462
218,-2127.0,4372.0
219,-2154.927950989633,4427.416806908122
220,-2170.0,4465.0
221,-2178.6315332129625,4487.586084140579
222,-2208.026050876009,4570.2405472188175
223,-2216.0,4596.0
224,-2257.167546820576,4767.729161220705
225,-2258.0,4772.0
226,-2300.5090024234883,5038.333130156426
227,-2301.0,5042.0
228,-2310.313034047496,5120.223884607119
229,-2324.5555813768233,5248.045214373174
230,-2327.0,5263.0
231,-2329.0,5275.0
232,-2340.0916411671883,5367.29928537573
233,-2346.0,5429.0
234,-2360.015855606807,5570.407757981719
235,-2371.0,5682.0
236,-2375.9197961584196,5733.947412256164
237,-2385.4492397176873,5846.747880589969
238,-2391.0,5916.0
239,-2400.0,6028.0
240,-2404.224447854999,6082.258669535157
241,-2414.0,6216.0
242,-2420.2998695670476,6313.621188178279
243,-2424.0,6377.0
244,-2430.327574510337,6496.310520184622
245,-2432.0,6527.0
246,-2438.877183387146,6660.760505947661
247,-2440.0,6693.0
248,-2446.0,6893.0
249,-2449.8199110961828,7031.254972311385
250,-2449.0,7111.0
251,-2448.7413345580753,7162.075817699028
252,-2447.1243896484757,7357.037829812866
253,-2447.0,7364.0
254,-2440.1776683055996,7562.359026271166
255,-2432.794854803802,7684.583022338725
256,-2430.0,7733.0
257,-2427.6106523945537,7778.508577408171
258,-2420.4680010442,7873.84329822702
259,-2420.0,7879.0
260,-2383.0,8256.0
261,-2380.378196481486,8281.237232135516
262,-2371.6489971223623,8353.883114679285
263,-2367.0,8388.0
264,-2347.2857211861005,8531.30042856063
265,-2344.0,8554.0
266,-2318.0,8720.0
267,-2304.97721535794,8797.31656354998
268,-2289.0,8887.0
269,-2274.0989426826795,8965.046359723283
270,-2234.0,9155.0
271,-2207.0,9271.0
272,-2192.4449270618584,9331.869748104817
273,-2171.0,9421.0
274,-2140.0,9551.0
275,-2129.8807523696687,9593.076209859459
276,-2097.0,9730.0
277,-2094.713802418338,9739.795863226096
278,-2064.0,9876.0
279,-2048.73503098536,9945.6219448355
280,-2033.0,10017.0
281,-1996.0,10170.0
282,-1993.887148518238,10177.804052404406
283,-1961.0,10291.0
284,-1952.1677964652158,10317.440101350072
285,-1936.0,10358.0
286,-1922.3927203926141,10391.622253263416
287,-1898.0,10435.0
288,-1815.0,10523.0
289,-1779.0641926186663,10549.35581153422
290,-1721.1175304009746,10565.958845740735
291,-1682.0,10572.0
292,-1642.2572066016578,10579.849650707252
293,-1614.0,10588.0
294,-1483.731796642449,10638.343951865087
295,-1448.0,10654.0
296,-1418.7648900838117,10671.618201364492
297,-1414.0,10675.0
298,-1351.0,10720.0
299,-1319.586923493513,10745.719625203748
300,-1282.0,10781.0
301,-1278.3212532214377,10784.693950242556
302,-1234.7320399048372,10832.832374024338
303,-1233.0,10835.0
304,-1162.4880007062243,10937.034282864488
305,-1147.0,10962.0
306,-1120.6833557949224,11010.536940080114
307,-1106.0,11045.0
308,-1054.8689377319886,11176.794420446813
309,-1025.0,11258.0
310,-998.3110521297912,11345.218716547133
311,-989.0,11382.0
312,-953.7214058151881,11517.703322006622
313,-947.0,11544.0
314,-925.6516122026615,11629.75084878743
315,-922.0,11645.0
316,-914.0,11679.0
317,-893.5047605083249,11765.277127191828
318,-889.0,11784.0
319,-822.0,12061.0
320,-815.6790650705155,12088.07082907459
321,-803.0,12149.0
322,-787.8576053707804,12223.36154447896
323,-781.0,12258.0
324,-756.2134350887146,12389.181118311742
325,-737.0,12497.0
326,-707.674219273887,12669.920338941785
327,-707.0,12674.0
328,-687.0,12800.0
329,-681.0809178380418,12838.737454651044
330,-644.6957022701534,13080.15917500296
331,-642.0,13098.0
332,-623.0,13227.0
333,-621.8619448758279,13235.502633216296
334,-595.0,13463.0
335,-593.875680292802,13474.296047726992
336,-588.0,13537.0
337,-572.321807209459,13740.033236301484
338,-571.0,13763.0
339,-563.9669622966171,13906.21666431534
340,-558.0,14053.0
341,-555.039781046723,14156.777790448643
342,-554.0453169854609,14265.965465943755
343,-554.0,14270.0
344,-553.0,14363.0
345,-552.6640354799207,14417.231949548344
346,-555.0,14677.0
347,-557.8433432439938,14749.307799950606
348,-577.5987280059727,15003.907764185013
349,-579.0,15018.0
350,-586.9106880949028,15085.097396170666
351,-597.0,15144.0
352,-619.3532516127809,15261.767167320011
353,-634.0,15334.0
354,-660.9539211667862,15456.465959073912
355,-687.0,15569.0
356,-689.5048877036808,15579.831230233205
357,-719.0,15707.0
358,-751.2124875101647,15843.013362219692
359,-764.0,15899.0
360,-775.0,15949.0
361,-779.6463891089096,15969.832022407683
362,-800.9452541576369,16063.215998332009
363,-804.0,16077.0
364,-821.0,16158.0
365,-838.2822013227011,16245.177902909938
366,-860.0,16357.0
367,-863.3476442500281,16374.24592171878
368,-869.0,16408.0
369,-870.8464224734747,16421.679150997345
370,-879.0,16494.0
371,-880.3899872811891,16529.139774310803
372,-878.0,16579.0
373,-877.6508976378392,16582.6349625092
374,-871.0,16624.0
375,-861.965824257121,16649.015307128426
376,-847.0,16677.0
377,-832.1245435417688,16699.37420857525
378,-820.0,16711.0
379,-775.0,16741.0
380,-718.9118066756383,16759.75255499187
381,-687.8374011232424,16760.02170337688
382,-687.0,16760.0
383,-658.4888032877111,16757.72428336295
384,-638.8021897430615,16752.293411424704
385,-638.0,16752.0
386,-615.7373050222327,16741.943372265618
387,-605.0,16735.0
388,-573.0,16708.0
389,-567.8672389749664,16703.120259981883
390,-551.0306222183381,16684.77340103823
391,-534.0,16658.0
392,-517.4467669861549,16627.707798380132
393,-510.0,16614.0
394,-503.7612220174742,16603.060025433373
395,-500.0,16595.0
396,-488.2898653584087,16565.124269291176
397,-478.0,16537.0
398,-466.20216799716746,16502.947365151653
399,-464.0,16496.0
400,-448.0,16439.0
401,-447.0018274292424,16435.259935260598
402,-440.0,16408.0
403,-427.63466960567473,16344.704849674088
404,-422.0,16305.0
405,-416.4913390914081,16261.353148125516
406,-409.0,16196.0
407,-402.2309748979687,16105.056046385525
408,-397.0,16038.0
409,-395.0,16020.0
410,-383.19010681187035,15918.003166595116
411,-367.0,15787.0
412,-363.56934009728457,15762.668154699106
413,-356.1990163473619,15723.598388493117
414,-346.0,15684.0
415,-318.0,15580.0
416,-306.86321769800355,15542.921003598718
417,-258.0,15407.0
418,-203.26569231656538,15269.60487140534
419,-182.0,15217.0
420,-120.0,15069.0
421,-111.8481462378337,15049.823825394422
422,-100.0,15022.0
423,-54.0,14915.0
424,-40.26650370361481,14882.664469090345
425,10.628414164446891,14760.983780051904
426,33.0,14708.0
427,73.99952329259227,14612.273705669684
428,81.0,14596.0
429,117.36530548265476,14511.500465059115
430,130.0,14482.0
431,174.0,14379.0
432,193.27381289152513,14334.864010152029
433,225.0,14263.0
434,343.30798836734374,13993.318094087623
435,361.0,13953.0
436,418.75912732040996,13821.523809699154
437,437.0,13779.0
438,493.4938015071276,13645.573714343333
439,495.0,13642.0
440,574.628736156279,13452.272375504277
441,576.0,13449.0
442,629.0,13322.0
443,651.7183612140026,13266.964108275404
444,717.0,13108.0
445,774.5395622281194,12966.025770366716
446,793.0,12919.0
447,824.0945555476317,12839.005270987262
448,862.0,12740.0
449,912.0,12605.0
450,915.6627230860543,12594.832567396437
451,986.0,12391.0
452,994.5447906678831,12365.499974283217
453,1057.0,12173.0
454,1076.0,12110.0
455,1084.240480153809,12082.155476066526
456,1155.0,11835.0
457,1186.8347358278238,11720.649241375047
458,1204.0,11657.0
459,1235.7354809683766,11534.728513815335
460,1279.0,11363.0
461,1294.3495429303312,11302.016565434404
462,1312.0,11231.0
463,1342.9310867811257,11101.976320856927
464,1352.0,11064.0
465,1390.1260981708328,10905.626520868344
466,1400.0,10864.0
467,1445.3740546294393,10669.24212129296
468,1455.0,10628.0
469,1499.0,10442.0
470,1525.2881294557133,10329.70139997432
471,1539.0,10271.0
472,1565.8503837871965,10156.188947679015
473,1579.0,10100.0
474,1597.7925604519664,10019.719693805766
475,1619.0,9929.0
476,1687.0,9636.0
477,1693.915684863169,9606.026119099915
478,1727.0,9463.0
479,1763.207101462194,9309.968605645912
480,1776.0,9255.0
481,1840.0,8977.0
482,1843.947002208248,8959.89532218819
483,1871.504392588034,8842.66158440992
484,1897.0,8732.0
485,1930.7810060564668,8581.826212112948
486,1964.0,8434.0
487,1994.6349028545194,8298.438987581947
488,2022.9048684189097,8174.9162901645705
489,2035.0,8122.0
490,2065.1828832827678,7989.619149571646
491,2088.0,7892.0
492,2095.045092315546,7862.40310982245
493,2126.0,7733.0
494,2145.6372039669254,7648.670551835879
495,2163.0,7574.0
496,2214.0,7361.0
497,2231.0008713637712,7290.54964331414
498,2265.0,7149.0
499,2307.0,6971.0
500,2317.720930206512,6925.931957421646
501,2358.0,6758.0
502,2364.938381889238,6728.894620555782
503,2404.0,6564.0
504,2406.9205720407977,6551.626549170108
505,2441.0,6407.0
506,2455.7962233203916,6344.2717623851895
507,2484.0,6225.0
508,2501.1989899090568,6152.575986351018
509,2516.0,6090.0
510,2552.0,5934.0
511,2556.7175131876807,5912.982225179334
512,2573.0,5838.0
513,2580.8922538798647,5798.128944923139
514,2593.0,5727.0
515,2593.9617648046465,5720.481589507723
516,2604.0,5630.0
517,2605.0,5543.0
518,2604.648612990175,5537.72050700091
519,2596.8999225302878,5479.781550536756
520,2595.0,5471.0
521,2579.0,5420.0
522,2558.556525968803,5375.858253731165
523,2539.0,5340.0
524,2512.497920515366,5296.318773877712
525,2491.0,5262.0
526,2483.0,5249.0
527,2458.558878966902,5206.844111915992
528,2448.0,5186.0
529,2424.991512535364,5128.876266519369
530,2411.0,5078.0
531,2409.9095282434205,5072.958961616118
532,2400.490329859462,5013.399659780887
533,2398.0,4988.0
534,2394.950143948762,4919.004917735137
535,2395.0,4892.0
536,2398.0,4817.0
537,2401.3470340928206,4770.893966387873
538,2405.0,4738.0
539,2413.453183868778,4677.403584216783
540,2432.0,4562.0
541,2438.301884325561,4525.897687548433
542,2447.6947275908865,4480.53291348172
543,2461.0,4424.0
544,2478.0,4352.0
545,2485.0616007949193,4324.22972283966
546,2506.0,4248.0
547,2558.410179114179,4064.8749588181495
548,2563.0,4049.0
549,2592.8382874315403,3946.778084670348
550,2617.0,3864.0
551,2648.054739026157,3755.685313834112
552,2658.0,3720.0
553,2695.655351469863,3581.692831215225
554,2705.0,3547.0
555,2735.522688295945,3431.328900208685
556,2739.0,3418.0
557,2766.0,3314.0
558,2768.4076347604164,3304.5386148073994
559,2799.0,3182.0
560,2807.785011444557,3147.2229117616844
561,2830.0,3060.0
562,2837.0614915943293,3032.1623011539655
563,2876.270299119582,2876.9673357006945
564,2904.0,2768.0
565,2935.685945454502,2647.540490267155
566,2956.0,2569.0
567,2978.0,2482.0
568,2988.3987828850177,2441.7438980768366
569,3020.0,2322.0
570,3045.5763040472407,2224.1331583949163
571,3086.0,2070.0
572,3144.2382372880375,1850.6215124842245
573,3146.0,1844.0
574,3185.2301381475872,1697.0135221162177
575,3219.6744906177805,1558.5849784002146
576,3221.0,1553.0
577,3300.0,1211.0
578,3302.5623113967417,1199.4800625194162
579,3330.905002336206,1063.1917785512082
580,3348.0,957.0
581,3349.5132789874556,946.910850941491
582,3362.0,861.0
1,3382.0,681.0
2,3388.6658053042793,586.7706489527548
3,3393.0,205.0
4,3391.106983467998,158.39917878534104
5,3383.0,22.0
6,3380.856412208311,-7.67756955810782
7,3371.0,-126.0
8,3363.197733106074,-205.73340117238297
9,3348.2300266245115,-340.04140343726255
10,3338.0,-427.0
11,3328.3971690094304,-506.7035424635824
12,3328.0,-510.0
13,3304.0,-716.0
14,3297.0310936001415,-784.3789990791015
15,3287.0,-904.0
16,3284.8131765744884,-938.1582336056422
17,3282.0,-999.0
18,3281.7244259727518,-1094.8744274181292
19,3284.0,-1148.0
20,3287.838721644235,-1195.5543316469063
21,3288.0,-1197.0
22,3300.5268689519635,-1270.701476329575
23,3314.0,-1323.0
24,3351.0,-1410.0
25,3356.2442551032236,-1418.4690583281263
26,3431.0,-1520.0
27,3484.1915612393136,-1574.3271568176954
28,3548.061413537099,-1619.6664317764942
29,3559.0,-1627.0
30,3590.3604409788195,-1647.3175197048072
31,3628.0,-1669.0
32,3632.6854223041005,-1671.5794063080202
33,3713.0,-1715.0
34,3737.1283770283717,-1728.4255457247057
35,3780.584578797808,-1754.1468295409725
36,3795.0,-1764.0
37,3808.0,-1774.0
38,3816.85049572898,-1781.9488661028113
39,3871.0,-1846.0
40,3884.5254874715474,-1870.8092973126627
41,3890.138964647676,-1903.4238356845103
42,3888.0,-1940.0
43,3886.026358507319,-1968.0794562580418
44,3878.7131675117116,-2009.8942543105386
45,3873.0,-2028.0
46,3851.0,-2085.0
47,3839.519509769777,-2111.109592951406
48,3829.0,-2128.0
49,3811.55345509265,-2152.7582378340603
50,3787.0,-2182.0
51,3759.282476845298,-2206.92759419028
52,3742.0,-2219.0
53,3705.61407746248,-2238.473018075113
54,3700.0,-2241.0
55,3639.0,-2259.0
56,3578.061433998369,-2267.410484760315
57,3556.0,-2270.0
58,3485.847102863611,-2275.455922153493
59,3436.345941555619,-2274.042150932965
60,3435.0,-2274.0
61,3374.0,-2272.0
62,3278.5080968160355,-2265.316168114916
63,3276.0,-2265.0
64,3137.0,-2244.0
65,3099.563738401196,-2237.2078495682636
66,2943.330268995323,-2194.4126279614916
67,2942.0,-2194.0
68,2820.8179738282442,-2156.0941090284045
69,2782.0,-2143.0
70,2641.10722572655,-2093.913529827524
71,2588.0,-2075.0
72,2547.1666346033376,-2059.8871125362643
73,2514.0,-2046.0
74,2430.7647855463706,-2010.230574989092
75,2376.0,-1983.0
76,2282.0858864131437,-1931.05354521873
77,2140.0,-1847.0
78,2130.8262871576153,-1841.4749424832396
79,2079.666360522571,-1809.5798109356506
80,2022.0,-1769.0
81,1988.474453941696,-1745.5306458279974
82,1861.0,-1656.0
83,1850.839438929561,-1648.76234998588
84,1769.7816386880613,-1589.0918097119402
85,1732.0,-1560.0
86,1604.4628582268203,-1460.2351924517588
87,1527.0,-1399.0
88,1485.482642523029,-1365.8992600083275
89,1342.0,-1250.0
90,1320.6999038680715,-1232.9228075685714
91,1182.0,-1121.0
92,1150.5460358305754,-1095.066593159484
93,1045.0,-1007.0
94,971.796104126139,-943.8602311454438
95,949.9794625993886,-920.4652735633092
96,927.0,-895.0
97,910.5559726508357,-876.9000495737437
98,891.0,-855.0
99,839.0,-789.0
100,822.304921235972,-764.617693039141
101,785.0,-703.0
102,770.1963821099914,-672.915950376274
103,762.0,-650.0
104,745.8319222542075,-566.2641242075272
105,742.0,-530.0
106,743.7259623067923,-477.37518478902007
107,752.0,-425.0
108,754.1639115032739,-408.01996619067637
109,764.7949567027641,-313.6458546132804
110,769.0,-272.0
111,772.2227863958726,-233.630240626501
112,769.691666882089,-192.31915417292691
113,766.0,-167.0
114,743.4709820268724,-36.269969093501345
115,735.0,0.0
116,709.0353934249733,73.0322107797148
117,678.0,127.0
118,644.6814057659099,176.9748992459435
119,606.8212400081231,227.9289402227644
120,606.0,229.0
121,551.0,299.0
122,507.35898490108406,353.19236372625426
123,480.0,387.0
124,453.654399280361,419.6031400285861
125,413.0,470.0
126,363.0,532.0
127,344.86026290010426,554.2924914653909
128,287.2400060161303,624.5508855389111
129,272.0,643.0
130,232.15869612274832,690.9239717139108
131,165.0,767.0
132,120.35449988309378,814.5097108698668
133,45.0,892.0
134,-24.27580307506176,958.0367905242136
135,-75.97807139019996,1000.6955232007663
136,-108.0,1027.0
137,-179.0,1085.0
138,-224.25940125321398,1121.0756503681118
139,-368.5852614857216,1234.8831308199206
140,-370.0,1236.0
141,-456.1060980968732,1304.8927445639558
142,-496.0,1341.0
143,-539.0860388350385,1380.9640044284429
144,-612.0,1456.0
145,-639.9085696149436,1490.3704156347785
146,-701.0,1577.0
147,-732.2445665628541,1626.955981164414
148,-774.0,1716.0
149,-789.902008580786,1756.210415738151
150,-880.0,2007.0
151,-923.2214967257186,2143.8007832104095
152,-928.0,2218.0
153,-936.8284133912093,2318.9842731472386
154,-939.0,2349.0
155,-942.8186000990283,2424.839941526345
156,-944.1835527616327,2526.753754470118
157,-944.0,2571.0
158,-942.0,2690.0
159,-940.9220004890161,2732.4942746580937
160,-934.7301809098057,2912.6105659982095
161,-933.0,2957.0
162,-930.434334725794,3019.908250213055
163,-927.0,3084.0
164,-913.2146442853536,3283.576790916286
165,-912.0,3303.0
166,-913.0,3430.0
167,-915.1101782112428,3459.338783443247
168,-927.0,3580.0
169,-933.2048829502105,3615.0550296313695
170,-942.0,3654.0
171,-966.6328726523255,3734.0303943232293
172,-975.0,3756.0
173,-1004.154012238483,3814.0892930474142
174,-1013.0,3828.0
175,-1040.2044304154153,3865.7322266635447
176,-1077.0,3906.0
177,-1091.7782439024193,3918.2135644772015
178,-1118.0,3936.0
179,-1158.7228754289858,3959.637612002616
180,-1222.0,3977.0
181,-1296.0,3984.0
182,-1309.621790505256,3984.792861433567
183,-1350.266285396059,3983.950026698607
184,-1376.0,3981.0
185,-1400.1414272103998,3978.6673766136005
186,-1421.0,3977.0
187,-1505.3030501194103,3971.7829260064905
188,-1536.0,3970.0
189,-1536.5445190628948,3969.878400926763
190,-1476.0,3973.0
191,-1488.3829274420648,3972.315308329109
192,-1543.0,3970.0
193,-1600.0,3971.0
194,-1635.8130711405959,3974.198424971322
195,-1689.0,3983.0
196,-1695.6984243733857,3984.5261296538542
197,-1748.0,4000.0
198,-1783.2075903961577,4014.6378521739243
199,-1813.0,4030.0
200,-1872.7127443466509,4068.4384348644867
201,-1910.0,4097.0
202,-1952.3408984536595,4135.064517540391
203,-1993.0,4179.0
204,-2064.0,4268.0
205,-2084.041302334625,4297.77326199827
206,-2142.328820447066,4405.811920262939
207,-2169.0,4463.0
208,-2175.4456988028674,4477.504895090585
209,-2221.876284482032,4614.214938773508
210,-2225.0,4626.0
211,-2236.0,4669.0
212,-2258.0,4769.0
213,-2275.0124922689033,4865.274340101571
214,-2294.783449824277,4997.477867714493
215,-2295.0,4999.0
216,-2301.6590997599187,5050.192526622759
217,-2303.0,5062.0
218,-2307.0,5098.0
219,-2328.0,5271.0
220,-2330.724141237245,5293.778372531082
221,-2342.5859706911247,5397.102161560482
222,-2347.0,5439.0
223,-2355.591368802953,5528.926252615312
224,-2357.0,5545.0
225,-2375.0,5734.0
226,-2376.7047728246,5745.042528015913
227,-2377.0,5747.0
228,-2390.9279945236235,5912.519782023403
229,-2393.0,5942.0
230,-2402.0,6056.0
231,-2410.707971222783,6177.041876167468
232,-2424.0,6375.0
233,-2426.6000531138707,6415.577093236934
234,-2430.6785519054815,6490.274184804371
235,-2433.0,6539.0
236,-2434.7265692765986,6574.861786211285
237,-2440.6135762351246,6700.856474374229
238,-2442.0,6735.0
239,-2446.639516105032,6886.173415418017
240,-2447.0,6904.0
241,-2448.6865043951384,7042.93045218735
242,-2449.0,7074.0
243,-2449.0,7262.0
244,-2443.0,7468.0
245,-2441.708492657385,7508.287351582599
246,-2430.3687771330206,7737.034504398111
247,-2429.0,7756.0
248,-2414.0,7950.0
249,-2410.2594499308025,7992.242901920686
250,-2379.0,8290.0
251,-2374.5694984144798,8329.973611808127
252,-2344.426043446808,8554.53275756135
253,-2337.0,8601.0
254,-2293.8751202981975,8860.046884726024
255,-2293.0,8865.0
256,-2261.579585559126,9030.065388920999
257,-2229.006809194768,9176.520818353629
258,-2223.0,9203.0
259,-2162.0468982757156,9459.690974231216
260,-2161.0,9464.0
261,-2102.9182706725596,9703.179004703277
262,-2102.0,9707.0
263,-2080.857353148336,9797.428831406447
264,-2071.4158925592837,9842.865360514077
265,-2069.0,9854.0
266,-2048.0,9949.0
267,-2031.1969213032064,10023.355741153933
268,-2026.0,10046.0
269,-1993.8611996300447,10179.211851416454
270,-1986.0,10207.0
271,-1963.3638641143395,10276.926087721893
272,-1954.0,10310.0
273,-1952.0,10318.0
274,-1923.387117310245,10392.752891993183
275,-1896.0,10439.0
276,-1858.294859487774,10486.79414634866
277,-1853.0,10492.0
278,-1799.0,10533.0
279,-1771.375877490522,10547.181586916153
280,-1725.0554979008184,10561.783510468063
281,-1674.0,10574.0
282,-1607.013643271694,10589.734189488196
283,-1606.0,10590.0
284,-1547.0,10608.0
285,-1541.6776406803071,10609.953128540663
286,-1483.0,10636.0
287,-1418.0,10672.0
288,-1411.2367016979822,10676.238163460217
289,-1320.0,10745.0
290,-1283.1574344999437,10778.089364034306
291,-1240.0,10827.0
292,-1228.077877790962,10842.573726091343
293,-1155.0,10948.0
294,-1132.1698275480417,10983.98733034996
295,-1086.3184911872097,11084.72028730619
296,-1073.0,11121.0
297,-1022.0,11266.0
298,-1000.3404754442206,11335.990530315668
299,-989.0,11380.0
300,-973.7290117918134,11439.582859451171
301,-964.0,11478.0
302,-908.0,11705.0
303,-905.1503903179986,11716.672981023992
304,-847.0,11956.0
305,-838.9913706552998,11988.819649188248
306,-826.7819024429157,12039.355174193415
307,-818.0,12080.0
308,-661.0,12966.0
309,-656.312184616931,12995.615077539289
310,-648.4789849055092,13048.598117617983
311,-644.0,13080.0
312,-630.9924065783741,13172.184646103973
313,-618.0,13268.0
314,-614.5182766570416,13294.900441272457
315,-597.0,13443.0
316,-591.1415334288951,13500.008066963288
317,-584.0,13577.0
318,-578.1209703979284,13649.26276247701
319,-571.0,13756.0
320,-568.6952787147102,13798.909984098065
321,-565.0,13877.0
322,-560.221836754396,13981.93939594816
323,-559.0,14015.0
324,-556.1464098788878,14135.736045036592
325,-555.0,14198.0
326,-552.0685517215444,14377.798383549356
327,-552.0,14399.0
328,-552.7033506043366,14544.732015219033
329,-554.0,14648.0
330,-555.5194942874967,14722.637545019425
331,-565.0,14882.0
332,-567.5125896723966,14909.825359906612
333,-576.0,14992.0
334,-582.1433014822599,15040.781941410305
335,-617.9058999898093,15256.903204381715
336,-634.0,15337.0
337,-680.2445470855829,15541.768579326059
338,-702.0,15634.0
339,-719.0070574187524,15705.95097618122
340,-738.6551397469857,15788.709688317778
341,-765.0,15903.0
342,-767.3359570849434,15913.356589691684
343,-791.0,16019.0
344,-796.133395662032,16041.77558993148
345,-820.0,16149.0
346,-842.3720685964654,16259.696658050425
347,-851.0,16304.0
348,-863.0652345059689,16368.069661477968
349,-869.0,16409.0
350,-876.6513555422317,16477.550410642227
351,-880.0,16524.0
352,-879.7624391086551,16567.725541753975
353,-874.0,16608.0
354,-873.2710958341988,16611.500450637996
355,-855.0,16665.0
356,-837.7700498890886,16690.56455113395
357,-817.0,16714.0
358,-805.4777576948848,16724.20195434073
359,-778.0,16740.0
360,-760.714620098461,16747.188167657652
361,-725.0,16758.0
362,-680.0,16760.0
363,-676.2673422098621,16759.44451337465
364,-634.933095193924,16749.728332027033
365,-626.0,16747.0
366,-602.9499773397727,16734.349755676747
367,-599.0,16731.0
368,-566.0,16701.0
369,-554.7685805127842,16688.046850835755
370,-538.0,16664.0
371,-528.0,16647.0
372,-514.2443410760303,16622.112741297
373,-505.0,16604.0
374,-497.8874910550643,16588.46436192857
375,-487.0,16561.0
376,-483.6108154139339,16552.064584935393
377,-463.4884388308094,16493.48406114816
378,-459.0,16478.0
379,-448.21354819281294,16437.84490873766
380,-442.0,16413.0
381,-436.5695078160343,16390.00154661205
382,-427.0,16340.0
383,-422.71986163474224,16311.183166250503
384,-413.0,16236.0
385,-407.470980286286,16178.887187318169
386,-405.0,16147.0
387,-399.1430864947715,16074.490704504835
388,-389.0,15952.0
389,-386.9563650423139,15928.036737775243
390,-380.15582132953745,15869.082114675226
391,-380.0,15868.0
392,-363.0,15762.0
393,-357.3583474035295,15733.313450343356
394,-329.0,15618.0
395,-307.6604626881235,15549.192260633044
396,-304.0,15538.0
397,-273.0,15447.0
398,-230.0,15334.0
399,-226.9010848894192,15326.169497594732
400,-196.0,15250.0
401,-105.0,15034.0
402,-95.49581285747946,15011.7364198314
403,-44.0,14892.0
404,-36.09410191065781,14872.929251366444
405,6.0,14771.0
406,33.17084989625993,14707.055029575418
407,80.0,14599.0
408,151.59310444905174,14432.99889613132
409,183.0,14360.0
410,199.93427457452998,14320.48671661453
411,227.0,14258.0
412,260.79633118019444,14181.409012328377
413,301.0,14090.0
414,337.74327810180506,14004.982094637042
415,352.0,13972.0
416,469.0,13703.0
417,486.6899308243183,13662.081138820946
418,511.44793300321044,13603.64653733997
419,538.2751983723937,13539.713327032847
420,539.0,13538.0
421,586.0,13427.0
422,631.3048611399246,13318.167737051488
423,656.0,13258.0
424,707.105386333867,13132.184547756937
425,771.1483676792981,12973.120389241445
426,772.0,12971.0
427,811.9865558840135,12871.201542488969
428,847.0,12781.0
429,851.4467487051171,12769.251422628358
430,906.924918695346,12618.782219884606
431,913.0,12602.0
432,982.0,12405.0
433,1007.0,12328.0
434,1011.2200972417468,12314.916551882578
435,1051.0,12189.0
436,1080.0445530151483,12092.490540834511
437,1164.387685677054,11805.122441176782
438,1165.0,11803.0
439,1216.0,11611.0
440,1247.6525674276124,11486.984997187496
441,1294.0,11305.0
442,1307.7780321839484,11249.486024445501
443,1326.0,11174.0
444,1366.5848604274645,11002.696222408718
445,1380.0,10946.0
446,1413.3762345733635,10806.773507903396
447,1423.0,10766.0
448,1443.6047135008735,10677.709116614707
449,1503.0004120736262,10422.283131476117
450,1504.0,10418.0
451,1552.4544610455466,10211.121143416953
452,1590.0,10051.0
453,1603.9958786491966,9990.988489532469
454,1637.0,9850.0
455,1639.8554908357742,9837.978582576023
456,1669.0,9715.0
457,1700.0,9580.0
458,1726.5307282146987,9465.678381164344
459,1747.0,9378.0
460,1773.7826947788253,9263.074785089942
461,1810.0,9107.0
462,1844.5370141976186,8957.333360479664
463,1857.0,8904.0
464,1869.0,8853.0
465,1877.4050738237074,8816.805268267728
466,1958.087634552058,8461.19019865909
467,1962.0,8444.0
468,1972.5394934611945,8398.711234076844
469,1982.0,8358.0
470,1992.4925455933762,8312.092666245255
471,2040.5584707485975,8100.423515788005
472,2078.0,7935.0
473,2093.0009506326237,7868.412745351605
474,2115.7063063212036,7770.697333806421
475,2132.0,7703.0
476,2182.4636572378968,7494.169681124159
477,2190.0,7463.0
478,2220.601381432384,7336.39092692526
479,2233.56800535867,7282.154024407861
480,2264.0,7154.0
481,2321.0,6914.0
482,2326.357542554206,6891.411252447012
483,2356.6445175960926,6763.242045522713
484,2382.0,6657.0
485,2388.715718220272,6629.322695152992
486,2422.5451817151225,6489.069395641208
487,2427.0,6470.0
488,2446.0,6387.0
489,2460.103443065966,6326.468730237129
490,2476.0,6259.0
491,2493.740066112261,6183.374844683822
492,2550.6820359995504,5939.3047306595345
493,2554.0,5925.0
494,2565.673978012771,5874.135547806587
495,2572.0,5842.0
496,2585.496267725731,5771.227779115355
497,2594.0,5723.0
498,2603.117330527479,5646.762191523604
499,2604.0,5619.0
500,2603.6487761511753,5543.890259852715
501,2603.0,5523.0
502,2585.42000452154,5445.163452695826
503,2585.0,5444.0
504,2570.0,5403.0
505,2546.1408279539896,5352.9361775731895
506,2538.0,5338.0
507,2448.647390457281,5186.2061987788575
508,2448.0,5185.0
509,2423.3741423559736,5127.928951556986
510,2418.0,5109.0
511,2403.0,5041.0
512,2400.8797775139265,5027.105499786738
513,2396.0,4968.0
514,2395.4088240057545,4916.545199515559
515,2400.0,4784.0
516,2409.518714974835,4693.015578328849
517,2419.0,4635.0
518,2436.0,4537.0
519,2440.343871102619,4515.685905115968
520,2541.3243059353713,4123.539240232909
521,2544.0,4114.0
522,2559.213951806142,4061.596438531758
523,2574.0,4012.0
524,2605.1777431828414,3905.962747808326
525,2645.4667267945297,3766.8700057280394
526,2646.0,3765.0
527,2693.6143459413224,3592.1864571461015
528,2700.0,3568.0
529,2725.687282752535,3468.9440462143066
530,2743.0,3402.0
531,2766.441972765305,3311.858240593615
532,2770.0,3298.0
533,2800.0,3179.0
534,2818.9273123901166,3104.5602443579214
535,2876.0,2881.0
536,2882.6611098797366,2854.3843720606437
537,2893.0,2812.0
538,2918.0139682108725,2714.9981017369987
539,2940.0,2630.0
540,2958.355686308323,2558.7714904905756
541,2977.0,2487.0
542,3015.0,2344.0
543,3025.4688933648818,2304.3751687690997
544,3060.744495275959,2169.3352884728533
545,3076.0,2111.0
546,3098.308794602046,2025.9401600754036
547,3103.0,2008.0
548,3134.0,1889.0
549,3150.8321423868247,1824.9372957612245
550,3198.866941116555,1638.5427958895245
551,3200.0,1634.0
552,3261.873175849821,1382.1812911879254
553,3267.0,1361.0
554,3284.0,1284.0
555,3294.782475580193,1232.3022497756178
556,3320.4301024022893,1107.4997745004418
557,3324.0,1089.0
558,3354.0,914.0
1,3385.5476548939873,627.362952522674
2,3388.0,591.0
3,3396.0,359.0
4,3395.9724672609614,329.81583186551893
5,3393.0,208.0
6,3392.3224664282166,192.68834592297236
7,3372.029675734366,-108.47577288034125
8,3369.0,-145.0
9,3353.0,-297.0
10,3343.9518669278955,-374.13315705145135
11,3331.0,-483.0
12,3323.872446637957,-541.5916311667227
13,3301.0,-743.0
14,3286.0,-910.0
15,3284.9359152700285,-923.0738542806057
16,3280.9762197777973,-1044.9459243788979
17,3281.0,-1047.0
18,3284.0,-1150.0
19,3291.636900158846,-1210.6067578353714
20,3446.9140377513995,-1529.561454406662
21,3485.0,-1570.0
22,3544.495387235611,-1617.6353226915007
23,3597.0,-1651.0
24,3613.246657266272,-1660.6469503771336
25,3696.1105017609216,-1706.2897237746513
26,3703.0,-1710.0
27,3755.1742324266143,-1738.52029212967
28,3756.0,-1739.0
29,3801.0,-1768.0
30,3837.901480303915,-1799.6085436372093
31,3842.0,-1804.0
32,3868.0,-1840.0
33,3879.477755451605,-1863.07304532531
34,3888.0,-1908.0
35,3884.0,-1980.0
36,3883.440223476798,-1985.094536031178
37,3867.2147634169037,-2046.0253063746256
38,3864.0,-2054.0
39,3846.0,-2097.0
40,3842.595895799112,-2104.1991727482246
41,3820.0,-2142.0
42,3781.0,-2188.0
43,3778.459057756432,-2190.8253351206495
44,3741.2335556410208,-2224.777550666281
45,3702.0,-2240.0
46,3627.0,-2262.0
47,3601.8901678559946,-2267.9754002076365
48,3554.0,-2271.0
49,3543.4109641403647,-2271.3988653852703
50,3469.4776096379355,-2273.9797517024485
51,3468.0,-2274.0
52,3411.4227855290683,-2273.3760818404553
53,3383.0,-2272.0
54,3256.6956835465685,-2262.28462167172
55,3224.0,-2259.0
56,3185.5790629550906,-2254.2498634930253
57,3108.0,-2238.0
58,3101.687653101326,-2236.5312988193286
59,3034.0,-2220.0
60,2873.9639710462766,-2173.302502627833
61,2838.0,-2162.0
62,2756.213406770912,-2134.8128171913713
63,2745.0,-2131.0
64,2633.0,-2092.0
65,2572.107566109398,-2068.8245354345336
66,2570.0,-2068.0
67,2487.3941413891985,-2034.604519077548
68,2432.0,-2010.0
69,2336.0,-1962.0
70,2295.9081196785537,-1940.3468569610634
71,2212.156108816559,-1892.0973591498218
72,2189.0,-1878.0
73,2115.0,-1831.0
74,2106.569437491789,-1825.5235054018776
75,1998.0,-1753.0
76,1977.864898263937,-1739.086570384498
77,1862.4923124634677,-1657.0761682771185
78,1839.0,-1640.0
79,1778.8484936424272,-1595.61800431059
80,1700.0,-1536.0
81,1602.9811630413426,-1460.8933073990222
82,1528.0,-1401.0
83,1408.9211150462531,-1304.001217262633
84,1377.0,-1278.0
85,1146.14524205746,-1091.5732486370998
86,1126.0,-1075.0
87,1074.956494589685,-1032.3818761876942
88,1000.0,-966.0
89,976.5183627665778,-943.7088186827564
90,904.0,-870.0
91,857.003549740823,-813.3305077780188
92,856.0,-812.0
93,797.9447206873899,-727.1464007232524
94,793.0,-719.0
95,766.0,-662.0
96,753.2964776882465,-606.5752093965538
97,742.0,-531.0
98,740.2269609608032,-514.67824173408
99,744.4379351791678,-462.78498351318575
100,751.0,-432.0
101,760.0,-371.0
102,764.9893235755095,-328.19982505415214
103,767.0,-305.0
104,769.5498974936444,-239.5322953348378
105,769.0,-215.0
106,766.4704324321367,-177.4073983584589
107,763.0,-144.0
108,749.0,-56.0
109,747.5214777350038,-49.70265434082089
110,574.0,269.0
111,563.0422582770947,283.4403372681449
112,484.1954667253667,382.0931268830662
113,450.0,424.0
114,330.86105781799563,570.2309795334846
115,323.0,580.0
116,302.0,606.0
117,237.7452421425889,682.2143971048598
118,162.0,770.0
119,83.35381006345108,855.998589059389
120,38.0,898.0
121,6.6037876089843515,926.7059854771783
122,-62.0,988.0
123,-108.77534366537223,1027.6650443666856
124,-120.0,1037.0
125,-280.0,1165.0
126,-288.1707897901065,1171.3308094910385
127,-404.0,1263.0
128,-415.5931185112513,1272.8434423416638
129,-538.2468448483402,1380.7470346380658
130,-563.0,1403.0
131,-614.6065451352833,1455.5647531214802
132,-626.0,1472.0
133,-711.7449432173901,1607.9917355546306
134,-781.0,1731.0
135,-800.8194291159184,1773.591964498447
136,-829.0,1852.0
137,-844.1153321471706,1895.1172954760498
138,-875.0,1987.0
139,-901.6888807684907,2079.3775282592637
140,-909.0,2110.0
141,-936.3795528773821,2307.8056071609058
142,-941.0,2384.0
143,-942.5474180268175,2425.2809631964055
144,-944.0,2502.0
145,-944.2786866901511,2572.165698146991
146,-944.0,2619.0
147,-941.0,2767.0
148,-939.5252275311439,2808.6678818312234
149,-935.0,2916.0
150,-930.0,3035.0
151,-929.3829582578128,3046.8326513426628
152,-916.1579706130797,3243.547716657439
153,-916.0,3246.0
154,-911.8985635221702,3388.8572473971435
155,-912.0,3392.0
156,-921.0,3534.0
157,-923.8320062765746,3561.994704482002
158,-939.147698036777,3655.1385175915902
159,-971.5404583747844,3743.897149710522
160,-972.0,3745.0
161,-1004.5914196233516,3813.0054006226824
162,-1025.0,3844.0
163,-1037.0,3860.0
164,-1067.5119276901994,3894.071149507324
165,-1078.0,3904.0
166,-1106.665118686016,3927.1793430826046
167,-1166.0,3960.0
168,-1181.596290596539,3965.8580455233096
169,-1225.9563375423998,3977.7820528958537
170,-1227.0,3978.0
171,-1265.8571944620871,3983.5226069494547
172,-1295.0,3984.0
173,-1368.0,3981.0
174,-1379.7405296103661,3980.3475760164392
175,-1410.0503685086906,3977.961280999901
176,-1425.0,3977.0
177,-1572.8629936429272,3970.0355372770905
178,-1574.0,3970.0
179,-1647.4148708087364,3971.845444332136
180,-1678.0,3980.0
181,-1731.3379401150014,3999.6339376574947
182,-1849.5136841792792,4053.5759080410658
183,-1856.0,4057.0
184,-1909.0,4096.0
185,-1924.2828780455427,4109.906529308779
186,-1964.0,4148.0
187,-1999.5728228786652,4186.719858989417
188,-2044.1259375633317,4242.2284925058675
189,-2055.0,4257.0
190,-2091.0,4311.0
191,-2109.0442674093756,4341.0604932038195
192,-2129.0,4377.0
193,-2167.0,4458.0
194,-2177.647223860852,4484.296255336572
195,-2212.0,4584.0
196,-2223.09365853631,4622.361612539903
197,-2242.0,4697.0
198,-2243.9787031732467,4705.478185790981
199,-2265.0,4806.0
200,-2270.73251668391,4837.948349919848
201,-2287.0,4942.0
202,-2288.1844188982736,4950.280499876108
203,-2301.6818787879492,5050.702020247934
204,-2302.0,5053.0
205,-2307.0,5089.0
206,-2323.0,5222.0
207,-2334.2110478610216,5318.9255818984675
208,-2340.0,5372.0
209,-2354.0,5513.0
210,-2360.4314313042805,5574.897794551286
211,-2376.0,5737.0
212,-2377.0,5751.0
213,-2382.2538769170483,5818.264902972745
214,-2394.494564138212,5954.571851600743
215,-2398.0,5998.0
216,-2407.0,6124.0
217,-2408.800913964412,6149.538135423936
218,-2420.0,6311.0
219,-2427.0,6428.0
220,-2427.666065450784,6439.455526080416
221,-2435.0,6575.0
222,-2437.1347537351876,6624.0828079907205
223,-2444.0,6815.0
224,-2444.9025072979325,6843.1147982146285
225,-2448.1126747309477,6965.043512404919
226,-2449.0,7044.0
227,-2449.223935935572,7133.563213630005
228,-2449.0,7184.0
229,-2448.099675099978,7261.441083910764
230,-2446.0,7372.0
231,-2443.7727276963396,7469.670292081971
232,-2440.0,7562.0
233,-2428.0,7770.0
234,-2422.789286617941,7842.892516308958
235,-2418.0,7899.0
236,-2416.1329858124036,7922.277050002478
237,-2403.0,8077.0
238,-2392.077398927444,8180.393946988612
239,-2369.3936359305326,8370.127961052725
240,-2357.0,8468.0
241,-2342.514874422451,8572.079673519358
242,-2330.0,8649.0
243,-2301.3960541478446,8815.587547517494
244,-2290.0,8880.0
245,-2261.0,9029.0
246,-2256.4327617412378,9050.004574197797
247,-2205.0,9278.0
248,-2163.584023989918,9455.738989304664
249,-2137.0,9561.0
250,-2106.0,9690.0
251,-2103.1646086962637,9702.197909734088
252,-2086.0,9778.0
253,-2028.6710196588924,10034.04414830504
254,-2028.0,10037.0
255,-1992.5068074322146,10186.021932855836
256,-1979.0,10232.0
257,-1937.481464686839,10346.84867018029
258,-1912.695402630383,10406.84493868429
259,-1907.0,10420.0
260,-1887.5034343087852,10461.07479743378
261,-1849.918916614121,10496.341086274053
262,-1849.0,10497.0
263,-1771.631283509012,10544.957468789798
264,-1756.0,10553.0
265,-1695.358366685755,10571.015504066074
266,-1667.0,10576.0
267,-1613.0,10588.0
268,-1582.370765805365,10596.536540872316
269,-1551.0,10607.0
270,-1474.8454333507966,10640.516155384028
271,-1461.0,10648.0
272,-1422.8272757591008,10670.561615760396
273,-1397.0,10687.0
274,-1382.5726722789095,10697.572517963628
275,-1382.0,10698.0
276,-1302.1213887626743,10761.918072187307
277,-1301.0,10763.0
278,-1240.5950885253424,10827.334519280887
279,-1233.0,10836.0
280,-1187.2927752301675,10894.73898707464
281,-1159.0,10943.0
282,-1155.796161113818,10948.670613813993
283,-1122.0,11011.0
284,-1091.0,11077.0
285,-1084.3753803939012,11092.650886050502
286,-1044.0,11202.0
287,-1016.0,11288.0
288,-1002.2788122464884,11334.55276510488
289,-968.0,11461.0
290,-944.6077278710372,11555.160688089874
291,-936.0,11591.0
292,-904.3252888956006,11721.424230848026
293,-895.0,11759.0
294,-880.9323263364985,11814.799584800554
295,-866.0,11875.0
296,-844.0,11969.0
297,-835.8736695999821,12003.252336811855
298,-821.0,12066.0
299,-805.2261922744822,12137.022380924482
300,-787.0,12228.0
301,-756.0,12393.0
302,-753.8562328929631,12404.6342041178
303,-734.3764376633894,12511.845796614736
304,-716.5674455992423,12614.454625381364
305,-709.0,12660.0
306,-676.3612202896401,12866.560604866661
307,-659.0,12979.0
308,-655.9810187390033,12998.532661017249
309,-642.9039128969919,13084.75450344067
310,-638.0,13120.0
311,-621.0,13249.0
312,-613.6120507385021,13307.038236214921
313,-596.0,13453.0
314,-580.241107803303,13626.544407902116
315,-580.0,13630.0
316,-566.0,13854.0
317,-563.4569229879903,13900.279895217416
318,-554.0215422715164,14234.576844945783
319,-554.0,14236.0
320,-553.0,14313.0
321,-552.9283335284189,14418.0477145587
322,-554.9461874429808,14660.436730208208
323,-555.0,14663.0
324,-563.5783268156187,14853.75219498597
325,-567.0,14897.0
326,-580.0,15022.0
327,-594.5615789589679,15117.797189769408
328,-627.0807362040816,15295.592224476544
329,-641.0,15367.0
330,-662.9888738927573,15467.750619103908
331,-676.0,15523.0
332,-692.3828064963252,15593.596402360366
333,-712.0,15678.0
334,-737.837856332723,15787.51113187305
335,-749.0,15835.0
336,-780.5565504584843,15972.4690063384
337,-789.0,16010.0
338,-811.0,16109.0
339,-818.3405223223564,16142.39551913559
340,-830.0,16198.0
341,-834.1541935352827,16218.900814876564
342,-859.7569071651166,16353.02961059275
343,-862.0,16365.0
344,-873.2819888708539,16433.76000630749
345,-874.0,16440.0
346,-880.0,16501.0
347,-881.1476658796801,16525.50872594822
348,-880.0,16568.0
349,-871.0,16624.0
350,-867.5623027527572,16637.19736256233
351,-854.0,16668.0
352,-796.0,16729.0
353,-793.087282961802,16731.40996932664
354,-741.0,16754.0
355,-730.5655680969967,16756.478986358172
356,-718.0,16759.0
357,-675.0,16760.0
358,-660.3098534325907,16758.27949430558
359,-633.0,16749.0
360,-605.3252540195875,16732.844640098156
361,-583.0,16718.0
362,-563.2861455912418,16701.113515176574
363,-554.2440256150136,16687.358549738055
364,-554.0,16687.0
365,-537.5962927640304,16663.31350121348
366,-524.0,16642.0
367,-509.71860287658916,16614.076690712052
368,-507.0,16608.0
369,-478.0,16539.0
370,-473.2669124559902,16528.274321620058
371,-471.0,16520.0
372,-439.82660855544214,16400.501535548727
373,-433.0,16373.0
374,-429.17046076611075,16356.394318777548
375,-426.2185000856393,16336.482854786047
376,-425.0,16327.0
377,-413.3730456767446,16235.027912974265
378,-409.0,16194.0
379,-396.92349878882305,16045.094337857248
380,-394.0,16007.0
381,-387.19379879815926,15928.081427322915
382,-380.0,15870.0
383,-377.832647859155,15854.44001663612
384,-367.0,15785.0
385,-346.0,15685.0
386,-338.9029179266163,15656.537204317541
387,-315.7947713363213,15574.254310035047
388,-299.0,15521.0
389,-267.7421846089219,15432.005884406164
390,-241.0,15362.0
391,-230.6199647947768,15335.816178519308
392,-179.0,15211.0
393,-158.87337819805447,15162.857706449126
394,-104.0,15032.0
395,-75.30103854388639,14964.316727230316
396,-49.0,14903.0
397,-32.184877500312346,14863.032327311481
398,6.0,14772.0
399,47.0,14675.0
400,81.58711164526667,14594.563940410853
401,100.0,14552.0
402,131.7734031545598,14478.633186981533
403,189.89230052124898,14344.552313684228
404,204.0,14312.0
405,236.44278432782914,14237.118733263662
406,274.0,14151.0
407,302.44789782365336,14086.524475553078
408,346.0,13988.0
409,415.0,13829.0
410,476.4856903323546,13685.466564841849
411,536.0,13546.0
412,550.6294172698099,13511.5630267517
413,574.7714995794192,13453.54556398714
414,582.0,13436.0
415,634.0295276379201,13309.835742398336
416,686.0,13183.0
417,720.0366890343549,13099.011333123713
418,750.0,13025.0
419,797.0,12909.0
420,847.5332863631465,12779.04636674038
421,854.0,12762.0
422,909.0,12613.0
423,936.0,12537.0
424,956.6237412507289,12478.560093875663
425,989.0,12385.0
426,1028.6188624810482,12263.703112322924
427,1044.0,12215.0
428,1076.4672198657402,12109.620630153995
429,1091.0,12061.0
430,1121.8113329852024,11954.36867901775
431,1166.0,11795.0
432,1217.3239795572879,11604.574743141122
433,1218.0,11602.0
434,1264.0,11423.0
435,1280.0287485857289,11359.146745045851
436,1305.0,11258.0
437,1344.5226327050616,11094.62423954617
438,1349.0,11076.0
439,1372.721478186148,10977.226252131491
440,1381.0,10943.0
441,1389.0,10910.0
442,1440.0,10692.0
443,1467.2262422365332,10578.036184711993
444,1476.0,10541.0
445,1523.0,10338.0
446,1530.0270869971962,10307.996078071443
447,1555.0,10202.0
448,1591.23341967867,10045.906130721702
449,1638.0,9844.0
450,1651.9343186646588,9784.923488949007
451,1691.0,9621.0
452,1705.4647858550843,9558.875186928059
453,1735.0,9431.0
454,1738.2510990021506,9416.94506600691
455,1791.0,9189.0
456,1802.2280740004935,9140.114435911231
457,1823.0,9050.0
458,1868.0,8859.0
459,1876.760855689899,8821.135258857414
460,1924.0,8614.0
461,1949.4282440704137,8501.504999780429
462,1972.2228619102882,8399.893563127367
463,1983.0,8352.0
464,2027.8520971043356,8153.8154443166695
465,2037.0,8114.0
466,2077.405450306449,7940.5614836603145
467,2078.0,7938.0
468,2117.0,7769.0
469,2132.4794660957496,7702.608997322026
470,2150.0,7628.0
471,2182.8893081613664,7489.108919055156
472,2192.0,7451.0
473,2226.0,7310.0
474,2246.1501354511897,7226.302012967798
475,2315.0,6939.0
476,2328.6751115881466,6881.375137322326
477,2347.283192452984,6802.344231549162
478,2357.0,6762.0
479,2400.0,6585.0
480,2404.0865191550706,6567.912812483272
481,2478.5077093204086,6250.097465671493
482,2479.0,6248.0
483,2511.0,6113.0
484,2516.1660662930212,6090.8303652383875
485,2562.4759245463792,5888.35124009641
486,2563.0,5886.0
487,2578.602835132106,5813.960069649968
488,2589.0,5751.0
489,2593.0550178878098,5720.096742515585
490,2606.0,5570.0
491,2606.0482823380603,5552.416211410963
492,2597.123859614765,5481.250825160112
493,2590.0,5453.0
494,2585.962536113112,5439.037704981142
495,2570.380448913119,5396.293682680039
496,2548.2804740452893,5355.045096916784
497,2530.0,5325.0
498,2487.0467471311367,5256.772909384548
499,2486.0,5255.0
500,2425.973196957907,5128.646660862551
501,2419.0,5110.0
502,2407.5222436485055,5067.7131375961635
503,2404.0,5039.0
504,2402.8942661381143,5028.286433737048
505,2395.6305501247184,4933.582507353101
506,2395.0,4898.0
507,2398.0,4823.0
508,2398.44927006345,4816.395970047473
509,2404.1824486598143,4750.222375023092
510,2407.0,4722.0
511,2410.0,4694.0
512,2435.6080745410773,4540.151955623311
513,2438.0,4528.0
514,2456.1659791237685,4443.919125286008
515,2475.9901907852886,4364.004504763451
516,2482.0,4340.0
517,2512.1483625653564,4226.991408832654
518,2513.0,4224.0
519,2554.0,4082.0
520,2571.7562539829223,4020.7854188117194
521,2581.063542007583,3988.9269096075013
522,2590.0,3958.0
523,2594.4199087235,3942.6502993923223
524,2630.0,3819.0
525,2643.545378968305,3772.0453436956514
526,2668.0,3686.0
527,2670.802010575881,3675.831107228269
528,2698.0,3574.0
529,2754.0,3359.0
530,2759.8852937100182,3336.130511992206
531,2779.907198277304,3257.4925904704796
532,2791.0,3214.0
533,2831.283600300886,3057.090420773276
534,2846.0,2999.0
535,2870.0,2903.0
536,2872.876328508763,2891.520357624944
537,2900.9340584538586,2780.5734125007075
538,2916.0,2722.0
539,2957.4285009918767,2562.4990326263396
540,2975.0,2495.0
541,2999.76040449716,2399.759095847243
542,3021.528244469339,2316.4591561312563
543,3028.0,2292.0
544,3055.0,2190.0
545,3068.2566700615616,2139.471698545548
546,3110.7130033896183,1976.567271104367
547,3125.0,1922.0
548,3147.5465551402485,1836.8845089104893
549,3173.0,1741.0
550,3175.7537706764024,1730.4473955337937
551,3216.0,1573.0
552,3223.0034236489128,1544.5229684947483
553,3246.0,1449.0
554,3265.718491654237,1366.849043235761
555,3291.6094161304736,1254.48585932939
556,3307.0,1179.0
557,3345.0,973.0
1,3383.3936938352203,673.6298486981652
2,3388.0,596.0
3,3393.0044636124685,218.7698375210246
4,3393.0,203.0
5,3390.13587233823,135.20508767813098
6,3389.0,121.0
7,3363.0,-206.0
8,3353.9643044689287,-303.0046476594975
9,3340.8938069548117,-415.1763711321979
10,3323.0,-553.0
11,3314.634278047806,-625.3535953504529
12,3306.0,-701.0
13,3297.9249640431008,-767.9485749199378
14,3288.128959091272,-874.6284969595774
15,3287.0,-895.0
16,3281.0,-1074.0
17,3280.5735239329747,-1100.3259926768467
18,3287.0,-1184.0
19,3293.439850018493,-1243.9260494327143
20,3310.0,-1309.0
21,3373.0,-1447.0
22,3396.0363877135283,-1487.4946792359585
23,3459.5009584408103,-1547.5731330049555
24,3460.0,-1548.0
25,3522.0,-1600.0
26,3571.2661422620195,-1633.8962808757917
27,3611.0,-1659.0
28,3638.5168988640635,-1675.425528664417
29,3677.0,-1696.0
30,3703.1986237735646,-1709.9224227467928
31,3749.887705826395,-1735.4521645770008
32,3756.0,-1739.0
33,3794.0,-1763.0
34,3821.6946186854343,-1784.4799683394533
35,3836.0,-1798.0
36,3870.0,-1846.0
37,3873.2645440820265,-1852.584810879921
38,3884.0,-1887.0
39,3887.0,-1953.0
40,3886.8515080802517,-1962.6802358517457
41,3881.8265799160804,-1996.7434915435626
42,3876.0,-2015.0
43,3868.3210057038586,-2038.9551605389302
44,3864.0,-2052.0
45,3855.220573622969,-2076.7546541294746
46,3839.0,-2109.0
47,3819.0997904451633,-2141.627875901119
48,3801.0,-2168.0
49,3780.1207122953556,-2191.253076586362
50,3759.0,-2208.0
51,3747.0,-2217.0
52,3743.34733486913,-2219.4861321884737
53,3692.0,-2245.0
54,3681.649643560902,-2248.621389215386
55,3621.3868719674024,-2262.828913673668
56,3614.0,-2264.0
57,3540.2422770758467,-2271.0778543429533
58,3510.0,-2273.0
59,3436.055784446575,-2274.8938833610327
60,3427.0,-2274.0
61,3419.0,-2273.0
62,3239.2584347559923,-2261.1121718994345
63,3238.0,-2261.0
64,3184.3161825439065,-2254.098159493802
65,3131.0,-2243.0
66,3098.2730805192555,-2235.7062138393408
67,3021.0,-2217.0
68,2955.0,-2198.0
69,2945.287038235316,-2195.0556125870307
70,2766.5724382771805,-2138.5623705546313
71,2720.0,-2123.0
72,2558.3692262686027,-2064.146783989154
73,2502.0,-2041.0
74,2390.765368225793,-1989.8002904496657
75,2293.0,-1939.0
76,2241.446364455489,-1910.049144591377
77,2155.0,-1857.0
78,2105.285995551403,-1825.0757234320122
79,2069.0,-1801.0
80,1940.8597128398928,-1711.8299594338946
81,1737.0,-1564.0
82,1703.066428606168,-1538.773150828587
83,1618.0,-1472.0
84,1564.2683112912675,-1429.0946430026195
85,1457.4913207383588,-1343.2122064230484
86,1456.0,-1342.0
87,1337.0,-1245.0
88,1323.510731409821,-1234.1467316498995
89,1216.0,-1148.0
90,1135.2977839547282,-1082.7071090327238
91,1109.0,-1061.0
92,1038.0,-1001.0
93,999.8355400755254,-966.6701717631126
94,926.0,-893.0
95,920.686671334932,-887.2998489405305
96,878.0,-839.0
97,873.3009937521574,-833.3092203660627
98,828.0,-773.0
99,788.0,-708.0
100,778.546229455151,-689.2190400339904
101,753.2672111968258,-622.0230286604913
102,753.0,-621.0
103,743.0,-558.0
104,742.0,-528.0
105,745.2602175742943,-476.72858336673676
106,748.0,-453.0
107,761.8615814636704,-354.16216847460794
108,762.0,-353.0
109,767.7065456011732,-291.99886461598385
110,769.0,-259.0
111,767.0,-185.0
112,766.4969312531588,-177.91845337661545
113,759.0285086472925,-110.54746648984249
114,756.0,-92.0
115,741.3889445960249,-23.51166051132863
116,739.0,-14.0
117,710.0,68.0
118,693.2937908602107,98.18691569260727
119,609.0,225.0
120,569.1151041405197,277.23366457786466
121,552.0,298.0
122,517.1770940603628,340.8599494559312
123,459.0,413.0
124,417.7403358497773,464.2878947785674
125,384.0,506.0
126,330.27069803659924,571.3616771805126
127,310.0,596.0
128,243.0,677.0
129,212.63746045489648,712.108763290596
130,204.0,722.0
131,132.0,803.0
132,116.43741650518753,819.6860723019794
133,10.0,925.0
134,-9.130650553555324,942.509820798789
135,-85.0,1009.0
136,-93.8938930113963,1016.4960639328797
137,-195.8418024601215,1098.4323333824868
138,-218.0,1116.0
139,-301.0,1182.0
140,-319.3073463352541,1196.495555913854
141,-407.0,1266.0
142,-456.80365191874455,1306.3795379127848
143,-501.0,1345.0
144,-542.7674228065977,1385.359458299657
145,-666.0,1524.0
146,-694.8137937107573,1561.7947902284438
147,-758.9287176000357,1675.393173756931
148,-793.0,1760.0
149,-832.1236438505401,1866.396406927855
150,-871.0,1978.0
151,-894.9870072797485,2052.1424388299392
152,-919.7361900582289,2166.3143039203514
153,-920.0,2168.0
154,-936.0,2298.0
155,-941.0,2382.0
156,-943.3343295999732,2467.4682472274517
157,-944.0,2559.0
158,-943.983097366971,2586.3782754203944
159,-941.0,2765.0
160,-938.7412795146124,2821.6088128509473
161,-936.0,2883.0
162,-931.065646389745,3000.547538259664
163,-931.0,3002.0
164,-920.0,3192.0
165,-918.1404963468607,3215.07704302602
166,-912.0,3306.0
167,-917.175209041015,3478.008172006168
168,-920.0,3520.0
169,-926.3680256035975,3585.3363614946966
170,-937.7604184184548,3634.7912276503166
171,-947.0,3667.0
172,-957.6714667149545,3702.929321456058
173,-958.0,3704.0
174,-974.3928265445826,3752.8451341997666
175,-993.0,3789.0
176,-1034.498343538879,3851.8228910871558
177,-1057.0,3883.0
178,-1075.8630990944055,3906.25753411976
179,-1097.0,3919.0
180,-1114.034335037909,3930.4644440135357
181,-1146.0,3951.0
182,-1155.4405656269123,3956.0990773641515
183,-1210.2545639712148,3973.871592597293
184,-1211.0,3974.0
185,-1325.0,3984.0
186,-1330.440230559931,3984.2293127203966
187,-1378.0,3981.0
188,-1430.9015951228505,3976.475016026451
189,-1436.0,3976.0
190,-1465.0,3973.0
191,-1502.5155056385138,3971.7600136735114
192,-1601.0,3971.0
193,-1653.1934851944218,3974.897877899625
194,-1695.0,3984.0
195,-1755.0,4003.0
196,-1776.5468035085341,4011.91232342026
197,-1829.0,4039.0
198,-1877.0952346022868,4070.919060469865
199,-1938.0,4122.0
200,-2005.2530873991227,4193.18804306194
201,-2018.0,4208.0
202,-2036.0,4230.0
203,-2072.2770814618552,4283.236658240043
204,-2139.0,4397.0
205,-2162.661823144511,4442.585876637539
206,-2215.7500949696614,4593.904594278707
207,-2224.0,4625.0
208,-2235.22932656989,4668.829700925577
209,-2250.575453634439,4734.71454338549
210,-2255.0,4756.0
211,-2274.0,4857.0
212,-2282.4716271750976,4908.180288571056
213,-2295.0,4997.0
214,-2306.7182784922347,5088.687881699452
215,-2322.0,5213.0
216,-2341.380316370401,5382.026586000443
217,-2348.1268985770107,5449.6129774741885
218,-2351.0,5479.0
219,-2359.7271468384306,5569.954582761846
220,-2370.0,5679.0
221,-2376.049993202915,5743.766667816966
222,-2380.0,5787.0
223,-2388.2520952563777,5881.487235435583
224,-2393.0,5939.0
225,-2401.7789117041343,6052.5504234227965
226,-2407.0,6123.0
227,-2413.592801321546,6215.201500332925
228,-2416.0,6252.0
229,-2429.8274252102774,6480.930278057792
230,-2431.0,6501.0
231,-2435.2991757733566,6577.451439119377
232,-2438.0,6650.0
233,-2441.06239838053,6736.054086597618
234,-2446.9831588027573,6922.6245440261555
235,-2448.0,6969.0
236,-2449.44757940616,7089.964133551717
237,-2447.2277847039763,7312.773643826564
238,-2447.0,7326.0
239,-2445.275898212506,7401.534186966131
240,-2443.0,7468.0
241,-2441.68089587199,7504.061807141732
242,-2438.0,7595.0
243,-2429.511094969917,7751.374939087705
244,-2426.0,7802.0
245,-2414.0,7946.0
246,-2408.5009228562717,8008.015025527908
247,-2396.0,8140.0
248,-2385.741349049452,8234.661152893845
249,-2376.0,8318.0
250,-2366.0,8399.0
251,-2353.079466759059,8493.977994891313
252,-2325.0,8676.0
253,-2317.234249074107,8722.839942262357
254,-2294.435419170038,8853.592880594797
255,-2294.0,8856.0
256,-2270.0,8983.0
257,-2250.2249583833577,9078.249433672248
258,-2239.0,9130.0
259,-2198.0,9310.0
260,-2183.300893013062,9371.90704319881
261,-2155.0,9489.0
262,-2134.330329703662,9574.452164722496
263,-2097.0,9730.0
264,-2081.983429362617,9794.354230766976
265,-2055.0,9915.0
266,-2052.6221715504807,9925.769563775142
267,-2036.0,10001.0
268,-2026.1007480265507,10044.9725313339
269,-2002.2408402763258,10145.613857905575
270,-1997.0,10166.0
271,-1966.9554872383956,10271.582664266843
272,-1964.0,10281.0
273,-1943.0,10342.0
274,-1940.6185446375432,10348.037523583678
275,-1910.4643727528162,10413.098984350701
276,-1910.0,10414.0
277,-1882.0,10460.0
278,-1861.1993783632856,10482.374343273099
279,-1796.0,10534.0
280,-1762.9947416261132,10551.08815376651
281,-1735.0,10559.0
282,-1723.70643574391,10561.894703368875
283,-1660.0,10577.0
284,-1654.0465041122761,10578.342350338002
285,-1554.0,10606.0
286,-1545.916220067465,10609.259627276058
287,-1450.6945975185188,10652.66114097054
288,-1450.0,10653.0
289,-1392.5807853026722,10689.5823665572
290,-1392.0,10690.0
291,-1341.0,10727.0
292,-1335.1126081587945,10731.60073185833
293,-1265.0,10799.0
294,-1241.6726222621987,10826.734424964172
295,-1181.0,10907.0
296,-1142.2297765790536,10967.038991217672
297,-1105.0,11046.0
298,-1046.6008543553392,11191.398331755567
299,-1046.0,11193.0
300,-1022.8499277006292,11259.785496654353
301,-1002.0,11335.0
302,-991.2909843312962,11374.235024822136
303,-979.0,11420.0
304,-951.098673954125,11528.832216412158
305,-945.0,11553.0
306,-925.0,11633.0
307,-922.6185960378577,11642.790002965165
308,-903.0,11725.0
309,-895.184222245985,11757.090259409182
310,-862.0,11892.0
311,-859.0252794963952,11904.506938754159
312,-827.7287566360018,12039.22955683416
313,-806.0,12136.0
314,-790.6594956821534,12207.604739085637
315,-768.3886858294735,12323.16220237342
316,-766.0,12336.0
317,-742.0,12468.0
318,-739.4702772670455,12482.351434922284
319,-707.0,12672.0
320,-697.3008435980304,12731.687993463169
321,-683.0,12824.0
322,-681.3222246951866,12834.654630527877
323,-663.0,12951.0
324,-658.8756294776391,12977.98372871416
325,-637.9472425292273,13121.518683053737
326,-630.0,13179.0
327,-615.0,13295.0
328,-606.1326492635594,13370.988098947339
329,-587.0,13545.0
330,-580.9039765001766,13603.636639547578
331,-574.6250143181783,13674.27495437278
332,-569.0,13784.0
333,-568.2789771968723,13799.743693098866
334,-560.879635627983,13970.900043234864
335,-558.0,14042.0
336,-555.38991890142,14134.236003576507
337,-555.0,14164.0
338,-552.0084778966508,14483.192057882448
339,-552.0,14485.0
340,-553.7405970368608,14621.611694837851
341,-555.0,14656.0
342,-566.0,14890.0
343,-569.920547136882,14936.103690617407
344,-584.4588565808093,15057.90685086613
345,-587.0,15076.0
346,-604.0,15186.0
347,-620.4255164529137,15277.316154105849
348,-645.0,15389.0
349,-670.8710204219028,15501.639375031773
350,-699.0,15623.0
351,-722.4239115833662,15724.156073452008
352,-734.6704733263175,15776.416164907783
353,-742.0,15807.0
354,-769.0,15920.0
355,-784.1653908481666,15985.878699347963
356,-803.0,16071.0
357,-805.003059103347,16080.212590491208
358,-830.4950990811277,16202.30442631303
359,-836.0,16230.0
360,-861.0,16359.0
361,-868.5213246679641,16400.147981274207
362,-874.0,16442.0
363,-874.548435522848,16446.493753188824
364,-879.8252886145514,16500.79055329993
365,-880.0,16510.0
366,-870.0,16626.0
367,-869.3268569561939,16630.36416572101
368,-864.056122647471,16650.030791470177
369,-856.0,16662.0
370,-831.0,16699.0
371,-814.837789241434,16717.09712973053
372,-771.507239445416,16742.80738507429
373,-771.0,16743.0
374,-721.0,16758.0
375,-709.2207667592822,16760.667712678718
376,-687.9334454563351,16761.360179609786
377,-674.0,16759.0
378,-662.2486450101587,16757.089929651494
379,-652.0,16755.0
380,-612.6736684786114,16739.1436528691
381,-594.0,16726.0
382,-575.8391090200046,16709.624804225416
383,-543.0,16671.0
384,-530.8780489672791,16652.588694417318
385,-508.43392647316637,16610.735484037767
386,-507.0,16608.0
387,-498.4940892227976,16592.003497719463
388,-493.0877905697811,16579.22484229139
389,-493.0,16579.0
390,-479.1013532228759,16540.924492517734
391,-473.0,16523.0
392,-463.0823510819128,16492.163262190756
393,-461.0,16485.0
394,-431.0,16361.0
395,-426.4389486075305,16337.688590427242
396,-415.1323271832024,16256.945459942306
397,-411.0,16219.0
398,-407.22674084843186,16183.046805445025
399,-402.5028219105775,16132.523980080887
400,-400.0,16086.0
401,-399.4573303991686,16070.4344660655
402,-399.0,16060.0
403,-389.6931012117973,15955.115964660943
404,-383.0,15896.0
405,-375.38056946512864,15837.043432675611
406,-362.0,15758.0
407,-356.4392376940659,15728.142546507552
408,-332.0,15628.0
409,-287.0,15487.0
410,-282.6759781131344,15473.955069010719
411,-247.4291638092072,15373.277825242745
412,-217.94474170041136,15304.070952672371
413,-210.0,15285.0
414,-164.73480933794752,15175.752757920236
415,-164.0,15174.0
416,-125.0,15082.0
417,-107.72288015970577,15041.345075125968
418,-62.0,14933.0
419,-8.7929962499036,14805.694684262096
420,23.0,14730.0
421,61.8927385558708,14638.605360660946
422,113.6756956944818,14519.857287102821
423,141.0,14457.0
424,180.6809267400135,14365.077193367473
425,229.0,14253.0
426,240.62647448752892,14226.252633577662
427,296.51063282410377,14099.727019140832
428,303.0,14085.0
429,366.9812969658857,13939.415623348856
430,396.0,13873.0
431,429.1764352222265,13796.405738576575
432,483.0,13670.0
433,502.3277488676148,13624.470536616207
434,541.0,13533.0
435,597.4590803519731,13398.712076782285
436,635.0,13309.0
437,697.2093601747481,13156.62773751972
438,722.0,13095.0
439,744.5730590231835,13039.662143808837
440,786.0,12936.0
441,825.1979105792315,12835.393743560327
442,877.0,12701.0
443,922.483049920477,12578.451610069556
444,942.0,12521.0
445,963.2422447633089,12459.380422132326
446,1004.0,12338.0
447,1063.3021054026312,12148.843902345021
448,1086.0,12075.0
449,1111.101818911007,11992.550816440047
450,1128.0,11934.0
451,1142.2777497213442,11883.168994149159
452,1197.337896864547,11681.493179339643
453,1198.0,11679.0
454,1239.1341861894189,11520.503881130693
455,1248.0,11486.0
456,1280.4018716472463,11359.373614018441
457,1281.0,11357.0
458,1321.0,11194.0
459,1381.8940234868533,10938.371114493404
460,1391.0,10900.0
461,1418.9276277557658,10782.258612217502
462,1434.0,10718.0
463,1469.0,10568.0
464,1497.5005274194089,10447.568763522242
465,1516.0,10369.0
466,1584.8641428310796,10073.158123380055
467,1590.0,10051.0
468,1612.7238521451065,9952.416082438192
469,1629.0,9883.0
470,1647.7418629829042,9804.157001174504
471,1665.0,9731.0
472,1680.4861071629045,9664.158253780804
473,1704.0,9562.0
474,1727.725109861955,9461.123217644083
475,1752.0,9358.0
476,1795.0,9171.0
477,1808.8156035263928,9111.271973269315
478,1873.5059352136275,8833.5184812824
479,1882.0,8797.0
480,1903.9473352789068,8701.91257785398
481,1932.4322735303363,8576.498216153761
482,1933.0,8574.0
483,1995.0,8301.0
484,2016.9458426324532,8203.662948980862
485,2056.462292867699,8029.302623976077
486,2057.0,8027.0
487,2116.0,7775.0
488,2166.627358088961,7557.702080391575
489,2172.0,7535.0
490,2237.5041014210274,7261.057519404065
491,2238.0,7259.0
492,2284.0,7070.0
493,2293.073098276999,7031.839555373445
494,2341.0,6829.0
495,2407.0,6554.0
496,2414.450574828763,6522.760913388989
497,2443.0,6400.0
498,2445.762067987807,6388.1843028694075
499,2474.0,6268.0
500,2504.3603706937065,6139.605556693983
501,2522.0,6064.0
502,2562.5005222556238,5885.690121162072
503,2569.0,5856.0
504,2591.5271272251407,5739.263685170443
505,2598.0,5690.0
506,2600.604139450279,5667.468774723775
507,2604.0,5621.0
508,2603.2678468607146,5567.674478916547
509,2596.158025042927,5479.316048535304
510,2596.0,5478.0
511,2580.864643964296,5415.251284998716
512,2563.0,5383.0
513,2557.717018342273,5373.775432056233
514,2529.354794724674,5325.330818821041
515,2510.0,5293.0
516,2488.9120104132016,5258.147207431961
517,2455.0,5199.0
518,2446.5574254995977,5182.023267235249
519,2418.149824557685,5103.745473264935
520,2407.0,5062.0
521,2397.880896158702,5020.51937455074
522,2396.0,4968.0
523,2395.9632649195496,4934.136235212817
524,2398.0,4810.0
525,2399.745491709799,4765.0206555020995
526,2406.5949609309578,4709.793720611193
527,2412.0,4678.0
528,2418.656213779411,4638.532392395109
529,2427.0,4590.0
530,2432.000095596903,4561.898689654621
531,2434.0,4551.0
532,2459.0,4431.0
533,2471.8474066951258,4377.433338297566
534,2492.0,4300.0
535,2547.0,4105.0
536,2555.2611194812525,4076.1608964297448
537,2593.0768455888224,3944.941373947978
538,2623.0,3842.0
539,2642.08136028361,3776.390644441779
540,2647.0,3759.0
541,2703.4582025690306,3553.59060076386
542,2711.0,3525.0
543,2737.0,3424.0
544,2771.0,3294.0
545,2776.4830493008876,3272.5816125356973
546,2800.4201580173294,3177.291492010459
547,2801.0,3175.0
548,2838.8218272973686,3026.6289580520547
549,2856.0,2959.0
550,2872.6476123385883,2891.6757934381803
551,2887.0,2835.0
552,2936.570750910557,2644.251253318782
553,2964.0,2539.0
554,2986.433047450579,2452.5109990023643
555,3012.0,2353.0
556,3014.709865157806,2342.5291712391027
557,3045.4079112792333,2224.273816242197
558,3046.0,2222.0
559,3107.404425298467,1989.2030094199413
560,3108.0,1987.0
561,3124.0,1928.0
562,3147.152786948051,1840.7189244547915
563,3175.0,1733.0
564,3217.0,1567.0
565,3231.2573801847275,1509.391101196185
566,3257.0,1403.0
567,3274.034772762011,1330.1876746686364
568,3288.0,1268.0
569,3307.60385721106,1175.5100604547313
570,3314.0,1144.0
571,3338.2772512117676,1014.4754816842485
1,3374.2775622895624,767.1479287167745
2,3387.0,608.0
3,3391.132839516527,501.785108113785
4,3395.0,281.0
5,3394.80275570666,174.10567801904608
6,3384.0,34.0
7,3380.1216333744824,-11.352840354020103
8,3362.0,-214.0
9,3339.572997436154,-422.75625389842696
10,3328.0,-513.0
11,3314.646505476974,-606.504024678652
12,3299.0,-762.0
13,3297.6413475215136,-778.6608257492617
14,3284.0,-956.0
15,3276.0653323002753,-1058.6382366564621
16,3282.902129370001,-1145.2057052675086
17,3285.0,-1159.0
18,3306.0,-1294.0
19,3321.11944105738,-1344.064796017958
20,3324.0,-1350.0
21,3371.010109102413,-1442.284268739618
22,3372.0,-1444.0
23,3401.671459599816,-1489.209588734897
24,3449.0,-1537.0
25,3533.0,-1607.0
26,3553.579411658924,-1623.3401320272771
27,3601.0,-1653.0
28,3620.7810650221445,-1664.130177144015
29,3688.3809942803186,-1702.118574875446
30,3690.0,-1703.0
31,3765.0,-1744.0
32,3780.0,-1754.0
33,3789.63440800712,-1761.1879931258352
34,3838.6263688868758,-1804.5850651972553
35,3864.0,-1834.0
36,3878.8076983664196,-1858.9599274423813
37,3888.0,-1923.0
38,3888.3049145200275,-1931.9884963592397
39,3887.4808382436586,-1959.9266508950184
40,3886.0,-1971.0
41,3878.279077486093,-2009.5235151288803
42,3872.0,-2031.0
43,3850.1209906260838,-2086.358268931728
44,3838.0,-2112.0
45,3820.435925276029,-2142.4869470003496
46,3803.8052903257058,-2163.738985516519
47,3801.0,-2167.0
48,3778.0,-2191.0
49,3759.6298634982145,-2206.3713024045373
50,3737.0,-2222.0
51,3703.3485860229853,-2239.4200029935228
52,3692.0,-2244.0
53,3659.284145732822,-2254.19086411409
54,3616.0,-2263.0
55,3584.8355530527465,-2267.335624243701
56,3557.0,-2270.0
57,3486.0,-2273.0
58,3428.0228467025104,-2273.908674480739
59,3379.0,-2272.0
60,3293.615020778737,-2264.7269649667905
61,3200.0,-2255.0
62,3172.2554319515475,-2252.3495447023565
63,3138.0,-2245.0
64,3072.3793036622474,-2228.532501728568
65,2956.2378045815376,-2197.896876954802
66,2953.0,-2197.0
67,2770.4682537944846,-2139.83851199958
68,2768.0,-2139.0
69,2687.0,-2111.0
70,2648.6749824273707,-2097.4815597332254
71,2574.0,-2070.0
72,2545.235853419518,-2058.6719529468023
73,2479.0,-2031.0
74,2396.0759359249205,-1993.204827236518
75,2373.0,-1982.0
76,2188.501366962384,-1877.209428800124
77,2185.0,-1875.0
78,2049.0,-1787.0
79,1967.9961474327351,-1732.7573358944628
80,1912.1827416942854,-1693.0390610030045
81,1901.0,-1685.0
82,1808.6880318113267,-1617.9802866949522
83,1806.0,-1616.0
84,1722.0,-1553.0
85,1639.6275353613887,-1488.9449138841983
86,1563.0,-1428.0
87,1490.5718903984944,-1369.7145697308672
88,1414.0,-1308.0
89,1362.6114860583411,-1266.8853610616284
90,1349.0,-1256.0
91,1224.0,-1155.0
92,1214.2150302803154,-1146.8516248368853
93,817.2669346008109,-752.591331618327
94,805.0,-738.0
95,789.5160486625676,-718.821913345851
96,761.928629227705,-659.3536408666705
97,756.0,-631.0
98,743.4054231925873,-552.2029081049419
99,742.0,-541.0
100,744.0634779670041,-478.1863055124086
101,746.0,-467.0
102,754.8818609777607,-409.1707371890757
103,764.0,-339.0
104,769.2508491749002,-280.88948779000566
105,770.0,-257.0
106,766.0,-171.0
107,763.20992184857,-143.4493275648243
108,759.0,-112.0
109,741.0,-22.0
110,724.5918554783282,31.450629157337836
111,721.0,41.0
112,680.4298356210164,121.57172890953328
113,668.0,141.0
114,596.8325188662616,239.43345377226038
115,572.0,272.0
116,483.63650040689026,383.5269605919062
117,431.0,448.0
118,408.33897793131814,475.6737976671924
119,363.0,531.0
120,345.44313179226083,552.475881015496
121,300.0,608.0
122,255.31157452602855,662.2489799452142
123,142.0,793.0
124,135.1026842370099,800.3409609680855
125,58.26198241642375,877.9760846961187
126,-19.940271472706684,951.0926341142176
127,-41.0,970.0
128,-161.9994932936059,1070.945888226386
129,-256.0,1146.0
130,-314.2775563329287,1192.8504840788678
131,-441.82653553809666,1295.3996215440052
132,-473.0,1320.0
133,-508.82856055975424,1347.6020806258189
134,-561.8064526160225,1395.8592910101092
135,-589.0,1430.0
136,-734.3405961693429,1636.4227831968658
137,-736.0,1639.0
138,-788.0207840353693,1746.5933090556834
139,-796.0,1768.0
140,-835.0618866783504,1870.497758783381
141,-846.0,1901.0
142,-872.780723859044,1982.8325631472358
143,-914.3601431294128,2145.5345470483244
144,-920.0,2174.0
145,-929.0,2230.0
146,-938.2312536447816,2357.0684881352604
147,-944.0,2518.0
148,-944.9732559715155,2584.982266767269
149,-943.0,2635.0
150,-941.0180777202961,2747.5678645806533
151,-940.0,2796.0
152,-934.6515063775088,2945.839010419994
153,-929.0,3044.0
154,-915.2395944059276,3253.313421802277
155,-915.0,3257.0
156,-910.3519030820336,3340.3449967398105
157,-911.9347065478825,3370.29268720944
158,-912.0,3372.0
159,-915.5786284610624,3467.631089366638
160,-917.0,3490.0
161,-925.0,3561.0
162,-931.3986731621701,3596.2654494297994
163,-960.0902068275383,3710.6184798556515
164,-963.0,3720.0
165,-1000.0,3803.0
166,-1014.7957327048779,3828.4997180698465
167,-1028.0,3847.0
168,-1066.7344303360546,3887.354464259998
169,-1144.0,3949.0
170,-1169.2201510323155,3963.0908308392586
171,-1185.0,3967.0
172,-1255.0,3981.0
173,-1264.9864010022307,3982.100379320037
174,-1305.0,3984.0
175,-1319.4543882224104,3983.9850264578217
176,-1364.7695797757485,3981.703722481808
177,-1374.0,3981.0
178,-1441.0,3975.0
179,-1492.4235791614915,3969.1174593810933
180,-1525.0,3970.0
181,-1597.5228812995033,3973.8595262293807
182,-1662.0,3978.0
183,-1714.6430425457909,3985.463120134564
184,-1738.0,3996.0
185,-1831.6330347301862,4045.313807697699
186,-1892.0,4082.0
187,-1935.5737395673927,4113.924238317086
188,-1999.0650965295113,4182.213155883329
189,-2017.0,4206.0
190,-2046.7687281617682,4248.222874708892
191,-2111.5523953903903,4348.749248124312
192,-2136.0,4390.0
193,-2151.733353028577,4419.4351110816415
194,-2171.0,4466.0
195,-2176.297524777209,4480.455662603591
196,-2203.6739316465273,4560.5865980423005
197,-2234.0,4664.0
198,-2251.2683036598683,4738.758122395426
199,-2254.0,4752.0
200,-2279.0,4890.0
201,-2286.2659003927524,4935.947653898913
202,-2295.0,4996.0
203,-2307.356618276105,5092.329832448121
204,-2309.0,5106.0
205,-2318.694354308094,5189.317006758854
206,-2319.0,5192.0
207,-2335.6873086781534,5341.716601967184
208,-2347.0,5446.0
209,-2358.623119774766,5557.838917836939
210,-2367.0,5644.0
211,-2369.0512896503737,5665.538653462687
212,-2379.2631304411743,5775.563943016762
213,-2382.0,5807.0
214,-2390.637771286511,5913.74414457279
215,-2392.0,5931.0
216,-2399.406912842512,6025.004719340035
217,-2405.0,6099.0
218,-2407.8064308865205,6138.044407339163
219,-2415.0,6242.0
220,-2425.0,6388.0
221,-2427.5121047917614,6428.536689379146
222,-2447.2272329012926,6937.587451679143
223,-2448.0,6986.0
224,-2449.0,7140.0
225,-2448.770535572267,7189.5944547874415
226,-2446.851894504628,7346.508221836506
227,-2445.0,7436.0
228,-2439.8916710148537,7570.788475583946
229,-2436.0,7640.0
230,-2425.0,7815.0
231,-2422.0267823360714,7860.640140779462
232,-2406.6856853863665,8031.257121722679
233,-2406.0,8038.0
234,-2386.0,8231.0
235,-2370.93086952794,8374.67910112131
236,-2362.0,8425.0
237,-2357.4629551218304,8454.381759955731
238,-2310.0,8766.0
239,-2307.551513105759,8781.423168327041
240,-2275.0,8957.0
241,-2262.972678251733,9015.752778935886
242,-2233.0,9155.0
243,-2162.6688447776305,9457.056317002758
244,-2157.0,9481.0
245,-2114.3059819681985,9657.147382807449
246,-2104.0,9701.0
247,-2092.255163053037,9751.890888947692
248,-2067.0,9863.0
249,-2043.6962012075217,9966.967155569659
250,-2034.0,10010.0
251,-2006.6496934367874,10126.573326427037
252,-1992.0,10183.0
253,-1975.4033544473973,10243.270398394743
254,-1967.0,10271.0
255,-1954.072350628936,10309.274495325599
256,-1945.0,10334.0
257,-1931.501590328588,10368.573213863358
258,-1909.0,10417.0
259,-1879.0,10463.0
260,-1867.5617189012278,10477.166077494443
261,-1839.0,10506.0
262,-1819.6080245292073,10520.71530444852
263,-1796.0,10535.0
264,-1737.1813355766133,10558.26460850818
265,-1693.0,10570.0
266,-1629.4510944749888,10584.111506878668
267,-1597.0,10592.0
268,-1540.0212153123841,10611.171276403742
269,-1507.0,10625.0
270,-1474.4010747797854,10639.160034678876
271,-1413.0,10675.0
272,-1310.1211277652774,10754.32952561658
273,-1308.0,10756.0
274,-1258.327706588369,10794.989948778573
275,-1220.0,10852.0
276,-1162.615250312657,10938.545586201675
277,-1148.0,10961.0
278,-1126.5236377708034,10999.68061468938
279,-1122.0,11010.0
280,-1080.0,11104.0
281,-1076.9017983624885,11111.498474870794
282,-1045.0,11197.0
283,-1036.046272403256,11223.773826767798
284,-1014.0,11295.0
285,-993.8527035513639,11365.649328817293
286,-982.0,11409.0
287,-971.7981495793977,11447.140331731558
288,-948.0,11540.0
289,-924.4298802761097,11635.675906377803
290,-890.4480224016725,11775.581846287978
291,-884.0,11802.0
292,-872.795873167043,11847.405789894783
293,-863.2621823990075,11886.401434495514
294,-861.0,11896.0
295,-830.0,12030.0
296,-812.888689144344,12105.285274396885
297,-805.0,12141.0
298,-786.0,12235.0
299,-764.7001099501528,12347.559750516573
300,-732.0,12524.0
301,-718.4577737002461,12600.16234268451
302,-703.304790763259,12697.107720869872
303,-703.0,12699.0
304,-683.0,12823.0
305,-666.9512445720634,12928.521346609312
306,-635.0,13146.0
307,-629.4234791694352,13184.485379546182
308,-608.0,13347.0
309,-606.825882553612,13356.937385499761
310,-598.0,13434.0
311,-593.6682872018522,13474.761968382312
312,-580.2923085189495,13621.307053147162
313,-580.0,13625.0
314,-569.0,13789.0
315,-568.366582596076,13800.192384018526
316,-563.0,13909.0
317,-558.4947995983727,14043.240050732533
318,-558.0,14061.0
319,-554.3650791366797,14245.525136493248
320,-554.0,14274.0
321,-552.0,14499.0
322,-556.110828024505,14723.751391542468
323,-565.0,14870.0
324,-571.5747598871169,14953.65266453895
325,-584.0,15056.0
326,-608.297743190163,15207.248173394499
327,-609.0,15211.0
328,-652.0568225080411,15418.053435904536
329,-661.0,15459.0
330,-680.3020338636384,15545.612242506711
331,-711.0,15675.0
332,-716.2285868944305,15696.593956952936
333,-751.50380323035,15844.05156338516
334,-757.0,15868.0
335,-802.0,16069.0
336,-822.2983617849771,16162.00589661461
337,-829.0,16196.0
338,-833.4577533075803,16218.411939756923
339,-849.0,16297.0
340,-852.1088359224216,16313.114584657795
341,-857.0,16339.0
342,-866.3938351087734,16391.886854988265
343,-871.0,16422.0
344,-878.8834211169519,16500.808397159315
345,-880.0,16543.0
346,-879.7013719377525,16558.66123615508
347,-877.0,16591.0
348,-867.6010799224538,16631.70920542545
349,-861.0,16651.0
350,-854.3911582649677,16666.229930318255
351,-854.0,16667.0
352,-828.5331196271055,16702.059108080488
353,-813.0,16717.0
354,-804.6401574455673,16723.693979327083
355,-779.0,16739.0
356,-765.4872832117437,16744.937674879744
357,-742.0,16753.0
358,-727.5549985130544,16756.746172814605
359,-708.0,16760.0
360,-676.2211057132254,16759.516106633735
361,-672.0,16759.0
362,-638.0,16751.0
363,-629.1812335262891,16747.564191096848
364,-607.0,16736.0
365,-581.941972232908,16717.548458907222
366,-576.0,16712.0
367,-550.0,16681.0
368,-543.9017622089018,16672.908874480465
369,-539.0,16666.0
370,-511.2410152647957,16616.46796426632
371,-509.0,16612.0
372,-494.0,16580.0
373,-487.64335066591383,16564.460273846555
374,-470.0,16515.0
375,-467.1107431066676,16505.938192376772
376,-443.3166418900935,16419.302881607524
377,-443.0,16418.0
378,-432.08895493894977,16369.135708648933
379,-424.74209142935644,16328.111748779087
380,-421.0,16303.0
381,-414.122722663616,16247.47663360998
382,-412.0,16226.0
383,-405.87570829429546,16154.194195912023
384,-403.0,16118.0
385,-400.10407181802276,16079.817669467913
386,-396.0,16028.0
387,-393.8221234381401,16004.906547062117
388,-377.0327919594075,15851.253752137156
389,-374.0,15829.0
390,-359.48591827616565,15743.531307904912
391,-349.0,15697.0
392,-324.53744566686026,15605.118463456907
393,-321.0,15593.0
394,-291.71903633382607,15501.22864170023
395,-271.0,15443.0
396,-227.4404620864789,15329.1705379454
397,-208.0,15280.0
398,-177.799035725263,15205.457843925273
399,-148.73478099954258,15136.767058622023
400,-119.0,15067.0
401,-98.45394848153553,15018.855222851218
402,-44.0,14891.0
403,-5.111333822159195,14797.625954061063
404,26.0,14723.0
405,39.21050488324642,14692.271453868056
406,84.0,14589.0
407,93.69553824343886,14566.509617233489
408,121.0,14503.0
409,135.261062163081,14469.939824804836
410,185.5820409116953,14353.819370785995
411,192.0,14339.0
412,251.0,14203.0
413,312.84139961714067,14062.29089543959
414,320.0,14046.0
415,376.49563602896205,13916.484004912898
416,388.0,13890.0
417,457.0,13731.0
418,502.5895810228262,13625.051569896921
419,522.7653998278726,13575.718761683449
420,531.0,13556.0
421,598.1786357856948,13396.787582704532
422,612.0,13364.0
423,687.0,13183.0
424,704.0,13140.0
425,725.278062227745,13086.555836777921
426,761.0,12998.0
427,794.389749517509,12915.881662932066
428,813.0,12869.0
429,879.0,12693.0
430,916.5040500606334,12592.804913956961
431,923.0,12575.0
432,978.9495862579521,12412.546616009064
433,995.0,12364.0
434,1038.2531222144514,12230.19027189913
435,1044.0,12212.0
436,1083.0,12085.0
437,1124.2891208867175,11943.339831772555
438,1176.0,11761.0
439,1194.1701632686545,11694.988852692568
440,1210.0,11634.0
441,1223.1161780390298,11582.899891278064
442,1295.1022809946705,11299.583078085254
443,1296.0,11296.0
444,1322.6115039292858,11186.628110504162
445,1339.0,11117.0
446,1355.6358353605456,11047.574429013957
447,1402.0,10855.0
448,1405.2034031990534,10841.604114990861
449,1441.0,10690.0
450,1495.1216712070106,10456.043708167012
451,1510.0,10392.0
452,1534.0,10292.0
453,1542.4618707968261,10256.031717427926
454,1573.0,10125.0
455,1588.0448197581904,10060.424695967105
456,1658.012103220398,9760.236076538771
457,1659.0,9756.0
458,1707.914027525274,9546.511240245201
459,1734.0,9435.0
460,1736.4341608297702,9424.596126379434
461,1762.2349446227095,9314.333642674348
462,1797.0,9165.0
463,1824.4350760064392,9045.892718007672
464,1840.0,8978.0
465,1885.2442034410985,8780.293891238905
466,1910.0,8672.0
467,1937.3363925429376,8551.984625501489
468,1949.0,8501.0
469,1974.3477003006858,8390.611278284954
470,1996.0,8296.0
471,2020.077505919617,8189.816017188798
472,2043.0,8089.0
473,2102.0,7832.0
474,2105.5266407247727,7816.779658587608
475,2133.783249704779,7697.600547098863
476,2147.0,7643.0
477,2177.6929612898716,7515.13825981789
478,2221.0,7333.0
479,2235.8359014675184,7270.195436179598
480,2274.0,7109.0
481,2284.9059494161183,7063.867642781421
482,2312.0,6954.0
483,2329.594866491453,6880.201030150254
484,2373.0,6696.0
485,2388.7704751921906,6630.103683575149
486,2418.0,6508.0
487,2445.2648517709395,6391.261204907305
488,2450.0,6371.0
489,2488.0,6210.0
490,2497.9018533346084,6168.327568129593
491,2525.0,6054.0
492,2548.4405464354772,5952.472133106859
493,2549.0,5950.0
494,2587.0,5766.0
495,2588.3137102581086,5757.92847238281
496,2594.0,5718.0
497,2604.4016698196315,5597.620145627868
498,2606.0,5565.0
499,2604.766372616983,5509.082961457747
500,2594.0,5469.0
501,2588.5441439825763,5452.114466242197
502,2558.0,5374.0
503,2516.6104555653574,5303.21788584663
504,2512.0,5296.0
505,2476.0,5239.0
506,2453.5761925986985,5196.8234148701895
507,2446.0,5181.0
508,2416.0265723549182,5100.9146547691635
509,2412.0,5085.0
510,2401.0,5025.0
511,2399.3773196740685,5013.0833582462965
512,2396.0,4962.0
513,2397.0952765061743,4874.720936575587
514,2400.0,4793.0
515,2404.132629277802,4729.904933289269
516,2411.3476220268435,4685.985056073752
517,2416.0,4656.0
518,2428.0,4580.0
519,2431.3827395212643,4562.914989503805
520,2436.0,4541.0
521,2466.02296730395,4403.522483087129
522,2469.0,4391.0
523,2491.23030323357,4303.648670543781
524,2503.0,4260.0
525,2513.9459481844015,4220.324021321035
526,2527.0,4174.0
527,2552.1123129797966,4087.2642176578465
528,2556.0,4074.0
529,2597.011103113182,3934.6959220530734
530,2603.0,3914.0
531,2652.8154162934047,3740.166895828946
532,2654.0,3736.0
533,2680.675176299417,3640.2463779293857
534,2707.0,3538.0
535,2726.3414459243268,3464.809048664715
536,2768.0,3307.0
537,2780.7599372766995,3257.905518741636
538,2819.8309772726075,3101.0656693446954
539,2825.0,3080.0
540,2847.9731184565144,2986.7999191159206
541,2875.937061243171,2877.4260494492246
542,2880.0,2862.0
543,2902.0,2779.0
544,2933.668614611156,2654.992416280745
545,2938.0,2638.0
546,2970.366052784216,2512.5042790982625
547,2997.0,2410.0
548,3015.0583015006623,2340.442089998003
549,3027.0,2295.0
550,3069.601706437329,2136.0035121663154
551,3074.0,2119.0
552,3089.0,2060.0
553,3136.0,1882.0
554,3149.579518813262,1829.9754303956402
555,3191.8467655955583,1665.8508394662529
556,3210.0,1595.0
557,3242.6114303180934,1466.0015672136972
558,3255.0,1414.0
559,3276.81544652232,1319.732260169228
560,3285.0,1283.0
561,3310.549515481868,1159.9394966563586
562,3314.0,1142.0
2,3394.0,471.0
3,3395.0,275.0
4,3394.4882948922314,261.891873607041
5,3383.0,11.0
6,3376.579221313247,-98.87978255936491
7,3358.0,-252.0
8,3357.2105249012743,-258.5077030318068
9,3337.0,-433.0
10,3329.1614276664836,-501.0316448757257
11,3315.0,-624.0
12,3301.2034302963343,-746.3395910875662
13,3294.0,-818.0
14,3286.232190486979,-908.3936950994513
15,3285.0,-926.0
16,3281.0,-1014.0
17,3280.9042944831194,-1019.2852492300085
18,3282.0,-1106.0
19,3283.7842970672937,-1139.8096502159333
20,3292.0,-1224.0
21,3300.540456571546,-1274.926106646417
22,3310.0,-1306.0
23,3378.0,-1453.0
24,3384.6617873996947,-1465.73156586205
25,3417.621703999636,-1517.2829366770993
26,3475.0,-1562.0
27,3568.2827394215237,-1632.2803450533584
28,3572.0,-1635.0
29,3602.626882526824,-1655.6413172708208
30,3619.0,-1664.0
31,3629.9985514940736,-1669.7022531502205
32,3695.0173204462762,-1704.3897084711668
33,3724.0,-1721.0
34,3803.0,-1769.0
35,3812.6208198853465,-1775.226005977846
36,3839.7002787261163,-1795.5794433922229
37,3853.0,-1817.0
38,3858.1735251647524,-1825.8017293466405
39,3880.0,-1869.0
40,3887.3093528740746,-1899.3695794488162
41,3889.0,-1926.0
42,3886.0,-1965.0
43,3885.7353680244632,-1967.1179623973794
44,3879.6782083201674,-2003.3649901351494
45,3875.0,-2021.0
46,3857.5058194332873,-2069.760267769277
47,3846.0,-2097.0
48,3841.8149573211977,-2105.9713201021136
49,3826.9275040244365,-2131.5202344218183
50,3826.0,-2133.0
51,3795.0,-2174.0
52,3792.6888843197967,-2176.1403894988116
53,3742.765785551448,-2213.0778609512354
54,3694.0,-2243.0
55,3674.8855223262576,-2250.613372730834
56,3668.0,-2252.0
57,3605.1755746041654,-2264.59507779871
58,3578.0,-2268.0
59,3519.035559460123,-2272.067596715834
60,3447.0,-2274.0
61,3402.312266910395,-2273.365058024521
62,3394.0,-2273.0
63,3283.0,-2266.0
64,3262.7135534303543,-2264.006531617985
65,3224.0,-2259.0
66,3187.2162423643017,-2252.7345268139707
67,3007.0,-2213.0
68,2991.8423306381983,-2209.084459370164
69,2866.143311696668,-2170.319249507649
70,2862.0,-2169.0
71,2763.0,-2137.0
72,2711.815334390101,-2119.1394280103264
73,2577.062519120283,-2070.244684578316
74,2536.0,-2055.0
75,2472.0,-2028.0
76,2405.978766246034,-1997.2761261741537
77,2356.0,-1973.0
78,2304.0124672271727,-1945.6412035822746
79,2271.0,-1927.0
80,2122.0,-1836.0
81,2117.0908080354807,-1832.8699171388741
82,1975.0,-1737.0
83,1967.1238653108403,-1731.4535910257455
84,1822.8272931151519,-1628.6307545313123
85,1815.0,-1623.0
86,1729.0548241758356,-1560.288867483765
87,1689.6540576551988,-1529.160970959722
88,1633.0,-1484.0
89,1580.0,-1442.0
90,1521.1175256362023,-1394.8206024178683
91,1451.0,-1338.0
92,1435.4846549208075,-1325.3721865817793
93,1332.0,-1241.0
94,1281.3709409042172,-1200.0570151862362
95,1174.0,-1114.0
96,1123.0,-1073.0
97,1033.2968903095841,-994.6005836387806
98,941.0,-909.0
99,930.6319952941478,-899.0292476771021
100,894.628745786898,-859.9818137535552
101,878.0,-839.0
102,836.0,-785.0
103,810.3001946239065,-748.0838697023012
104,796.0,-724.0
105,766.9538047561987,-659.3847562347688
106,745.612566608922,-582.5017693776576
107,745.0,-579.0
108,742.2613669878228,-506.00400252851676
109,745.0,-476.0
110,748.1048490060285,-450.81279395348497
111,760.0,-370.0
112,766.0,-317.0
113,767.3053129698922,-296.3758498252422
114,767.8485933811186,-207.21750995035285
115,767.0,-187.0
116,763.8339158644897,-147.1933759143364
117,755.6714741642978,-92.73324479484347
118,755.0,-89.0
119,735.0,0.0
120,728.8174075890937,19.740849015620455
121,703.8973527453344,80.57539586020918
122,698.0,92.0
123,651.0,167.0
124,639.3250170804183,183.82202804637961
125,583.0,258.0
126,532.9872869056685,320.36594818158005
127,484.0,381.0
128,414.6485432432377,467.19569812351205
129,393.0,494.0
130,355.02569156695745,540.889125366195
131,274.0,640.0
132,238.07314878810237,683.0503853768839
133,152.0,782.0
134,133.48428418473733,802.0773363049667
135,59.69864572998655,877.5836610781107
136,-40.0,970.0
137,-43.70980577047912,973.2644570635737
138,-167.0,1076.0
139,-191.3057569806551,1095.564335349818
140,-311.0,1190.0
141,-405.0,1264.0
142,-429.16158463327406,1284.6194733090545
143,-556.0,1396.0
144,-657.3166702253939,1494.9675050967999
145,-692.0,1563.0
146,-794.0,1764.0
147,-797.2786629893963,1770.7233644805306
148,-867.8781587531132,1949.906534404231
149,-887.0,2029.0
150,-914.760630254548,2158.067552667621
151,-930.0,2239.0
152,-947.7257952723194,2385.964830726546
153,-944.0,2534.0
154,-943.8963403865934,2539.380426224915
155,-943.0163877893526,2625.5889530078084
156,-942.0,2712.0
157,-940.7100998953042,2768.5329018580314
158,-935.0,2919.0
159,-932.3602882781038,2972.5297397037248
160,-922.0,3161.0
161,-918.9867466272023,3209.656574506418
162,-915.1173595745605,3257.701853652686
163,-913.0,3299.0
164,-911.0,3366.0
165,-910.9371686022362,3392.9216247223917
166,-916.9774555506921,3491.621144097429
167,-919.0,3508.0
168,-944.3213381545188,3653.4282359761355
169,-947.0,3666.0
170,-966.0,3727.0
171,-979.7603417810135,3761.0356665640293
172,-997.0,3798.0
173,-1021.4564061272805,3838.256344290461
174,-1048.0,3873.0
175,-1082.0,3908.0
176,-1098.3911156374184,3921.166388699977
177,-1120.0,3936.0
178,-1173.9007106710144,3962.329394264994
179,-1182.0,3965.0
180,-1235.0855585704667,3977.7822680576837
181,-1282.0,3984.0
182,-1295.7774515774058,3984.693993259387
183,-1341.0,3983.0
184,-1343.171747190379,3982.8716620516225
185,-1398.0,3979.0
186,-1431.3128824125938,3976.174860046966
187,-1480.0,3972.0
188,-1515.5464305351504,3969.2703101834736
189,-1561.0,3970.0
190,-1620.4074486037612,3974.0615636133625
191,-1668.0,3979.0
192,-1735.8488903624313,3991.482589903673
193,-1824.7622978527652,4036.3381923697466
194,-1832.0,4041.0
195,-1887.3391569551313,4080.0119746819782
196,-1925.0,4111.0
197,-1938.6405111417157,4122.935233229595
198,-1981.0,4165.0
199,-2028.0834535635163,4222.863496836729
200,-2081.0,4294.0
201,-2099.5440938924294,4320.579660424214
202,-2128.6210994282687,4375.621053954078
203,-2133.0,4385.0
204,-2182.7571473966395,4497.27140196654
205,-2189.0,4514.0
206,-2222.1068010412037,4617.208719372491
207,-2230.0,4645.0
208,-2250.6095512789734,4730.584133031468
209,-2257.0,4763.0
210,-2284.3570078604807,4925.710211147297
211,-2287.0,4943.0
212,-2303.8320587941,5062.415935523884
213,-2306.0,5080.0
214,-2317.0,5177.0
215,-2329.0,5276.0
216,-2332.6470210517637,5307.215844977136
217,-2346.35020195361,5433.381655245088
218,-2351.0,5478.0
219,-2355.0,5517.0
220,-2372.8453930079227,5703.059447180429
221,-2380.0,5783.0
222,-2385.9718534099966,5855.920122005348
223,-2392.0,5934.0
224,-2394.623531144127,5966.637819565612
225,-2411.5390372110683,6180.209461786992
226,-2413.0,6202.0
227,-2419.0,6303.0
228,-2432.0,6523.0
229,-2433.2103941187174,6545.066909903512
230,-2440.0,6702.0
231,-2440.786785977957,6722.378544100811
232,-2445.0,6838.0
233,-2448.0,6960.0
234,-2449.0325465135757,7093.602653162678
235,-2449.0,7176.0
236,-2445.4093802491575,7398.679194039378
237,-2445.0,7410.0
238,-2434.0,7664.0
239,-2430.6193655154275,7732.811200828777
240,-2426.4769592676525,7786.171216150369
241,-2426.0,7792.0
242,-2408.0701263856026,8007.351058280742
243,-2397.0,8130.0
244,-2386.8696763945627,8225.67686358672
245,-2379.0,8291.0
246,-2367.800287939091,8381.06965088718
247,-2343.537951878518,8557.766786138553
248,-2342.0,8568.0
249,-2309.5148810590813,8771.940012675657
250,-2308.0,8781.0
251,-2285.910604137339,8903.691942417236
252,-2273.0,8968.0
253,-2253.7405580884188,9061.284834394308
254,-2242.0,9116.0
255,-2202.787177762527,9288.269522124721
256,-2197.0,9313.0
257,-2162.0,9460.0
258,-2156.0793740670388,9484.383420427948
259,-2124.5884335204933,9612.844490686644
260,-2119.0,9636.0
261,-2089.853733097999,9760.314087110062
262,-2073.0,9835.0
263,-2044.3097909909966,9966.098314765124
264,-2043.0,9972.0
265,-2023.7034462103575,10056.793287576364
266,-2015.0,10093.0
267,-2010.0,10113.0
268,-1956.0,10305.0
269,-1951.9683500627232,10318.133305915844
270,-1933.3803578589914,10366.759778455767
271,-1925.0,10384.0
272,-1910.9804375128856,10413.192688265804
273,-1885.0,10454.0
274,-1820.4337787998138,10514.934669633358
275,-1794.0,10535.0
276,-1773.1857931299405,10547.210906805974
277,-1748.0,10554.0
278,-1734.800167461292,10557.652151398464
279,-1666.0,10576.0
280,-1647.4522927653209,10579.761764247683
281,-1583.0,10596.0
282,-1494.176939560406,10630.843041882777
283,-1489.0,10633.0
284,-1419.9508049618505,10668.158928505667
285,-1395.0,10687.0
286,-1376.6742606998434,10700.800231134115
287,-1310.0,10754.0
288,-1264.0,10799.0
289,-1256.2734822492075,10807.234410554986
290,-1222.0,10849.0
291,-1135.9301128728912,10984.10685664425
292,-1133.0,10989.0
293,-1099.4637271430222,11052.044349593662
294,-1085.0,11091.0
295,-1034.8267175727804,11227.631353960089
296,-1033.0,11233.0
297,-1020.0,11273.0
298,-1006.934253026999,11317.067954227938
299,-959.0,11494.0
300,-947.2112250378702,11540.074218473714
301,-925.1262822149331,11635.279795996206
302,-924.0,11640.0
303,-896.0,11755.0
304,-879.7846711292564,11820.732299053092
305,-855.0,11922.0
306,-844.9175111680847,11964.34011421116
307,-832.0,12020.0
308,-807.0,12133.0
309,-801.0982225778862,12160.12431395313
310,-784.4225081176669,12238.935821800478
311,-781.0,12256.0
312,-759.577533952119,12368.206971173844
313,-756.0,12388.0
314,-741.2823288596178,12473.436173552784
315,-740.0,12481.0
316,-709.5362314980225,12661.19832453204
317,-694.0,12754.0
318,-680.4632510321322,12837.331749810839
319,-670.0,12906.0
320,-660.7573090040798,12967.29337530301
321,-653.0,13019.0
322,-639.0889999598004,13112.450957624476
323,-628.0,13191.0
324,-608.0,13350.0
325,-598.5135509087131,13430.255891022369
326,-593.0,13482.0
327,-578.5940547863629,13652.006954337823
328,-578.0,13660.0
329,-568.0,13811.0
330,-562.4372982399817,13933.972919825375
331,-561.0,13978.0
332,-557.3933930395553,14103.565334693929
333,-553.0,14284.0
334,-552.8072489028848,14293.574204656068
335,-552.6975686953548,14490.774032006746
336,-553.0,14523.0
337,-554.0,14632.0
338,-554.6829908957097,14670.842480300847
339,-560.0,14804.0
340,-568.0490019060535,14905.174926177184
341,-584.6918313329015,15059.245806345229
342,-588.0,15085.0
343,-607.6287275272268,15210.17887768366
344,-628.0544632877449,15307.785364765332
345,-641.0,15367.0
346,-665.5599375116964,15476.381826423187
347,-676.0,15522.0
348,-715.2647823400162,15691.610271176673
349,-733.0,15768.0
350,-763.9681446203388,15901.66297034143
351,-789.0,16011.0
352,-792.1541816973572,16024.962129574387
353,-818.0,16143.0
354,-834.5359804848047,16224.358008972571
355,-846.0,16282.0
356,-850.7202150426524,16305.80257124118
357,-860.0,16354.0
358,-866.4208371363848,16391.028008497025
359,-877.0,16470.0
360,-879.8126561530103,16507.72307102396
361,-880.0,16561.0
362,-873.5455476442891,16612.748884979417
363,-872.0,16620.0
364,-855.0,16665.0
365,-821.8027318058371,16708.955492975383
366,-820.0,16711.0
367,-799.2478891184695,16730.038112117043
368,-778.0,16740.0
369,-773.0223274231815,16742.29630029768
370,-752.0,16751.0
371,-732.4616883873086,16755.938364341557
372,-677.142246271927,16759.45822630055
373,-668.0,16759.0
374,-625.130070520408,16745.581672838536
375,-624.0,16745.0
376,-591.3223659894323,16725.05795879132
377,-590.0,16724.0
378,-567.0,16702.0
379,-558.3916590072965,16692.134136909433
380,-542.0,16670.0
381,-525.0,16643.0
382,-520.6553548111469,16635.235101589107
383,-510.0,16614.0
384,-502.5144690188281,16598.421352329868
385,-491.0,16574.0
386,-492.24259846768484,16575.990628002484
387,-492.0,16574.0
388,-455.0,16465.0
389,-447.8109786069572,16441.465595765392
390,-431.6647812615396,16368.59738169219
391,-425.0,16323.0
392,-418.5697778892635,16273.933287987275
393,-407.0,16175.0
394,-404.54958609921493,16149.94618814722
395,-401.0460761897988,16097.841603976432
396,-398.0,16055.0
397,-387.0,15933.0
398,-386.46481752722514,15928.0549977026
399,-376.0,15844.0
400,-370.8018955300675,15809.397899608975
401,-361.0,15753.0
402,-351.58369825095565,15707.147493734938
403,-335.0,15639.0
404,-310.0,15555.0
405,-289.99616679829865,15495.094676672114
406,-265.0,15425.0
407,-234.8997156567867,15345.774827847292
408,-227.0,15326.0
409,-137.40740026077705,15110.649520793875
410,-124.0,15079.0
411,-99.99022592083209,15023.766546567113
412,-89.0,14998.0
413,-76.50447983433152,14968.04486818203
414,-35.903112844624424,14869.505088408916
415,0.0,14784.0
416,29.85780861106168,14714.739301675487
417,58.0,14650.0
418,101.0,14550.0
419,122.90124883545683,14498.972096649943
420,177.0,14373.0
421,221.9059200970283,14269.039750038544
422,256.0,14192.0
423,282.1767004655512,14132.569195806953
424,307.0,14076.0
425,362.13568563650375,13949.666870524923
426,452.0,13743.0
427,461.7037090181164,13720.730748395887
428,479.3017703275376,13679.995746997618
429,481.0,13676.0
430,558.4552944880746,13492.136448009998
431,574.0,13455.0
432,609.0,13371.0
433,627.8501017949072,13325.429472616699
434,667.0,13230.0
435,680.9580758208059,13195.825151651876
436,737.0,13058.0
437,751.7312313521481,13021.604089836477
438,809.8075708438832,12876.522022000678
439,824.0,12840.0
440,880.0,12692.0
441,897.0,12647.0
442,930.3785417862131,12554.582430580516
443,945.0,12512.0
444,1032.9621479934372,12244.647824327845
445,1056.0,12173.0
446,1093.134921916956,12054.301300312924
447,1130.0,11925.0
448,1139.9358888791357,11890.060222819513
449,1161.0,11815.0
450,1207.0142248882369,11644.306645084078
451,1238.0,11527.0
452,1279.849582385832,11361.344412140665
453,1291.0,11316.0
454,1308.2944486833771,11245.917427921964
455,1323.0,11186.0
456,1340.9724477680552,11111.830611997124
457,1370.0,10990.0
458,1379.7092060231505,10948.838820372357
459,1405.0,10841.0
460,1434.054325289577,10716.99006244764
461,1471.0,10559.0
462,1506.0,10409.0
463,1511.5203890815096,10385.433617868624
464,1557.0,10192.0
465,1605.708417553052,9983.83925079463
466,1608.0,9974.0
467,1633.3812221798757,9863.696455180418
468,1643.0,9822.0
469,1669.025841747383,9710.278387990398
470,1711.4918041691458,9528.980223599405
471,1730.0,9450.0
472,1763.655167485977,9306.405826252765
473,1818.6209456843212,9071.753343278831
474,1830.0,9023.0
475,1847.9559288935534,8945.544685576966
476,1874.6759505535324,8828.20967662685
477,1877.0,8818.0
478,1928.0,8594.0
479,1930.7858376776626,8581.777202971265
480,1971.3907897653,8404.136600762868
481,1991.0,8318.0
482,2003.3793185353957,8263.376376713248
483,2034.9907030810919,8123.832428274536
484,2037.0,8115.0
485,2085.0,7906.0
486,2090.7469527907097,7881.398247372647
487,2123.0,7745.0
488,2129.019200946702,7719.666194017294
489,2156.0,7606.0
490,2162.1852420223004,7579.7701903835505
491,2197.0,7432.0
492,2211.6375686252595,7371.11474069143
493,2239.0,7258.0
494,2245.2314067246007,7231.9347370143405
495,2272.0,7119.0
496,2305.0,6980.0
497,2319.1997411504362,6920.3847346089005
498,2351.451385650756,6785.276107139327
499,2371.0,6703.0
500,2433.9074347240417,6436.822614198206
501,2436.0,6428.0
502,2483.0914724478343,6230.8536007644925
503,2498.0,6168.0
504,2516.986035098348,6087.214300455151
505,2532.0,6023.0
506,2548.536811842252,5952.0201755802855
507,2558.0,5910.0
508,2581.224899453434,5794.940831087126
509,2584.0,5779.0
510,2578.48844958171,5420.1017442948105
511,2569.0,5397.0
512,2539.161139002894,5340.706288845563
513,2537.0,5337.0
514,2468.0837239567486,5223.623947307811
515,2462.0,5213.0
516,2439.0225391830163,5167.216913303755
517,2426.0,5133.0
518,2421.497726894216,5120.241725860093
519,2404.114589328279,5050.754243381505
520,2401.0,5020.0
521,2395.0,4898.0
522,2394.163749120907,4845.490841871665
523,2397.0,4822.0
524,2406.266315327237,4741.526309822706
525,2420.0,4630.0
526,2425.39865763684,4592.367314367876
527,2437.164105462117,4524.656614239589
528,2459.0,4430.0
529,2480.6785827599156,4344.577337246628
530,2492.0,4302.0
531,2515.0,4218.0
532,2519.2709182770564,4202.711948934944
533,2546.0,4109.0
534,2566.239373124283,4039.0091634561604
535,2598.0,3930.0
536,2599.6891941295553,3924.2216097368073
537,2626.9301149959656,3831.0722525408296
538,2639.0,3789.0
539,2654.6672420335517,3733.266133919835
540,2673.0,3667.0
541,2680.5858297684595,3639.435254963458
542,2710.0,3530.0
543,2717.7914436121237,3500.312919146598
544,2760.0,3338.0
545,2774.6068869131927,3280.636695029355
546,2780.0,3259.0
547,2827.0,3073.0
548,2835.037493369978,3041.3821265520774
549,2859.6036557437396,2945.1823454379846
550,2876.0,2881.0
551,2933.0,2658.0
552,2967.712442360836,2523.5081166507894
553,2998.310784000816,2407.389395650801
554,3007.0,2374.0
555,3018.5101497159485,2329.3837675692785
556,3060.0,2169.0
557,3070.151922496847,2130.6452577785562
558,3107.4995224583104,1990.3820189438504
559,3115.0,1962.0
560,3209.0,1600.0
561,3214.1102411822953,1579.976456812625
562,3233.272378984865,1503.6692873165534
563,3254.0,1417.0
564,3255.426968804005,1410.9680105893337
565,3287.0,1274.0
566,3302.0805006922783,1202.5040544355213
567,3319.0,1117.0
568,3343.1198670906974,980.6121730472411
569,3344.0,975.0
2,3394.0,454.0
3,3395.4432106094646,387.76218170587595
4,3395.0,307.0
5,3394.4224416732263,268.0196805791959
6,3392.0,174.0
7,3383.000256971993,11.662684054901252
8,3379.0,-41.0
9,3365.0,-191.0
10,3357.9840326558624,-255.98807602878776
11,3342.0,-393.0
12,3330.68898594552,-487.1940562281464
13,3321.0,-569.0
14,3312.0,-648.0
15,3302.624769167588,-732.4672214543718
16,3289.0,-872.0
17,3286.5705744783677,-904.9468273970556
18,3282.052698998246,-992.4162205586674
19,3282.0,-994.0
20,3281.0,-1076.0
21,3282.8703970184883,-1134.0286630988162
22,3285.0,-1164.0
23,3299.0,-1260.0
24,3306.0091071325105,-1291.3833700258683
25,3324.0,-1349.0
26,3342.3507918504647,-1389.8197294782622
27,3385.0,-1463.0
28,3407.4184944966873,-1493.6602043190014
29,3462.0,-1550.0
30,3467.196412059079,-1554.7206308921384
31,3505.0,-1587.0
32,3529.7936095874816,-1606.1295291227407
33,3595.852899213326,-1650.4349144048106
34,3610.0,-1659.0
35,3686.7543185545633,-1701.1073692704565
36,3694.0,-1705.0
37,3743.0,-1732.0
38,3748.0135456483968,-1734.919024187932
39,3802.2971508795154,-1769.500885228431
40,3803.0,-1770.0
41,3836.0,-1798.0
42,3850.547685622868,-1816.8222461530645
43,3881.0,-1873.0
44,3887.9931728262654,-1900.089466857578
45,3888.0,-1921.0
46,3887.786405390705,-1929.1422745467673
47,3885.0,-1974.0
48,3884.5092308096037,-1978.159074314494
49,3867.0,-2045.0
50,3865.03531505687,-2049.998756804747
51,3839.220929057383,-2108.536424559515
52,3839.0,-2109.0
53,3813.2005458694302,-2151.735397951784
54,3813.0,-2152.0
55,3796.0,-2173.0
56,3793.5330580769305,-2175.6927848554838
57,3747.0,-2215.0
58,3726.949972105974,-2226.557542687146
59,3669.0,-2252.0
60,3624.603998502619,-2264.490585852782
61,3564.0,-2270.0
62,3451.2342697507256,-2273.9814480748673
63,3450.0,-2274.0
64,3399.0821357759037,-2273.645460605171
65,3342.0,-2270.0
66,3311.6302241809726,-2267.920617670732
67,3276.0,-2265.0
68,3190.843260151709,-2254.1171443438257
69,3172.0,-2251.0
70,3110.0,-2239.0
71,3102.459150168207,-2237.347799438534
72,3036.0,-2221.0
73,3004.784349773231,-2212.464382538175
74,2860.0,-2169.0
75,2848.3429243007054,-2165.2643858961496
76,2736.243844339986,-2127.767011552958
77,2662.0,-2102.0
78,2609.030996655261,-2083.1620441211844
79,2526.589038953871,-2051.008027686713
80,2517.0,-2047.0
81,2416.0,-2002.0
82,2405.0525395464074,-1996.6595728657999
83,2261.0,-1921.0
84,2214.8755441616045,-1894.5280113725162
85,2143.0,-1849.0
86,2134.864120985528,-1843.7364650627885
87,2047.0,-1786.0
88,2026.7301519493503,-1772.3057214550104
89,1919.481174812129,-1697.3471909591858
90,1877.0,-1667.0
91,1792.0,-1605.0
92,1736.1318351645555,-1562.7809683018456
93,1609.0,-1465.0
94,1567.667422789717,-1432.815870837408
95,1522.1472833956022,-1396.2204116256562
96,1436.0,-1326.0
97,1422.6595539937998,-1315.1973148130212
98,1273.298843106285,-1194.5805007548972
99,1213.0,-1146.0
100,1152.079741689502,-1096.7613892270351
101,1137.0,-1084.0
102,978.8660725942442,-946.7757653471054
103,978.0,-946.0
104,920.7913059651196,-888.1436514958791
105,909.0,-874.0
106,831.0,-778.0
107,817.418997506966,-758.8685213754013
108,786.7887044061482,-707.6846381821243
109,783.0,-700.0
110,763.0,-653.0
111,747.4690558667014,-614.1479927365741
112,743.0,-563.0
113,744.5635943717127,-509.7585595490641
114,748.0,-452.0
115,752.1261200367535,-403.864083504014
116,758.421701473523,-377.91438078724514
117,761.0,-362.0
118,768.0,-302.0
119,769.7144517426796,-264.0960076656471
120,769.0,-210.0
121,768.7799110512456,-203.7072584990523
122,759.6414133622051,-109.21757502202642
123,755.0,-86.0
124,727.0,25.0
125,714.9292361866254,62.52550328722681
126,689.0,108.0
127,686.0304879452348,112.73223284935246
128,647.8997280453677,170.9533902651685
129,640.0,182.0
130,517.0,341.0
131,512.0086215592237,347.3118550490524
132,487.95588442169395,377.41557289227035
133,468.0,402.0
134,405.0,480.0
135,373.29779259824807,519.2362916072461
136,297.9949123904833,610.8045335410985
137,297.0,612.0
138,194.0,735.0
139,168.81201490889114,764.5836533347762
140,118.84864406233385,819.7874842340843
141,81.0,857.0
142,48.45241190520671,888.3171092805405
143,19.0,916.0
144,-110.69677747929258,1029.1059707421546
145,-183.0,1088.0
146,-259.77495400360147,1148.6795002458862
147,-410.0,1268.0
148,-467.5298961308837,1317.1673481471048
149,-580.94689801378,1422.9661538953685
150,-589.0,1431.0
151,-647.3982946244432,1495.2095771031977
152,-687.4209837783736,1556.0312719553867
153,-688.0,1557.0
154,-767.5384772301524,1703.980243668493
155,-792.0,1757.0
156,-821.8667172630003,1833.2317882106543
157,-828.0,1851.0
158,-920.0,2166.0
159,-931.3484918518824,2217.839086834646
160,-942.3931003165324,2357.9593273413193
161,-942.0,2419.0
162,-942.4035082791631,2480.6103390633584
163,-943.6615695678295,2571.954746803171
164,-943.0,2654.0
165,-942.443966306114,2680.9629045700785
166,-942.0,2699.0
167,-935.93929611329,2880.354834425927
168,-932.0,2980.0
169,-927.6778713414847,3073.5128202554793
170,-920.0,3183.0
171,-916.5517903269533,3223.461225609287
172,-911.0,3347.0
173,-917.0,3498.0
174,-917.8357175708312,3511.781779900571
175,-928.3717036185617,3617.846879251727
176,-948.5571324476118,3679.76679907337
177,-954.0,3695.0
178,-985.461553931968,3775.847619941076
179,-986.0,3777.0
180,-1016.0,3831.0
181,-1029.9631972377927,3852.413081209218
182,-1071.0,3898.0
183,-1124.4311959274698,3936.6260069972654
184,-1157.0,3956.0
185,-1197.0318742094928,3974.178425564554
186,-1251.0245804434808,3982.928403082762
187,-1280.0,3984.0
188,-1322.5649905728123,3983.4285663408755
189,-1373.0,3981.0
190,-1384.0668374745112,3980.396970672539
191,-1423.021671365749,3977.356310784049
192,-1427.0,3977.0
193,-1466.5232451717523,3973.5044375188345
194,-1488.0,3972.0
195,-1519.7299068606694,3970.440116675263
196,-1591.0,3970.0
197,-1615.6981737862518,3970.9742987873374
198,-1664.0,3978.0
199,-1734.3348696234043,3998.0968803659193
200,-1781.0,4014.0
201,-1857.201583943675,4054.3100937551126
202,-1886.0,4078.0
203,-1911.8995136992157,4098.469675819697
204,-1957.0,4141.0
205,-1997.4993303714564,4186.747535919776
206,-2050.0,4250.0
207,-2094.3025441926497,4312.041959686729
208,-2111.0,4345.0
209,-2129.383218075256,4379.343251676562
210,-2163.0,4449.0
211,-2205.768386436514,4566.206128655839
212,-2221.0,4613.0
213,-2235.915978359391,4666.113594809256
214,-2244.0,4705.0
215,-2250.7697626211852,4738.935333604384
216,-2276.689609146538,4878.168687208084
217,-2277.0,4880.0
218,-2295.250056132534,4997.643975749574
219,-2298.0,5018.0
220,-2304.841480452613,5077.65977886067
221,-2305.0,5079.0
222,-2320.0,5200.0
223,-2341.79943290735,5397.313941242501
224,-2345.0,5427.0
225,-2354.978752941723,5519.8811578865825
226,-2360.0,5571.0
227,-2371.0,5690.0
228,-2380.294300757938,5788.594609849327
229,-2386.0,5854.0
230,-2405.5735445655837,6101.4193474969015
231,-2407.0,6120.0
232,-2413.186422048411,6203.083859184853
233,-2417.0,6263.0
234,-2421.211607719061,6331.365152007213
235,-2425.0,6395.0
236,-2428.3026178349637,6453.376692843279
237,-2433.0,6543.0
238,-2437.1950682403076,6631.83511270708
239,-2441.0,6723.0
240,-2446.0,6890.0
241,-2446.887593934038,6944.175274267825
242,-2448.8842376412863,7198.520522695298
243,-2449.0,7232.0
244,-2448.6276181463804,7318.996254813259
245,-2444.0958652402664,7434.690610296385
246,-2444.0,7437.0
247,-2433.0,7692.0
248,-2428.2076525183143,7790.236770396356
249,-2414.131511758699,7949.644372799323
250,-2414.0,7951.0
251,-2400.0,8097.0
252,-2377.9027233679826,8303.04314406239
253,-2375.0,8326.0
254,-2339.2784038537484,8587.054778659289
255,-2339.0,8589.0
256,-2310.0,8771.0
257,-2303.463182848889,8807.69186487145
258,-2266.0,9002.0
259,-2208.0,9267.0
260,-2201.1748007603974,9297.133968935732
261,-2172.0,9417.0
262,-2169.1391094859923,9428.727926624177
263,-2140.0,9549.0
264,-2107.479690295999,9682.990120718778
265,-2089.0,9762.0
266,-2048.7238406733204,9943.701106219401
267,-2042.0,9974.0
268,-2013.5340993028021,10096.178981128958
269,-2001.0,10148.0
270,-1995.4174985644422,10171.340804931742
271,-1983.0,10219.0
272,-1965.930354186838,10273.180467288754
273,-1934.485437100543,10361.707279939115
274,-1934.0,10363.0
275,-1908.4462115885801,10420.728853579662
276,-1891.0,10446.0
277,-1885.7977500102045,10453.249599593146
278,-1856.8155617097445,10490.253178426272
279,-1833.0,10510.0
280,-1804.3054712246249,10527.836955690793
281,-1752.0,10553.0
282,-1736.5590180419183,10559.12515473794
283,-1662.295882897623,10578.654848549322
284,-1624.0,10585.0
285,-1592.8424595808613,10588.487497832672
286,-1547.0,10608.0
287,-1515.3055445111959,10623.392915937622
288,-1398.0,10684.0
289,-1359.0497764469992,10706.44083162141
290,-1326.3989301304432,10736.762178974392
291,-1307.0,10757.0
292,-1280.5913343813831,10782.870610993828
293,-1250.0,10815.0
294,-1234.7474796703257,10833.637739789965
295,-1229.0,10841.0
296,-1169.0,10926.0
297,-1147.711818728973,10961.075486091164
298,-1120.0,11015.0
299,-1052.0,11178.0
300,-1042.792777940531,11202.895306046881
301,-1006.4009735127003,11317.438528001037
302,-982.0,11409.0
303,-966.0637962920805,11468.976599550784
304,-962.0,11485.0
305,-915.490233690751,11674.448937282412
306,-909.0,11701.0
307,-886.0,11795.0
308,-857.0,11914.0
309,-852.2061741125211,11933.681797670859
310,-831.4703053075032,12020.935186937126
311,-831.0,12023.0
312,-801.8064448465394,12155.156878397522
313,-789.0,12215.0
314,-777.2755186446605,12274.347876865655
315,-768.0,12327.0
316,-735.8269053376396,12508.400621631172
317,-718.0,12609.0
318,-703.3918700445852,12691.92259077024
319,-688.0,12788.0
320,-686.4680882464802,12798.06841125398
321,-669.3306117945491,12911.80534982145
322,-669.0,12914.0
323,-635.3044230097315,13140.834763886678
324,-635.0,13143.0
325,-627.0,13201.0
326,-615.7863366882343,13285.82454589304
327,-603.0,13390.0
328,-586.0,13553.0
329,-581.3183002682683,13610.569073756895
330,-574.0,13718.0
331,-569.380066327067,13791.90452312442
332,-566.0,13854.0
333,-562.208479199677,13943.878030268737
334,-561.0,13976.0
335,-555.7354059365632,14128.261394618681
336,-554.0,14207.0
337,-553.241403433083,14282.810097642074
338,-553.0,14332.0
339,-552.7369335731557,14480.773848903944
340,-553.0,14532.0
341,-553.9141838949204,14610.384665222955
342,-556.0,14704.0
343,-557.9868217518239,14761.58834373783
344,-560.0,14798.0
345,-587.0,15081.0
346,-588.7640229493103,15095.602871699346
347,-620.0,15270.0
348,-630.944399018563,15321.606526955446
349,-661.0,15459.0
350,-680.1355675525499,15541.933963746409
351,-727.0,15740.0
352,-756.927691038895,15867.382398635105
353,-774.0,15943.0
354,-789.8370858538462,16014.691907498725
355,-807.0,16093.0
356,-831.4246519452639,16205.729159862736
357,-836.0,16228.0
358,-840.0,16248.0
359,-850.4637807163577,16301.403843375254
360,-857.0,16336.0
361,-870.0595939963326,16411.469220228766
362,-875.0,16453.0
363,-879.8331601409259,16532.5201069283
364,-880.0,16566.0
365,-871.9600912284775,16632.174733963016
366,-851.4279971205938,16671.420370069434
367,-851.0,16672.0
368,-781.3402538925847,16737.720580259567
369,-781.0,16738.0
370,-751.0,16751.0
371,-746.9617161065432,16751.666012126494
372,-684.7592533624673,16759.926254374623
373,-684.0,16760.0
374,-653.6868762443366,16759.057661939485
375,-640.0,16752.0
376,-629.7691283905993,16747.140443039265
377,-601.0,16732.0
378,-578.6614057612398,16713.551529980865
379,-576.0,16711.0
380,-556.3356398334494,16689.98985233621
381,-546.0,16676.0
382,-517.7427104096753,16629.953438834076
383,-515.0,16625.0
384,-501.1503148387389,16597.42105657904
385,-491.4209248729312,16573.11557101421
386,-488.0,16564.0
387,-484.02110824075373,16552.42537382279
388,-480.0,16541.0
389,-466.3279499623994,16503.33605565872
390,-461.0,16487.0
391,-443.39157692190145,16421.778734846594
392,-436.0,16388.0
393,-429.75463992938944,16355.10480564285
394,-426.0,16333.0
395,-418.51867557033955,16282.576709714389
396,-413.0,16236.0
397,-410.0,16204.0
398,-403.0293049418076,16116.667127891971
399,-395.8328196034933,16022.365347254317
400,-395.0,16012.0
401,-383.0905002822916,15893.760698432532
402,-383.0,15893.0
403,-371.0,15807.0
404,-363.7443848687116,15769.466677281504
405,-327.0,15611.0
406,-314.7048839300066,15564.826495959329
407,-285.0,15480.0
408,-275.09972339328874,15453.61973569368
409,-237.0,15353.0
410,-216.0,15298.0
411,-208.14468106207912,15278.19844358232
412,-160.0,15164.0
413,-147.79156595423777,15135.127357405783
414,-99.4329078731033,15020.455926061251
415,-92.0,15003.0
416,-6.0,14802.0
417,7.4733655642169285,14770.334322143006
418,86.42752372074756,14582.568820437722
419,98.0,14555.0
420,141.0,14455.0
421,151.3585911614466,14431.355753409156
422,256.0,14193.0
423,286.18047181171886,14123.766636835682
424,307.0,14076.0
425,335.01001774991425,14012.141185532195
426,388.0,13891.0
427,419.0182334671109,13819.573262288377
428,494.0,13646.0
429,541.2544328871538,13535.010971755855
430,588.0,13422.0
431,617.9529714325054,13349.531754028223
432,676.0,13209.0
433,717.9284500005936,13107.130556962848
434,747.0,13035.0
435,762.2557470279272,12996.733101398324
436,811.0,12873.0
437,867.5818515302867,12724.644166221395
438,896.0,12648.0
439,907.0,12618.0
440,929.5022105063545,12557.14451713819
441,968.48355851101,12445.333743135054
442,987.0,12388.0
443,1104.418132625477,12013.233205257844
444,1115.0,11979.0
445,1161.2967180187939,11821.512904573912
446,1178.0,11755.0
447,1185.471270807201,11727.02080893655
448,1204.0,11658.0
449,1227.739513576483,11567.196833982176
450,1258.0,11447.0
451,1330.4337308927193,11152.65645936323
452,1335.0,11134.0
453,1353.5614004135084,11057.901232350563
454,1367.0,11002.0
455,1403.336514526463,10849.704079143754
456,1436.0,10711.0
457,1475.0,10543.0
458,1475.7375827573894,10539.864908811433
459,1507.0,10408.0
460,1520.1156656376759,10351.976062636257
461,1578.0,10103.0
462,1601.2785395185317,10004.160244183897
463,1618.0,9933.0
464,1618.9063310887414,9929.099763053571
465,1693.198628369806,9607.694812462154
466,1701.0,9574.0
467,1724.056351629913,9474.995342969485
468,1741.0,9403.0
469,1744.8559809764765,9386.620475263797
470,1794.4196476858665,9176.151932279376
471,1806.0,9127.0
472,1814.0,9093.0
473,1826.7054035950177,9038.238284911627
474,1866.0522718620819,8864.020892715645
475,1877.0,8816.0
476,1913.572483892396,8657.848818735278
477,1917.0,8643.0
478,1949.492002628448,8501.39181157767
479,1953.0,8486.0
480,1982.354440717218,8356.158412302932
481,2004.0,8260.0
482,2031.0,8141.0
483,2048.0087249693975,8066.9862076537265
484,2111.4141801422707,7793.498964015096
485,2119.0,7761.0
486,2148.0,7639.0
487,2148.74827911829,7635.818845698221
488,2189.0,7464.0
489,2190.0794943133656,7459.420731526308
490,2231.0,7288.0
491,2240.3543514461626,7249.519448259349
492,2278.0,7095.0
493,2291.5048533703666,7037.994005874369
494,2311.0,6955.0
495,2324.479427587837,6898.231825306304
496,2374.0,6692.0
497,2391.8463948640433,6617.159233858509
498,2432.0,6447.0
499,2447.952550157732,6378.393789166801
500,2460.0,6327.0
501,2513.4582301238734,6102.790852334074
502,2528.0,6041.0
503,2548.73274498512,5950.406920973118
504,2573.7346239462317,5831.982109249575
505,2575.0,5826.0
506,2592.822729109602,5736.542649983583
507,2596.0,5708.0
508,2603.635952047556,5580.5292415403455
509,2604.0,5529.0
510,2599.7008275436087,5484.734444780176
511,2588.0,5447.0
512,2570.0,5399.0
513,2566.3121899327107,5390.599891473804
514,2532.2726855188967,5328.87492048116
515,2516.0,5302.0
516,2483.7946169336847,5249.054756524134
517,2451.0,5193.0
518,2446.2707737401806,5184.287442583397
519,2423.5770011044824,5133.377524774711
520,2412.0,5082.0
521,2410.5996265200556,5074.67364807285
522,2399.035337479723,5003.056452805229
523,2397.0,4982.0
524,2395.0,4914.0
525,2395.003879945471,4912.45577293167
526,2398.9898549328414,4801.130384063934
527,2400.0,4787.0
528,2407.0,4719.0
529,2431.0,4567.0
530,2433.542190043534,4552.442505575027
531,2463.3039608313848,4413.180753538955
532,2468.0,4394.0
533,2489.2933465063406,4308.784225923958
534,2509.0,4236.0
535,2555.0,4075.0
536,2564.653246556765,4041.7706169607036
537,2605.9858066225825,3901.3010620482364
538,2639.0,3789.0
539,2654.3953770486855,3735.5407059075897
540,2686.0,3620.0
541,2689.6032326780287,3606.498853847931
542,2709.0,3533.0
543,2736.2375714253753,3427.1494977911134
544,2771.0,3291.0
545,2789.883820241267,3217.961747107379
546,2811.4892573002708,3134.8628475440223
547,2819.0,3105.0
548,2856.0,2956.0
549,2863.8509881343034,2925.0895107259416
550,2877.0,2874.0
551,2921.366240983426,2704.2126694389885
552,2924.0,2694.0
553,2960.0,2553.0
554,3024.818534087405,2306.261788290846
555,3032.0,2279.0
556,3056.963260220917,2183.8093928420376
557,3078.0,2103.0
558,3109.0,1984.0
559,3109.9552454918808,1980.3458987412957
560,3179.2958437693196,1716.2125310150236
561,3192.0,1668.0
562,3208.330637722441,1606.2648442581076
563,3238.0,1484.0
564,3254.2484648355116,1413.2202231247475
565,3305.0,1189.0
566,3323.3031555769508,1105.2838713970473
567,3328.0,1070.0
1,3379.0,709.0
2,3389.066928283111,583.907914754822
3,3395.5673554206314,418.98697696123827
4,3396.0,380.0
5,3394.0,230.0
6,3391.087572336114,152.31683979289792
7,3384.0,30.0
8,3375.032298172401,-79.56265831984398
9,3373.0,-102.0
10,3360.0,-235.0
11,3337.417149060394,-432.8355096413386
12,3332.0,-479.0
13,3307.6334499100035,-687.6088341437372
14,3307.0,-693.0
15,3298.5693397066675,-765.2992871435017
16,3297.0,-782.0
17,3287.8652963966847,-893.9934700337055
18,3286.0,-922.0
19,3281.0,-1060.0
20,3281.076789314052,-1085.456682453008
21,3284.0,-1146.0
22,3285.9458231121157,-1164.5142623928048
23,3313.0,-1318.0
24,3329.828213128616,-1372.510700624432
25,3355.0,-1416.0
26,3357.6393693707287,-1420.1863216324268
27,3412.0,-1498.0
28,3426.7016982511245,-1515.0735666164826
29,3434.0,-1523.0
30,3539.9805788583863,-1612.559251223737
31,3542.0,-1614.0
32,3596.0,-1650.0
33,3634.3428300511187,-1672.6165784311208
34,3662.0,-1688.0
35,3734.5419709522216,-1727.196685475151
36,3736.0,-1728.0
37,3780.0,-1753.0
38,3797.9555007505533,-1763.8348664439675
39,3838.0,-1799.0
40,3868.533086973637,-1847.907835573811
41,3880.0,-1870.0
42,3891.503591567698,-1904.159023261809
43,3889.0,-1928.0
44,3888.547446718415,-1937.8163725077984
45,3886.0,-1971.0
46,3883.334104864607,-1985.7950356079018
47,3867.341874235361,-2045.5290567185834
48,3864.0,-2056.0
49,3852.7598310752933,-2083.489430341078
50,3848.0,-2093.0
51,3827.0,-2131.0
52,3825.1629635143427,-2133.7538654507875
53,3780.712928046811,-2187.569386030928
54,3758.0,-2208.0
55,3746.558131652647,-2216.5933941735043
56,3693.2636741215956,-2243.7413613773356
57,3669.0,-2252.0
58,3619.778476871567,-2263.2990831933025
59,3587.0,-2268.0
60,3527.663772045809,-2273.269585520155
61,3488.0,-2274.0
62,3445.8343142788085,-2273.558007705663
63,3382.0,-2272.0
64,3301.199413647329,-2269.2017782953812
65,3246.0,-2262.0
66,3223.5735038585653,-2258.416884421506
67,3221.0,-2258.0
68,3116.0,-2240.0
69,3087.145507303201,-2234.125394852272
70,3013.0,-2215.0
71,2890.395554630596,-2178.532262204146
72,2869.0,-2172.0
73,2760.3949422976502,-2136.9794012217158
74,2740.0,-2130.0
75,2619.184004755747,-2087.1942181414834
76,2616.0,-2086.0
77,2535.1196080660047,-2054.27244380284
78,2532.0,-2053.0
79,2437.0,-2012.0
80,2356.523014837124,-1972.6182258096833
81,2235.0,-1906.0
82,2093.7967487396413,-1816.8239734681204
83,2003.0,-1756.0
84,1987.4693444046002,-1745.5203007694054
85,1933.0677305919774,-1708.390981837661
86,1866.0,-1660.0
87,1773.3586013500092,-1590.9815583327534
88,1760.0,-1581.0
89,1672.143555875281,-1515.3393367940848
90,1599.0,-1458.0
91,1575.0818618956403,-1438.6716089726356
92,1557.0,-1424.0
93,1366.9025283707867,-1269.9385802892164
94,1341.0,-1249.0
95,1198.0,-1134.0
96,1141.31596357715,-1088.9402729050362
97,1065.0,-1024.0
98,1055.807830577198,-1015.7697897313998
99,954.0,-922.0
100,946.7785298759184,-915.2051671404934
101,887.2704640234596,-854.100637134999
102,866.0,-825.0
103,813.2457718505907,-752.731806853147
104,807.0,-743.0
105,774.9126567434641,-682.4013735920647
106,760.0,-645.0
107,749.0,-608.0
108,744.573389639096,-574.6052847513977
109,746.0,-461.0
110,750.9035131201647,-403.65759665840585
111,767.8867802460333,-291.20489559336664
112,769.0,-284.0
113,767.0,-186.0
114,766.0537451384918,-178.05336283207126
115,753.0,-75.0
116,745.0337737253009,-25.009956279451696
117,736.4751039765091,-2.4888262120414666
118,732.0,9.0
119,702.0,82.0
120,669.4877827194101,138.6962029182677
121,640.0,182.0
122,589.9856861988526,248.56126151114788
123,581.0,260.0
124,505.341237984444,354.65917308272105
125,481.0,385.0
126,450.61461049464754,423.08978259183505
127,425.0,455.0
128,421.67643519838515,459.0928104005159
129,320.17730133241906,583.161691618685
130,313.0,592.0
131,273.45993367513665,641.0465085098691
132,250.0,669.0
133,207.5846849876732,717.9140762967171
134,174.0,756.0
135,145.91460271161094,787.5055845648365
136,87.29705895568502,850.9073064139208
137,34.0,902.0
138,-125.0,1041.0
139,-133.23838275411953,1047.9582155228704
140,-198.71494275643906,1101.4860003969536
141,-266.0,1154.0
142,-348.0,1219.0
143,-395.6582360630089,1256.143473521349
144,-476.85100727233555,1322.0006043814578
145,-503.0,1346.0
146,-633.0,1480.0
147,-639.2893318225357,1487.1617459279616
148,-686.8918833198818,1549.4923891558587
149,-717.0,1603.0
150,-751.4672631178948,1670.6089965177703
151,-791.0,1756.0
152,-800.3572794495997,1778.2074636745315
153,-838.0,1877.0
154,-877.5623199083594,1994.392591304684
155,-879.0,1999.0
156,-923.1880840039125,2185.8699175884485
157,-924.0,2192.0
158,-942.0813787516715,2430.519305451571
159,-944.0,2470.0
160,-945.4736120624863,2601.3498184325153
161,-943.0,2677.0
162,-939.8569319204788,2773.185812793009
163,-935.0,2915.0
164,-932.534484984998,2978.352544692908
165,-923.7364127863275,3139.976675007621
166,-923.0,3152.0
167,-929.653933658296,3589.867379766024
168,-936.0,3619.0
169,-961.974883729489,3716.6716695002874
170,-963.0,3720.0
171,-1022.9599026851517,3841.021065114622
172,-1032.0,3853.0
173,-1070.0,3896.0
174,-1105.2670868133278,3925.5636258033624
175,-1133.0,3944.0
176,-1199.0,3971.0
177,-1203.34754358591,3972.1890226993683
178,-1240.0,3980.0
179,-1272.288830740475,3983.5933156230476
180,-1335.0,3983.0
181,-1364.0071599443427,3981.320410526663
182,-1421.0,3977.0
183,-1438.351895420681,3975.5569011005605
184,-1499.569827048905,3970.4852695795826
185,-1524.0,3970.0
186,-1544.0,3970.0
187,-1562.8965258279738,3970.2704014424917
188,-1652.4535595381283,3975.6971540037707
189,-1683.0,3981.0
190,-1708.0167247388308,3987.25587073081
191,-1742.0,3998.0
192,-1800.826159461502,4023.0245960608536
193,-1814.0,4031.0
194,-1917.0,4103.0
195,-1975.2650191768873,4150.568916143532
196,-2027.0,4219.0
197,-2036.9146485763624,4232.873700613107
198,-2080.0,4293.0
199,-2111.4260037630083,4338.904791103858
200,-2158.2187814653016,4433.604458318525
201,-2166.0,4454.0
202,-2230.0,4645.0
203,-2238.8778106292975,4675.112647190868
204,-2240.0,4688.0
205,-2277.0,4876.0
206,-2278.2735266698073,4883.6422374181275
207,-2286.0,4934.0
208,-2292.457479614584,4979.545945546466
209,-2306.4279034053766,5085.51745563491
210,-2307.0,5090.0
211,-2322.0,5213.0
212,-2327.1360305171775,5258.523042344341
213,-2333.0,5312.0
214,-2338.076835189961,5358.532241568062
215,-2351.7321285258754,5486.409723909461
216,-2356.0,5529.0
217,-2361.0,5581.0
218,-2374.2226795184815,5727.150124616211
219,-2384.0,5835.0
220,-2393.5044698250185,5939.897009496675
221,-2394.0,5946.0
222,-2409.4480845161715,6150.388281990918
223,-2410.0,6158.0
224,-2427.6620564222503,6435.583980408088
225,-2430.0,6478.0
226,-2433.6469718772287,6543.8523869414075
227,-2440.0,6686.0
228,-2441.717922877933,6733.560341688462
229,-2446.94359459015,6898.154906437918
230,-2448.0,6943.0
231,-2449.8077090370552,7084.699472968845
232,-2448.6213070836147,7247.11652980864
233,-2448.0,7283.0
234,-2445.8421506044806,7373.879522065365
235,-2439.0,7567.0
236,-2438.6470049321742,7575.736607288248
237,-2434.6923458343713,7665.276919500054
238,-2430.0,7743.0
239,-2419.0,7887.0
240,-2414.632952557018,7937.631507620492
241,-2394.855044090002,8147.103249519788
242,-2385.0,8243.0
243,-2380.4663201459202,8284.643146404827
244,-2354.0,8488.0
245,-2352.6683784072934,8497.456165844054
246,-2332.0,8636.0
247,-2298.1882048067764,8836.03797687279
248,-2293.0,8866.0
249,-2273.4230566533347,8975.182412560927
250,-2251.0,9074.0
251,-2248.2359847955113,9086.019904120705
252,-2164.0,9450.0
253,-2161.8822911908405,9459.096611591647
254,-2142.0,9543.0
255,-2137.338641735904,9562.643765135714
256,-2092.0467408764703,9754.271606865002
257,-2068.0,9857.0
258,-2054.732644158753,9915.658526472796
259,-2047.0,9951.0
260,-2018.0,10080.0
261,-2011.4958269229696,10107.545931628538
262,-1999.0,10158.0
263,-1976.959881465119,10238.108029890313
264,-1971.0,10258.0
265,-1956.1831946066145,10304.231616875426
266,-1939.0,10351.0
267,-1915.7385816961523,10403.092845657651
268,-1902.0,10429.0
269,-1874.8266292903463,10469.651938408297
270,-1863.0,10482.0
271,-1823.0379984160575,10514.762701986341
272,-1784.0,10541.0
273,-1730.9724565013707,10563.044860523722
274,-1692.0,10571.0
275,-1687.424171422103,10571.991394101791
276,-1577.8886959798351,10598.358869419855
277,-1569.0,10601.0
278,-1510.2536911221364,10623.455046103174
279,-1492.0,10632.0
280,-1425.0,10668.0
281,-1403.3803563065667,10682.359775818892
282,-1308.4720250727025,10755.759461235748
283,-1307.0,10757.0
284,-1274.4844245943061,10786.953079816982
285,-1247.0,10819.0
286,-1243.2781803173184,10823.519076678376
287,-1196.0,10884.0
288,-1159.8837332142023,10940.602865138322
289,-1150.0,10958.0
290,-1109.956528969767,11036.160164898138
291,-1090.0,11080.0
292,-1073.7603379407337,11118.692812994708
293,-1044.0,11199.0
294,-1035.316188603816,11224.868302851351
295,-1025.0,11257.0
296,-990.0,11380.0
297,-987.4931555770225,11389.416903102034
298,-945.6548219742031,11550.821796234157
299,-934.0,11597.0
300,-914.1831698697254,11679.166718836124
301,-898.6981166636756,11745.622142532993
302,-893.0,11768.0
303,-878.0,11826.0
304,-829.0,12031.0
305,-819.0616397771456,12075.17986075811
306,-788.1067117127047,12222.8863616328
307,-768.0,12326.0
308,-762.4260817103698,12355.98267221321
309,-756.0,12392.0
310,-749.7159964628755,12426.86777430476
311,-714.1725651795022,12627.453166923122
312,-709.0,12659.0
313,-692.7654059917382,12764.037071454264
314,-692.0,12769.0
315,-655.0,13006.0
316,-651.0161268220687,13031.651947061113
317,-630.0,13176.0
318,-625.5136863718312,13209.799355937765
319,-608.0,13349.0
320,-603.4619879170928,13389.047982647578
321,-591.0,13510.0
322,-585.6530644084926,13564.756856898757
323,-580.0,13628.0
324,-572.2885016158302,13742.817760159835
325,-572.0,13748.0
326,-560.9415709030839,13982.64181978789
327,-560.0,14004.0
328,-555.4509678132745,14111.729922790013
329,-554.0,14233.0
330,-553.7551814782512,14274.000572388668
331,-553.0,14583.0
332,-553.0339224256786,14596.865223099363
333,-557.0,14724.0
334,-558.679581706389,14760.803566610859
335,-564.0,14864.0
336,-571.3264915987761,14953.820240368237
337,-583.0,15051.0
338,-592.4122802434658,15113.013374295664
339,-618.0,15255.0
340,-644.2028182451359,15382.043990745893
341,-668.0,15489.0
342,-686.0,15567.0
343,-688.4596949237456,15577.577612598641
344,-723.8579184820463,15729.375146744569
345,-750.0,15841.0
346,-770.5465679959855,15927.93436606647
347,-784.0,15986.0
348,-802.4750856481135,16069.180407802036
349,-822.0,16161.0
350,-833.4249064663211,16217.17710983591
351,-834.0,16220.0
352,-855.0,16324.0
353,-857.4229521378221,16337.390057308272
354,-870.0,16417.0
355,-878.0,16478.0
356,-879.6993111869958,16493.478737292982
357,-880.0,16556.0
358,-875.3832675677509,16588.785057240893
359,-867.0,16635.0
360,-858.6311375150133,16660.701220051724
361,-853.0,16667.0
362,-829.3178197713268,16698.360760072363
363,-809.0,16720.0
364,-796.4164465407982,16729.735892240085
365,-770.0,16744.0
366,-759.7049294999465,16748.263815742346
367,-739.0,16755.0
368,-720.6554452335686,16758.950015702052
369,-700.0,16761.0
370,-674.1511754223136,16759.915204620484
371,-666.0,16759.0
372,-636.3394638514767,16752.320916927514
373,-619.0,16743.0
374,-589.182515324257,16722.575905344384
375,-579.0,16715.0
376,-558.839154893767,16693.333481962574
377,-556.0,16689.0
378,-540.8545757979913,16667.995210843765
379,-526.0,16645.0
380,-500.25980542146687,16593.4850501989
381,-500.0,16593.0
382,-495.3307955922924,16584.82532577393
383,-495.0,16584.0
384,-468.0,16510.0
385,-448.97623990615335,16444.11059422089
386,-434.347619607206,16379.312949937987
387,-432.0,16368.0
388,-427.5687470676479,16344.658075788773
389,-422.0,16305.0
390,-417.830648873266,16271.549759212932
391,-412.0,16221.0
392,-410.69592804088245,16208.459169959731
393,-405.17951835321094,16146.382043316982
394,-404.0,16132.0
395,-394.0,16007.0
396,-389.42462267592055,15949.878931341405
397,-382.86079813077407,15885.550858194614
398,-378.0,15853.0
399,-361.43730170079624,15754.952705641741
400,-359.0,15742.0
401,-332.0,15629.0
402,-324.4047827648488,15603.846383519993
403,-281.0,15470.0
404,-274.83331479978006,15451.577402527186
405,-253.9744974039495,15394.990929039273
406,-250.0,15385.0
407,-202.0,15266.0
408,-184.851692725872,15224.428508101824
409,-138.2013074951828,15113.537507962614
410,-127.0,15087.0
411,-83.0,14983.0
412,-59.60124470327892,14928.390429331253
413,-13.0,14819.0
414,-9.918542589426947,14811.558999922732
415,26.0,14724.0
416,84.48314539897991,14586.957589347054
417,119.0,14507.0
418,159.11874077822145,14414.005064223093
419,188.85949208516055,14345.303897362593
420,199.0,14322.0
421,270.0,14160.0
422,342.63550163524616,13995.561548151352
423,353.0,13972.0
424,393.6749550036568,13877.961771338261
425,422.0,13812.0
426,442.1720606299304,13766.166201178381
427,475.0,13691.0
428,547.5062502591618,13516.474229706642
429,561.0,13485.0
430,585.0,13430.0
431,595.0420338786946,13406.421271334722
432,637.0,13304.0
433,641.0097788206674,13294.139710158515
434,700.0,13149.0
435,721.8480490177526,13095.273102626505
436,770.0,12976.0
437,791.5700443736074,12921.479744371485
438,844.0,12786.0
439,872.0,12712.0
440,881.6978197817755,12686.032480950878
441,936.0117678857569,12536.899225835892
442,948.0,12503.0
443,1000.0017745040828,12350.842778118915
444,1020.0,12289.0
445,1090.421803261564,12061.222747084577
446,1092.0,12056.0
447,1124.8252921012083,11943.684281347787
448,1146.0,11868.0
449,1156.5072330548148,11830.863774241681
450,1186.0,11725.0
451,1252.5400559747502,11468.059334146077
452,1273.0,11387.0
453,1286.9576005075946,11331.209225129762
454,1329.0,11159.0
455,1339.7870257999584,11114.97921255214
456,1341.0,11110.0
457,1371.2154983750409,10983.216219242951
458,1384.0,10929.0
459,1402.2834246251527,10851.59362844726
460,1423.0,10764.0
461,1457.0159189314827,10620.24204429494
462,1482.0,10514.0
463,1513.0,10381.0
464,1526.3237056279377,10323.885478493194
465,1560.0,10180.0
466,1568.6309458567648,10143.190333714174
467,1635.0,9860.0
468,1663.3933526412718,9737.18732691338
469,1679.755844469124,9665.700028377662
470,1690.0,9622.0
471,1724.7451578494492,9475.304248601298
472,1726.0,9470.0
473,1772.9261407327704,9269.683891803541
474,1774.0,9265.0
475,1802.0686847402092,9141.148867923748
476,1809.0,9111.0
477,1871.1112545154276,8844.102745628368
478,1873.0,8836.0
479,1919.7018830832376,8634.228758455236
480,1939.017167040115,8547.425890738956
481,1940.0,8543.0
482,1967.0,8422.0
483,1969.8390056659214,8409.505450414612
484,2007.0,8249.0
485,2024.1140060445907,8174.000773114661
486,2066.0,7989.0
487,2110.4685240560098,7796.543932335346
488,2112.0,7790.0
489,2145.0,7651.0
490,2160.1370963008903,7586.632250627868
491,2182.0,7494.0
492,2193.5772099859273,7446.1046086505685
493,2220.0,7338.0
494,2227.3469547480986,7307.531400597585
495,2268.84568793269,7131.578372849116
496,2303.0,6989.0
497,2337.0,6850.0
498,2345.0283788524657,6815.4670556024985
499,2365.0,6728.0
500,2406.0,6555.0
501,2429.871459078123,6454.98275071515
502,2455.0,6349.0
503,2461.0588179547,6323.2281539922105
504,2485.0,6221.0
505,2501.0127503765707,6153.62266774739
506,2519.0,6078.0
507,2539.977253523201,5988.167532987699
508,2552.0,5935.0
509,2565.869067000015,5870.793524546902
510,2573.0,5836.0
511,2588.9979662114465,5750.228046084
512,2591.0,5738.0
513,2601.6183678051716,5659.610431586539
514,2605.0,5615.0
515,2604.6663031310445,5546.8366583498655
516,2604.0,5537.0
517,2598.0472892432317,5487.361433660435
518,2585.0,5435.0
519,2578.07917587515,5416.35371198268
520,2554.0,5366.0
521,2519.6268493197526,5307.65885288432
522,2518.0,5305.0
523,2458.0,5206.0
524,2452.1285963846326,5195.423821156303
525,2428.0,5139.0
526,2410.8348416160443,5078.363833342741
527,2407.0,5059.0
528,2398.6150964405047,4987.949291826639
529,2395.031181416249,4895.3933389798385
530,2395.0,4893.0
531,2396.353573529045,4827.614205066579
532,2401.0,4775.0
533,2403.613465972519,4751.530357094765
534,2416.312294473931,4653.82707360483
535,2418.0,4642.0
536,2449.1118939329567,4474.844063027574
537,2450.0,4471.0
538,2484.0,4331.0
539,2488.4030263752747,4313.472951119533
540,2506.152028685948,4247.130761633352
541,2509.0,4237.0
542,2534.5575241275865,4147.361341173159
543,2559.0,4063.0
544,2589.0,3961.0
545,2595.7735951065297,3937.872990038457
546,2640.1888502872525,3784.613167527637
547,2650.0,3750.0
548,2681.630409823245,3635.6436978270694
549,2710.0,3530.0
550,2720.5032152709828,3490.287485672845
551,2738.2144052889766,3421.8020449994624
552,2758.1322393115156,3343.4216645790048
553,2759.0,3340.0
554,2797.965362393668,3186.0895336126623
555,2799.0,3182.0
556,2830.0,3060.0
557,2846.5367983209885,2996.2409546534905
558,2851.0,2979.0
559,2893.0,2814.0
560,2905.793131916532,2763.4938331725016
561,2940.0,2630.0
562,2942.6259289188615,2619.9808091226164
563,2987.8942237789547,2448.3762716507545
564,2989.0,2444.0
565,3000.0,2400.0
566,3025.1914441012996,2302.1371838249074
567,3063.9631050735425,2156.184793338265
568,3069.0,2137.0
569,3104.0,2003.0
570,3126.802973160741,1917.735148371474
571,3144.0,1853.0
572,3179.0,1717.0
573,3196.337814502189,1649.1401161531815
574,3237.0,1486.0
575,3254.149763920429,1414.1269146084614
576,3283.0,1290.0
577,3304.4057479268154,1191.301287021786
578,3316.0,1132.0
579,3321.9942128139182,1099.9688110550126
580,3341.223729590381,991.869620708346
1,3383.133900177022,627.3571794771544
2,3394.0,468.0
3,3396.9247192428734,401.2465047127195
4,3396.0,335.0
5,3394.300696549584,281.13610396404493
6,3381.204822465743,-12.30183740069415
7,3381.0,-16.0
8,3372.429679256139,-128.59110903283465
9,3364.0,-200.0
10,3355.729738141704,-271.2765445359206
11,3333.0,-467.0
12,3331.425915639533,-480.29455467707
13,3315.0,-621.0
14,3295.7812450457877,-806.1902246168358
15,3291.0,-855.0
16,3286.0,-924.0
17,3284.451781415653,-947.7495631238598
18,3281.0,-1033.0
19,3281.7974817281797,-1072.9095469400825
20,3296.6802421031252,-1248.6265475686023
21,3297.0,-1251.0
22,3323.0730421964304,-1358.3333481411807
23,3349.0,-1407.0
24,3351.6952169394663,-1411.469008267911
25,3382.5255363865417,-1458.2457953257172
26,3430.0,-1518.0
27,3472.4617732245665,-1560.4637686499716
28,3498.0,-1581.0
29,3574.029491421654,-1634.2936430570796
30,3616.0,-1662.0
31,3662.6777360817737,-1688.8662880824968
32,3681.0,-1698.0
33,3719.676494054244,-1719.0327677749397
34,3752.0,-1737.0
35,3786.607199726097,-1756.4528136011986
36,3813.0,-1777.0
37,3865.0,-1836.0
38,3867.7108003418616,-1839.6382015633299
39,3882.966222412064,-1870.3004893491227
40,3885.0,-1886.0
41,3887.8851019572057,-1923.1803797341709
42,3885.0,-1975.0
43,3881.8689428922057,-1992.3729815192878
44,3871.0,-2036.0
45,3867.358420376721,-2047.7233155818637
46,3856.0,-2074.0
47,3847.8846041085644,-2091.1972598608427
48,3824.0,-2135.0
49,3812.311826048577,-2151.6358330336916
50,3792.0,-2177.0
51,3783.482025067418,-2184.9056529091326
52,3781.0,-2187.0
53,3742.0,-2219.0
54,3729.1465706003537,-2227.044561495289
55,3689.0,-2245.0
56,3645.1816550971917,-2257.7343067763322
57,3644.0,-2258.0
58,3537.0,-2271.0
59,3531.5398846399266,-2271.3981386510745
60,3503.0,-2273.0
61,3401.48604492082,-2272.7113803859334
62,3372.0,-2272.0
63,3316.6451523792884,-2269.3273305449916
64,3268.0,-2264.0
65,3247.329736051592,-2261.48249595688
66,3149.0,-2247.0
67,3050.961705346113,-2224.5538853128046
68,3041.0,-2222.0
69,2955.0,-2198.0
70,2862.2270881163618,-2169.423048504228
71,2829.0,-2159.0
72,2709.256873546165,-2119.6500098836827
73,2688.0,-2112.0
74,2605.0,-2081.0
75,2588.5114977967996,-2074.915535479365
76,2520.0,-2048.0
77,2408.6471087763603,-1996.2190891205687
78,2306.0,-1946.0
79,2228.3472451036764,-1905.5408212294737
80,2178.6004175032285,-1873.1705326104125
81,2145.0,-1851.0
82,2060.0,-1795.0
83,2041.0907118873038,-1782.314754757151
84,2017.0,-1766.0
85,1869.4513170816929,-1662.7022764408057
86,1856.0,-1653.0
87,1761.6817258224717,-1583.620574370891
88,1716.0,-1549.0
89,1675.8448300606365,-1517.952706663063
90,1630.0,-1482.0
91,1545.624268025725,-1415.0923232725534
92,1533.0,-1405.0
93,1401.6981806382055,-1298.7602039702324
94,1381.0,-1282.0
95,1203.2221828619142,-1138.393498375525
96,1199.0,-1135.0
97,1106.8698815807543,-1062.1925884718144
98,1051.0,-1012.0
99,1008.7358190198765,-972.0283817321147
100,919.0,-885.0
101,893.2347216470403,-858.4163777240898
102,830.0553873383883,-777.690224138347
103,823.0,-767.0
104,793.0224508159154,-719.2537044444861
105,765.9238626115841,-662.1350165895409
106,763.0,-654.0
107,750.0,-610.0
108,741.2563577631622,-543.3012441770807
109,741.0,-534.0
110,745.6272716342917,-463.8982789168345
111,754.0,-406.0
112,760.3564190048219,-366.9143485855114
113,764.0,-342.0
114,770.0312482192772,-259.07290698654043
115,770.0,-250.0
116,769.0,-218.0
117,761.0,-124.0
118,756.2205154335364,-97.10355384735088
119,736.8636950572973,-12.996088441521835
120,727.0,23.0
121,701.1585022424398,87.43240326480023
122,685.0,114.0
123,652.6729211886069,162.75048137879614
124,640.0,181.0
125,597.7379705036337,238.23000815525825
126,591.0,247.0
127,538.1954600692009,314.011759866415
128,531.0,323.0
129,491.3409217364033,372.04634094142705
130,443.28472263254105,431.39718663221527
131,442.0,433.0
132,383.0,507.0
133,356.5011713111941,539.8427849222201
134,315.16149463489927,590.5685682362302
135,314.0,592.0
136,261.401703870511,656.3288419870555
137,241.0,680.0
138,74.75770375916748,862.1210644944506
139,73.0,864.0
140,8.578169891317893,927.4535353310274
141,-6.0,940.0
142,-112.0,1030.0
143,-137.36201138043174,1051.1181463016255
144,-235.71904284506195,1130.5179718026993
145,-254.0,1145.0
146,-391.0,1253.0
147,-401.2376663420642,1261.0938201616416
148,-463.9301174698135,1311.3234954406616
149,-505.0,1349.0
150,-619.0,1465.0
151,-675.8863136376872,1538.8963355029196
152,-714.0,1599.0
153,-733.2057252516258,1633.2439450068664
154,-784.0,1739.0
155,-825.9037115115224,1845.0017306560885
156,-827.0,1848.0
157,-891.9503505127915,2044.60597811508
158,-897.0,2063.0
159,-921.0,2176.0
160,-937.5189418059334,2320.49591719645
161,-939.0,2340.0
162,-944.0833774793243,2531.685766453929
163,-944.0,2564.0
164,-942.06954051416,2709.995558661376
165,-942.0,2713.0
166,-937.0,2863.0
167,-935.7714576844014,2890.778156245918
168,-935.0,2908.0
169,-929.3513338520376,3038.6194348139434
170,-927.0,3083.0
171,-919.1304111675693,3200.0916826870116
172,-919.0,3202.0
173,-911.1015226108327,3346.995767176515
174,-911.0,3373.0
175,-916.0,3482.0
176,-916.8031399116534,3492.1847992232497
177,-927.0,3578.0
178,-986.3838266543883,3776.3812802290918
179,-987.0,3778.0
180,-1033.3364699991853,3856.1954254543048
181,-1034.0,3857.0
182,-1073.0,3900.0
183,-1154.0,3955.0
184,-1158.667127399212,3957.5719892901934
185,-1239.0,3980.0
186,-1253.5907397429478,3981.6663467750273
187,-1285.0,3984.0
188,-1368.4053457903137,3980.6362326635876
189,-1404.0,3978.0
190,-1450.2415769097115,3974.4523264228355
191,-1456.0,3974.0
192,-1460.0,3974.0
193,-1462.9851060725473,3973.830003920668
194,-1529.2690461719287,3970.083313866218
195,-1531.0,3970.0
196,-1558.0,3969.0
197,-1649.0,3975.0
198,-1667.7574067799035,3977.910106735505
199,-1733.0,3995.0
200,-1738.9746218844482,3997.2678092393353
201,-1833.0,4042.0
202,-1838.596985814296,4045.011319701527
203,-1948.4114925670751,4132.3305828356815
204,-1950.0,4134.0
205,-2019.1985206275303,4209.843028495558
206,-2028.0,4220.0
207,-2060.1984422875958,4260.825920368835
208,-2082.0,4296.0
209,-2085.0136310577345,4300.935018744805
210,-2148.0,4415.0
211,-2173.1997936750404,4474.696335755278
212,-2211.0,4578.0
213,-2229.281868172828,4639.750975095216
214,-2241.0,4693.0
215,-2261.0297114720142,4788.267702203225
216,-2268.0,4825.0
217,-2293.0,4987.0
218,-2297.3884226961627,5018.975372406172
219,-2312.0,5133.0
220,-2330.3787936751505,5288.265196207411
221,-2334.0,5320.0
222,-2342.004796117731,5395.175696340253
223,-2346.0,5435.0
224,-2352.65541588346,5499.08412722424
225,-2371.0,5687.0
226,-2372.940461504708,5708.066093843929
227,-2386.0,5852.0
228,-2393.2746244604077,5934.320972567557
229,-2399.0,6020.0
230,-2400.8865256757613,6046.306936061264
231,-2413.1880246841774,6213.226563298044
232,-2420.0,6308.0
233,-2425.376904663728,6393.71743554548
234,-2429.0,6470.0
235,-2429.592003956587,6482.368457250545
236,-2441.318285377812,6731.12578720328
237,-2443.0,6771.0
238,-2447.021958807704,6910.203049680293
239,-2448.0,7001.0
240,-2448.2780210556502,7025.975870934886
241,-2449.0,7126.0
242,-2448.6864756845102,7197.1568745962495
243,-2446.0,7378.0
244,-2445.7379758093116,7390.068268182664
245,-2439.0,7569.0
246,-2434.380737876928,7656.115098894925
247,-2425.0,7810.0
248,-2424.183567485105,7821.850307093261
249,-2419.0,7891.0
250,-2412.436061371669,7966.6677381316085
251,-2390.0,8198.0
252,-2386.868977566134,8228.665107811406
253,-2376.6705916346395,8321.670037620237
254,-2363.0,8423.0
255,-2361.350774122117,8434.661992163254
256,-2344.0,8554.0
257,-2307.0,8785.0
258,-2299.1481598099886,8829.541980047958
259,-2263.0,9016.0
260,-2259.7865876248648,9031.365589096888
261,-2220.0,9214.0
262,-2187.62566708165,9352.197677906894
263,-2158.0,9474.0
264,-2128.648642277777,9595.559257809597
265,-2105.0,9694.0
266,-2077.143992851956,9815.23117348311
267,-2071.0,9844.0
268,-2034.0,10012.0
269,-2026.9927773857703,10042.199869447717
270,-2006.0,10129.0
271,-1997.0,10165.0
272,-1995.0522609953032,10172.44717058495
273,-1974.0,10247.0
274,-1972.2151890125858,10253.297922711645
275,-1948.0,10328.0
276,-1920.607045549908,10385.808738665948
277,-1879.0,10462.0
278,-1862.367381313315,10487.45903345919
279,-1840.0,10504.0
280,-1814.9183973139527,10522.380157304226
281,-1793.0,10536.0
282,-1717.0,10564.0
283,-1684.7705656885762,10572.66489937824
284,-1592.688338786683,10594.610451780807
285,-1578.0,10598.0
286,-1551.759320682948,10603.929438196128
287,-1503.0,10626.0
288,-1428.6269280870722,10667.366322559777
289,-1398.0,10685.0
290,-1363.9567110064272,10706.311661828378
291,-1343.0,10726.0
292,-1330.4077071063655,10737.168082689945
293,-1282.289776286697,10780.700215289962
294,-1275.0,10788.0
295,-1227.0,10843.0
296,-1218.1936461076068,10854.38212466497
297,-1179.4806963442122,10909.554684607812
298,-1169.0,10926.0
299,-1129.0,10996.0
300,-1125.8494556752905,11002.1680374933
301,-1093.0,11073.0
302,-1086.3467102753211,11088.46933824741
303,-1053.0,11173.0
304,-1050.287469797632,11180.622943313305
305,-1021.0,11271.0
306,-1006.8803262478415,11318.32159409937
307,-994.0,11364.0
308,-966.2614402872407,11469.081713436186
309,-938.0,11581.0
310,-910.7414587870496,11693.836698197165
311,-888.3949200788782,11786.377436012903
312,-885.0,11800.0
313,-879.0,11824.0
314,-855.3045133160855,11922.27493956426
315,-813.0,12105.0
316,-804.8993534482315,12140.629624059555
317,-791.6314014660852,12202.65682217241
318,-786.0,12231.0
319,-762.0,12356.0
320,-759.9015481000806,12367.302154534254
321,-740.7785382524706,12473.661033816741
322,-731.0,12530.0
323,-717.2026107873539,12611.412816024858
324,-708.0,12667.0
325,-688.0,12792.0
326,-678.4517902355431,12852.48762656214
327,-655.0,13003.0
328,-642.8024801036308,13084.393517185885
329,-617.2717224743059,13271.305699612676
330,-611.0,13321.0
331,-598.9552311236246,13426.284019958197
332,-592.0,13498.0
333,-579.0,13647.0
334,-574.8544466965886,13703.418326262978
335,-568.0,13813.0
336,-561.7106282771136,13946.618836136095
337,-559.0,14026.0
338,-557.1161321940887,14099.854038448379
339,-556.0,14149.0
340,-552.9930156231094,14315.44347934163
341,-553.0,14335.0
342,-619.2263882021572,15255.04552522297
343,-623.0,15280.0
344,-635.8367591522629,15349.070457527165
345,-656.0,15436.0
346,-670.9558581613577,15501.671914230727
347,-688.0,15576.0
348,-761.0,15888.0
349,-767.6117245118726,15916.107674783705
350,-786.2467919200062,15995.022170869892
351,-798.0,16048.0
352,-805.9925967427641,16085.055107846285
353,-823.0,16165.0
354,-828.904146550222,16193.121000634834
355,-844.0,16267.0
356,-858.0,16341.0
357,-864.2963975011935,16376.675079457833
358,-872.0,16426.0
359,-878.1681870511694,16481.834923528786
360,-880.0,16512.0
361,-880.0,16560.0
362,-879.5529963244738,16569.16014059599
363,-873.0,16614.0
364,-871.682929321977,16618.595555933494
365,-846.0,16680.0
366,-822.9918012164248,16710.730292119097
367,-800.0,16727.0
368,-789.0,16734.0
369,-771.4348996335887,16744.090507307897
370,-725.0,16758.0
371,-720.3244363197681,16758.32398958106
372,-656.8260784161737,16755.06113563572
373,-641.0,16753.0
374,-615.8971903063274,16743.614221994518
375,-602.0,16733.0
376,-596.0,16729.0
377,-577.1461040693487,16713.372079442306
378,-558.4310597345415,16692.531960916043
379,-558.0,16692.0
380,-539.0,16665.0
381,-500.65195918101944,16595.14415046201
382,-499.0,16592.0
383,-494.0,16579.0
384,-488.53910280847225,16564.05264048747
385,-461.0,16488.0
386,-458.08286822696937,16478.73211509808
387,-447.24727041891026,16436.343185164646
388,-446.0,16431.0
389,-427.3967066078836,16337.596522769934
390,-427.0,16335.0
391,-412.0,16224.0
392,-406.20363324281885,16172.975892830653
393,-397.88152510905775,16055.645233016601
394,-396.0,16028.0
395,-389.56338956562627,15950.099818733306
396,-388.0,15934.0
397,-367.0,15788.0
398,-357.7477883987966,15745.095933767981
399,-318.0,15581.0
400,-301.8573597106612,15526.746535690436
401,-290.0,15495.0
402,-258.0,15407.0
403,-246.02877586265978,15375.211649115756
404,-215.0,15296.0
405,-193.4087131544036,15242.584295865929
406,-150.0,15139.0
407,-110.0,15047.0
408,-86.3201661475089,14991.241592618358
409,-66.0,14943.0
410,-26.194143294100268,14849.158998319323
411,-10.0,14811.0
412,68.0,14627.0
413,88.61149948282012,14578.83230476932
414,116.0,14515.0
415,161.31351906849855,14409.259981292786
416,187.0,14350.0
417,278.20257670609647,14141.886994362318
418,286.0,14124.0
419,309.0,14071.0
420,324.78690864907884,14034.678352167242
421,378.0,13913.0
422,382.7278299458879,13902.246503288083
423,425.0,13806.0
424,440.2813261953762,13770.64153032234
425,483.0,13670.0
426,515.4248650498913,13593.054208128342
427,576.0,13450.0
428,594.0,13408.0
429,598.7506855279634,13396.77718031156
430,652.0,13267.0
431,691.3125693507188,13170.869442401303
432,710.0,13125.0
433,803.0,12893.0
434,807.2961971494475,12882.09783269892
435,854.0,12761.0
436,938.0749765555776,12532.386347813088
437,953.0,12491.0
438,981.2384816515487,12409.442620668919
439,999.0,12353.0
440,1029.327410117659,12258.766191779423
441,1063.0,12152.0
442,1072.3970266748065,12121.329271480878
443,1105.0,12012.0
444,1122.6547112521516,11950.747495715521
445,1150.0,11853.0
446,1157.6261896791898,11825.378621100523
447,1215.0,11613.0
448,1218.4136364119586,11600.132951902118
449,1253.0,11468.0
450,1285.1426639937822,11340.97971605807
451,1294.0,11305.0
452,1324.561739531282,11177.116216480405
453,1345.0,11092.0
454,1357.0,11043.0
455,1388.0160784733107,10914.146366460467
456,1428.0,10744.0
457,1434.9862731615203,10714.051141527147
458,1459.0,10611.0
459,1473.835637352958,10547.8044447174
460,1505.3285253679792,10414.17249472432
461,1514.0,10377.0
462,1549.0,10226.0
463,1552.2343407147582,10212.237939573226
464,1581.0,10091.0
465,1585.1528950111247,10073.383403644659
466,1642.399459187635,9828.359179933312
467,1652.0,9787.0
468,1680.9154633265803,9661.144810504133
469,1687.0,9635.0
470,1731.0,9448.0
471,1734.5048334893104,9433.142900046674
472,1763.0,9312.0
473,1774.1607323891594,9263.924984831987
474,1813.2934721224385,9093.486296935107
475,1822.0,9056.0
476,1862.0,8885.0
477,1889.2685312454566,8766.306140109878
478,1935.1444833617072,8564.428306191123
479,1940.0,8543.0
480,1956.4235409791838,8470.168302858046
481,1970.4102762156313,8407.622679621083
482,1971.0,8405.0
483,2006.0,8250.0
484,2030.8335735717544,8141.592406985059
485,2073.0,7960.0
486,2095.2911872766217,7864.017254555349
487,2143.0,7659.0
488,2164.56170773653,7568.633503867626
489,2176.0,7521.0
490,2254.0,7193.0
491,2257.673266717687,7177.658047362274
492,2286.7620281163427,7057.378644509272
493,2321.0,6917.0
494,2324.0046613901654,6904.538681640225
495,2362.0,6745.0
496,2378.0,6676.0
497,2404.4506243758747,6564.213151507891
498,2435.0,6436.0
499,2478.380735750899,6250.438074553477
500,2501.0,6154.0
501,2525.2306470558456,6053.601930669257
502,2540.495310237705,5988.8319463609605
503,2553.0,5930.0
504,2575.521237015262,5819.818303187912
505,2589.0,5752.0
506,2595.437319905666,5717.714704154956
507,2596.9078444360093,5698.638097595359
508,2598.0,5687.0
509,2605.0,5617.0
510,2606.346080914739,5585.1237185491445
511,2604.0,5531.0
512,2601.5265541025014,5510.041867780334
513,2590.132741146067,5451.934142346281
514,2588.0,5444.0
515,2569.203509340938,5393.044866824988
516,2533.0,5329.0
517,2489.97837838085,5260.078717184297
518,2476.0,5238.0
519,2447.0262182538177,5192.659766487026
520,2439.101524797343,5172.845787565478
521,2434.0,5155.0
522,2404.2628828782586,5036.0163623046465
523,2401.0,5020.0
524,2396.210318138558,4971.730465713652
525,2396.0,4965.0
526,2395.0,4885.0
527,2396.789853940891,4840.683636803538
528,2401.0,4783.0
529,2402.4461274544637,4766.554255787103
530,2413.0,4674.0
531,2421.532901072469,4618.784193159105
532,2434.0,4550.0
533,2455.0,4451.0
534,2458.6819818646923,4435.042038983361
535,2477.0,4360.0
536,2481.623978168196,4341.927117587646
537,2502.0,4265.0
538,2520.0,4200.0
539,2534.599491503586,4147.956078413906
540,2558.0,4066.0
541,2575.764821439564,4005.26572684312
542,2619.0,3859.0
543,2651.995760921867,3743.994549844464
544,2674.0,3664.0
545,2701.0,3563.0
546,2703.563490032273,3553.293010514195
547,2735.8567467794455,3429.0215820831027
548,2741.0,3409.0
549,2777.467796816618,3266.4690907292966
550,2809.0,3143.0
551,2830.6291297855537,3058.4219491728127
552,2851.0,2978.0
553,2859.742883510232,2943.207698210994
554,2879.0,2867.0
555,2908.0,2755.0
556,2925.3848399306858,2687.7441041108373
557,2948.0,2600.0
558,2989.0,2442.0
559,3007.3986491733335,2372.4542707104824
560,3012.0,2355.0
561,3081.0,2090.0
562,3084.1723970147295,2078.134634877798
563,3113.0,1971.0
564,3131.8106927998983,1899.0135540953017
565,3156.0,1805.0
566,3187.255346771024,1684.6414456117443
567,3207.0,1608.0
568,3217.272073745644,1567.5764655602663
569,3245.0,1454.0
570,3304.2812255803497,1192.3025875791964
571,3305.0,1189.0
572,3350.0,944.0
1,3390.2025357725447,564.0551011633244
2,3395.0,416.0
3,3395.213097857263,389.2568648390902
4,3391.164920573764,152.40303793279443
5,3391.0,149.0
6,3386.0,65.0
7,3380.638802438143,-13.340051404054275
8,3369.0,-152.0
9,3361.290266704834,-226.91287464283477
10,3333.0,-469.0
11,3329.450609851464,-498.4610986633967
12,3307.0,-687.0
13,3305.7666717719085,-698.3601503518507
14,3297.0,-784.0
15,3294.7081947183474,-808.9635617502588
16,3286.0,-924.0
17,3285.379387816985,-934.0294654322104
18,3281.0,-1059.0
19,3282.4508952251144,-1113.9532194200858
20,3286.0,-1170.0
21,3298.0,-1260.0
22,3312.5314916629363,-1317.149637652507
23,3330.0,-1366.0
24,3335.420526973343,-1378.4992943361444
25,3363.064623426064,-1430.4448842544023
26,3364.0,-1432.0
27,3417.7476099071932,-1505.2832558113662
28,3434.0,-1522.0
29,3522.1052141912846,-1600.432147199405
30,3524.0,-1602.0
31,3570.9300727423843,-1636.0997429537679
32,3603.0,-1654.0
33,3607.390218664749,-1656.5237343941685
34,3664.0,-1689.0
35,3700.542713081648,-1708.0804845125776
36,3748.0,-1734.0
37,3825.0,-1787.0
38,3829.7214008103742,-1790.9502834714012
39,3874.177557331198,-1847.8315790254528
40,3884.2306904510797,-1883.6264759135013
41,3886.0,-1894.0
42,3888.298844645067,-1940.5049263752494
43,3884.0,-1986.0
44,3879.841337384294,-2007.1180729163095
45,3868.7660579512694,-2042.1206481761033
46,3867.0,-2047.0
47,3851.3922978425953,-2086.1373229108526
48,3851.0,-2087.0
49,3834.6505919424276,-2118.200384634057
50,3822.0,-2138.0
51,3803.2375223700437,-2163.7680759203104
52,3800.0,-2168.0
53,3740.4243207269164,-2220.263540827951
54,3739.0,-2221.0
55,3682.0,-2247.0
56,3664.9625035810786,-2253.817943072522
57,3621.0,-2262.0
58,3617.2818243054935,-2262.421657967992
59,3535.0,-2271.0
60,3503.920874278066,-2272.534981546995
61,3468.0,-2273.0
62,3337.5026006587473,-2269.439808498995
63,3329.0,-2269.0
64,3287.673980684702,-2266.083941987625
65,3251.0,-2262.0
66,3189.02467167325,-2253.5330430606987
67,3155.0,-2248.0
68,3124.915728834571,-2242.381571839662
69,3041.0,-2222.0
70,2908.8283766342793,-2183.3487254634674
71,2868.0,-2171.0
72,2795.6748773909835,-2148.026442805925
73,2760.0,-2136.0
74,2735.0325041639453,-2127.603221882564
75,2669.0,-2105.0
76,2591.1505695739884,-2076.155917215745
77,2513.2291170494227,-2044.8140838998602
78,2480.0,-2031.0
79,2438.0,-2013.0
80,2409.2122704472044,-1999.6069429123258
81,2334.0,-1961.0
82,2326.2348155329537,-1956.8675355420683
83,2206.0,-1889.0
84,2197.2095522525765,-1883.6566003958021
85,2096.79768719297,-1819.6991896747527
86,2037.0,-1780.0
87,1959.7559097728674,-1726.4788497988516
88,1931.0,-1706.0
89,1774.7883704093642,-1592.63330685168
90,1717.0,-1549.0
91,1631.0,-1482.0
92,1579.8759517238154,-1441.8064793232033
93,1501.0,-1379.0
94,1427.0172602281084,-1318.6241769361327
95,1414.0,-1308.0
96,1294.0,-1211.0
97,1118.4261551734055,-1069.3519263322344
98,1102.0,-1056.0
99,1049.3945705817137,-1012.4030101101522
100,1022.0,-986.0
101,989.4454566717493,-955.5798606400356
102,940.0,-908.0
103,889.323225287922,-852.9999647372154
104,871.0,-831.0
105,825.0,-770.0
106,816.9399918080239,-758.5764884296676
107,768.0,-666.0
108,759.0227430945627,-635.9175673310341
109,743.0,-567.0
110,737.780517462551,-527.5857754022865
111,744.0,-483.0
112,749.5481730213301,-439.18801239745744
113,754.0,-406.0
114,758.4004510793671,-377.37951064746335
115,767.0,-307.0
116,767.7445458673467,-258.17110899175304
117,764.0,-153.0
118,761.4821064545104,-99.20975591270964
119,743.0,-31.0
120,735.921760175694,-9.778715772710562
121,701.0,84.0
122,644.7904231654062,179.06833611642105
123,614.0,218.0
124,585.8979185306309,253.42273458154617
125,521.0,335.0
126,513.1644373309032,344.85352391462413
127,428.0,452.0
128,381.7217471569221,510.44670091164426
129,335.7325971748768,566.1831970759404
130,325.0,579.0
131,216.0,709.0
132,168.6194717351083,762.9214098112351
133,162.0,770.0
134,57.051455252799876,879.9360373359173
135,55.0,882.0
136,-2.1563092355984983,937.0714442859459
137,-83.0,1006.0
138,-223.0,1120.0
139,-257.3674181351587,1147.6863343282837
140,-337.0,1210.0
141,-369.31547768201847,1235.5244085713016
142,-479.3472826976157,1325.685343360416
143,-482.0,1328.0
144,-607.0,1450.0
145,-633.0,1481.0
146,-649.8242630570074,1503.9033226075867
147,-736.7073044866316,1647.3884639251996
148,-787.0,1745.0
149,-823.3229551042559,1827.0702251747325
150,-888.0,2031.0
151,-895.4976737401616,2057.8219503519763
152,-914.5172991324417,2137.138543796233
153,-920.0,2170.0
154,-934.8826971212375,2289.542578636427
155,-940.0,2360.0
156,-944.1744205179766,2552.2231564166364
157,-944.0,2643.0
158,-942.0459732135133,2750.6683970822764
159,-938.6098677804155,2836.914113232234
160,-938.0,2852.0
161,-933.0,2971.0
162,-929.4430822353254,3043.742682778665
163,-925.0,3119.0
164,-917.8891705366797,3215.6247855873803
165,-916.0,3245.0
166,-912.5108138039448,3322.4478247711068
167,-912.0,3410.0
168,-914.3565005812732,3463.3208257201704
169,-918.0,3506.0
170,-932.0,3601.0
171,-946.1598058258546,3668.7102883491
172,-962.0,3716.0
173,-994.980577674963,3785.750103089558
174,-1034.0,3856.0
175,-1046.0985158316823,3876.42611878159
176,-1064.0,3891.0
177,-1097.8119205683315,3915.839724236347
178,-1155.4870611831411,3955.0969522596656
179,-1157.0,3956.0
180,-1236.6645974315109,3979.8560975610317
181,-1238.0,3980.0
182,-1286.0,3984.0
183,-1308.30993444088,3984.601791682987
184,-1352.0,3983.0
185,-1370.2609089521175,3981.436363468657
186,-1405.0,3978.0
187,-1406.646601612483,3979.7824802864934
188,-1408.0,3980.0
189,-1506.7551054848498,3970.0759104288068
190,-1509.0,3970.0
191,-1595.0,3970.0
192,-1648.2330729320495,3973.5666184499487
193,-1686.5034341079997,3981.989287528174
194,-1694.0,3984.0
195,-1755.2115885453416,4003.3147378820445
196,-1757.0,4004.0
197,-1813.0,4030.0
198,-1866.3770668576894,4063.8205298204443
199,-1914.0,4101.0
200,-1956.8992841357626,4140.047685832415
201,-2000.0,4186.0
202,-2027.3363683150305,4219.433711710536
203,-2034.0,4228.0
204,-2087.0,4304.0
205,-2091.0615397734514,4310.9023091483
206,-2272.0467448202958,4857.24951244724
207,-2277.0,4879.0
208,-2282.646672538098,4906.3164545331765
209,-2293.954200756769,4993.661817870126
210,-2300.0,5042.0
211,-2317.513328773276,5180.328003560261
212,-2320.0,5200.0
213,-2332.9515568288925,5307.075309767141
214,-2335.0,5326.0
215,-2345.4776098767234,5425.0057743148955
216,-2358.0,5547.0
217,-2368.073203830537,5650.371375210292
218,-2372.0,5693.0
219,-2385.0,5844.0
220,-2388.8078435263114,5889.880960021968
221,-2393.0,5942.0
222,-2405.0,6099.0
223,-2412.6772487261464,6196.3297919047
224,-2414.0,6214.0
225,-2423.8602248545358,6366.5170619194205
226,-2426.0,6404.0
227,-2436.131256140873,6595.647423153552
228,-2439.0,6659.0
229,-2445.577237654081,6874.0428706454495
230,-2448.0,6997.0
231,-2449.066406679988,7049.429859018149
232,-2450.0,7153.0
233,-2449.6770813127423,7192.827019642954
234,-2448.0,7295.0
235,-2445.5493938214095,7393.265599689455
236,-2436.0,7630.0
237,-2435.253758826832,7643.6467775973615
238,-2425.8841436218427,7790.6928724020345
239,-2415.036288067348,7933.427000670367
240,-2412.0,7971.0
241,-2393.2937154537976,8178.238701773576
242,-2375.0,8332.0
243,-2362.2479050111465,8426.112687157061
244,-2332.4215772928405,8630.330776191953
245,-2325.0,8680.0
246,-2316.377898060576,8736.825688411234
247,-2300.531803294201,8827.066921511725
248,-2290.0,8880.0
249,-2227.774206367511,9180.371120593452
250,-2227.0,9184.0
251,-2194.542456640329,9324.192455813672
252,-2188.0,9351.0
253,-2156.8219673426493,9480.122919981142
254,-2148.0,9517.0
255,-2125.861458184484,9610.434579502187
256,-2087.3891006498234,9774.386076943772
257,-2081.0,9801.0
258,-2069.0,9851.0
259,-2046.3499027046516,9952.405682550885
260,-2020.0,10074.0
261,-2009.1985516164123,10121.725160973663
262,-2001.0,10151.0
263,-1981.9696074126014,10220.98587066777
264,-1974.0,10250.0
265,-1950.1612692458987,10329.816437161911
266,-1929.0,10375.0
267,-1875.9798019074435,10466.414176370185
268,-1875.0,10468.0
269,-1850.1543103248905,10502.64829564822
270,-1831.9467737168586,10511.456217416762
271,-1831.0,10512.0
272,-1778.7321724300439,10542.679960340132
273,-1765.0,10549.0
274,-1714.0,10565.0
275,-1686.3046384538425,10571.828990729591
276,-1591.154398236015,10593.75881765181
277,-1583.0,10596.0
278,-1503.0,10627.0
279,-1475.1629356732085,10639.96821381601
280,-1453.0,10652.0
281,-1397.1412666847355,10688.836336050315
282,-1298.0,10765.0
283,-1269.2321076924343,10792.266976473282
284,-1254.0,10811.0
285,-1189.0,10895.0
286,-1180.6664840012027,10907.455866336943
287,-1150.0,10958.0
288,-1139.7330620643547,10975.743246798484
289,-1108.022026936873,11038.669985622804
290,-1101.0,11055.0
291,-1048.0,11187.0
292,-1019.9650593614094,11266.65949624132
293,-1009.0,11310.0
294,-981.658306111263,11413.639258126415
295,-957.0,11507.0
296,-938.5227616165046,11581.743196980304
297,-930.0,11617.0
298,-893.9672244348848,11762.698989932425
299,-870.0,11860.0
300,-852.0511815132332,11934.085517385694
301,-823.9648046963649,12056.23469580668
302,-816.0,12093.0
303,-802.8488886483038,12155.24148104364
304,-774.2556530683883,12295.573917147438
305,-763.0,12353.0
306,-755.2502177350777,12394.399757187472
307,-744.0,12459.0
308,-740.6484609519454,12478.448590623113
309,-722.4871836186685,12584.305745442169
310,-700.0,12718.0
311,-684.6331838241265,12812.480311455056
312,-682.0,12829.0
313,-656.0,12998.0
314,-648.1509056719846,13052.821706405379
315,-638.0,13126.0
316,-620.3270413953305,13253.737223234368
317,-618.0,13271.0
318,-605.3652322720434,13369.86153494133
319,-605.0,13373.0
320,-587.3518997347943,13548.815794813638
321,-577.0,13671.0
322,-568.4712852122233,13800.195801937592
323,-564.0,13898.0
324,-562.9644289294075,13922.353346787053
325,-558.1207331964623,14046.5000376081
326,-557.0,14082.0
327,-554.2795626800324,14202.597839856602
328,-554.0,14222.0
329,-553.2312736431131,14327.010133813863
330,-553.0,14409.0
331,-552.8651649577163,14452.067985397207
332,-553.0,14566.0
333,-557.0,14724.0
334,-559.2535901850591,14767.589219922038
335,-628.9683726469832,15305.843100424872
336,-639.0,15356.0
337,-674.0,15514.0
338,-685.6020246036243,15564.241707116782
339,-722.4913228556335,15721.575683794956
340,-743.0,15809.0
341,-771.4253303309222,15931.709846010845
342,-784.0,15987.0
343,-813.0,16116.0
344,-820.2132444378237,16148.585098063098
345,-840.3190600017688,16249.376892306667
346,-841.0,16253.0
347,-860.0,16355.0
348,-874.4724894779001,16429.40930085211
349,-874.0,16443.0
350,-874.4205390626288,16453.715014220903
351,-879.0,16571.0
352,-879.0133518587379,16576.58618071474
353,-869.0,16631.0
354,-862.7523707943767,16648.43450542447
355,-843.0,16684.0
356,-783.038073085859,16736.353103684833
357,-778.0,16740.0
358,-736.2909892134635,16756.99917203364
359,-724.0,16758.0
360,-709.6551313040592,16759.24634614587
361,-678.0,16760.0
362,-647.6900077846582,16754.6025280283
363,-635.0,16751.0
364,-599.9397469364067,16733.685191761346
365,-583.0,16719.0
366,-565.2296771975977,16700.635732974166
367,-557.0,16691.0
368,-545.4671630528075,16675.898652255422
369,-538.0,16665.0
370,-527.6548575675282,16648.22566055575
371,-513.0,16621.0
372,-498.0,16589.0
373,-493.0013730069016,16577.1643852505
374,-482.0,16549.0
375,-475.77389667101716,16531.820294164987
376,-469.0,16512.0
377,-454.2670261762904,16464.287725205595
378,-445.0,16428.0
379,-433.4667937886731,16374.1063308241
380,-428.0,16345.0
381,-419.235262526593,16287.356938047733
382,-415.0,16252.0
383,-411.3675458922709,16218.029212526013
384,-405.0,16146.0
385,-394.20678223747666,16004.94503955498
386,-394.0,16002.0
387,-390.912049885594,15933.3253806674
388,-378.0,15855.0
389,-356.65581501102395,15736.489990027942
390,-351.0,15706.0
391,-339.7782015163158,15656.598237466771
392,-336.0,15644.0
393,-301.0,15528.0
394,-298.0651962003344,15519.067546416924
395,-263.0,15421.0
396,-251.69822821131646,15390.939790116512
397,-221.0,15312.0
398,-189.46914031217187,15235.331328483342
399,-170.0,15189.0
400,-152.967016698495,15148.699538460398
401,-112.0,15052.0
402,-70.30907187131861,14952.976995044017
403,-9.540575564129364,14808.377782129077
404,2.0,14781.0
405,22.061795157276844,14733.692605418799
406,39.721765705849684,14692.912545232257
407,44.0,14683.0
408,103.0,14546.0
409,135.49247032150404,14470.456448382212
410,152.0,14432.0
411,201.0,14318.0
412,253.01734952642178,14198.755032262708
413,331.0,14021.0
414,364.55289020361147,13944.834500734503
415,406.20235133870665,13849.85791467286
416,407.0,13848.0
417,459.0,13726.0
418,503.16792465786256,13622.191456601891
419,594.0,13408.0
420,609.9752553939694,13369.916793278224
421,676.0,13208.0
422,679.9963334663316,13198.16882286235
423,711.0,13122.0
424,727.4580377464528,13081.595652585702
425,786.5315197149193,12935.682352902608
426,788.0,12932.0
427,852.0,12768.0
428,856.2762263756392,12756.726864749951
429,897.0,12647.0
430,944.6276924126084,12513.14632329614
431,951.0,12495.0
432,1015.5205070146637,12304.751819709047
433,1024.0,12278.0
434,1087.0,12073.0
435,1151.8873304396132,11848.64669020728
436,1196.0,11686.0
437,1220.1783461012237,11596.561861369597
438,1248.0,11489.0
439,1288.013243194768,11327.029096918288
440,1289.0,11323.0
441,1343.2854167995683,11100.266964573586
442,1354.0,11056.0
443,1376.6363875934692,10961.736561598917
444,1410.0,10820.0
445,1415.4736157318844,10796.752144669179
446,1454.828909470441,10629.550128094688
447,1462.0,10599.0
448,1526.0,10326.0
449,1558.6852329245937,10186.741792642591
450,1574.0,10121.0
451,1583.6961728342985,10079.264534907157
452,1618.0,9931.0
453,1625.4792058288135,9898.406525684797
454,1638.0,9844.0
455,1665.9474753058917,9725.837137856493
456,1683.0,9654.0
457,1731.0958323594136,9447.157783894507
458,1760.0,9323.0
459,1771.5429084210307,9273.922879774162
460,1797.0,9166.0
461,1832.0197245783977,9015.938805800455
462,1850.0,8938.0
463,1865.202857921948,8871.494841235113
464,1866.0,8868.0
465,1905.7823118397555,8693.13646393425
466,1926.0,8604.0
467,1936.3440752566485,8558.326015241062
468,1966.0,8427.0
469,1980.7973903691425,8361.213050925197
470,2006.0,8250.0
471,2021.56488476386,8182.841307171469
472,2043.0,8091.0
473,2079.2658861926307,7933.50906301569
474,2084.0,7913.0
475,2122.0,7750.0
476,2133.1787802202366,7702.508306723857
477,2164.0,7572.0
478,2200.5672550209943,7416.871089918823
479,2210.0,7377.0
480,2257.0,7181.0
481,2269.0915712439964,7132.108784154298
482,2279.0,7092.0
483,2337.8857779184436,6845.552136655284
484,2343.0,6824.0
485,2381.0,6664.0
486,2401.137831191068,6578.610195922253
487,2461.0,6324.0
488,2469.1422827605156,6289.5036416096245
489,2517.408139423483,6086.5018965189765
490,2518.0,6084.0
491,2539.2332720181707,5993.475439796501
492,2554.752153917193,5925.388059896586
493,2563.0,5888.0
494,2578.5432499271574,5813.469376647601
495,2583.0,5788.0
496,2594.7905062213913,5709.085949200015
497,2600.0,5671.0
498,2604.8997004462735,5632.60458542638
499,2606.0,5589.0
500,2604.7583343542487,5570.583547170898
501,2588.0976872899078,5452.192952101291
502,2584.0,5436.0
503,2560.8119901461605,5378.007894353573
504,2544.0,5348.0
505,2507.6966726040805,5289.4648240593
506,2503.0,5282.0
507,2469.566047475517,5228.047078172156
508,2452.0,5194.0
509,2424.9258639138093,5125.405489555576
510,2415.0,5095.0
511,2402.6033665042423,5047.266501697193
512,2397.3783798533145,5000.888268841846
513,2396.0,4954.0
514,2395.842935667526,4921.738472163108
515,2397.0,4836.0
516,2400.300246961685,4772.181163785205
517,2407.0,4719.0
518,2409.94663621644,4696.974642807476
519,2421.0,4622.0
520,2423.9056203370646,4605.240138421354
521,2433.0,4557.0
522,2438.037319674011,4531.38410580312
523,2456.6828048826164,4443.052737627861
524,2459.0,4433.0
525,2480.0,4349.0
526,2503.9485111776085,4257.418171418994
527,2507.0,4246.0
528,2536.5112596030003,4141.236345839796
529,2543.0,4119.0
530,2582.0,3986.0
531,2608.004810545498,3896.7108291475242
532,2620.149614589215,3853.102830193977
533,2625.0,3836.0
534,2664.0492319900677,3698.7568502211802
535,2672.0,3670.0
536,2715.0,3509.0
537,2725.0,3472.0
538,2737.419029761666,3424.7483893232925
539,2758.0,3344.0
540,2777.0832157254854,3268.7569034064845
541,2788.0,3226.0
542,2829.0,3067.0
543,2851.92018938138,2975.3046377461724
544,2856.0,2959.0
545,2893.6149290817375,2810.6196844945357
546,2905.0,2766.0
547,2936.6833509499224,2642.507712466832
548,2941.0,2626.0
549,2971.0,2513.0
550,3003.812594488475,2387.4462107006757
551,3046.0,2225.0
552,3061.960076512165,2164.670852308941
553,3077.0,2108.0
554,3089.468625679505,2060.7118518337957
555,3158.1345158988806,1799.2979835255153
556,3159.0,1796.0
557,3185.2727105013455,1695.718921294916
558,3202.0,1629.0
559,3218.7888399057356,1560.6319248552516
560,3265.0,1369.0
561,3268.138538189162,1355.710041985837
562,3300.0,1213.0
563,3335.8428166922513,1023.6922891499643
1,3377.0,736.0
2,3387.852284834667,613.1307532607168
3,3394.0,476.0
4,3396.0,361.0
5,3394.8197719741806,270.0375077181644
6,3393.0,212.0
7,3383.832262450178,37.54318610920316
8,3380.0,-19.0
9,3371.91070972987,-120.74168681646337
10,3369.0,-151.0
11,3339.5124634383005,-416.8282306582557
12,3338.0,-430.0
13,3320.3701258703777,-582.1413129377902
14,3299.622357681002,-757.9736517597001
15,3297.0,-781.0
16,3288.130577729558,-878.6236719958166
17,3287.0,-906.0
18,3283.0084206162237,-1126.462370556298
19,3283.0,-1131.0
20,3287.0,-1186.0
21,3297.49462310306,-1247.3413821029492
22,3313.0,-1318.0
23,3314.0156904193323,-1321.6095741432275
24,3336.0,-1378.0
25,3423.0,-1510.0
26,3425.26271489474,-1513.022973874562
27,3476.8692907194372,-1563.4664682353296
28,3484.0,-1569.0
29,3535.818880469113,-1609.4840978890406
30,3553.0,-1622.0
31,3629.7669749514725,-1670.2376851983825
32,3640.0,-1676.0
33,3679.0,-1697.0
34,3706.859810818344,-1711.7642253306462
35,3753.976964715911,-1737.3367826659041
36,3773.0,-1749.0
37,3824.0,-1787.0
38,3829.8072093231094,-1792.2388826407541
39,3853.0,-1817.0
40,3875.0,-1856.0
41,3875.825817709033,-1858.082908931491
42,3886.0,-1894.0
43,3887.8429387172864,-1905.3730085832863
44,3887.0,-1958.0
45,3883.187707538729,-1980.7105271342543
46,3868.0,-2045.0
47,3859.073763412167,-2071.3952597424454
48,3848.9065279881324,-2090.2416137528953
49,3848.0,-2092.0
50,3835.0,-2117.0
51,3810.819199697144,-2154.989012120172
52,3799.0,-2170.0
53,3777.0,-2192.0
54,3771.9977733018586,-2196.21463319301
55,3739.4682683417013,-2220.236069196924
56,3713.0,-2235.0
57,3678.354351816568,-2248.7533400143907
58,3653.0,-2256.0
59,3632.6395266286145,-2260.369047835705
60,3629.0,-2261.0
61,3490.259614005068,-2272.797680091983
62,3486.0,-2273.0
63,3389.2211809496507,-2272.468598908971
64,3379.0,-2272.0
65,3276.753860472697,-2265.501525645191
66,3272.0,-2265.0
67,3212.0,-2257.0
68,3208.1939345751243,-2256.432216099724
69,3103.0,-2237.0
70,3047.300823208067,-2222.9985819197937
71,2932.0,-2191.0
72,2821.4482115315095,-2158.3444593434506
73,2691.0,-2113.0
74,2616.2277462018465,-2085.5393856430774
75,2577.0,-2071.0
76,2495.484754178313,-2040.194658327065
77,2429.0,-2008.0
78,2288.463565250014,-1934.3111510421222
79,2227.0,-1901.0
80,2143.7152234828136,-1851.435222850554
81,2090.0,-1815.0
82,1999.6941363619462,-1753.8674032411284
83,1994.0,-1750.0
84,1882.0401910811836,-1672.1862862770126
85,1845.0,-1645.0
86,1742.9394257114636,-1568.6633811049542
87,1685.0,-1525.0
88,1634.222403805887,-1486.4772415966013
89,1599.0,-1458.0
90,1552.6611074959105,-1420.4095687121985
91,1346.3502947829702,-1253.1284813822806
92,1340.0,-1248.0
93,1202.0,-1137.0
94,1197.80458195317,-1133.5920298411404
95,1142.0,-1088.0
96,1063.048855128744,-1021.9363846374612
97,1001.0,-967.0
98,982.1545501843177,-949.3881125821287
99,924.0,-891.0
100,879.3582945916702,-840.1042455637981
101,866.0,-824.0
102,822.0,-765.0
103,808.7009787158028,-742.870561373928
104,760.0,-644.0
105,758.2055435936927,-639.2999453737777
106,741.6506012081059,-561.4004144706947
107,741.9055072493746,-513.7297230876165
108,742.0,-511.0
109,745.5250642053577,-464.9082191452753
110,752.0,-422.0
111,757.9548808708723,-389.43181416119404
112,768.0,-302.0
113,767.3417514036828,-207.8110419764294
114,766.0,-170.0
115,762.2456528103902,-124.47443494255029
116,757.0,-97.0
117,752.9066229834277,-75.2278753327808
118,737.1055455944828,-7.278393559797163
119,732.0,8.0
120,684.0,116.0
121,669.3803292402179,141.92708451028085
122,617.1514971916079,218.02310305598724
123,555.6615752505871,292.77804939052425
124,544.0,307.0
125,519.0356212169718,337.69072602952093
126,493.0,370.0
127,376.8016488104168,514.3188080331487
128,327.0,576.0
129,298.35497540244376,610.8640507965599
130,284.0,628.0
131,203.0,724.0
132,144.58849996577678,789.8906321729771
133,124.0,812.0
134,42.87921661923125,893.7190042301158
135,12.0,923.0
136,-62.0,989.0
137,-147.977803996391,1060.0060779635114
138,-262.0,1151.0
139,-311.90827201617253,1189.2292193431615
140,-366.0,1233.0
141,-490.7173042671967,1340.2336022602203
142,-569.0,1409.0
143,-645.2542427608204,1479.9726822373143
144,-689.9463261875035,1556.4065195773858
145,-701.0,1578.0
146,-779.0278910107389,1737.9614841272369
147,-812.0,1808.0
148,-847.0,1903.0
149,-874.0109884362712,1997.9208427257704
150,-921.0,2175.0
151,-936.5977722853266,2251.4475627077677
152,-941.0,2385.0
153,-941.844779009278,2432.6152188309325
154,-944.0,2563.0
155,-943.0,2682.0
156,-942.2004290171858,2712.014765320773
157,-933.0,2963.0
158,-930.5585207715776,3022.100784754391
159,-925.241706623659,3120.534970645421
160,-921.0,3178.0
161,-917.9950727371581,3217.767988519709
162,-912.0,3315.0
163,-912.3871086324567,3407.8608551939797
164,-913.0,3424.0
165,-920.0,3525.0
166,-925.0237320441257,3567.2396249960148
167,-940.519443094321,3644.6735863970753
168,-942.0,3650.0
169,-971.2547108791587,3736.292109816233
170,-988.0,3779.0
171,-1024.0,3842.0
172,-1034.5689828711702,3856.367432626771
173,-1068.0,3894.0
174,-1114.0858203331695,3927.7127668250914
175,-1164.0,3958.0
176,-1176.8365655518796,3965.057647521001
177,-1190.0,3968.0
178,-1221.2229007453232,3975.0852094971688
179,-1254.0,3981.0
180,-1267.7288168827447,3982.543366611796
181,-1298.0,3984.0
182,-1311.6059869831515,3984.014573556866
183,-1371.0,3981.0
184,-1400.3289359766143,3978.9134326845647
185,-1412.0,3978.0
186,-1447.7949946473593,3974.581234727839
187,-1454.0,3974.0
188,-1559.0,3969.0
189,-1562.8978709006703,3969.1356208045713
190,-1649.0,3976.0
191,-1690.89093035669,3982.307440080377
192,-1742.0,3998.0
193,-1758.1046490534497,4004.4724136305476
194,-1815.2962579644627,4031.047334352258
195,-1819.0,4033.0
196,-1887.0,4079.0
197,-2002.1010124513855,4190.157824561546
198,-2006.0,4194.0
199,-2043.9769807943148,4230.533326332343
200,-2089.0,4307.0
201,-2100.602956205633,4328.641737333468
202,-2157.0,4435.0
203,-2194.5402349593146,4517.62215394923
204,-2205.0,4559.0
205,-2235.5068956861924,4672.35265050994
206,-2246.0,4714.0
207,-2266.2904885630946,4812.4569360015885
208,-2272.0,4846.0
209,-2282.760108743504,4913.717228347297
210,-2299.1731323467484,5028.70714933105
211,-2300.0,5035.0
212,-2313.0,5141.0
213,-2320.2251585928166,5202.383076081087
214,-2333.0,5313.0
215,-2345.4742726685718,5424.536055318482
216,-2356.3263954671957,5527.77085443646
217,-2363.0,5596.0
218,-2378.393521122368,5763.582491689899
219,-2386.0,5851.0
220,-2388.6756883933,5883.042181815702
221,-2395.5863757706443,5975.2773381699735
222,-2401.0,6046.0
223,-2410.0,6158.0
224,-2413.7880060307434,6211.747938842013
225,-2428.0,6447.0
226,-2431.2001110570445,6508.243271431073
227,-2436.4582619141424,6622.477356452149
228,-2438.0,6654.0
229,-2441.7249523674686,6727.318771620616
230,-2444.0,6790.0
231,-2449.0,7080.0
232,-2450.0250380555876,7149.579583488207
233,-2448.792088587348,7284.373829520964
234,-2448.0,7313.0
235,-2441.0,7534.0
236,-2439.57123110913,7568.546405247971
237,-2430.3409907059936,7735.437690631081
238,-2418.0,7901.0
239,-2416.3187762755,7923.95008362835
240,-2412.200468199497,7978.501443780545
241,-2409.0,8013.0
242,-2392.2302205993624,8175.599681281455
243,-2378.0,8304.0
244,-2366.633317913515,8398.967525519025
245,-2355.0,8483.0
246,-2342.0284120805886,8570.003488963695
247,-2320.0,8712.0
248,-2307.2166121527084,8790.99033162253
249,-2281.0,8925.0
250,-2273.2431132927322,8962.591206710398
251,-2222.0,9205.0
252,-2197.955500218944,9311.156196539461
253,-2155.8184064611974,9487.060187716821
254,-2141.0,9548.0
255,-2111.0,9671.0
256,-2086.063197119441,9776.100537951428
257,-2078.0,9811.0
258,-2055.3905422576754,9914.901753917939
259,-2027.0,10041.0
260,-2016.006195997584,10086.88492578281
261,-1995.0,10173.0
262,-1967.8282875064085,10275.936582727505
263,-1954.0,10312.0
264,-1925.0,10384.0
265,-1920.0353752962492,10394.690836111085
266,-1880.0,10462.0
267,-1873.2659188067814,10470.176144288209
268,-1813.0,10524.0
269,-1810.7787813585508,10525.551264326175
270,-1738.0,10558.0
271,-1724.392299445215,10561.666439789899
272,-1641.0,10581.0
273,-1629.8969410448076,10583.89748389983
274,-1565.0,10602.0
275,-1523.1394306349398,10613.633553947973
276,-1460.0,10648.0
277,-1359.0,10713.0
278,-1333.0259464520016,10731.638186273824
279,-1269.2420543143326,10791.050302931948
280,-1237.0,10832.0
281,-1224.0571614527764,10846.37924500908
282,-1184.0,10903.0
283,-1162.6463513655528,10940.50168924377
284,-1105.0,11047.0
285,-1077.6653804893858,11105.532778418772
286,-1066.0,11139.0
287,-1049.6215000515956,11184.468081193963
288,-1034.0,11230.0
289,-1022.199446931345,11267.239565238873
290,-983.0,11406.0
291,-968.4994326942704,11460.814422274147
292,-935.2899031557498,11592.862394051699
293,-934.0,11598.0
294,-920.0,11654.0
295,-862.0,11895.0
296,-860.1452745230638,11902.771888681858
297,-835.5489547823248,12006.161650758793
298,-808.0,12126.0
299,-807.0705647779533,12130.229229098144
300,-792.9394121685662,12196.510231943677
301,-773.0,12299.0
302,-769.7673468051266,12316.50557981348
303,-747.0,12443.0
304,-745.981340321163,12448.692439505552
305,-719.0,12603.0
306,-717.6322093159289,12611.180130750226
307,-689.2255028006444,12784.86845686018
308,-681.0,12836.0
309,-666.8781837959189,12925.10173624488
310,-651.876882664444,13025.297369858412
311,-647.0,13060.0
312,-631.2963985246801,13177.445423139405
313,-605.5333699771478,13382.33193474138
314,-597.0,13451.0
315,-590.2872646153004,13505.370334951862
316,-580.0,13628.0
317,-578.1398137108988,13655.775998942938
318,-566.0,13853.0
319,-564.3968830886289,13882.810589050014
320,-558.8254523264936,14015.553424012418
321,-556.6029104982765,14113.183569513301
322,-556.0,14142.0
323,-553.8883163727311,14259.847090933827
324,-553.0,14341.0
325,-552.3929091566781,14424.653414895238
326,-553.7082291370851,14611.723983112777
327,-554.0,14623.0
328,-564.4255556561686,14862.372803151515
329,-565.0,14872.0
330,-580.2186520241474,15035.618888771502
331,-591.0,15107.0
332,-604.0,15185.0
333,-620.5420902646681,15270.578229616058
334,-639.0,15357.0
335,-647.4263690860053,15395.266382033396
336,-674.0,15513.0
337,-696.5061633353303,15612.148103374446
338,-702.0,15636.0
339,-733.1415332857777,15767.790502332178
340,-760.0,15881.0
341,-761.7090598967887,15888.311828364269
342,-792.0,16021.0
343,-793.4538974236209,16027.588516314683
344,-814.7117364475054,16127.177855991857
345,-823.0,16167.0
346,-832.8419160262954,16214.710048060479
347,-840.0,16250.0
348,-859.201495954713,16349.566334709338
349,-860.0,16354.0
350,-872.7148915741225,16432.314301785304
351,-875.0,16451.0
352,-879.0,16499.0
353,-879.9552704818012,16514.61250276713
354,-880.6391834984221,16561.28928919336
355,-879.0,16577.0
356,-864.401848339767,16641.30882689643
357,-860.0,16655.0
358,-840.6822772202928,16690.19418889394
359,-830.0,16701.0
360,-790.0,16733.0
361,-761.9321576693118,16746.749927460765
362,-756.0,16749.0
363,-731.1874455268704,16756.402112865326
364,-718.0,16759.0
365,-694.4773036970556,16761.056970547303
366,-675.0,16760.0
367,-666.1302271099285,16758.675177001896
368,-630.0,16748.0
369,-625.5235917509624,16746.057697997698
370,-612.0,16739.0
371,-583.0941361995324,16717.097712581155
372,-558.0,16692.0
373,-553.1322136393945,16686.257024000224
374,-537.5971936311032,16663.33210940999
375,-535.0,16659.0
376,-514.7565154698266,16623.01908142647
377,-506.0,16606.0
378,-497.0,16587.0
379,-485.4876757608469,16558.65076095328
380,-475.0,16530.0
381,-460.71166305455006,16486.39411796089
382,-454.0,16462.0
383,-449.97945662913685,16446.546758044984
384,-433.79507251525894,16375.180357307963
385,-433.0,16371.0
386,-422.1100212778537,16307.634080992297
387,-419.0,16287.0
388,-410.5495994442797,16211.030986553873
389,-409.0,16193.0
390,-401.4364857701243,16096.913829307307
391,-399.0,16065.0
392,-394.427583397924,16006.148109672718
393,-394.0,16001.0
394,-387.0,15925.0
395,-379.6562433245176,15860.149354551426
396,-367.0,15788.0
397,-355.8151403194526,15735.486142504167
398,-326.3955799718201,15609.676984434946
399,-325.0,15604.0
400,-299.5120359126947,15522.089181937718
401,-298.0,15518.0
402,-207.0,15276.0
403,-199.00963645227435,15255.791095251392
404,-130.61853510423913,15092.606806215099
405,-107.0,15038.0
406,-74.21142156332544,14962.431821658181
407,-43.16329379592617,14889.762537120883
408,-32.0,14863.0
409,5.272665167295057,14772.530299422453
410,13.0,14754.0
411,76.0,14607.0
412,89.36742152170473,14576.03264660513
413,130.0,14482.0
414,141.95899008911857,14454.443636213091
415,191.0,14342.0
416,248.73640296213432,14209.79103878232
417,315.0,14058.0
418,344.5324923496114,13989.990611438918
419,355.0,13966.0
420,415.1598891178282,13828.609500055216
421,425.0,13806.0
422,488.0010205719626,13659.709244679538
423,523.0,13577.0
424,548.8937264898315,13514.827711990973
425,575.0,13452.0
426,618.5214179725028,13347.790169131991
427,663.0,13241.0
428,678.2519964331027,13204.026369266368
429,738.0,13055.0
430,792.7321537700777,12918.400672480462
431,802.0,12895.0
432,861.9220986508664,12740.167663239567
433,865.0,12732.0
434,920.0,12582.0
435,938.5071905502751,12529.787078582023
436,973.0,12430.0
437,990.8581059180779,12377.018742958928
438,1024.0,12276.0
439,1060.3354399243015,12160.690074188524
440,1068.0,12136.0
441,1088.0,12071.0
442,1109.4832351871205,11998.74559716565
443,1146.0629034068406,11869.863032207584
444,1153.0,11845.0
445,1201.0,11669.0
446,1215.5824497859703,11613.473665661953
447,1251.0,11475.0
448,1297.9825877369435,11287.216072921647
449,1300.0,11279.0
450,1337.9995348029643,11122.251272121537
451,1340.0,11114.0
452,1380.0,10949.0
453,1385.9207156659413,10924.142572428233
454,1423.0,10766.0
455,1448.4717931265438,10657.519756544765
456,1470.0,10565.0
457,1487.5099733675818,10488.477162098514
458,1501.0,10430.0
459,1545.0,10245.0
460,1572.9926475375662,10124.211441782045
461,1600.0,10007.0
462,1617.0073009017992,9933.99179272588
463,1639.9866888785316,9836.954711714132
464,1648.0,9803.0
465,1675.7313632026821,9684.894560455055
466,1700.0,9581.0
467,1743.3932123622028,9394.492847471101
468,1760.0,9323.0
469,1784.2486756710973,9218.495341787173
470,1820.0,9064.0
471,1829.3468938618948,9023.56423435681
472,1868.0,8856.0
473,1869.9684830839788,8847.43225829666
474,1912.0,8664.0
475,1976.0,8385.0
476,1983.7894666173615,8350.885135200127
477,2005.7752236583328,8253.063336412222
478,2023.0,8175.0
479,2035.740639463983,8118.984269605369
480,2055.0,8035.0
481,2084.119072275068,7910.160250199465
482,2095.0,7864.0
483,2162.9259472545627,7577.7655415606305
484,2174.0,7531.0
485,2205.0959159946174,7398.80370904314
486,2224.0,7319.0
487,2258.0,7177.0
488,2268.645270036474,7132.633525343453
489,2319.5420110756554,6920.62413758382
490,2330.0,6877.0
491,2368.0,6718.0
492,2370.204615793424,6708.732902777667
493,2426.436583775165,6471.331942257054
494,2443.0,6401.0
495,2458.477024200884,6334.856541683957
496,2482.0,6234.0
497,2489.4192801497315,6202.763482110165
498,2529.0,6037.0
499,2530.3994078262117,6031.056619284625
500,2549.0,5951.0
501,2577.0,5819.0
502,2584.6543317042574,5774.048433841081
503,2602.0,5653.0
504,2606.69032722683,5587.610762202973
505,2605.0,5550.0
506,2604.1693754306143,5533.7315602372755
507,2600.0,5499.0
508,2557.932516492006,5380.5516010308775
509,2546.0,5353.0
510,2525.9534612627044,5315.836920889367
511,2515.0,5300.0
512,2471.0,5229.0
513,2451.3428756412527,5186.365178032145
514,2409.0,5071.0
515,2399.1409907958887,5033.93069445415
516,2397.6826845340993,5005.5084380539465
517,2397.0,4986.0
518,2394.5277614968054,4886.105667560543
519,2395.0,4874.0
520,2396.0,4858.0
521,2401.495591223941,4790.87505093994
522,2415.0,4659.0
523,2415.511263315879,4654.890711677139
524,2422.9634846739086,4606.614604405803
525,2427.0,4585.0
526,2433.2716745759953,4552.429548786962
527,2462.0,4420.0
528,2466.972742396867,4399.601027998615
529,2499.0,4274.0
530,2519.8697944438045,4197.031509415686
531,2545.0,4113.0
532,2546.604021766838,4107.536009622789
533,2581.0917702875995,3989.2683878739035
534,2591.0,3955.0
535,2620.936355901455,3849.7289810550446
536,2631.0,3815.0
537,2653.5112113766754,3738.2572237699333
538,2659.0,3719.0
539,2680.584583582803,3639.3795094473735
540,2705.0,3546.0
541,2726.7489859706902,3464.793170289082
542,2732.0,3445.0
543,2759.0,3341.0
544,2767.282421596645,3308.650788027364
545,2806.0,3156.0
546,2807.4667403061635,3150.2144289703156
547,2837.0,3034.0
548,2852.621453637051,2972.8129972766365
549,2895.752485794228,2804.2875590143076
550,2915.0,2729.0
551,2936.434063378827,2644.705503835173
552,2951.0,2588.0
553,2992.0,2430.0
554,2993.9403434471233,2422.523355669825
555,3030.0,2284.0
556,3071.1096849594114,2129.305943350741
557,3077.0,2107.0
558,3102.3718735471657,2009.9825305777294
559,3112.0,1973.0
560,3151.0,1823.0
561,3157.4901955190767,1797.9885450735899
562,3195.0714743854965,1652.8467803396115
563,3214.0,1579.0
564,3238.5701928865087,1481.2522629154398
565,3258.0,1400.0
566,3262.8399521276415,1379.1371739249093
567,3308.0,1173.0
568,3314.936824327622,1138.022537773768
569,3329.0,1063.0
570,3331.0467557414677,1051.7729699800698
1,3389.203938258406,579.0779655229783
2,3396.0,378.0
3,3396.135426971882,344.42092988213744
4,3394.0,214.0
5,3390.2525199560964,112.80439370340201
6,3377.213595174111,-65.57525064382318
7,3374.0,-99.0
8,3342.0,-396.0
9,3335.6378826968335,-450.25142601056353
10,3332.0,-478.0
11,3303.0,-732.0
12,3302.00465565485,-741.1388608084876
13,3296.0,-798.0
14,3291.5833709206263,-843.8566128690136
15,3284.224456757407,-939.9592492563108
16,3284.0,-944.0
17,3281.0,-1054.0
18,3281.3680044612556,-1092.5939040512326
19,3283.0,-1136.0
20,3285.679716430969,-1171.9686639118158
21,3299.1813101693556,-1263.2708232264672
22,3306.0,-1292.0
23,3316.0,-1326.0
24,3355.0175741400835,-1412.9895516089116
25,3391.0,-1471.0
26,3432.3659810155036,-1520.4383893257252
27,3435.0,-1523.0
28,3526.5436124225175,-1603.1778342884008
29,3530.0,-1606.0
30,3659.1248720271637,-1687.6600096998568
31,3679.0,-1697.0
32,3709.293817077306,-1711.603605899761
33,3764.0,-1744.0
34,3779.9767042479934,-1754.9845694805144
35,3831.1673807840652,-1793.7610833596086
36,3843.0,-1805.0
37,3871.5707375650964,-1843.4368490289835
38,3886.4079289646593,-1892.8098460465233
39,3888.0,-1904.0
40,3889.340346785286,-1932.745592923019
41,3882.0,-1994.0
42,3881.4899346619277,-1996.6517677698491
43,3875.020737670427,-2022.7123749166606
44,3868.0,-2044.0
45,3853.0,-2082.0
46,3846.4869976309296,-2094.827662927937
47,3815.6480235470235,-2144.977397683098
48,3804.0,-2163.0
49,3800.2983043681043,-2168.7836412155234
50,3788.0,-2181.0
51,3786.262802183889,-2182.602062181996
52,3753.0,-2210.0
53,3698.3781309693854,-2239.835492424509
54,3690.0,-2244.0
55,3658.0062327555074,-2258.0560958882834
56,3620.0,-2262.0
57,3615.331310621629,-2262.3927438740593
58,3473.0,-2273.0
59,3469.385132403193,-2273.23547231145
60,3429.0,-2273.0
61,3417.778066981583,-2272.395676539022
62,3307.247383669765,-2266.2461236140307
63,3246.0,-2262.0
64,3206.8253508997727,-2257.4894792353202
65,3178.0,-2252.0
66,3069.0,-2229.0
67,3045.6025755215123,-2223.482159769542
68,2995.0,-2210.0
69,2864.8746194246896,-2170.0378394968566
70,2833.0,-2160.0
71,2770.559967605923,-2140.1900510518485
72,2713.0,-2121.0
73,2634.2992175839577,-2092.6382471417915
74,2590.0,-2076.0
75,2511.8698881717983,-2045.1860182623536
76,2484.0,-2033.0
77,2400.76053156026,-1993.9582551012245
78,2326.0,-1957.0
79,2237.9246055360445,-1908.7186281399204
80,2180.0,-1872.0
81,2173.069623567909,-1867.5536039480025
82,2003.2253675729535,-1756.6010664372704
83,1989.0,-1747.0
84,1891.7466134872966,-1678.5775026753388
85,1862.0,-1657.0
86,1755.0,-1578.0
87,1719.122899657683,-1550.6555115772221
88,1554.6525105551864,-1422.1072281167692
89,1552.0,-1420.0
90,1490.5498675520125,-1370.3314263475743
91,1434.0,-1324.0
92,1426.3612426399739,-1317.7980525877579
93,1325.0,-1236.0
94,1225.4798053745346,-1156.1812239164265
95,1198.0,-1134.0
96,1100.0183650871008,-1053.4536000838955
97,1055.0,-1015.0
98,1018.6288339937479,-982.8563178705582
99,953.0,-921.0
100,934.19143641545,-902.0766148224336
101,912.0,-879.0
102,842.0,-794.0
103,837.7895557605409,-787.6638048267021
104,776.0883991531596,-680.3863195292275
105,761.0,-650.0
106,741.1093370556325,-596.7306417531522
107,740.9109761177757,-552.0998208555001
108,741.0,-536.0
109,742.0,-494.0
110,762.0,-358.0
111,765.1625215013721,-329.1867076828705
112,767.7407720525365,-233.18125636629557
113,765.0,-167.0
114,763.959985917882,-148.3931835617975
115,761.0,-127.0
116,757.2811891179367,-106.34554408314852
117,730.667841646065,11.14501739388746
118,725.0,29.0
119,700.4486933055185,86.36816533613673
120,699.0,89.0
121,618.0,212.0
122,608.5346037287258,225.25151320900136
123,549.0,300.0
124,534.89765728889,317.48803522033245
125,477.0,390.0
126,459.9736200168808,411.2937377133137
127,408.0,476.0
128,384.83496290042206,504.6019247943358
129,361.0,534.0
130,327.8977146839629,574.7188694828508
131,326.0,577.0
132,213.0622948782482,710.8545154567231
133,202.0,724.0
134,145.74868848067413,791.7055293439021
135,83.0,854.0
136,61.91093924473358,873.7393399800678
137,-98.0,1019.0
138,-105.44589929339634,1025.6231825782625
139,-187.0,1092.0
140,-211.43483316122527,1111.0690587711865
141,-279.0,1164.0
142,-338.4765258355262,1210.5337409129306
143,-403.0,1262.0
144,-443.85963713528275,1295.6307104927573
145,-535.0,1376.0
146,-610.2080097708122,1454.9903677744005
147,-668.0,1527.0
148,-705.0,1584.0
149,-709.5770478977753,1592.0820192667722
150,-769.7720535861052,1712.6741449146543
151,-814.0,1814.0
152,-853.0551267148112,1920.1605580511095
153,-878.0,2001.0
154,-905.3279719664472,2101.1230396169103
155,-928.0,2223.0
156,-937.6273289603846,2320.0629428501807
157,-938.0,2325.0
158,-944.0,2501.0
159,-944.1646641527751,2524.74777193404
160,-943.0,2677.0
161,-939.0,2809.0
162,-937.8044950507021,2844.3681260690864
163,-931.0,3001.0
164,-925.8866736454784,3089.992892784334
165,-918.0,3218.0
166,-912.3308814223584,3293.8694287972326
167,-912.0,3315.0
168,-913.0838144778882,3413.9586723303255
169,-917.0,3490.0
170,-920.946806228023,3530.725942013351
171,-932.0,3603.0
172,-937.0163516025709,3626.8384593037017
173,-948.0,3670.0
174,-958.4791880972143,3705.866906453115
175,-972.0,3744.0
176,-992.8365972121961,3788.983918454736
177,-1000.0,3803.0
178,-1029.8343333664743,3854.0201962556994
179,-1055.0,3881.0
180,-1104.9134616924605,3924.501735919493
181,-1123.0,3939.0
182,-1171.2857216908615,3963.156306416395
183,-1180.0,3965.0
184,-1221.9098126931972,3975.4657116460526
185,-1262.0,3983.0
186,-1344.2688688713115,3983.1112561684104
187,-1346.0,3983.0
188,-1404.222771241855,3978.156756453084
189,-1406.0,3978.0
190,-1498.0,3971.0
191,-1571.4294178870189,3970.5185793922356
192,-1642.8043802860316,3974.808978337682
193,-1655.0,3976.0
194,-1679.5806362169105,3979.387254430706
195,-1717.0,3990.0
196,-1746.56266131847,4000.4913458429974
197,-1790.0,4018.0
198,-1800.504855257632,4022.8866921390113
199,-1848.8740946163202,4051.551254992767
200,-1859.0,4059.0
201,-1942.0,4127.0
202,-1978.3144299316984,4159.241871092825
203,-2013.5834224596458,4200.392134667162
204,-2030.0,4223.0
205,-2078.7235649229633,4292.561486802084
206,-2085.0,4302.0
207,-2135.0,4390.0
208,-2144.660185174664,4411.070749774892
209,-2193.0,4526.0
210,-2199.3331940208786,4542.033590991026
211,-2215.49132866156,4593.566407611219
212,-2218.0,4603.0
213,-2247.0,4716.0
214,-2255.670424826657,4755.81074402905
215,-2274.7768891524843,4864.077428151919
216,-2279.0,4891.0
217,-2294.0,4994.0
218,-2299.286265945216,5033.637221542411
219,-2308.0,5105.0
220,-2308.818158572349,5111.567468097159
221,-2320.0,5202.0
222,-2336.019673305239,5343.526919883039
223,-2345.0,5426.0
224,-2355.393763460488,5524.400304701856
225,-2362.6711554396397,5597.263130135845
226,-2365.0,5621.0
227,-2380.0,5782.0
228,-2394.001992216302,5948.885239310542
229,-2396.0,5973.0
230,-2404.0850481267744,6071.058699383419
231,-2409.0,6142.0
232,-2412.0475949836477,6190.6023973695355
233,-2417.0,6270.0
234,-2429.10303400409,6454.388095877171
235,-2431.0,6488.0
236,-2434.0,6547.0
237,-2435.218911142935,6572.192860130324
238,-2440.0,6681.0
239,-2440.3923926648877,6691.485367077139
240,-2445.0,6846.0
241,-2446.473717532867,6902.940148124386
242,-2449.0,7029.0
243,-2449.469324927519,7086.691370131866
244,-2449.0,7230.0
245,-2448.0,7308.0
246,-2447.459848257212,7335.375607597885
247,-2442.460765281858,7492.501861840649
248,-2441.0,7528.0
249,-2433.0842652000247,7686.102190566544
250,-2429.0,7750.0
251,-2411.435023217988,7984.633849928172
252,-2411.0,7990.0
253,-2400.5607289377126,8104.85114591241
254,-2392.0,8182.0
255,-2387.7492269046634,8219.972591078626
256,-2375.0,8328.0
257,-2339.034931515954,8587.279344921391
258,-2327.0,8669.0
259,-2318.4555888114583,8725.371251422508
260,-2287.0,8898.0
261,-2278.0092716181744,8941.13488677879
262,-2277.0,8946.0
263,-2252.0881877584147,9069.085374838975
264,-2241.0,9122.0
265,-2224.1279875593555,9198.329420140979
266,-2204.0,9285.0
267,-2169.7457494749015,9425.849247842229
268,-2145.0,9528.0
269,-2116.0,9652.0
270,-2104.0801761124876,9702.315011355711
271,-2077.0,9817.0
272,-2070.8375453106087,9844.066539236006
273,-2027.0,10041.0
274,-2008.566486194798,10120.655108089459
275,-1998.2660970853794,10159.639530288388
276,-1992.0,10183.0
277,-1970.790192755686,10259.407695035894
278,-1970.0,10262.0
279,-1938.7540226850629,10350.993522289898
280,-1938.0,10353.0
281,-1916.335202418009,10403.525351566177
282,-1910.0,10414.0
283,-1847.9830920137883,10496.625715280457
284,-1846.0,10499.0
285,-1785.8656484288872,10546.019284558732
286,-1749.7744046697683,10554.495855676872
287,-1748.0,10555.0
288,-1700.0,10569.0
289,-1694.9825030143434,10570.264111922634
290,-1629.0,10584.0
291,-1597.5431479665986,10591.913414817647
292,-1532.0,10614.0
293,-1482.9593680048038,10636.018126025245
294,-1481.0,10637.0
295,-1430.0,10665.0
296,-1411.0515159262886,10676.733152941564
297,-1386.0,10694.0
298,-1370.2796597845636,10705.435031284991
299,-1331.0,10736.0
300,-1320.4352113738205,10745.03365225553
301,-1264.8066781936755,10800.03066213877
302,-1223.0,10849.0
303,-1184.0,10902.0
304,-1175.0094447589245,10916.323349013413
305,-1153.0,10954.0
306,-1111.0,11034.0
307,-1088.6696234843337,11084.004821157949
308,-1066.0,11140.0
309,-1060.5492386854278,11154.257524875993
310,-1039.0,11215.0
311,-1024.42628886367,11259.821324650246
312,-1008.0,11314.0
313,-988.8849756723904,11383.621242053878
314,-977.0,11429.0
315,-961.1944258048369,11490.038700672787
316,-952.0,11526.0
317,-927.6254459183359,11623.243753981915
318,-924.0,11638.0
319,-899.9300295680563,11738.007010418114
320,-885.0,11800.0
321,-859.7435019725206,11903.423043009838
322,-856.0,11919.0
323,-837.0497447814404,11999.681920183604
324,-817.0,12088.0
325,-809.8598512172416,12120.068506459276
326,-791.0,12208.0
327,-770.9338880180952,12312.951495798683
328,-770.0,12318.0
329,-734.0,12516.0
330,-730.1966617660206,12537.524967110532
331,-711.0,12651.0
332,-691.7531903419888,12766.265238321797
333,-686.0,12802.0
334,-666.3380082282918,12929.779970696665
335,-642.5980208799919,13091.84868590072
336,-642.0,13096.0
337,-626.2418323489344,13207.994987230146
338,-615.0,13296.0
339,-610.2863703517585,13334.963377357468
340,-592.0029560201327,13495.77317826767
341,-590.0,13515.0
342,-570.3087142802856,13777.124221056885
343,-570.0,13783.0
344,-560.0,13995.0
345,-558.9288607112285,14020.862982230203
346,-556.2971708389791,14116.303314768547
347,-556.0,14132.0
348,-553.402232334206,14278.430645957265
349,-552.0,14415.0
350,-553.0,14567.0
351,-553.5924144399057,14599.062259162256
352,-560.244935054121,14800.43979692616
353,-563.0,14845.0
354,-576.5613632558996,14990.93981748855
355,-594.0,15124.0
356,-601.5274819002523,15173.465146698354
357,-616.9459386949375,15257.347795945892
358,-637.1012151961761,15350.946061994802
359,-638.0,15355.0
360,-678.9242091660193,15535.289373621501
361,-680.0,15540.0
362,-712.0,15679.0
363,-729.3783966419259,15751.6649285565
364,-734.0,15771.0
365,-774.0,15943.0
366,-784.840041253719,15990.803567273519
367,-811.0,16108.0
368,-812.810117163884,16116.216113374692
369,-839.469277676591,16244.041631698617
370,-840.0,16247.0
371,-845.0,16276.0
372,-856.0062391683931,16336.179917133959
373,-870.5657890146509,16415.41893712446
374,-872.0,16425.0
375,-879.0,16487.0
376,-881.0616993036949,16522.639750712002
377,-881.0,16548.0
378,-876.0,16597.0
379,-872.060529526736,16619.128280255652
380,-855.0,16665.0
381,-843.2331393686859,16682.725933713235
382,-820.0,16711.0
383,-799.0817897153439,16728.88741147055
384,-784.0,16737.0
385,-775.1685132948718,16741.146409105884
386,-743.6303344163973,16753.363126305987
387,-734.0,16756.0
388,-673.3596485143167,16760.21124592884
389,-672.0,16760.0
390,-597.8847181674425,16729.531491116868
391,-597.0,16729.0
392,-580.0603077504852,16716.842473675148
393,-556.6855660393799,16688.715666096396
394,-553.0,16685.0
395,-550.0,16682.0
396,-534.0682113103593,16659.66645123781
397,-526.0,16644.0
398,-506.9241405832433,16605.506856282816
399,-492.0,16574.0
400,-485.32255192448474,16559.004183770438
401,-472.44413295051646,16523.780089267435
402,-465.0,16499.0
403,-453.0,16457.0
404,-447.46220384890887,16436.45855296717
405,-435.0,16384.0
406,-427.363059070778,16341.711761506613
407,-423.0,16313.0
408,-415.75178006771677,16257.480451398535
409,-414.0,16243.0
410,-407.3461344753749,16176.279953869931
411,-406.0,16159.0
412,-398.0,16050.0
413,-392.5275323018914,15973.862691604458
414,-386.0,15924.0
415,-381.9020981137247,15892.731651164384
416,-364.7450210967484,15773.3053591926
417,-364.0,15769.0
418,-336.31276974374117,15644.28183325734
419,-312.61525848965897,15565.33333891354
420,-303.0,15534.0
421,-293.71476183447425,15504.489730100526
422,-270.33554971303965,15441.435112848223
423,-269.0,15438.0
424,-169.0,15186.0
425,-162.13986698633602,15169.056971067192
426,-141.1420457720979,15119.580865464202
427,-131.0,15096.0
428,-88.75265629970278,14996.813273302396
429,-82.0,14981.0
430,-32.0,14864.0
431,-8.863701663324582,14808.630873315946
432,18.0,14744.0
433,41.6609553268773,14687.670158513367
434,101.0,14549.0
435,139.0,14462.0
436,158.88747249846173,14416.28839813705
437,188.0,14349.0
438,232.0,14247.0
439,247.73743088920583,14210.90901507431
440,304.0,14083.0
441,308.1240389521181,14073.609578034553
442,367.0,13939.0
443,399.55705386095457,13864.079880443034
444,435.0,13782.0
445,521.0,13580.0
446,525.9389838965989,13568.32962255476
447,602.0,13388.0
448,621.2352713652232,13341.87453422786
449,654.0,13262.0
450,681.760607507166,13194.008773331923
451,723.0,13092.0
452,832.0,12818.0
453,871.7832064511313,12715.669278397167
454,918.8015109975202,12587.537098809607
455,947.0,12507.0
456,976.5466943030876,12421.400950892827
457,998.0,12356.0
458,1098.413515529583,12032.760755807167
459,1126.0,11941.0
460,1148.3532918657709,11859.444992965618
461,1152.0,11846.0
462,1200.0,11672.0
463,1222.934032024339,11585.477909129197
464,1250.0,11480.0
465,1252.7032585761303,11469.432579689417
466,1285.6433957595593,11339.45636947146
467,1287.0,11334.0
468,1344.7785391631296,11096.022102976902
469,1358.0,11041.0
470,1381.8905632112228,10941.22249051
471,1397.0,10877.0
472,1452.5193988977057,10638.727082917201
473,1486.0,10495.0
474,1519.6060147080057,10352.480300016148
475,1533.0,10296.0
476,1582.6702036709155,10085.058940471356
477,1592.0,10045.0
478,1621.6583660242065,9916.828992148607
479,1627.0,9894.0
480,1639.0,9843.0
481,1667.8315170898475,9717.731136794391
482,1674.0,9691.0
483,1765.0,9302.0
484,1773.4046804526129,9266.362316355153
485,1793.0,9183.0
486,1826.208164289849,9038.105074431893
487,1840.0,8978.0
488,1880.766379098649,8801.469357835878
489,1911.0,8670.0
490,1960.839240226608,8451.12478634934
491,1962.0,8446.0
492,1997.0,8291.0
493,2007.8783061570768,8243.252985809126
494,2076.1047153803192,7946.191780925873
495,2081.0,7925.0
496,2115.0,7779.0
497,2117.2703003623974,7769.290424739686
498,2180.0,7503.0
499,2183.19746566963,7489.700535147864
500,2201.0,7416.0
501,2256.7479285719346,7182.214653678444
502,2263.0,7156.0
503,2302.0171308547633,6992.790735694698
504,2342.0,6826.0
505,2370.175612656748,6709.071364338348
506,2398.9489242494283,6587.502732468785
507,2400.0,6583.0
508,2424.0,6480.0
509,2437.5462432052846,6422.230184402192
510,2498.0,6167.0
511,2513.299618096611,6102.2908292492775
512,2560.6195419188603,5899.578693952248
513,2563.0,5889.0
514,2573.2785669082496,5840.717836135853
515,2580.0,5804.0
516,2591.977460060597,5734.718187014249
517,2598.0,5694.0
518,2604.642119709196,5628.992197262583
519,2606.0,5573.0
520,2605.8761415968565,5567.737919915275
521,2601.0,5507.0
522,2586.8866139233555,5440.860296396834
523,2576.0,5412.0
524,2563.0,5385.0
525,2557.0708482563095,5373.511363308482
526,2527.084332258981,5320.216476025525
527,2522.0,5312.0
528,2489.0,5260.0
529,2456.526156621878,5195.225722756182
530,2418.0,5106.0
531,2412.4423865944595,5091.389759778919
532,2406.0,5054.0
533,2404.0448655843193,5037.909117280395
534,2395.0,4951.0
535,2393.744264423016,4903.083509861617
536,2397.0,4826.0
537,2397.4102601192985,4820.075302028563
538,2404.0,4748.0
539,2410.4379670131993,4695.600247063208
540,2420.0,4629.0
541,2429.3181388690705,4571.732459431182
542,2437.0,4533.0
543,2466.0,4403.0
544,2505.5203063703852,4248.22618095572
545,2530.301886582527,4162.393811158931
546,2531.0,4160.0
547,2556.321912832417,4074.2925477188255
548,2576.157758886283,4006.885421868562
549,2577.0,4004.0
550,2601.2806937728906,3920.2713439673335
551,2614.0,3876.0
552,2655.0,3732.0
553,2661.872791096246,3707.5641683036374
554,2685.7516438659236,3620.951859460112
555,2712.0,3521.0
556,2737.3815010268163,3422.3740321580435
557,2752.0,3366.0
558,2771.6210978174076,3291.4815326171683
559,2783.0,3248.0
560,2807.8489741806125,3151.1401115476365
561,2827.0,3075.0
562,2849.5437644155536,2983.9021930751505
563,2854.0,2966.0
564,2889.0,2828.0
565,2891.21181383173,2819.4501825131842
566,2907.0,2759.0
567,2942.0467358084725,2624.377020777889
568,2962.0,2547.0
569,2983.0671728983307,2464.9860508416436
570,3014.0,2345.0
571,3056.553277016782,2187.7690995257813
572,3084.0,2081.0
573,3091.0,2052.0
574,3132.322936743978,1892.2495336339819
575,3186.0,1691.0
576,3195.6639059968275,1654.0675153858328
577,3209.9498399804434,1596.5481868021743
578,3224.0,1539.0
579,3262.0,1385.0
580,3275.510860918205,1327.8055577021992
581,3316.0,1136.0
582,3342.753330433612,984.8260339639874
1,3385.0,635.0
2,3387.8362623019957,592.2331085280882
3,3395.0,404.0
4,3395.316355738743,330.9242083814349
5,3394.0,255.0
6,3377.0,-61.0
7,3375.039686565273,-86.23000674335
8,3364.770587863282,-192.60258982087495
9,3355.0,-278.0
10,3348.760219653203,-331.3316712785949
11,3332.0,-474.0
12,3304.7833825523403,-714.0173857358745
13,3304.0,-721.0
14,3289.0,-869.0
15,3288.6202472948803,-874.2461222190813
16,3283.0,-972.0
17,3280.831045891655,-1051.779712464533
18,3282.0,-1115.0
19,3284.0777854990088,-1147.8542422720448
20,3286.0,-1170.0
21,3291.5939585721326,-1218.9319455470204
22,3301.0,-1273.0
23,3312.3309969195893,-1316.4868276828222
24,3324.0,-1350.0
25,3362.0,-1428.0
26,3378.46319173929,-1455.528830749342
27,3438.0,-1526.0
28,3500.2530320330097,-1581.2081879696439
29,3513.0,-1592.0
30,3573.612367920941,-1638.98851773289
31,3613.9853239572612,-1661.554955555282
32,3622.0,-1666.0
33,3694.0,-1705.0
34,3706.0,-1711.0
35,3715.080185918454,-1715.6507491062555
36,3782.0,-1755.0
37,3798.7783229353176,-1766.71967586647
38,3834.0,-1796.0
39,3858.7614686278143,-1825.137196691655
40,3860.0,-1827.0
41,3879.746969071733,-1869.7357823118425
42,3883.0,-1881.0
43,3887.8019342751213,-1906.383258342154
44,3888.0,-1949.0
45,3878.538752731192,-2007.5162972312405
46,3878.0,-2010.0
47,3857.5207706275123,-2072.165400380248
48,3852.0,-2084.0
49,3840.2290270955873,-2106.974984138812
50,3833.0,-2120.0
51,3816.0,-2148.0
52,3806.869941345933,-2160.354730287723
53,3775.0,-2193.0
54,3760.6461836605804,-2206.1746844203108
55,3731.0,-2226.0
56,3705.0665111427443,-2237.809702954131
57,3671.0,-2251.0
58,3621.4568011691676,-2262.811125570117
59,3601.0,-2265.0
60,3566.834932160136,-2268.798169316284
61,3529.0,-2272.0
62,3465.0,-2273.0
63,3396.7153701009247,-2271.6482471858603
64,3311.0,-2268.0
65,3280.3611728964183,-2265.6797045091084
66,3227.0,-2259.0
67,3198.904477233401,-2254.643562697467
68,3102.0,-2237.0
69,3009.0,-2214.0
70,2962.611981525427,-2200.5373061623445
71,2841.0,-2163.0
72,2751.0,-2133.0
73,2745.5941513008484,-2131.17515712166
74,2669.0,-2105.0
75,2621.8742356103376,-2087.7042181169613
76,2586.0,-2074.0
77,2517.039305854877,-2046.706327409255
78,2459.0,-2022.0
79,2431.6887326604456,-2009.6252499090795
80,2341.0,-1965.0
81,2282.08281449134,-1932.8104284924625
82,2172.0,-1867.0
83,2113.3652514544256,-1829.9946370802095
84,2098.0,-1820.0
85,1972.0,-1734.0
86,1966.488552257336,-1730.1934745013375
87,1854.0,-1651.0
88,1831.481927546753,-1634.426375096239
89,1672.0,-1514.0
90,1633.7818215926748,-1484.5226545580692
91,1463.1796090620383,-1348.0070633311389
92,1446.0,-1334.0
93,1406.4210552604943,-1301.5954478121632
94,1370.0,-1272.0
95,1272.8780867766054,-1193.7263585018231
96,1168.0,-1109.0
97,1151.9719135139705,-1095.9534505322854
98,1070.0,-1028.0
99,1049.1766602504551,-1010.1021156501049
100,1014.0,-979.0
101,958.0,-926.0
102,915.056377641431,-881.5392854899712
103,902.0,-867.0
104,872.7872107787813,-832.5204720383852
105,832.5853705184225,-779.8915551202481
106,817.0,-757.0
107,798.197607041368,-726.7435830467393
108,782.0,-697.0
109,760.223254902123,-645.94754345857
110,757.0,-636.0
111,746.4965767596847,-590.3254914859551
112,745.0,-580.0
113,742.0,-514.0
114,745.2294125319829,-471.780120377054
115,756.5235670266632,-394.4423234674837
116,757.0,-391.0
117,762.0,-353.0
118,767.6267220503698,-303.66481408344976
119,769.0,-285.0
120,768.1910658042663,-194.07249898292298
121,761.0,-125.0
122,753.6822317516844,-79.07987285013185
123,746.0,-42.0
124,734.3449791838758,1.6573937643583307
125,728.0,21.0
126,713.0,59.0
127,669.7531405775522,138.8084679910807
128,648.0,172.0
129,582.0,260.0
130,572.9539267715774,271.44140957936247
131,517.0,341.0
132,491.18598245773796,373.1260189531155
133,443.0,433.0
134,367.4923620003268,526.072817646917
135,357.0,539.0
136,318.2211925879179,586.8921717627142
137,289.0,622.0
138,257.45485959506067,659.5820689712399
139,231.0,691.0
140,171.0,761.0
141,115.9974385222364,820.3370594717434
142,13.0,922.0
143,-59.0656420723435,986.2070857889759
144,-99.0,1020.0
145,-188.0,1093.0
146,-212.9003275696298,1112.832382737427
147,-311.0,1190.0
148,-371.74576361542637,1238.9475923743303
149,-516.0,1359.0
150,-532.6940781695765,1373.7182321577461
151,-614.1639846585811,1456.8248062314362
152,-644.0,1495.0
153,-706.0,1584.0
154,-717.2343684906492,1602.9859697729605
155,-759.0,1684.0
156,-807.4566494210701,1796.434930275354
157,-830.0,1857.0
158,-899.0,2070.0
159,-908.0157115892683,2106.51301204693
160,-924.0,2195.0
161,-937.426608440011,2317.765233532036
162,-938.0,2325.0
163,-943.745421714905,2496.1348383991713
164,-944.0,2561.0
165,-944.0,2620.0
166,-943.4525023285795,2669.55375175133
167,-939.0,2812.0
168,-931.1972499441125,3000.8582132702813
169,-929.0,3047.0
170,-920.9649037991197,3162.5884333230524
171,-917.0,3218.0
172,-912.0,3328.0
173,-911.8627683227572,3333.953887551907
174,-915.6251952183836,3477.3786221902465
175,-916.0,3482.0
176,-924.0,3553.0
177,-931.4419245158088,3599.896344188153
178,-937.0,3628.0
179,-963.9458500827152,3722.494267694155
180,-973.0,3746.0
181,-998.2997135064353,3799.484974734562
182,-1003.0,3808.0
183,-1031.0,3852.0
184,-1033.0401226730291,3854.775813141942
185,-1079.0,3905.0
186,-1081.4031337087426,3907.097635624454
187,-1121.0,3936.0
188,-1128.9310659475702,3940.6544813320456
189,-1172.881436504124,3961.422088672988
190,-1197.0,3970.0
191,-1215.448344122481,3975.1664632476964
192,-1265.6731425231194,3982.825637137914
193,-1268.0,3983.0
194,-1335.0,3983.0
195,-1344.9853506252734,3982.4476275307643
196,-1396.080014767742,3978.553091292014
197,-1404.0,3978.0
198,-1410.0,3978.0
199,-1447.119955282679,3974.891362175886
200,-1472.0,3973.0
201,-1528.780487022532,3970.1771625414485
202,-1558.0,3970.0
203,-1626.0,3973.0
204,-1637.077269264222,3973.8311367058536
205,-1697.0166946007882,3982.6777888985234
206,-1722.0,3991.0
207,-1836.0,4044.0
208,-1863.6007844488176,4059.644497556847
209,-1987.0,4172.0
210,-1989.177687053551,4174.523794504724
211,-2038.9378081486923,4235.579435641729
212,-2072.0,4282.0
213,-2074.8143736845595,4286.096951218759
214,-2088.0,4306.0
215,-2135.848262554916,4396.086093898478
216,-2185.0,4504.0
217,-2198.195091452877,4535.652796877426
218,-2225.0,4627.0
219,-2228.525368762128,4641.184753541424
220,-2253.0,4746.0
221,-2270.0,4837.0
222,-2271.0622517916195,4843.122671404671
223,-2285.5148399715918,4931.777999255086
224,-2292.0,4977.0
225,-2316.0,5166.0
226,-2316.9456328458436,5173.6669077430815
227,-2334.554152015537,5319.646471021512
228,-2342.0,5392.0
229,-2347.0,5444.0
230,-2351.7150032662416,5490.725868453581
231,-2362.0,5589.0
232,-2378.1895634904836,5758.491331521437
233,-2398.0,6001.0
234,-2404.58460688071,6093.446072599625
235,-2409.0,6157.0
236,-2414.5938466475436,6237.3328155121135
237,-2417.0,6273.0
238,-2430.6414803255207,6501.309053381427
239,-2431.0,6508.0
240,-2436.6874642686234,6621.184994798535
241,-2437.0,6628.0
242,-2442.806137893408,6773.276505293788
243,-2444.0,6809.0
244,-2448.0,6993.0
245,-2448.8701406165865,7123.509144018044
246,-2449.0,7242.0
247,-2448.460571444939,7300.4546632091005
248,-2446.0,7368.0
249,-2442.374140653162,7478.436964538436
250,-2437.0,7623.0
251,-2425.682988391047,7807.356573912792
252,-2425.0,7816.0
253,-2401.0,8091.0
254,-2397.1658053370857,8131.453520113119
255,-2387.0,8221.0
256,-2374.354110900683,8327.982200179087
257,-2363.0,8418.0
258,-2357.3369826695407,8459.883775503647
259,-2342.0,8566.0
260,-2332.923348697328,8625.3867523394
261,-2316.0,8731.0
262,-2292.516996570681,8866.782959654214
263,-2266.0,9001.0
264,-2224.856916202211,9191.661718055266
265,-2223.0,9200.0
266,-2169.1493510800296,9428.779015206324
267,-2157.0,9479.0
268,-2116.0,9649.0
269,-2104.339756960563,9697.264836674565
270,-2086.0,9775.0
271,-2050.0739706563,9935.988274706135
272,-2045.0,9959.0
273,-2022.319445506922,10062.283057907558
274,-2014.0,10097.0
275,-2004.7494023759955,10133.95318341672
276,-1981.0,10223.0
277,-1979.6972067623979,10227.549313117126
278,-1958.4029937729722,10297.05592241531
279,-1952.0,10316.0
280,-1932.7978476554351,10366.650773531826
281,-1912.0,10410.0
282,-1903.8660152183045,10424.407205814336
283,-1870.0,10474.0
284,-1860.2460724224084,10485.432171382414
285,-1835.0,10508.0
286,-1803.2067462693212,10526.84225275029
287,-1710.0,10566.0
288,-1696.8135285041974,10570.290909649091
289,-1643.0,10581.0
290,-1622.1840729250948,10586.877577552536
291,-1539.5111193240964,10612.580739891335
292,-1520.0,10619.0
293,-1477.7069832582931,10636.58048980297
294,-1457.0,10649.0
295,-1383.3430212900505,10694.735712882217
296,-1380.0,10697.0
297,-1297.0,10766.0
298,-1277.339283871605,10786.179122896103
299,-1223.2501141846233,10848.219179326928
300,-1221.0,10851.0
301,-1176.0,10914.0
302,-1107.9600425177402,11039.169404424556
303,-1106.0,11043.0
304,-1079.7014062254502,11099.968404036168
305,-1068.0,11133.0
306,-1046.3564496225783,11196.974119072449
307,-1006.0,11321.0
308,-998.8475781280051,11344.376952254186
309,-977.0,11427.0
310,-956.2360712530464,11507.113151589576
311,-943.0,11559.0
312,-932.8901049292784,11599.560938551032
313,-911.0127832029262,11690.1098500863
314,-907.0,11707.0
315,-883.0081852354049,11808.559548603098
316,-879.0,11825.0
317,-854.9314455119695,11920.401673436296
318,-846.0,11958.0
319,-796.0,12183.0
320,-786.9386409158274,12225.638694392066
321,-759.5623208069287,12371.30705167377
322,-754.0,12403.0
323,-740.0529961643248,12480.73259748867
324,-735.0,12510.0
325,-714.2323500871273,12633.941026709192
326,-687.0,12799.0
327,-685.7767810316296,12806.399164976094
328,-656.0,12996.0
329,-649.0424266112336,13044.630000177274
330,-622.8759003495022,13232.4201245293
331,-616.0,13284.0
332,-587.5429125656246,13542.606887925824
333,-587.0,13549.0
334,-569.8907875201377,13791.647750917944
335,-564.0,13895.0
336,-561.5655559476037,13952.313675111154
337,-560.0,14002.0
338,-558.9981593727164,14034.024551545717
339,-554.4287298551981,14195.508856700962
340,-554.0,14218.0
341,-553.0,14342.0
342,-553.1690726850946,14438.945860648379
343,-555.0,14680.0
344,-559.0365844536335,14797.705883968601
345,-562.0,14837.0
346,-573.0,14962.0
347,-581.2037567546154,15034.717083499503
348,-598.0,15151.0
349,-625.0,15293.0
350,-630.3051295702711,15318.373492802497
351,-660.5295244175721,15454.506911625223
352,-688.0,15574.0
353,-724.2804538418452,15731.179998438605
354,-731.0,15760.0
355,-781.0,15974.0
356,-788.24940849098,16005.437223251127
357,-828.0123407750184,16188.230915777027
358,-833.0,16213.0
359,-845.1612188000079,16275.760849425897
360,-857.0,16340.0
361,-859.1066062257364,16351.497508287379
362,-868.0,16402.0
363,-875.2138932264004,16455.10184086311
364,-878.0,16484.0
365,-880.0,16515.0
366,-880.4783285425768,16529.97402198761
367,-879.0,16576.0
368,-874.9188385922293,16604.325800035833
369,-867.0,16635.0
370,-857.4429654999843,16658.987187396386
371,-846.0,16680.0
372,-840.0830306024513,16688.84175624072
373,-810.8442687109557,16718.830712457573
374,-805.0,16723.0
375,-773.3577468290135,16741.449208747497
376,-758.0,16749.0
377,-742.4749128886524,16755.326188817016
378,-717.0,16759.0
379,-714.9647167983971,16759.062282060608
380,-650.4409849318629,16755.220106294837
381,-649.0,16755.0
382,-626.9178695440249,16748.914011495828
383,-611.0,16738.0
384,-591.7029965313579,16721.65397381947
385,-555.0,16687.0
386,-551.7803952623838,16683.67653285903
387,-539.0,16666.0
388,-538.1748216748198,16664.68483633537
389,-517.9610740360863,16630.81554347303
390,-517.0,16629.0
391,-486.67317852640673,16559.807819950245
392,-482.0,16548.0
393,-475.88204659959933,16531.98657320154
394,-471.0,16518.0
395,-468.10501951743635,16509.372963614325
396,-441.89664084621865,16414.222806094498
397,-441.0,16410.0
398,-427.0,16338.0
399,-418.2928496213264,16286.766840235632
400,-411.87123964460403,16225.589060871205
401,-409.0,16193.0
402,-404.5344437165616,16141.948898365166
403,-401.0,16099.0
404,-395.0,16018.0
405,-392.950407098375,15993.781837814258
406,-391.0,15971.0
407,-380.3554232295289,15859.664545430127
408,-372.0,15813.0
409,-335.0,15639.0
410,-333.39859490357657,15631.971537539399
411,-319.8985760610276,15579.737751116616
412,-306.0,15542.0
413,-297.7076225498093,15518.168954164224
414,-276.0,15456.0
415,-265.51451783877434,15427.190669621523
416,-223.1269897910895,15317.769005885973
417,-208.0,15280.0
418,-167.0,15180.0
419,-159.57111756367112,15162.431238740599
420,-123.0,15077.0
421,-85.0,14986.0
422,-72.82903196320198,14957.43061821754
423,-39.0,14879.0
424,31.344598403875803,14713.349992827962
425,86.0,14584.0
426,119.26103785094361,14505.947985282266
427,124.0,14495.0
428,174.50480420530764,14379.036380383797
429,219.0,14277.0
430,248.26619243065977,14209.847356977602
431,294.0,14105.0
432,343.4184953770003,13992.150640555785
433,375.0,13920.0
434,454.7903264646075,13736.59361210445
435,515.0,13596.0
436,552.8374388506971,13505.917884454975
437,625.0,13331.0
438,631.8120503144676,13314.501393541797
439,695.0,13161.0
440,703.4998681624854,13140.115683706612
441,742.0,13045.0
442,774.926317104919,12962.892411077883
443,820.5328057829634,12847.345039941727
444,823.0,12841.0
445,857.0,12752.0
446,899.9195489721243,12635.110592073886
447,961.0,12465.0
448,964.7054049083473,12454.550328505726
449,1012.1640466571193,12316.915689922647
450,1057.0,12171.0
451,1103.266654282389,12017.893733613102
452,1110.0,11995.0
453,1119.0,11964.0
454,1141.247479846163,11885.821997955514
455,1216.0,11611.0
456,1218.9266991859886,11599.783889183838
457,1290.0,11317.0
458,1297.9315270229365,11285.27924276999
459,1343.0,11103.0
460,1350.7883002581848,11070.54586304036
461,1414.0907511093778,10804.54447276593
462,1430.0,10737.0
463,1449.0992372531405,10652.924583130629
464,1457.0,10619.0
465,1497.0,10451.0
466,1514.3508312432432,10377.52600361576
467,1568.0,10146.0
468,1615.0,9942.0
469,1626.706877609554,9891.45051310537
470,1667.0,9720.0
471,1679.3281513495795,9667.179020769445
472,1711.0,9531.0
473,1779.0,9239.0
474,1786.417381784354,9207.2854104891
475,1855.3821307688756,8913.076913935913
476,1860.0,8893.0
477,1913.3396853579736,8657.252947335883
478,1915.0,8650.0
479,1955.0,8476.0
480,1969.097985497936,8413.414814773583
481,1998.0,8284.0
482,2029.0,8148.0
483,2031.1693754638447,8138.531027518626
484,2061.0,8009.0
485,2095.16158192447,7863.902347702457
486,2105.0,7822.0
487,2146.0,7646.0
488,2170.1599506694565,7543.925960518862
489,2223.8303390437277,7320.651795055417
490,2230.0,7295.0
491,2272.3799144269747,7118.579499783254
492,2310.0,6961.0
493,2312.2693145953435,6951.451613323966
494,2356.0,6767.0
495,2370.136274042261,6707.560755166405
496,2385.0,6645.0
497,2420.5344695491567,6494.734090999785
498,2466.0,6302.0
499,2492.955423611726,6187.854994506098
500,2509.0,6120.0
501,2542.67509389074,5977.39879780843
502,2559.0,5906.0
503,2570.5388294660097,5850.797310683186
504,2578.0,5811.0
505,2585.4547345992214,5770.595383794982
506,2594.0,5719.0
507,2600.6279348461544,5661.577369501462
508,2604.0,5627.0
509,2607.8891239620034,5590.203868194915
510,2599.0,5494.0
511,2571.0,5403.0
512,2568.9498625431484,5396.979456641668
513,2543.232809955845,5336.651657541952
514,2517.0,5304.0
515,2515.1724846668226,5301.259150225408
516,2483.5438469161263,5250.502483046485
517,2470.0,5227.0
518,2441.2862183345337,5171.735408717082
519,2440.0,5169.0
520,2416.0,5100.0
521,2399.0,5001.0
522,2396.8608061894915,4985.8418911333865
523,2394.0,4911.0
524,2394.249510691698,4901.116094074232
525,2399.0,4800.0
526,2399.5841304036835,4793.419365694553
527,2421.4377420199944,4621.313570915744
528,2425.0,4598.0
529,2432.0450631252647,4556.474680582354
530,2446.0,4491.0
531,2457.91896422507,4435.756812903684
532,2466.0,4400.0
533,2487.0,4317.0
534,2488.9636146089274,4309.737875014931
535,2551.0,4090.0
536,2559.795587637778,4059.557189460548
537,2576.8613329295913,4002.145923313491
538,2596.7163903987907,3935.4278799781187
539,2598.0,3931.0
540,2625.0,3837.0
541,2637.3587095791495,3793.8934389653687
542,2656.0,3728.0
543,2677.8539059715376,3647.4680927575955
544,2686.0,3617.0
545,2738.4497780258816,3418.8984603440254
546,2740.0,3413.0
547,2779.5563878091907,3260.7221879524513
548,2781.0,3255.0
549,2818.0,3106.0
550,2820.486833149001,3096.236288804269
551,2871.0,2901.0
552,2892.4718149118376,2817.609483708153
553,2941.69593125652,2624.1111376039485
554,2943.0,2619.0
555,2981.171102854186,2471.2371165895056
556,3003.0,2389.0
557,3007.0,2374.0
558,3032.4140255278853,2276.1115012339696
559,3056.0,2184.0
560,3115.1717945772225,1960.554062422611
561,3123.0,1931.0
562,3171.0,1749.0
563,3199.6953886101533,1638.0997991985005
564,3218.0,1565.0
565,3240.6068346844045,1474.220750124793
566,3255.0,1413.0
567,3322.0,1100.0
568,3331.0444781043816,1055.1420552023967
569,3354.1863194804464,921.6108229961051
1,3367.568349476425,811.7422360913095
2,3383.6803248342085,651.0141545862804
3,3384.0,647.0
4,3394.0,470.0
5,3394.3846940394797,457.8151974376563
6,3396.0,339.0
7,3392.6800143277214,195.3384684902334
8,3392.0,176.0
9,3380.5404920160295,-24.812465419538952
10,3378.0,-53.0
11,3356.0,-268.0
12,3330.785429169475,-490.29605624854577
13,3313.0,-637.0
14,3304.7710983539523,-710.5882425596124
15,3297.0,-788.0
16,3287.169529397199,-897.4129863521944
17,3287.0,-900.0
18,3281.4204465909843,-1036.7857841242972
19,3281.0,-1063.0
20,3281.4500667219627,-1117.1297178486536
21,3288.0,-1192.0
22,3289.294327053992,-1204.2422935375228
23,3304.4800040516757,-1288.111570856854
24,3309.0,-1302.0
25,3357.0,-1420.0
26,3389.530627653478,-1476.3503973712225
27,3412.0,-1498.0
28,3425.3097495274787,-1511.9379062339085
29,3473.0,-1560.0
30,3484.3793056537934,-1569.6087234601066
31,3504.0,-1585.0
32,3547.4304432228073,-1617.5579849700034
33,3574.0,-1636.0
34,3650.0677168097664,-1681.3269979523773
35,3694.0,-1705.0
36,3710.7880735376025,-1713.89759313787
37,3746.0,-1733.0
38,3789.8793381401856,-1760.1694859461716
39,3810.0,-1775.0
40,3825.244952416401,-1788.2868244450553
41,3826.0,-1789.0
42,3858.587568903335,-1826.380770545246
43,3871.0,-1847.0
44,3876.0150404417554,-1858.1025649876865
45,3885.0,-1892.0
46,3887.186556219327,-1909.6387835815362
47,3888.0,-1940.0
48,3886.618545737226,-1958.486015110118
49,3883.0,-1983.0
50,3874.3959144590076,-2020.9357001905685
51,3873.0,-2026.0
52,3859.0,-2068.0
53,3854.1132612967663,-2079.285260983131
54,3839.0,-2109.0
55,3816.6937461613575,-2146.5984813353
56,3810.0,-2156.0
57,3771.0,-2198.0
58,3759.7003550065383,-2207.0519038087177
59,3750.0,-2214.0
60,3682.603334253484,-2247.697162231365
61,3676.0,-2250.0
62,3622.0,-2263.0
63,3589.5398956424033,-2266.838618100046
64,3484.0,-2273.0
65,3468.153542096647,-2273.457854981667
66,3352.648047283008,-2271.0914344540524
67,3351.0,-2271.0
68,3287.7560230277386,-2266.4601170475817
69,3234.3751044411215,-2260.530018967005
70,3203.0,-2256.0
71,3136.3550900595583,-2244.268505183016
72,3112.0,-2239.0
73,3032.8278584727354,-2219.842544620068
74,2988.0,-2208.0
75,2926.5447280754797,-2190.333224003069
76,2820.0,-2156.0
77,2787.2835414479364,-2145.1128550908556
78,2626.395331369931,-2089.2793120532747
79,2604.0,-2081.0
80,2515.4461085163725,-2046.065254429851
81,2467.0,-2025.0
82,2373.1038765433063,-1981.0359812174602
83,2361.0,-1975.0
84,2271.926704980788,-1927.1573349034604
85,2216.0,-1894.0
86,2105.7247986388275,-1824.1241664353756
87,2058.0,-1793.0
88,1985.7564760212135,-1744.9068701054698
89,1920.4124718625237,-1698.996785430428
90,1856.0,-1652.0
91,1811.9804159957594,-1619.513243893427
92,1696.0,-1533.0
93,1613.0273239368507,-1468.8717935478473
94,1548.0,-1416.0
95,1520.8700556187143,-1394.1516003691804
96,1430.0,-1321.0
97,1410.6183084660177,-1305.271570641673
98,1355.0,-1260.0
99,1323.481452222774,-1234.4512783634425
100,1207.6445945736493,-1141.143303173668
101,1195.0,-1131.0
102,1101.0,-1055.0
103,1025.734883991069,-989.7466357021984
104,1017.0,-982.0
105,946.4696670909309,-914.544900480894
106,934.0,-901.0
107,863.0,-821.0
108,818.5993408671854,-768.1904086079144
109,807.5514518868807,-744.5665120888954
110,803.0,-735.0
111,765.1612268693127,-657.1157520135465
112,759.0,-641.0
113,742.0,-551.0
114,742.0,-529.0
115,743.2991876353794,-501.0380211175973
116,748.0,-454.0
117,754.3327630193575,-411.0832380790971
118,758.0,-387.0
119,768.0,-299.0
120,769.1158143317663,-249.04143208479718
121,769.0,-240.0
122,764.0397872716277,-154.7659652241114
123,761.0,-129.0
124,747.0,-49.0
125,730.0,15.0
126,698.5530974050411,83.3397214332492
127,649.0,170.0
128,627.0309428846119,201.9507510247633
129,603.0,232.0
130,582.9274592292369,257.16027231675906
131,470.47976273757087,398.1507012160097
132,469.0,400.0
133,420.17717747457516,460.61237367666695
134,394.0,493.0
135,373.28324857306643,518.828703454677
136,315.0,591.0
137,309.80465666247653,597.3200822773708
138,240.0,680.0
139,127.96650916142906,805.9728793251844
140,97.0,840.0
141,45.0,891.0
142,25.527778550546344,909.1268459650905
143,-47.0,975.0
144,-84.58340542591321,1006.9851921879149
145,-266.400044224114,1153.92984621131
146,-269.0,1156.0
147,-399.6558507421879,1258.5454201321181
148,-468.0,1316.0
149,-474.2144083924637,1321.524720906721
150,-538.7471545648041,1381.424230228088
151,-621.0,1467.0
152,-680.01905574724,1540.6719223363564
153,-708.0,1588.0
154,-779.0866792829903,1735.8359458392724
155,-816.0,1819.0
156,-853.4233157908518,1915.389809610117
157,-865.0,1955.0
158,-889.8876234520376,2037.3196333771402
159,-910.0,2118.0
160,-929.501037363585,2235.1302458603936
161,-939.0,2341.0
162,-944.0,2562.0
163,-944.0811901546253,2574.74515570002
164,-943.3539505998043,2675.961499408782
165,-942.0,2723.0
166,-938.5946739861547,2832.703626513405
167,-932.0,2987.0
168,-929.1463064877985,3039.584460682294
169,-921.0,3172.0
170,-918.4953953147748,3206.9085115855587
171,-913.0,3283.0
172,-911.5816802226283,3334.1538190903484
173,-914.0,3463.0
174,-917.9988216199839,3508.8911546612517
175,-930.0,3593.0
176,-946.3518956036679,3671.4722892788154
177,-950.0,3685.0
178,-991.0,3792.0
179,-1006.1006629756386,3819.550080554697
180,-1060.0,3892.0
181,-1122.4702718221395,3943.9810606639885
182,-1124.0,3945.0
183,-1233.0,3981.0
184,-1238.3210211873834,3981.650453537387
185,-1266.0,3984.0
186,-1356.2972319989374,3982.2954074407953
187,-1381.0,3981.0
188,-1422.3067411725604,3977.5438060610436
189,-1456.0,3974.0
190,-1472.035336816003,3972.8477021938475
191,-1534.0,3970.0
192,-1518.315606508927,3973.781627584654
193,-1513.0,3974.0
194,-1475.0,3973.0
195,-1514.8404545723224,3970.627456721204
196,-1534.0,3970.0
197,-1617.373256769296,3972.341341408814
198,-1633.0,3974.0
199,-1692.0,3983.0
200,-1703.6320513160917,3985.3428734394015
201,-1751.0,4001.0
202,-1824.4309075872745,4040.9542746329703
203,-1891.0,4082.0
204,-1940.1626007667246,4117.17785513544
205,-1968.322848596292,4149.918873920891
206,-1987.0,4172.0
207,-2034.0,4228.0
208,-2044.2205414848904,4241.412999048601
209,-2057.0,4259.0
210,-2127.2228602545047,4373.786506316694
211,-2133.0,4385.0
212,-2170.7088393135023,4467.358916013
213,-2187.0,4509.0
214,-2200.1691492302766,4546.348048635038
215,-2214.0,4590.0
216,-2236.7904410742417,4673.304433151146
217,-2240.0,4686.0
218,-2267.714623139531,4818.748036765225
219,-2271.0,4839.0
220,-2296.419530238835,5010.001237217137
221,-2297.0,5014.0
222,-2308.995668191228,5097.458311672628
223,-2318.0,5182.0
224,-2325.8112337816115,5252.912305802878
225,-2343.0,5409.0
226,-2348.255841260773,5457.461565439788
227,-2364.0281437329754,5611.263723597689
228,-2366.0,5632.0
229,-2374.3436689700957,5724.3671043189115
230,-2383.686338674542,5833.579534267187
231,-2385.0,5849.0
232,-2392.0,5932.0
233,-2401.7214354732364,6055.988060282495
234,-2403.0,6073.0
235,-2412.127924418958,6198.89094552386
236,-2419.0,6302.0
237,-2423.2921384716424,6372.097183710159
238,-2426.0,6418.0
239,-2435.091387596706,6578.940012283565
240,-2436.0,6596.0
241,-2439.0,6655.0
242,-2445.0,6836.0
243,-2446.028399455201,6888.9040152694815
244,-2448.2790933002384,7055.334389918186
245,-2449.0,7127.0
246,-2449.104761975639,7257.661872813367
247,-2448.0,7313.0
248,-2445.249945105088,7415.280651982418
249,-2444.0,7454.0
250,-2438.913929298502,7577.328238839269
251,-2438.0,7596.0
252,-2430.170336309408,7735.435948270454
253,-2429.0,7754.0
254,-2422.0219802792044,7855.307720928207
255,-2412.277919220249,7973.911208347823
256,-2412.0,7977.0
257,-2398.0,8121.0
258,-2389.815106574424,8199.26547123275
259,-2375.371493303142,8326.944734095066
260,-2375.0,8330.0
261,-2359.249234358436,8449.375085351114
262,-2353.0,8492.0
263,-2299.570863414266,8829.535034351527
264,-2299.0,8833.0
265,-2277.8750080001023,8946.120365668206
266,-2273.0,8969.0
267,-2237.0,9138.0
268,-2227.9163459546676,9179.045796823284
269,-2190.861731838629,9337.436186897046
270,-2184.0,9366.0
271,-2133.0,9577.0
272,-2129.2416334615223,9592.624828881264
273,-2107.1198724869264,9686.514245043345
274,-2094.0,9744.0
275,-2057.0,9904.0
276,-2038.8544042629314,9987.83612560981
277,-2026.0,10047.0
278,-2018.9755343098482,10078.012879144733
279,-1998.0,10164.0
280,-1977.5304234621415,10236.224063181879
281,-1977.0,10238.0
282,-1944.6058367082906,10337.548158271555
283,-1941.0,10347.0
284,-1915.0,10406.0
285,-1882.0158193311652,10459.494971290087
286,-1877.0,10466.0
287,-1814.5025153318147,10524.353897011379
288,-1802.0,10532.0
289,-1740.336211863224,10557.588901955856
290,-1739.0,10558.0
291,-1670.0,10575.0
292,-1657.0271629180327,10578.080428734174
293,-1649.0,10580.0
294,-1588.789400914743,10594.815901044543
295,-1568.0,10601.0
296,-1510.9648662895527,10622.574859113402
297,-1510.0,10623.0
298,-1433.6230640474434,10662.749066253795
299,-1420.0,10671.0
300,-1365.0,10708.0
301,-1360.1531685162886,10711.57779728581
302,-1319.0,10746.0
303,-1190.1258213632636,10893.56238236122
304,-1189.0,10895.0
305,-1131.646784838891,10991.684727646185
306,-1131.0,10993.0
307,-1095.0,11069.0
308,-1039.0,11215.0
309,-1036.0691367741247,11223.2881814367
310,-994.0,11365.0
311,-986.7265595064946,11391.160966845022
312,-971.0,11449.0
313,-930.1543860180013,11614.05723133815
314,-914.0,11681.0
315,-895.2493654814991,11758.352564153842
316,-889.0,11784.0
317,-843.0,11974.0
318,-840.7997131376825,11983.306229273425
319,-812.6983821498234,12105.82184540914
320,-812.0,12109.0
321,-801.0,12160.0
322,-773.0,12300.0
323,-766.9111824703757,12331.785526173757
324,-744.0,12456.0
325,-741.9305758022729,12467.804644230098
326,-710.0,12657.0
327,-708.1052932029475,12668.32012231087
328,-670.5472436909579,12901.364759034437
329,-670.0,12905.0
330,-646.0851094582749,13066.045481702227
331,-643.0,13087.0
332,-631.3230101644294,13167.122804402217
333,-623.0,13229.0
334,-621.8816129010344,13237.675239657285
335,-599.0,13432.0
336,-589.8012197180128,13525.664933873675
337,-576.0,13682.0
338,-569.5408953516893,13771.971082171116
339,-566.0,13846.0
340,-560.6876243871162,13976.879500407704
341,-559.0,14026.0
342,-554.0,14238.0
343,-553.2515085022244,14283.297516197079
344,-552.0,14445.0
345,-554.2041181079192,14637.583077823865
346,-555.0,14676.0
347,-558.3190684199412,14766.495790159122
348,-561.0,14814.0
349,-565.320470704069,14890.239475805529
350,-592.0,15107.0
351,-596.0133291190921,15130.830430049067
352,-625.0,15293.0
353,-642.4003504356441,15385.714038957256
354,-666.0,15478.0
355,-672.6174012971975,15505.805306222228
356,-713.2960025162006,15682.142357781875
357,-736.0,15781.0
358,-755.850421407963,15865.961788965447
359,-770.0,15927.0
360,-772.169904680851,15936.513546939232
361,-813.7811018693045,16121.658294887864
362,-820.0,16150.0
363,-838.1204172073177,16238.33562128236
364,-847.0,16286.0
365,-849.495109282991,16299.0918252806
366,-859.0,16350.0
367,-864.6043682132441,16383.166085517896
368,-876.0,16461.0
369,-876.6102337117713,16465.9774462176
370,-880.0,16533.0
371,-878.6096896144429,16562.817287697053
372,-873.0,16613.0
373,-872.3179821907825,16616.66369128749
374,-867.0,16637.0
375,-857.8853034833496,16656.742106792026
376,-821.0,16710.0
377,-815.4628643619543,16716.460057097443
378,-795.7222208819456,16733.229201870465
379,-770.0,16744.0
380,-767.1178041283391,16745.104136555015
381,-738.0,16755.0
382,-683.0,16760.0
383,-672.6281340908863,16759.178882806576
384,-632.0,16749.0
385,-629.0061819524374,16747.67863088085
386,-596.0,16729.0
387,-574.3246301123163,16712.41479459876
388,-557.0,16690.0
389,-539.4968774262317,16664.876481894335
390,-525.0,16643.0
391,-504.58051118693686,16604.10778568401
392,-502.0,16598.0
393,-492.0,16575.0
394,-487.9047495747489,16563.918148930246
395,-471.0,16516.0
396,-464.0,16495.0
397,-462.5518749689455,16490.381467308765
398,-448.0,16438.0
399,-446.7923724821147,16433.2890605728
400,-433.0,16369.0
401,-422.8383652514102,16303.23199834394
402,-410.0,16208.0
403,-406.4046807371375,16173.80254152741
404,-405.0,16140.0
405,-401.73862865645464,16100.80108014516
406,-399.0,16067.0
407,-390.0,15955.0
408,-384.1977983311402,15908.389017058242
409,-364.32254535545337,15775.521896458009
410,-361.0,15754.0
411,-354.8511248093629,15714.549600740938
412,-332.0,15631.0
413,-291.173060264272,15502.845694854364
414,-274.0,15450.0
415,-254.00543480209728,15390.901065427588
416,-237.0,15351.0
417,-226.88282644428784,15326.724157411216
418,-188.04601268054887,15232.710982718914
419,-182.0,15218.0
420,-140.0,15116.0
421,-131.55725536939394,15095.96390393099
422,-91.35577717739152,15002.442952871468
423,-80.0,14976.0
424,-35.0,14870.0
425,-31.270527449137113,14861.086989455816
426,10.0,14762.0
427,19.011589091945474,14740.747184011514
428,68.0,14627.0
429,72.27138533653353,14617.04107765764
430,121.0,14503.0
431,145.26634267380553,14446.84009555932
432,170.0,14390.0
433,233.9490655201313,14243.528225416538
434,303.0,14085.0
435,361.4380074593085,13948.325959604139
436,404.24609301896214,13851.680591286411
437,411.0,13837.0
438,423.0,13811.0
439,469.504602432947,13705.250190049697
440,555.0,13501.0
441,574.5658727611491,13454.247144047007
442,614.9924156786269,13357.460356963911
443,630.0,13321.0
444,687.0,13181.0
445,691.9546089437558,13168.754092663741
446,737.8990861004161,13054.715453884373
447,762.0,12995.0
448,796.7114951711384,12909.367090957116
449,820.0,12851.0
450,870.0,12719.0
451,893.52152165393,12654.72500958385
452,951.0,12495.0
453,980.7870512167839,12409.543108959828
454,1043.7281875146057,12214.97857001896
455,1061.0,12159.0
456,1101.8799958226375,12022.27985585854
457,1127.0,11935.0
458,1171.0,11778.0
459,1187.102427039333,11718.827073613254
460,1218.0,11603.0
461,1254.7580229315395,11461.863224045299
462,1276.0,11378.0
463,1295.3253610013658,11299.92205554817
464,1308.0,11248.0
465,1350.0992142007485,11072.588140641386
466,1355.0,11052.0
467,1582.7844764133229,10083.473500382235
468,1589.0,10057.0
469,1606.3025608010057,9983.386582929219
470,1628.0,9890.0
471,1644.2166464550755,9819.368700534145
472,1663.0,9738.0
473,1746.0,9383.0
474,1753.7614796099606,9349.724015515914
475,1777.4541201397617,9246.974961388538
476,1797.0,9163.0
477,1810.7148697200532,9104.782508851818
478,1841.0,8976.0
479,1852.2701926379764,8927.437007735536
480,1884.0,8789.0
481,1919.0,8635.0
482,1937.4098957940416,8553.00150555493
483,1965.0,8430.0
484,1999.6287899686545,8278.426886871132
485,2020.0,8190.0
486,2055.0,8038.0
487,2061.885781430076,8007.732869098825
488,2098.0,7849.0
489,2102.144336281711,7831.175498211511
490,2163.0,7574.0
491,2199.1382738917805,7423.701786123333
492,2225.0,7315.0
493,2237.0,7264.0
494,2255.6887452834794,7186.047146703709
495,2304.0,6988.0
496,2308.943822711474,6967.396693829836
497,2376.8330460228394,6681.682504013006
498,2394.0,6609.0
499,2423.169738420241,6483.65449806305
500,2442.0,6403.0
501,2450.0,6369.0
502,2476.680058960653,6255.62574235502
503,2505.3300605231043,6134.795404804221
504,2506.0,6132.0
505,2535.0,6010.0
506,2584.5359646663865,5775.244293560967
507,2587.0,5763.0
508,2597.0,5697.0
509,2599.2797822005487,5666.56608843541
510,2605.0,5540.0
511,2604.543373318485,5526.609672535673
512,2595.624646599621,5475.13070693293
513,2594.0,5469.0
514,2555.32821226121,5369.423089382245
515,2554.0,5367.0
516,2495.0,5269.0
517,2469.9977909931686,5226.662137607803
518,2428.798712718647,5141.063298520305
519,2422.0,5121.0
520,2407.2814446806824,5061.706047966592
521,2405.0,5049.0
522,2395.0,4931.0
523,2395.5180275070516,4896.344109126417
524,2402.0,4764.0
525,2406.689782518978,4719.8913767876
526,2411.0,4693.0
527,2422.0,4618.0
528,2426.3948768993314,4590.699165559142
529,2439.0,4522.0
530,2449.101271538356,4475.068438571602
531,2471.0,4384.0
532,2491.0,4305.0
533,2503.738570489954,4257.558652026459
534,2515.0,4217.0
535,2537.0672731532172,4139.879329124329
536,2546.0,4109.0
537,2590.0,3958.0
538,2603.0656919005055,3913.982549146649
539,2621.0,3853.0
540,2649.955783975466,3749.3650023873265
541,2664.0,3698.0
542,2706.937952200642,3539.428005087161
543,2711.0,3524.0
544,2724.0,3474.0
545,2733.1422788147997,3438.936058432002
546,2764.0,3321.0
547,2766.7277217866276,3310.473762237804
548,2791.0,3216.0
549,2799.7198353438816,3181.7401188198737
550,2824.0,3085.0
551,2842.499645429729,3009.7159759172428
552,2878.0,2870.0
553,2889.0,2830.0
554,2891.892158190857,2819.2533763165584
555,2924.0,2693.0
556,2948.370606297644,2599.5377008604537
557,2960.0,2555.0
558,3018.0,2330.0
559,3020.795214144609,2319.472597365222
560,3052.0,2203.0
561,3108.7446879140016,1984.3686750478985
562,3119.0,1945.0
563,3139.477882134026,1868.5114813873188
564,3154.0,1815.0
565,3178.0334245983195,1722.9224401139386
566,3203.0,1625.0
567,3209.4525532978796,1599.1640699106815
568,3232.0,1507.0
569,3247.154455037682,1444.0009719982208
570,3273.0,1334.0
571,3279.549034333806,1305.1327163983046
572,3320.0,1112.0
573,3322.062249175936,1101.3049510677147
574,3341.0,997.0
1,3386.0,625.0
2,3390.622572604771,534.1699924709627
3,3395.145531010721,339.5337262195353
4,3395.0,292.0
5,3383.038057952725,22.926575103314157
6,3372.4006376327907,-109.8354039992573
7,3371.0,-126.0
8,3361.0,-227.0
9,3352.417092155304,-305.08313217030735
10,3336.0861980200903,-447.8081334695972
11,3331.0,-490.0
12,3316.0,-610.0
13,3313.533624869014,-630.6916493256983
14,3297.0,-785.0
15,3285.3266064007667,-928.6627976121631
16,3285.0,-935.0
17,3281.4955532145955,-1036.9750461330964
18,3281.0,-1068.0
19,3284.824092024498,-1182.8624435296251
20,3294.0,-1238.0
21,3298.300516565334,-1257.6203146090647
22,3305.0,-1286.0
23,3326.0,-1355.0
24,3344.265457548295,-1391.7189119255308
25,3386.0,-1464.0
26,3408.9019310612475,-1499.0029791622835
27,3427.2192130835206,-1516.7260192417139
28,3441.0,-1529.0
29,3472.097248987855,-1558.240335778386
30,3523.317513298745,-1601.2174639127327
31,3546.0,-1617.0
32,3627.8295524586742,-1667.6291287015556
33,3661.0,-1687.0
34,3688.926036900405,-1702.6880590145934
35,3715.5673660101984,-1714.7774207767936
36,3741.0,-1730.0
37,3804.3844874841775,-1770.7471101704868
38,3809.0,-1774.0
39,3849.796361317893,-1808.3192404715187
40,3874.0,-1853.0
41,3883.9027405074603,-1883.7748138377399
42,3888.0,-1921.0
43,3888.0478317571524,-1936.0044470850276
44,3886.0,-1967.0
45,3879.661088932268,-1999.1350834577422
46,3878.0,-2006.0
47,3868.1409586558652,-2042.453557292261
48,3866.0,-2049.0
49,3851.0,-2086.0
50,3848.1305560496053,-2091.976727742139
51,3830.3042878115043,-2124.8212728039307
52,3829.0,-2127.0
53,3814.0,-2150.0
54,3791.648157066905,-2177.28623258987
55,3764.0,-2203.0
56,3736.1404263095455,-2222.755913719331
57,3729.0,-2227.0
58,3679.0,-2249.0
59,3642.036387849626,-2258.875188891622
60,3614.0,-2264.0
61,3591.821762832374,-2266.921594117882
62,3520.0,-2272.0
63,3463.0,-2274.0
64,3437.4310700806263,-2273.7956911432707
65,3387.0,-2272.0
66,3307.0,-2268.0
67,3281.226999392717,-2266.1093306161856
68,3216.0,-2258.0
69,3210.824254722249,-2257.1446380453017
70,3063.0,-2228.0
71,2918.2156400531953,-2188.6530222440556
72,2814.0,-2154.0
73,2809.69221238094,-2152.5878750002475
74,2714.0,-2121.0
75,2605.1337166327735,-2081.9260631846278
76,2600.0,-2080.0
77,2527.0,-2051.0
78,2425.640470891601,-2006.2240405406849
79,2380.0,-1985.0
80,2318.463045146736,-1954.103201364841
81,2254.0,-1917.0
82,2241.4082116230206,-1909.533012871082
83,2161.8034484213385,-1861.0873440801709
84,2118.0,-1833.0
85,2023.0254172922866,-1769.7591831503041
86,1939.0,-1712.0
87,1783.4051881991672,-1599.078887101399
88,1705.0,-1540.0
89,1694.7248132121895,-1532.2341943789675
90,1641.0188302762156,-1491.3784868381842
91,1546.0,-1415.0
92,1392.4459463370354,-1289.878610842167
93,1352.0,-1257.0
94,1283.2209121718702,-1201.726368310492
95,1223.0,-1154.0
96,1219.2728063981317,-1150.9678623156065
97,1099.9902262889796,-1053.0525718779481
98,1083.0,-1039.0
99,1018.2262723726178,-984.8234453035759
100,963.9633945654385,-932.628063171732
101,953.0,-921.0
102,899.6236826501722,-862.0332151944554
103,858.0,-814.0
104,829.2001492902418,-777.9761721509201
105,806.0,-741.0
106,801.2904258384867,-732.8327238238597
107,765.0,-658.0
108,756.4134403066643,-629.0313167853708
109,744.3260609919071,-556.9831171046798
110,742.0,-528.0
111,749.7448799168511,-433.90771481215637
112,756.0,-395.0
113,766.0,-323.0
114,767.0562871812415,-312.02688213921954
115,769.0,-252.0
116,765.2679667946863,-174.41484643662756
117,758.0,-104.0
118,739.7387079781463,-18.41788352194378
119,723.0,36.0
120,710.3039387254335,73.51490164384734
121,676.0,129.0
122,616.3241796617459,210.98616784853007
123,544.0,307.0
124,503.0020132510902,359.19722267214087
125,467.0,403.0
126,464.5293131420925,406.0646334859607
127,394.0,494.0
128,348.75540269368173,549.404990998314
129,326.0,577.0
130,263.81192793415374,652.1105270216722
131,239.0,682.0
132,211.36895227416113,715.2257584625804
133,162.0,770.0
134,126.29540424229015,807.3772655844256
135,36.0,900.0
136,-26.696317009420625,962.5931964597202
137,-85.0,1008.0
138,-246.0,1139.0
139,-252.02171856685004,1143.8678218585055
140,-350.05524817132857,1222.011481141857
141,-413.90617169452764,1271.5438110154898
142,-454.0,1304.0
143,-496.5696296910859,1340.1642994623803
144,-544.0,1385.0
145,-591.0478949166916,1434.055541092257
146,-660.0,1516.0
147,-663.3063067464811,1520.481277242232
148,-735.6809116172066,1638.3351164479475
149,-770.0,1708.0
150,-825.0,1841.0
151,-827.2297885253545,1847.0947647200742
152,-944.0,2519.0
153,-944.4755889334036,2554.815462102642
154,-943.0,2681.0
155,-941.0,2756.0
156,-937.5094644468415,2852.4468652908477
157,-936.0,2890.0
158,-928.0,3060.0
159,-924.9228291179104,3106.3868301008156
160,-918.0,3203.0
161,-915.1260540442565,3255.9582081301937
162,-912.0,3360.0
163,-912.0,3411.0
164,-912.4579515274564,3426.099885795865
165,-919.0,3510.0
166,-925.6932436569164,3561.651747876734
167,-942.4319371654448,3649.100684270007
168,-952.0,3685.0
169,-965.0650246059123,3724.6027876733974
170,-977.0,3755.0
171,-992.3123671676449,3788.5084020010704
172,-1005.0,3811.0
173,-1055.6477382396552,3881.1263350483437
174,-1058.0,3884.0
175,-1088.1872540797187,3914.5260735069933
176,-1108.0,3928.0
177,-1139.7257179387439,3947.046165683554
178,-1153.0,3954.0
179,-1201.3183934627953,3972.5071048794375
180,-1229.0,3978.0
181,-1268.6332648306961,3982.0187733929697
182,-1348.0,3983.0
183,-1433.2937028448364,3976.906985079
184,-1476.0,3973.0
185,-1492.8339118258536,3971.7404340541234
186,-1528.6227059536234,3970.4303775783173
187,-1546.0,3970.0
188,-1620.224230270582,3971.4847412714225
189,-1636.0,3974.0
190,-1712.3013406406847,3992.721404604331
191,-1786.0,4016.0
192,-1833.3500009664644,4037.1106276440673
193,-1864.0,4062.0
194,-1871.725173247378,4068.0519203638855
195,-1937.0,4121.0
196,-1952.4765506466108,4135.695777448096
197,-1974.0,4158.0
198,-2001.2759226376143,4188.834613807854
199,-2061.8588717682655,4267.109577412502
200,-2081.0,4295.0
201,-2152.0,4423.0
202,-2153.8533851923266,4427.043970830078
203,-2184.0,4499.0
204,-2224.458905985298,4625.249511211398
205,-2226.0,4631.0
206,-2245.0539272203005,4710.287138748786
207,-2251.0,4738.0
208,-2271.0568239122535,4843.11089315538
209,-2276.0,4872.0
210,-2292.0,4976.0
211,-2295.986750767337,5005.270621382379
212,-2309.0,5110.0
213,-2322.0,5219.0
214,-2322.6077979088145,5224.126929354866
215,-2336.261001646236,5342.504206428227
216,-2339.0,5368.0
217,-2363.0,5601.0
218,-2365.3511038210763,5624.1380946364825
219,-2373.3316673502354,5705.9940101388
220,-2378.0,5761.0
221,-2383.9204406970457,5831.242821460832
222,-2386.0,5856.0
223,-2403.0,6066.0
224,-2407.1112035150804,6121.81764766015
225,-2419.3765921289296,6300.304660361683
226,-2420.0,6310.0
227,-2427.7761904904537,6438.27078961532
228,-2438.0,6634.0
229,-2441.1534102006403,6710.3198150757225
230,-2443.0,6769.0
231,-2443.9655391677343,6802.186056944631
232,-2447.0,6922.0
233,-2449.0158221115335,7144.500796337587
234,-2449.0,7153.0
235,-2448.0,7278.0
236,-2445.0,7419.0
237,-2443.0911630765377,7484.1346881845375
238,-2438.1226931769284,7604.59539687172
239,-2434.0,7674.0
240,-2418.0,7898.0
241,-2414.961491693056,7938.039930812793
242,-2401.0,8091.0
243,-2400.3458084628496,8097.1797173081195
244,-2383.2149750490016,8253.339589211957
245,-2368.0,8383.0
246,-2353.628563681258,8491.60642051694
247,-2335.0,8613.0
248,-2329.173060755176,8649.953014128863
249,-2297.0,8844.0
250,-2288.0,8893.0
251,-2277.670633796693,8946.938422346331
252,-2231.0,9165.0
253,-2219.447860197859,9215.539143223432
254,-2177.0,9397.0
255,-2157.8570516204863,9476.564536063535
256,-2129.0,9595.0
257,-2109.609330264195,9677.144068614925
258,-2064.605186243595,9870.981195262408
259,-2063.0,9878.0
260,-2045.0,9960.0
261,-2040.5873820406969,9979.72584718427
262,-2010.3133181221292,10111.426719912688
263,-2009.0,10117.0
264,-1991.0,10190.0
265,-1982.550447897654,10219.999554874734
266,-1974.0,10249.0
267,-1956.0530573710219,10309.022862821443
268,-1935.0,10360.0
269,-1918.141483512794,10393.606210586759
270,-1884.0,10455.0
271,-1863.7281701682891,10486.634341274807
272,-1830.7003600248586,10512.949418992886
273,-1824.0,10517.0
274,-1789.3548632242585,10536.876858757076
275,-1775.0,10544.0
276,-1720.0,10563.0
277,-1698.2263195188439,10568.481222719493
278,-1661.0,10577.0
279,-1618.4823955105458,10586.727955366792
280,-1570.0,10600.0
281,-1492.0850947344115,10632.094807473577
282,-1482.0,10637.0
283,-1449.0,10654.0
284,-1377.969598164148,10698.66615824103
285,-1367.0,10707.0
286,-1282.0,10780.0
287,-1261.175154267871,10800.562562133395
288,-1212.3758698239567,10861.219892808449
289,-1202.0,10876.0
290,-1143.0,10971.0
291,-1140.9121238479536,10974.945787583682
292,-1077.0,11112.0
293,-1039.8977197146837,11212.335850744297
294,-1009.0,11311.0
295,-1006.2995801507424,11319.735314102967
296,-991.0,11373.0
297,-970.0256379593873,11453.99048841477
298,-951.0,11529.0
299,-946.9082507409673,11545.279437123207
300,-918.0,11662.0
301,-914.0261231156296,11678.292538976133
302,-896.0,11753.0
303,-892.0067045347326,11769.751181521155
304,-871.0,11858.0
305,-869.7156042451476,11863.297009750482
306,-839.0,11989.0
307,-834.8819266668979,12006.654371910216
308,-814.0,12100.0
309,-801.9309630271175,12155.703824276921
310,-780.8928157885906,12257.12002317701
311,-777.0,12277.0
312,-753.0,12407.0
313,-734.0,12512.0
314,-724.1932606972969,12568.774057848987
315,-707.0,12673.0
316,-700.4573938332692,12713.343507818707
317,-661.0,12963.0
318,-650.5910460448108,13032.832291839231
319,-636.0652628998558,13136.566076592186
320,-627.0,13203.0
321,-619.8064047712644,13256.087674573417
322,-598.0,13433.0
323,-593.1850839520785,13481.28242105618
324,-582.0,13609.0
325,-577.8904767671531,13661.208400002384
326,-573.0,13728.0
327,-565.0,13862.0
328,-562.880430698077,13913.21724312783
329,-559.0,14029.0
330,-556.9247750394463,14089.278994301352
331,-554.0,14212.0
332,-552.0,14470.0
333,-551.9539158243426,14479.03303439555
334,-554.0,14641.0
335,-554.2059995084314,14646.340116938823
336,-562.0,14827.0
337,-565.6719713431718,14892.21481924706
338,-580.0,15030.0
339,-584.653613368483,15061.163912409105
340,-626.0,15296.0
341,-627.6963650413036,15304.774384514185
342,-665.4656940984889,15478.985057664731
343,-685.0,15561.0
344,-693.2805072116737,15596.161162605931
345,-709.3558178688561,15665.580911846504
346,-721.0,15716.0
347,-731.4114533838498,15761.01107880217
348,-759.2128220653341,15881.246205709413
349,-761.0,15889.0
350,-803.0,16073.0
351,-809.0673688407417,16100.052502233113
352,-822.0,16159.0
353,-842.3502707893437,16260.339422215591
354,-845.0,16274.0
355,-859.0,16349.0
356,-864.1193658354129,16380.171008027497
357,-877.0,16472.0
358,-879.5726483271897,16500.15466549436
359,-880.0,16527.0
360,-879.9244698875364,16534.04335828796
361,-876.0,16598.0
362,-873.8840235577984,16610.3142768209
363,-866.0,16640.0
364,-853.4661206497414,16669.44292632931
365,-844.0,16683.0
366,-789.0378652442171,16730.19879683738
367,-768.0,16744.0
368,-749.5450850329413,16752.01738838624
369,-742.0,16754.0
370,-682.0,16760.0
371,-679.0660413031055,16759.570775054715
372,-632.0,16749.0
373,-614.1737070316585,16743.472172383947
374,-601.0476462578674,16733.683710935176
375,-594.0,16727.0
376,-568.0,16704.0
377,-566.9731215965942,16702.981614794608
378,-550.838246102317,16684.52291281621
379,-533.0,16656.0
380,-512.1008166587887,16617.21789509291
381,-503.0,16600.0
382,-496.3914585093151,16587.00728175227
383,-493.0,16577.0
384,-459.94033929769984,16482.83798129393
385,-459.0,16480.0
386,-451.5737950863329,16454.806897992108
387,-447.0,16435.0
388,-432.062426550698,16368.50272361171
389,-430.0,16358.0
390,-418.0,16279.0
391,-417.60392722244325,16275.856751811263
392,-410.9000590650226,16217.336894505854
393,-409.0,16198.0
394,-403.0,16125.0
395,-402.66100047744624,16120.758276624307
396,-393.93161334156645,16012.844179906444
397,-387.0,15932.0
398,-382.0523096593515,15884.420719913309
399,-376.0,15844.0
400,-358.3188592087626,15739.35998082993
401,-357.0,15733.0
402,-310.0,15556.0
403,-303.8851243805798,15536.778627043137
404,-245.8373871911052,15375.136762522983
405,-211.0,15286.0
406,-192.87223466218558,15241.162167056102
407,-157.88067600095414,15158.87793212347
408,-131.0,15096.0
409,-106.29269552112592,15037.37164770146
410,-82.0,14980.0
411,-38.541685441552424,14878.691231308227
412,-31.0,14861.0
413,4.355898669873394,14776.687168873425
414,45.538604494221445,14678.722709056075
415,66.0,14631.0
416,136.0,14469.0
417,159.6862185137295,14414.294438736066
418,287.0,14121.0
419,297.8509601956014,14096.141782469855
420,344.0,13991.0
421,372.9262489703627,13924.687899177337
422,436.0,13779.0
423,466.3131354782889,13708.123646705328
424,528.0,13563.0
425,561.0705903653078,13485.589380036534
426,615.0,13357.0
427,628.6789195884505,13323.244265574953
428,649.0,13273.0
429,673.009287566026,13214.619434247075
430,718.6994838260606,13104.05020090274
431,730.0,13076.0
432,786.4743765943417,12933.596192112771
433,833.0,12815.0
434,889.0071806752827,12669.79264056683
435,915.5532019746129,12596.192778649433
436,922.0,12578.0
437,953.5975413528298,12487.619754044996
438,969.0,12442.0
439,1024.9326227853248,12270.222488990752
440,1073.0,12118.0
441,1119.4919313660835,11963.110254495325
442,1146.0,11869.0
443,1195.8307002169445,11684.698529239693
444,1236.0,11533.0
445,1250.7074244881928,11477.454674941
446,1273.3093234325534,11389.902289145957
447,1298.0,11289.0
448,1325.882357744113,11173.590932784868
449,1373.0,10977.0
450,1392.3498265592707,10893.459951419885
451,1400.0,10861.0
452,1440.0,10694.0
453,1458.0871801656435,10616.749823249584
454,1506.0,10409.0
455,1538.0,10274.0
456,1543.4084538391687,10250.768926841436
457,1573.0,10122.0
458,1575.2502213728303,10112.320903462225
459,1653.0,9782.0
460,1687.0698862390782,9637.156061149286
461,1717.0019443476212,9509.140774454841
462,1721.0,9492.0
463,1745.37552026544,9387.207466267673
464,1761.0,9320.0
465,1849.0,8941.0
466,1856.9124237154779,8906.69092861396
467,1910.9993528260582,8670.00494253061
468,1944.0,8524.0
469,1951.1882829112228,8492.060479186077
470,1981.1892531802268,8358.310467645913
471,1991.0,8315.0
472,2015.0,8210.0
473,2045.9194165821739,8075.8274965136425
474,2088.0,7894.0
475,2125.038531398587,7735.16257087679
476,2165.0811219259376,7565.85597642967
477,2175.0,7524.0
478,2195.9444561136343,7435.618896569097
479,2221.0,7331.0
480,2228.6796835032446,7299.07637926877
481,2296.0908405090754,7019.535914317528
482,2314.0,6945.0
483,2339.5329009780576,6836.638149192942
484,2343.0,6822.0
485,2363.2157616708582,6737.451424683677
486,2410.9109241051965,6538.01096505767
487,2414.0,6525.0
488,2485.0,6224.0
489,2506.465530243403,6131.936671307704
490,2530.3880890880077,6027.236926196599
491,2537.0,5999.0
492,2562.4049213649137,5893.249941639761
493,2582.0,5790.0
494,2585.488539431676,5768.594718748218
495,2602.0,5651.0
496,2606.5954144737093,5596.0087169098315
497,2598.0771403177196,5488.867826039853
498,2597.0,5483.0
499,2592.963252594808,5465.616074927644
500,2585.0,5444.0
501,2584.2530079895237,5442.056368520585
502,2559.007863224231,5379.966167943365
503,2539.0,5341.0
504,2471.415205077529,5229.937834914947
505,2469.0,5226.0
506,2440.0,5168.0
507,2435.464858683034,5155.187586893922
508,2404.807608939813,5050.338797721447
509,2404.0,5046.0
510,2396.0,4967.0
511,2395.1252768548384,4938.587963815737
512,2395.0,4901.0
513,2396.070028832761,4855.47273807109
514,2400.0,4791.0
515,2410.0,4696.0
516,2410.521975790135,4691.867011069958
517,2423.0,4608.0
518,2426.8390394450234,4586.766950341137
519,2438.0,4530.0
520,2453.0,4457.0
521,2462.2862778931267,4417.953424128085
522,2489.0,4314.0
523,2506.218480267459,4248.205935240596
524,2520.4402289749605,4195.755705952561
525,2534.0,4148.0
526,2559.0,4062.0
527,2566.9329610127616,4034.8895233891694
528,2598.0,3929.0
529,2606.1095044366984,3901.3058928832806
530,2628.0,3826.0
531,2658.0,3720.0
532,2659.481731363148,3714.6993328123444
533,2699.610095925204,3568.4182310706237
534,2714.0,3514.0
535,2783.0,3246.0
536,2793.4954803469986,3205.018969063423
537,2820.0,3101.0
538,2839.80636477961,3022.2639666941463
539,2870.3360682078214,2901.2137585704495
540,2878.0,2871.0
541,2923.936968620352,2690.625008039515
542,2931.0,2663.0
543,2967.579150971103,2522.161072230806
544,2975.0,2494.0
545,3005.0,2380.0
546,3018.1839172353966,2329.632016161728
547,3054.0,2193.0
548,3097.0,2032.0
549,3110.4207241750864,1980.8699112000822
550,3132.0,1898.0
551,3165.3676226213374,1770.4948225681833
552,3179.0,1718.0
553,3203.647074455972,1621.4191333298963
554,3206.0,1612.0
555,3280.0,1305.0
556,3281.7126430415183,1297.6364132457702
557,3309.043645119093,1171.8008968639451
558,3324.0,1089.0
559,3348.124238321988,950.7242534451126
1,3386.0,625.0
2,3388.2138465410003,603.0372513468795
3,3396.0,378.0
4,3395.995624984332,371.6711066126567
5,3394.0,228.0
6,3386.0,61.0
7,3380.2578815785055,-11.896934982119284
8,3357.0,-258.0
9,3348.2643922290636,-342.7805600786811
10,3333.5669127330257,-467.55245130845094
11,3331.0,-489.0
12,3316.180230172373,-613.1332090240111
13,3315.0,-623.0
14,3295.9892416924627,-796.2219832851032
15,3295.0,-808.0
16,3282.0,-991.0
17,3279.8771992390202,-1039.0780453225
18,3281.0,-1063.0
19,3282.3989815483765,-1097.5448321869608
20,3287.0,-1185.0
21,3299.3072060786485,-1265.7197289567498
22,3301.0,-1272.0
23,3332.4650613054787,-1365.3462357842945
24,3348.0,-1405.0
25,3381.3485527956063,-1461.6238355882492
26,3398.0,-1480.0
27,3437.106999925304,-1524.347300974172
28,3459.0,-1547.0
29,3523.4724395018197,-1601.246305790543
30,3534.0,-1609.0
31,3614.6604760656874,-1661.482447710467
32,3619.0,-1664.0
33,3672.0,-1693.0
34,3705.5120990579653,-1711.0420044345844
35,3738.0,-1729.0
36,3772.6911770543365,-1749.4190155516387
37,3786.0,-1758.0
38,3834.6546776646537,-1796.6313487556881
39,3837.0,-1799.0
40,3865.2119159467125,-1835.319306987177
41,3875.0,-1855.0
42,3884.5105462428505,-1888.2101688189755
43,3885.0,-1891.0
44,3888.0,-1929.0
45,3887.8326333875525,-1944.63357962163
46,3885.0,-1976.0
47,3882.06629100912,-1992.673735401846
48,3864.0,-2054.0
49,3854.1846446034,-2077.1653715612683
50,3815.0,-2149.0
51,3810.965082059399,-2155.364031393794
52,3792.5892212950776,-2176.52352519056
53,3791.0,-2178.0
54,3758.7108728201715,-2206.2040766947885
55,3725.0,-2229.0
56,3676.0,-2249.0
57,3673.9163867219445,-2249.638343091026
58,3654.0,-2255.0
59,3605.9476106772945,-2263.6159402809153
60,3529.0,-2272.0
61,3424.270980722163,-2273.649826991434
62,3377.0,-2272.0
63,3364.521407809646,-2271.4696317126763
64,3299.0,-2267.0
65,3256.486664046727,-2262.828244354478
66,3225.0,-2259.0
67,3187.676879000523,-2253.315235206318
68,3132.0,-2243.0
69,3074.26360854632,-2230.7430325768764
70,2981.0,-2206.0
71,2976.6209095678914,-2204.723844387922
72,2860.0,-2169.0
73,2803.0,-2150.0
74,2771.4395771143554,-2139.4241952931748
75,2681.0,-2109.0
76,2641.974352271898,-2095.2974533112792
77,2588.0,-2075.0
78,2461.530451854622,-2022.3289686231815
79,2433.0,-2010.0
80,2372.8989984621307,-1983.2107335172673
81,2300.5296235308833,-1944.2790334929032
82,2253.0,-1916.0
83,2142.3650797824166,-1848.4129823621035
84,2116.0,-1832.0
85,2008.1165522501221,-1761.1707656563603
86,1937.0,-1710.0
87,1909.2723318541885,-1690.6647395796663
88,1852.0,-1650.0
89,1820.422610424098,-1626.6995320623419
90,1692.0735631074733,-1529.3117167226314
91,1641.0,-1490.0
92,1525.3997649102448,-1398.6595100273819
93,1459.0,-1345.0
94,1339.037306330135,-1248.51745420843
95,1205.6843906413153,-1140.15071621348
96,1197.0,-1133.0
97,1145.0,-1090.0
98,1091.9323057015308,-1046.139131870899
99,1042.0,-1004.0
100,1000.5314875581954,-967.2680522414283
101,955.0,-923.0
102,899.3830433638419,-861.5880324675911
103,850.0,-804.0
104,823.1906258518356,-773.1002705375381
105,801.0,-732.0
106,753.0,-622.0
107,748.2694748258407,-609.8352150382067
108,739.7400077013439,-554.366405512869
109,742.0,-533.0
110,749.0,-447.0
111,754.9755431879894,-408.40938145090644
112,764.459910124822,-343.66078029352394
113,765.0,-337.0
114,768.6474998472074,-251.4937871202496
115,769.0,-234.0
116,768.5623742195454,-170.0351243961286
117,760.3527327954037,-114.45423862065188
118,757.0,-97.0
119,744.7395445631045,-37.64950113676383
120,737.0,-7.0
121,726.7298954059792,26.367178803858266
122,713.0,61.0
123,692.4047542911273,100.7440712375312
124,681.0,120.0
125,633.9928323653834,189.5641453634997
126,625.0,202.0
127,580.0,262.0
128,533.7186381474603,319.9081922275398
129,507.0,353.0
130,422.027387095775,458.9098636115677
131,397.0,490.0
132,323.5880481433652,579.8059195446627
133,292.0,618.0
134,285.4238317821772,625.9772584373605
135,220.0916307052888,705.1495828383023
136,181.0,750.0
137,127.62666080490263,808.6330303273264
138,92.0,845.0
139,-32.0,963.0
140,-56.86216525533081,985.6577929687927
141,-187.0,1092.0
142,-190.32209558997837,1094.6334403956114
143,-259.0,1149.0
144,-352.0,1222.0
145,-468.80000415565155,1321.879809684144
146,-592.0,1434.0
147,-630.1172419996467,1473.9230218927391
148,-660.0,1516.0
149,-717.5608623618828,1603.3404309633163
150,-739.0,1644.0
151,-850.8462171774268,1918.8337792216573
152,-855.0,1930.0
153,-898.0565393411824,2055.6340167857556
154,-913.4947753146464,2130.6935122677723
155,-917.0,2151.0
156,-928.0,2221.0
157,-930.3419159730591,2238.1133363573185
158,-937.0,2315.0
159,-939.3402308657234,2375.966534207039
160,-942.6520580647685,2565.517641254416
161,-943.0,2621.0
162,-940.2353975721252,2801.1779112255326
163,-935.0,2915.0
164,-933.5850572315376,2943.1846754158823
165,-921.8450910278872,3150.68688320489
166,-918.0,3215.0
167,-913.6633549384537,3286.7614135407325
168,-911.0,3360.0
169,-911.1539705601195,3395.617231448332
170,-915.4410675117658,3477.316462530227
171,-920.0,3523.0
172,-927.0097539011982,3573.957005258949
173,-928.0,3580.0
174,-947.0,3668.0
175,-954.7980360910768,3694.8333044301617
176,-976.1423394864523,3753.283135468866
177,-990.0,3784.0
178,-1020.0,3837.0
179,-1021.5023554141688,3839.2204639050424
180,-1066.0,3893.0
181,-1107.0,3928.0
182,-1117.8211010275063,3935.5251749096724
183,-1170.0,3961.0
184,-1172.5115154535858,3961.8188533312664
185,-1264.0,3983.0
186,-1287.071253256888,3984.6540562449936
187,-1298.0,3984.0
188,-1377.146119763754,3980.0440374729983
189,-1416.0,3978.0
190,-1427.554498036611,3977.149207626143
191,-1438.0,3976.0
192,-1453.6829593010712,3975.3856940559317
193,-1583.5143189081612,3971.2445875569406
194,-1597.0,3971.0
195,-1647.0201256928656,3973.847638830315
196,-1664.0,3978.0
197,-1692.1510167491992,3985.51096874781
198,-1815.0,4031.0
199,-1818.6103760041585,4032.9990736060836
200,-1905.7281974010168,4095.669472421115
201,-1966.0,4150.0
202,-2000.1317834752713,4184.5920388680415
203,-2024.9771260817622,4215.80460065208
204,-2047.0,4246.0
205,-2078.474675272825,4290.697911672511
206,-2104.0,4332.0
207,-2136.010941014541,4392.232142860946
208,-2161.0,4444.0
209,-2183.5654138984737,4495.593882125348
210,-2209.3825268349324,4571.724376951019
211,-2223.0,4620.0
212,-2244.0,4704.0
213,-2250.729970015902,4735.639534483619
214,-2279.0,4889.0
215,-2291.312053209074,4970.5974523024
216,-2298.2903454720995,5028.314975378695
217,-2299.0,5034.0
218,-2312.0,5136.0
219,-2316.6420322440363,5172.276794037474
220,-2324.0,5233.0
221,-2339.6424076393178,5377.201752036175
222,-2351.0,5486.0
223,-2360.5219361919562,5579.386427406982
224,-2364.9359794744623,5626.257798781393
225,-2369.0,5669.0
226,-2372.8333332732973,5709.090865776891
227,-2384.0,5830.0
228,-2387.883421526375,5877.055279119473
229,-2395.0,5968.0
230,-2398.8050232327364,6014.568238570855
231,-2404.0,6079.0
232,-2412.0,6192.0
233,-2413.2491535807308,6211.199140148617
234,-2421.0,6336.0
235,-2424.1391747677353,6384.764123370853
236,-2431.0,6496.0
237,-2437.0,6629.0
238,-2440.3446654294694,6710.797804591624
239,-2444.0,6809.0
240,-2445.444007060256,6854.968705693567
241,-2448.0,6992.0
242,-2448.5787069781127,7071.307909590234
243,-2449.0,7238.0
244,-2448.5525491870712,7323.778195635434
245,-2444.0,7441.0
246,-2442.67049550969,7471.991214194264
247,-2437.0641080560827,7602.306622981531
248,-2435.0,7646.0
249,-2428.0,7773.0
250,-2424.2679497797544,7825.99809416918
251,-2417.0,7916.0
252,-2410.903108895215,7985.969491831753
253,-2399.0,8110.0
254,-2387.808849435347,8213.007661004041
255,-2383.0,8255.0
256,-2365.0,8401.0
257,-2364.100394361196,8407.72862501977
258,-2320.0,8711.0
259,-2318.8132712594384,8718.502071924744
260,-2275.4240289600425,8951.948587577846
261,-2268.0,8990.0
262,-2252.0,9072.0
263,-2229.1241560878584,9177.356942980092
264,-2200.0,9301.0
265,-2198.4547070510334,9307.519039461638
266,-2167.293819977829,9437.99738045167
267,-2161.0,9464.0
268,-2128.2090642728967,9597.94056485929
269,-2126.0,9607.0
270,-2080.0,9801.0
271,-2075.598603097789,9820.472864632644
272,-2053.0,9923.0
273,-2047.5500854091188,9948.215570872588
274,-2034.0,10011.0
275,-2026.6423119077886,10043.843774765252
276,-2013.0,10102.0
277,-2007.1066043771636,10125.825996667552
278,-1987.0,10203.0
279,-1977.0541260773066,10239.443005598208
280,-1952.0,10317.0
281,-1946.0,10332.0
282,-1924.5286039157686,10382.738232388661
283,-1898.0,10434.0
284,-1870.875007101349,10472.5078795164
285,-1847.0,10498.0
286,-1826.5262318368189,10515.12012165198
287,-1797.0,10534.0
288,-1783.6564479932383,10540.69461698463
289,-1774.0,10545.0
290,-1712.0,10565.0
291,-1709.758397251269,10565.567692137256
292,-1644.4940150602306,10579.404044611207
293,-1621.0,10585.0
294,-1581.1542207395394,10596.637259681049
295,-1565.0,10602.0
296,-1503.0,10626.0
297,-1469.984924985692,10642.190950935714
298,-1458.0,10649.0
299,-1378.2675555595254,10700.974888482875
300,-1325.0,10740.0
301,-1292.0996701597392,10766.914432477617
302,-1215.0394091211751,10856.068996138043
303,-1203.0,10874.0
304,-1156.5047156029814,10950.181796812738
305,-1120.1946039555016,11014.964307499218
306,-1111.0,11032.0
307,-1092.9191209068802,11067.642746246276
308,-1075.4131901931044,11113.32662253489
309,-1070.0,11129.0
310,-998.0203065047269,11350.648254430535
311,-996.0,11357.0
312,-974.9082683142358,11428.976840138963
313,-961.0,11486.0
314,-945.4423849235982,11550.210144019231
315,-923.0,11643.0
316,-896.7270001542681,11751.278604282255
317,-883.0,11807.0
318,-862.8890172812017,11889.161892938298
319,-857.0,11914.0
320,-806.0,12137.0
321,-793.0288720416482,12196.191666303186
322,-771.6279948559231,12300.357559610642
323,-755.4639146262888,12389.988511895528
324,-750.0,12421.0
325,-737.8401838708436,12491.446292141562
326,-725.0,12568.0
327,-721.5467672389801,12588.774371297863
328,-680.0,12843.0
329,-678.9816555082037,12849.412882741413
330,-637.0282285598462,13126.389700296551
331,-633.0,13154.0
332,-621.1303535410237,13240.165587323723
333,-616.0,13284.0
334,-589.5397797819608,13527.613262429619
335,-583.0,13593.0
336,-575.049430856503,13682.308735988801
337,-569.689677514884,13776.838750553708
338,-567.0,13834.0
339,-561.9978955489947,13945.912129153037
340,-561.0,13971.0
341,-557.7175503143319,14068.988921974824
342,-556.0,14140.0
343,-554.0,14263.0
344,-553.0603189900633,14311.390099724416
345,-552.0,14403.0
346,-556.0,14714.0
347,-556.4853262648988,14736.66309264468
348,-560.9530841252713,14827.065080734967
349,-563.0,14852.0
350,-568.9786444526189,14924.698463776615
351,-580.0,15025.0
352,-586.733138700462,15072.135540158086
353,-638.0,15356.0
354,-644.9873748131907,15390.630010553665
355,-677.0,15529.0
356,-691.658184967803,15591.029797357838
357,-710.0,15669.0
358,-733.7435533819114,15770.1325580038
359,-783.0,15982.0
360,-784.0271562624516,15986.527145193584
361,-802.1756356896992,16070.207269677885
362,-809.0,16102.0
363,-822.3387992699813,16161.576482739707
364,-840.039116436577,16244.49988855367
365,-849.0,16293.0
366,-871.0,16424.0
367,-873.0289380181746,16436.246362955837
368,-876.5655704651522,16461.017454253833
369,-877.0,16467.0
370,-879.9289027234144,16507.29483739213
371,-881.0,16533.0
372,-880.0423940534668,16572.38981883251
373,-874.0,16612.0
374,-873.5293127770115,16613.9850115287
375,-864.0,16645.0
376,-858.5163597109195,16659.18125159452
377,-842.5923256184806,16688.412712018817
378,-825.0,16706.0
379,-794.6236025788396,16728.348053764672
380,-770.0,16744.0
381,-748.0300261474289,16753.690188756213
382,-736.0,16755.0
383,-705.3023382950304,16759.268164481233
384,-695.0,16760.0
385,-655.6574617499954,16756.235233893156
386,-635.0,16750.0
387,-624.7270773927172,16745.845569843423
388,-608.0,16737.0
389,-578.5931624797479,16713.52124002279
390,-577.0,16712.0
391,-558.0,16691.0
392,-557.1607565656873,16689.965786184835
393,-545.0,16674.0
394,-539.8826692345767,16666.498049568072
395,-523.1183242007997,16638.952905042755
396,-522.0,16637.0
397,-503.9322050682699,16602.03957316273
398,-503.0,16600.0
399,-491.1419367114624,16572.23961977139
400,-487.0,16562.0
401,-462.58956490092123,16491.000125263352
402,-459.0,16478.0
403,-438.15115320401503,16396.764287639468
404,-437.0,16392.0
405,-431.4083368673493,16364.660624160078
406,-429.0,16347.0
407,-424.7199471546428,16321.090019895168
408,-418.0,16279.0
409,-405.0,16146.0
410,-404.8027376483896,16143.138261740343
411,-400.0,16073.0
412,-385.48038012259053,15913.504085484656
413,-384.0,15898.0
414,-380.1666062361358,15858.478883434896
415,-372.0,15816.0
416,-361.4318342740157,15764.257417785255
417,-335.0,15640.0
418,-322.57713356039017,15588.082817458291
419,-283.7028486566385,15478.198127198666
420,-281.0,15471.0
421,-221.0,15312.0
422,-210.4162839408467,15284.744259302814
423,-163.0,15171.0
424,-157.0911957096888,15156.98961791984
425,-115.0,15057.0
426,-78.5277620670628,14971.19681380334
427,-51.0,14907.0
428,-19.212093018931384,14833.234154459364
429,-6.0,14802.0
430,39.0,14693.0
431,51.411170932459484,14663.6138487114
432,108.0,14533.0
433,115.60787770902057,14515.363007402606
434,151.0,14433.0
435,157.82541276581523,14417.153404377106
436,198.35083001650472,14323.654820381626
437,217.0,14281.0
438,265.5014098912458,14170.488679542419
439,296.0,14101.0
440,320.9548102997973,14043.949600630927
441,354.0,13968.0
442,367.91246706811904,13936.378011031033
443,411.15192978366804,13838.314006114284
444,454.0,13739.0
445,535.3791023744127,13547.154542807995
446,565.0,13477.0
447,603.8348194995386,13384.681182396154
448,647.0,13279.0
449,677.5026938332996,13204.42213087589
450,741.0,13049.0
451,749.7221780389782,13027.552791010654
452,778.4071097609826,12955.429951053744
453,788.0,12931.0
454,842.0112368268806,12793.354631953538
455,846.0,12783.0
456,920.8300076242792,12581.758574953235
457,924.0,12573.0
458,982.0,12404.0
459,1022.5991280738954,12276.211587444694
460,1087.0,12070.0
461,1123.9219833014845,11949.562512684275
462,1141.0,11889.0
463,1163.3156809273137,11808.916591345864
464,1181.0,11744.0
465,1213.7609118528346,11619.440663393007
466,1261.0,11434.0
467,1283.7396189160281,11343.453400774328
468,1314.0,11220.0
469,1315.2652871910348,11214.774735324578
470,1355.5546543623564,11047.188826649424
471,1358.0,11037.0
472,1403.601905128641,10847.004901223045
473,1406.0,10837.0
474,1446.0,10669.0
475,1451.514824803613,10645.382448774464
476,1489.0,10483.0
477,1490.5829844723362,10476.215495775867
478,1521.0,10347.0
479,1538.6174925327123,10271.888421126809
480,1565.0,10159.0
481,1570.597914471582,10135.062619229164
482,1618.5999364527436,9930.209200774038
483,1625.0,9903.0
484,1629.0,9886.0
485,1673.0,9696.0
486,1706.4406219705697,9551.237392712266
487,1725.0,9472.0
488,1755.3542166694663,9344.225447464156
489,1758.0,9333.0
490,1806.0,9125.0
491,1827.2945060590637,9031.31369452171
492,1846.0,8950.0
493,1883.0,8793.0
494,1908.2709792084715,8681.348792591176
495,1934.0,8566.0
496,1987.5900628635525,8331.209603085137
497,1994.0,8303.0
498,2006.0,8250.0
499,2035.9782325308893,8117.942411225265
500,2053.0,8044.0
501,2102.561751957712,7832.056996065898
502,2149.9623988815406,7630.996589005865
503,2161.0,7584.0
504,2176.0409938428875,7519.551368748953
505,2194.0,7443.0
506,2205.4431146108054,7395.237878935617
507,2250.69401407485,7207.853624436199
508,2262.0,7161.0
509,2310.934184982475,6957.148031835603
510,2338.0,6843.0
511,2377.455093187547,6675.740512777139
512,2409.0,6542.0
513,2418.2436907827696,6502.947490122433
514,2446.0,6387.0
515,2453.879504935825,6354.097117969386
516,2484.0,6228.0
517,2511.0,6114.0
518,2537.1448261425667,6001.764775508495
519,2545.0,5967.0
520,2581.0,5796.0
521,2587.3403872014596,5762.170504642532
522,2600.484424462942,5669.141099792593
523,2601.0,5663.0
524,2605.0,5547.0
525,2600.6805155837746,5495.567441159343
526,2594.0,5468.0
527,2567.677542942267,5394.917202487888
528,2563.0,5385.0
529,2538.0,5339.0
530,2532.000649664238,5328.735751091278
531,2477.9913497774533,5239.980200571677
532,2462.0,5213.0
533,2443.64700221277,5179.523138469082
534,2431.4910221536284,5148.839595316298
535,2427.0,5135.0
536,2408.0,5065.0
537,2403.3337894904525,5040.045942943849
538,2398.0,4997.0
539,2395.77004602731,4960.794159335026
540,2396.0,4863.0
541,2399.0,4797.0
542,2399.922405845495,4785.570038155993
543,2406.0,4727.0
544,2417.0,4647.0
545,2423.343216132548,4608.082648908705
546,2429.0,4576.0
547,2444.0528524931324,4498.473832077045
548,2452.0,4462.0
549,2474.0,4371.0
550,2482.4555075867434,4338.443862362952
551,2517.587144962415,4209.054687954776
552,2537.0,4139.0
553,2552.539238775178,4084.8167574013337
554,2559.0,4063.0
555,2602.0,3916.0
556,2607.875989977041,3895.560193074175
557,2646.6154943347356,3759.4585282925027
558,2666.0,3691.0
559,2694.3496497030487,3590.1903459944187
560,2713.0,3519.0
561,2720.4256473942896,3489.836115464183
562,2729.0,3456.0
563,2757.646668456772,3343.2897423183595
564,2791.0,3213.0
565,2819.4303884847404,3102.4535983043875
566,2839.0,3026.0
567,2895.333704392379,2802.281398273696
568,2898.0,2792.0
569,2942.0,2624.0
570,2953.6451239905646,2579.5355504498875
571,3016.4516190645477,2338.6923851882016
572,3032.0,2279.0
573,3050.042339192014,2209.790672162701
574,3086.0,2073.0
575,3141.2832738645598,1863.1926909313634
576,3145.0,1849.0
577,3182.1516680990144,1705.8767341927894
578,3223.0,1544.0
579,3233.923897254587,1499.3685124268204
580,3260.232182764861,1387.4957084993644
581,3285.0,1280.0
582,3296.0,1232.0
583,3308.085965050874,1175.012689098209
584,3336.0,1022.0
1,3365.5529119064913,824.0648945018627
2,3386.0,622.0
3,3387.2741815880795,608.2144019260533
4,3395.4969978993977,468.87199098227364
5,3395.0,393.0
6,3393.642016094965,219.04515527103027
7,3393.0,196.0
8,3385.4251070394366,53.82482315922075
9,3379.0,-32.0
10,3372.0,-115.0
11,3364.73848957356,-188.19734061159522
12,3338.0,-428.0
13,3325.180594943413,-540.1550186504103
14,3301.5522522159777,-742.0491079391749
15,3300.0,-755.0
16,3287.0,-908.0
17,3286.511958868824,-918.6726952651303
18,3281.0,-1055.0
19,3279.8581766344687,-1119.2725188352256
20,3283.3488462800037,-1144.5988568387595
21,3285.0,-1158.0
22,3296.0,-1244.0
23,3310.7126463397776,-1307.5556601994901
24,3326.0,-1354.0
25,3357.3104132805943,-1420.6841269081874
26,3364.0,-1431.0
27,3425.5998258805243,-1510.163784487141
28,3446.0,-1534.0
29,3471.551670478995,-1560.8913672459505
30,3499.0,-1581.0
31,3503.02300013896,-1583.8250685598591
32,3633.7093364589737,-1671.8104558046768
33,3642.0,-1677.0
34,3680.094679528684,-1698.2469803906658
35,3699.0,-1708.0
36,3732.4593560564194,-1725.862607422507
37,3758.0,-1740.0
38,3778.3361707369595,-1751.7441730079054
39,3815.4598797477784,-1776.3005592553902
40,3838.0,-1800.0
41,3882.0,-1874.0
42,3883.6594469132574,-1877.9397271607443
43,3891.2103381922852,-1910.2782083972527
44,3888.0,-1944.0
45,3884.0,-1983.0
46,3879.950697875802,-2004.5589774642992
47,3869.243123505741,-2039.6858770971876
48,3865.0,-2051.0
49,3840.0,-2108.0
50,3838.559488395157,-2110.8718175355993
51,3824.762926280971,-2134.229536578306
52,3814.0,-2149.0
53,3802.5522752411853,-2164.2146178580892
54,3786.0,-2183.0
55,3780.6060332037487,-2188.2470850184304
56,3752.0,-2212.0
57,3712.6449819351806,-2235.197662217824
58,3711.0,-2236.0
59,3636.663957180175,-2259.5443222474214
60,3634.0,-2260.0
61,3526.242451416152,-2271.5801756808246
62,3508.0,-2273.0
63,3443.9893476142547,-2274.960757744863
64,3403.0,-2273.0
65,3350.260506972808,-2270.1018668676
66,3272.0,-2265.0
67,3236.8039387370013,-2261.904735390633
68,3138.851925011419,-2244.9944532086224
69,3130.0,-2243.0
70,2666.805231292293,-2105.331690373122
71,2629.0,-2091.0
72,2497.6862415439523,-2038.9450310501027
73,2493.0,-2037.0
74,2284.7663460745634,-1935.2396575843131
75,2260.0,-1921.0
76,2166.0,-1863.0
77,2086.731547985502,-1811.8391162925423
78,2028.0,-1773.0
79,1901.0,-1685.0
80,1893.0105189044261,-1679.2503063554152
81,1827.0,-1631.0
82,1771.1636313737,-1589.8542385493886
83,1656.0,-1502.0
84,1595.2882005504523,-1454.0545296116825
85,1475.0,-1358.0
86,1442.3444818261485,-1331.8113623961842
87,1353.421263814355,-1259.4724119805528
88,1301.0,-1217.0
89,1254.0,-1179.0
90,1215.6831544816093,-1147.999721482795
91,1103.844410957051,-1056.8012983828423
92,1072.0,-1030.0
93,1045.6221278344642,-1007.3549288117398
94,1010.0,-976.0
95,953.3627882232784,-922.0846295569013
96,942.0,-910.0
97,858.0,-815.0
98,812.9994322841762,-759.0518222148569
99,783.0,-699.0
100,777.8592504170892,-687.0161155497709
101,757.0,-634.0
102,745.6455024437037,-592.3520647178377
103,741.8617176022533,-516.6380331712692
104,743.0,-502.0
105,761.0,-370.0
106,764.4720304134833,-345.91249290747
107,765.0,-333.0
108,768.0,-208.0
109,767.850231822729,-202.97098155977702
110,766.0,-170.0
111,763.0212386388617,-141.1892413876436
112,752.5428255860649,-75.80107134519491
113,752.0,-73.0
114,733.0,5.0
115,723.4391667984718,33.73690337305199
116,710.0,67.0
117,696.0058737261687,95.27227723083249
118,648.0027487387573,170.72694211150775
119,630.0,196.0
120,607.0,227.0
121,541.0098058318358,311.63602653932867
122,489.0,376.0
123,438.44314954720096,437.97217395133663
124,436.0,441.0
125,361.8573299246435,533.4607913430832
126,359.0,537.0
127,224.9388480801376,697.8391172826406
128,201.0,726.0
129,165.66559300707485,767.6114486875674
130,88.0,849.0
131,60.20638168804764,875.7096860237928
132,-38.39764421596668,967.3923151062824
133,-66.0,992.0
134,-156.08171367563176,1068.2098966940225
135,-264.07306871158374,1153.1844443232249
136,-288.0,1172.0
137,-348.6284610738692,1219.774371166764
138,-476.0,1323.0
139,-481.59489557490997,1327.8111916486125
140,-537.410379633394,1378.3988397065077
141,-583.0,1425.0
142,-661.0,1517.0
143,-684.5897595482497,1552.196193850998
144,-767.9825129245455,1709.5190413409732
145,-804.0,1789.0
146,-819.5534583048595,1826.1454822341593
147,-887.0,2029.0
148,-889.4106639101987,2037.1816388896304
149,-917.0,2153.0
150,-937.4572542266752,2335.3369372347074
151,-940.0,2363.0
152,-946.9313145982692,2464.1019901308355
153,-944.0,2554.0
154,-943.7170942448327,2564.8477394925258
155,-936.0,2892.0
156,-935.7915971435028,2900.142843424086
157,-932.0,2980.0
158,-930.7160924773328,3000.607493789085
159,-918.1939454749134,3204.243693022762
160,-912.0,3316.0
161,-909.7153250008299,3384.832287020169
162,-912.0,3431.0
163,-931.0,3602.0
164,-938.6602065638983,3640.443414401412
165,-958.0,3712.0
166,-1004.3230747998817,3820.372693453524
167,-1020.0,3846.0
168,-1065.4023805871316,3902.962343589935
169,-1129.0,3952.0
170,-1228.3140034490334,3987.272671869114
171,-1278.0,3995.0
172,-1340.9467987053927,3989.1051224045227
173,-1360.0,3986.0
174,-1414.9611774921232,3979.4897119654324
175,-1463.0,3975.0
176,-1516.4672031742086,3970.613916440974
177,-1546.0,3970.0
178,-1549.3788607893575,3970.0038790436397
179,-1634.1519006029503,3973.9083477733852
180,-1643.0,3975.0
181,-1709.2355440840288,3987.4053074352996
182,-1707.0,3988.0
183,-1633.0,3978.0
184,-1622.42393901197,3976.276031924349
185,-1646.063688111072,3977.895327284382
186,-1647.0,3978.0
187,-1680.6971943376957,3982.1935910856523
188,-1724.0,3993.0
189,-1729.3153991507027,3994.768178074257
190,-1794.0,4021.0
191,-1846.9894154562785,4050.907995006468
192,-1862.0,4061.0
193,-1923.7984892557045,4109.986185077395
194,-1955.0,4139.0
195,-1980.539372488788,4165.2032205647765
196,-2028.0,4221.0
197,-2042.090551077901,4239.18562188847
198,-2059.0,4262.0
199,-2116.0,4354.0
200,-2119.749062307469,4361.358822118942
201,-2178.4254771881556,4490.301063817569
202,-2194.0,4528.0
203,-2218.6868653893694,4597.47579486307
204,-2232.302306637547,4657.357918461909
205,-2237.0,4677.0
206,-2249.0,4728.0
207,-2282.0,4912.0
208,-2287.2178901391726,4944.803414747118
209,-2297.2335505507517,5021.631287171729
210,-2302.0,5067.0
211,-2305.0692726499483,5089.140547023782
212,-2310.0,5125.0
213,-2314.1231347594244,5157.898478239562
214,-2335.731980894568,5341.996370923489
215,-2339.0,5371.0
216,-2349.5213433910903,5468.351346410907
217,-2350.0,5473.0
218,-2372.0,5697.0
219,-2374.282939025945,5721.311302136012
220,-2386.0,5859.0
221,-2388.7774110169507,5891.5984136248635
222,-2400.0,6026.0
223,-2402.8962685956085,6064.523535237417
224,-2411.0,6181.0
225,-2414.7603899072346,6234.341599102247
226,-2419.0,6296.0
227,-2425.719059843225,6406.974641677337
228,-2426.0,6412.0
229,-2437.95035473058,6641.689499947984
230,-2439.0,6663.0
231,-2443.9868631003687,6775.297917866425
232,-2446.0,6889.0
233,-2446.4595736194133,6925.597690215982
234,-2449.0,7197.0
235,-2449.064401649608,7209.41918498536
236,-2447.0,7337.0
237,-2445.9997837393566,7374.65961290608
238,-2443.0,7479.0
239,-2439.276446288643,7569.747455655307
240,-2434.0,7668.0
241,-2430.124321181397,7730.763849567287
242,-2420.0,7875.0
243,-2409.40869891767,8005.470650400899
244,-2399.0,8116.0
245,-2390.0,8197.0
246,-2388.7053992701794,8208.087099894976
247,-2369.347556666356,8368.812895316298
248,-2354.0,8490.0
249,-2339.943747061296,8590.489124030786
250,-2327.0,8670.0
251,-2303.982680021822,8801.113202455022
252,-2280.0,8932.0
253,-2268.7241905079227,8989.496587386566
254,-2268.0,8993.0
255,-2225.0,9190.0
256,-2218.6167723982853,9218.155320645421
257,-2179.0,9388.0
258,-2144.0,9535.0
259,-2134.700146731035,9573.552405196911
260,-2096.0,9736.0
261,-2075.6734900008196,9825.020580706318
262,-2047.0,9952.0
263,-2030.567371954949,10025.52488792155
264,-2026.0,10045.0
265,-2003.722172180862,10138.025274538732
266,-1986.0,10207.0
267,-1976.1820155688274,10242.058743346726
268,-1957.0,10303.0
269,-1949.4989719889672,10324.246731369862
270,-1934.0,10364.0
271,-1919.2575503220314,10396.915020616008
272,-1901.0,10431.0
273,-1874.9127468622783,10468.723967346978
274,-1866.0,10480.0
275,-1827.8995941139121,10518.211397946336
276,-1795.0,10535.0
277,-1729.5165131167919,10559.20409326612
278,-1706.0,10567.0
279,-1648.517000484501,10580.116962660222
280,-1639.0,10582.0
281,-1592.5469784604113,10593.377216549587
282,-1549.0,10607.0
283,-1463.8544114728882,10646.007293857212
284,-1462.0,10647.0
285,-1398.8285115547728,10684.739737184396
286,-1397.0,10686.0
287,-1309.0,10756.0
288,-1247.3274169354602,10820.33900582833
289,-1193.759385118675,10889.057718580738
290,-1185.0,10901.0
291,-1168.1663606066836,10925.45383676405
292,-1145.0,10967.0
293,-1126.6837085222114,11002.508685368717
294,-1100.0,11057.0
295,-1093.6708907684022,11070.829519857314
296,-1065.6313435789398,11140.236723441147
297,-1060.0,11156.0
298,-1015.0,11291.0
299,-995.8682189177559,11352.244535912154
300,-978.5787604156324,11420.36507836898
301,-970.0,11455.0
302,-943.4781238522529,11559.97403044147
303,-940.0,11574.0
304,-910.0,11698.0
305,-903.2374649081157,11725.541727703478
306,-867.0,11872.0
307,-861.9982261613486,11892.328082181668
308,-846.6625092994019,11956.599316160422
309,-844.0,11968.0
310,-813.0,12103.0
311,-802.8681083843162,12150.187396990867
312,-777.7840649904075,12276.042101571256
313,-772.0,12306.0
314,-750.0,12423.0
315,-739.0570039002399,12484.752436254257
316,-718.0,12609.0
317,-716.5753783858099,12617.449973216917
318,-700.0,12717.0
319,-675.2140413585647,12873.910614660592
320,-661.0,12966.0
321,-644.680775852466,13074.282588952714
322,-633.5175934373998,13152.602951341192
323,-630.0,13178.0
324,-608.0,13350.0
325,-588.6268538570741,13529.17624812754
326,-586.0,13555.0
327,-576.9864778829224,13658.894836469179
328,-573.0,13733.0
329,-569.8827950670184,13784.265674035212
330,-565.0,13868.0
331,-557.7320639003699,14060.206534869236
332,-557.0,14095.0
333,-556.0,14156.0
334,-555.4895626184025,14182.112430980196
335,-553.0,14294.0
336,-552.8317854344348,14304.47514774747
337,-552.0,14455.0
338,-552.2128003297953,14512.10503944776
339,-554.0,14641.0
340,-555.7574264591461,14699.365274474298
341,-563.0,14843.0
342,-569.0,14921.0
343,-571.535257884252,14948.227151297462
344,-590.6059196317642,15103.077770357357
345,-596.0,15138.0
346,-624.7492059986392,15293.546088279312
347,-638.0,15356.0
348,-689.8007266166735,15583.804714131795
349,-691.0,15589.0
350,-716.617782410632,15699.706708126016
351,-733.0,15769.0
352,-740.8575946557714,15801.903467770073
353,-762.0,15891.0
354,-804.0544218428132,16076.608722158082
355,-816.0,16131.0
356,-823.6952011256127,16166.86501166478
357,-842.0,16261.0
358,-846.5015696279744,16284.394797156612
359,-847.0,16287.0
360,-858.6087597327282,16349.333859093349
361,-863.0,16374.0
362,-868.7239495905528,16407.416758047253
363,-874.0,16443.0
364,-878.8449755531772,16497.107644165117
365,-880.0,16534.0
366,-879.0,16577.0
367,-877.4522186670009,16594.6829455401
368,-867.0,16635.0
369,-862.6819045015651,16644.21007690666
370,-821.0,16709.0
371,-798.4521771943377,16732.62206386286
372,-780.5981908400988,16740.02431725279
373,-770.0,16744.0
374,-735.2355692193014,16755.691149510883
375,-734.0,16756.0
376,-688.0814470973588,16761.001377390174
377,-687.0,16761.0
378,-659.0712252798468,16757.899820208884
379,-653.0,16756.0
380,-603.451565338329,16733.743741617014
381,-602.0,16733.0
382,-570.2056355537181,16708.69257651991
383,-559.5780190194364,16692.775778709132
384,-559.0,16692.0
385,-543.0,16671.0
386,-541.4092589699816,16668.77527511349
387,-522.0,16638.0
388,-512.7072709359996,16620.96584419236
389,-497.0,16588.0
390,-492.3551490178238,16573.946248947064
391,-492.0,16573.0
392,-477.0,16535.0
393,-470.3334556024541,16515.913623388315
394,-462.0,16489.0
395,-457.6586974385344,16474.045529861214
396,-448.0,16438.0
397,-445.41692187449223,16427.466868823813
398,-431.74196994572327,16363.665887202293
399,-422.0,16307.0
400,-414.0,16247.0
401,-412.4666693393131,16231.856610646215
402,-409.0,16193.0
403,-402.0,16110.0
404,-398.2223386488413,16059.221894317754
405,-394.0,16003.0
406,-392.82512376489655,15988.712668102658
407,-387.0,15928.0
408,-381.5600103568639,15883.346091070636
409,-374.0,15830.0
410,-362.76608897523926,15763.221337017112
411,-354.0,15720.0
412,-340.03373684118674,15661.666054248399
413,-331.0,15628.0
414,-304.38953088767107,15540.383547387482
415,-300.0,15527.0
416,-267.67805820954203,15434.134750797222
417,-246.0,15376.0
418,-207.89187036055603,15279.509392568089
419,-202.0,15265.0
420,-170.96096091967775,15189.88717043434
421,-136.0,15107.0
422,-123.05329963189007,15076.525002459492
423,-87.0,14992.0
424,-43.99954328364905,14890.742621701113
425,-42.0,14886.0
426,34.0,14705.0
427,42.30698600572832,14685.426241849162
428,87.0,14582.0
429,132.01988324033044,14477.413952168554
430,146.0,14445.0
431,196.2129955051617,14329.033543371876
432,260.34788703123496,14181.776663670125
433,262.0,14178.0
434,306.90374934395925,14075.945306518981
435,342.0,13996.0
436,357.3893898174577,13960.728949330514
437,420.47196028911895,13815.406477903009
438,428.0,13798.0
439,529.7509821204153,13559.361527383728
440,532.0,13554.0
441,613.0,13360.0
442,622.9901621305761,13335.977610222151
443,659.5289834474729,13247.35796837834
444,665.0,13234.0
445,713.2955182953567,13115.882319037304
446,758.0,13006.0
447,810.0,12876.0
448,821.3853291945245,12846.678120714038
449,894.2931461207568,12653.172271727317
450,910.0,12610.0
451,959.3857509855959,12469.329950792697
452,1004.0,12336.0
453,1021.5932803954393,12281.979424360468
454,1053.8537570255446,12179.455285704125
455,1088.5635069724435,12064.802259709273
456,1090.0,12060.0
457,1148.7051440465275,11860.512157519359
458,1150.0,11856.0
459,1185.0,11729.0
460,1207.8528906685428,11640.79314678532
461,1214.0,11617.0
462,1264.0,11424.0
463,1278.334203108826,11366.457738213612
464,1316.0,11212.0
465,1318.8223811552361,11200.447170987729
466,1366.799462410318,11003.978194517116
467,1368.0,10999.0
468,1380.0,10949.0
469,1406.3486096570186,10837.534220290256
470,1444.9597842991598,10671.611295303255
471,1450.0,10650.0
472,1485.0,10500.0
473,1507.0954108113067,10404.442397900295
474,1524.0,10332.0
475,1560.0,10181.0
476,1577.497164074808,10106.8703592947
477,1619.0,9928.0
478,1637.7124635786995,9846.862804313747
479,1670.0,9707.0
480,1694.3745808776584,9603.059753904281
481,1710.0,9537.0
482,1719.2247765189275,9497.846828497857
483,1752.1624099364128,9357.325838996172
484,1762.0,9315.0
485,1823.522620359408,9047.431327402443
486,1825.0,9041.0
487,1914.7925555437796,8651.224020738058
488,1916.0,8646.0
489,1941.3538298509234,8536.579415708882
490,1982.0247213835792,8358.35165396263
491,1987.0,8336.0
492,1991.0,8318.0
493,2019.6820880009968,8190.102779999571
494,2038.0,8110.0
495,2079.8942723757514,7929.49847260748
496,2113.0,7788.0
497,2128.4741108240864,7722.16465341555
498,2162.375352886882,7579.627726107671
499,2183.0,7493.0
500,2216.0,7354.0
501,2231.726317196467,7287.786737840304
502,2270.0,7127.0
503,2297.9810756030292,7010.04989793854
504,2316.0,6935.0
505,2349.4372037150633,6795.977119468252
506,2358.0,6760.0
507,2394.52777769085,6603.856985702663
508,2403.0,6568.0
509,2455.0,6349.0
510,2490.3136275440497,6200.518223795385
511,2504.0,6142.0
512,2513.4638059834306,6101.519180242575
513,2548.8359004608205,5948.217365233891
514,2550.0,5943.0
515,2578.260411574208,5807.220983374401
516,2590.870428715444,5736.285441218261
517,2596.0,5708.0
518,2601.0884987477752,5680.960116048514
519,2604.0646781844603,5631.445103358212
520,2604.0,5629.0
521,2591.0,5458.0
522,2589.4423016281303,5446.919973458798
523,2579.0277269882818,5417.397509209918
524,2572.0,5404.0
525,2542.9804643243724,5346.944470235831
526,2538.0,5338.0
527,2498.0,5274.0
528,2480.150004534628,5244.850207096905
529,2461.0,5211.0
530,2445.963922893545,5181.0230962431
531,2417.0,5104.0
532,2406.0,5052.0
533,2401.600265547536,5024.011142572541
534,2397.0,4982.0
535,2395.0,4917.0
536,2395.106392044565,4894.668538636301
537,2398.0,4816.0
538,2398.387344247131,4809.920831351933
539,2407.0,4718.0
540,2414.3467854863575,4665.582563966588
541,2424.0,4607.0
542,2453.0,4459.0
543,2454.8533631025834,4450.84727565251
544,2485.0,4327.0
545,2493.6960150329205,4293.465289679272
546,2511.0,4231.0
547,2526.043238148555,4178.445668867336
548,2549.0,4099.0
549,2612.0,3881.0
550,2635.7154269286953,3798.7504862039377
551,2665.6911966220205,3693.769587429763
552,2684.0,3627.0
553,2702.886506010481,3555.99300107792
554,2717.0,3502.0
555,2785.6551917004294,3236.493072692917
556,2805.0,3161.0
557,2822.097291421566,3092.5503812083734
558,2825.0,3081.0
559,2863.0,2931.0
560,2881.8313566450297,2856.1602805757475
561,2905.0,2765.0
562,2907.3585873443535,2755.8983069783553
563,2936.7581599195323,2643.7564726213845
564,2938.0,2639.0
565,2992.3852134623776,2428.7736316949413
566,3005.0,2380.0
567,3027.9883726330672,2291.8671311461444
568,3043.0,2235.0
569,3099.079470926919,2023.2878415453702
570,3133.0,1895.0
571,3166.7848082119476,1765.256839198341
572,3180.0,1714.0
573,3228.8200751803165,1523.0832163315822
574,3238.0,1485.0
575,3266.9863393562596,1359.2466811832126
576,3272.0,1338.0
577,3283.0,1292.0
578,3307.7219034307755,1173.645745903647
579,3312.0,1151.0
580,3366.0,825.0
