,x,y
1,1835.491437231592,-1002.0231795001256
2,1915.4984368624168,-1096.2357372020738
3,1917.0,-1098.0
4,1995.9620729019605,-1190.611928127076
5,1998.0,-1193.0
6,2080.0,-1289.0
7,2099.099345669348,-1311.3064919542962
8,2183.0,-1409.0
9,2263.7802805247034,-1502.5884263491569
10,2347.711121176714,-1600.4382007824156
11,2371.0,-1628.0
12,2449.0,-1721.0
13,2501.788745549032,-1782.9860844315901
14,2608.0,-1906.0
15,2699.412256223055,-2012.306029375643
16,2827.0,-2161.0
17,2859.9350164781117,-2199.342237461146
18,2925.4244871129754,-2275.7534937153314
19,2935.0,-2287.0
20,3004.1541017172513,-2368.4911834263994
21,3086.0,-2465.0
22,3096.061296711651,-2476.8425045556
23,3183.2008522030874,-2579.1866612060453
24,3249.0,-2656.0
25,3348.0,-2771.0
26,3357.4278063249485,-2782.010414112705
27,3447.0,-2887.0
28,3569.0,-3029.0
29,3690.8994628833207,-3172.1709876723794
30,3724.0,-3211.0
31,3829.693014778798,-3333.6267955111985
32,3858.0,-3367.0
33,3978.518819884315,-3510.2425407966393
34,3980.0,-3512.0
35,4213.137331374239,-3786.922424466499
36,4226.0,-3802.0
37,4319.525435119696,-3910.891360268319
38,4407.0,-4014.0
39,4530.0,-4161.0
40,4549.238628038827,-4183.677553311638
41,4631.499621512138,-4279.251523353216
42,4633.0,-4281.0
43,4804.0,-4481.0
44,4922.943922267565,-4621.119298433158
45,5002.9200744757945,-4715.949098061357
46,5020.0,-4736.0
47,5069.002835630845,-4793.142838842525
48,5181.9776279700745,-4924.530512033075
49,5207.0,-4954.0
50,5311.0912421223675,-5077.492748262915
51,5378.0,-5157.0
52,5433.489989495291,-5222.753153838848
53,5530.556914957017,-5337.414457679225
54,5584.0,-5401.0
55,5684.3035265876715,-5521.91005244076
56,5686.0,-5524.0
57,5753.0,-5608.0
58,5818.415594718255,-5692.058091351091
59,5931.0,-5854.0
60,5978.216236257395,-5948.995688280012
61,5985.0,-5966.0
62,6019.390819079006,-6075.835012553566
63,6035.0,-6144.0
64,6049.555001263182,-6239.361374949339
65,6051.0,-6282.0
66,6027.0,-6540.0
67,6020.266796470441,-6584.531499413293
68,6001.0045603888775,-6654.018672608104
69,5988.0,-6695.0
70,5965.6074892391425,-6777.3655448386335
71,5951.0,-6829.0
72,5911.503232667059,-6937.872571970032
73,5899.0,-6965.0
74,5866.869277373685,-7026.338477768193
75,5861.0,-7036.0
76,5819.52932119952,-7093.827565860534
77,5792.0,-7125.0
78,5748.997995591216,-7165.081063194656
79,5731.0,-7179.0
80,5651.282875632563,-7228.550027671707
81,5545.0,-7275.0
82,5467.638137898239,-7294.707437598523
83,5357.0,-7307.0
84,5334.121571024838,-7308.441986047222
85,5217.0,-7300.0
86,5201.161821468935,-7297.00074635219
87,5126.347503468301,-7279.755110237892
88,5107.0,-7274.0
89,5037.856727025772,-7247.398159242483
90,5037.0,-7247.0
91,4953.0,-7199.0
92,4875.733087387148,-7137.662210867407
93,4875.0,-7137.0
94,4804.588930774425,-7063.630825736305
95,4796.0,-7053.0
96,4736.494136837706,-6971.949045992441
97,4701.0,-6920.0
98,4653.857783668157,-6847.611073997362
99,4540.489111621085,-6655.8586300703555
100,4540.0,-6655.0
101,4465.962337600076,-6522.6826735892155
102,4465.0,-6521.0
103,4423.0,-6448.0
104,4356.0,-6329.0
105,4349.022591923784,-6316.8583875329405
106,4254.0,-6155.0
107,4209.055808590018,-6083.653443618217
108,4173.788406724023,-6035.0226281633395
109,4160.0,-6016.0
110,4086.0,-5915.0
111,4046.286665178345,-5864.257624584807
112,3942.0,-5748.0
113,3923.524002168283,-5729.815545932279
114,3839.0,-5652.0
115,3805.3883173494933,-5623.0430895022855
116,3758.0,-5591.0
117,3554.9035556523622,-5494.26715515123
118,3519.0,-5479.0
119,3460.4570277642283,-5457.1998652903
120,3402.0,-5454.0
121,3315.492525260035,-5443.6569447277025
122,3250.0,-5437.0
123,3127.798597132388,-5434.092027655938
124,3042.0,-5423.0
125,2841.6348509659147,-5378.66451883449
126,2839.0,-5378.0
127,2752.2807042329437,-5345.896962161051
128,2726.0,-5326.0
129,2640.662056183929,-5267.02761424849
130,2576.0,-5217.0
131,2524.4569715752855,-5167.862960723762
132,2492.0,-5130.0
133,2425.5629660254685,-5029.966173267526
134,2425.0,-5029.0
135,2357.0,-4868.0
136,2304.0,-4683.0
137,2294.6370549702883,-4649.8217510197455
138,2262.0,-4536.0
139,2259.80849832344,-4527.982866987951
140,2217.0,-4374.0
141,2189.6040895876386,-4285.437597125008
142,2170.0,-4229.0
143,2129.6623887308765,-4141.117245509938
144,2129.0,-4140.0
145,1978.897685483051,-3954.979701186136
146,1969.0,-3945.0
147,1869.4563898685067,-3865.0295532439295
148,1842.0,-3848.0
149,1724.0,-3785.0
150,1680.431447938696,-3767.2696954206003
151,1632.0,-3751.0
152,1559.0981506766216,-3731.9755587662157
153,1486.0,-3719.0
154,1442.094009313955,-3713.5806478756044
155,1228.0,-3700.0
156,1194.0385738443883,-3698.4917215923165
157,1024.2302300253712,-3686.289540283286
158,1022.0,-3686.0
159,869.0,-3663.0
160,828.6953939798003,-3655.0663293051707
161,734.5769533811324,-3626.114233663144
162,672.0,-3597.0
163,579.6445692028565,-3546.9934936038294
164,578.0,-3546.0
165,510.0,-3501.0
166,488.9808055446289,-3485.127127165748
167,348.1167306038143,-3357.9202433611076
168,327.0,-3336.0
169,268.66571773784295,-3267.1393187960402
170,222.4572126398123,-3194.017353459805
171,210.0,-3172.0
172,185.58185303833517,-3125.11693424679
173,161.9818321146644,-3070.7676559521974
174,144.0,-3010.0
175,129.5445209699553,-2939.6036724850264
176,125.0,-2907.0
177,121.61079539073268,-2858.9305557710927
178,124.0,-2822.0
179,155.67105810279938,-2671.2434511581737
180,172.0,-2610.0
181,218.65222887966704,-2492.7963529828126
182,219.0,-2492.0
183,263.0,-2386.0
184,273.10223499390406,-2361.119951414835
185,313.0,-2262.0
186,328.2302302412414,-2223.7569165101377
187,357.0,-2151.0
188,364.7865367954537,-2131.2895411597337
189,388.0,-2072.0
190,395.8152935397143,-2051.611814280617
191,430.0,-1956.0
192,436.8318177328634,-1933.344272393978
193,466.3722975166816,-1791.0694416403128
194,470.0,-1742.0
195,466.0,-1645.0
196,462.2255650217759,-1621.6594805721854
197,436.0,-1524.0
198,410.7810370119932,-1457.546678474217
199,390.0,-1418.0
200,315.7142970379357,-1306.8266033255093
201,240.0,-1212.0
202,175.50785149531325,-1147.372735356729
203,66.79153308772935,-1079.7304049547986
204,41.0,-1066.0
205,3.1813845975011503,-1046.5893381780697
206,-75.0,-1009.0
207,-83.46424779253563,-1005.038293765511
208,-183.18571125750384,-959.126971426671
209,-230.0,-938.0
210,-436.2041953853904,-848.1413599749541
211,-439.0,-847.0
212,-617.1186924396884,-787.6560461834204
213,-647.0,-780.0
214,-811.0,-745.0
215,-969.0,-718.0
216,-986.9868787323305,-714.9864860187522
217,-1066.9897388872741,-702.0208135437039
218,-1131.0,-702.0
219,-1241.6447431823676,-702.1191556298248
220,-1462.0,-703.0
221,-1513.417612069322,-704.2198044206666
222,-1556.0,-709.0
223,-1677.4893510826805,-724.4149979112342
224,-1741.0,-736.0
225,-1863.0,-770.0
226,-1902.9261685508257,-783.2143492151738
227,-2044.613117544472,-835.8599048136639
228,-2074.0,-848.0
229,-2236.6474136681436,-923.3199523331306
230,-2238.0,-924.0
231,-2345.0,-980.0
232,-2416.9687077550784,-1019.1318880548368
233,-2463.0,-1048.0
234,-2674.9356657544377,-1204.0805855551516
235,-2695.0,-1220.0
236,-2802.592201895534,-1310.479855971854
237,-3057.0,-1649.0
238,-3131.199419239364,-1747.8999592200626
239,-3198.0,-1836.0
240,-3238.2209721434365,-1890.189637309683
241,-3311.0,-1987.0
242,-3477.0,-2200.0
243,-3511.947907276247,-2244.0685675139753
244,-3571.024568617962,-2313.4199718951772
245,-3630.0,-2383.0
246,-3769.8261846827827,-2548.2514409031082
247,-3777.0,-2556.0
248,-4007.0,-2711.0
249,-4233.0,-2755.0
250,-4339.0,-2773.0
251,-4450.0,-2793.0
252,-4769.0,-2844.0
253,-4919.0,-2863.0
254,-5083.0,-2872.0
255,-5118.0,-2871.0
256,-5338.0,-2844.0
257,-5420.0,-2814.0
258,-5496.0,-2762.0
259,-5517.0,-2740.0
260,-5608.0,-2595.0
261,-5631.0,-2535.0
262,-5663.0,-2390.0
263,-5678.0,-2257.0
264,-5704.0,-2067.0
265,-5738.0,-1915.0
266,-5747.0,-1873.0
267,-5764.051848099463,-1795.2286982822397
268,-5795.0,-1656.0
269,-5799.386158425892,-1635.673484416941
270,-5819.0,-1543.0
271,-5839.0,-1449.0
272,-5851.281228937149,-1391.8598053488877
273,-5881.0,-1254.0
274,-5895.008308731643,-1189.0697172081275
275,-5915.86276113472,-1092.7223927920086
276,-5929.0,-1032.0
277,-5947.877219438649,-944.538739918255
278,-5951.0,-930.0
279,-5984.0,-776.0
280,-6004.0,-684.0
281,-6009.7191783065755,-656.4459967204211
282,-6049.0,-457.0
283,-6054.171061516665,-430.7219492226965
284,-6073.153350516328,-335.42404102422506
285,-6094.0274253866755,-225.39519946484344
286,-6099.0,-197.0
287,-6118.190003165191,-82.16699508562056
288,-6121.0,-65.0
289,-6138.788972380846,54.90816443632968
290,-6142.0,110.0
291,-6140.104638778575,291.53416270396497
292,-6140.0,294.0
293,-6121.0,422.0
294,-6110.39952860016,466.418732535756
295,-6065.0,632.0
296,-6049.989370213307,673.3792229844877
297,-6027.0,731.0
298,-5988.652653025784,820.5531722029311
299,-5944.0,916.0
300,-5873.251219375687,1062.6644336026789
301,-5866.0,1078.0
302,-5831.176544179236,1154.389891574415
303,-5807.149309254646,1213.6337076782654
304,-5793.0,1252.0
305,-5791.586995820586,1256.0745692306136
306,-5778.0,1308.0
307,-5775.409906282888,1323.849620684522
308,-5768.0,1396.0
309,-5768.225678895704,1411.0728183593874
310,-5771.0,1436.0
311,-5790.463796122889,1502.688893192951
312,-5793.0,1508.0
313,-5809.0,1535.0
314,-5823.622707291198,1554.8907540013254
315,-5837.0,1570.0
316,-5898.0,1614.0
317,-5905.582025844674,1617.5009344109958
318,-5939.0,1628.0
319,-5958.544646475605,1631.3238475072471
320,-5964.0,1632.0
321,-6018.820234692576,1631.465300705721
322,-6023.0,1631.0
323,-6048.210916767071,1626.9491202375766
324,-6056.0,1625.0
325,-6102.871933023873,1606.394624120211
326,-6115.0,1600.0
327,-6141.200212231773,1583.7788015884335
328,-6149.0,1578.0
329,-6160.0,1569.0
330,-6170.357729322324,1559.8536731350282
331,-6211.0,1517.0
332,-6217.155659743259,1509.4029341975213
333,-6249.0,1465.0
334,-6260.9016865944905,1446.148094248495
335,-6273.0,1426.0
336,-6289.432777023403,1397.4740855163598
337,-6300.0,1378.0
338,-6359.666524983046,1261.2701436987613
339,-6371.0,1239.0
340,-6390.049436814754,1202.995588894891
341,-6401.0,1183.0
342,-6479.306196521605,1040.2300545668554
343,-6480.0,1039.0
344,-6534.0,947.0
345,-6549.657390598515,920.5725498060399
346,-6600.0,838.0
347,-6606.1693686005365,828.2578616997077
348,-6704.0,677.0
349,-6731.575000798122,634.8400976647611
350,-6754.0,601.0
351,-6762.606554420616,587.958612573444
352,-6827.030946151664,490.4570432185983
353,-6828.0,489.0
354,-6924.0,349.0
355,-6930.319200221068,340.30418348333126
356,-6996.0,253.0
357,-7043.852893036888,193.25458467525704
358,-7108.0,121.0
359,-7184.61803727669,45.3267022197477
360,-7283.0,-44.0
361,-7290.144889669113,-50.25948673891608
362,-7353.651055005488,-101.98123848469177
363,-7385.0,-125.0
364,-7467.48365961432,-183.27447413204297
365,-7515.0,-214.0
366,-7583.743343921944,-253.51824957085628
367,-7704.090156379043,-308.7168086828625
368,-7718.0,-314.0
369,-7783.0,-336.0
370,-7835.712289298906,-350.59675095075096
371,-8000.0,-383.0
372,-8048.693172624572,-390.4998400688907
373,-8126.0,-400.0
374,-8285.717249009216,-415.84804139038914
375,-8309.0,-418.0
376,-8464.042523597522,-429.10887758890146
377,-8545.0,-429.0
378,-8675.0,-426.0
379,-8717.425394481608,-423.747977917203
380,-8833.336738070902,-413.80398878479355
381,-8850.0,-412.0
382,-9025.0,-388.0
383,-9143.403748409706,-364.5487841289144
384,-9215.0,-348.0
385,-9317.0,-322.0
386,-9442.054511521563,-287.1564614499357
387,-9478.0,-276.0
388,-9667.0,-212.0
389,-9726.723103002638,-190.93464769727092
390,-9912.824388970195,-120.58033072841967
391,-9942.0,-109.0
392,-10080.0,-53.0
393,-10093.295781999912,-47.41554935067885
394,-10202.0,0.0
395,-10213.045128398157,5.062951034622696
396,-10339.984826096166,68.88966795868352
397,-10342.0,70.0
398,-10454.446120498353,135.7077807025621
399,-10471.0,146.0
400,-10566.99919373191,209.17219731215772
401,-10674.0,286.0
402,-10696.949484404293,303.25299276956537
403,-10828.0,410.0
404,-10907.832174718647,485.11956145344385
405,-10954.0,531.0
406,-11012.456150022352,591.2603403185892
407,-11057.0,642.0
408,-11104.683775393787,700.9818690688928
409,-11259.0,909.0
410,-11288.768980087283,951.9873625049386
411,-11343.0,1046.0
412,-11360.866568194693,1080.8517085388285
413,-11433.949053248663,1231.7105072227314
414,-11435.0,1234.0
415,-11511.97422629987,1411.5704460424304
416,-11519.0,1428.0
417,-11589.047364337597,1590.5678312453208
418,-11602.0,1621.0
419,-11664.616992053672,1770.0954815601003
420,-11665.0,1771.0
421,-11736.460569208459,1938.1064508877794
422,-11770.0,2015.0
423,-11840.06683492958,2162.1802806818887
424,-11870.0,2220.0
425,-11930.022392266868,2335.315959735313
426,-11974.0,2416.0
427,-12012.10673071168,2480.6906834698702
428,-12142.54586506867,2644.5203134392573
429,-12169.0,2668.0
430,-12250.549481820817,2726.652570705127
431,-12352.0,2778.0
432,-12414.010500648918,2800.259801049235
433,-12438.0,2807.0
434,-12537.882757356747,2826.499857903641
435,-12565.0,2830.0
436,-12717.36003273655,2836.6534064709385
437,-12746.0,2836.0
438,-12830.207175822396,2831.7593443261453
439,-12871.0,2829.0
440,-12961.731469224656,2820.0549656612734
441,-13005.0,2812.0
442,-13173.0,2773.0
443,-13200.29728768574,2766.015180671335
444,-13297.432616807606,2732.129435398647
445,-13325.0,2719.0
446,-13373.997769085354,2695.4260917327406
447,-13411.0,2676.0
448,-13491.63477847741,2622.6506707994035
449,-13518.0,2599.0
450,-13577.827519746852,2533.784336862902
451,-13601.0,2505.0
452,-13645.520702964488,2431.6563743839765
453,-13660.0,2395.0
454,-13668.37763720711,2371.407887658575
455,-13695.701195754935,2275.479674669943
456,-13696.0,2274.0
457,-13706.251170795449,2196.1307179968103
458,-13708.0,2147.0
459,-13702.814808952828,2071.774973586131
460,-13692.0,2012.0
461,-13686.04372819913,1986.2310088357808
462,-13661.0,1901.0
463,-13651.041566992444,1873.904615858286
464,-13631.0,1825.0
465,-13601.444225002107,1761.3759919227027
466,-13596.0,1751.0
467,-13504.099536514359,1608.5967439213646
468,-13491.0,1591.0
469,-13426.904899292005,1514.9715362728277
470,-13426.0,1514.0
471,-13334.420328573295,1420.2068510587103
472,-13296.0,1383.0
473,-13173.012770898229,1274.792757993041
474,-13084.727981181864,1204.5705446840602
475,-13084.0,1204.0
476,-12974.814707341435,1121.6042812168616
477,-12974.0,1121.0
478,-12875.123961202296,1047.6903880603259
479,-12831.0,1015.0
480,-12789.829811734526,984.5154842159767
481,-12736.0,945.0
482,-12693.0,914.0
483,-12642.535752391414,878.22309648123
484,-12549.437394462737,813.980162222999
485,-12548.0,813.0
486,-12318.0,658.0
487,-12295.891363360675,643.3105749541063
488,-12187.0,574.0
489,-12131.93107057831,539.711301619009
490,-12053.0,491.0
491,-12029.035841844312,476.421271825866
492,-11904.0,402.0
493,-11879.876365358012,387.90995041253973
494,-11336.129587298245,86.73014528192833
495,-11226.0,29.0
496,-11148.366356496075,-10.735402217969483
497,-11118.0,-26.0
498,-10954.0,-107.0
499,-10803.237394181935,-178.414415604471
500,-10639.65531802026,-252.26635644768206
501,-10638.0,-253.0
502,-10502.0,-311.0
503,-10422.309567641547,-343.305172032893
504,-10314.0,-386.0
505,-10183.433846714217,-435.06507877622124
506,-10154.0,-446.0
507,-10011.47507442623,-498.3789176844326
508,-9990.0,-506.0
509,-9733.6192446625,-594.546763968944
510,-9674.0,-615.0
511,-9577.661878933675,-648.2908023174704
512,-9523.0,-667.0
513,-9387.0,-713.0
514,-9374.272965162596,-717.2564595331777
515,-9249.0,-759.0
516,-9165.196335919789,-787.3976946913247
517,-8930.718503198885,-867.4169152659169
518,-8929.0,-868.0
519,-8785.968451366229,-915.3764712471059
520,-8775.0,-919.0
521,-8654.819222370537,-959.0443703880536
522,-8559.0,-991.0
523,-8328.0,-1068.0
524,-8308.308436202273,-1074.6025719791799
525,-8086.311164335039,-1149.9275007682334
526,-7965.0,-1191.0
527,-7915.663965667742,-1207.3105985943234
528,-7791.0,-1248.0
529,-7716.672258119439,-1272.9861477074858
530,-7634.0,-1301.0
531,-7532.651546517118,-1335.5480101267444
532,-7478.0,-1354.0
533,-7216.883876662735,-1441.0070009645212
534,-7148.0,-1464.0
535,-7025.252424426356,-1505.301968831624
536,-6923.583742159914,-1539.9317736596158
537,-6888.0,-1552.0
538,-6775.653196419203,-1589.774092965211
539,-6682.0,-1621.0
540,-6636.133544812953,-1636.269231407419
541,-6407.585164903603,-1712.398122957759
542,-6373.0,-1724.0
543,-6214.0,-1778.0
544,-6132.963361875683,-1805.6299600410189
545,-5928.0,-1874.0
546,-5689.0,-1953.0
547,-5671.530886509741,-1959.0456020078893
548,-5530.0,-2007.0
549,-5453.860975163186,-2020.1311403783056
550,-5204.0,-2055.0
551,-5106.530482326176,-2049.1523573869204
552,-5055.0,-2033.0
553,-4909.476806223812,-1989.777153972299
554,-4907.0,-1989.0
555,-4609.0,-1876.0
556,-4590.972982568826,-1868.3706253086084
557,-4548.0,-1850.0
558,-4436.791391969059,-1799.5115106090325
559,-4399.0,-1781.0
560,-4246.683809231454,-1699.6353631462155
561,-4227.0,-1688.0
562,-3962.0,-1521.0
563,-3934.982811649419,-1503.7283964472522
564,-3787.0,-1398.0
565,-3754.4808987623705,-1371.9093979256388
566,-3589.0409959129165,-1236.8291605237625
567,-3570.0,-1221.0
568,-3483.429517734372,-1146.924794441361
569,-3387.0,-1052.0
570,-3378.2239555960855,-1043.5552778322176
571,-3231.5014472806533,-904.6788387836713
572,-3218.0,-892.0
573,-3170.0,-847.0
574,-3084.9843351098452,-767.0775209953109
575,-3049.0,-733.0
576,-2901.8853699795004,-589.848598475546
577,-2883.0,-571.0
578,-2696.0,-383.0
579,-2662.92070659803,-349.6996930465876
580,-2554.2601946708646,-240.41434620397052
581,-2500.241713000639,-186.27822327314857
582,-2480.0,-166.0
583,-2382.4477984930613,-68.580449227344
584,-2336.0,-24.0
585,-2267.1311173434206,37.94028690879171
586,-2253.0,50.0
587,-2200.0,93.0
588,-2162.7439703478535,120.11977918299684
589,-2126.0,143.0
590,-2032.0233722369035,190.38303627964402
591,-2024.0,194.0
592,-1957.7973810312594,215.79627825789007
593,-1957.0,216.0
594,-1907.0,228.0
595,-1884.091240191644,231.8275398313452
596,-1833.0,235.0
597,-1796.4498965739267,232.97488839516046
598,-1760.0,227.0
599,-1756.182619659277,226.1014746132052
600,-1715.0,212.0
601,-1702.2292500757308,205.67085370787598
602,-1672.0,187.0
603,-1645.0,166.0
604,-1638.0153736185514,160.12039185212322
605,-1584.481560199148,112.24276741946402
606,-1576.0,105.0
607,-1539.0,76.0
608,-1516.8722301510004,61.80272256589586
609,-1497.0,51.0
610,-1455.8323346232694,34.25593092319708
611,-1455.0,34.0
612,-1415.0,25.0
613,-1397.6978343622313,22.95018452480407
614,-1340.80259999604,22.605117438262884
615,-1330.0,23.0
616,-1282.900741119786,27.361217179193364
617,-1255.0,36.0
618,-1200.7620519075206,58.512297251006046
619,-1174.0,71.0
620,-1093.277784845062,128.7331280833235
621,-1093.0,129.0
622,-1056.4068116229112,164.30854671173103
623,-1018.0,201.0
624,-1011.7438372111319,206.951503193805
625,-933.0,281.0
626,-921.802937843675,291.08076532173794
627,-875.8301774440437,328.17776714006317
628,-871.0,332.0
629,-771.0,399.0
630,-732.9557820791573,415.91968150966886
631,-616.0,460.0
632,-595.8703432484917,466.80179189794956
633,-547.2216964233576,479.00642372367076
634,-496.0,482.0
635,-426.00656617399517,487.52013152028456
636,-381.0,490.0
637,-340.22338553561053,490.8001522415959
638,-273.0,489.0
639,-147.0,479.0
640,-106.12631978911557,473.53766610536604
641,96.0,431.0
642,168.46685671362224,410.3523307649053
643,206.0,398.0
644,246.0,384.0
645,301.5809952359366,363.609603769645
646,461.933881385177,298.83739245566653
647,494.0,284.0
648,647.9563240175747,198.47638980080785
649,734.0,143.0
650,751.497840128394,131.389959096571
651,878.6655511507062,39.83506166589806
652,911.0,13.0
653,942.8784716715206,-14.861716120578592
654,1041.0,-107.0
655,1049.5878900745552,-115.34433338759007
656,1188.8993975439205,-254.68251866978244
657,1199.0,-265.0
658,1277.0,-348.0
659,1352.5465749341797,-435.81264996505
660,1432.0,-530.0
661,1486.6980271708824,-594.8240273834261
662,1527.0,-642.0
663,1540.8955729301092,-658.1884308174047
664,1709.3780013772935,-854.1151637778745
665,1711.0,-856.0
1,1929.741438358987,-1113.3433624448448
2,1988.7602110342716,-1181.686528401628
3,2030.0,-1230.0
4,2094.5958976737675,-1306.0884147142651
5,2137.0,-1356.0
6,2257.880684461969,-1497.3932874088205
7,2292.0,-1537.0
8,2369.07644234929,-1626.1561353720692
9,2381.0,-1640.0
10,2450.625034762778,-1721.453457175678
11,2491.0,-1769.0
12,2551.1952413272984,-1840.0237843757182
13,2575.0,-1868.0
14,2673.6336352045882,-1983.0841629997549
15,2799.0,-2129.0
16,2889.821031827564,-2235.331444396068
17,3019.0,-2387.0
18,3045.548720702579,-2418.0671628887276
19,3182.0,-2577.0
20,3200.961604856585,-2599.149692329145
21,3291.00379770678,-2704.3122571549966
22,3314.0,-2731.0
23,3395.945591916018,-2825.7674482658676
24,3397.0,-2827.0
25,3507.0,-2957.0
26,3616.931320789249,-3084.7564167617675
27,3618.0,-3086.0
28,3726.0762575267563,-3212.51012613366
29,3741.0,-3230.0
30,3853.1838081415117,-3361.394439150712
31,3921.0,-3441.0
32,4007.1894850637264,-3542.645579540693
33,4204.063056746893,-3776.8879639997813
34,4205.0,-3778.0
35,4361.092374495145,-3961.7787361409173
36,4363.0,-3964.0
37,4443.0,-4057.0
38,4568.0,-4204.0
39,4580.6722867633225,-4218.910975782671
40,4750.0,-4418.0
41,4826.678611371381,-4508.28883808132
42,4879.357041558619,-4570.105326517804
43,4899.0,-4593.0
44,5003.0,-4714.0
45,5060.922467035144,-4781.888827816229
46,5204.0,-4951.0
47,5224.691026056861,-4975.517035661918
48,5313.0,-5080.0
49,5352.434008579163,-5126.239447286844
50,5405.0,-5188.0
51,5596.294288860305,-5414.957334082047
52,5629.0,-5454.0
53,5681.369185634876,-5517.19135366421
54,5724.0,-5572.0
55,5786.898393444467,-5651.2227252377115
56,5835.0,-5711.0
57,5924.842348683053,-5824.282918744639
58,5968.0,-5925.0
59,6041.141073025956,-6187.499448611904
60,6042.0,-6191.0
61,6058.881859877698,-6306.828216784573
62,6052.0,-6346.0
63,6035.490419061386,-6475.481635104618
64,6019.0,-6576.0
65,5998.66355697105,-6659.235009446337
66,5983.0,-6715.0
67,5947.308797145416,-6840.906606921334
68,5947.0,-6842.0
69,5891.0,-6983.0
70,5804.0,-7112.0
71,5787.5270630880495,-7134.4701326132235
72,5710.0,-7195.0
73,5703.737408754838,-7198.43782688608
74,5591.0,-7259.0
75,5534.615102442579,-7279.006095763875
76,5496.0,-7289.0
77,5420.032661834959,-7301.8926144394945
78,5419.0,-7302.0
79,5241.276447044588,-7302.822863757554
80,5231.0,-7302.0
81,5137.19682489752,-7284.096489176484
82,5113.0,-7276.0
83,5014.0,-7235.0
84,4983.511550862029,-7218.765651016121
85,4952.0,-7199.0
86,4904.993984296056,-7164.052576825125
87,4861.0,-7124.0
88,4836.565985442232,-7098.220136285385
89,4727.0,-6960.0
90,4709.347021108767,-6935.421671949404
91,4623.001607774079,-6795.671800519093
92,4622.0,-6794.0
93,4555.0,-6682.0
94,4536.914926448471,-6651.085320967703
95,4491.11727927756,-6569.036885675669
96,4457.0,-6508.0
97,4403.974970385465,-6414.753004142145
98,4403.0,-6413.0
99,4361.0,-6337.0
100,4346.7480046080045,-6312.005175556462
101,4236.057617029987,-6128.832134508496
102,4217.0,-6099.0
103,4156.650553182742,-6009.365774490303
104,4091.1546816570617,-5921.862834516209
105,4071.0,-5896.0
106,4027.3256765498036,-5841.533004725272
107,3975.315367653654,-5780.722252640688
108,3916.0,-5721.0
109,3846.643047456061,-5658.48309052919
110,3815.0,-5632.0
111,3769.268870780992,-5596.80988175211
112,3731.0,-5574.0
113,3555.410834343721,-5497.555191328033
114,3482.0,-5470.0
115,3332.1646868338657,-5444.078398060139
116,3331.0,-5444.0
117,3184.0,-5433.0
118,3156.9660308652706,-5431.321774949948
119,3062.0,-5425.0
120,3021.801398800656,-5420.3411986021665
121,2940.0,-5407.0
122,2918.1923221387706,-5402.306705155937
123,2855.0,-5384.0
124,2834.2292324725086,-5376.382124185343
125,2741.0,-5334.0
126,2719.676836210868,-5322.193436143361
127,2593.8184478560397,-5233.227814678567
128,2556.0,-5199.0
129,2491.0,-5128.0
130,2477.3465379646173,-5110.470572578915
131,2427.0,-5034.0
132,2396.87223693094,-4975.0336897395855
133,2381.0,-4935.0
134,2341.2721781538407,-4809.732093896986
135,2308.0,-4694.0
136,2282.9835708284404,-4606.8087263366215
137,2249.411693127143,-4489.138564946608
138,2242.0,-4463.0
139,2231.3556513408735,-4425.323308560868
140,2208.0,-4345.0
141,2205.2199038853955,-4335.771363565562
142,2169.3726785573945,-4225.109773464368
143,2148.0,-4178.0
144,2027.8074702945732,-4003.170278648665
145,2026.0,-4001.0
146,1893.611607883517,-3882.51160364153
147,1870.0,-3866.0
148,1743.0,-3794.0
149,1621.0,-3748.0
150,1606.9536058909268,-3742.9743554410647
151,1541.1605752355779,-3722.015439460596
152,1483.0,-3719.0
153,1388.6360100760091,-3712.346201616655
154,1205.0,-3699.0
155,1165.3802174567047,-3696.7145494397837
156,1132.0,-3695.0
157,1021.8040111682143,-3686.385417647359
158,965.0,-3680.0
159,861.0,-3661.0
160,827.0648704457316,-3652.3163312655124
161,708.0010200457525,-3612.7372991043676
162,685.0,-3603.0
163,568.9366353438417,-3539.5882289593274
164,568.0,-3539.0
165,494.0,-3489.0
166,444.35009258247675,-3449.747991429062
167,415.0,-3423.0
168,294.1029692819305,-3295.5358538341125
169,283.0,-3283.0
170,224.03401559385713,-3212.9983385231
171,133.0,-2962.0
172,126.38400280146347,-2878.448319819179
173,125.0,-2805.0
174,128.08547491739654,-2762.3850149707796
175,147.0,-2686.0
176,213.0,-2507.0
177,228.21597981108982,-2467.7915223433674
178,260.77618885200985,-2390.1073000701567
179,291.0,-2317.0
180,355.78233679879264,-2155.1619761835846
181,359.0,-2147.0
182,446.0,-1904.0
183,471.0,-1719.0
184,463.0,-1628.0
185,438.0,-1531.0
186,291.0,-1270.0
187,183.0,-1161.0
188,24.0,-1057.0
189,-12.0,-1039.0
190,-318.0,-898.0
191,-455.0,-841.0
192,-610.0,-790.0
193,-663.0,-777.0
194,-972.0,-718.0
195,-1077.0,-706.0
196,-1335.0,-698.0
197,-1552.0,-708.0
198,-1844.0,-764.0
199,-2050.0,-837.0
200,-2105.0,-860.0
201,-2204.370682941108,-905.8320904414802
202,-2375.0,-996.0
203,-2399.0825950244716,-1009.87933288166
204,-2505.0,-1075.0
205,-2603.0,-1145.0
206,-2659.0235777221824,-1193.2339204124546
207,-2791.0,-1314.0
208,-2851.10943167593,-1371.4987770091138
209,-2923.2309102202644,-1462.112375639232
210,-2965.0,-1524.0
211,-3029.3807088171516,-1612.5912422497192
212,-3040.0,-1627.0
213,-3150.0,-1774.0
214,-3217.0,-1862.0
215,-3236.5210051317436,-1887.8044677431326
216,-3374.0,-2070.0
217,-3392.461261439423,-2093.947540280338
218,-3461.45890558653,-2181.0695307644773
219,-3543.9375709945966,-2280.701318030318
220,-3565.0,-2306.0
221,-3649.5059214457915,-2407.6670598995556
222,-3662.0,-2423.0
223,-3748.094478760907,-2529.1008673905385
224,-3788.0,-2569.0
225,-3922.1135837639067,-2676.6948087488113
226,-3924.0,-2678.0
227,-4041.0,-2720.0
228,-4089.117616406777,-2728.6373166502703
229,-4266.0,-2761.0
230,-4306.828746542255,-2768.2320027874675
231,-4363.0,-2778.0
232,-4457.767171058402,-2794.138096457261
233,-4585.0,-2815.0
234,-4817.622107427772,-2851.5708646988446
235,-4842.0,-2855.0
236,-4959.7358706388195,-2868.7223016375724
237,-5043.15394722084,-2871.9082036233785
238,-5097.0,-2872.0
239,-5102.839338831807,-2871.9421885599204
240,-5180.0,-2868.0
241,-5203.497986716531,-2865.7070415385865
242,-5311.0,-2851.0
243,-5334.349988622948,-2845.7418240433417
244,-5373.0,-2834.0
245,-5466.115794573143,-2787.001227000848
246,-5473.0,-2782.0
247,-5507.0,-2752.0
248,-5532.765097546735,-2723.038463372919
249,-5553.0,-2696.0
250,-5616.0,-2578.0
251,-5621.339967078673,-2564.8132343925245
252,-5640.0,-2506.0
253,-5649.565316906465,-2466.1036380908627
254,-5652.0,-2455.0
255,-5668.087199266952,-2351.183022140334
256,-5669.0,-2343.0
257,-5674.300598511189,-2290.8374932930633
258,-5676.0,-2274.0
259,-5687.865948730327,-2167.9241622168793
260,-5692.0,-2139.0
261,-5703.096983568015,-2074.0361477889896
262,-5707.0,-2054.0
263,-5713.0,-2025.0
264,-5719.251104920548,-1995.9057513035266
265,-5748.0,-1868.0
266,-5752.350581690505,-1848.545496260951
267,-5775.0,-1746.0
268,-5784.2636021252765,-1703.6097906787118
269,-5794.0,-1659.0
270,-5807.331932623393,-1598.0846048493872
271,-5816.0,-1558.0
272,-5865.527966153621,-1325.1186070595486
273,-5875.0,-1281.0
274,-5890.683363119519,-1211.2391075529988
275,-5898.0,-1178.0
276,-5946.575474020844,-949.9732643850269
277,-5947.0,-948.0
278,-5979.0,-801.0
279,-5987.340847025641,-761.5261122470104
280,-6013.0,-637.0
281,-6016.16584697592,-621.5456014860214
282,-6066.0,-377.0
283,-6077.9709967668505,-315.8068195024836
284,-6085.0,-274.0
285,-6088.245018643011,-255.56096216533246
286,-6113.629301242254,-110.23182559820444
287,-6114.0,-108.0
288,-6142.0,110.0
289,-6142.670357088245,123.06252264260243
290,-6143.0,251.0
291,-6136.024642631674,336.72383376577613
292,-6117.0,443.0
293,-6084.461974579484,562.3957849704268
294,-6036.0,708.0
295,-6032.352629742334,718.0881372246456
296,-5998.325701266313,799.2582498956237
297,-5982.0,834.0
298,-5940.97343989188,920.913551414026
299,-5919.0,967.0
300,-5889.914726983614,1027.1526728665613
301,-5847.219880224688,1116.5816578434822
302,-5843.0,1126.0
303,-5825.0,1168.0
304,-5812.300199847341,1200.1874164416995
305,-5782.0,1290.0
306,-5775.889030395116,1312.2839892461213
307,-5771.0,1346.0
308,-5769.778570187306,1417.7797813006068
309,-5770.0,1428.0
310,-5779.6926117130015,1486.0791540658004
311,-5794.0,1509.0
312,-5818.0,1548.0
313,-5827.151179495409,1559.5466761095217
314,-5855.69644552422,1586.65046911058
315,-5860.0,1590.0
316,-5907.0,1618.0
317,-5940.558563064254,1628.398272205793
318,-5962.0,1632.0
319,-5994.0,1634.0
320,-6029.316269609966,1630.0913630893328
321,-6039.0,1628.0
322,-6089.0,1613.0
323,-6104.842062649302,1606.4487118479822
324,-6153.1411663937915,1573.7007434115303
325,-6160.0,1568.0
326,-6191.0,1540.0
327,-6193.943860457581,1536.9473524544703
328,-6218.0,1509.0
329,-6220.466815028286,1505.8602132689593
330,-6248.579034850029,1465.6567465276457
331,-6249.0,1465.0
332,-6271.609758385592,1427.8440872796534
333,-6275.0,1422.0
334,-6295.558463921253,1385.2308112581047
335,-6320.0,1339.0
336,-6325.399186312205,1328.4615050130838
337,-6358.0,1264.0
338,-6380.25702777103,1222.4263348223876
339,-6395.0,1195.0
340,-6417.059039615776,1153.3233501186091
341,-6435.0,1120.0
342,-6454.0339275410215,1085.5578676376758
343,-6517.0,975.0
344,-6531.042319367976,950.8080116201404
345,-6566.0,893.0
346,-6578.970486902893,872.1623198626265
347,-6635.13420576725,783.3485430523027
348,-6636.0,782.0
349,-6704.557875786242,676.8383644099064
350,-6711.0,667.0
351,-6776.0547680584705,567.6401922808202
352,-6789.0,548.0
353,-6855.6021784243685,448.57998551405416
354,-6856.0,448.0
355,-6928.032836366992,344.7759390471674
356,-6962.0,297.0
357,-7039.608732876471,195.8619196690103
358,-7074.0,158.0
359,-7142.39845303479,85.91237289008644
360,-7193.0,35.0
361,-7237.698315771138,-7.508196854885242
362,-7394.963228184065,-133.04325349837347
363,-7425.0,-154.0
364,-7513.011576837061,-211.40412172897825
365,-7613.0,-268.0
366,-7669.590111903585,-294.55347202022216
367,-7693.0,-304.0
368,-7800.861253724481,-340.59588126468645
369,-7830.0,-349.0
370,-7985.290513153487,-381.4060141514158
371,-8016.0,-386.0
372,-8110.73785668304,-398.34464003833614
373,-8157.0,-404.0
374,-8258.76109012509,-415.3849506004191
375,-8314.0,-419.0
376,-8544.0,-429.0
377,-8581.29834048826,-430.1025086209435
378,-8708.536476230625,-425.91358611469275
379,-8748.0,-422.0
380,-8821.841502365107,-415.1388053493284
381,-8880.0,-409.0
382,-9018.184123851785,-388.94486881356636
383,-9071.0,-379.0
384,-9205.752953297666,-350.2762900862624
385,-9263.0,-337.0
386,-9400.310385886243,-299.6320069156028
387,-9460.0,-281.0
388,-9496.279823823528,-269.48260406346157
389,-9640.657716311796,-221.8107011324145
390,-9643.0,-221.0
391,-9772.129659455013,-174.7204242773687
392,-9854.0,-144.0
393,-9972.12663636838,-97.1371387932796
394,-10064.0,-59.0
395,-10104.272347286947,-42.12084366237687
396,-10237.0,16.0
397,-10277.477098341265,35.56499753354904
398,-10349.0,73.0
399,-10441.684199449595,128.2985010254193
400,-10457.0,138.0
401,-10672.73471735507,285.67330478502856
402,-10699.0,305.0
403,-10808.625158497873,393.77149951254154
404,-10810.0,395.0
405,-10941.7200207933,519.0199200886767
406,-10993.0,571.0
407,-11135.739111673764,737.3769964225256
408,-11223.297570544168,856.0301561471047
409,-11224.0,857.0
410,-11319.35338417281,1004.8234398377664
411,-11320.0,1006.0
412,-11395.929283991378,1151.557466798784
413,-11426.0,1214.0
414,-11451.023030589855,1269.542943867049
415,-11482.0,1341.0
416,-11508.0,1400.0
417,-11538.550606342962,1471.1115237127203
418,-11592.210257268576,1599.1247795483296
419,-11593.0,1601.0
420,-11715.0,1889.0
421,-11727.042410426307,1917.325372406241
422,-11791.0,2061.0
423,-11821.954490849828,2124.486140311108
424,-11867.0,2215.0
425,-11881.331594303807,2243.530699351296
426,-11961.0,2393.0
427,-11977.076139080473,2419.0470714762027
428,-12385.784843832002,2783.7058627062233
429,-12483.0,2817.0
430,-12556.12795219146,2829.5477306584435
431,-12585.0,2832.0
432,-12739.0,2836.0
433,-12870.882990028127,2829.7495207983975
434,-13008.52482028004,2811.2451611297993
435,-13010.0,2811.0
436,-13128.0,2786.0
437,-13175.355571928241,2773.0600120364866
438,-13237.0,2753.0
439,-13326.788205005607,2717.728313088284
440,-13347.0,2709.0
441,-13435.304413308531,2661.8035862379024
442,-13447.0,2653.0
443,-13574.29410440172,2532.798841695074
444,-13602.0,2503.0
445,-13638.970927187014,2449.302107694797
446,-13651.0,2416.0
447,-13681.0,2336.0
448,-13683.459023975933,2328.269922988504
449,-13700.0,2250.0
450,-13703.092801499486,2198.335445747858
451,-13700.064597340426,2055.0553301036734
452,-13700.0,2054.0
453,-13681.236528968557,1964.749726478143
454,-13679.0,1958.0
455,-13655.290324104237,1885.149456334114
456,-13633.0,1830.0
457,-13568.0,1703.0
458,-13561.546239477677,1692.1676435989139
459,-13471.150980665423,1568.1284725947705
460,-13413.0,1501.0
461,-13389.363807600072,1474.888668667197
462,-13327.0,1413.0
463,-13287.696334720797,1375.8795364113487
464,-13242.0,1334.0
465,-13180.627819800919,1281.2595070558798
466,-13147.0,1254.0
467,-12988.939655732283,1131.8078484212558
468,-12947.0,1100.0
469,-12871.077789377006,1043.080268006299
470,-12805.67844175368,995.1739670729837
471,-12782.0,978.0
472,-12703.564518600071,921.8383229788858
473,-12637.0,875.0
474,-12604.623629137743,852.3450215830131
475,-12443.643100324238,740.7214044021798
476,-12419.0,724.0
477,-12303.0,648.0
478,-12242.690362537367,608.8478862439185
479,-12086.0,511.0
480,-11900.0,399.0
481,-11886.349573709997,390.81741683388555
482,-11773.0,326.0
483,-11712.110381075507,292.30116323572804
484,-11513.0,182.0
485,-11435.426036058521,140.00208083711607
486,-11394.0,118.0
487,-11276.032855479953,55.07616596846397
488,-11274.0,54.0
489,-11016.0,-77.0
490,-10999.49503709259,-84.98188625778486
491,-10960.0,-104.0
492,-10857.545031140555,-152.8782634316184
493,-10821.0,-170.0
494,-10664.175628731235,-241.24723469467918
495,-10644.0,-250.0
496,-10376.0,-362.0
497,-10348.384956452985,-373.3237561582157
498,-10183.0,-436.0
499,-10145.056032879043,-449.65914492733987
500,-9951.433371002817,-519.0074784133135
501,-9929.0,-527.0
502,-9825.780040282629,-563.461912255284
503,-9703.0,-605.0
504,-9691.892570091492,-608.7844647780596
505,-9507.045051035007,-672.1305533247674
506,-9490.0,-678.0
507,-9429.0,-699.0
508,-9316.22025269709,-737.1811599245458
509,-9269.0,-753.0
510,-9086.19337545454,-813.8464721912483
511,-9062.0,-822.0
512,-8817.0,-905.0
513,-8772.812170603447,-919.9550689622238
514,-8621.471589871478,-970.8683679380567
515,-8533.672555003335,-999.8777980643482
516,-8500.0,-1011.0
517,-8333.339868885996,-1066.0979293507307
518,-8244.0,-1096.0
519,-8091.086374156318,-1147.8184394343516
520,-8058.0,-1159.0
521,-7933.0,-1201.0
522,-7849.706385834745,-1228.9199961972133
523,-7766.0,-1257.0
524,-7536.0321308492785,-1334.2718020486807
525,-7516.0,-1341.0
526,-7345.121033936906,-1398.2885712113093
527,-7343.0,-1399.0
528,-7209.0,-1444.0
529,-7146.453793448793,-1465.0788191097167
530,-7004.0,-1513.0
531,-6900.617220337512,-1547.1832932976768
532,-6790.0,-1584.0
533,-6777.472339013548,-1588.2406046440924
534,-6632.0,-1638.0
535,-6586.008177304556,-1653.5480994380723
536,-6474.0,-1691.0
537,-6363.0,-1728.0
538,-6333.737642421032,-1737.7802259933947
539,-6110.954117536194,-1812.6008231515973
540,-6077.0,-1824.0
541,-5934.0,-1872.0
542,-5851.83682696354,-1899.7288030545565
543,-5783.0,-1923.0
544,-5658.384721472596,-1965.1881837800186
545,-5656.0,-1966.0
546,-5545.0,-2003.0
547,-5499.000549623657,-2016.399563758535
548,-5352.733167489851,-2048.576282523958
549,-5324.0,-2053.0
550,-5189.476928751064,-2059.9613936150004
551,-5101.0,-2043.0
552,-4922.557498285535,-1991.3142478867876
553,-4834.0,-1963.0
554,-4568.970013763164,-1859.4340091113831
555,-4568.0,-1859.0
556,-4436.290822197654,-1800.4225256668983
557,-4322.0,-1741.0
558,-4304.833408965406,-1731.479823769607
559,-4100.0,-1612.0
560,-4071.1181904649334,-1594.4447808849304
561,-3956.629548156059,-1519.2585197789176
562,-3946.0,-1512.0
563,-3760.0,-1377.0
564,-3700.128223754754,-1328.4641190780965
565,-3526.0,-1182.0
566,-3497.5766930725167,-1157.5245852512287
567,-3437.873053632611,-1102.8630002600632
568,-3386.0,-1051.0
569,-3305.9923576896513,-975.6923488498095
570,-3254.0,-927.0
571,-3207.21014674255,-883.0342622616716
572,-3134.0,-814.0
573,-3014.0,-700.0
574,-2979.0515230597057,-665.9825613314848
575,-2816.0,-502.0
576,-2738.7035131670073,-425.15282721183996
577,-2699.0,-385.0
578,-2659.0,-344.0
579,-2605.2179805965734,-289.53621072539545
580,-2460.5869367746895,-146.22161805699668
581,-2435.0,-121.0
582,-2337.2075284231246,-25.06400450819745
583,-2290.0,19.0
584,-2279.6330102931047,28.2679314212955
585,-2193.8999875582654,98.20679106307385
586,-2172.0,114.0
587,-2150.9630266135914,128.39925266580508
588,-2087.0,166.0
589,-2081.223884872064,168.82354896470056
590,-1987.1819042159736,206.78722476107487
591,-1981.0,209.0
592,-1936.0,222.0
593,-1889.4092472044276,229.06584752513356
594,-1840.0,235.0
595,-1808.4461736422163,238.12628630140492
596,-1789.0,233.0
597,-1781.1228411364557,230.7735732464469
598,-1695.585031342567,201.3023414913222
599,-1695.0,201.0
600,-1653.1239581779619,172.85183032381823
601,-1620.0,144.0
602,-1594.2798425785863,121.07632708343678
603,-1569.7563286789414,100.06787874587023
604,-1566.0,97.0
605,-1517.828175356454,61.290087805159764
606,-1512.0,58.0
607,-1449.0,33.0
608,-1439.2090175222552,30.310146215061504
609,-1405.0,24.0
610,-1400.4477646841428,23.486087352724866
611,-1355.0,22.0
612,-1271.5718239296327,32.6440000045643
613,-1265.0,34.0
614,-1232.035579305948,43.194406159512994
615,-1197.0,59.0
616,-1182.3851025694914,65.93666858691935
617,-1132.0,98.0
618,-1083.6570401279118,139.71711873481235
619,-1045.0,175.0
620,-1022.068264960171,196.5539331376423
621,-997.5545953209898,221.85939173976223
622,-989.0,230.0
623,-962.0,255.0
624,-957.0479931175458,259.4576449973361
625,-880.8201443100382,323.60352830864446
626,-854.0,344.0
627,-778.0,394.0
628,-771.5050682975262,397.62730468950895
629,-680.0,441.0
630,-606.0,462.0
631,-598.3923193161801,463.70278320572976
632,-518.0,479.0
633,-499.4242623762802,481.7796732070887
634,11.506310793549986,453.6265648679526
635,14.0,453.0
636,186.97602463059332,402.6967370372351
637,273.0,375.0
638,322.99509341448766,357.9633690807619
639,384.0,333.0
640,422.47159338504645,316.545811649926
641,481.0,290.0
642,558.7814236110221,249.50017878809504
643,583.0,236.0
644,737.4912825698746,141.36789875732032
645,750.0,133.0
646,829.950354512121,76.96753459760029
647,880.0,38.0
648,1009.9587553742031,-77.37230538366984
649,1037.0,-103.0
650,1190.147025680137,-256.92250739761516
651,1287.2724681581312,-360.2108050188971
652,1288.0,-361.0
653,1367.3701531512452,-452.4699168805627
654,1383.0,-471.0
655,1440.3717162136804,-538.7871413382836
656,1521.0,-634.0
657,1544.424419489808,-661.8262731624043
658,1580.0,-704.0
659,1706.2821435359176,-851.9918293777373
1,1783.7826344352331,-941.5889741328609
2,1849.0,-1018.0
3,1866.5313604718262,-1038.7356211988063
4,1919.0,-1101.0
5,1936.9820517543988,-1122.1093117944536
6,2021.0,-1220.0
7,2040.8153827339972,-1243.1725974587894
8,2164.4833351837706,-1388.5197484678947
9,2207.0,-1438.0
10,2291.0,-1535.0
11,2311.232411205298,-1558.5545885257181
12,2396.0,-1658.0
13,2454.062146738196,-1725.9283805454027
14,2491.0,-1769.0
15,2602.817751634114,-1899.10566886819
16,2705.0,-2018.0
17,2782.298877603823,-2108.130377639468
18,2886.563434296479,-2230.459463382763
19,2909.0,-2257.0
20,2940.573331465266,-2294.547821213967
21,3006.0,-2372.0
22,3013.5273166028046,-2380.799653243495
23,3105.1404514721808,-2487.210890917116
24,3148.0,-2537.0
25,3332.537559426907,-2752.1235138752363
26,3335.0,-2755.0
27,3487.02715630744,-2932.954502280931
28,3512.0,-2962.0
29,3645.0,-3117.0
30,3767.0,-3261.0
31,3781.1187045754164,-3277.6434906511217
32,3849.5787475363195,-3357.6324639781365
33,3908.0,-3426.0
34,3997.870154904883,-3532.5291032225095
35,4171.0,-3738.0
36,4208.86568848243,-3782.3232247628184
37,4239.0,-3817.0
38,4334.416389244505,-3929.072694092407
39,4386.0,-3990.0
40,4488.0,-4111.0
41,4520.697653671265,-4149.654900240442
42,4634.129714561314,-4283.025188482043
43,4658.0,-4311.0
44,4793.846558501926,-4469.657678245773
45,4795.0,-4471.0
46,4887.0,-4578.0
47,4948.692948116697,-4650.3321380805855
48,4990.0,-4699.0
49,5192.317116604676,-4937.803752158897
50,5212.0,-4961.0
51,5319.729006022041,-5087.649210837367
52,5625.0,-5449.0
53,5712.596628953611,-5558.372856642435
54,5792.0,-5656.0
55,5841.487168342006,-5714.502224998904
56,5913.0,-5823.0
57,6021.0,-6079.0
58,6041.580281098264,-6133.65837185718
59,6062.573716861727,-6230.754819994936
60,6052.0,-6326.0
61,6025.635158497979,-6545.17260988113
62,6024.0,-6556.0
63,5950.0,-6834.0
64,5905.0,-6952.0
65,5866.0,-7028.0
66,5637.0,-7238.0
67,5530.0,-7280.0
68,5391.0,-7305.0
69,5363.0,-7307.0
70,5137.0,-7283.0
71,5040.0,-7248.0
72,4938.0,-7189.0
73,4906.0,-7165.0
74,4750.0,-6992.0
75,4700.0,-6919.0
76,4583.0,-6730.0
77,4495.0,-6577.0
78,4375.0,-6363.0
79,4280.0,-6199.0
80,4253.0,-6155.0
81,4201.373269190329,-6075.526817449985
82,4104.0,-5939.0
83,4089.1698479948664,-5919.723245160803
84,4020.0,-5834.0
85,3948.0,-5753.0
86,3901.100065048857,-5709.642604718184
87,3785.0,-5610.0
88,3728.974658942081,-5564.766392959593
89,3634.6507757136724,-5514.096947200576
90,3572.0,-5496.0
91,3482.3571055808993,-5469.8710778985915
92,3466.0,-5466.0
93,3270.0,-5438.0
94,3169.0,-5432.0
95,3140.0397549071668,-5429.944235624025
96,2937.0,-5407.0
97,2911.501126483443,-5402.213287366327
98,2824.0067978660254,-5377.703274355739
99,2737.6085208590357,-5333.416181346937
100,2717.0,-5321.0
101,2636.972747126952,-5267.758883736126
102,2625.0,-5259.0
103,2541.8074033160515,-5188.664076301162
104,2510.0,-5152.0
105,2422.1068160710615,-5024.77195680394
106,2421.0,-5023.0
107,2376.0,-4922.0
108,2363.8668831142227,-4883.431926558223
109,2320.0,-4739.0
110,2309.9126020921854,-4703.272485655061
111,2296.0,-4653.0
112,2272.1701466097006,-4569.346557490776
113,2240.0,-4458.0
114,2178.7731041058073,-4253.552103589699
115,2171.0,-4232.0
116,2123.6424912360426,-4127.054396627354
117,2067.681593058237,-4050.866829700023
118,2026.0,-4002.0
119,2021.3632213084368,-3996.7665001963073
120,1953.0,-3931.0
121,1929.2109373667533,-3912.2347914449438
122,1814.0,-3831.0
123,1787.4638786470036,-3815.5027160508826
124,1740.0,-3792.0
125,1593.158108390076,-3740.396369417548
126,1580.0,-3737.0
127,1508.0,-3722.0
128,1447.537269597011,-3713.8864346819296
129,1396.0,-3709.0
130,1194.0,-3698.0
131,1170.3149632698787,-3696.9871800187466
132,1068.0,-3691.0
133,1009.2781444834037,-3684.9330924250976
134,993.0,-3683.0
135,832.9772052351827,-3655.103283914625
136,821.0,-3652.0
137,749.5385438470803,-3629.2887673060395
138,728.0,-3621.0
139,603.9426278458474,-3561.2266595754068
140,573.0,-3543.0
141,507.7875709894023,-3499.229376719328
142,489.0,-3485.0
143,463.0,-3464.0
144,438.5634764709955,-3443.37098671521
145,344.0,-3354.0
146,330.35600915792855,-3339.324228120868
147,264.0,-3258.0
148,241.65448987132925,-3224.9065732775143
149,220.0,-3190.0
150,191.9730220136407,-3140.948885009489
151,178.0,-3108.0
152,129.95793722720663,-2914.304831172796
153,123.0,-2878.0
154,118.68454904525386,-2822.830488114906
155,125.0,-2794.0
156,179.45453074903864,-2588.677959435217
157,180.0,-2587.0
158,230.0,-2466.0
159,246.8801381466476,-2425.772389941585
160,298.0,-2299.0
161,303.5042629164044,-2285.229001174882
162,384.0,-2083.0
163,405.2180299848947,-2029.5879643812875
164,419.0,-1989.0
165,424.23492371106835,-1972.6770900357506
166,459.6050769198433,-1847.9025633780357
167,460.0,-1846.0
168,468.0,-1660.0
169,466.37268146129117,-1648.6926912615957
170,440.0,-1537.0
171,411.7252278319761,-1461.6437954697628
172,364.0,-1373.0
173,299.17975773171815,-1284.3065773507317
174,210.0,-1184.0
175,203.32583248781236,-1177.219040716424
176,140.50249049666766,-1125.50909906186
177,107.0,-1105.0
178,16.727164695378576,-1054.7601898859862
179,-35.0,-1028.0
180,-108.65884961105152,-992.4840396181646
181,-231.5979281708467,-937.1408925799901
182,-245.0,-931.0
183,-306.0,-903.0
184,-355.04414230884606,-881.6251864360183
185,-507.0,-822.0
186,-551.5546256390805,-806.4021931087844
187,-624.0,-786.0
188,-778.6764433598235,-752.5969803273192
189,-801.0,-748.0
190,-938.9708877780351,-721.2262850420959
191,-1012.0,-713.0
192,-1140.0,-702.0
193,-1181.9808083431028,-699.788127832775
194,-1296.4882040717534,-697.8805289674721
195,-1313.0,-698.0
196,-1487.0,-704.0
197,-1604.5726636421425,-713.5370497112408
198,-1675.0,-723.0
199,-1774.0,-744.0
200,-1896.0308811529849,-780.6717221555695
201,-1931.0,-793.0
202,-2114.0,-865.0
203,-2171.7823456012507,-890.0147416370228
204,-2346.6520675136144,-980.6926733432841
205,-2372.0,-995.0
206,-2490.0,-1065.0
207,-2501.904128846114,-1072.8190944721694
208,-2602.0,-1144.0
209,-2611.887323322542,-1151.5021547347915
210,-2717.4190294286054,-1240.5277280070718
211,-2719.0,-1242.0
212,-2805.18807003058,-1328.0070485092094
213,-2818.0,-1342.0
214,-2894.2145838754964,-1432.4939720147947
215,-2979.0,-1543.0
216,-2996.3572895233146,-1566.210447728691
217,-3093.0,-1698.0
218,-3157.5140856912844,-1783.7350476431675
219,-3197.0,-1836.0
220,-3249.6419317723726,-1906.1229033842665
221,-3292.0,-1962.0
222,-3338.7968572964055,-2022.9285129024088
223,-3497.0,-2225.0
224,-3529.8307051135102,-2265.4691236523227
225,-3600.0,-2348.0
226,-3624.538788917477,-2377.3634927689536
227,-3727.4744004587687,-2500.2291479836626
228,-3729.0,-2502.0
229,-3846.4961636024273,-2625.794543746122
230,-3858.0,-2635.0
231,-3982.852170609552,-2702.9868105271053
232,-4010.0,-2712.0
233,-4158.114865537803,-2742.8445069460035
234,-4159.0,-2743.0
235,-4317.160544179275,-2770.044422283164
236,-4388.0,-2782.0
237,-4518.659570042753,-2803.9907515170917
238,-4574.0,-2813.0
239,-4688.2085877106465,-2831.40617367771
240,-4770.0,-2844.0
241,-4837.268123260472,-2853.5493552436556
242,-5025.272813685533,-2871.0740356137703
243,-5055.0,-2872.0
244,-5133.850764465171,-2871.1047813518308
245,-5216.0,-2865.0
246,-5262.000005581863,-2859.6302144900274
247,-5279.0,-2857.0
248,-5346.003754579329,-2842.8486084661427
249,-5363.0,-2838.0
250,-5447.738278167345,-2800.002507921715
251,-5462.0,-2790.0
252,-5501.7685253904465,-2755.8563328606347
253,-5520.0,-2738.0
254,-5555.996392186867,-2693.9659762856095
255,-5571.0,-2667.0
256,-5626.0,-2551.0
257,-5634.195307230882,-2531.8953776819135
258,-5651.9515145504665,-2462.70638607938
259,-5655.0,-2440.0
260,-5661.846719005122,-2397.7853311451495
261,-5667.0,-2364.0
262,-5676.510257531019,-2280.0855729132495
263,-5680.0,-2247.0
264,-5689.410158800456,-2161.4662239745267
265,-5694.0,-2125.0
266,-5709.678756000253,-2037.2113181472764
267,-5719.0,-1996.0
268,-5725.022647955857,-1969.779718354095
269,-5749.619483789547,-1862.6976591688667
270,-5750.0,-1861.0
271,-5770.079551146168,-1769.4196239250086
272,-5783.0,-1710.0
273,-5803.543906288799,-1616.7930052083875
274,-5820.0,-1541.0
275,-5826.989236385834,-1508.0338119403877
276,-5850.0,-1399.0
277,-5857.432110854442,-1364.9154658841858
278,-5871.0,-1303.0
279,-5888.9903442221985,-1218.1915833013072
280,-5892.0,-1204.0
281,-5935.441771194063,-1002.4656456190742
282,-5941.0,-977.0
283,-5965.678163159204,-863.5149209708025
284,-5966.0,-862.0
285,-5997.373326110533,-712.0670977201528
286,-6010.0,-651.0
287,-6047.772593803413,-465.42630598703704
288,-6072.798794865002,-339.0340172494812
289,-6073.0,-338.0
290,-6100.805629990686,-186.12094814531963
291,-6101.0,-185.0
292,-6123.842519088288,-49.16826800648926
293,-6132.0,11.0
294,-6137.891766956494,66.77018332348368
295,-6143.0,139.0
296,-6145.0,196.0
297,-6144.221799726365,261.7368795040957
298,-6129.355745248142,379.2137469962681
299,-6129.0,381.0
300,-6054.0,662.0
301,-6045.637581931038,688.2687019336084
302,-5996.0,803.0
303,-5971.852375747338,855.1170736844415
304,-5939.0,926.0
305,-5929.550851494215,945.9198919704879
306,-5885.0,1038.0
307,-5877.4288984299355,1054.076415919353
308,-5775.1266501086175,1325.7700869891773
309,-5769.0,1371.0
310,-5769.004537529922,1401.444534316589
311,-5770.0,1413.0
312,-5780.0,1473.0
313,-5798.918402450405,1519.7888922272618
314,-5830.642924823922,1561.5898449567671
315,-5831.0,1562.0
316,-5864.0,1592.0
317,-5883.616631586755,1604.9073880318012
318,-5911.0,1619.0
319,-5946.842982298759,1629.4310110419367
320,-5955.0,1631.0
321,-5994.068356386618,1633.5784590617955
322,-6000.0,1633.0
323,-6071.420250440275,1618.423150341528
324,-6088.0,1614.0
325,-6114.198913293354,1603.1487434717383
326,-6128.0,1593.0
327,-6162.0,1568.0
328,-6165.143086698994,1565.4988890500517
329,-6195.0,1537.0
330,-6213.611523895061,1513.6740475977426
331,-6263.640501330559,1442.5348828080869
332,-6264.0,1442.0
333,-6291.930487435055,1393.131085607996
334,-6294.0,1389.0
335,-6317.147384486375,1343.398505150362
336,-6337.0,1305.0
337,-6389.0,1206.0
338,-6393.818835647885,1196.9516611162585
339,-6455.782590260943,1082.8872319918319
340,-6493.0,1016.0
341,-6507.809298628315,989.8629269928024
342,-6546.0,926.0
343,-6570.325171065349,886.5550720524716
344,-6598.0,842.0
345,-6633.15421632324,785.9781990598325
346,-6653.0,755.0
347,-6751.555264196599,604.1396158403278
348,-6778.0,564.0
349,-6825.73224690057,492.0028611741179
350,-6866.449612676322,431.44186272317654
351,-6881.0,410.0
352,-6928.512764138216,341.15759129604754
353,-6973.0,283.0
354,-6995.901537104318,254.47575792160313
355,-7115.164322226839,113.49603642755397
356,-7134.0,93.0
357,-7226.0,5.0
358,-7274.183805878947,-39.840523821575246
359,-7409.0,-143.0
360,-7579.0,-251.0
361,-7591.510032539912,-258.8306954025246
362,-7701.0,-307.0
363,-7763.816368075659,-324.0598132429447
364,-7970.0,-379.0
365,-8053.180495118312,-393.09047315075884
366,-8098.0,-397.0
367,-8224.75186951881,-410.7658960418788
368,-8227.0,-411.0
369,-8522.0,-430.0
370,-8539.494835534471,-430.1022299153641
371,-8581.0,-430.0
372,-8689.347260380084,-425.6131088098115
373,-8727.0,-423.0
374,-8883.364031740071,-408.87847270504267
375,-8904.0,-406.0
376,-9185.0,-356.0
377,-9213.676809119697,-350.33076776373116
378,-9376.0,-306.0
379,-9413.231322615684,-294.3535228578832
380,-9603.929394976856,-234.10475201689326
381,-9626.0,-227.0
382,-9727.212059489979,-193.3507547683144
383,-9845.0,-147.0
384,-9855.63513631296,-142.83184065733772
385,-10032.682380087139,-72.84103954884469
386,-10049.0,-66.0
387,-10107.0,-41.0
388,-10208.384911897647,3.56386321533851
389,-10251.0,23.0
390,-10422.504297087307,115.24465110435114
391,-10444.0,129.0
392,-10655.0,272.0
393,-10692.177634434547,298.19622376507726
394,-10813.580953750225,390.4129767273571
395,-10875.581987860496,451.3433979060208
396,-10900.0,476.0
397,-11022.771621171632,603.2288006684679
398,-11085.0,674.0
399,-11183.054797819459,798.5375884570773
400,-11203.0,826.0
401,-11275.0,932.0
402,-11321.623767073826,1007.0538165581104
403,-11364.0,1085.0
404,-11464.502876777324,1301.0161873939765
405,-11473.0,1320.0
406,-11543.183839715246,1482.0815964005055
407,-11544.0,1484.0
408,-11595.0,1604.0
409,-11619.412495074004,1661.82572425316
410,-11677.0,1799.0
411,-11719.89679192479,1901.0489542697117
412,-11767.0,2009.0
413,-11772.42392941346,2020.9238378165185
414,-11837.0,2156.0
415,-11858.30658763679,2198.0735182025005
416,-11911.0,2299.0
417,-11962.0,2395.0
418,-11975.66034402638,2419.2924324933
419,-12087.440532583156,2587.071887357972
420,-12107.0,2609.0
421,-12197.0,2689.0
422,-12250.829754560695,2725.9796153289576
423,-12298.0,2753.0
424,-12391.168221041971,2792.3763792091922
425,-12393.0,2793.0
426,-12480.0,2817.0
427,-12518.272065742298,2823.9630317138754
428,-12647.92701329891,2834.843134381802
429,-12673.0,2836.0
430,-12784.669014722576,2836.960167038301
431,-12853.0,2831.0
432,-12987.2341344056,2813.673456327488
433,-13052.0,2804.0
434,-13212.418604430808,2761.2052688392123
435,-13213.0,2761.0
436,-13300.984504474323,2732.284897352002
437,-13376.0,2695.0
438,-13386.892250534467,2688.5860414305475
439,-13511.0,2605.0
440,-13526.614578156887,2592.9112140028587
441,-13572.82127963557,2541.5687580132526
442,-13577.0,2536.0
443,-13647.0,2424.0
444,-13662.071439827329,2384.2328579930036
445,-13698.0,2265.0
446,-13703.309906273367,2244.9609855807344
447,-13711.610245406622,2199.345846820231
448,-13708.0,2155.0
449,-13703.499321103074,2091.7008806532594
450,-13699.0,2051.0
451,-13692.935784261626,2014.4150610284078
452,-13679.0,1957.0
453,-13647.0,1862.0
454,-13635.990496689323,1834.3993258288083
455,-13570.0,1706.0
456,-13530.899094360173,1644.974059425533
457,-13511.0,1617.0
458,-13491.0,1591.0
459,-13458.63193206764,1552.5532721967916
460,-13344.824083008209,1430.8028829919435
461,-13321.0,1407.0
462,-13202.745554068531,1299.930229218666
463,-13132.0,1242.0
464,-13116.949889909645,1229.9462397723837
465,-12997.246578151695,1138.0961353911157
466,-12965.0,1114.0
467,-12932.881982506275,1090.1109838211028
468,-12831.0,1015.0
469,-12821.760628498208,1008.2363348436465
470,-12670.265888022037,898.3308819956283
471,-12660.0,891.0
472,-12580.0,835.0
473,-12487.64419403573,771.6374530306944
474,-12387.0,703.0
475,-12320.043937333056,658.0883833471174
476,-12268.0,626.0
477,-12247.97347766179,613.4185819280073
478,-12026.65850410618,475.00907718434746
479,-12025.0,474.0
480,-11896.676971255038,397.63795901297976
481,-11785.0,333.0
482,-11696.07251245312,282.31195893344903
483,-11614.81542630913,237.4715924756247
484,-11603.0,231.0
485,-11459.015755728442,152.6377095326541
486,-11443.0,144.0
487,-11282.0,58.0
488,-11257.585788238925,45.07842125602997
489,-11173.0,1.0
490,-11161.877157654637,-4.651536889574027
491,-11050.0,-60.0
492,-10829.52099285237,-165.72418940095014
493,-10812.0,-174.0
494,-10724.519678597175,-214.69945455376057
495,-10627.0,-258.0
496,-10582.421406248774,-277.4334820870486
497,-10424.0,-343.0
498,-10275.927689436854,-400.03224975574454
499,-10157.0,-445.0
500,-10084.066303787053,-472.1997552863529
501,-10001.779829508436,-501.1103881616149
502,-9977.0,-510.0
503,-9902.0,-537.0
504,-9888.870554042856,-541.6535316973236
505,-9705.637626814474,-604.010410683777
506,-9644.0,-625.0
507,-9476.0,-683.0
508,-9462.93074579199,-687.4165535920046
509,-9293.0,-744.0
510,-9170.0,-786.0
511,-9157.744039621537,-790.1345325489783
512,-9032.0,-832.0
513,-9004.745545089667,-841.0753487417428
514,-8386.100049559007,-1048.9660713787941
515,-8383.0,-1050.0
516,-8163.969892712916,-1122.8862956273385
517,-8056.0,-1159.0
518,-7996.741044131364,-1179.2019464584134
519,-7916.0,-1207.0
520,-7853.6839407277985,-1227.8301945239032
521,-7760.0,-1259.0
522,-7651.820308227387,-1295.0294523779223
523,-7619.0,-1306.0
524,-7401.890883061091,-1378.998728227379
525,-7384.0,-1385.0
526,-7269.035547457423,-1423.4578256634734
527,-7196.0,-1448.0
528,-7001.650425880407,-1513.9022382386875
529,-6960.0,-1528.0
530,-6714.181350543471,-1610.610652720976
531,-6552.226696151121,-1664.5929440108198
532,-6551.0,-1665.0
533,-6417.915932837836,-1708.9542347788215
534,-6394.0,-1717.0
535,-6308.522187654187,-1745.9555828545138
536,-6173.0,-1792.0
537,-6113.914708483142,-1812.0096966759486
538,-6016.0,-1845.0
539,-5812.816851669787,-1913.3765797315298
540,-5811.0,-1914.0
541,-5607.5620620572,-1985.4456932062171
542,-5543.0,-2004.0
543,-5468.3359522341,-2023.6736838757815
544,-5347.0,-2051.0
545,-5236.016039736336,-2061.278283809321
546,-5142.926393344118,-2049.590646348607
547,-5128.0,-2047.0
548,-4981.0,-2013.0
549,-4895.636697430744,-1985.2919739594026
550,-4614.0,-1878.0
551,-4541.523877065973,-1848.537092927529
552,-4464.0,-1812.0
553,-4454.854433234664,-1807.6032250596877
554,-4278.033202743625,-1716.7329276241978
555,-4275.0,-1715.0
556,-3981.0,-1535.0
557,-3967.1139712120826,-1526.1122044119716
558,-3834.0,-1432.0
559,-3817.194986859318,-1419.7018479287422
560,-3717.0,-1344.0
561,-3510.1183272770363,-1166.4086153212077
562,-3495.0,-1153.0
563,-3419.328634884034,-1083.512922938574
564,-3329.0,-997.0
565,-3234.272806746899,-908.1580850352047
566,-3152.0,-831.0
567,-3039.1791710502575,-724.0666590002326
568,-2956.7247980418774,-643.4868359605216
569,-2932.0,-619.0
570,-2894.1312867188235,-581.2390092377829
571,-2774.0244191007323,-460.0365967969376
572,-2773.0,-459.0
573,-2649.0,-334.0
574,-2638.7756413001193,-323.8460387340202
575,-2571.0,-257.0
576,-2425.0,-111.0
577,-2410.1496801567446,-95.95536943093693
578,-2366.0,-52.0
579,-2331.0446036730427,-19.40282308195734
580,-2227.757500090357,71.21446548264053
581,-2210.0,86.0
582,-2118.5474339036264,148.5091932788918
583,-2103.0,157.0
584,-2044.0,186.0
585,-1952.0,218.0
586,-1944.9668309663462,220.24066226675902
587,-1911.597850157127,229.35227921627106
588,-1888.4451481511492,230.96498110298995
589,-1888.0,231.0
590,-1831.0,235.0
591,-1810.6881689716488,235.14437198636912
592,-1784.0,232.0
593,-1738.5239230361049,217.9189198199228
594,-1674.0,189.0
595,-1642.3697247693544,165.79039904617514
596,-1629.0,153.0
597,-1602.9412861071346,129.43807077209135
598,-1587.0,115.0
599,-1555.0,88.0
600,-1528.9834234051052,71.6788927413238
601,-1474.0,41.0
602,-1430.6385332342377,21.164346935856802
603,-1388.0,23.0
604,-1293.3604027151441,28.38314958516886
605,-1285.0,29.0
606,-1258.1791795558536,32.156784832640085
607,-1243.0,40.0
608,-1220.6485300070435,48.77558603991183
609,-1192.0,61.0
610,-1125.0,104.0
611,-1102.3532352090654,122.20961209115586
612,-1083.0,139.0
613,-1065.1673580084455,155.4802232136842
614,-1046.0,174.0
615,-998.0,222.0
616,-989.6308638387943,230.33960918126843
617,-923.3181649244223,289.9527853252746
618,-922.0,291.0
619,-806.0,378.0
620,-785.4863972143422,392.4911854101282
621,-757.761034517476,408.7563231164505
622,-731.0,419.0
623,-719.0048948811549,423.47781316955957
624,-591.5239135495194,465.61904893979977
625,-581.0,468.0
626,-505.0,480.0
627,-476.2609057000881,483.70478246217795
628,-455.0,486.0
629,-329.0,490.0
630,-309.02788300681334,489.78350881787316
631,-153.29327936016497,480.1520600859509
632,-152.0,480.0
633,-44.3100794607995,464.23388133108267
634,-43.0,464.0
635,51.48633826725567,443.3337458603101
636,129.0,422.0
637,232.59995165142163,389.492592251897
638,234.0,389.0
639,398.07199558365136,326.0270514892968
640,442.0,308.0
641,558.0652717714289,250.6994933761372
642,568.0,245.0
643,681.0,178.0
644,714.3103936177515,156.9652597792321
645,802.2729285612354,97.46517357739774
646,814.0,89.0
647,899.0,23.0
648,956.1389999627236,-26.439802752589078
649,991.0,-58.0
650,1082.0,-146.0
651,1129.0250155674712,-193.12275451360017
652,1240.0,-308.0
653,1317.0,-394.0
654,1352.7584462626958,-435.64486789642916
655,1487.0,-595.0
656,1546.606006886057,-664.9412301846997
657,1576.0,-699.0
658,1685.6310341939334,-826.9807383599971
11,3388.5443422023354,-2818.7906444318705
12,3530.0,-2984.0
13,3550.311377759827,-3007.5911368369216
14,3641.0,-3113.0
15,3730.0,-3218.0
16,3785.654451543107,-3283.0975321422834
17,3921.0,-3441.0
18,3984.224783362396,-3514.957518664004
19,4072.6006164715495,-3620.164040510213
20,4125.0,-3683.0
21,4201.2456648129355,-3773.862156194361
22,4214.0,-3789.0
23,4350.0,-3949.0
24,4430.0,-4042.0
25,4453.66327250936,-4069.6590949164693
26,4623.0,-4269.0
27,4645.250490973668,-4295.205562856241
28,4725.8938997793175,-4390.073277105174
29,4816.37750073114,-4496.397013766738
30,4839.0,-4523.0
31,4928.763589100952,-4628.507667857508
32,4942.0,-4644.0
33,5034.2306948474,-4751.33549894729
34,5080.0,-4805.0
35,5238.86144258693,-4992.477199374376
36,5241.0,-4995.0
37,5344.0,-5116.0
38,5379.877714141896,-5158.458442799861
39,5515.0,-5319.0
40,5547.806619846364,-5358.049399738801
41,5594.0,-5413.0
42,5673.573223505644,-5507.1808943103715
43,5772.0,-5632.0
44,5931.743758882748,-5858.480759608653
45,5947.0,-5884.0
46,6011.571054385599,-6020.616279229809
47,6036.465531212041,-6147.3432891716675
48,6047.0,-6233.0
49,6047.998376240275,-6242.093497984482
50,6051.0,-6360.0
51,6047.2853993368535,-6397.398410494218
52,6020.0,-6570.0
53,6011.56982221599,-6606.135167898032
54,5995.0,-6667.0
55,5949.066449194084,-6832.047947201286
56,5946.0,-6842.0
57,5931.0,-6885.0
58,5912.420370920897,-6932.940067380794
59,5893.0,-6977.0
60,5798.0,-7118.0
61,5784.657203047815,-7132.223518630857
62,5721.0,-7187.0
63,5681.245703167221,-7213.2250231909065
64,5670.0,-7220.0
65,5553.254233811136,-7272.00479782653
66,5544.0,-7275.0
67,5486.920458720209,-7290.348783813065
68,5469.0,-7294.0
69,5359.647673886913,-7306.3347432044375
70,5331.0,-7307.0
71,5268.350908792462,-7304.612220162164
72,5249.0,-7303.0
73,5221.0,-7300.0
74,5194.29455110845,-7296.001538138105
75,5087.0,-7267.0
76,5070.460478743413,-7260.621131830495
77,4984.0,-7218.0
78,4951.584962078836,-7197.2824873279915
79,4919.0,-7174.0
80,4876.315832688125,-7139.470129605155
81,4851.0,-7114.0
82,4722.858352347823,-6949.653426977944
83,4700.0,-6918.0
84,4667.525115079834,-6868.30460682823
85,4652.0,-6842.0
86,4539.921607637402,-6655.569676971992
87,4539.0,-6654.0
88,4475.0,-6540.0
89,4456.8671794159945,-6506.973775057904
90,4398.0,-6402.0
91,4390.824509218866,-6389.519720447152
92,4278.0,-6196.0
93,4248.1209641818605,-6145.2400774709795
94,4224.0,-6109.0
95,4213.896748319524,-6094.224153163869
96,4135.218022965264,-5981.682443148726
97,4134.0,-5980.0
98,4010.0,-5822.0
99,4001.9610439219905,-5812.735168107027
100,3919.0,-5723.0
101,3857.386757607937,-5665.171404990455
102,3774.0,-5602.0
103,3674.879552011901,-5545.469129307052
104,3548.0,-5488.0
105,3538.801540977036,-5484.406424524962
106,3457.060712288004,-5462.085902320331
107,3416.0,-5456.0
108,3306.9739530945267,-5442.888702083577
109,3246.0,-5437.0
110,3161.6983550786426,-5430.90289217954
111,3026.494133943799,-5420.885098919104
112,3012.0,-5419.0
113,2947.0,-5408.0
114,2897.2757687601675,-5395.676918612217
115,2755.0,-5341.0
116,2715.566824876053,-5320.678646312374
117,2658.0,-5282.0
118,2549.257270723002,-5190.695105122874
119,2534.0,-5177.0
120,2446.741044596127,-5079.589859495128
121,2418.0,-5018.0
122,2374.0,-4915.0
123,2361.664632073679,-4880.029919691482
124,2332.960549532195,-4781.979502140931
125,2329.0,-4768.0
126,2288.0,-4623.0
127,2260.099264035985,-4524.3450846093
128,2243.0,-4465.0
129,2218.0,-4380.0
130,2184.3281720235113,-4265.616485318074
131,2173.0,-4236.0
132,2104.0,-4101.0
133,2078.268562134393,-4060.8607744747064
134,1973.7983891279196,-3950.491494280899
135,1957.0,-3936.0
136,1876.0,-3872.0
137,1867.2174554259984,-3865.966615105477
138,1789.0,-3818.0
139,1780.896212887507,-3813.5036497465057
140,1687.4989457757724,-3770.5538447649174
141,1686.0,-3770.0
142,1600.451117837434,-3743.3752851841145
143,1587.0,-3740.0
144,1502.7270458032317,-3723.060872011177
145,1402.0,-3710.0
146,1380.612793765428,-3708.1139018218614
147,1257.0,-3702.0
148,1174.5365421583929,-3697.1458692369156
149,1124.0,-3694.0
150,1056.2605942070495,-3689.853409507213
151,1003.0,-3684.0
152,945.719338532501,-3674.66656330743
153,759.0,-3632.0
154,722.4476590179867,-3620.6949004103503
155,652.0,-3586.0
156,627.6277253102332,-3572.312099990423
157,526.4540069119246,-3510.9873724610893
158,525.0,-3510.0
159,420.11021967901127,-3427.2602266829294
160,411.0,-3419.0
161,325.19742576721944,-3332.1388991275644
162,310.0,-3315.0
163,243.335448435535,-3227.5411007911403
164,243.0,-3227.0
165,189.38732223365662,-3126.1966227553835
166,167.0,-3079.0
167,132.92868643209022,-2980.7503448290945
168,129.0,-2938.0
169,125.54893331319036,-2851.7135878356644
170,127.0,-2789.0
171,132.63859934771025,-2735.5392045604685
172,188.44472042705306,-2568.255666324427
173,200.0,-2540.0
174,231.43004454101498,-2463.1797674391396
175,272.0,-2364.0
176,301.544716317496,-2291.690650702405
177,312.0,-2266.0
178,347.8081819863711,-2177.167567623045
179,357.0,-2154.0
180,408.97099393546995,-2016.838628748803
181,418.0,-1990.0
182,442.8329821858973,-1909.817012498607
183,454.0,-1871.0
184,471.8855573349683,-1784.3756102867026
185,470.0,-1737.0
186,441.0,-1540.0
187,434.4808016441775,-1508.2757492963433
188,387.623158882172,-1405.5365159792148
189,367.0,-1377.0
190,331.07065912867625,-1324.2128118167184
191,302.0,-1284.0
192,223.86796189637118,-1196.8945409588555
193,190.0,-1168.0
194,97.6448786731925,-1101.2812378158358
195,57.0,-1075.0
196,-46.20749121971506,-1021.5268994174801
197,-95.0,-1000.0
198,-125.43652814370024,-986.2858196393921
199,-247.09337377480162,-930.8583554016583
200,-249.0,-930.0
201,-351.05464531837754,-884.6737054742467
202,-417.0,-857.0
203,-520.6848562977815,-817.9975881730801
204,-605.0,-792.0
205,-641.6230498046386,-782.2945700511784
206,-763.0,-755.0
207,-801.2534356966735,-747.4512353683763
208,-869.0,-735.0
209,-953.5689352165626,-720.9811167681419
210,-968.0,-719.0
211,-1190.3040421299452,-700.1668793115075
212,-1219.0,-699.0
213,-1345.3371867470312,-698.9611293126679
214,-1347.0,-699.0
215,-1510.2738354664461,-704.8276300151297
216,-1576.0,-710.0
217,-1771.300022621468,-744.958501377582
218,-1900.9452118801469,-782.6742745356516
219,-1902.0,-783.0
220,-2053.8990027170407,-839.5271633464047
221,-2055.0,-840.0
222,-2187.5910419244665,-899.0875770287363
223,-2245.0,-927.0
224,-2297.14121439212,-954.1642900249428
225,-2364.0,-991.0
226,-2417.0,-1021.0
227,-2476.958599726873,-1056.208712816329
228,-2578.5086065924797,-1126.8165777638628
229,-2580.0,-1128.0
230,-2807.0,-1331.0
231,-2827.728551657707,-1351.3454075364502
232,-2917.0,-1461.0
233,-2960.336673245965,-1519.2641618494351
234,-3022.0,-1602.0
235,-3040.3544742493136,-1626.6396498368147
236,-3134.0,-1752.0
237,-3152.006127681788,-1775.873373692856
238,-3558.15846256258,-2295.678160301887
239,-3639.0,-2394.0
240,-3695.277391020347,-2460.6926691080175
241,-3717.0,-2486.0
242,-3835.0,-2614.0
243,-3955.8345872440377,-2691.9981691563153
244,-4106.349805652765,-2733.639336346192
245,-4108.0,-2734.0
246,-4253.0,-2758.0
247,-4331.664912123321,-2771.407254636675
248,-4432.0,-2789.0
249,-4543.278090314086,-2807.690591688459
250,-4569.0,-2812.0
251,-4699.29869160916,-2833.299008334652
252,-4718.0,-2836.0
253,-4928.879383284761,-2862.710711345935
254,-4976.0,-2868.0
255,-5044.609416161395,-2872.5429280372787
256,-5079.0,-2871.0
257,-5168.0,-2868.0
258,-5176.030098504784,-2867.6760858487955
259,-5250.0,-2861.0
260,-5295.93342731397,-2851.0242107796475
261,-5419.12712602358,-2814.3052774341204
262,-5420.0,-2814.0
263,-5481.9597910829825,-2775.1068396612764
264,-5486.0,-2771.0
265,-5530.341557360853,-2725.41526062382
266,-5560.0,-2685.0
267,-5616.0,-2577.0
268,-5620.033301672294,-2567.2899183063428
269,-5653.115381221943,-2449.4288800577647
270,-5664.0,-2381.0
271,-5667.663231659548,-2353.28211421427
272,-5675.0,-2281.0
273,-5680.073588119201,-2235.8099887862263
274,-5686.0,-2185.0
275,-5693.977764888697,-2121.982938110834
276,-5700.0,-2087.0
277,-5737.568085371628,-1914.9405086532743
278,-5748.0,-1869.0
279,-5766.486252634202,-1786.4392600600038
280,-5781.668386146412,-1716.7235052255237
281,-5787.0,-1692.0
282,-5803.980434709727,-1612.3153133866713
283,-5819.0,-1542.0
284,-5826.572819684626,-1506.7310228503607
285,-5865.128749997947,-1328.046910923586
286,-5871.0,-1301.0
287,-5898.0,-1177.0
288,-5911.519227152529,-1113.0700336915859
289,-5947.0,-947.0
290,-5990.0,-750.0
291,-5993.132409588675,-735.5170382727512
292,-6017.0,-615.0
293,-6029.806727715035,-551.250001138941
294,-6072.0,-343.0
295,-6087.610411934326,-261.03194347863206
296,-6095.0,-217.0
297,-6115.651702750678,-92.14831712577791
298,-6116.0,-90.0
299,-6144.0,179.0
300,-6143.88303645799,195.8034298427622
301,-6143.0,236.0
302,-6133.605199602902,342.09662629609903
303,-6128.0,379.0
304,-6096.742198310416,528.9311837325833
305,-6091.0,548.0
306,-5997.0,800.0
307,-5986.798138278083,825.1247853407828
308,-5932.0,941.0
309,-5921.139779202071,963.2720668109472
310,-5867.123249351193,1075.2339705814677
311,-5861.0,1088.0
312,-5833.778528138271,1145.2075548468495
313,-5811.0,1202.0
314,-5809.179463439227,1207.0853353381904
315,-5781.783096726955,1290.7620111735177
316,-5780.0,1298.0
317,-5775.0,1323.0
318,-5769.415661508706,1367.2947222379928
319,-5768.0,1386.0
320,-5775.013560824285,1457.8043947606561
321,-5778.0,1466.0
322,-5815.0,1543.0
323,-5822.39955411083,1555.9724827134248
324,-5852.175472544275,1593.853416956545
325,-5876.696006434233,1604.2308403421362
326,-5886.0,1608.0
327,-5931.602138878097,1625.3798681565036
328,-5956.0,1631.0
329,-5997.4568127581,1633.3925292908139
330,-6006.0,1633.0
331,-6037.0,1629.0
332,-6058.603743252438,1623.907124174031
333,-6080.0,1616.0
334,-6135.222544369174,1586.9004905605789
335,-6140.0,1584.0
336,-6179.558291456936,1551.4502687228392
337,-6180.0,1551.0
338,-6207.0,1522.0
339,-6219.506270287622,1506.838567099665
340,-6248.0,1467.0
341,-6268.618601485301,1433.7345209478144
342,-6290.0,1396.0
343,-6292.338331790143,1391.721569104439
344,-6319.0,1341.0
345,-6327.7796465037245,1323.7801336818181
346,-6350.0,1280.0
347,-6373.0,1236.0
348,-6379.430380481898,1223.8850900061166
349,-6432.756096978956,1125.1660703796251
350,-6441.0,1110.0
351,-6475.0,1048.0
352,-6493.237360837605,1016.0475123018961
353,-6510.0,987.0
354,-6548.225410367668,921.279806794641
355,-6549.0,920.0
356,-6586.0,861.0
357,-6602.443894681975,835.0689612715724
358,-6658.922644873256,746.2430592389765
359,-6670.0,729.0
360,-6720.6514520949195,651.3657942623366
361,-6754.0,601.0
362,-6821.719102956642,499.140489859325
363,-6856.0,448.0
364,-6974.538899944848,281.6178742185563
365,-6975.0,281.0
366,-7036.151570139733,200.08161020110157
367,-7102.0,128.0
368,-7112.80494223349,116.95289782338334
369,-7249.0,-15.0
370,-7268.104082701532,-32.50132691750953
371,-7343.286875024165,-93.03587689849766
372,-7351.0,-99.0
373,-7504.0,-206.0
374,-7558.356794349198,-235.39111752260249
375,-7722.0,-315.0
376,-7749.836286197499,-327.4779250444646
377,-7815.355323363329,-350.8465430405272
378,-7882.0,-361.0
379,-7974.76882583065,-378.020690629461
380,-8035.0,-388.0
381,-8090.089447321636,-395.5372599864323
382,-8177.0,-405.0
383,-8319.0,-418.0
384,-8361.992991970448,-421.26543115466114
385,-8575.0,-429.0
386,-8674.964616932564,-425.5730194551111
387,-8722.0,-423.0
388,-8767.0,-420.0
389,-8834.148354606852,-413.37268386776736
390,-9049.178508334582,-382.59193571823465
391,-9092.0,-375.0
392,-9290.860837250344,-329.41935539689206
393,-9402.0,-298.0
394,-9425.253606107615,-291.16924875930573
395,-9604.11560200489,-234.23040986323468
396,-9651.0,-218.0
397,-9697.368990732124,-201.52499194516753
398,-9841.0,-148.0
399,-9853.64112683075,-143.10994434421505
400,-10059.202726502994,-61.004276193412146
401,-10074.0,-55.0
402,-10189.0,-5.0
403,-10304.490846779157,54.08232334718294
404,-10426.0,119.0
405,-10505.523862654118,163.92954200201189
406,-10559.0,205.0
407,-10579.597185381248,220.2171092303657
408,-10803.402216652361,390.6410792778887
409,-10805.0,392.0
410,-10923.930570031134,502.09249507328315
411,-11022.0,603.0
412,-11096.501279841625,685.1081755572078
413,-11156.605891245621,763.4893023751191
414,-11165.0,775.0
415,-11263.625052210495,916.8696862342547
416,-11274.0,933.0
417,-11371.0,1099.0
418,-11384.164828155846,1124.6857749505762
419,-11426.0,1215.0
420,-11431.342343408129,1227.001805080313
421,-11484.0,1348.0
422,-11584.126632258347,1581.6022211037757
423,-11592.0,1600.0
424,-11631.027455726606,1691.1667332359805
425,-11674.0,1793.0
426,-11693.755176394461,1840.832903762685
427,-11766.0,2006.0
428,-11836.188941513556,2150.0909157128176
429,-11893.0,2264.0
430,-11927.897208485321,2333.439619874215
431,-11967.873369118919,2406.165526415737
432,-11980.0,2427.0
433,-12017.0,2489.0
434,-12023.651767569983,2499.354992805137
435,-12123.950940077642,2625.1565954305697
436,-12162.0,2661.0
437,-12278.0,2742.0
438,-12287.610157786436,2747.05209026674
439,-12417.0,2800.0
440,-12514.0,2823.0
441,-12523.905567377167,2824.4441885286565
442,-12627.0,2834.0
443,-12649.384583692168,2835.411668816739
444,-13132.780230081968,2784.6880724090493
445,-13135.0,2784.0
446,-13288.95866885127,2730.031085337545
447,-13363.0,2701.0
448,-13401.995333249266,2683.676050100885
449,-13442.0,2656.0
450,-13470.242818084247,2635.5472110538853
451,-13512.0,2603.0
452,-13558.909443377777,2557.1764308835523
453,-13572.0,2542.0
454,-13641.380326728842,2433.4840079646333
455,-13646.0,2424.0
456,-13672.294917444175,2361.4345729232778
457,-13685.0,2321.0
458,-13704.51232290156,2212.575765217852
459,-13706.0,2189.0
460,-13695.32402248748,2046.8593135214076
461,-13677.159303223012,1951.721468627959
462,-13677.0,1951.0
463,-13651.106549912205,1872.85554455942
464,-13645.0,1859.0
465,-13622.75237508526,1809.6762078956497
466,-13585.0,1732.0
467,-13566.512144772534,1698.4559958274149
468,-13531.0,1644.0
469,-13443.809366251424,1534.9613149889435
470,-13443.0,1534.0
471,-13344.829420286467,1429.3548104306046
472,-13309.0,1396.0
473,-13266.478828544277,1357.0700719738413
474,-13196.0,1294.0
475,-13129.448455313566,1238.6931090338503
476,-13072.089271369437,1194.9899773091233
477,-13063.0,1188.0
478,-12973.0,1119.0
479,-12918.525704553922,1078.4500220848859
480,-12733.0,943.0
481,-12683.230268607804,906.9672225536779
482,-12624.0,865.0
483,-12616.982475308272,860.0544942706373
484,-12480.38236141264,765.5964101144905
485,-12478.0,764.0
486,-12243.0,610.0
487,-12231.512309007216,602.5832724930615
488,-12109.0,526.0
489,-12093.197294654357,516.244142043965
490,-11998.0,458.0
491,-11784.896956912486,332.2553251274525
492,-11769.0,323.0
493,-11687.750612452615,276.62754436052467
494,-11585.0,221.0
495,-11477.56826333021,162.63826395872678
496,-11384.0,112.0
497,-11254.093090500526,42.844587506978925
498,-11155.832834954423,-7.096574285826417
499,-11126.0,-22.0
500,-11080.03297045612,-44.77110946152405
501,-10932.268948136165,-116.39348926755218
502,-10931.0,-117.0
503,-10776.0,-190.0
504,-10762.948737143186,-195.96815958948406
505,-10676.0,-235.0
506,-10457.075839009374,-329.1157757031416
507,-10357.0,-369.0
508,-10284.750789307338,-396.8802386746812
509,-10088.767778452819,-470.21797830069545
510,-10054.0,-483.0
511,-9848.315800286691,-555.5198792212323
512,-9812.0,-568.0
513,-9675.0,-615.0
514,-9446.0,-693.0
515,-9428.217857032361,-699.0432016513869
516,-9341.69063521411,-728.3104905863601
517,-9278.199390817597,-749.5964918890637
518,-9277.0,-750.0
519,-9123.0,-802.0
520,-9065.211861711752,-821.7102553485706
521,-8985.0,-849.0
522,-8840.899768137551,-897.2711672018304
523,-8628.0,-968.0
524,-8511.820239720899,-1006.5787116287808
525,-8457.0,-1025.0
526,-8350.366351887014,-1061.0198462131955
527,-8285.0,-1083.0
528,-8159.0,-1125.0
529,-8068.2938489972785,-1155.4021469625138
530,-7885.0,-1217.0
531,-7752.650517470842,-1261.4248613764435
532,-7632.0,-1302.0
533,-7356.469746319612,-1394.7496233537165
534,-7332.0,-1403.0
535,-7252.923947734618,-1429.7753855809592
536,-7205.0,-1446.0
537,-7135.76311212184,-1469.1118439866261
538,-7046.0,-1499.0
539,-6824.0,-1573.0
540,-6746.5567352353,-1599.30975017564
541,-6680.0,-1622.0
542,-6618.585641119726,-1642.879321786098
543,-6553.0,-1665.0
544,-6393.0,-1718.0
545,-6365.819722055215,-1727.0172996577317
546,-6172.433812740065,-1791.8425475751415
547,-6169.0,-1793.0
548,-5881.0,-1890.0
549,-5831.80973815016,-1906.2902717677434
550,-5770.830686961148,-1925.3957290828503
551,-5721.0,-1942.0
552,-5698.85096093416,-1949.6838724100057
553,-5467.467106131546,-2026.2836566136789
554,-5449.0,-2031.0
555,-5319.0,-2054.0
556,-5270.987761631602,-2056.269693809664
557,-5236.0,-2056.0
558,-5037.0,-2028.0
559,-5005.673759131415,-2020.1257993033348
560,-4778.573606434557,-1942.58990351806
561,-4777.0,-1942.0
562,-4654.544915428318,-1894.6238952490385
563,-4653.0,-1894.0
564,-4530.6248247413105,-1842.229154505333
565,-4426.0,-1794.0
566,-4298.703286718505,-1727.956908432368
567,-4297.0,-1727.0
568,-4096.514838461459,-1607.9465913785045
569,-4043.0,-1575.0
570,-3904.7147450663424,-1482.3805527507398
571,-3893.0,-1474.0
572,-3760.0,-1377.0
573,-3721.3937679023957,-1347.1266596801534
574,-3620.5215619529426,-1264.465666674437
575,-3607.0,-1253.0
576,-3508.0,-1166.0
577,-3440.3820716938467,-1103.0428779074834
578,-3399.0,-1064.0
579,-3291.0,-962.0
580,-3234.77016154534,-908.6893781502595
581,-3100.0,-781.0
582,-3004.0,-690.0
583,-2960.159831376471,-647.0739077805747
584,-2793.0,-480.0
585,-2690.126033784326,-377.08624087686223
586,-2642.0,-329.0
587,-2518.0354995449993,-205.05632562827958
588,-2497.0,-184.0
589,-2460.0,-147.0
590,-2318.4465181358096,-9.316562163297913
591,-2290.0,17.0
592,-2214.3068853611385,81.26705383079444
593,-2164.0,119.0
594,-2147.1469424931142,131.40454548587542
595,-2104.4147800612172,159.50135233820689
596,-2052.0,182.0
597,-2005.4427251051193,199.18187005558423
598,-1957.0,216.0
599,-1902.5685270000163,231.79129027252324
600,-1879.1022866465887,231.53718118873746
601,-1874.0,232.0
602,-1839.0,235.0
603,-1776.8396189386617,228.42859082588114
604,-1705.0,207.0
605,-1675.1719184385988,191.8221776900129
606,-1637.861847564527,160.38936872665678
607,-1634.0,157.0
608,-1565.4609498643701,97.06755157822283
609,-1547.0,82.0
610,-1508.0,56.0
611,-1475.2250832355594,41.5844856083531
612,-1459.0,36.0
613,-1378.0,22.0
614,-1367.99060396793,21.621795479925044
615,-1330.0,23.0
616,-1287.767687821876,28.932731404618963
617,-1243.0,40.0
618,-1181.0798471230196,67.11134152737151
619,-1144.0,90.0
620,-1129.398230103575,100.31089816065015
621,-1055.9007598665141,164.4576701060256
622,-1031.0,189.0
623,-1008.5590080503553,212.70281506716702
624,-980.739650444993,239.5676425681936
625,-951.0,265.0
626,-871.4822609369762,330.33436907545257
627,-862.0,338.0
628,-818.8013539031798,370.50096973352936
629,-802.0,380.0
630,-676.5039690673301,441.27648026617624
631,-666.0,445.0
632,-582.0,467.0
633,-526.2782248030824,477.4189156793364
634,-483.0,483.0
635,-347.3644655962645,489.9802046260688
636,-346.0,490.0
637,-313.0,490.0
638,-180.0,482.0
639,-110.5799944067596,473.63607980071754
640,-37.0,463.0
641,87.0,434.0
642,139.6066019267014,418.14812243682826
643,259.75564134279676,378.4374330016308
644,352.8817403678577,344.4284558696179
645,354.0,344.0
646,492.0,284.0
647,519.2621884534892,269.8006375667329
648,638.3929948760746,203.34741790158614
649,639.0,203.0
650,761.0,124.0
651,783.9593564890226,106.35834832871656
652,992.0333894815517,-63.18541965116806
653,1014.0,-82.0
654,1067.3386783072915,-132.66417004002122
655,1094.0,-160.0
656,1243.0,-311.0
657,1266.5665613984982,-337.1957841361367
658,1392.628283110919,-484.59849280080994
659,1404.0,-498.0
660,1459.924528991924,-563.55975569574
661,1506.9120700340395,-618.070996541378
662,1530.0,-645.0
663,1612.0,-741.0
664,1630.3744988525211,-762.5278827693087
665,1711.0,-857.0
1,1885.8058129918338,-1061.5596069532696
2,1988.0,-1182.0
3,2004.2945651760665,-1201.0223047059717
4,2108.811750914679,-1322.6438043270548
5,2122.0,-1338.0
6,2233.4048169543885,-1467.9675691215803
7,2236.0,-1471.0
8,2372.0,-1630.0
9,2456.0,-1728.0
10,2483.9688010801883,-1760.8011969310128
11,2583.0,-1877.0
12,2679.0,-1988.0
13,2700.004970397488,-2012.5035539641049
14,2828.0,-2163.0
15,2891.6360136951234,-2237.838381255101
16,3059.235767337598,-2434.442520623659
17,3088.0,-2468.0
18,3176.0,-2570.0
19,3193.0442229412556,-2589.84866055436
20,3315.6789270230365,-2733.1124290346415
21,3319.0,-2737.0
22,3407.0,-2840.0
23,3436.030966299228,-2873.75090756593
24,3507.0,-2956.0
25,3615.3419857169315,-3081.928200529591
26,3685.0,-3164.0
27,3773.0,-3269.0
28,3791.686757580661,-3291.0607479209584
29,3920.0,-3441.0
30,4099.027141303552,-3652.301029904775
31,4103.0,-3657.0
32,4196.2064176854,-3767.3996519733123
33,4241.485028463791,-3821.3011756430055
34,4305.0,-3896.0
35,4367.2576398676065,-3968.76214406003
36,4429.0,-4041.0
37,4452.0,-4068.0
38,4557.134079389054,-4191.828738923319
39,4678.0,-4334.0
40,4696.843032160958,-4356.020784851491
41,4792.0,-4467.0
42,4821.556780086184,-4501.742513227714
43,4996.0,-4707.0
44,5004.6400779888245,-4716.970194342202
45,5042.0,-4760.0
46,5118.971921815948,-4850.374585563376
47,5201.0,-4948.0
48,5326.0,-5096.0
49,5368.555391683121,-5146.0386185600055
50,5440.0,-5230.0
51,5549.882382625551,-5360.296276411093
52,5553.0,-5364.0
53,5632.0,-5458.0
54,5737.946291222629,-5586.27004493815
55,5815.5351411492975,-5685.727146325418
56,5818.0,-5689.0
57,5924.0,-5842.0
58,5929.7656452794,-5852.011053195134
59,5987.0,-5973.0
60,6007.276184240746,-6030.44989729591
61,6009.0,-6036.0
62,6047.0,-6233.0
63,6049.3102255409585,-6260.591418022642
64,6051.0,-6361.0
65,6049.443518298934,-6387.857434640713
66,6028.0,-6533.0
67,6026.004994990535,-6542.796275689297
68,5993.0,-6678.0
69,5983.392280729513,-6713.699118215819
70,5940.257626183176,-6859.591005009476
71,5925.0,-6904.0
72,5890.175681307441,-6989.129295826054
73,5856.0,-7044.0
74,5827.959384180719,-7079.948008692265
75,5738.0,-7174.0
76,5696.310549436254,-7206.457830464466
77,5635.0,-7239.0
78,5583.378620483805,-7262.669152325326
79,5498.0,-7288.0
80,5445.071532032424,-7296.418649848867
81,5340.0,-7307.0
82,5268.265644968254,-7307.857329062994
83,5224.857700433366,-7300.311992565779
84,5223.0,-7300.0
85,5152.0,-7287.0
86,5100.699599757248,-7272.296232169623
87,5022.0,-7239.0
88,4956.0,-7201.0
89,4949.955331291256,-7196.9180078080035
90,4887.325761130366,-7147.758572407114
91,4850.0,-7113.0
92,4794.576481302893,-7051.372516606102
93,4770.0,-7019.0
94,4697.0,-6914.0
95,4590.969775583806,-6744.237577686705
96,4557.0,-6686.0
97,4536.235449056343,-6649.434774242793
98,4512.0,-6606.0
99,4474.509166447624,-6539.387156820888
100,4454.0,-6503.0
101,4423.095019265166,-6448.1796978680795
102,4383.0,-6377.0
103,4372.991685259997,-6359.201087266578
104,4317.472960273946,-6261.513503443993
105,4316.0,-6259.0
106,4225.480156398224,-6111.977277016579
107,4209.0,-6087.0
108,4173.0,-6034.0
109,4167.701854808333,-6026.249531176534
110,4091.1654814505937,-5920.860680520407
111,4088.0,-5917.0
112,3876.0078087010074,-5684.13007173628
113,3873.0,-5681.0
114,3787.272724654625,-5609.021918351709
115,3756.0,-5591.0
116,3594.021901967715,-5505.074601316988
117,3589.0,-5503.0
118,3391.863694579805,-5453.464423834428
119,3307.0,-5442.0
120,3253.590470013278,-5436.767612135866
121,3165.0,-5432.0
122,3142.889923834855,-5430.442525451867
123,2984.0,-5415.0
124,2936.7736613596517,-5406.332862253934
125,2868.0,-5388.0
126,2665.3221724117875,-5288.279881456911
127,2661.0,-5285.0
128,2540.6106061132737,-5181.881357132463
129,2510.0,-5152.0
130,2436.4619459375813,-5064.276751590778
131,2384.0,-4943.0
132,2362.772739487588,-4882.195908934661
133,2345.0,-4825.0
134,2305.047874860335,-4683.203035168724
135,2291.0,-4633.0
136,2273.5379282796694,-4571.824868720022
137,2253.0,-4501.0
138,2238.3414608123703,-4450.589033347922
139,2190.0,-4286.0
140,2182.8036912306106,-4262.334918472167
141,2152.104478012121,-4185.272589906403
142,2147.0,-4176.0
143,2080.2957058668085,-4067.502132838431
144,2071.0,-4055.0
145,2017.441317665889,-3993.661424011406
146,2007.0,-3983.0
147,1911.3387122462946,-3897.8145248625174
148,1909.0,-3896.0
149,1794.2639891919832,-3820.2331722647386
150,1762.0,-3803.0
151,1692.8901897947549,-3772.2771072026208
152,1678.0,-3767.0
153,1519.204074736904,-3726.195140293618
154,1486.0,-3720.0
155,1357.429239524195,-3705.370850864292
156,1245.0,-3701.0
157,1227.693410459517,-3700.264310877068
158,1064.0,-3690.0
159,1056.020599463035,-3689.238955007835
160,957.2237980948547,-3678.14231611715
161,942.0,-3676.0
162,847.0,-3658.0
163,837.5930349944722,-3655.5571645159
164,730.1481625594549,-3620.2710341585475
165,660.0,-3590.0
166,536.3768141233428,-3516.806302420674
167,453.0,-3456.0
168,410.1743150370775,-3422.7771352489917
169,345.9436204274759,-3358.5978234310987
170,329.0,-3338.0
171,259.9283565807709,-3247.834149824091
172,225.0,-3198.0
173,201.28813858607157,-3160.6558513747173
174,151.72951417555433,-3039.196740194437
175,147.0,-3021.0
176,123.29167887286452,-2879.412398425126
177,123.0,-2836.0
178,128.07396000896418,-2775.682537097715
179,134.0,-2740.0
180,169.62259854235904,-2618.256710004547
181,176.0,-2601.0
182,215.55556075056643,-2502.3308150213375
183,233.0,-2460.0
184,252.0501300476573,-2413.309724050364
185,279.0,-2346.0
186,286.5560305786558,-2327.124530537571
187,337.77738451798257,-2199.0671566089436
188,339.0,-2196.0
189,374.1030025823312,-2107.4270039638964
190,384.0,-2082.0
191,418.0155705768146,-1991.5618234029457
192,427.0,-1965.0
193,458.5059804641274,-1849.6659029435555
194,468.0,-1786.0
195,471.0015020721284,-1727.1004454411018
196,471.0,-1724.0
197,441.0,-1540.0
198,437.97959930101734,-1530.8563710661954
199,384.0,-1408.0
200,321.0,-1308.0
201,314.6403433449204,-1299.657645661673
202,218.397291334032,-1192.8893906903008
203,207.0,-1182.0
204,166.0,-1147.0
205,149.46695998374227,-1134.5992934601566
206,56.0,-1074.0
207,-11.656866984643017,-1037.7088935335796
208,-136.69097476452845,-980.8200382924399
209,-167.0,-967.0
210,-278.0,-916.0
211,-322.8239926513173,-895.9009761709574
212,-415.0,-857.0
213,-492.0,-828.0
214,-517.4858327483068,-819.5230859124209
215,-714.3256307416727,-765.3651113094305
216,-745.0,-758.0
217,-861.3161950300823,-735.5249525393482
218,-897.0,-730.0
219,-1078.0,-706.0
220,-1132.221307150151,-701.9279838638631
221,-1248.3843573815955,-698.2464844806113
222,-1281.0,-698.0
223,-1389.6115964372118,-699.584773169583
224,-1427.0,-701.0
225,-1565.838165737161,-709.0857781441264
226,-1588.0,-711.0
227,-1858.33475770135,-768.2013587983631
228,-1876.0,-774.0
229,-1920.0,-789.0
230,-1974.2155262409758,-808.4750848891341
231,-2103.0,-860.0
232,-2213.0,-911.0
233,-2222.545597178643,-915.6995342264763
234,-2358.017065567019,-986.7885458273645
235,-2362.0,-989.0
236,-2463.1709658051604,-1048.2353918218828
237,-2480.0,-1059.0
238,-2658.0080406057396,-1189.2901319986784
239,-2699.0,-1224.0
240,-2750.997724672381,-1272.1054353595514
241,-2830.0,-1356.0
242,-2864.3698790762046,-1395.9014373555392
243,-2910.0,-1452.0
244,-3060.0,-1654.0
245,-3071.8312358662893,-1669.7644072496719
246,-3221.0,-1867.0
247,-3297.0146131450647,-1967.524432543232
248,-3372.2009941870438,-2066.945471750266
249,-3393.0,-2094.0
250,-3444.9191403721497,-2160.17447387061
251,-3529.6896536095855,-2263.244488173199
252,-3532.0,-2266.0
253,-3603.0,-2351.0
254,-3610.585369350817,-2360.369066922261
255,-3732.365857025155,-2510.2041093627868
256,-3762.0,-2539.0
257,-3848.3185218074373,-2610.5334929178625
258,-3986.0,-2704.0
259,-4025.629527897786,-2724.3729331322666
260,-4072.1531879854156,-2729.4934330834863
261,-4113.0,-2735.0
262,-4247.571047380717,-2757.319797500567
263,-4361.0,-2777.0
264,-4500.744867968575,-2800.7207767580485
265,-4619.0,-2820.0
266,-4625.519469700842,-2821.046312616357
267,-4718.539471982975,-2835.587767766054
268,-4741.0,-2839.0
269,-4893.264931667544,-2860.8611056712025
270,-4922.0,-2864.0
271,-4988.79318074494,-2869.0652370552634
272,-5046.0,-2871.0
273,-5134.679212711057,-2870.286690036289
274,-5165.0,-2869.0
275,-5237.0,-2862.0
276,-5268.808067157464,-2856.4440220973274
277,-5379.055466769903,-2830.873570602785
278,-5382.0,-2830.0
279,-5466.27818083762,-2793.49023930965
280,-5512.511533705932,-2745.3943389118563
281,-5523.0,-2733.0
282,-5566.1983298491905,-2674.275991881621
283,-5567.0,-2673.0
284,-5613.0,-2583.0
285,-5622.866505704701,-2554.914715817684
286,-5654.0,-2444.0
287,-5659.5617673136885,-2419.273328387587
288,-5665.0,-2376.0
289,-5671.339194507121,-2322.126621456862
290,-5683.0,-2219.0
291,-5684.758565517412,-2201.679455642022
292,-5688.0,-2171.0
293,-5696.973178486355,-2108.5057932029763
294,-5712.416287007223,-2026.8888476348397
295,-5713.0,-2024.0
296,-5745.296252301243,-1873.5355730822575
297,-5751.0,-1848.0
298,-5788.194080661293,-1686.7565049920217
299,-5799.0,-1637.0
300,-5826.0,-1510.0
301,-5831.55149511441,-1483.7550633552044
302,-5849.783745039273,-1397.204401554599
303,-5861.0,-1345.0
304,-5869.903735873426,-1304.0490998355235
305,-5896.0,-1185.0
306,-5903.606212527335,-1150.4778759752662
307,-5918.0,-1085.0
308,-5925.679971381419,-1049.6860876570968
309,-5951.0,-932.0
310,-5952.867746647418,-923.3066559250881
311,-5987.0,-762.0
312,-5994.693084773096,-724.745557098177
313,-6031.0,-548.0
314,-6045.829025862386,-476.2336830949332
315,-6059.732698255327,-407.74836004287357
316,-6064.0,-385.0
317,-6087.0,-261.0
318,-6098.851128923367,-198.7536986146487
319,-6118.0,-80.0
320,-6126.742625454134,-4.589918622896832
321,-6144.0,189.0
322,-6145.846292596734,257.45076124167457
323,-6137.0,317.0
324,-6129.865421230805,363.5708977996336
325,-6111.0,473.0
326,-6096.525690457092,534.9258883119921
327,-6067.0,626.0
328,-6055.227355566123,657.151792086876
329,-5970.940219336,859.5300723951502
330,-5969.0,864.0
331,-5927.99600217293,950.574389342698
332,-5914.0,978.0
333,-5833.571027958264,1147.0925304431755
334,-5828.0,1160.0
335,-5803.314546711292,1222.234568544009
336,-5784.723584665297,1280.8098412798586
337,-5778.0,1307.0
338,-5771.370041395369,1344.955566534572
339,-5769.0,1379.0
340,-5769.27850326121,1427.9186557396793
341,-5774.0,1450.0
342,-5825.284031891317,1556.8291672236057
343,-5826.0,1558.0
344,-5841.13047046276,1577.7143225223128
345,-5855.0,1586.0
346,-5869.8985596027305,1595.4243506204498
347,-5913.537472625053,1620.5303622535964
348,-5929.0,1626.0
349,-5952.295286572269,1630.8254075441703
350,-5977.0,1633.0
351,-6003.795410940915,1632.990569876266
352,-6023.0,1631.0
353,-6070.106121608148,1619.4882745486834
354,-6082.0,1615.0
355,-6100.0,1607.0
356,-6119.417146152452,1597.2820066209129
357,-6160.0,1568.0
358,-6163.319344821044,1564.9145068569894
359,-6211.4768533132765,1514.5205542856966
360,-6220.0,1505.0
361,-6236.891639166641,1484.668825121717
362,-6248.912405855925,1465.1140183142156
363,-6252.0,1460.0
364,-6277.0,1418.0
365,-6289.093423667031,1396.4827061972555
366,-6297.0,1382.0
367,-6314.846653176164,1349.0237086333666
368,-6491.0,1021.0
369,-6510.064113356353,986.762979524021
370,-6527.0,957.0
371,-6555.233717224248,909.8559148182351
372,-6605.0,831.0
373,-6632.0,788.0
374,-6648.718046184266,761.8974929323498
375,-6707.1357083924395,672.8617980674231
376,-6750.0,608.0
377,-6771.562499421225,575.330168718644
378,-6844.0,466.0
379,-6854.545675189864,450.2682649958447
380,-6917.0,359.0
381,-6994.198494852504,255.48223299937158
382,-7004.0,243.0
383,-7056.215044382103,178.80043242714095
384,-7075.0,157.0
385,-7141.483940795619,85.36758363691787
386,-7171.0,56.0
387,-7215.556949148693,14.162009276043708
388,-7286.0,-47.0
389,-7355.236171106365,-102.52316448175566
390,-7389.0,-128.0
391,-7510.0,-210.0
392,-7558.431705235591,-238.42455033234307
393,-7627.0,-275.0
394,-7681.118684995479,-299.4321717092627
395,-7740.0,-321.0
396,-7846.0,-352.0
397,-7919.331353928059,-368.5288600255511
398,-7984.0,-381.0
399,-8032.41317937722,-389.0274713960388
400,-8153.0,-403.0
401,-8201.899261397897,-407.6887366321469
402,-8380.0,-423.0
403,-8440.58756248765,-427.1317438246656
404,-8530.237841592647,-429.0024103274026
405,-8533.0,-429.0
406,-8700.597011294358,-424.6052849167963
407,-8723.0,-423.0
408,-8944.345141128346,-398.878397107627
409,-9017.0,-389.0
410,-9063.741518416562,-381.78534395455455
411,-9164.0,-360.0
412,-9254.466099061268,-338.15454265180017
413,-9384.0,-304.0
414,-9457.0,-282.0
415,-9497.449020695023,-269.4001751721604
416,-9618.0,-230.0
417,-9671.037426430637,-211.1974552901532
418,-9763.0,-177.0
419,-10066.0,-58.0
420,-10078.764366468797,-52.45036786326234
421,-10380.375969208819,94.10171726206976
422,-10418.0,114.0
423,-10572.758235695757,213.9224137661422
424,-10577.0,217.0
425,-10730.0,330.0
426,-10837.764273577677,416.791126271301
427,-10953.0,530.0
428,-11025.931590878847,607.3698969247966
429,-11040.0,623.0
430,-11122.0,720.0
431,-11148.350397933627,753.1510619586428
432,-11244.0,886.0
433,-11347.25523083071,1055.123099009952
434,-11360.0,1078.0
435,-11433.353405465288,1224.5329479064117
436,-11484.60535429314,1345.7236698564798
437,-11513.0,1413.0
438,-11526.286280882992,1444.2504981361192
439,-11588.767501629382,1589.4681457435486
440,-11620.0,1663.0
441,-11712.0,1881.0
442,-11723.672869042415,1908.6894649910496
443,-11776.0,2028.0
444,-11780.134482806276,2036.79453316826
445,-11835.788255024601,2152.431754406031
446,-11845.0,2171.0
447,-11926.0,2327.0
448,-11939.313951176682,2351.703502055202
449,-11994.0,2451.0
450,-12012.783073495466,2484.2306459481924
451,-12056.0,2547.0
452,-12091.157162282234,2585.0942527080765
453,-12254.0,2728.0
454,-12291.667518541293,2756.786919012571
455,-12369.0,2784.0
456,-12396.13426815178,2790.254573817002
457,-12622.433723948461,2833.6457644564125
458,-12626.0,2834.0
459,-12758.82680967075,2836.789399872304
460,-12869.0,2829.0
461,-12877.071931587137,2828.3062378412837
462,-12991.854174151807,2815.053904714068
463,-13061.0,2801.0
464,-13109.534814761608,2789.1197221493744
465,-13244.0,2751.0
466,-13278.08390123713,2739.717582019648
467,-13327.52589743175,2718.8406109744406
468,-13359.0,2703.0
469,-13433.0,2662.0
470,-13466.108250191912,2639.87008168369
471,-13556.366528244798,2559.418094888085
472,-13600.0,2506.0
473,-13655.0,2406.0
474,-13657.795465884916,2398.702389251977
475,-13697.430150176959,2258.9226384917456
476,-13700.0,2247.0
477,-13706.781168357358,2202.5141222235834
478,-13707.0,2165.0
479,-13705.931530423017,2135.711468325571
480,-13697.11860239198,2038.5549446477512
481,-13695.0,2026.0
482,-13668.984881121722,1926.1062974313854
483,-13665.0,1914.0
484,-13637.0,1839.0
485,-13626.113702403014,1813.819648395719
486,-13583.0,1728.0
487,-13546.513085691382,1667.1224056001531
488,-13533.0,1647.0
489,-13495.34493313987,1596.4910871232003
490,-13473.0,1569.0
491,-13398.0,1485.0
492,-13359.814592407982,1445.3072112417167
493,-13316.0,1402.0
494,-13229.0,1323.0
495,-13222.214648754676,1317.123574055462
496,-13147.527691075897,1254.5583546279572
497,-13117.0,1230.0
498,-13037.0,1168.0
499,-13028.769773527049,1161.7394938683049
500,-12905.098540662208,1068.9908629146323
501,-12843.0,1023.0
502,-12813.387796438688,1001.207965101142
503,-12702.980759164908,921.2153637901886
504,-12683.0,907.0
505,-12615.47451631458,859.5934988685716
506,-12580.0,835.0
507,-12392.852040885544,706.9485256930524
508,-12375.0,695.0
509,-12241.644007492452,608.5633309064566
510,-12148.0,550.0
511,-12105.032660578723,523.2177377608535
512,-12025.0,474.0
513,-11951.94766830753,429.9667431949936
514,-11874.0,384.0
515,-11699.575075413375,285.1296454762001
516,-11615.0,238.0
517,-11534.832321948317,193.6977186794324
518,-11470.0,159.0
519,-11332.614110309885,86.25949340760549
520,-11161.0,-4.0
521,-11137.286868672789,-16.36296831159645
522,-11063.819043877711,-53.020505800458714
523,-11037.0,-66.0
524,-10842.0,-160.0
525,-10830.978639937985,-165.11915609636532
526,-10728.0,-212.0
527,-10639.90678878266,-252.28771750993096
528,-10585.0,-276.0
529,-10432.507849617528,-338.04513399555094
530,-10250.0,-410.0
531,-10177.690567876116,-438.13476958187186
532,-10131.0,-455.0
533,-9966.0,-514.0
534,-9904.730250111303,-535.5815918847771
535,-9875.0,-546.0
536,-9723.0,-599.0
537,-9603.801409376883,-639.4617927476021
538,-9540.0,-661.0
539,-9485.249751545001,-679.5539494946031
540,-9325.0,-734.0
541,-9291.67376519416,-745.2864913387609
542,-9050.814005273589,-826.7089420125869
543,-9047.0,-828.0
544,-8893.0,-880.0
545,-8753.027812820528,-926.3983540770998
546,-8597.0,-978.0
547,-8501.802482500887,-1009.6393361482799
548,-8331.0,-1067.0
549,-8232.323549708068,-1100.163407107005
550,-8084.0,-1150.0
551,-7876.801273933424,-1219.476440364841
552,-7757.524201407396,-1259.4505515897097
553,-7744.0,-1264.0
554,-7621.7222866952225,-1305.3574993216237
555,-7522.0,-1339.0
556,-7496.105477874202,-1347.7065864594456
557,-7379.0,-1387.0
558,-7336.678156752044,-1401.1710802066582
559,-7188.0,-1451.0
560,-7086.707019835681,-1485.1566617813996
561,-6933.0,-1537.0
562,-6851.314876088083,-1564.2428520727465
563,-6731.253486949429,-1604.230412699648
564,-6726.0,-1606.0
565,-6439.0,-1703.0
566,-6425.7633756269,-1707.4646282813248
567,-6339.454247978629,-1736.2507105654506
568,-6295.0,-1751.0
569,-6260.517827478404,-1762.5143139427778
570,-6104.0,-1815.0
571,-6092.401775902823,-1818.9002782792084
572,-5929.0,-1874.0
573,-5901.744673352769,-1883.2026597930344
574,-5770.0,-1928.0
575,-5686.250014465685,-1957.3673136755851
576,-5595.0,-1986.0
577,-5431.217775036529,-2029.2324770524983
578,-5333.0,-2052.0
579,-5172.3148221295,-2068.2010787195813
580,-5050.323837581479,-2031.6651974642928
581,-5045.0,-2030.0
582,-4813.0,-1955.0
583,-4662.876201382659,-1898.8676642649789
584,-4580.0,-1864.0
585,-4427.833064115495,-1795.3095427623648
586,-4400.0,-1781.0
587,-4171.0,-1656.0
588,-4045.8260023251073,-1580.6051098325097
589,-3977.0,-1531.0
590,-3890.508289890274,-1470.869948825547
591,-3842.0,-1437.0
592,-3697.0,-1328.0
593,-3652.418484647442,-1290.5382167019827
594,-3485.0,-1144.0
595,-3473.8893796861767,-1134.0665014573956
596,-3328.497234941118,-997.3530649987767
597,-3303.0,-973.0
598,-3262.882517604872,-935.1621543799231
599,-3159.0,-837.0
600,-3004.0,-689.0
601,-2941.1413927712797,-628.4151147875818
602,-2793.3139366844307,-481.83854540945777
603,-2711.0,-397.0
604,-2695.4087994169104,-381.5415381221359
605,-2652.0,-339.0
606,-2548.401347500836,-235.04364269163662
607,-2383.0,-70.0
608,-2339.365719705072,-27.71555941037459
609,-2247.548568396068,54.858125592211785
610,-2230.0,70.0
611,-2205.8026206078257,90.83392496496174
612,-2179.0,109.0
613,-2140.3552201908424,132.0759836105591
614,-2038.0,188.0
615,-2025.2593610979084,194.2938042188405
616,-1958.5637127851526,217.20058887706796
617,-1941.0,221.0
618,-1896.5942406172028,229.7452957764765
619,-1881.0,232.0
620,-1831.3833347118107,234.9935742462515
621,-1812.0,235.0
622,-1732.0,220.0
623,-1726.5638103106733,217.4261668659447
624,-1658.0,178.0
625,-1626.3574491654097,154.96954532127234
626,-1613.6006026882696,139.49959901429446
627,-1607.0,133.0
628,-1566.0,97.0
629,-1550.0744928033967,84.28161143281801
630,-1532.0,71.0
631,-1498.3279142151562,50.41884344256102
632,-1474.0,41.0
633,-1448.0481244705752,34.19606427611168
634,-1384.4719530191276,23.781841003445017
635,-1370.0,22.0
636,-1337.7935022741597,20.05963703121289
637,-1306.0,26.0
638,-1293.8633854753086,28.469186100424313
639,-1273.0,33.0
640,-1234.576731426178,43.643540945747574
641,-1223.0,48.0
642,-1136.0,96.0
643,-1133.1189380033168,97.85841736508092
644,-1057.7109425185583,163.3417153806115
645,-1056.0,165.0
646,-993.7283936616171,225.53416042449018
647,-985.0,234.0
648,-943.4780932856297,273.6934073984007
649,-908.0,302.0
650,-877.3820471992638,326.0242658794267
651,-842.0,353.0
652,-816.0,371.0
653,-805.6902200369668,377.54572286418284
654,-722.0,423.0
655,-716.0047843543734,425.6548282369801
656,-632.6264961183492,454.88100683476097
657,-621.0,458.0
658,-546.0,474.0
659,-519.3402186945287,478.26531542750666
660,-437.0,487.0
661,-418.75968859589454,488.03340279546353
662,-353.0,490.0
663,-317.44799911516816,490.74719128308743
664,-246.0,488.0
665,16.44803872801626,451.59031164640777
666,20.0,451.0
667,124.58540689116134,423.99919691864244
668,145.0,417.0
669,215.50148997567914,393.6051312919662
670,271.0,375.0
671,364.0,341.0
672,416.76237569503303,318.89363061690125
673,490.0,285.0
674,554.4269013984401,251.41230883299517
675,613.0,218.0
676,689.4867897507535,171.03946116550713
677,735.0,142.0
678,789.5751416167385,105.6397258695963
679,804.0,95.0
680,1010.5059249884705,-78.77998898687898
681,1013.0,-81.0
682,1092.0,-158.0
683,1161.851316709784,-228.01326696373803
684,1249.0,-318.0
685,1301.9582336526933,-377.01860545327645
686,1351.0,-434.0
687,1491.098550755603,-599.57597530162
688,1505.0,-616.0
689,1599.7551759748399,-727.4805478970666
690,1685.0,-827.0
1,1839.0,-1007.0
2,1919.0,-1101.0
3,1974.1141586341275,-1165.567317566739
4,2030.0,-1231.0
5,2180.8825348752853,-1407.6918148041323
6,2194.0,-1423.0
7,2306.5926295524546,-1553.3624839075092
8,2308.0,-1555.0
9,2397.0,-1659.0
10,2438.4976935849527,-1707.7936901340624
11,2533.0,-1819.0
12,2601.860640305772,-1898.8661554483729
13,2676.0,-1985.0
14,2684.4365563582132,-1994.8995420969707
15,2783.0,-2111.0
16,2814.4213146476704,-2147.4422428836315
17,2891.0,-2236.0
18,2966.0,-2325.0
19,2985.817189807883,-2348.4454083609166
20,3138.37474988415,-2526.570580818378
21,3162.0,-2554.0
22,3261.0,-2669.0
23,3313.9580878364372,-2731.1087913173315
24,3360.0,-2785.0
25,3452.3470698923397,-2892.079341774327
26,3454.0,-2894.0
27,3526.0,-2978.0
28,3558.008330313471,-3015.358582793993
29,3671.223441298017,-3147.488015140742
30,3693.0,-3173.0
31,3788.559492961891,-3285.6011976503755
32,3849.0,-3357.0
33,3970.4194436487455,-3500.4142363491555
34,4031.0,-3572.0
35,4221.297788188524,-3797.1761782158687
36,4222.0,-3798.0
37,4315.726157144987,-3907.326986862478
38,4404.0,-4011.0
39,4417.781540696039,-4027.2496742001435
40,4585.0,-4225.0
41,4607.59777452233,-4251.784435828917
42,4689.726694458359,-4349.257619729409
43,4698.0,-4359.0
44,4858.0,-4546.0
45,4910.694884926759,-4607.334741768532
46,5065.0,-4787.0
47,5090.74229070639,-4817.117462059058
48,5148.496980608303,-4885.652497997485
49,5202.0,-4950.0
50,5278.53575533768,-5040.679314109869
51,5328.0,-5099.0
52,5372.752034326589,-5151.560537691816
53,5443.0,-5234.0
54,5558.0,-5370.0
55,5591.70418713465,-5410.204610852435
56,5749.0,-5602.0
57,5820.743155958139,-5692.967755954361
58,5856.0,-5740.0
59,5890.0,-5788.0
60,5930.272106283558,-5856.170512056502
61,6014.0925503946455,-6061.743646589068
62,6026.0,-6104.0
63,6050.60705403863,-6314.120932100474
64,6045.0,-6432.0
65,6042.697065383538,-6455.369879628483
66,6008.7151419428865,-6616.628544309046
67,5998.0,-6657.0
68,5987.3776904827755,-6696.979128496878
69,5956.0,-6810.0
70,5953.506157347606,-6818.118564708979
71,5913.666344766667,-6929.750001684437
72,5910.0,-6939.0
73,5872.0,-7017.0
74,5820.594806917223,-7084.601115083537
75,5763.0,-7152.0
76,5722.797221794529,-7194.435416516574
77,5683.0,-7212.0
78,5668.106218487814,-7218.776911095104
79,5505.224133189364,-7285.661607115801
80,5504.0,-7286.0
81,5408.951173430023,-7302.56508105755
82,5326.0,-7307.0
83,5260.1879735555885,-7306.86780877924
84,5201.433628807914,-7297.763570725299
85,5193.0,-7296.0
86,5091.873619112286,-7269.057839180159
87,5081.0,-7265.0
88,4976.0,-7213.0
89,4960.735560689099,-7203.749479052377
90,4910.0,-7168.0
91,4903.60688929933,-7162.873146425395
92,4843.0,-7106.0
93,4738.0136604533955,-6973.984609248997
94,4730.0,-6963.0
95,4691.079252035103,-6906.370280159552
96,4650.0,-6839.0
97,4630.963422356662,-6808.314621226191
98,4565.0,-6699.0
99,4506.554250553297,-6595.985178635
100,4460.0,-6513.0
101,4431.226236865221,-6461.883520920481
102,4397.269206387892,-6402.1964864871825
103,4387.0,-6384.0
104,4356.0,-6329.0
105,4350.580507535873,-6319.415968266612
106,4274.390011033109,-6187.211262166285
107,4247.0,-6143.0
108,4166.0,-6023.0
109,4159.411358323884,-6013.758421327371
110,4071.0,-5895.0
111,4002.0,-5812.0
112,3994.810696762465,-5803.92454042598
113,3919.0,-5723.0
114,3902.282688613989,-5706.111358948363
115,3428.108793678579,-5457.4631624596395
116,3425.0,-5457.0
117,3195.393799723184,-5434.20887522428
118,3081.0,-5426.0
119,3021.028314324351,-5421.6599779283215
120,2959.0,-5411.0
121,2914.3877955845505,-5400.33470104845
122,2847.0,-5381.0
123,2766.0918244243735,-5347.3743956678
124,2742.0,-5335.0
125,2596.7677969916667,-5235.2727776544025
126,2586.0,-5226.0
127,2521.098838360617,-5163.329913792766
128,2485.0,-5120.0
129,2406.8564030677517,-4992.91035212806
130,2393.0,-4964.0
131,2330.635179276822,-4782.914373299467
132,2298.250158532272,-4658.936251386279
133,2298.0,-4658.0
134,2269.294717261644,-4557.142498737084
135,2264.0,-4539.0
136,2245.14678785494,-4474.032393162457
137,2215.0,-4369.0
138,2201.5330140256883,-4321.327006602713
139,2176.0,-4245.0
140,2108.66362213378,-4107.186908644047
141,2108.0,-4106.0
142,2012.7981816754384,-3983.431419006337
143,1974.0,-3950.0
144,1927.8399349625042,-3912.456162792511
145,1851.0,-3854.0
146,1777.3503755064376,-3808.0673575745786
147,1713.118961221878,-3780.093304140215
148,1703.0,-3776.0
149,1602.0,-3742.0
150,1538.6428079395766,-3729.783352692545
151,1320.0,-3705.0
152,1264.0831616716414,-3700.4257199888475
153,1203.0,-3699.0
154,1195.4500745193145,-3698.767331101956
155,1046.5650961000224,-3688.335006239038
156,1044.0,-3688.0
157,796.0,-3644.0
158,784.4681131131234,-3641.3718208621362
159,679.0,-3599.0
160,665.3997898354646,-3592.404682732524
161,585.0,-3550.0
162,432.0129897805992,-3436.6706722115287
163,421.0,-3428.0
164,366.1231151848597,-3383.3355073423454
165,314.0,-3320.0
166,263.2158246160446,-3252.0453449740885
167,221.0,-3192.0
168,170.896212474062,-3105.0954539358704
169,149.41590396513735,-3033.0024281982755
170,144.0,-3011.0
171,136.28907531166917,-2977.170408992695
172,123.00478724114842,-2867.948459599586
173,123.0,-2867.0
174,132.0,-2751.0
175,133.75951640631038,-2741.354484593222
176,150.0,-2676.0
177,210.0,-2514.0
178,217.3858395128645,-2496.414888796419
179,242.0,-2439.0
180,264.171809426515,-2385.1384618652523
181,334.81374857715406,-2208.7306089727836
182,347.0,-2178.0
183,407.9916187428929,-2019.8534706961584
184,418.0,-1993.0
185,450.0,-1888.0
186,471.0,-1709.0
187,471.9736123842171,-1695.1160885062434
188,470.56064476334865,-1628.0812491467132
189,452.3276509260398,-1578.9371230693343
190,452.0,-1578.0
191,409.0,-1458.0
192,389.47721449471607,-1414.4507439759104
193,356.0,-1358.0
194,282.0244324471364,-1266.990565437436
195,160.0,-1143.0
196,82.95609249500457,-1086.9921779488288
197,41.0,-1066.0
198,-41.41371124496758,-1025.3651664340725
199,-92.0,-1001.0
200,-190.0,-956.0
201,-261.94131265098144,-923.9118524226046
202,-408.0,-859.0
203,-510.49714725210225,-813.0745061164048
204,-612.0,-790.0
205,-847.2558826684183,-739.3864806684937
206,-868.0,-735.0
207,-933.4331453827424,-721.6478140230292
208,-975.0,-718.0
209,-1039.9390221484923,-710.9554054684938
210,-1123.0,-703.0
211,-1315.0,-698.0
212,-1384.9252840650915,-699.6695209400953
213,-1446.0,-702.0
214,-1502.3560749198455,-704.744429656739
215,-1562.0,-709.0
216,-1704.0,-728.0
217,-1728.2370039443858,-732.5215419423549
218,-1900.9805795356601,-781.8906172086758
219,-1904.0,-783.0
220,-2155.0,-884.0
221,-2197.6171424170216,-902.2110716461302
222,-2249.694493791262,-927.5651311007067
223,-2291.0,-951.0
224,-2309.338301043298,-961.2687362940978
225,-2498.4577039119667,-1070.5464035852413
226,-2513.0,-1080.0
227,-2612.0,-1151.0
228,-2647.0510926677234,-1179.0583810018413
229,-2672.0,-1200.0
230,-2804.0,-1327.0
231,-2823.658029033509,-1348.5890895284456
232,-2962.0205973103234,-1520.6944925874075
233,-2963.0,-1522.0
234,-3040.0411885133954,-1626.7018234735715
235,-3041.0,-1628.0
236,-3114.98535788532,-1726.5804197624827
237,-3179.0,-1811.0
238,-3262.855410115729,-1922.4796338296499
239,-3264.0,-1924.0
240,-3399.9671491483186,-2103.9045736204075
241,-3437.0,-2152.0
242,-3540.036752050184,-2276.37763723477
243,-3549.0,-2287.0
244,-3650.0,-2408.0
245,-3679.4645886743237,-2443.172196236327
246,-3757.3768207605785,-2534.157083874455
247,-3768.0,-2546.0
248,-3848.0,-2626.0
249,-3906.390867872444,-2666.341787199889
250,-3945.0,-2687.0
251,-4065.0,-2725.0
252,-4132.464546374365,-2738.4606623398718
253,-4295.0,-2765.0
254,-4405.0,-2785.0
255,-4454.630223149257,-2793.4483552401143
256,-4644.0,-2824.0
257,-4765.303493418773,-2844.082544702022
258,-4823.0,-2852.0
259,-4968.648261058388,-2867.2473017391835
260,-4993.0,-2869.0
261,-5036.0,-2871.0
262,-5222.6629416477235,-2863.9322636887696
263,-5260.0,-2860.0
264,-5351.585259402339,-2840.9318454163817
265,-5407.0,-2821.0
266,-5425.939598405238,-2814.0703743016215
267,-5471.861644157022,-2791.393129562839
268,-5514.0,-2744.0
269,-5547.920394401124,-2697.279599391033
270,-5582.0,-2647.0
271,-5617.532159176633,-2586.1945566292425
272,-5624.970808535951,-2551.728291398669
273,-5627.0,-2545.0
274,-5641.0,-2499.0
275,-5659.252846125469,-2405.2597620492256
276,-5675.0,-2282.0
277,-5681.476437839472,-2223.277769977143
278,-5692.407155456619,-2133.6362388563166
279,-5694.0,-2124.0
280,-5729.715085270226,-1949.7420640128164
281,-5740.0,-1903.0
282,-5761.0,-1808.0
283,-5777.225596421695,-1734.269216696272
284,-5785.0,-1699.0
285,-5822.0,-1530.0
286,-5826.489700044585,-1508.559069974515
287,-5844.0,-1424.0
288,-5865.707601537491,-1322.8136642361985
289,-5890.0,-1211.0
290,-5924.537125724437,-1050.9219807932495
291,-5946.0,-951.0
292,-5954.657601428583,-910.6469742356485
293,-6000.1678096982805,-697.8776500484536
294,-6016.0,-623.0
295,-6030.47108881962,-553.3571604029057
296,-6045.310026408856,-477.747389275268
297,-6059.0,-406.0
298,-6093.898541885034,-221.01741611972147
299,-6098.0,-199.0
300,-6115.481097058215,-98.56357163238422
301,-6120.0,-66.0
302,-6143.5224916820325,151.10289469432124
303,-6144.0,168.0
304,-6139.0,297.0
305,-6129.227214456473,378.7781955839785
306,-6118.0,440.0
307,-6068.580359185528,621.2738517498548
308,-6068.0,623.0
309,-6053.0,664.0
310,-5992.0,810.0
311,-5972.274846696348,853.6025552680983
312,-5952.0,897.0
313,-5901.0,1003.0
314,-5881.096816649606,1044.5661278876842
315,-5844.705349044788,1122.7232331776331
316,-5841.0,1131.0
317,-5819.287419487582,1181.3034211519118
318,-5819.0,1182.0
319,-5790.0,1264.0
320,-5786.043653783466,1279.1706068915546
321,-5772.062778851754,1343.6746442343226
322,-5772.0,1344.0
323,-5769.0,1407.0
324,-5771.26406386482,1418.2546428549686
325,-5801.137851970882,1517.921364680899
326,-5805.0,1528.0
327,-5818.047930895692,1549.5415803142084
328,-5827.0,1558.0
329,-5878.0,1602.0
330,-5887.562224832619,1607.1806669895934
331,-5943.02935981523,1628.5197062809707
332,-5948.0,1630.0
333,-5971.535682146932,1634.9707406304349
334,-5990.168642786544,1633.8447921955492
335,-6000.0,1633.0
336,-6036.0,1629.0
337,-6043.759094209077,1627.4686153895314
338,-6076.0,1618.0
339,-6090.666034943601,1612.2645675252713
340,-6130.0,1591.0
341,-6137.8958426739255,1585.5263490775264
342,-6173.826031182762,1556.5914997194925
343,-6183.0,1548.0
344,-6213.5185327350755,1514.5157259665034
345,-6244.737381018602,1472.3810474480952
346,-6245.0,1472.0
347,-6270.452288200632,1430.6988211310659
348,-6283.0,1408.0
349,-6310.534750217745,1356.882373836725
350,-6311.0,1356.0
351,-6334.286625023715,1310.8176513252042
352,-6350.0,1280.0
353,-6380.0,1222.0
354,-6393.592867480291,1196.483409067801
355,-6409.0,1168.0
356,-6471.0,1056.0
357,-6488.690078821059,1024.9953367986964
358,-6564.0,896.0
359,-6605.947931394919,829.6118417002256
360,-6634.0,787.0
361,-6642.072170404972,774.3996293353318
362,-6708.0,671.0
363,-6774.940922324761,568.4721782135663
364,-6793.0,541.0
365,-6837.6179545431405,474.31430755822936
366,-6864.0,436.0
367,-6874.985347891694,420.00723913154064
368,-6918.0,358.0
369,-6975.29015246955,279.86651001664825
370,-7069.0,165.0
371,-7094.0,137.0
372,-7101.960712654083,128.23104986518533
373,-7220.0,11.0
374,-7257.765883329803,-21.143632402349354
375,-7375.512784024304,-115.65365567527459
376,-7412.0,-145.0
377,-7478.999351856362,-200.97324936893614
378,-7527.778095311476,-230.90383932877617
379,-7606.0,-264.0
380,-7822.0,-346.0
381,-7858.47294457902,-359.50463664958124
382,-7890.0,-363.0
383,-8124.359854548262,-397.37607428167735
384,-8185.0,-406.0
385,-8314.443564809002,-418.69294190209285
386,-8356.0,-421.0
387,-8475.336919796557,-427.9494811480876
388,-8510.0,-429.0
389,-8656.0,-427.0
390,-8753.121701144028,-421.07586072512913
391,-8862.0,-410.0
392,-9003.076095574892,-390.8179421585654
393,-9070.0,-379.0
394,-9137.42160894173,-365.47761414963145
395,-9232.0,-344.0
396,-9363.457124817494,-308.99608879592324
397,-9513.139456220439,-263.17044793470035
398,-9601.0,-235.0
399,-9622.11436394705,-228.023342216568
400,-9747.0,-183.0
401,-9798.405447229878,-163.91220908676053
402,-9907.0,-123.0
403,-9976.964370383812,-95.59040079272015
404,-10082.0,-52.0
405,-10161.388173491203,-16.961127330494516
406,-10296.0,46.0
407,-10347.478996647358,71.98196788227085
408,-10509.57081204529,170.9704642502557
409,-10527.0,183.0
410,-10714.051196216398,318.0598070599382
411,-10730.0,330.0
412,-10809.932714685501,393.502430508213
413,-10852.0,432.0
414,-10927.084691588347,504.5860206044096
415,-10999.0,578.0
416,-11074.0,662.0
417,-11160.326974501579,773.4022098280254
418,-11282.0,946.0
419,-11298.698556130386,971.1109868698103
420,-11374.780355564482,1105.8012814963743
421,-11392.0,1142.0
422,-11451.075693001583,1272.1252132405698
423,-11459.0,1290.0
424,-11524.0,1439.0
425,-11535.719994102827,1466.173406479942
426,-11575.0,1558.0
427,-11643.871795157615,1720.154838971044
428,-11651.0,1737.0
429,-11709.0,1874.0
430,-11786.631546654742,2051.2479444550245
431,-11801.0,2082.0
432,-11837.0,2156.0
433,-11878.34821669435,2237.372553281221
434,-11954.542136226823,2381.116349269499
435,-11988.0,2441.0
436,-12038.100125410227,2522.8723094535417
437,-12087.0,2586.0
438,-12150.0,2651.0
439,-12167.963794138634,2666.3746291048546
440,-12265.0,2735.0
441,-12338.22049874124,2774.6262709486164
442,-12464.431017577877,2813.701561875623
443,-12466.0,2814.0
444,-12602.817076993459,2831.9548203676563
445,-12634.0,2835.0
446,-12804.0,2834.0
447,-12882.643359856353,2826.223354181023
448,-13020.0,2810.0
449,-13054.032870822628,2804.943712038851
450,-13191.567156653204,2770.782707958159
451,-13250.0,2749.0
452,-13275.972903026322,2739.3071251058823
453,-13325.13505636515,2720.7888801609874
454,-13390.0,2688.0
455,-13413.71415808599,2673.793714294932
456,-13484.0,2627.0
457,-13541.245915869695,2578.2380065769125
458,-13550.0,2568.0
459,-13612.880191029597,2477.357026098881
460,-13651.0,2416.0
461,-13664.361636732501,2393.7070064488516
462,-13679.0,2345.0
463,-13681.67005506256,2329.3499819048297
464,-13701.782218425338,2205.041651951064
465,-13708.0,2148.0
466,-13707.87951939342,2096.6014724489683
467,-13698.0,2043.0
468,-13690.859961223465,2007.8449435192142
469,-13679.0,1957.0
470,-13631.0,1824.0
471,-13618.315595883088,1796.9667026823302
472,-13609.0,1778.0
473,-13547.0,1669.0
474,-13498.151634446594,1603.533231373845
475,-13387.0,1474.0
476,-13378.561612959,1464.8601601990997
477,-13255.753775511996,1345.7862573710615
478,-13226.0,1320.0
479,-13153.4356776524,1259.9840213322648
480,-13042.204578112387,1173.0059312273377
481,-12993.0,1135.0
482,-12981.207775216444,1125.9312670384516
483,-12938.694663992765,1093.7657244790505
484,-12912.0,1074.0
485,-12855.823158609679,1032.582843704738
486,-12788.0,983.0
487,-12725.023846997032,937.6013313815721
488,-12702.0,921.0
489,-12616.0,859.0
490,-12596.203759877928,845.0590833652426
491,-12513.0,788.0
492,-12446.634869950012,743.0415088426478
493,-12352.572879592764,680.2422855211613
494,-12340.0,672.0
495,-12245.0,611.0
496,-12233.121064409177,603.5031495448773
497,-12001.77949992925,459.80961594243865
498,-11976.0,444.0
499,-11901.24367406119,399.2071287449084
500,-11875.0,384.0
501,-11683.859550780764,275.2167291754895
502,-11669.0,267.0
503,-11616.0,238.0
504,-11484.0,166.0
505,-11391.905560663921,116.4046057098006
506,-11310.0,73.0
507,-11161.0,-4.0
508,-11095.03795369507,-37.47917110646636
509,-10984.499543133788,-92.35127088384847
510,-10954.0,-107.0
511,-10870.387990561796,-146.34606540991706
512,-10869.0,-147.0
513,-10756.0,-200.0
514,-10603.731715018195,-266.84851301219953
515,-10409.0,-349.0
516,-10316.032379600838,-385.95436578558537
517,-10257.0,-408.0
518,-10204.425927608147,-427.6689294518655
519,-10093.0,-469.0
520,-10047.471191866896,-485.51862979721614
521,-9942.0,-523.0
522,-9900.83667135089,-537.4128845493847
523,-9780.462459319624,-578.9710789751634
524,-9760.0,-586.0
525,-9500.0,-675.0
526,-9483.964429490792,-680.4660178652684
527,-9362.761295230095,-721.469964026787
528,-9269.0,-753.0
529,-9132.009272715732,-799.3209765421258
530,-9130.0,-800.0
531,-8899.0,-878.0
532,-8864.31192786743,-889.7081655683227
533,-8756.779585409475,-925.9502585507722
534,-8681.0,-951.0
535,-8640.195493135541,-964.3825421275002
536,-8541.0,-997.0
537,-8404.0747820772,-1042.9021268230917
538,-8338.0,-1065.0
539,-8167.839551381035,-1121.3768914985844
540,-8166.0,-1122.0
541,-7993.337980751454,-1181.1681644412095
542,-7947.0,-1197.0
543,-7789.707393682138,-1250.0297434227764
544,-7633.57904596887,-1301.5597839694417
545,-7587.0,-1317.0
546,-7477.0,-1354.0
547,-7411.750578612393,-1376.0009136916062
548,-7225.0,-1439.0
549,-7210.996473182529,-1443.7371631558099
550,-7083.0,-1487.0
551,-7005.893772392277,-1512.8493584542086
552,-6799.0,-1582.0
553,-6781.354627655792,-1587.9160988573085
554,-6599.504145726109,-1649.1829092560276
555,-6499.0,-1683.0
556,-6488.70468605758,-1686.4452412161272
557,-6349.44317087159,-1732.5526305011622
558,-6309.0,-1746.0
559,-6129.400884072338,-1806.1875582067933
560,-6127.0,-1807.0
561,-5992.0,-1853.0
562,-5948.062020420872,-1867.9049008721418
563,-5787.951342973791,-1921.9276271695694
564,-5770.0,-1928.0
565,-5663.059689727616,-1963.8857952336896
566,-5644.0,-1970.0
567,-5378.4324755033285,-2044.522695697693
568,-5338.0,-2052.0
569,-5206.401793513211,-2061.6082396874785
570,-5077.64489877849,-2038.682120621112
571,-5002.0,-2019.0
572,-4955.002003346271,-2005.3227789761777
573,-4777.498664501509,-1942.8067129080587
574,-4755.0,-1934.0
575,-4510.0,-1834.0
576,-4402.7295013303265,-1786.2955808997294
577,-4332.0,-1747.0
578,-4320.9863488080655,-1740.8571146589475
579,-4158.0,-1648.0
580,-4086.4140026349723,-1603.8937771849953
581,-3975.357550185027,-1530.9184595614288
582,-3974.0,-1530.0
583,-3893.0,-1474.0
584,-3751.3517575656924,-1370.7818484707618
585,-3647.0,-1288.0
586,-3488.0886207029,-1147.299214103309
587,-3390.9116008621377,-1056.274298993961
588,-3380.0,-1046.0
589,-3285.0,-956.0
590,-3258.7740267348563,-931.3507122675841
591,-3107.0,-788.0
592,-3034.524945461856,-718.2001562209423
593,-2921.0,-608.0
594,-2850.829845602085,-538.916297264775
595,-2794.3041370899314,-480.7406667705251
596,-2761.0,-447.0
597,-2658.0,-344.0
598,-2551.0202630175777,-237.48059682733737
599,-2448.0,-135.0
600,-2437.823679032158,-124.87642494198005
601,-2366.1956751287357,-53.643828410068075
602,-2337.0,-25.0
603,-2319.047363895441,-7.626916964837536
604,-2248.0,55.0
605,-2226.7510473919215,71.4230108335965
606,-2226.0,72.0
607,-2161.0,121.0
608,-2155.339658186642,124.9899966560445
609,-2050.0,183.0
610,-2034.66546865943,189.02278387756382
611,-1940.0,221.0
612,-1934.6879061607187,222.6775880513817
613,-1900.4242511339228,231.32813670747143
614,-1881.0,232.0
615,-1838.7358335600684,231.29868355209365
616,-1759.0,227.0
617,-1728.262509044151,218.88119754544593
618,-1720.0,214.0
619,-1692.0526645026061,197.3120262116916
620,-1643.0,165.0
621,-1614.0,140.0
622,-1606.7832808826447,133.35783148694648
623,-1578.0,107.0
624,-1566.0357508713973,96.77787731891105
625,-1541.0,77.0
626,-1490.0639143569392,45.20075776608691
627,-1459.0,35.0
628,-1437.4357138791893,30.166297184808236
629,-1388.0,23.0
630,-1332.684971466588,22.10751524418072
631,-1276.2781261623961,31.37401569658506
632,-1261.0,35.0
633,-1238.9136843544006,41.33418096016635
634,-1195.352111014141,59.30644273623686
635,-1181.0,67.0
636,-1176.0,70.0
637,-1173.2888669865704,71.68410150557308
638,-1116.4775843503687,110.62988214106359
639,-1116.0,111.0
640,-1066.0,155.0
641,-1039.914152558163,179.947210871675
642,-977.0,241.0
643,-963.3210220925084,253.90120944696483
644,-919.3784544663315,292.93298116648833
645,-902.0,307.0
646,-854.8280541578556,343.25290663053084
647,-833.0,359.0
648,-762.7068498075193,402.62357471147465
649,-762.0,403.0
650,-683.0,439.0
651,-631.0713297376864,455.5910661219248
652,-602.0,463.0
653,-515.0,479.0
654,-435.1640550002225,486.6155679337799
655,-382.0,489.0
656,-307.7385928945629,489.72808000796795
657,-231.0,487.0
658,-156.17426465322768,479.9622616432672
659,-142.0,478.0
660,80.36250321953241,434.0828407567823
661,106.0,428.0
662,188.43034659918214,404.4688116084675
663,246.0,384.0
664,349.2087531927074,346.2330516092217
665,373.0,337.0
666,512.0,274.0
667,604.3900716813868,222.93389600631912
668,637.0,204.0
669,775.9235761151589,114.55244859057683
670,799.0,98.0
671,928.6914613452218,-3.26886352659876
672,972.0,-41.0
673,1011.7356906993266,-77.82154274594534
674,1082.0,-147.0
675,1150.584892147894,-216.3647441149926
676,1161.0,-227.0
677,1269.0,-340.0
678,1286.9034853170965,-359.88149115483
679,1361.0601754045815,-445.89156016726855
680,1362.0,-447.0
681,1456.712781564074,-559.9516280040817
682,1494.0,-604.0
683,1581.9588431479517,-705.7896884438732
1,1833.0,-1000.0
2,1891.426666227648,-1068.2765599380875
3,1934.0,-1118.0
4,2035.0635969834111,-1235.9095008061176
5,2036.0,-1237.0
6,2181.0,-1406.0
7,2337.0,-1589.0
8,2364.924486772653,-1621.7414938791605
9,2463.0,-1736.0
10,2470.1060823780454,-1744.275910416479
11,2601.0,-1897.0
12,2664.825621363874,-1971.6221698380791
13,2708.0,-2022.0
14,2792.835067031101,-2120.642733418176
15,2794.0,-2122.0
16,2998.9004913132812,-2361.825765588323
17,3011.0,-2376.0
18,3123.9048494218823,-2508.0719088236656
19,3153.0,-2542.0
20,3274.0,-2683.0
21,3316.2693148546527,-2732.4736226620753
22,3362.0,-2786.0
23,3429.352253013526,-2864.507349059636
24,3495.0,-2941.0
25,3533.6305733881,-2986.1005618871677
26,3718.0,-3202.0
27,3747.253725543815,-3236.392973299249
28,3898.9430779846934,-3415.579077270549
29,3901.0,-3418.0
30,4043.0,-3585.0
31,4080.6598268306643,-3629.377653523887
32,4170.1054289842905,-3735.334476303368
33,4234.0,-3811.0
34,4334.137392785552,-3928.8275641540895
35,4336.0,-3931.0
36,4416.0,-4024.0
37,4442.226607132529,-4054.6772403411524
38,4634.52392822282,-4281.84863403021
39,4666.0,-4319.0
40,4761.192626193141,-4430.844967915906
41,4855.217382990387,-4540.515413682832
42,4883.0,-4573.0
43,4941.447799311962,-4641.524045329126
44,5007.520895225372,-4719.25106924008
45,5078.0,-4802.0
46,5157.068814253328,-4894.692698601327
47,5193.0,-4937.0
48,5245.098596761222,-4998.746006321855
49,5285.0,-5046.0
50,5448.786633972835,-5238.998619100481
51,5515.0,-5317.0
52,5639.117778041305,-5465.91505757734
53,5640.0,-5467.0
54,5752.0,-5605.0
55,5773.436528306199,-5631.399040672376
56,5850.0,-5729.0
57,5881.072158373488,-5773.003055931097
58,5940.0,-5866.0
59,5953.758305616255,-5891.261770834148
60,5987.0,-5968.0
61,5996.517824469421,-5995.3189739356985
62,6032.0,-6126.0
63,6037.925372749746,-6156.53015301778
64,6052.478794592771,-6342.4458133326625
65,6049.0,-6404.0
66,6031.0,-6522.0
67,6025.138181944352,-6549.828576439845
68,5997.0,-6664.0
69,5977.8541891178675,-6738.71518019973
70,5966.0,-6780.0
71,5930.792732922861,-6886.904474601701
72,5895.0,-6977.0
73,5860.582274678951,-7042.900216412454
74,5793.591438902481,-7124.058048296759
75,5778.0,-7140.0
76,5755.81651543287,-7161.156992639507
77,5707.0,-7198.0
78,5701.103960824246,-7201.7775042579915
79,5627.394464483179,-7243.717304065596
80,5592.0,-7259.0
81,5436.084700947973,-7300.611002853025
82,5434.0,-7301.0
83,5306.667965569256,-7307.966827462062
84,5286.0,-7307.0
85,5178.0,-7293.0
86,5082.0,-7266.0
87,5070.988035856855,-7262.770855522895
88,5019.189542916119,-7246.935542816671
89,4982.0,-7218.0
90,4923.860779303458,-7169.3304820882895
91,4812.0,-7072.0
92,4788.503279484113,-7047.659160669803
93,4773.0,-7023.0
94,4722.784328840933,-6951.997567725055
95,4693.0,-6908.0
96,4628.0,-6805.0
97,4609.0539167874185,-6774.0386033889445
98,4551.820782303529,-6677.552133377038
99,4540.0,-6657.0
100,4471.586176349881,-6535.0486241421295
101,4471.0,-6534.0
102,4424.0,-6450.0
103,4392.005329004316,-6392.530102601081
104,4370.0,-6354.0
105,4259.031465507726,-6166.2896072178655
106,4248.0,-6148.0
107,4186.35971002783,-6047.576842716433
108,3962.0,-5768.0
109,3886.04095178136,-5695.090319617291
110,3815.0,-5632.0
111,3768.9303572402855,-5595.228956452009
112,3678.0,-5544.0
113,3460.0,-5465.0
114,3411.695665589142,-5450.338952071871
115,3312.434660141142,-5437.378526876105
116,3220.0,-5435.0
117,3019.81481753442,-5421.139012520405
118,3010.0,-5420.0
119,2750.0,-5341.0
120,2594.0,-5235.0
121,2523.0,-5167.0
122,2463.0,-5093.0
123,2347.0,-4837.0
124,2306.0,-4691.0
125,2255.0,-4512.0
126,2245.0,-4476.0
127,2150.0,-4182.0
128,2081.0,-4068.0
129,1982.0,-3958.0
130,1945.0,-3925.0
131,1721.0,-3784.0
132,1631.0,-3751.0
133,1413.0,-3712.0
134,1225.0,-3701.0
135,975.0,-3681.0
136,793.0,-3644.0
137,747.0,-3629.0
138,665.8637534754341,-3594.745265549405
139,534.0,-3519.0
140,516.664253403394,-3507.0212285469242
141,444.0,-3450.0
142,379.0,-3391.0
143,344.90741213677484,-3353.8424534877195
144,267.0,-3263.0
145,231.69023875462233,-3219.6981178911124
146,192.01935838207748,-3151.0234892842313
147,176.0,-3106.0
148,152.4434226605775,-3041.812665283958
149,149.0,-3031.0
150,125.0,-2913.0
151,122.0,-2841.0
152,123.45437197944587,-2819.296967398705
153,153.0,-2661.0
154,158.7587994147296,-2639.95269846964
155,185.9728776556048,-2562.8892896877223
156,224.9560505283366,-2476.294698364064
157,234.0,-2455.0
158,268.6657242085342,-2370.2240848253664
159,274.0,-2357.0
160,313.82636669251673,-2257.6991909998796
161,332.0,-2212.0
162,390.2085814212949,-2064.995548279175
163,391.0,-2063.0
164,430.0,-1957.0
165,440.25712219356,-1919.35203784511
166,468.0,-1778.0
167,470.19479222643224,-1742.1668292408835
168,470.0,-1691.0
169,461.7651741159402,-1603.4910382121047
170,424.0,-1494.0
171,319.9209479032862,-1309.9898545352785
172,307.0,-1291.0
173,232.93961388831576,-1199.9611003260754
174,153.95607842361548,-1137.2805630954845
175,97.0,-1099.0
176,90.74489785646215,-1095.0280962056006
177,2.0,-1047.0
178,-27.908578186807198,-1032.6080845766191
179,-170.0,-966.0
180,-201.51021711471142,-951.2325058254694
181,-256.0,-926.0
182,-414.8959514061921,-857.6255719444628
183,-429.0,-852.0
184,-506.0,-823.0
185,-569.3065874859409,-802.4213510851137
186,-624.0,-787.0
187,-856.0,-738.0
188,-884.5792639164306,-732.9116604205965
189,-1007.0,-714.0
190,-1072.7678548219037,-706.6866805374434
191,-1091.0,-705.0
192,-1277.6007235318853,-698.0140079327964
193,-1292.0,-698.0
194,-1379.421220943252,-699.1307388505536
195,-1407.0,-700.0
196,-1578.860657948083,-710.727657012029
197,-1624.0,-716.0
198,-1722.102636590082,-732.3386199316388
199,-1752.0,-739.0
200,-1795.0,-750.0
201,-1836.6075238396,-761.8803820864908
202,-2009.0,-822.0
203,-2035.593775989917,-832.475335282667
204,-2175.0,-893.0
205,-2228.3995297317338,-919.1174924947818
206,-2283.0,-947.0
207,-2356.5666875524234,-985.8633179990533
208,-2402.0,-1013.0
209,-2643.3842136614494,-1181.5847837030092
210,-2687.0,-1214.0
211,-2748.3338546520445,-1266.9216697545057
212,-2775.0,-1298.0
213,-2962.4839591638856,-1522.0899585157063
214,-2964.0,-1524.0
215,-3067.0,-1664.0
216,-3096.1628086185847,-1703.6769940290515
217,-3189.0,-1827.0
218,-3199.9963724206145,-1841.495961406866
219,-3370.0,-2065.0
220,-3414.1505207969535,-2123.6099903081385
221,-3447.0,-2165.0
222,-3460.7713452075113,-2181.7834997358946
223,-3566.4244845634494,-2309.107621846306
224,-3568.0,-2311.0
225,-3716.0,-2487.0
226,-3724.828563331195,-2497.263924065613
227,-3812.0,-2594.0
228,-3871.4821693877957,-2646.961270769858
229,-3956.0,-2694.0
230,-4072.3270414200247,-2727.08939474997
231,-4227.0,-2755.0
232,-4237.648290660543,-2756.8971391412447
233,-4323.467031621565,-2771.988586796903
234,-4365.0,-2779.0
235,-4477.810503538137,-2797.6877545095426
236,-4541.0,-2808.0
237,-4627.821188815671,-2821.953286055845
238,-4765.402031264886,-2843.692119304029
239,-4780.0,-2846.0
240,-4845.0,-2856.0
241,-4893.913676545514,-2862.157166181096
242,-5032.0,-2872.0
243,-5071.317791979265,-2872.905065822779
244,-5132.0,-2871.0
245,-5253.834425153158,-2860.7579421499368
246,-5271.0,-2859.0
247,-5366.80384330747,-2841.947794790581
248,-5402.0,-2824.0
249,-5462.0,-2791.0
250,-5479.8219855152,-2777.956073757113
251,-5522.47240219965,-2735.676740237547
252,-5528.0,-2729.0
253,-5579.0,-2653.0
254,-5606.496639977596,-2598.5154087789456
255,-5621.0,-2564.0
256,-5639.0,-2512.0
257,-5654.5216086860755,-2446.0439811331953
258,-5658.0,-2426.0
259,-5673.0,-2315.0
260,-5677.155668788079,-2278.6099161166158
261,-5689.387068700926,-2160.05272485041
262,-5692.0,-2142.0
263,-5707.0,-2056.0
264,-5708.824089473442,-2047.0255338061952
265,-5726.0,-1969.0
266,-5727.821918324308,-1960.936642863904
267,-5748.684633042376,-1868.4497080842673
268,-5749.0,-1867.0
269,-5766.266228484612,-1785.7017177083976
270,-5769.0,-1773.0
271,-5786.5899540572545,-1693.438517564787
272,-5808.0,-1597.0
273,-5812.505294662435,-1576.0582033515786
274,-5837.0,-1459.0
275,-5850.150943492042,-1397.305282925231
276,-5859.0,-1357.0
277,-5873.631822108492,-1291.8992373050555
278,-5886.0,-1236.0
279,-5899.153876929804,-1175.0102399049285
280,-5942.0,-972.0
281,-5950.80676115918,-930.7234354493885
282,-5970.0,-843.0
283,-5977.0037739824875,-811.0719364196436
284,-6006.5702483063,-674.0627157074067
285,-6007.0,-672.0
286,-6038.988233524804,-512.8598946934278
287,-6042.0,-498.0
288,-6072.5796408524475,-349.0232970895301
289,-6078.0,-321.0
290,-6101.86613717317,-183.83058677556104
291,-6102.0,-183.0
292,-6125.690413222543,-29.725327843097304
293,-6136.0,41.0
294,-6147.990373970705,179.85893960120663
295,-6144.0,237.0
296,-6131.933462737398,351.9701632974146
297,-6120.0,435.0
298,-6106.43371624161,505.12109539292237
299,-6033.61182342311,717.4370203243388
300,-6019.0,752.0
301,-5977.698901689786,843.6771289676356
302,-5933.0,938.0
303,-5908.890344159861,989.4769195002895
304,-5900.0,1008.0
305,-5864.790117893424,1078.7490658236961
306,-5856.0,1097.0
307,-5814.919304321948,1191.4958108456601
308,-5809.0,1206.0
309,-5794.328223824994,1242.7626775201998
310,-5774.425571452376,1315.7482141959963
311,-5772.0,1343.0
312,-5771.0,1434.0
313,-5771.598811538722,1448.008250289414
314,-5784.126953904161,1491.3809841537905
315,-5791.0,1503.0
316,-5802.968460997092,1524.7573625577666
317,-5813.0,1541.0
318,-5841.71868205043,1573.7899443733743
319,-5854.0,1584.0
320,-5886.75645443805,1606.6609507257056
321,-5901.0,1615.0
322,-5936.478490558613,1627.6530374980164
323,-5953.0,1630.0
324,-5963.299366137443,1631.1794218610685
325,-6004.359253304494,1633.033036999664
326,-6005.0,1633.0
327,-6039.1662637521495,1628.4590945184798
328,-6061.0,1623.0
329,-6094.698821137175,1610.018534998619
330,-6121.0,1596.0
331,-6132.068257420051,1589.299583187612
332,-6167.0,1564.0
333,-6177.210216502666,1554.581256584365
334,-6195.0,1536.0
335,-6218.251706526013,1508.8432038001056
336,-6222.0,1504.0
337,-6271.902583814757,1427.3150911356768
338,-6278.0,1417.0
339,-6304.6506227384225,1368.6745977830024
340,-6305.0,1368.0
341,-6339.443431752222,1299.7266180661718
342,-6354.0,1271.0
343,-6402.470337508879,1178.4131427469608
344,-6437.717118438923,1113.513460299258
345,-6438.0,1113.0
346,-6478.688432468482,1041.5449613851893
347,-6479.0,1041.0
348,-6517.894050352218,972.825628072906
349,-6537.0,940.0
350,-6556.233217265464,907.5296387901315
351,-6583.0,864.0
352,-6605.0,830.0
353,-6630.3430453213205,790.4917046694553
354,-6677.25538740453,717.1485777078085
355,-6678.0,716.0
356,-6800.0,530.0
357,-6811.806107626486,512.0769168500184
358,-6871.0,424.0
359,-6901.92098473853,379.44460568158485
360,-6947.0,316.0
361,-6960.975265974788,296.9564629470876
362,-7037.0,200.0
363,-7052.49636064584,181.94841575673405
364,-7457.3137740099355,-176.12078345158184
365,-7549.0,-235.0
366,-7616.43351670505,-271.5935906562185
367,-7644.0,-284.0
368,-7798.0,-341.0
369,-7942.080547179481,-376.12835558904186
370,-8103.307364894891,-397.7854117587088
371,-8105.0,-398.0
372,-8248.0,-414.0
373,-8327.465401821462,-420.50727379869903
374,-8434.0,-427.0
375,-8563.833745754959,-430.0688201828527
376,-8593.0,-430.0
377,-8732.944641414439,-423.9556546520735
378,-8754.0,-422.0
379,-9005.582532858694,-390.4741317127029
380,-9064.0,-382.0
381,-9157.70697612238,-364.10018543313504
382,-9211.0,-350.0
383,-9344.0,-316.0
384,-9356.312557106485,-312.7397484568105
385,-9476.0,-278.0
386,-9555.699695937066,-251.4424576756957
387,-9778.371149632898,-172.58603564707352
388,-9780.0,-172.0
389,-9914.680349994567,-121.07528113344252
390,-9925.0,-117.0
391,-10038.20489017054,-72.1444127516702
392,-10127.0,-34.0
393,-10337.0,66.0
394,-10354.70841940212,75.36153686996984
395,-10551.079547767067,197.74321638954558
396,-10655.0,272.0
397,-10695.960072873382,301.46274029133417
398,-10792.0,378.0
399,-10847.154967329578,427.41902411012165
400,-10908.0,484.0
401,-10981.557359001541,556.7011187571958
402,-11019.0,598.0
403,-11185.654865167358,803.668572133214
404,-11227.0,859.0
405,-11295.297202952486,959.1911115801884
406,-11343.607731317692,1045.1918782419375
407,-11360.0,1076.0
408,-11410.158044258264,1176.630553808866
409,-11450.0,1265.0
410,-11469.206493961332,1309.0155963334503
411,-11563.19118496396,1529.533391855511
412,-11577.0,1562.0
413,-11639.0,1709.0
414,-11674.187847326362,1797.4826535670245
415,-11767.0,2010.0
416,-11873.0,2225.0
417,-11880.735251946298,2240.719394827689
418,-11946.0,2365.0
419,-11982.610353082682,2422.246987569493
420,-12104.0,2605.0
421,-12157.893344906675,2664.2246534135065
422,-12193.0,2687.0
423,-12294.232034660477,2751.0068413078243
424,-12296.0,2752.0
425,-12528.0,2825.0
426,-12543.006991827615,2826.936822556141
427,-12579.0,2831.0
428,-12674.441623421248,2835.9242187544864
429,-12707.0,2836.0
430,-12836.820133476067,2831.7090725445796
431,-12854.0,2830.0
432,-13087.0,2796.0
433,-13108.977754188889,2792.541111898682
434,-13211.0,2762.0
435,-13237.806333987606,2750.994896135238
436,-13379.76544643715,2691.217051878537
437,-13396.0,2684.0
438,-13467.88876055593,2648.8480073221717
439,-13528.0,2590.0
440,-13532.962477043351,2584.391027352051
441,-13611.03418485593,2489.2630286907693
442,-13617.0,2480.0
443,-13636.0,2446.0
444,-13664.378824363252,2381.728910348978
445,-13675.0,2354.0
446,-13702.07448276969,2240.6778502442744
447,-13703.0,2226.0
448,-13703.0,2080.0
449,-13701.796354043589,2054.0596664229165
450,-13689.629140434197,1967.9939100349318
451,-13668.943179705888,1920.8487336108612
452,-13661.0,1902.0
453,-13621.293491836173,1805.8931772204778
454,-13597.0,1755.0
455,-13548.782035936874,1670.6112473395208
456,-13537.0,1653.0
457,-13488.0,1588.0
458,-13451.732034768567,1543.3165129313138
459,-13412.0,1499.0
460,-13295.452503189043,1382.9796912844713
461,-13285.0,1373.0
462,-13191.16680777882,1290.9573605763933
463,-13190.0,1290.0
464,-13116.0,1230.0
465,-13079.352708112821,1201.1731605029117
466,-12990.0,1133.0
467,-12922.254391466677,1082.251608467642
468,-12849.0,1028.0
469,-12840.773280246049,1021.9361893024054
470,-12745.0,952.0
471,-12713.648084279266,929.5537774647053
472,-12638.0,876.0
473,-12570.0,828.0
474,-12551.199145650093,814.8634984992747
475,-12392.069722481294,706.4148812733863
476,-12367.0,690.0
477,-12262.0,623.0
478,-12204.203378403978,586.1480121953045
479,-12155.0,555.0
480,-12059.836784290956,496.12135860780563
481,-12058.0,495.0
482,-11972.0,443.0
483,-11934.549354368728,420.57823582499276
484,-11808.448523968653,346.1267419457604
485,-11784.0,332.0
486,-11673.92785866128,270.2516577049038
487,-11604.0,232.0
488,-11464.051908560428,155.8874229646925
489,-11394.0,118.0
490,-11166.846696041264,-0.5681603066629677
491,-11166.0,-1.0
492,-11054.105096588857,-58.140187591302414
493,-10947.0,-110.0
494,-10930.13610486064,-117.99111502663784
495,-10724.0,-214.0
496,-10695.861833154073,-226.88266569857308
497,-10591.474263081793,-272.550193201966
498,-10581.0,-277.0
499,-10379.0,-360.0
500,-10311.565357345571,-386.02426425542996
501,-10113.0,-461.0
502,-10079.756192784549,-473.4235862607689
503,-10004.513254159312,-500.8777153008801
504,-9934.0,-525.0
505,-9833.91624783234,-559.5999352086227
506,-9769.0,-582.0
507,-9709.905398002325,-602.3031989964197
508,-9617.0,-634.0
509,-9466.0,-685.0
510,-9421.478964742,-699.9790902956101
511,-9207.0,-772.0
512,-9102.691647821563,-807.252331194533
513,-9054.0,-824.0
514,-9008.0,-840.0
515,-8938.819440064279,-863.5806011493715
516,-8714.736491231448,-938.1120316579247
517,-8670.0,-953.0
518,-8461.85472665116,-1022.7492905593449
519,-8345.0,-1062.0
520,-8320.475343921908,-1070.2097520863433
521,-8130.792282185865,-1133.37523709194
522,-8081.0,-1150.0
523,-8031.776249024666,-1166.4754062680206
524,-7879.0,-1218.0
525,-7865.491891071296,-1222.597831187845
526,-7644.900619673928,-1297.7235046896403
527,-7629.0,-1303.0
528,-7504.0,-1344.0
529,-7374.42189546301,-1387.532850263386
530,-7237.0,-1434.0
531,-7146.631077309952,-1464.5461150670928
532,-7080.0,-1487.0
533,-7053.993817288145,-1495.7645412557667
534,-6767.115058100657,-1592.2913003036906
535,-6765.0,-1593.0
536,-6603.485949000451,-1646.9420748420057
537,-6465.0,-1693.0
538,-6355.0943551337205,-1729.4607960542944
539,-6257.058896987839,-1762.2563954569232
540,-6243.0,-1767.0
541,-6072.912383860297,-1824.6084885556966
542,-6054.0,-1831.0
543,-5864.0,-1895.0
544,-5835.4560832945945,-1904.6111162827242
545,-5737.0,-1938.0
546,-5723.971877513107,-1942.486547741286
547,-5594.0,-1986.0
548,-5353.0179111062,-2048.4864493667483
549,-5334.0,-2052.0
550,-5238.603543551296,-2061.5686478132884
551,-5129.0,-2047.0
552,-5077.44320572281,-2036.6197765694496
553,-4898.0,-1986.0
554,-4739.368111056292,-1927.200798914309
555,-4614.0,-1878.0
556,-4538.331629947894,-1847.2931623999243
557,-4459.225229576283,-1808.7968272607613
558,-4435.0,-1797.0
559,-4361.0,-1761.0
560,-4348.008194074471,-1754.4395331216986
561,-4167.176930264922,-1653.6226233509694
562,-4109.0,-1618.0
563,-3959.0,-1519.0
564,-3947.4950906456247,-1511.099631612713
565,-3799.0,-1406.0
566,-3696.0,-1326.0
567,-3685.880789012048,-1317.7247516260318
568,-3583.0,-1231.0
569,-3561.0786305133315,-1212.1410931272546
570,-3084.4806005714127,-766.426387591894
571,-3082.0,-764.0
572,-2904.6809875007193,-589.7389965277407
573,-2817.0,-503.0
574,-2769.4202685816613,-455.3849620883392
575,-2715.0,-400.0
576,-2676.5697704279664,-361.49801965281426
577,-2619.0,-304.0
578,-2550.8790410627553,-235.9569873833998
579,-2531.0,-216.0
580,-2414.059694184205,-97.9379852801782
581,-2405.0,-89.0
582,-2348.084888931231,-33.984631035407155
583,-2316.0,-4.0
584,-2245.9212773559343,57.230456917104966
585,-2231.0,69.0
586,-2135.378592711232,135.0461876043083
587,-2069.4916410157675,174.72404318288577
588,-2069.0,175.0
589,-2018.5770105306983,196.26493383153937
590,-2010.0,199.0
591,-1979.4789799385937,208.78474678700732
592,-1931.0,223.0
593,-1909.6418009084884,227.90473922074347
594,-1875.0,233.0
595,-1807.5918216463087,235.01015376981283
596,-1807.0,235.0
597,-1743.585478732755,224.43089213326977
598,-1725.0,216.0
599,-1703.827124593727,205.19468761540264
600,-1670.0,186.0
601,-1640.4986161700824,165.01417158547287
602,-1618.3755704409937,144.2496487992345
603,-1615.0,141.0
604,-1581.0,110.0
605,-1557.8277126495655,92.93490685296027
606,-1473.0,40.0
607,-1449.1144748510374,29.24124151518018
608,-1418.0,26.0
609,-1414.32782321471,25.590074090450543
610,-1345.1473691830142,21.901997574765982
611,-1344.0,22.0
612,-1235.0,43.0
613,-1229.8441342795347,44.377428995791966
614,-1179.0,68.0
615,-1172.5317855450128,71.83601147455046
616,-1134.0,97.0
617,-1053.8104731174872,166.57132935997143
618,-1048.0,172.0
619,-1019.609176534917,201.0036620064181
620,-978.0,241.0
621,-931.0737624910772,282.3067106058508
622,-889.0,318.0
623,-826.2400818117435,366.3549697914204
624,-770.45158147035,399.70093046192784
625,-753.0,409.0
626,-725.8361796719646,422.58870274534974
627,-633.8336062045472,456.7832986567039
628,-633.0,457.0
629,-528.0,478.0
630,-518.9311843475977,479.38735623097784
631,-456.0,487.0
632,-293.0,491.0
633,-275.01176757384076,490.785282825524
634,-214.0,487.0
635,-152.8978024954163,478.715926936379
636,52.26763295546171,442.25670826212865
637,87.0,435.0
638,246.40399922664312,384.5628920852563
639,273.0,375.0
640,379.0,336.0
641,551.0,255.0
642,564.2547796397334,248.41824177659174
643,628.0461294299763,213.81264829572058
644,674.1212822305847,182.57599063636047
645,675.0,182.0
646,788.0,108.0
647,829.8616776372401,78.70987890356461
648,886.0,35.0
649,981.2907919248398,-50.32759777570175
650,1118.0,-182.0
651,1192.839701328362,-256.1738578571061
652,1227.0,-293.0
653,1292.29440256317,-365.42236462792357
654,1332.0,-411.0
655,1407.0,-501.0
656,1458.9048629955169,-562.348725644436
657,1568.0,-690.0
658,1702.4609415832078,-846.814374763763
1,1804.8809661838452,-967.5495123478049
2,1940.0546346407427,-1125.9077658949311
3,1941.0,-1127.0
4,2033.0,-1233.0
5,2044.8199923272034,-1246.7370203663788
6,2249.0,-1486.0
7,2339.3371761816597,-1591.9062966398576
8,2395.0,-1657.0
9,2417.644546977792,-1683.4771876148068
10,2490.0,-1768.0
11,2565.9167673779266,-1856.541063407285
12,2628.0,-1929.0
13,2721.0105050514603,-2038.1596178291534
14,2778.966787343754,-2105.8600502462946
15,2799.0,-2129.0
16,2832.0,-2167.0
17,3369.2660940509477,-2794.0867476650956
18,3508.0,-2957.0
19,3661.065666677793,-3136.7206340451944
20,3692.0,-3173.0
21,3759.419735365532,-3251.5980654765244
22,3831.0960397812514,-3335.842053539382
23,3849.0,-3357.0
24,4003.0760171428983,-3539.252023940387
25,4024.0,-3564.0
26,4142.795908372369,-3704.275425277686
27,4182.9459598285,-3751.3512008652388
28,4226.0,-3802.0
29,4282.829267715984,-3868.9061895184595
30,4395.0,-4001.0
31,4493.646031570745,-4117.047797115086
32,4542.0,-4174.0
33,4560.050352783632,-4195.285536293995
34,4675.374981811966,-4331.132541147726
35,4706.0,-4367.0
36,4837.0,-4520.0
37,4936.968056750068,-4637.797108043576
38,4962.0,-4667.0
39,5088.0,-4813.0
40,5115.627959439857,-4845.369938137943
41,5274.561442806371,-5033.474903525168
42,5339.0,-5110.0
43,5412.635295319966,-5197.414932356609
44,5469.0,-5264.0
45,5583.0,-5399.0
46,5604.095982140348,-5424.431359486334
47,5684.0,-5522.0
48,5794.0,-5659.0
49,5818.716424004264,-5693.8596727564145
50,5969.0,-5928.0
51,5989.802946117475,-5965.402445862683
52,6011.7523320205655,-6040.12464581731
53,6014.0,-6052.0
54,6052.0,-6318.0
55,6052.216955319509,-6333.089745858433
56,6038.0,-6481.0
57,6019.611834926877,-6570.31732535339
58,5989.0,-6694.0
59,5960.269612743702,-6804.960325315083
60,5932.0,-6886.0
61,5928.077895862496,-6896.086339742276
62,5919.0,-6919.0
63,5816.0,-7098.0
64,5806.151790463867,-7108.003836645888
65,5700.0,-7201.0
66,5691.371062967052,-7207.681743312965
67,5621.313885841168,-7245.871977731191
68,5621.0,-7246.0
69,5492.0,-7289.0
70,5481.4926419289095,-7291.126112587088
71,5353.0,-7307.0
72,5273.4022270615915,-7306.522480514063
73,5244.0,-7303.0
74,5174.106122888974,-7291.444766304771
75,5119.0,-7278.0
76,5068.426199318118,-7260.176062516872
77,5068.0,-7260.0
78,4946.322743665697,-7193.525426965039
79,4907.0,-7165.0
80,4841.0,-7104.0
81,4793.587546084796,-7049.206144966081
82,4787.0,-7041.0
83,4706.0,-6927.0
84,4697.0,-6914.0
85,4673.699492964598,-6879.625472867462
86,4624.647322366905,-6798.099845655909
87,4624.0,-6797.0
88,4523.316367173066,-6626.245633629626
89,4508.0,-6600.0
90,4475.330994899996,-6543.123243342331
91,4451.98144373671,-6499.955047064966
92,4415.0,-6433.0
93,4356.933362872274,-6330.081973394695
94,4336.0,-6293.0
95,4285.350088899561,-6202.526043719676
96,4210.0,-6088.0
97,4109.038485977665,-5944.4490078105
98,4108.0,-5943.0
99,4046.5185399552743,-5864.5440634378165
100,4029.0,-5845.0
101,3917.0,-5722.0
102,3888.637807665079,-5694.3615233683595
103,3811.0,-5629.0
104,3768.06425205237,-5598.1764649321385
105,3721.0,-5568.0
106,3552.0466691926777,-5489.604612274096
107,3538.0,-5485.0
108,3444.7521945216927,-5461.146826677238
109,3444.0,-5461.0
110,3312.0,-5442.0
111,3282.4113369965776,-5439.026405309232
112,3170.4244439685126,-5432.105800298792
113,3144.0,-5431.0
114,2937.4767570459476,-5407.898520583994
115,2919.0,-5402.0
116,2738.2771223755512,-5328.270823452933
117,2705.0,-5313.0
118,2626.873574196167,-5269.214773802212
119,2589.0,-5229.0
120,2530.678970434654,-5172.103729519826
121,2495.0,-5133.0
122,2436.3143531456426,-5050.534194219655
123,2436.0,-5050.0
124,2413.0,-5007.0
125,2384.805340791437,-4944.240801657564
126,2334.0,-4788.0
127,2293.2519104936814,-4643.103275838506
128,2289.0,-4628.0
129,2265.753120087493,-4547.376129634522
130,2236.0,-4443.0
131,2219.1988736744142,-4379.863563113389
132,2209.0,-4348.0
133,2104.0,-4099.0
134,2085.8762223825684,-4064.090057102324
135,2034.9613260680308,-4009.254031473225
136,2022.0,-3998.0
137,1910.3176292630505,-3897.4727715341014
138,1857.0,-3857.0
139,1782.5855067970551,-3813.2990247028465
140,1782.0,-3813.0
141,1683.1365368597048,-3768.4472952400392
142,1682.0,-3768.0
143,1601.0,-3742.0
144,1507.9061244950085,-3722.9296346022315
145,1482.0,-3719.0
146,1334.1547495996786,-3705.7615471948416
147,1321.0,-3705.0
148,1240.766777719739,-3701.2639687266005
149,1184.0,-3698.0
150,1040.8863453323424,-3686.8263757742325
151,932.0,-3675.0
152,904.6865636855564,-3671.1172658009946
153,794.8857405383702,-3646.1710423815903
154,742.0,-3626.0
155,588.2351505917927,-3547.306059186492
156,520.0,-3507.0
157,453.09633142994215,-3458.380612318993
158,418.0,-3426.0
159,371.1334821142027,-3381.406630994632
160,347.0,-3357.0
161,312.619111968627,-3318.867025106941
162,293.0,-3295.0
163,263.76021741784166,-3256.2730464198853
164,211.34644375778157,-3174.1107024510547
165,202.0,-3157.0
166,170.22560286552056,-3088.7248195840957
167,163.0,-3069.0
168,128.0,-2928.0
169,122.82080418469764,-2883.282678701362
170,125.0,-2809.0
171,135.10078681952575,-2742.264320035829
172,159.0,-2648.0
173,169.38394472735519,-2617.3831653034276
174,202.0,-2535.0
175,244.08168002561183,-2434.1154286872716
176,249.0,-2422.0
177,283.8539733038729,-2334.038508342995
178,289.0,-2321.0
179,343.0,-2186.0
180,347.25170868965347,-2175.601821758012
181,352.0,-2164.0
182,395.8296135387884,-2055.8172338847453
183,432.08810380279266,-1950.8810395035373
184,436.0,-1937.0
185,461.36626597372793,-1817.6613963178888
186,469.0,-1674.0
187,445.5062520750371,-1543.6760589640205
188,399.0,-1436.0
189,327.2694956038011,-1324.8727059976236
190,229.2899434236667,-1202.3340826568801
191,229.0,-1202.0
192,183.85588114270783,-1159.0877644530676
193,161.0,-1144.0
194,-41.2264120389086,-1027.0325948858713
195,-77.0,-1008.0
196,-151.7923852601184,-972.9246800710982
197,-198.0,-953.0
198,-341.66029225528456,-890.5134888115297
199,-466.0,-837.0
200,-499.7173687395506,-822.9416045992263
201,-557.7037491472887,-802.7416554699435
202,-618.0,-788.0
203,-678.5487099232374,-773.4021385728191
204,-745.0,-758.0
205,-795.1961468211905,-747.5831101582378
206,-861.0,-736.0
207,-1041.9350924127405,-708.9932921945231
208,-1087.0,-705.0
209,-1179.0,-700.0
210,-1268.655725475917,-697.5420794586565
211,-1315.0,-698.0
212,-1494.4678463139749,-705.7484268411991
213,-1625.0,-715.0
214,-1723.2277823116433,-730.2400257241127
215,-1773.0,-744.0
216,-1887.0,-778.0
217,-1986.4750875142313,-812.6594394682062
218,-2056.0,-840.0
219,-2206.323673144692,-907.669461188974
220,-2207.0,-908.0
221,-2354.0,-985.0
222,-2418.364876896878,-1021.3462471057089
223,-2485.0,-1062.0
224,-2608.0,-1148.0
225,-2654.862677271325,-1185.6262493387583
226,-2719.0,-1242.0
227,-2737.856772506826,-1259.2199411164604
228,-2893.0,-1430.0
229,-2907.8020423550406,-1449.1317236900525
230,-3059.0,-1652.0
231,-3114.8206557386634,-1727.0074392578194
232,-3139.0,-1759.0
233,-3297.0,-1968.0
234,-3325.9312511229728,-2005.8874846247054
235,-3466.0,-2188.0
236,-3504.5195342730194,-2236.524673661378
237,-3542.651858739282,-2279.5900687665917
238,-3543.0,-2280.0
239,-3666.0,-2427.0
240,-3687.1360984581315,-2451.964692631648
241,-3768.0,-2547.0
242,-3784.9915261443175,-2567.346640515751
243,-3943.0,-2687.0
244,-3988.1703555903787,-2701.369824951402
245,-4148.0,-2741.0
246,-4319.960699743933,-2774.470748297851
247,-4404.0,-2785.0
248,-4531.705338733709,-2805.81581953285
249,-4600.0,-2817.0
250,-4674.599549890295,-2828.846213676161
251,-4720.0,-2836.0
252,-4858.768340802552,-2856.8455395701367
253,-4860.0,-2857.0
254,-4957.305606111144,-2867.08179566176
255,-4981.0,-2869.0
256,-5060.576023194535,-2872.9235103373003
257,-5099.0,-2872.0
258,-5272.0,-2858.0
259,-5317.046383750568,-2852.747410334284
260,-5374.405109629075,-2838.6476531045064
261,-5415.0,-2817.0
262,-5434.07869314183,-2806.830075623422
263,-5472.0,-2782.0
264,-5530.489952413268,-2721.097536511939
265,-5568.0,-2672.0
266,-5602.663831727092,-2613.5798626352525
267,-5627.169387630825,-2546.6368355347
268,-5631.0,-2535.0
269,-5649.351333422553,-2468.963242632209
270,-5654.0,-2445.0
271,-5665.940263404352,-2367.4526220276007
272,-5666.0,-2367.0
273,-5677.610002060324,-2266.178991294435
274,-5683.0,-2217.0
275,-5693.870051790932,-2127.5760802271993
276,-5700.0,-2091.0
277,-5717.520468101067,-2005.0797824768397
278,-5737.0,-1917.0
279,-5758.0652680529765,-1822.3410816134497
280,-5797.48416143106,-1645.175566556053
281,-5801.0,-1629.0
282,-5808.475463598581,-1592.9123088428796
283,-5835.0,-1469.0
284,-5846.0,-1419.0
285,-5873.925773512214,-1289.4430148084357
286,-5890.0,-1211.0
287,-5908.189730955048,-1126.6953223500736
288,-5919.0,-1077.0
289,-5956.0,-907.0
290,-5959.279078720455,-891.957427663484
291,-5989.0,-753.0
292,-6000.605165854555,-695.9856005500036
293,-6036.6978100829065,-517.4943156465763
294,-6037.0,-516.0
295,-6066.253400568971,-371.03167259011866
296,-6076.0,-321.0
297,-6091.516843145463,-239.36394806728424
298,-6108.0,-142.0
299,-6114.076662861506,-102.90817082217279
300,-6141.0,102.0
301,-6144.883725513507,157.10235487807185
302,-6139.635764165643,301.0660902274557
303,-6132.0,363.0
304,-6118.560265712856,443.34907773621853
305,-6083.883118409438,577.9974886342958
306,-6066.0,630.0
307,-6009.199082248162,770.6774376461285
308,-5951.0,901.0
309,-5917.533644275748,972.27419660125
310,-5879.0,1050.0
311,-5872.571551279734,1063.1389417927467
312,-5862.0,1085.0
313,-5826.0,1164.0
314,-5818.926432590567,1181.4710748718057
315,-5778.080810268702,1310.6750933572296
316,-5778.0,1311.0
317,-5767.670159480002,1364.1421641886466
318,-5769.0,1412.0
319,-5786.0,1492.0
320,-5787.628240658667,1496.8441112732573
321,-5821.0,1551.0
322,-5829.526963939292,1560.6576858003252
323,-5845.0,1577.0
324,-5859.808708764514,1591.462911897869
325,-5900.696331545076,1615.8936305804555
326,-5901.0,1616.0
327,-5970.723747524038,1632.9473799554808
328,-5971.0,1633.0
329,-6010.125552403356,1633.1981333777644
330,-6016.0,1632.0
331,-6052.0,1625.0
332,-6063.736043417426,1621.9486692778155
333,-6091.0,1612.0
334,-6103.204126166062,1605.9954915876228
335,-6132.0,1589.0
336,-6135.140164766295,1586.9288722515116
337,-6160.0,1568.0
338,-6180.913853752237,1549.2676588536126
339,-6202.0,1528.0
340,-6208.012908588281,1521.2372337183938
341,-6234.0,1487.0
342,-6243.530782735994,1473.0014887402483
343,-6262.0,1444.0
344,-6289.777875418598,1395.1022776745833
345,-6325.0,1328.0
346,-6337.882044322619,1301.909760791254
347,-6345.0,1288.0
348,-6369.642704530867,1241.547613639387
349,-6392.0,1200.0
350,-6419.693819428814,1149.0870566959616
351,-6442.0,1108.0
352,-6469.0,1058.0
353,-6472.347890468209,1051.8793519087942
354,-6510.0,986.0
355,-6689.0,700.0
356,-6699.989899520443,683.0332948984028
357,-6757.0,596.0
358,-6793.031681708843,541.6165859987101
359,-6812.0,513.0
360,-6856.105148885045,446.3989615059183
361,-6876.0,417.0
362,-6909.110151945432,369.41544741510165
363,-6944.0,321.0
364,-7025.316597172773,215.43937041420446
365,-7034.0,205.0
366,-7196.48651965994,31.4900680126112
367,-7197.0,31.0
368,-7392.895480428479,-131.60665041838388
369,-7418.0,-149.0
370,-7521.955958109504,-214.6989556004734
371,-7620.825286955753,-270.98252063732656
372,-7641.0,-282.0
373,-7698.9568654796985,-311.42838532335566
374,-7787.0,-337.0
375,-7876.149425349496,-356.43300067216626
376,-8043.903690789837,-388.82214566851087
377,-8062.0,-392.0
378,-8155.388825708251,-406.09674342252936
379,-8274.0,-415.0
380,-8307.884278897258,-417.8409256643329
381,-8402.0,-425.0
382,-8444.98793660234,-427.0273668499708
383,-8554.0,-429.0
384,-8698.101196792375,-424.63532105099586
385,-8765.0,-420.0
386,-9102.173873270947,-373.1630688740326
387,-9103.0,-373.0
388,-9232.139919818137,-344.2946844393806
389,-9399.215850045397,-299.3712711063387
390,-9411.0,-296.0
391,-9471.340142728326,-277.80993514824655
392,-9520.0,-262.0
393,-9642.16070115579,-220.98128131055725
394,-9688.0,-205.0
395,-9762.994972093573,-178.02940123486812
396,-9898.0,-127.0
397,-10065.0,-59.0
398,-10077.85203029287,-53.540085706583824
399,-10180.0,-9.0
400,-10304.66778792698,49.99102854967384
401,-10320.0,58.0
402,-10473.661114299035,148.41972100278758
403,-10529.0,184.0
404,-10579.384284474741,217.5245053656503
405,-10635.0,257.0
406,-10826.370982724531,408.48032073040054
407,-10827.0,409.0
408,-10959.0,535.0
409,-11062.003173892721,652.6556904860851
410,-11167.0,777.0
411,-11254.895688514229,895.8195352458522
412,-11293.0,961.0
413,-11362.007674439335,1083.0384780529166
414,-11393.0,1143.0
415,-11420.22129372002,1200.7679076329446
416,-11447.0,1261.0
417,-11521.0,1431.0
418,-11526.780926386997,1444.405158838009
419,-11575.0,1557.0
420,-11589.118724163225,1590.2215136813859
421,-11675.523993186345,1794.3796666808807
422,-11700.0,1852.0
423,-11747.988490338279,1964.2274737230869
424,-11818.0,2118.0
425,-11871.19725292236,2223.536586246755
426,-11940.622213758234,2353.0225682975183
427,-12002.0,2464.0
428,-12016.47764068742,2489.4093825823375
429,-12070.0,2566.0
430,-12118.653606401089,2619.0726707298872
431,-12179.0,2675.0
432,-12199.263269916282,2690.8707845584604
433,-12275.0,2740.0
434,-12307.133423760572,2757.1664130925337
435,-12413.0,2799.0
436,-12480.365606147534,2815.9375896941724
437,-12536.0,2826.0
438,-12629.0,2834.0
439,-12671.696264861432,2835.91847502599
440,-12811.0,2833.0
441,-12827.655720296607,2831.6977221000743
442,-13008.0,2812.0
443,-13113.943068838118,2793.160544771901
444,-13257.0,2746.0
445,-13423.012479353487,2667.421427199966
446,-13438.0,2659.0
447,-13482.97897295074,2630.5835831297727
448,-13532.0,2586.0
449,-13551.979246882245,2564.4720815194983
450,-13588.0,2522.0
451,-13648.0,2423.0
452,-13667.038413475932,2373.7654335954076
453,-13696.924155007891,2263.9378172924667
454,-13701.0,2244.0
455,-13709.894482603147,2177.2564400601273
456,-13704.0,2088.0
457,-13674.12981328712,1941.5169367643994
458,-13674.0,1941.0
459,-13629.0,1819.0
460,-13617.566487714994,1795.6494388586348
461,-13563.0,1695.0
462,-13515.0,1622.0
463,-13496.245201978134,1597.1094593001385
464,-13449.0,1541.0
465,-13442.285453608472,1533.4515248760677
466,-13362.0,1449.0
467,-13239.453919925156,1331.4177860493085
468,-13239.0,1331.0
469,-13111.166103398751,1225.024348703294
470,-13102.0,1218.0
471,-13031.183088213113,1164.1954570213338
472,-13019.0,1155.0
473,-12928.70221497236,1087.2027447778316
474,-12844.0,1024.0
475,-12791.330197795345,985.0571867279202
476,-12740.0,948.0
477,-12687.411766420137,910.479589658707
478,-12606.0,853.0
479,-12509.617682789594,786.6702266880365
480,-12500.0,780.0
481,-12438.0,737.0
482,-12401.399963750628,712.4127829919629
483,-12275.150462308568,630.4173183996467
484,-12144.0,547.0
485,-12092.424682546536,514.669227781063
486,-11991.0,453.0
487,-11970.129590667606,440.47308250820316
488,-11897.0,397.0
489,-11872.229819613007,382.5371841687244
490,-11713.636882410436,292.3562069501334
491,-11713.0,292.0
492,-11590.0,224.0
493,-11490.610540619486,169.74088919100623
494,-11419.0,131.0
495,-11274.110817227527,53.36104203733394
496,-11245.0,38.0
497,-11096.0,-37.0
498,-10968.5912333035,-98.86028723181042
499,-10833.0,-164.0
500,-10817.462663239476,-171.38952544140258
501,-10620.461242574245,-260.9561336041871
502,-10564.0,-285.0
503,-10527.134709394748,-300.5317071483223
504,-10433.0,-339.0
505,-10297.34250242357,-391.71040366995896
506,-10213.0,-424.0
507,-10123.969170496672,-457.57316927528086
508,-10050.0,-484.0
509,-9878.827517515781,-544.7095105702316
510,-9878.0,-545.0
511,-9684.216333567736,-611.543148041504
512,-9636.0,-628.0
513,-9546.556437731284,-658.6329505012909
514,-9440.0,-695.0
515,-9387.292355645943,-712.6953538417096
516,-9296.0,-743.0
517,-9239.546590247162,-762.0831531542859
518,-9073.381406969722,-818.8685947707369
519,-9029.0,-834.0
520,-8976.0,-852.0
521,-8843.27191557015,-896.6770979546375
522,-8717.048954490525,-938.6962887023393
523,-8701.0,-944.0
524,-8531.0,-1000.0
525,-8308.822026698115,-1074.7227427645555
526,-8308.0,-1075.0
527,-8175.9697968270575,-1119.5060557226616
528,-8076.0,-1153.0
529,-7926.325873508682,-1202.8801600775719
530,-7911.0,-1208.0
531,-7777.967042455119,-1252.6231746438782
532,-7756.0,-1260.0
533,-7526.420682629079,-1337.0791894580582
534,-7476.0,-1354.0
535,-7281.404127682596,-1419.2470100829216
536,-7211.0,-1443.0
537,-7064.558433957528,-1493.0743901702936
538,-6961.0,-1528.0
539,-6744.270468485768,-1600.199801876558
540,-6694.0,-1617.0
541,-6632.826157443415,-1637.611755144432
542,-6537.0,-1670.0
543,-6359.641489278945,-1729.130656785143
544,-6207.0,-1780.0
545,-6123.583914133506,-1808.0609606069975
546,-6041.0,-1836.0
547,-5988.529959267804,-1853.474558007856
548,-5859.0,-1897.0
549,-5749.0,-1935.0
550,-5729.484253781733,-1941.5326090715398
551,-5422.0,-2038.0
552,-5337.327103065305,-2060.0387060771372
553,-5127.0,-2047.0
554,-5112.457798717664,-2043.7175788271456
555,-4955.0,-2004.0
556,-4908.060474361942,-1989.1717249618357
557,-4816.0,-1956.0
558,-4750.538965140537,-1931.82942105967
559,-4667.0,-1900.0
560,-4538.0,-1846.0
561,-4510.445469627712,-1833.715498415878
562,-4286.0,-1721.0
563,-4156.405635510406,-1645.2354438249101
564,-4075.0,-1596.0
565,-4012.486668803514,-1557.2882189906009
566,-3854.587437878276,-1447.4340442533248
567,-3854.0,-1447.0
568,-3750.430641966238,-1369.3383877193337
569,-3737.0,-1359.0
570,-3629.0,-1272.0
571,-3605.937105879245,-1252.2917409990691
572,-3531.0,-1186.0
573,-3386.401007677442,-1051.6613289263432
574,-3338.0,-1006.0
575,-3231.0,-905.0
576,-3219.7771465988963,-894.3855002859124
577,-3136.0,-815.0
578,-3101.4187009055,-782.1721792639196
579,-3005.5936116503385,-690.5739569969254
580,-3005.0,-690.0
581,-2912.0,-599.0
582,-2828.1017600672985,-515.0984776030026
583,-2730.211893860755,-416.3119535111908
584,-2697.0,-383.0
585,-2585.4093852167166,-271.4001380363116
586,-2551.0,-237.0
587,-2465.9692524350585,-151.7452073511678
588,-2418.0,-104.0
589,-2358.0,-45.0
590,-2351.020339483022,-38.21657343482588
591,-2299.650644599743,9.664227881515757
592,-2282.0,25.0
593,-2216.0,80.0
594,-2202.00554091632,90.9248198359177
595,-2155.0,125.0
596,-2148.542080226942,129.35966701566713
597,-2038.8935344008962,187.64403571513233
598,-2038.0,188.0
599,-1953.0,218.0
600,-1946.2187087036425,220.12803826850197
601,-1878.0,232.0
602,-1865.1387425349706,233.03290765262972
603,-1825.0,235.0
604,-1775.0,230.0
605,-1765.7736322018493,228.21814588523375
606,-1752.0,225.0
607,-1687.2236384556031,196.47290237871528
608,-1682.0,193.0
609,-1614.0,139.0
610,-1587.2645425465596,112.57391725748343
611,-1564.0,95.0
612,-1540.111820412602,79.9102318414703
613,-1460.0,36.0
614,-1425.29779995692,24.454548270712273
615,-1398.0,23.0
616,-1342.0,22.0
617,-1327.924581368323,23.453015941955176
618,-1261.661567796555,36.03393614990816
619,-1232.0,44.0
620,-1208.0770684061008,52.129980997329454
621,-1149.0,86.0
622,-1145.7357812670577,88.25719734822277
623,-1112.6608698481198,112.8296556843173
624,-1076.0,145.0
625,-1067.9269140797567,152.69150117793873
626,-1044.0,176.0
627,-955.2672063208009,261.1614769877493
628,-949.0,267.0
629,-901.0918187606158,308.9417474734066
630,-878.0,327.0
631,-811.2032454630094,375.7095529718006
632,-773.0,398.0
633,-749.0,410.0
634,-734.1991532000371,417.2204696110989
635,-650.8326636854785,450.7220836948628
636,-638.0,454.0
637,-440.4693876649307,485.28964743213123
638,-408.0,489.0
639,-366.31780380301007,490.7368154222021
640,-344.0,490.0
641,-285.7459173670431,489.2902662245682
642,-234.0,487.0
643,-145.93868655991344,478.72735766434903
644,10.0,454.0
645,142.0,418.0
646,151.90440030715462,414.9356073497101
647,229.0,390.0
648,312.7901693884342,360.6322309395271
649,362.0,342.0
650,428.5312001002724,314.51259606585444
651,494.0,284.0
652,607.0,222.0
653,632.822178676571,206.46084061536496
654,747.4706556112701,133.91820626885246
655,773.0,117.0
656,863.4593651671337,51.73192977890858
657,922.0,3.0
658,983.0,-51.0
659,1018.2815364977979,-84.20006801375865
660,1159.4435096889042,-225.38933518638905
661,1229.0,-297.0
662,1246.7276594588136,-315.4977329952343
663,1327.9998274582956,-405.82790194757763
664,1362.0,-446.0
665,1404.5361652886775,-496.54498917406386
666,1499.0,-609.0
667,1516.9464190301203,-630.2671621795519
668,1605.893123873977,-734.2580667235434
669,1622.0,-753.0
670,1700.4264712219026,-844.33179516302
1,1922.8428829056952,-1106.0778015216858
2,2069.4244975733754,-1277.9125060867145
3,2150.0,-1372.0
4,2182.460694836157,-1409.7219959528336
5,2264.0,-1504.0
6,2313.129053687231,-1560.963941794511
7,2369.0,-1626.0
8,2441.012340630371,-1710.5061032346348
9,2479.0,-1755.0
10,2651.9589392597477,-1956.4669884366822
11,2697.0,-2009.0
12,2777.1266283963732,-2102.8689472559536
13,2843.9618172097507,-2181.7062370678004
14,2868.0,-2210.0
15,2947.1127852575946,-2302.742785529565
16,3014.0,-2381.0
17,3046.5360792374645,-2419.0776868838075
18,3207.7152426212892,-2607.650520117907
19,3232.0,-2636.0
20,3342.0,-2764.0
21,3395.239164507183,-2826.107814763141
22,3535.0,-2990.0
23,3707.0,-3192.0
24,3719.6100813113017,-3206.770165378394
25,3819.0,-3322.0
26,3871.281204972791,-3383.70659535933
27,4042.0,-3586.0
28,4103.963065113719,-3660.0237475844738
29,4137.0,-3699.0
30,4236.228912640191,-3814.936581554992
31,4238.0,-3817.0
32,4459.0,-4076.0
33,4470.52748298568,-4089.8829199742595
34,4498.0,-4123.0
35,4584.961722164325,-4225.524118067566
36,4617.0,-4263.0
37,4737.53522871996,-4404.830793319265
38,4753.0,-4423.0
39,4964.0,-4670.0
40,4986.179005532806,-4695.79343973687
41,5119.0,-4850.0
42,5148.074543141696,-4884.387933981049
43,5295.018863531468,-5058.838070059428
44,5312.0,-5079.0
45,5389.993609285345,-5171.505560575846
46,5482.0,-5280.0
47,5490.3394045574705,-5289.837451423985
48,5628.500430318223,-5453.853431253376
49,5641.0,-5469.0
50,5685.0,-5523.0
51,5761.1569095850855,-5619.309989318607
52,5794.0,-5660.0
53,5920.435183245631,-5831.89408905702
54,5932.0,-5856.0
55,6026.0,-6103.0
56,6040.056826937666,-6147.527186925396
57,6069.051738074373,-6298.719867281606
58,6053.198563780406,-6384.213387284944
59,6047.0,-6417.0
60,6015.9520227608,-6578.236904460775
61,5998.0,-6658.0
62,5965.042883504366,-6779.7632163560465
63,5958.0,-6803.0
64,5932.0,-6882.0
65,5914.104200558729,-6933.59497637207
66,5889.0,-6985.0
67,5793.009917182054,-7121.888407440695
68,5784.0,-7133.0
69,5697.196200647594,-7203.306671517377
70,5696.0,-7204.0
71,5619.0,-7246.0
72,5582.2229567505065,-7262.022969079178
73,5496.0,-7288.0
74,5431.065082111526,-7299.75608377681
75,5362.0,-7306.0
76,5354.3798021585635,-7306.324651398517
77,5269.0,-7305.0
78,5243.434926702224,-7302.81750086747
79,5181.0,-7293.0
80,5113.0,-7275.0
81,5095.710776140235,-7269.261992615662
82,4976.473925985988,-7212.952887196574
83,4959.0,-7202.0
84,4888.0,-7149.0
85,4852.993144224204,-7115.339386767309
86,4825.0,-7085.0
87,4773.946318528859,-7023.239919621673
88,4773.0,-7022.0
89,4730.0,-6962.0
90,4711.718665818059,-6934.856130581486
91,4651.490445420505,-6840.36377159667
92,4640.0,-6822.0
93,4589.295173307632,-6739.55044921649
94,4558.0,-6686.0
95,4495.982102062364,-6577.5582237674535
96,4465.0,-6523.0
97,4364.374067827103,-6342.679356707909
98,4364.0,-6342.0
99,4314.343784681494,-6252.647112227444
100,4262.0,-6169.0
101,4253.473409123218,-6155.929947473763
102,4147.0,-5998.0
103,4132.427048538562,-5977.156780125883
104,4077.7439114118897,-5905.411033350898
105,4072.0,-5898.0
106,3950.0,-5756.0
107,3903.689078486689,-5713.428828531455
108,3762.0,-5594.0
109,3737.884171257563,-5574.865025513362
110,3681.294114634819,-5536.622323665094
111,3621.0,-5516.0
112,3535.1807969721003,-5485.765619341381
113,3479.0,-5469.0
114,3427.2594217908813,-5457.265648375245
115,3343.0,-5445.0
116,3197.0,-5433.0
117,3153.9838092978794,-5429.969061304948
118,2962.0,-5411.0
119,2886.343860291342,-5392.614901716428
120,2847.0,-5380.0
121,2806.0,-5365.0
122,2751.267064634156,-5339.06655820056
123,2605.5031427685794,-5241.76376787961
124,2579.0,-5220.0
125,2470.893980862179,-5101.710151529376
126,2422.0,-5024.0
127,2412.7726657729886,-5006.946529559607
128,2357.408727737903,-4865.248806130286
129,2346.0,-4828.0
130,2335.438560729742,-4791.686636216371
131,2304.0,-4678.0
132,2301.043566408376,-4667.501261584373
133,2251.259395438545,-4492.778776408081
134,2248.0,-4481.0
135,2222.0,-4391.0
136,2187.8066671001166,-4289.9007325336315
137,2149.0,-4181.0
138,2120.7702003972117,-4111.486012719829
139,2085.0,-4074.0
140,2071.4437388846545,-4059.290697884231
141,1919.2123617018306,-3903.997556295593
142,1918.0,-3903.0
143,1819.895812671888,-3835.693196340061
144,1730.0,-3788.0
145,1656.603516293616,-3755.813131960469
146,1585.5119236080498,-3738.1293868878533
147,1575.0,-3736.0
148,1446.18686468565,-3714.6476541182824
149,1432.0,-3713.0
150,1289.0,-3703.0
151,1265.9853381657465,-3701.8450711543987
152,1184.0,-3698.0
153,1173.6070136463109,-3697.4843319591255
154,1074.0,-3691.0
155,886.8529503726185,-3666.708161076858
156,872.0,-3664.0
157,797.3207356986006,-3646.1029310205213
158,718.0,-3616.0
159,685.2389566333353,-3602.677295013946
160,579.0,-3546.0
161,485.7514757092696,-3477.9174444026694
162,413.0,-3421.0
163,370.92173855016506,-3386.30514834313
164,336.93608006233336,-3345.991878561765
165,326.0,-3333.0
166,292.0,-3293.0
167,286.25356937922396,-3285.8289864354238
168,215.66296755800028,-3180.3070924853178
169,196.0,-3144.0
170,154.0,-3044.0
171,151.539632871869,-3035.9848254676826
172,128.0,-2929.0
173,123.0,-2849.0
174,123.2226520474787,-2840.9643444212684
175,131.0,-2758.0
176,133.93724288362233,-2739.761935815209
177,301.0720521018271,-2293.3408950657504
178,302.0,-2291.0
179,366.67142461739576,-2124.5739542963906
180,399.0,-2041.0
181,417.9061409691491,-1993.1196258394307
182,438.0,-1932.0
183,448.70904346755947,-1890.598213718348
184,462.0,-1827.0
185,469.89594413367934,-1743.2064620937563
186,470.0,-1717.0
187,443.17173871368794,-1548.3793851058601
188,439.0,-1535.0
189,405.8012345661549,-1450.8999603123702
190,378.0,-1398.0
191,282.4571204434026,-1259.5456962403896
192,259.0,-1233.0
193,102.21524094701161,-1106.8685245985034
194,-14.071173341706853,-1038.5137462538908
195,-15.0,-1038.0
196,-127.43149553575564,-984.7977605979939
197,-147.0,-976.0
198,-214.51335663559053,-945.0661633311324
199,-320.0,-897.0
200,-366.8853585751497,-876.5001696865204
201,-446.0,-845.0
202,-613.471192360024,-789.4612965009288
203,-615.0,-789.0
204,-794.0092731933096,-748.0299477323167
205,-848.0,-739.0
206,-908.5490116320095,-729.0531232365263
207,-1007.0,-714.0
208,-1105.047401822488,-703.4689734538733
209,-1192.520050749319,-699.4358103674147
210,-1206.0,-699.0
211,-1336.0,-698.0
212,-1412.7202592023843,-701.2623604205847
213,-1670.0,-722.0
214,-1737.4596834225422,-731.9017924674492
215,-1812.0,-755.0
216,-1820.6794600643864,-757.6568994641545
217,-1988.1053447564752,-813.8351275322378
218,-1991.0,-815.0
219,-2273.0,-942.0
220,-2286.2857297739297,-948.398300013906
221,-2413.0,-1019.0
222,-2429.390582174118,-1028.6118097561312
223,-2528.0,-1091.0
224,-2731.5146410607344,-1255.6068879961952
225,-2746.0,-1268.0
226,-2813.8377930105466,-1329.6760005520985
227,-2887.0,-1424.0
228,-2967.1712075111554,-1529.8170695294045
229,-3036.0,-1621.0
230,-3123.9949193496213,-1737.9855225997735
231,-3179.5159436577314,-1812.3886825734853
232,-3198.0,-1837.0
233,-3228.452997922342,-1877.383046934538
234,-3333.1338808012624,-2015.8495467276207
235,-3334.0,-2017.0
236,-3438.0,-2153.0
237,-3446.901181425943,-2163.9796845097826
238,-3508.0,-2237.0
239,-3653.0,-2411.0
240,-3668.858378534568,-2430.2849870263503
241,-3719.0,-2489.0
242,-3761.6854935217953,-2533.518936491832
243,-3897.197830738314,-2657.064826313078
244,-3923.0,-2676.0
245,-4100.066048616581,-2732.7094202800545
246,-4135.0,-2738.0
247,-4264.0,-2760.0
248,-4458.0,-2794.0
249,-4473.028751536206,-2796.5942898219096
250,-4548.104706212031,-2808.931798358885
251,-4606.903505058295,-2817.827846652679
252,-4608.0,-2818.0
253,-4746.0,-2840.0
254,-4794.244427336996,-2847.648376136425
255,-4856.0,-2856.0
256,-4957.306210086608,-2864.479424025738
257,-5098.0,-2871.0
258,-5167.526761698894,-2869.603169259573
259,-5199.0,-2866.0
260,-5261.809237884727,-2858.3160738336896
261,-5299.0,-2853.0
262,-5363.0,-2837.0
263,-5404.319730144569,-2817.144408449973
264,-5485.0,-2771.0
265,-5540.117567363758,-2731.8963680821894
266,-5566.0,-2676.0
267,-5623.984734964694,-2550.203894511005
268,-5629.0,-2539.0
269,-5644.078814219314,-2502.3656773566127
270,-5647.0,-2477.0
271,-5653.636270682271,-2441.160925332956
272,-5662.0,-2394.0
273,-5677.0,-2269.0
274,-5681.713885285523,-2223.4695745195513
275,-5686.0,-2184.0
276,-5690.328054032145,-2147.4980055790097
277,-5696.0,-2108.0
278,-5716.0,-2009.0
279,-5719.697703118481,-1992.57625243301
280,-5747.4840881888795,-1872.3372149536754
281,-5748.0,-1870.0
282,-5792.0,-1666.0
283,-5799.531484733358,-1631.0274774236589
284,-5808.8410388270795,-1588.4814150078716
285,-5817.0,-1551.0
286,-5820.696982642506,-1533.8785860842845
287,-5859.105613842458,-1356.131971353095
288,-5862.0,-1343.0
289,-5882.0,-1252.0
290,-5890.045503594302,-1212.9323342275613
291,-5896.0,-1184.0
292,-5929.0,-1032.0
293,-5934.1318454221955,-1008.555680336432
294,-5971.728576866003,-834.280026149413
295,-5972.0,-833.0
296,-5993.719515809484,-729.3576392478482
297,-5994.0,-728.0
298,-6016.676580832934,-616.6021189308614
299,-6036.0,-521.0
300,-6058.6915759125095,-407.6173795403294
301,-6059.0,-406.0
302,-6096.036969033224,-203.9441536577945
303,-6106.0,-149.0
304,-6129.575681113829,-7.378715349658712
305,-6131.0,5.0
306,-6143.0,148.0
307,-6143.87593841053,190.2908541863249
308,-6138.58029985019,302.72762192921925
309,-6137.0,318.0
310,-6119.0,431.0
311,-6101.503521291709,508.49454032802385
312,-6089.0,556.0
313,-6047.0,679.0
314,-6022.502679040185,739.518511843731
315,-5963.0,874.0
316,-5924.0,957.0
317,-5907.491088618341,991.5671826821205
318,-5848.0,1116.0
319,-5816.2373803099545,1187.05916866531
320,-5805.0,1219.0
321,-5780.121918271674,1302.0547598069747
322,-5777.0,1315.0
323,-5773.0,1337.0
324,-5775.3872228627515,1449.3998411191362
325,-5779.0,1472.0
326,-5799.589063734159,1523.2027256579354
327,-5822.0,1552.0
328,-5829.536921386095,1562.6530874643045
329,-5850.482861413826,1589.2288100123394
330,-5884.0,1607.0
331,-5915.639821689596,1618.945260228503
332,-5949.0,1630.0
333,-5985.865357998382,1638.9455771961411
334,-6003.072709366405,1633.6176003338362
335,-6007.0,1633.0
336,-6034.0,1629.0
337,-6079.430751334943,1614.987553760611
338,-6131.0,1590.0
339,-6153.984425433496,1575.023073276085
340,-6184.9179842693475,1545.4357763132323
341,-6188.0,1542.0
342,-6240.240724312091,1475.7401719118789
343,-6254.0,1456.0
344,-6281.0,1412.0
345,-6298.671158814059,1379.7945279075923
346,-6307.0,1364.0
347,-6349.0,1281.0
348,-6354.709283487356,1269.9860919010016
349,-6378.0,1226.0
350,-6406.631117305356,1172.9691464383745
351,-6440.0,1112.0
352,-6493.640314735097,1015.7235830451546
353,-6530.0,953.0
354,-6545.1484988123975,927.6628375012203
355,-6629.332653854335,793.8124526199836
356,-6660.0,746.0
357,-6689.179583101086,700.4884210345292
358,-6721.8817282567115,650.2359535886515
359,-6753.0,603.0
360,-6833.373869671036,481.5229218262767
361,-6843.0,467.0
362,-6888.548377575184,399.0249334668607
363,-6905.0,376.0
364,-7018.729111999735,224.40674849253935
365,-7028.0,213.0
366,-7101.0,129.0
367,-7148.1284572127615,79.73527310294038
368,-7185.0,44.0
369,-7307.5959160631155,-63.83865052240809
370,-7309.0,-65.0
371,-7345.0,-94.0
372,-7472.0,-186.0
373,-7515.14654048839,-213.03883318406656
374,-7562.0,-240.0
375,-7695.0,-304.0
376,-7756.3014638687655,-326.6563184723861
377,-7888.82805149213,-362.7959388176816
378,-7904.0,-366.0
379,-7999.679684578188,-382.7946874532371
380,-8001.0,-383.0
381,-8161.0,-403.0
382,-8195.436117839568,-406.45769899541904
383,-8349.258034700671,-420.93110433360283
384,-8350.0,-421.0
385,-8483.0,-428.0
386,-8512.34235975644,-427.37382693340726
387,-8806.538263604087,-415.0092622563129
388,-8839.0,-413.0
389,-8922.915827087936,-404.05491295691013
390,-8964.0,-397.0
391,-9184.0,-355.0
392,-9221.480552816161,-345.9499578161956
393,-9428.865834963859,-290.15547987637467
394,-9447.0,-285.0
395,-9530.872280816962,-259.8784020256706
396,-9594.257744661361,-237.48909435747072
397,-9629.0,-225.0
398,-9759.0,-178.0
399,-9787.108471452895,-167.7138872344904
400,-9904.0,-124.0
401,-9957.412723324278,-103.1372901316268
402,-10106.0,-41.0
403,-10137.72483531602,-26.93441817329883
404,-10286.974377356508,42.56713408836569
405,-10325.0,62.0
406,-10449.437014246421,133.56945733749149
407,-10576.889546050821,218.24535181660428
408,-10578.0,219.0
409,-10690.737113604131,298.7434763564625
410,-10743.0,340.0
411,-10849.255071237434,430.43417848279756
412,-10851.0,432.0
413,-10936.33690590314,513.0074414716702
414,-10992.0,571.0
415,-11092.0,684.0
416,-11129.160568017047,729.5429570867734
417,-11166.0,777.0
418,-11288.0,954.0
419,-11318.112385427774,1006.720198686137
420,-11436.0,1236.0
421,-11489.28368430314,1354.7260211656712
422,-11519.0,1428.0
423,-11527.967024786949,1449.2075670092095
424,-11601.0,1619.0
425,-11670.519879415968,1783.2055711349535
426,-11689.0,1827.0
427,-11733.309189237718,1932.2447623088742
428,-11759.0,1990.0
429,-11769.849956688855,2013.902816284237
430,-11812.0,2105.0
431,-11864.364260007445,2211.3685734836663
432,-11949.0,2370.0
433,-11973.0,2414.0
434,-11980.308064233779,2427.335595715522
435,-12076.0,2573.0
436,-12109.698771786083,2606.7173855434803
437,-12220.677516441117,2699.8812496220266
438,-12256.0,2728.0
439,-12323.884734643163,2779.4376210176297
440,-12375.7818067091,2797.4017672738164
441,-12453.0,2810.0
442,-12663.0,2835.0
443,-12702.476687815668,2838.8565574186737
444,-12731.0,2836.0
445,-12927.60211271214,2820.9363298596318
446,-12980.0,2816.0
447,-13103.077915611579,2792.9782131353936
448,-13127.0,2786.0
449,-13181.609590925089,2770.2005449290373
450,-13201.0,2764.0
451,-13305.0,2727.0
452,-13368.78175182968,2698.7566110377147
453,-13431.0,2663.0
454,-13506.868485222634,2608.211724087218
455,-13539.0,2578.0
456,-13568.86911467923,2545.148104891742
457,-13606.0,2496.0
458,-13646.024025192368,2422.7770579766
459,-13678.127865294839,2333.8581895924412
460,-13694.0,2281.0
461,-13697.321200591181,2268.238406064079
462,-13706.0,2193.0
463,-13706.63393479741,2162.929921951025
464,-13705.0,2098.0
465,-13699.821832353233,2052.6637539048133
466,-13685.0,1982.0
467,-13669.315592282812,1929.8573054552398
468,-13638.0,1843.0
469,-13625.228500002151,1810.1682135348215
470,-13570.029054414732,1704.9979720092954
471,-13562.0,1693.0
472,-13465.765553968831,1561.1607656821284
473,-13457.0,1550.0
474,-13409.083583681506,1495.8480991685128
475,-13380.0,1467.0
476,-13326.331747456174,1413.2189795037561
477,-13272.0,1361.0
478,-13209.0,1306.0
479,-13125.474925653984,1238.5474962503372
480,-12996.0,1138.0
481,-12977.08544322079,1123.503274720313
482,-12876.939202848667,1048.6056878917748
483,-12852.0,1030.0
484,-12763.886221003631,964.3703175231017
485,-12751.0,955.0
486,-12637.0,874.0
487,-12616.3016992584,859.4579672216478
488,-12548.0,812.0
489,-12428.573280248545,731.3654033435328
490,-12416.0,723.0
491,-12311.0,654.0
492,-12162.546795922202,559.0884712501758
493,-12137.0,543.0
494,-12076.0,505.0
495,-12004.760175901029,461.83569310897826
496,-11870.834218996115,382.6801461716738
497,-11813.0,349.0
498,-11729.472443802144,301.43513081201684
499,-11651.0,258.0
500,-11553.0,204.0
501,-11528.11535828072,190.42770244984396
502,-11407.0,125.0
503,-11320.180443091547,78.22590690562663
504,-11179.683529240563,4.852123401555438
505,-11178.0,4.0
506,-11033.77287273354,-67.79698794245755
507,-11001.0,-84.0
508,-10819.0,-171.0
509,-10734.78796428272,-209.0250442722667
510,-10584.0,-276.0
511,-10544.21513200904,-293.26849452844607
512,-10351.427991548346,-371.93784767017445
513,-10257.0,-408.0
514,-10217.16588024058,-423.0273526321533
515,-10146.271203505366,-449.338293246578
516,-10048.0,-485.0
517,-10009.948127202879,-498.69515765280346
518,-9891.0,-541.0
519,-9775.626782842228,-580.6189987896312
520,-9754.0,-588.0
521,-9575.01174844107,-649.1077665646532
522,-9458.0,-689.0
523,-9416.214492183906,-703.1903204535779
524,-9336.0,-730.0
525,-9310.607064665566,-738.5617949766778
526,-9107.085431656373,-807.4479880161232
527,-9014.0,-839.0
528,-8931.120976562277,-867.1260607801275
529,-8845.0,-896.0
530,-8787.750271313602,-914.9410479174055
531,-8706.0,-942.0
532,-8497.0,-1012.0
533,-8447.147475038455,-1028.426116313726
534,-8412.0,-1040.0
535,-8226.0,-1102.0
536,-8112.0099469099605,-1140.384316123914
537,-7879.0,-1219.0
538,-7862.185265106822,-1224.6585180941593
539,-7635.044056863566,-1300.8463769627797
540,-7584.0,-1318.0
541,-7463.352248406354,-1358.649359517904
542,-7285.805570080349,-1418.5924083582936
543,-7210.0,-1444.0
544,-7192.413555912323,-1449.8434070492756
545,-7132.924314364948,-1469.2658583009809
546,-7092.0,-1483.0
547,-7001.800380439584,-1513.6463629449277
548,-6897.0,-1549.0
549,-6810.528246462257,-1577.4479889959405
550,-6779.0,-1588.0
551,-6654.0,-1631.0
552,-6622.996776695308,-1641.48497435616
553,-6489.0,-1686.0
554,-6393.244408398104,-1718.157353886216
555,-6269.894780104873,-1759.7139337023725
556,-6254.0,-1765.0
557,-6136.0,-1804.0
558,-6120.851540837343,-1809.073782677553
559,-5816.824220627261,-1912.1500300684775
560,-5784.0,-1923.0
561,-5697.084448321666,-1949.8604787065422
562,-5666.0,-1960.0
563,-5425.188574156367,-2037.1318163652982
564,-5407.0,-2041.0
565,-5343.0,-2051.0
566,-5180.0,-2053.0
567,-5067.285325194014,-2034.8204264447775
568,-4969.0,-2009.0
569,-4796.0,-1949.0
570,-4721.679567086523,-1921.0205772576592
571,-4600.525560007252,-1872.8858845396287
572,-4568.0,-1859.0
573,-4480.445574485893,-1819.665846566451
574,-4479.0,-1819.0
575,-4362.0,-1762.0
576,-4207.307558564466,-1673.8778209418433
577,-4014.0,-1556.0
578,-3930.447635956447,-1501.496130093925
579,-3880.0,-1465.0
580,-3833.6950336151276,-1431.1728844772397
581,-3737.0,-1359.0
582,-3699.985365735885,-1330.1173762286971
583,-3617.0,-1262.0
584,-3583.245551253532,-1232.9923437576176
585,-3482.525621375909,-1142.3110538089381
586,-3466.0,-1127.0
587,-3264.0,-936.0
588,-3251.8693336376405,-924.4770439310947
589,-3093.0,-774.0
590,-2983.5460140294936,-669.5100414732408
591,-2982.0,-668.0
592,-2810.0,-497.0
593,-2784.2985146025785,-471.3112402599228
594,-2703.912936947682,-390.8944905573798
595,-2651.0,-338.0
596,-2623.5680456509053,-310.6037686870505
597,-2559.0,-246.0
598,-2475.6236692989346,-161.87203388862343
599,-2436.0,-122.0
600,-2340.829172148826,-28.777838430568245
601,-2340.0,-28.0
602,-2270.962782866331,34.630012585354194
603,-2253.0,50.0
604,-2190.264477188165,99.40085697506002
605,-2125.2422462610375,143.04822147315653
606,-2106.0,155.0
607,-2062.0,177.0
608,-2036.2609576673253,187.7913236903823
609,-1963.0,215.0
610,-1957.5634160893785,216.58294345984854
611,-1909.0,227.0
612,-1881.1854129004562,230.82550299273336
613,-1809.0,235.0
614,-1802.954588995999,234.7054639922847
615,-1742.1346401525618,222.2826939576242
616,-1710.0,210.0
617,-1706.7985151596351,208.59972631396613
618,-1667.2765348232274,184.31110286244018
619,-1657.0,176.0
620,-1612.6020845050841,137.53603518818827
621,-1612.0,137.0
622,-1577.0,106.0
623,-1564.9288669523094,96.08109965080732
624,-1518.4380728165308,62.3108251982408
625,-1513.0,59.0
626,-1479.3412825600296,42.23581983329259
627,-1473.0,40.0
628,-1379.1277033564932,23.09308972469077
629,-1365.0,22.0
630,-1320.8092881924167,22.095319852147696
631,-1281.2258909485588,30.084073846062164
632,-1258.0,36.0
633,-1243.4304545705586,39.896516007971044
634,-1187.9978798120585,62.80407691648832
635,-1181.0,67.0
636,-1105.0,119.0
637,-1071.9368739762976,145.68483134996742
638,-1050.0,169.0
639,-1046.5473612433238,172.5472374550529
640,-994.0,225.0
641,-968.6732343080405,248.9592309442067
642,-925.5594589515746,287.5198071771531
643,-925.0,288.0
644,-890.0,317.0
645,-820.5877416069311,368.48075085467343
646,-762.0,403.0
647,-658.820059269886,445.1804330080891
648,-587.5749736410507,465.9385407635925
649,-579.0,468.0
650,-496.0,481.0
651,-472.9383172272177,483.5580803938877
652,-340.0,490.0
653,-274.64687406900646,487.5380711994094
654,-171.0,481.0
655,-105.46683026739393,475.320069759872
656,-47.713122715660546,464.7337430588334
657,-13.0,457.0
658,94.0,431.0
659,205.16986716915505,396.3622168616431
660,314.0,359.0
661,325.0551084379796,355.08090129140356
662,409.6039698705416,322.5884869842285
663,460.0,299.0
664,498.8239404086427,279.5909360489671
665,647.0,198.0
666,673.9539627352896,180.68104870375006
667,675.0,180.0
668,797.0,99.0
669,807.8134224514348,91.496761326039
670,980.0,-49.0
671,1004.6869884740177,-72.44950676344929
672,1159.0,-225.0
673,1167.5397378278299,-233.48050732148414
674,1220.849259075602,-287.0222379009358
675,1253.0,-323.0
676,1325.30145039216,-406.1479481272627
677,1466.0,-570.0
678,1530.018254462266,-645.0983406443144
679,1547.0,-665.0
680,1599.9817456456078,-726.8790475985697
1,1850.4626176708398,-1020.4300242485097
2,1956.0,-1144.0
3,2021.0792641456765,-1220.2765711770296
4,2061.0,-1267.0
5,2116.7382111521606,-1332.0749152362098
6,2162.0,-1385.0
7,2211.4207851073497,-1442.945790007687
8,2376.0,-1636.0
9,2409.42754664901,-1674.8222274303816
10,2480.0,-1756.0
11,2505.506529483997,-1785.7021089682644
12,2614.3724212777915,-1913.0965351187094
13,2616.0,-1915.0
14,2740.4591133272897,-2060.4718070371564
15,2752.0,-2074.0
16,2867.2864648712043,-2209.532779790295
17,2889.0,-2235.0
18,2995.359260191154,-2359.2518673823606
19,2996.0,-2360.0
20,3113.749380285539,-2497.544366916493
21,3168.0,-2561.0
22,3274.853839246957,-2686.485245006142
23,3319.0,-2738.0
24,3407.8602671168,-2841.370072920003
25,3472.0,-2916.0
26,3526.1086433987807,-2979.07441899079
27,3694.237178127345,-3175.9897277848672
28,3725.0,-3212.0
29,3814.795717081481,-3316.9350305101216
30,3919.0,-3439.0
31,3979.6244566888254,-3510.498295224087
32,4002.0,-3537.0
33,4089.719379831007,-3641.3563953380035
34,4113.0,-3669.0
35,4243.77858394989,-3823.2889546486495
36,4269.0,-3853.0
37,4344.509093764472,-3941.996445633567
38,4381.0,-3985.0
39,4461.572257437694,-4079.860003147442
40,4505.0,-4131.0
41,4685.0,-4343.0
42,4714.147709753888,-4377.2976131058285
43,4813.238267445117,-4493.233937287825
44,4844.0,-4529.0
45,4901.661342579744,-4596.083635523371
46,4947.0,-4649.0
47,5054.148231617162,-4774.936784469739
48,5095.0,-4823.0
49,5199.112829824784,-4945.370308644107
50,5243.0,-4997.0
51,5345.823980648701,-5118.472357776694
52,5392.0,-5173.0
53,5420.991357992984,-5207.154622923208
54,5538.142740219716,-5345.774723167246
55,5540.0,-5348.0
56,5640.207784614069,-5469.329112994308
57,5703.0,-5546.0
58,5794.032455948866,-5657.648135513031
59,5860.0,-5746.0
60,5886.698197289596,-5785.160572394629
61,5964.0,-5918.0
62,5982.638091643439,-5960.938120922026
63,6010.0,-6041.0
64,6036.073030014045,-6154.398585586295
65,6039.0,-6173.0
66,6044.928426361431,-6420.86206545553
67,6042.0,-6451.0
68,6017.375984011184,-6578.430413526291
69,6017.0,-6580.0
70,5979.4315260059475,-6727.646554316454
71,5964.0,-6783.0
72,5916.525073436744,-6923.490052898281
73,5881.31603444369,-7001.362801597254
74,5881.0,-7002.0
75,5821.513188827642,-7090.4265195431
76,5821.0,-7091.0
77,5756.695654979814,-7156.522199970531
78,5726.0,-7182.0
79,5695.879010718809,-7203.031786801905
80,5655.0,-7227.0
81,5622.0,-7244.0
82,5583.6316829864,-7261.316420169028
83,5513.097871618006,-7282.763774300291
84,5512.0,-7283.0
85,5335.0,-7307.0
86,5317.921023944233,-7308.317064443248
87,5234.0,-7302.0
88,5192.159260523179,-7294.8207926160285
89,5133.0,-7282.0
90,5115.378869121813,-7276.965939091261
91,5027.0,-7241.0
92,5010.871356072786,-7232.184014677501
93,4705.814581525277,-6919.419117414009
94,4651.0,-6840.0
95,4613.786384788453,-6780.943801238574
96,4600.0,-6758.0
97,4529.0,-6636.0
98,4465.29816430539,-6523.3988982647725
99,4396.703533337217,-6400.249305049813
100,4396.0,-6399.0
101,4337.0,-6296.0
102,4302.082748431356,-6235.550043300629
103,4253.0,-6154.0
104,4188.816724335613,-6057.609716698467
105,4174.0,-6036.0
106,4099.959849084498,-5932.8963257794985
107,4088.0,-5918.0
108,3937.9422296824932,-5746.091542131515
109,3902.0,-5707.0
110,3839.789174041615,-5647.56179097002
111,3799.0,-5620.0
112,3697.0,-5554.0
113,3687.282761798044,-5548.345040515436
114,3587.0,-5503.0
115,3514.3270968184224,-5482.9130359379305
116,3303.5543898957053,-5441.258622648132
117,3302.0,-5441.0
118,3171.852337216408,-5432.199502876856
119,3162.0,-5432.0
120,3055.2479340110986,-5426.865190932651
121,2975.0,-5414.0
122,2794.0,-5360.0
123,2779.2243236275904,-5353.896960661281
124,2624.0288308126496,-5257.484425411297
125,2548.0,-5191.0
126,2519.3865824235017,-5163.911027582864
127,2462.0,-5090.0
128,2432.8641609652896,-5041.76889756192
129,2403.0,-4986.0
130,2372.63449838892,-4912.844858144373
131,2359.0,-4872.0
132,2302.3751229045574,-4674.587052793362
133,2288.0,-4623.0
134,2262.4535696462376,-4532.924906560964
135,2241.3839145460934,-4459.775964807051
136,2234.0,-4433.0
137,2210.362132485356,-4342.612758875602
138,2185.0,-4272.0
139,2171.0633840030127,-4239.601107325131
140,2092.9591354301874,-4087.752632420769
141,2079.0,-4066.0
142,1999.0,-3974.0
143,1954.8900728804679,-3929.014171359537
144,1830.0,-3841.0
145,1671.0,-3764.0
146,1659.2470696400492,-3758.5305827826523
147,1556.0,-3731.0
148,1498.5329322212106,-3724.7560400199777
149,1311.0,-3704.0
150,1237.1122985041115,-3699.293401853499
151,1198.0,-3698.0
152,1087.889053183039,-3692.1250637618145
153,1086.0,-3692.0
154,856.0,-3660.0
155,842.3569022374766,-3656.579383698152
156,810.0,-3648.0
157,728.8861211163809,-3621.1529785410885
158,702.0,-3610.0
159,595.9434884992874,-3556.2410730515357
160,583.0,-3548.0
161,417.0,-3425.0
162,400.50274299129416,-3411.932148138868
163,322.0,-3328.0
164,306.6342022264806,-3307.562583684974
165,229.65190719608754,-3202.3259986029275
166,221.0,-3190.0
167,183.31378178734224,-3132.2706249924154
168,158.0,-3055.0
169,156.0949428979589,-3047.88391037328
170,128.4482682715947,-2928.3616264378816
171,127.0,-2917.0
172,124.0,-2876.0
173,125.99393447629545,-2803.137421604344
174,129.0,-2772.0
175,160.7645189075248,-2640.989394371134
176,167.0,-2624.0
177,235.0,-2455.0
178,247.49604845211164,-2424.559031803189
179,290.67566421242475,-2319.517827340426
180,316.244568836761,-2256.4841500063426
181,326.0,-2232.0
182,373.97843287759633,-2109.5311046867005
183,399.0,-2043.0
184,439.09540196305875,-1927.9206481248514
185,446.0,-1903.0
186,465.0,-1808.0
187,472.4921400206001,-1740.319222785827
188,469.0,-1672.0
189,423.13038761677177,-1492.3160480813924
190,418.0,-1477.0
191,353.00690486676893,-1354.4392039519737
192,352.0,-1353.0
193,286.0,-1264.0
194,252.34958561846764,-1225.6063723230754
195,167.0,-1148.0
196,97.89043266928623,-1099.6093578075142
197,18.0,-1054.0
198,8.633767365307744,-1049.135457362154
199,-103.0,-996.0
200,-138.13379752072905,-979.8104133459176
201,-223.0,-941.0
202,-307.0,-903.0
203,-329.21292952470367,-893.2461706947762
204,-501.4576514615337,-824.271333145947
205,-529.0,-815.0
206,-646.0,-781.0
207,-706.1398996583814,-766.5888401849496
208,-766.0,-754.0
209,-912.6145051546523,-726.3980828354291
210,-915.0,-726.0
211,-1004.0,-714.0
212,-1042.7351696240619,-710.2180433182167
213,-1186.0317857466785,-700.3701804264925
214,-1214.0,-699.0
215,-1337.4077668757768,-696.5845102378723
216,-1414.0,-700.0
217,-1566.1935246465785,-710.8460741546925
218,-1642.0,-718.0
219,-1881.1249725151995,-775.6936179053042
220,-1882.0,-776.0
221,-1997.7027405847514,-815.65211428799
222,-2104.0,-861.0
223,-2120.464395698834,-868.6159041523995
224,-2319.0,-966.0
225,-2345.6802689873016,-979.7200082366035
226,-2440.674614484979,-1034.2877306920282
227,-2450.0,-1040.0
228,-2622.0,-1160.0
229,-2674.1991394579472,-1206.2135590714238
230,-2822.0,-1348.0
231,-2845.8805484598265,-1371.975313828263
232,-2894.85556964925,-1427.1589001209277
233,-2939.0,-1491.0
234,-3009.969180142775,-1586.2412346802892
235,-3054.0,-1645.0
236,-3090.813773128274,-1694.3771659794847
237,-3145.0,-1767.0
238,-3235.0,-1886.0
239,-3262.1287064440094,-1921.8971079662747
240,-3396.0,-2098.0
241,-3460.8909507584967,-2180.262090495469
242,-3495.0,-2222.0
243,-3530.0,-2264.0
244,-3578.09803477832,-2322.284813413311
245,-3716.627119273992,-2488.21244669203
246,-3745.0,-2519.0
247,-3887.201762837723,-2647.0743271866672
248,-3978.0,-2701.0
249,-3998.4112641188312,-2709.942045616628
250,-4174.381912689151,-2746.01356886188
251,-4221.0,-2753.0
252,-4266.310727805101,-2760.4535854002866
253,-4405.0,-2785.0
254,-4417.371853833858,-2787.1002290565643
255,-4619.055827895074,-2819.764494603924
256,-4633.0,-2822.0
257,-4736.0,-2838.0
258,-4834.097693903061,-2851.5828647692933
259,-4936.0,-2865.0
260,-5001.683977084904,-2872.573994825105
261,-5043.0,-2871.0
262,-5059.346203212811,-2870.5435259255146
263,-5235.790506134814,-2862.1406351109335
264,-5237.0,-2862.0
265,-5323.831787420622,-2846.5005904592767
266,-5392.0,-2827.0
267,-5442.445041896915,-2805.7998517771803
268,-5479.928478411707,-2775.725664034044
269,-5485.0,-2771.0
270,-5542.41083169517,-2709.511992495896
271,-5548.0,-2702.0
272,-5596.0,-2620.0
273,-5602.349241076632,-2607.023113046765
274,-5622.0,-2561.0
275,-5624.327008903318,-2554.830151269237
276,-5644.0,-2491.0
277,-5666.464757483881,-2356.9070427698125
278,-5668.0,-2346.0
279,-5675.294804048946,-2290.5016509650195
280,-5682.0,-2226.0
281,-5684.7215977286705,-2196.47159287405
282,-5699.0,-2090.0
283,-5719.87374918847,-1988.2538182575524
284,-5738.0,-1906.0
285,-5749.501202809004,-1855.1791940854614
286,-5763.952812444373,-1795.1862938921154
287,-5768.0,-1777.0
288,-5780.0,-1722.0
289,-5782.1087229641225,-1712.337691145056
290,-5812.021279600143,-1576.1460895192815
291,-5822.0,-1530.0
292,-5849.0,-1403.0
293,-5851.163982050274,-1392.930774172657
294,-5880.0,-1260.0
295,-5901.0,-1162.0
296,-5903.113823622485,-1152.0633426159031
297,-5925.0,-1049.0
298,-5929.772622584309,-1026.6262382380748
299,-6040.440022838276,-497.8651875034108
300,-6041.0,-495.0
301,-6080.591964670189,-289.42406439849725
302,-6100.0,-187.0
303,-6110.461308420914,-130.52034382250093
304,-6121.0,-61.0
305,-6127.85243738313,-11.172914376649324
306,-6137.0,65.0
307,-6143.569256777251,161.09846613784245
308,-6144.0,191.0
309,-6126.744765311092,387.8703464384175
310,-6124.0,404.0
311,-6102.233705588514,507.2602489308847
312,-6084.0,572.0
313,-6022.5988190021835,738.8552276239785
314,-6009.0,772.0
315,-5931.469157723685,944.0074066505641
316,-5883.346044631893,1042.2987049770668
317,-5883.0,1043.0
318,-5851.259384209356,1108.0340556688589
319,-5846.0,1120.0
320,-5826.871489149147,1164.6935371793716
321,-5799.0,1234.0
322,-5789.6085317280285,1260.7504720171637
323,-5779.0,1302.0
324,-5768.05998767415,1388.242441681953
325,-5768.0,1389.0
326,-5774.548984161629,1466.5656628952406
327,-5784.0,1488.0
328,-5796.505387452178,1512.2615189861995
329,-5819.0,1550.0
330,-5843.418965414967,1578.6693813122363
331,-5867.286146337364,1595.4615170463767
332,-5871.0,1598.0
333,-5908.0,1619.0
334,-5931.662299196758,1625.308361589487
335,-6014.0,1633.0
336,-6034.620517207005,1632.309555472506
337,-6055.0,1625.0
338,-6057.455719253705,1624.181796886567
339,-6104.236259694784,1605.4412641640688
340,-6105.0,1605.0
341,-6176.0,1554.0
342,-6179.2142310522295,1551.387696347634
343,-6207.0,1521.0
344,-6210.6253534906955,1516.4283346511852
345,-6233.0,1487.0
346,-6279.616936081725,1413.6400692813138
347,-6283.0,1408.0
348,-6299.616422347974,1378.0420524561378
349,-6321.0,1335.0
350,-6344.310898166798,1289.7687640550953
351,-6365.0,1250.0
352,-6395.2081776094,1192.924589140401
353,-6422.4331791763325,1143.3516788353224
354,-6432.0,1126.0
355,-6447.927911720573,1097.1252490187485
356,-6487.873977528952,1025.2183483402757
357,-6488.0,1025.0
358,-6499.0,1007.0
359,-6502.059738353806,1001.7225911112914
360,-6532.0,950.0
361,-6609.0,824.0
362,-6618.047947960418,809.888491408778
363,-6648.0,764.0
364,-6673.875454240814,724.1302056366341
365,-6755.27748028977,598.4633413180976
366,-6770.0,576.0
367,-6856.732660108233,447.79373864400765
368,-6872.0,425.0
369,-6932.0,338.0
370,-7044.0,194.0
371,-7052.893987896435,182.87517147139116
372,-7097.804716532326,129.39264918636536
373,-7135.29635897549,92.69134934738435
374,-7136.0,92.0
375,-7227.0,4.0
376,-7262.79073903859,-27.84524398864548
377,-7315.0,-70.0
378,-7413.513053920289,-141.422965506941
379,-7564.0,-242.0
380,-7652.330437978957,-288.8181717001778
381,-7697.0,-305.0
382,-7784.220053721621,-334.39345339103295
383,-7840.0,-351.0
384,-7955.0,-376.0
385,-8036.67943158075,-387.5057697436436
386,-8200.0,-407.0
387,-8317.59101465922,-424.4108460939111
388,-8428.0,-426.0
389,-8680.654762079557,-424.2948115845443
390,-8703.0,-424.0
391,-8774.332946731396,-422.15342693367177
392,-8819.0,-415.0
393,-8886.259025602598,-406.42889018075346
394,-8972.0,-395.0
395,-9169.0,-359.0
396,-9238.526209063124,-342.59307097241634
397,-9299.0,-327.0
398,-9355.14060041916,-311.4763091165411
399,-9415.0,-294.0
400,-9559.0,-249.0
401,-9583.37785726557,-240.9945975391077
402,-9756.914111172471,-179.164444823665
403,-9760.0,-178.0
404,-10019.0,-78.0
405,-10063.244820918273,-60.58379688277081
406,-10118.0186458871,-37.814667045904805
407,-10162.0,-17.0
408,-10181.468764033145,-7.684747195515975
409,-10382.41057947849,93.20060616551582
410,-10398.0,102.0
411,-10505.0,168.0
412,-10543.221778714154,193.60652406136975
413,-10570.0,212.0
414,-10705.0,311.0
415,-10726.934544227373,328.2623663006138
416,-10895.845345207437,472.9046402355968
417,-10897.0,474.0
418,-10984.91397642191,562.83906139631
419,-10986.0,564.0
420,-11070.280534376554,658.8788653181273
421,-11141.0,745.0
422,-11224.944332444997,858.4141737021856
423,-11226.0,860.0
424,-11343.09581494059,1052.3249124886986
425,-11373.0,1105.0
426,-11442.444033181353,1251.109354089925
427,-11448.0,1264.0
428,-11512.0,1411.0
429,-11530.970269005975,1454.8508138035374
430,-11581.263793642662,1572.1875130808496
431,-11588.0,1588.0
432,-11638.0,1706.0
433,-11674.808541472037,1793.226665246997
434,-11698.0,1848.0
435,-11760.0,1991.0
436,-11791.733155437509,2059.832817980091
437,-11868.0,2216.0
438,-11926.0,2327.0
439,-11953.145922759002,2375.3513188125776
440,-12059.0,2551.0
441,-12132.900596948772,2640.754946445114
442,-12178.0,2674.0
443,-12309.890737913349,2757.3098933624274
444,-12335.0,2770.0
445,-12383.0,2790.0
446,-12622.189074516733,2831.828373352114
447,-12673.0,2836.0
448,-12805.965340037264,2835.551176999517
449,-12897.0,2826.0
450,-12929.936270426155,2822.731112038002
451,-13016.040536857578,2812.4760844400644
452,-13102.0,2792.0
453,-13172.950018539465,2771.937842845268
454,-13246.0,2750.0
455,-13334.86429742372,2719.7056081620667
456,-13378.059613423438,2694.5143594666224
457,-13386.0,2690.0
458,-13438.0,2659.0
459,-13523.928079825928,2585.7345464555883
460,-13616.0,2480.0
461,-13650.206623326863,2426.739050373384
462,-13679.841157428633,2341.925090744183
463,-13682.0,2333.0
464,-13705.346759405804,2175.493307768111
465,-13707.0,2134.0
466,-13699.0,2051.0
467,-13686.492613057026,1987.201054654906
468,-13679.0,1957.0
469,-13628.0,1817.0
470,-13620.292750527118,1800.0035445001174
471,-13587.0,1735.0
472,-13540.828929258085,1660.8706629993942
473,-13484.0,1582.0
474,-13390.003123512208,1475.2769687673888
475,-13326.0,1412.0
476,-13299.494939593797,1387.057042100342
477,-13153.674678766134,1261.14948437604
478,-13101.0,1218.0
479,-13051.251695378682,1178.4182350368947
480,-12995.472671046175,1136.5210338098116
481,-12942.0,1097.0
482,-12803.566919698857,995.1868371558238
483,-12787.0,983.0
484,-12710.062150656324,926.2743004266008
485,-12686.0,909.0
486,-12527.531470165139,798.2603104799907
487,-12514.0,789.0
488,-12406.0,716.0
489,-12343.982852145149,674.6639326015926
490,-12297.0,644.0
491,-12143.493557936961,546.9223060542334
492,-12142.0,546.0
493,-12106.0,524.0
494,-11958.0,434.0
495,-11909.245348956309,404.5405168308889
496,-11858.0,374.0
497,-11718.0,294.0
498,-11655.444174117394,259.30965029450687
499,-11524.514929960184,187.9009081193468
500,-11510.0,180.0
501,-11419.284048136153,130.69499604084746
502,-11418.0,130.0
503,-11258.0,45.0
504,-11225.757133953168,28.403194488663516
505,-11083.72450551763,-43.63584397536557
506,-11083.0,-44.0
507,-10932.0,-117.0
508,-10901.141254961265,-131.29692699587207
509,-10612.712737148491,-263.1936468517055
510,-10582.0,-277.0
511,-10506.72583412844,-309.31071679409393
512,-10467.0,-325.0
513,-10236.0,-415.0
514,-10197.529912240065,-429.4149315583579
515,-9987.546367140907,-506.2960148937768
516,-9969.0,-513.0
517,-9881.368684709947,-544.2921863945191
518,-9811.973509611882,-568.216490695134
519,-9775.0,-581.0
520,-9639.0,-628.0
521,-9609.735727056655,-637.9870715946868
522,-9488.0,-679.0
523,-9431.982001581691,-697.7303463512758
524,-9276.0,-750.0
525,-9243.013064062685,-761.192373286714
526,-9087.700548592624,-814.187101015615
527,-9047.0,-828.0
528,-8907.918690874709,-874.7238348774144
529,-8758.298903925494,-924.5650989559092
530,-8757.0,-925.0
531,-8624.804264988376,-969.5752373982511
532,-8558.0,-992.0
533,-8413.395988673388,-1040.203048816677
534,-8411.0,-1041.0
535,-8294.021753820054,-1079.859867191115
536,-8219.0,-1105.0
537,-8086.0,-1150.0
538,-8034.176358685794,-1167.1502791146559
539,-7980.0,-1185.0
540,-7775.0,-1254.0
541,-7716.988199372459,-1273.5502142551675
542,-7472.0,-1356.0
543,-7347.122740789684,-1398.0584126533677
544,-7270.0,-1424.0
545,-7247.481826843368,-1431.5635569405797
546,-7067.0,-1492.0
547,-6894.0327334949525,-1549.651446398861
548,-6848.0,-1565.0
549,-6737.769714524288,-1601.9293175657267
550,-6676.0,-1623.0
551,-6650.18222764806,-1631.829882060779
552,-6550.0,-1666.0
553,-6423.575201528145,-1708.2653511872113
554,-6235.0,-1771.0
555,-6188.0,-1787.0
556,-6173.221014458735,-1792.0301132598552
557,-5968.0,-1861.0
558,-5907.474470008731,-1880.9440681171552
559,-5724.322038979793,-1941.710053099138
560,-5668.0,-1962.0
561,-5565.1092550463245,-2007.3094883541517
562,-5500.1207616111615,-2031.4731809348077
563,-5403.0,-2041.0
564,-5139.0,-2048.0
565,-5094.482692589072,-2047.731478134375
566,-5058.0,-2033.0
567,-4785.236042219834,-1942.632386849788
568,-4715.0,-1919.0
569,-4572.600898422114,-1861.6825345262148
570,-4533.0,-1843.0
571,-4419.472687085952,-1790.4931486274368
572,-4384.0,-1773.0
573,-4222.0,-1686.0
574,-4120.0701446002195,-1625.2629357347503
575,-4015.0,-1557.0
576,-3885.9082521470996,-1469.080079403896
577,-3826.0,-1426.0
578,-3765.990521997959,-1381.498111924032
579,-3683.0,-1317.0
580,-3571.416855645106,-1222.3680151945464
581,-3448.628291449287,-1109.0130358221354
582,-3377.0,-1042.0
583,-3359.8150415862956,-1025.886603808653
584,-3258.0,-930.0
585,-3215.612357151699,-890.1716931332707
586,-3126.0,-806.0
587,-3068.587584592371,-751.9858331032964
588,-2983.0,-670.0
589,-2918.72722625148,-606.3833861791371
590,-2809.0,-496.0
591,-2765.7455336602943,-452.6346676118576
592,-2627.0993604899145,-314.15434262261414
593,-2613.0,-300.0
594,-2466.3555149105623,-152.40713739205336
595,-2454.0,-140.0
596,-2392.960920787014,-79.19531648770258
597,-2367.0,-54.0
598,-2328.8806528427954,-17.709799696255015
599,-2290.0,18.0
600,-2239.0,62.0
601,-2177.688271628833,107.41536110606793
602,-2090.0,164.0
603,-2077.6935181821364,171.15274543982684
604,-2017.2243032289066,196.86031220180712
605,-2002.0,202.0
606,-1948.1823402830325,219.2070135170312
607,-1941.0,221.0
608,-1883.0,231.0
609,-1872.7374284876544,232.30813987277173
610,-1839.0,235.0
611,-1781.6796068641024,231.92745233331462
612,-1776.0,231.0
613,-1732.0,219.0
614,-1679.5446147838086,192.93702117866258
615,-1671.0,187.0
616,-1651.0,171.0
617,-1628.8992451516497,151.96861905213893
618,-1588.914148526731,116.3665349936611
619,-1571.0,101.0
620,-1543.088529721653,78.80064232923601
621,-1516.0,61.0
622,-1483.0,44.0
623,-1473.5345644329846,40.4213974345659
624,-1423.0,27.0
625,-1388.3447914384783,21.897284953646178
626,-1334.6468737281066,22.93564146205394
627,-1334.0,23.0
628,-1278.4823836401554,30.85005017403668
629,-1266.0,33.0
630,-1201.0,57.0
631,-1171.5414404673909,74.37586282425504
632,-1119.0,108.0
633,-1105.3049147206116,117.75409512845128
634,-1041.081362296999,175.85989312915254
635,-1011.0,208.0
636,-998.5532832243289,221.10760113959122
637,-976.831745924042,243.4441839876295
638,-940.0,276.0
639,-923.986121221815,289.19991564485895
640,-872.0,331.0
641,-821.4152483980538,368.8837915848941
642,-811.0,375.0
643,-719.184950043246,420.29364604301225
644,-657.0,448.0
645,-634.2822791854006,457.53936151062396
646,-582.0,467.0
647,-564.9461025068676,468.92501916647683
648,-429.5383769320421,484.4387596735728
649,-367.0,490.0
650,-309.8387501424538,491.8801175395483
651,-248.0,488.0
652,-206.81143364443636,484.7736789384836
653,-147.0,479.0
654,11.0,452.0
655,44.378825536749694,444.00617025238836
656,68.0,438.0
657,207.0,397.0
658,295.2070322300344,365.5198470558977
659,474.0,293.0
660,486.60430230645875,287.2388342833622
661,651.6946434990974,196.5355401384319
662,689.0,172.0
663,778.5116259674016,108.93027040232144
664,912.3871661504943,6.647859153984875
665,969.0,-39.0
666,981.9538144461592,-49.95262906037923
667,1022.8512575266492,-89.69270309496999
668,1048.0,-115.0
669,1102.3218976579597,-168.45989454529052
670,1167.0,-233.0
671,1224.2298759776115,-292.8475528355077
672,1245.0,-315.0
673,1322.0,-399.0
674,1338.6153287727122,-418.10986777621963
675,1405.0,-498.0
676,1460.740465349782,-564.0226855349124
677,1538.5514248903944,-654.9586309163606
678,1548.0,-666.0
679,1613.0,-742.0
680,1620.907492002835,-751.2505669726412
681,1796.3369440650931,-956.5852945808939
1,1907.4419121618232,-1087.0949003563562
2,1978.0,-1170.0
3,2023.2801909378586,-1223.0892809333563
4,2083.7784694599636,-1293.75124769865
5,2101.0,-1314.0
6,2152.0,-1374.0
7,2160.941676528135,-1384.481181780857
8,2287.349502805252,-1531.3488082864255
9,2330.0,-1581.0
10,2446.0,-1717.0
11,2455.044201388629,-1727.6231399528012
12,2573.0,-1866.0
13,2659.0,-1966.0
14,2667.6128369192484,-1976.0166352709766
15,2756.0,-2079.0
16,2774.9949093657606,-2101.1687206264032
17,3210.6309268515133,-2611.235766034413
18,3213.0,-2614.0
19,3383.40166784527,-2812.6243368527203
20,3468.0,-2911.0
21,3513.959430253899,-2964.154847742064
22,3569.0,-3028.0
23,3609.0284239756015,-3075.095564237703
24,3670.0,-3147.0
25,3745.7689453976664,-3236.376910556302
26,3770.0,-3265.0
27,3938.5099479697697,-3464.16686455975
28,3952.0,-3480.0
29,4035.8544288026,-3577.8908047883615
30,4088.0,-3639.0
31,4226.261811092994,-3802.794964349325
32,4256.0,-3838.0
33,4432.889472165568,-4046.1666301633163
34,4550.11176095205,-4183.951366003425
35,4551.0,-4185.0
36,4647.581308155185,-4299.641987643584
37,4665.0,-4320.0
38,4727.296573414629,-4392.353624320573
39,4826.0,-4507.0
40,4868.927416732284,-4557.325344274419
41,4940.0,-4641.0
42,5087.6780926717765,-4814.447722372502
43,5089.0,-4816.0
44,5238.280345105905,-4991.517985684298
45,5287.0,-5049.0
46,5343.745661133552,-5116.006267090525
47,5436.0,-5225.0
48,5518.909996176317,-5323.008013661357
49,5585.528788788442,-5402.41984041639
50,5596.0,-5415.0
51,5697.0,-5539.0
52,5754.0511183849,-5612.97721829606
53,5936.0,-5863.0
54,5976.797901902262,-5930.362894502912
55,6002.0,-6015.0
56,6004.9296159973765,-6025.384923720026
57,6045.825994504687,-6223.729921733123
58,6046.0,-6227.0
59,6027.0,-6535.0
60,6025.160927071597,-6549.389392458534
61,5990.0,-6688.0
62,5984.958087871986,-6706.167962134836
63,5957.0,-6807.0
64,5899.573294981205,-6961.620121436154
65,5895.0,-6973.0
66,5867.558972628944,-7038.115042860027
67,5810.0,-7105.0
68,5747.636180800748,-7161.439338205132
69,5692.0,-7207.0
70,5609.029740747939,-7259.255422855871
71,5536.660375427812,-7278.201979909232
72,5515.0,-7283.0
73,5482.224455227367,-7290.034921917593
74,5380.855704541913,-7304.949128343456
75,5380.0,-7305.0
76,5277.0,-7305.0
77,5268.559509774855,-7304.448999400124
78,5212.0,-7298.0
79,5076.0,-7262.0
80,5061.078608804439,-7256.578799597943
81,5015.0,-7235.0
82,4977.969884757885,-7211.551271977947
83,4867.880291019853,-7127.307256231377
84,4849.0,-7111.0
85,4755.069950465667,-6999.880041260841
86,4741.0,-6979.0
87,4688.0,-6898.0
88,4595.0,-6749.0
89,4587.831910887964,-6737.361964472051
90,4554.275504023688,-6681.256819593404
91,4531.444743930948,-6639.79379382958
92,4531.0,-6639.0
93,4473.0,-6536.0
94,4451.008345808812,-6496.495197090953
95,4420.0,-6441.0
96,4362.95623139332,-6341.033731421708
97,4277.0,-6193.0
98,4226.933099562881,-6111.753769315458
99,4201.0,-6074.0
100,4149.761975797062,-6001.279903639368
101,4118.0,-5957.0
102,4053.0,-5873.0
103,4000.0293408349016,-5813.932977588871
104,3889.0,-5695.0
105,3810.034637891656,-5607.226697242072
106,3716.0,-5565.0
107,3496.631620180395,-5476.447899803048
108,3477.0,-5469.0
109,3412.5552265150263,-5448.098731774451
110,3366.0,-5449.0
111,3300.622584556376,-5442.995762027304
112,3217.0,-5435.0
113,3020.0,-5420.0
114,2955.6678539043496,-5410.075537474236
115,2902.0,-5398.0
116,2853.679081434151,-5383.25698567371
117,2804.0,-5364.0
118,2692.0,-5305.0
119,2673.409373656451,-5293.826719794599
120,2555.7248950134217,-5198.931504780154
121,2554.0,-5197.0
122,2424.0,-5026.0
123,2403.758536648741,-4995.587176561105
124,2384.6955072326427,-4954.198916428115
125,2375.0,-4917.0
126,2370.3685295325286,-4900.688686632281
127,2319.9594009919556,-4732.328970688892
128,2316.0,-4719.0
129,2289.0,-4626.0
130,2279.7346710806755,-4592.375953944858
131,2273.0,-4568.0
132,2232.0,-4427.0
133,2225.125037405177,-4403.316565787289
134,2169.4512075424423,-4226.135410681513
135,2169.0,-4225.0
136,2129.5742773554234,-4142.004532134072
137,2129.0,-4141.0
138,2076.615308642307,-4063.7370852325976
139,2023.0,-4000.0
140,1947.0891260041763,-3926.877490726827
141,1946.0,-3926.0
142,1812.0895435707012,-3833.0173514433677
143,1775.0,-3810.0
144,1668.6512906619805,-3762.8545169694844
145,1659.0,-3760.0
146,1548.0,-3731.0
147,1514.199104274599,-3724.430199474493
148,1421.7120110963294,-3712.1731999767935
149,1409.0,-3711.0
150,1314.0,-3705.0
151,1247.8333621439401,-3701.2469789116617
152,1207.0,-3699.0
153,1099.0,-3693.0
154,1042.5884529927105,-3688.1808826993033
155,909.0,-3671.0
156,818.0,-3650.0
157,777.7041915791348,-3636.3373297237804
158,628.0,-3574.0
159,544.637073704554,-3526.5206584649195
160,508.0,-3498.0
161,410.4704611974187,-3418.1281316329764
162,394.0,-3403.0
163,365.0,-3374.0
164,244.48566616172684,-3226.029366457969
165,222.0,-3193.0
166,174.05556499533654,-3099.1131799949094
167,150.0,-3031.0
168,141.06858144121315,-3007.6460369682745
169,121.58700627244733,-2945.493521044058
170,123.0,-2863.0
171,130.57124641247185,-2788.376097960978
172,141.0,-2710.0
173,161.3568709396073,-2618.2260692238433
174,186.15808885046357,-2573.9063297083057
175,190.0,-2565.0
176,215.0,-2503.0
177,269.90988661995334,-2367.5115875886017
178,343.0,-2189.0
179,374.566983206023,-2112.1425410479164
180,412.63433552043904,-2008.2126131131722
181,416.0,-1997.0
182,463.596304173414,-1792.1886885076713
183,470.0,-1738.0
184,463.0,-1631.0
185,443.3897529856143,-1549.1081334948003
186,431.0,-1511.0
187,344.0,-1343.0
188,330.8154111808169,-1323.4734841143663
189,275.0,-1252.0
190,201.9408842859674,-1179.3622256006793
191,113.0,-1109.0
192,-36.88328630598795,-1026.0465634455516
193,-135.0,-981.0
194,-173.8354490245344,-963.4305439069065
195,-371.49121406360183,-876.485143811024
196,-440.0,-847.0
197,-503.6729896740415,-820.0353540222122
198,-575.5990986245268,-797.6109299009123
199,-646.0,-781.0
200,-828.6826031600466,-742.3826428735869
201,-850.0,-738.0
202,-938.2866208111116,-721.2371453700707
203,-968.0,-718.0
204,-1190.8371318089826,-699.7147143182185
205,-1208.0,-699.0
206,-1337.0,-698.0
207,-1420.2374231499862,-700.5266030987398
208,-1483.0,-704.0
209,-1668.2484854605914,-721.7293928295284
210,-1670.0,-722.0
211,-1712.0,-730.0
212,-1883.0,-776.0
213,-1938.917421523194,-795.1815411147843
214,-1997.0,-817.0
215,-2150.0,-881.0
216,-2216.2177399705993,-912.5837183374803
217,-2351.2712557482005,-983.8369176027219
218,-2366.0,-992.0
219,-2456.7407415148396,-1044.2400882580105
220,-2458.0,-1045.0
221,-2607.0,-1148.0
222,-2635.262789985086,-1171.2618652565486
223,-2756.3953014206604,-1278.441314016001
224,-2757.0,-1279.0
225,-2873.0,-1406.0
226,-2895.072015813205,-1434.4219895944616
227,-3098.5429555858445,-1705.3736093184343
228,-3120.0,-1734.0
229,-3171.301034199611,-1801.467947385729
230,-3196.0,-1834.0
231,-3339.0,-2023.0
232,-3363.929715422209,-2055.0571708678335
233,-3503.541699159127,-2231.4893236432417
234,-3516.0,-2247.0
235,-3575.298333239589,-2319.518816798807
236,-3622.4852659381413,-2374.807075229974
237,-3647.0,-2404.0
238,-3736.0,-2510.0
239,-3755.158215863892,-2531.9568305630055
240,-3836.0,-2616.0
241,-3874.8022625023677,-2647.296426760897
242,-3997.0,-2707.0
243,-4026.8801303497266,-2715.4734661178973
244,-4177.102251741285,-2745.1164374166456
245,-4216.0,-2752.0
246,-4343.442490752523,-2774.325467147699
247,-4468.978601387327,-2795.828111751683
248,-4470.0,-2796.0
249,-4564.29594112126,-2811.340373210099
250,-4613.0,-2819.0
251,-4726.06330107669,-2836.6988703267393
252,-4728.0,-2837.0
253,-4825.3994577147105,-2851.9657175377615
254,-4886.0,-2860.0
255,-4986.0,-2869.0
256,-5026.808032950226,-2870.4720633033767
257,-5068.0,-2871.0
258,-5192.0,-2867.0
259,-5225.175274641813,-2862.783920826681
260,-5363.0,-2837.0
261,-5424.555198652187,-2815.236158742382
262,-5456.0,-2793.0
263,-5465.244270440124,-2786.1361810772078
264,-5532.0,-2723.0
265,-5580.071699012053,-2649.295898338476
266,-5592.0,-2629.0
267,-5616.551290102249,-2577.486660015718
268,-5626.0,-2547.0
269,-5630.0309932592645,-2534.5300570516956
270,-5645.0,-2486.0
271,-5658.5698699985505,-2421.0152959178677
272,-5671.0,-2318.0
273,-5674.0,-2292.0
274,-5674.919349446747,-2283.739389083936
275,-5689.0,-2164.0
276,-5694.898519432674,-2127.7568895388185
277,-5715.2935318279715,-2017.2181884227812
278,-5722.0,-1983.0
279,-5735.70661899536,-1919.586437743476
280,-5746.856336378985,-1875.167466144046
281,-5762.0,-1807.0
282,-5802.0,-1621.0
283,-5809.108537412386,-1590.866987125428
284,-5815.0,-1565.0
285,-5857.012208187797,-1365.8932876566018
286,-5868.0,-1314.0
287,-5892.734225229814,-1201.7781374567878
288,-5900.0,-1168.0
289,-5919.981498816257,-1072.6788601034698
290,-5926.0,-1044.0
291,-5953.0,-917.0
292,-5971.956956172191,-831.3399298141555
293,-5993.0,-735.0
294,-6017.965940695045,-609.3484171049064
295,-6030.0,-549.0
296,-6042.491579343298,-487.7145500642793
297,-6060.0,-401.0
298,-6083.123493837071,-278.97303544358255
299,-6107.97369128142,-138.23141529739675
300,-6122.0,-55.0
301,-6125.256296786868,-34.87496039860767
302,-6139.0,86.0
303,-6141.581509994465,135.7656542568685
304,-6143.0,241.0
305,-6138.63719904955,309.2244441472558
306,-6123.0,412.0
307,-6105.330383496117,489.5775117823175
308,-6068.0,621.0
309,-6051.2963448029805,671.2389880054142
310,-5986.862849407853,822.1228470806558
311,-5980.0,837.0
312,-5908.7501930406415,988.8761277862892
313,-5903.0,1001.0
314,-5877.377698964229,1054.166144736403
315,-5865.0,1080.0
316,-5841.368271838061,1130.4916232799692
317,-5820.0,1179.0
318,-5802.0,1227.0
319,-5786.4058363050935,1281.9639242746707
320,-5770.0,1360.0
321,-5768.4002218266205,1370.846270180906
322,-5769.758889591711,1422.5053195032658
323,-5772.0,1435.0
324,-5782.073028996029,1478.3723928996253
325,-5784.0,1484.0
326,-5805.0,1528.0
327,-5809.669198308462,1535.5294716454196
328,-5828.0,1559.0
329,-5865.042695891384,1593.0131598087917
330,-5869.0,1596.0
331,-5902.0,1616.0
332,-5950.323444520537,1629.6570422795548
333,-5959.0,1631.0
334,-5980.0,1633.0
335,-6003.419185801146,1632.3370483085641
336,-6045.631004535536,1626.1467360122783
337,-6064.0,1622.0
338,-6091.20409917725,1612.7068307587979
339,-6115.0,1600.0
340,-6141.0,1583.0
341,-6147.519600884552,1578.0884122476
342,-6179.0,1551.0
343,-6200.447412649039,1529.3176251871191
344,-6232.628497561086,1488.5295186662795
345,-6233.0,1488.0
346,-6264.130933647486,1440.8612951780644
347,-6271.0,1430.0
348,-6307.0,1364.0
349,-6324.640696637414,1328.9414507056504
350,-6357.0,1265.0
351,-6365.770071413195,1247.9861927811626
352,-6411.157791861772,1163.7861640867131
353,-6435.0,1121.0
354,-6445.259609728929,1102.5389020481334
355,-6464.028631549981,1068.6665192377636
356,-6493.0,1017.0
357,-6504.848011523525,996.029794300239
358,-6543.0,930.0
359,-6581.519418183262,868.6638819649335
360,-6589.0,857.0
361,-6652.170787213456,758.8643417766502
362,-6694.0,694.0
363,-6709.093945677568,670.6086491493859
364,-6741.0,622.0
365,-6751.324387929393,606.4291491249376
366,-6833.797945783956,482.20824396929066
367,-6872.0,425.0
368,-6907.029027724848,373.15905544284743
369,-6946.0,319.0
370,-6972.522142501957,283.70049321224485
371,-7012.0,233.0
372,-7126.0,103.0
373,-7151.6076113530935,76.4679542500676
374,-7170.0,58.0
375,-7284.0,-44.0
376,-7362.034134814074,-104.69531203272513
377,-7529.0,-221.0
378,-7541.400238969139,-228.61352381567252
379,-7717.064260430487,-313.0958414378261
380,-7759.0,-327.0
381,-7861.028929629948,-354.13723674256374
382,-8017.007694767566,-383.6904771518563
383,-8086.0,-395.0
384,-8102.539405036245,-397.45260985342554
385,-8162.049912177524,-403.7015674950851
386,-8199.0,-407.0
387,-8276.462175285156,-414.25655161514305
388,-8369.0,-422.0
389,-8453.29501731168,-426.8572444363708
390,-8484.0,-428.0
391,-8600.0,-429.0
392,-8627.757684772108,-428.23199847359706
393,-8746.0,-421.0
394,-8833.119848847346,-413.24136602629414
395,-8950.326226098956,-399.2833610209667
396,-8966.0,-397.0
397,-9084.0,-376.0
398,-9098.532077515902,-372.93165578722534
399,-9376.336280581572,-305.113386449074
400,-9407.0,-297.0
401,-9494.813575273587,-271.10264267898395
402,-9525.0,-261.0
403,-9741.593210625108,-185.09526273643095
404,-9758.0,-179.0
405,-9816.0,-157.0
406,-9961.0,-101.0
407,-10061.016088567441,-59.88300770100116
408,-10149.0,-22.0
409,-10306.0,51.0
410,-10372.642816999502,87.3682696988421
411,-10480.129992140184,153.33290117720662
412,-10509.0,172.0
413,-10586.720735541687,224.11665089041452
414,-10588.0,225.0
415,-10690.0,300.0
416,-10818.196528453776,409.046100502216
417,-10975.0,553.0
418,-11042.893913789101,623.819097069318
419,-11082.0,672.0
420,-11117.09495385256,715.693080743682
421,-11190.0,810.0
422,-11218.15820426659,849.5366180476844
423,-11280.0,943.0
424,-11303.274687513813,979.8017023970026
425,-11366.31297346603,1089.756385651317
426,-11376.0,1109.0
427,-11489.0,1359.0
428,-11495.80722608279,1374.5009015905343
429,-11547.07920391517,1491.6400826698623
430,-11585.0,1581.0
431,-11640.145508617743,1712.9759417342152
432,-11641.0,1715.0
433,-11743.0,1954.0
434,-11758.301175041259,1989.2819715202795
435,-11804.30290959924,2090.6262077688493
436,-11838.0,2158.0
437,-11856.777925376602,2195.1344289457784
438,-11903.0,2285.0
439,-11966.743642983516,2402.9259836905294
440,-11997.0,2457.0
441,-12083.787032024306,2581.7400180934087
442,-12085.0,2583.0
443,-12211.149169350234,2696.6215711406508
444,-12246.0,2723.0
445,-12363.125656244549,2789.4587343678645
446,-12478.419262083135,2816.4842469749856
447,-12514.0,2823.0
448,-12604.0,2833.0
449,-12657.112949770808,2834.3856507945593
450,-12806.0,2833.0
451,-12816.871147980199,2832.52385874033
452,-12915.0,2824.0
453,-12974.979887419217,2815.1430773434986
454,-13132.0,2785.0
455,-13144.33621749017,2782.079429002664
456,-13255.823922822028,2747.206519025468
457,-13313.0,2724.0
458,-13319.119645638115,2721.422278876867
459,-13406.63465497396,2679.04358107377
460,-13429.0,2665.0
461,-13518.848189145852,2598.0332072953024
462,-13520.0,2597.0
463,-13581.0,2531.0
464,-13597.694805919395,2508.227060876744
465,-13647.208682100425,2422.913633509793
466,-13652.0,2413.0
467,-13676.666699504272,2352.154325253983
468,-13680.0,2341.0
469,-13705.514660904037,2181.281622706149
470,-13707.0,2157.0
471,-13705.496432375108,2078.9628776759473
472,-13690.495435198718,2005.1176402353624
473,-13680.0,1963.0
474,-13673.286459610796,1937.2983209589415
475,-13638.07163654874,1839.7758783035558
476,-13632.0,1827.0
477,-13558.0,1686.0
478,-13520.681123892771,1624.9900134966406
479,-13487.0,1586.0
480,-13481.73342929859,1579.8773017428575
481,-13402.0,1489.0
482,-13363.920457127322,1449.2007876542848
483,-13299.823840210438,1386.778818454497
484,-13299.0,1386.0
485,-13248.0,1339.0
486,-13151.216235528367,1257.1870250691566
487,-13074.0,1196.0
488,-12946.139366211462,1099.4832037084673
489,-12864.260918755068,1038.884529057707
490,-12855.0,1032.0
491,-12773.0,971.0
492,-12749.978075702964,954.2335316091994
493,-12614.0,858.0
494,-12547.46959986762,812.1431257384457
495,-12442.0,740.0
496,-12374.799121921162,694.357658423898
497,-12314.876110619078,655.1234466525517
498,-12280.0,633.0
499,-12173.0,566.0
500,-12057.274365633697,494.82486133101787
501,-11941.0,424.0
502,-11928.97251058442,416.7193632169867
503,-11833.380752528563,359.74074196192447
504,-11778.0,328.0
505,-11737.236026136907,305.0224630943314
506,-11572.0,214.0
507,-11534.325444275148,193.7125765605457
508,-11533.0,193.0
509,-11414.0,129.0
510,-11403.245646903799,123.18044437521611
511,-11187.0,8.0
512,-11153.301812085292,-8.9290108140499
513,-10941.0,-113.0
514,-10929.064069625681,-118.82409066420082
515,-10850.891297863784,-156.5301394421985
516,-10801.0,-179.0
517,-10688.770449903997,-228.6575327079935
518,-10473.0,-323.0
519,-10383.793768641246,-359.64027455458023
520,-10356.0,-370.0
521,-10260.394130849334,-405.4871921641951
522,-10090.0,-469.0
523,-9986.0,-508.0
524,-9959.265953582393,-517.5560561047856
525,-9851.0,-555.0
526,-9806.321717635119,-570.4275742623768
527,-9715.0,-602.0
528,-9547.7156440418,-659.4480336790575
529,-9457.0,-690.0
530,-9396.25450265367,-710.2898892489675
531,-9259.0,-756.0
532,-9102.205832146974,-808.5937177887706
533,-8936.761675326461,-864.544882909825
534,-8891.0,-880.0
535,-8823.848312286,-902.645378628466
536,-8687.677552632415,-948.3934422079833
537,-8644.0,-963.0
538,-8629.0,-968.0
539,-8620.548348022132,-970.8097157493768
540,-8428.640661132453,-1034.4532370175962
541,-8427.0,-1035.0
542,-8257.0,-1092.0
543,-8173.6939659211275,-1119.9937115534767
544,-7980.0,-1185.0
545,-7937.822731108416,-1199.103695204543
546,-7805.849261262183,-1243.1891557744686
547,-7759.0,-1259.0
548,-7640.190991680462,-1299.3681948866938
549,-7588.0,-1317.0
550,-7433.466724583953,-1368.5057470327856
551,-7432.0,-1369.0
552,-7276.0,-1422.0
553,-7184.098639239472,-1452.5760942450438
554,-7135.0,-1469.0
555,-6994.0,-1517.0
556,-6870.157906185446,-1558.3268421338614
557,-6790.0,-1585.0
558,-6680.610478066756,-1621.775066027854
559,-6570.0,-1659.0
560,-6463.973528030069,-1694.3456374821528
561,-6444.0,-1701.0
562,-6132.483817889627,-1805.0761392349077
563,-6097.0,-1817.0
564,-5985.35739271292,-1854.9013115780992
565,-5908.0,-1881.0
566,-5767.312694332021,-1927.9678325018012
567,-5735.0,-1939.0
568,-5547.0,-2002.0
569,-5420.744737989922,-2036.2062995658637
570,-5379.0,-2046.0
571,-5235.559093853102,-2057.7913917579053
572,-5209.0,-2055.0
573,-5018.082416670462,-2020.620669894579
574,-4948.0,-2002.0
575,-4883.205055120388,-1981.2920706841337
576,-4769.0,-1939.0
577,-4661.0741760619585,-1897.4612308352935
578,-4645.0,-1891.0
579,-4480.0,-1819.0
580,-4451.446463575261,-1805.5013149735069
581,-4330.500018465384,-1744.7946673491806
582,-4329.0,-1744.0
583,-4182.7064220488255,-1661.361517127742
584,-4124.0,-1626.0
585,-3981.5889623984576,-1535.067584260613
586,-3980.0,-1534.0
587,-3807.0,-1412.0
588,-3708.7952607583784,-1336.3126855714993
589,-3588.9839451347725,-1236.6919872015253
590,-3529.0,-1185.0
591,-3469.992999319252,-1131.8924971497443
592,-3397.759892219652,-1061.9857121915932
593,-3361.0,-1027.0
594,-3172.0,-849.0
595,-3159.659739542935,-837.4083629429439
596,-3028.6360076040623,-714.1928908707596
597,-2963.0,-650.0
598,-2953.493583114725,-640.5623666820306
599,-2872.0,-559.0
600,-2770.015989828917,-457.00458588446077
601,-2736.0,-423.0
602,-2635.0,-322.0
603,-2516.6388683240925,-203.65605807020657
604,-2502.0,-189.0
605,-2387.1035804112516,-74.08097918695849
606,-2386.0,-73.0
607,-2322.0,-11.0
608,-2292.181043620783,16.408723057707583
609,-2269.0,36.0
610,-2181.0,106.0
611,-2168.6680006364395,114.92928957039567
612,-2131.0,140.0
613,-2070.477919192629,172.85995916589565
614,-2039.0,187.0
615,-2009.4232352416013,198.66257940652196
616,-1992.0,205.0
617,-1934.3850902964264,222.14780032847315
618,-1912.0,226.0
619,-1818.0,235.0
620,-1810.6682989964886,235.10962332239433
621,-1725.449353120019,216.18279197981843
622,-1725.0,216.0
623,-1682.0,193.0
624,-1679.2855919204385,191.0375720550071
625,-1622.1871844491461,145.27683913440305
626,-1617.0,141.0
627,-1582.5657679031174,112.49581658200476
628,-1535.0927924567932,73.55589236513605
629,-1528.0,68.0
630,-1512.8903772160038,56.90705768352426
631,-1492.0,48.0
632,-1477.6369917613724,43.721935880260816
633,-1381.335320666983,22.87964630543597
634,-1375.0,22.0
635,-1299.0538224684026,26.940919321614473
636,-1294.0,28.0
637,-1257.8683128429946,36.14957207476694
638,-1241.0,41.0
639,-1194.4870444056116,59.67590411912288
640,-1184.0,65.0
641,-1135.7637376213186,95.63932746028246
642,-1130.0,100.0
643,-1069.0,152.0
644,-1041.7282961875628,177.59527460306336
645,-983.5018659103222,235.51949592401684
646,-983.0,236.0
647,-951.0,266.0
648,-905.7131983797049,304.4520981585559
649,-905.0,305.0
650,-755.5670734715037,405.83876531337836
651,-747.0,411.0
652,-654.7397129955348,449.60721734809147
653,-638.0,454.0
654,-610.0,461.0
655,-523.0307361886303,477.1393798451466
656,-408.0,488.0
657,-377.4835003358772,489.2977239269145
658,-312.0,490.0
659,-193.35343449553625,483.26561087271494
660,-191.0,483.0
661,8.0,453.0
662,95.63512691997099,433.5793019434895
663,157.0,413.0
664,223.6673137351746,390.4947125283341
665,284.0,370.0
666,376.0,336.0
667,452.6214942869807,300.2172186540743
668,593.9790617310465,227.06474262067871
669,624.0,211.0
670,738.08059936149,141.30896509542782
671,780.0,111.0
672,809.8107444911896,89.39997551787255
673,880.0,37.0
674,979.8865178165579,-49.68044456417896
675,992.0,-61.0
676,1062.0,-128.0
677,1071.6050308858876,-137.3514074333524
678,1160.5680359876844,-226.5563119402118
679,1161.0,-227.0
680,1310.6878285820155,-387.31458991655995
681,1334.0,-414.0
682,1446.0,-547.0
1,1952.5867349137623,-1138.2598410030555
2,2043.4965274214585,-1244.688778350116
3,2065.0,-1270.0
4,2152.0,-1373.0
5,2190.316445067575,-1417.627595703314
6,2319.0,-1567.0
7,2418.9345577840536,-1684.1906977068898
8,2492.0,-1770.0
9,2547.3535668809336,-1834.7839072261884
10,2618.3766636750975,-1917.4358798542708
11,2636.0,-1938.0
12,2852.0679782654,-2190.4058235149296
13,2856.0,-2195.0
14,2905.5294434370608,-2252.887473129919
15,2921.0,-2271.0
16,3050.1988734971733,-2422.2775641003964
17,3149.0,-2538.0
18,3225.730994266663,-2627.8637173466045
19,3237.0,-2641.0
20,3331.3421066711944,-2750.754300757205
21,3347.0,-2769.0
22,3466.772525230373,-2909.0411251928244
23,3513.0,-2963.0
24,3647.0,-3119.0
25,3672.1496254634394,-3148.4446515499767
26,3848.0,-3355.0
27,3955.979582710771,-3482.1409984870324
28,4008.0,-3544.0
29,4044.4988196723157,-3587.6008938762643
30,4159.974933989741,-3725.25193351938
31,4164.0,-3730.0
32,4277.0,-3862.0
33,4295.610999572003,-3883.6659733892966
34,4402.0,-4008.0
35,4456.000605910461,-4072.066936074648
36,4515.0,-4142.0
37,4541.138668660831,-4172.532559929605
38,4606.0,-4248.0
39,4706.313619569026,-4365.829370588526
40,4777.0,-4449.0
41,4859.338946180362,-4545.845190906515
42,4902.0,-4596.0
43,4907.753989097717,-4602.769708572544
44,5005.0,-4717.0
45,5047.557564489428,-4766.628198886899
46,5120.0,-4851.0
47,5138.466809654096,-4872.654673277811
48,5242.0,-4995.0
49,5294.788431069839,-5057.564646011902
50,5356.0,-5130.0
51,5408.7233719055275,-5192.10109220263
52,5499.434783818239,-5298.699869985876
53,5551.0,-5360.0
54,5670.0,-5504.0
55,5685.551374530265,-5523.326436184325
56,5709.0,-5553.0
57,5931.0,-5852.0
58,5956.768125013743,-5890.754813850103
59,5992.764256186195,-5960.370615903502
60,6009.942953820515,-6034.94296479522
61,6011.0,-6040.0
62,6051.0,-6288.0
63,6051.475880023712,-6297.453253323149
64,6052.0,-6348.0
65,6033.0,-6508.0
66,6009.840049717904,-6610.536166475675
67,5976.0,-6742.0
68,5949.331001439009,-6841.011304432512
69,5933.846578305844,-6888.555180194215
70,5905.0,-6954.0
71,5891.0,-6983.0
72,5860.597407701913,-7040.530112155709
73,5838.0,-7071.0
74,5701.0,-7201.0
75,5687.874120313179,-7211.635149056059
76,5648.424375479969,-7236.799874616994
77,5615.0,-7249.0
78,5603.465848079648,-7252.983475852081
79,5490.909950357524,-7288.692331199842
80,5451.0,-7298.0
81,5350.0,-7307.0
82,5342.028793177385,-7306.960622213007
83,5242.0,-7303.0
84,5211.146197553828,-7300.454129697123
85,5093.73611335196,-7269.2562203350235
86,5069.0,-7260.0
87,5061.0,-7257.0
88,5031.609425635667,-7244.533335222432
89,4967.399775637207,-7209.042688111075
90,4934.0,-7186.0
91,4862.0,-7124.0
92,4850.602802497362,-7112.670636163739
93,4797.2481598588,-7053.7143034232895
94,4795.0,-7051.0
95,4735.813591264062,-6972.118086496207
96,4722.0,-6952.0
97,4693.0,-6908.0
98,4677.346678620848,-6883.56011570674
99,4421.0,-6444.0
100,4403.9980848499945,-6413.60750595952
101,4364.671156613783,-6343.960364480337
102,4356.0,-6329.0
103,4232.0,-6122.0
104,4220.63172656887,-6103.923393867135
105,4165.011743404517,-6021.2569680540355
106,4122.0,-5963.0
107,4087.0,-5917.0
108,4074.2351319603663,-5900.741693323305
109,3995.0,-5805.0
110,3989.4605262891205,-5798.622964087125
111,3885.4642764065434,-5689.211490046096
112,3823.0,-5639.0
113,3695.745574709251,-5554.575361623229
114,3678.0,-5544.0
115,3480.011531881304,-5467.60974604687
116,3449.0,-5462.0
117,3296.3395208233173,-5441.576647508528
118,3260.0,-5438.0
119,3154.2578035292827,-5431.26375666286
120,3048.0,-5424.0
121,2944.0,-5408.0
122,2897.979177957472,-5397.062735996249
123,2790.0,-5359.0
124,2717.15154779051,-5321.513634490284
125,2672.0,-5293.0
126,2578.377110477239,-5219.574370179843
127,2558.0,-5201.0
128,2493.0,-5132.0
129,2435.1787985476126,-5046.36787702472
130,2405.0,-4992.0
131,2390.0,-4959.0
132,2387.5149682150013,-4952.824962762657
133,2357.0,-4867.0
134,2334.8409489387877,-4795.117422989128
135,2292.0,-4639.0
136,2246.6931447995335,-4482.251226704201
137,2230.0,-4423.0
138,2193.0886544790774,-4286.9256231688605
139,2182.0,-4261.0
140,2127.072473326829,-4144.741754862661
141,2102.0,-4097.0
142,2059.393912058886,-4028.654816562427
143,1969.728228692004,-3945.7102844304445
144,1957.0,-3935.0
145,1916.0,-3901.0
146,1834.0,-3843.0
147,1777.582330920753,-3810.8967052671546
148,1698.0,-3774.0
149,1646.4883413715984,-3755.5943762082607
150,1551.0,-3731.0
151,1507.5777911152795,-3722.9389459436843
152,1443.0,-3714.0
153,1362.938794069848,-3707.4909647716513
154,1302.0,-3704.0
155,1104.931783288032,-3693.0070500780116
156,1073.0,-3691.0
157,1020.9066485032682,-3687.0805052611513
158,967.0,-3680.0
159,918.1285314744102,-3671.95550359915
160,842.0,-3657.0
161,782.5008945665516,-3641.4870219994345
162,689.0,-3604.0
163,638.078641495587,-3577.3268436609633
164,517.0,-3505.0
165,475.9911067143693,-3477.52199731075
166,352.5530977122299,-3362.7014326977587
167,351.0,-3361.0
168,300.4979315753486,-3303.8531844573536
169,278.0,-3276.0
170,248.11239268012753,-3235.9672743482715
171,194.6494080965852,-3143.609519509131
172,193.0,-3140.0
173,146.0,-3019.0
174,136.72647197384097,-2989.267835693079
175,124.14272474142014,-2924.171171425223
176,123.0,-2861.0
177,126.36539803667723,-2790.222880823275
178,130.0,-2759.0
179,149.12670824535692,-2675.301409955525
180,159.0,-2646.0
181,232.0,-2462.0
182,236.26903675713527,-2451.5018330207663
183,328.2701158509493,-2223.649027542776
184,337.0,-2202.0
185,371.868509958211,-2115.8461715906324
186,406.0,-2025.0
187,437.0,-1934.0
188,445.82434269752247,-1903.3242044975857
189,462.0,-1830.0
190,470.0,-1747.0
191,470.22858367956866,-1715.767569192118
192,446.0,-1558.0
193,443.59766100053344,-1550.0005544417904
194,405.0161512421935,-1450.2591547036932
195,403.0,-1446.0
196,353.2969570914086,-1357.0863584845704
197,337.0,-1332.0
198,299.26897949551136,-1279.8886797966404
199,267.0,-1242.0
200,198.87082998950154,-1175.267304650465
201,176.0,-1156.0
202,97.08525377241992,-1099.421172747095
203,82.0,-1090.0
204,8.409349010970985,-1049.2956574695938
205,-115.0,-991.0
206,-254.70128986664795,-926.4102652337457
207,-260.0,-924.0
208,-401.86396124096376,-861.8566955871518
209,-514.0,-820.0
210,-608.5854433368428,-790.5340629946538
211,-671.0,-775.0
212,-816.958016942944,-744.9798686161414
213,-949.0,-721.0
214,-983.2570457156238,-715.3076160335451
215,-1044.1631554689466,-707.6645415169204
216,-1102.0,-704.0
217,-1244.0,-698.0
218,-1354.454718182523,-699.0386221592095
219,-1388.0,-700.0
220,-1469.4059299689754,-703.012312462563
221,-1532.0,-707.0
222,-1640.5343626353529,-719.2270638590182
223,-1802.0,-752.0
224,-1845.0,-764.0
225,-1955.2310730022318,-801.6974819923149
226,-2014.0,-824.0
227,-2165.0,-888.0
228,-2257.9806621313423,-935.5228389389692
229,-2457.0,-1045.0
230,-2577.359061285694,-1121.7022031858942
231,-2639.033652716785,-1173.5624113739368
232,-2642.0,-1176.0
233,-2744.0,-1266.0
234,-2866.5889006647344,-1399.126370677854
235,-2890.0,-1426.0
236,-3082.0,-1683.0
237,-3093.3042397925633,-1699.0207887835522
238,-3153.3492559548026,-1781.0174099310389
239,-3230.0,-1880.0
240,-3252.5284841391135,-1908.7777491707566
241,-3759.0,-2537.0
242,-3777.637183996454,-2558.2000286024218
243,-3837.713690378122,-2619.473758381974
244,-3872.0,-2645.0
245,-3966.0,-2697.0
246,-4026.546533132888,-2716.451453970735
247,-4149.0,-2741.0
248,-4173.973837371563,-2745.5684115984036
249,-4394.0,-2783.0
250,-4526.758992853529,-2805.8107467869463
251,-4571.0,-2813.0
252,-4653.544929680366,-2825.443287480978
253,-4683.0,-2830.0
254,-4832.0,-2853.0
255,-4943.56770152978,-2863.7564217702256
256,-5073.0,-2872.0
257,-5092.168573584717,-2872.8449817669425
258,-5154.664942781883,-2872.04378533195
259,-5204.0,-2866.0
260,-5242.219545120085,-2861.985713784972
261,-5280.0,-2857.0
262,-5358.0,-2839.0
263,-5369.532170711205,-2835.5596999702184
264,-5427.0,-2811.0
265,-5456.250794871042,-2790.7319193942094
266,-5529.0,-2727.0
267,-5558.166872459975,-2691.8650622830223
268,-5572.0,-2665.0
269,-5595.432056004449,-2616.077074802214
270,-5632.0,-2531.0
271,-5638.35529625536,-2513.1925723698378
272,-5653.0,-2453.0
273,-5654.496687834171,-2444.1116266896347
274,-5672.0,-2316.0
275,-5680.50355026834,-2241.516331951752
276,-5684.716721789422,-2198.3645952324523
277,-5685.0,-2196.0
278,-5701.206832864642,-2085.222268535085
279,-5702.0,-2081.0
280,-5723.571585590034,-1979.228916058664
281,-5730.0,-1950.0
282,-5743.020834346306,-1890.027805818162
283,-5764.352640439733,-1791.6526310172655
284,-5772.0,-1759.0
285,-5777.0,-1738.0
286,-5783.597291442049,-1709.317198943887
287,-5803.1386831807695,-1618.9934446563861
288,-5804.0,-1615.0
289,-5839.0,-1453.0
290,-5848.173018585596,-1409.5495168412021
291,-5862.0,-1344.0
292,-5869.240425616963,-1310.2266963645607
293,-5895.0,-1192.0
294,-5896.611838814952,-1184.6347410562666
295,-5907.0,-1137.0
296,-5932.240177244245,-1017.7469329252241
297,-5936.0,-1000.0
298,-5962.0,-879.0
299,-5983.010582398097,-784.7114386464411
300,-5992.0,-743.0
301,-6004.252527406398,-683.1831366939448
302,-6026.0,-572.0
303,-6040.974733015188,-496.0106558187375
304,-6053.0,-437.0
305,-6077.0,-322.0
306,-6094.96997124119,-223.32269365688757
307,-6119.4531094758195,-73.10695991894097
308,-6125.0,-37.0
309,-6139.703701616461,78.20828065236253
310,-6143.0,131.0
311,-6145.24570390525,189.05520100161908
312,-6142.0,272.0
313,-6120.954638882687,406.8116794309276
314,-6077.0,598.0
315,-6045.387619072357,697.5791365769876
316,-6011.424593048056,768.1743932531806
317,-6006.0,780.0
318,-5970.0,860.0
319,-5946.934431540784,909.4940783749603
320,-5916.0,974.0
321,-5885.059385245035,1037.113009399258
322,-5863.0,1084.0
323,-5814.359665951461,1195.5068396705904
324,-5810.0,1206.0
325,-5789.0,1267.0
326,-5784.035061324941,1287.0814073756123
327,-5770.984486608546,1352.8877720490066
328,-5770.0,1361.0
329,-5770.715049767931,1432.11629534004
330,-5771.0,1434.0
331,-5781.0,1476.0
332,-5796.0,1513.0
333,-5805.067109955359,1528.7349919468884
334,-5833.0,1565.0
335,-5870.3383332414405,1596.972878628514
336,-5872.0,1598.0
337,-5926.0,1625.0
338,-5932.350561177717,1627.5979073358642
339,-5960.0,1632.0
340,-5966.749436687072,1631.9495611231082
341,-6012.278880880548,1630.0159221931026
342,-6045.0,1627.0
343,-6075.424301016009,1618.3477456563967
344,-6085.0,1614.0
345,-6109.693397766488,1602.5036203612206
346,-6127.0,1593.0
347,-6173.0,1557.0
348,-6181.981525065468,1548.5931941245792
349,-6208.538907231447,1520.9825151304403
350,-6216.0,1512.0
351,-6241.0,1477.0
352,-6253.782605537643,1456.6981584236205
353,-6287.0,1400.0
354,-6310.268307712137,1357.5305121337424
355,-6329.0,1321.0
356,-6339.966640789882,1299.503366514712
357,-6354.0,1272.0
358,-6384.0,1214.0
359,-6389.486491599195,1203.6901165016104
360,-6412.0,1162.0
361,-6440.515703021262,1109.5918235717625
362,-6473.0,1051.0
363,-6488.353015601504,1023.9132058954337
364,-6516.0,976.0
365,-6539.0,937.0
366,-6574.697779877137,878.363478102707
367,-6615.0,814.0
368,-6618.327964997525,808.7630132630344
369,-6657.373928195301,748.2234799543884
370,-6664.0,738.0
371,-6700.636052179994,681.4435961422932
372,-6744.0,615.0
373,-6805.0,523.0
374,-6808.981206819313,516.9921672480141
375,-6861.0,439.0
376,-6899.233322057249,383.9853634109506
377,-6921.0,353.0
378,-6990.387300810993,257.47483239713375
379,-7013.0,230.0
380,-7114.555506920076,114.71118108618086
381,-7144.0,83.0
382,-7223.473650878763,4.095893650156327
383,-7313.0,-69.0
384,-7397.536724687217,-135.1667731320689
385,-7427.0,-156.0
386,-7473.786758560585,-187.17310752825853
387,-7590.86915864762,-256.68708921260355
388,-7607.0,-265.0
389,-7716.0,-313.0
390,-7762.17581017924,-329.37898015549246
391,-7793.0,-339.0
392,-7961.0,-377.0
393,-7983.314244579027,-380.9339046762558
394,-8122.0,-400.0
395,-8340.0,-421.0
396,-8422.18613783586,-427.5011661468132
397,-8575.538879904658,-431.34594809088804
398,-8657.0,-427.0
399,-8746.114011361427,-420.2389656892759
400,-8955.0,-399.0
401,-8977.790807360723,-395.98407314067805
402,-9109.271650624409,-372.3530647793159
403,-9173.0,-358.0
404,-9234.763752497382,-343.42535463641514
405,-9253.0,-339.0
406,-9455.0,-283.0
407,-9554.854391359466,-250.17709520311956
408,-9751.0,-182.0
409,-9946.760884592024,-107.94133000430952
410,-10056.803422733226,-63.29057092675511
411,-10060.0,-62.0
412,-10131.42588239454,-33.27340658026345
413,-10202.0,0.0
414,-10300.631323190457,50.780457759382095
415,-10435.0,124.0
416,-10507.268845098462,166.84982499128768
417,-10682.0,293.0
418,-10724.602808923624,326.59312387607605
419,-10852.0,432.0
420,-10973.804079380496,550.9554274098609
421,-11061.0,647.0
422,-11127.004224583314,721.5921453859626
423,-11195.2674300186,814.9984011261969
424,-11208.0,834.0
425,-11332.219556148917,1028.434384363879
426,-11344.0,1048.0
427,-11398.682688043147,1153.1203770113766
428,-11409.0,1176.0
429,-11451.610937941594,1271.9552745097642
430,-11506.0,1397.0
431,-11626.0,1678.0
432,-11637.57295767308,1705.2886329105095
433,-11675.379373579457,1795.118707720026
434,-11715.0,1889.0
435,-11773.800262985555,2024.0325064270774
436,-11783.0,2044.0
437,-11847.0,2175.0
438,-11872.43853353813,2225.2097158481756
439,-11891.0,2261.0
440,-12011.805303082041,2479.9095841338567
441,-12037.0,2520.0
442,-12109.748205410113,2617.5220574574437
443,-12190.738329302587,2686.2042168399876
444,-12245.0,2723.0
445,-12249.6262056818,2725.9270101003967
446,-12325.583863039641,2766.5625898676767
447,-12329.0,2768.0
448,-12460.0,2812.0
449,-12490.844055534135,2819.4921641127694
450,-12646.0,2835.0
451,-12674.848371734271,2835.0292222956
452,-12870.248682308704,2828.0232929342997
453,-12890.0,2827.0
454,-12966.84496091425,2820.4213142760323
455,-13010.0,2811.0
456,-13075.1458612372,2796.1633160745037
457,-13183.0,2770.0
458,-13261.502006879833,2745.315345854765
459,-13280.0,2738.0
460,-13352.163358166217,2706.0361326906022
461,-13429.379653611417,2664.627116794442
462,-13432.0,2663.0
463,-13466.0,2640.0
464,-13496.96468996797,2615.403689964268
465,-13548.0,2569.0
466,-13601.538785391094,2511.8669999417475
467,-13642.0,2434.0
468,-13690.0,2302.0
469,-13699.412132074758,2272.427988931384
470,-13708.978460980077,2227.8084468620514
471,-13707.24919953289,2186.145396233536
472,-13707.0,2175.0
473,-13705.0,2094.0
474,-13701.537784155142,2054.436947689368
475,-13686.0,1986.0
476,-13653.083900444608,1884.3737508168501
477,-13632.0,1828.0
478,-13535.967210921166,1651.8273402082548
479,-13529.0,1642.0
480,-13431.93931599088,1521.916588178453
481,-13424.0,1513.0
482,-13350.709396871922,1436.0451556055525
483,-13318.0,1404.0
484,-13288.86422498427,1376.2466053089595
485,-13196.0,1295.0
486,-13173.963341469333,1276.9133224081256
487,-13067.0,1191.0
488,-13026.361279448374,1159.424376616648
489,-13004.0,1143.0
490,-12889.402472613358,1057.298846066572
491,-12814.0,1002.0
492,-12778.0,976.0
493,-12747.176180564358,953.7750774029427
494,-12643.888564312916,879.7488688104654
495,-12640.0,877.0
496,-12554.0,817.0
497,-12547.34978701141,812.3958468937675
498,-12421.0,726.0
499,-12390.560558669295,705.822408833327
500,-12272.0,629.0
501,-12207.619975073832,587.4324160254922
502,-12172.0,565.0
503,-12016.62611856167,469.56229439432764
504,-11973.0,443.0
505,-11901.279769159848,399.59694406404856
506,-11824.39702971873,355.6358089790174
507,-11761.0,319.0
508,-11723.0,297.0
509,-11608.0,234.0
510,-11589.467086693763,223.97082894202038
511,-11452.0,149.0
512,-11424.83596508327,134.38707203872224
513,-11274.515932456114,54.408810708749
514,-11188.0,9.0
515,-11130.308440622328,-20.758092269188204
516,-10999.0,-85.0
517,-10977.371944539078,-95.50840184805024
518,-10931.0,-118.0
519,-10847.937281233353,-157.7765138220121
520,-10751.0,-202.0
521,-10674.965028980632,-235.55370088623323
522,-10468.0,-325.0
523,-10457.785523452241,-329.3523138659882
524,-10384.350252682281,-359.7152057369709
525,-10320.74503170573,-383.5811065788133
526,-10317.0,-385.0
527,-10193.0,-432.0
528,-10167.571052267624,-441.52220183477976
529,-9972.0,-512.0
530,-9916.269765616458,-531.4479294099226
531,-9718.0,-600.0
532,-9654.232416443068,-621.9258626463225
533,-9583.0,-646.0
534,-9484.164133752965,-679.3675770642138
535,-9281.0,-748.0
536,-9223.427837783696,-767.5168687564885
537,-9154.412084251075,-791.1794190201746
538,-9084.0,-815.0
539,-8980.886159912361,-849.6660717331551
540,-8780.0,-917.0
541,-8646.188899409342,-961.6880091404951
542,-8522.90221249993,-1002.7069967069519
543,-8504.0,-1009.0
544,-8170.521119993025,-1120.4710045864772
545,-8166.0,-1122.0
546,-8075.035696328071,-1152.9592007572478
547,-8019.0,-1172.0
548,-7899.9343742730225,-1212.1592232660385
549,-7817.0,-1240.0
550,-7753.183998790179,-1261.3496743915136
551,-7639.862483404178,-1299.200058598758
552,-7566.0,-1324.0
553,-7349.0,-1397.0
554,-7265.754948677935,-1424.7750766350043
555,-7217.0,-1441.0
556,-7089.66781217291,-1484.225796629089
557,-7046.0,-1499.0
558,-6890.398569276187,-1551.331866480643
559,-6697.079509142638,-1615.9669957633319
560,-6679.0,-1622.0
561,-6557.866473999521,-1662.3308738731262
562,-6523.0,-1674.0
563,-6351.258766599354,-1731.614546538725
564,-6240.0,-1769.0
565,-6108.192801883927,-1813.493543371932
566,-6083.0,-1822.0
567,-5901.72916123834,-1883.0395810780687
568,-5815.0,-1912.0
569,-5716.249149046924,-1944.5442195092023
570,-5658.0,-1963.0
571,-5412.921491207666,-2036.2722956150233
572,-5372.0,-2047.0
573,-5278.302275455626,-2059.291987901196
574,-5242.0,-2057.0
575,-5094.0,-2041.0
576,-5064.87470992121,-2035.5358380747507
577,-4869.93501371448,-1975.793194890846
578,-4804.0,-1952.0
579,-4742.0,-1929.0
580,-4493.688655818529,-1824.5693345646596
581,-4454.0,-1807.0
582,-4307.0,-1733.0
583,-4249.422131508349,-1700.1774918191268
584,-4080.0,-1599.0
585,-4070.977631873602,-1593.2692273571345
586,-4011.0,-1554.0
587,-3954.688053061715,-1515.549669262462
588,-3783.103134524599,-1393.2234946450694
589,-3736.0,-1359.0
590,-3667.7770824780046,-1308.5537729242237
591,-3622.3199210370617,-1271.9262477398483
592,-3469.5438320654475,-1127.9342388129523
593,-3383.0,-1047.0
594,-3232.0,-906.0
595,-3127.3358280256903,-808.3767472213649
596,-3092.4792407692503,-774.9893927812622
597,-3064.0,-747.0
598,-2968.6034467143927,-653.5213786594456
599,-2833.0,-520.0
600,-2781.3081867596657,-467.79266789991004
601,-2722.0,-407.0
602,-2606.0,-292.0
603,-2551.4540790320725,-237.45213314139065
604,-2462.0,-148.0
605,-2405.081486643932,-91.75590428095188
606,-2324.0,-12.0
607,-2284.224545681122,25.595801678633883
608,-2272.0,35.0
609,-2236.586368167603,63.83608734625726
610,-2178.0,110.0
611,-2159.1085863102817,123.41316393990724
612,-2123.0,146.0
613,-2103.2696447882086,156.75617477947227
614,-1983.0,209.0
615,-1978.7354957461803,210.56042813800042
616,-1913.3719158360775,227.22539065329482
617,-1900.0,229.0
618,-1846.7987941866422,234.1467459730827
619,-1824.0,235.0
620,-1772.7360939777623,231.39539457028133
621,-1734.724056601981,220.99811007579274
622,-1711.0,211.0
623,-1690.7769921080746,200.08954739868076
624,-1644.16140870225,166.17962824974595
625,-1631.0,155.0
626,-1616.8273256688717,141.64945582781326
627,-1585.0,113.0
628,-1564.3145630089143,97.20398735558805
629,-1509.3876548078579,58.41166962932126
630,-1496.0,50.0
631,-1462.3830822309233,33.4103273336061
632,-1430.5588282996553,28.45727101130701
633,-1421.0,27.0
634,-1393.2144601992836,22.757870131474714
635,-1370.0,22.0
636,-1285.8085502199667,29.588621711196396
637,-1274.0,31.0
638,-1224.0241734077458,38.33833546495275
639,-1212.0983231061412,46.50539716007837
640,-1183.0,66.0
641,-1141.5415911344066,93.30624505810468
642,-1109.0,116.0
643,-1050.789646551182,167.76620910269574
644,-1025.0,195.0
645,-1004.2720760846291,216.13922890874608
646,-963.2173894779597,254.77604379835427
647,-946.0,270.0
648,-903.0,307.0
649,-842.0,353.0
650,-827.0999537454101,362.49824608410427
651,-713.0,428.0
652,-637.41580131748,458.0994504236231
653,-585.3001548404472,467.43444920320314
654,-582.0,468.0
655,-527.0,477.0
656,-386.8214973048358,489.9123333423868
657,-383.0,490.0
658,-213.13385777711738,486.2690225389799
659,-209.0,486.0
660,-113.15930237620745,476.21393767800157
661,-21.0,460.0
662,65.13088763366115,440.20923647979623
663,103.0,430.0
664,225.09540300625972,391.2561162575706
665,252.0,382.0
666,362.6696392405506,341.555296256066
667,391.0,330.0
668,528.0,267.0
669,616.8391715533669,218.51103856530386
670,695.0,169.0
671,702.7683402766733,163.8440292649463
672,859.7368545112982,53.893262643733294
673,885.0,35.0
674,1041.8148881742686,-106.81594765907886
675,1046.0,-111.0
676,1224.0,-291.0
677,1276.3328211622306,-344.45912453909744
678,1347.0,-429.0
679,1428.617607453781,-525.4806433388947
680,1485.0,-592.0
681,1570.026627640049,-692.0256493058239
682,1629.1086713064342,-760.6217616967283
1,1833.0,-1000.0
2,2014.0,-1211.0
3,2058.863707836048,-1263.542893002697
4,2134.947973123531,-1353.6118015877337
5,2197.0,-1426.0
6,2223.4528055069013,-1456.5368370519627
7,2280.0,-1522.0
8,2393.1236886733436,-1654.6200591213617
9,2477.0,-1753.0
10,2568.8959000773248,-1860.003835418959
11,2661.5171272821376,-1966.9725220975897
12,2677.0,-1985.0
13,2761.0614029667195,-2084.4141245731216
14,2793.0,-2122.0
15,2898.4108623297443,-2245.3092677737914
16,2899.0,-2246.0
17,3023.3120589198957,-2392.267072304076
18,3081.0,-2460.0
19,3181.0669384560456,-2576.397262847987
20,3222.0,-2624.0
21,3319.969253905268,-2738.343126628145
22,3418.0,-2853.0
23,3517.991087269403,-2970.055704740363
24,3697.3579355341094,-3179.7316361000926
25,3714.0,-3199.0
26,3752.6517503997684,-3242.9587474053387
27,3858.0,-3367.0
28,3899.0,-3416.0
29,4017.225060689112,-3556.035369009285
30,4106.0,-3660.0
31,4183.009993916191,-3752.146887395706
32,4227.0,-3804.0
33,4378.0,-3980.0
34,4391.322200174857,-3995.5642118657274
35,4511.0,-4138.0
36,4559.412946371606,-4195.083052038391
37,4710.742369458655,-4372.529246508948
38,4712.0,-4374.0
39,4832.274456319095,-4513.989805407159
40,4875.0,-4564.0
41,4946.729867770855,-4648.520365045283
42,5027.0,-4743.0
43,5057.395062920581,-4778.666848303248
44,5212.0,-4960.0
45,5254.858912263844,-5010.57164666111
46,5373.543239090112,-5151.890822144134
47,5425.0,-5213.0
48,5490.184332535521,-5289.752351104871
49,5596.87010414551,-5415.16525971183
50,5639.0,-5466.0
51,5755.238654473022,-5609.035351937189
52,5865.0,-5752.0
53,5926.453719966496,-5842.878130607562
54,5991.0,-5983.0
55,6000.742618385076,-6012.526482573128
56,6015.0,-6061.0
57,6043.0,-6205.0
58,6045.926629602956,-6237.474454729199
59,6034.094910604121,-6503.292333223204
60,6034.0,-6504.0
61,6009.850501035115,-6624.142051857223
62,5980.0,-6727.0
63,5933.0,-6881.0
64,5929.712531150777,-6890.6252532403
65,5875.0,-7012.0
66,5860.387395512242,-7035.976204536673
67,5833.0,-7077.0
68,5806.118087977169,-7112.7831548138365
69,5725.625255350949,-7182.601016996323
70,5725.0,-7183.0
71,5578.587685562105,-7262.709691783237
72,5578.0,-7263.0
73,5490.53470064569,-7290.164953738408
74,5477.0,-7292.0
75,5394.0,-7304.0
76,5365.531840445869,-7306.343203393113
77,5298.0,-7307.0
78,5269.007409274724,-7305.266756693893
79,5201.0,-7297.0
80,5193.172954981523,-7295.660383192586
81,5128.0,-7280.0
82,5075.4895780187835,-7261.841632540802
83,5021.0,-7238.0
84,5004.140302318652,-7229.321071856928
85,4928.0,-7181.0
86,4903.2966290059885,-7161.963755751206
87,4858.0,-7121.0
88,4789.834371248442,-7041.2527762022655
89,4704.0,-6924.0
90,4675.639263752049,-6880.662936451385
91,4662.0,-6858.0
92,4614.731503744837,-6781.200286244987
93,4574.0,-6714.0
94,4528.742352002966,-6635.862391666129
95,4495.0,-6576.0
96,4454.0,-6503.0
97,4448.343456752705,-6492.896400531698
98,4376.0,-6364.0
99,4146.0,-5996.0
100,4131.023966097228,-5975.328874135966
101,4050.0,-5870.0
102,3998.4226906970807,-5808.674888338722
103,3971.0,-5778.0
104,3906.0554223168156,-5710.851144275799
105,3876.0,-5683.0
106,3824.8229720666795,-5640.225586824274
107,3770.0,-5600.0
108,3641.609201790491,-5526.046280445351
109,3628.0,-5520.0
110,3378.7633596209816,-5450.120371256007
111,3378.0,-5450.0
112,3105.277336573616,-5429.415649167649
113,3075.0,-5426.0
114,2959.9862279870067,-5406.645664957764
115,2858.804552089949,-5382.565811447467
116,2838.0,-5377.0
117,2777.329479776663,-5357.866000887194
118,2704.0,-5313.0
119,2640.1991868823834,-5263.96920002017
120,2527.4895628847657,-5168.658354159392
121,2516.0,-5158.0
122,2461.64644186115,-5100.1643559372005
123,2416.0,-5012.0
124,2403.8582449728965,-4985.8077828665955
125,2373.0,-4913.0
126,2361.7428574847677,-4880.224656518891
127,2337.0,-4796.0
128,2302.03861388251,-4675.019792770938
129,2286.0,-4618.0
130,2206.2334715765696,-4337.674824567753
131,2206.0,-4337.0
132,2165.8010750041735,-4232.2378102041275
133,2102.988096164089,-4101.611231879276
134,2098.0,-4093.0
135,2069.6669680890927,-4051.9749234815076
136,2042.0,-4021.0
137,1965.6068322692433,-3943.7584541950378
138,1937.0,-3918.0
139,1891.1558311256792,-3881.205206955434
140,1805.0,-3826.0
141,1675.0,-3766.0
142,1664.8502574564445,-3762.3318244734746
143,1584.0,-3738.0
144,1477.4919970533465,-3717.7804297926536
145,1464.0,-3716.0
146,1325.9878134163941,-3705.4590677180468
147,1275.0,-3703.0
148,1227.8774878697789,-3700.861146318328
149,1175.0,-3698.0
150,987.6420935459762,-3683.058842940633
151,987.0,-3683.0
152,842.0,-3657.0
153,734.7474797520347,-3617.672446333241
154,627.0,-3573.0
155,535.0861833704123,-3521.3239977044
156,494.0,-3488.0
157,419.5731689520133,-3426.5578077739233
158,386.0,-3396.0
159,356.3573176593277,-3366.112008433155
160,328.0,-3335.0
161,257.0,-3247.0
162,251.63587404503176,-3239.3547152835995
163,210.0,-3170.0
164,199.87239222967952,-3149.379416875765
165,149.13585905116088,-3023.274022066304
166,138.0,-2987.0
167,122.91456319639687,-2914.3423225305432
168,125.0,-2808.0
169,139.48556353240417,-2731.229227832236
170,167.5002872648515,-2634.0409692432895
171,196.0,-2549.0
172,203.5197470386213,-2529.0720151981727
173,235.0,-2456.0
174,262.0713707905375,-2389.3125240905083
175,293.0,-2312.0
176,302.4723960365675,-2288.341138719559
177,335.0,-2207.0
178,348.06960831159347,-2174.114567558554
179,388.0,-2072.0
180,410.89458417055005,-2011.5972660287682
181,428.0,-1963.0
182,451.0,-1882.0
183,460.62775241419143,-1841.651035056067
184,470.0,-1701.0
185,467.9902170584246,-1684.5219137124714
186,429.0,-1508.0
187,388.6679774181577,-1403.8892478788794
188,288.0,-1266.0
189,133.7885911296565,-1124.4707826780489
190,117.0,-1112.0
191,58.833728037103356,-1074.3588110896435
192,-21.0,-1034.0
193,-55.095208392494385,-1017.9460715391815
194,-120.0,-988.0
195,-265.0,-922.0
196,-331.6770119307147,-893.1313651667721
197,-474.25277650267043,-834.7231817748291
198,-500.0,-825.0
199,-586.1247090256288,-795.7343883513311
200,-709.0,-766.0
201,-926.2348225764131,-725.1303792458259
202,-927.0,-725.0
203,-1107.0,-704.0
204,-1143.8529182004627,-702.0805659384573
205,-1306.0,-698.0
206,-1422.0,-701.0
207,-1464.0961605936593,-702.9757710250938
208,-1565.0,-710.0
209,-1578.9090437767775,-711.3116548784153
210,-1736.0,-735.0
211,-1946.2472295705506,-798.7428789176386
212,-1947.0,-799.0
213,-2141.7658617933803,-877.292524813516
214,-2154.0,-883.0
215,-2246.007232791153,-927.7038458573263
216,-2262.0,-936.0
217,-2383.1683331668182,-1002.822057687843
218,-2497.0,-1070.0
219,-2564.0115666906095,-1113.8849673294808
220,-2620.0,-1158.0
221,-2672.7709344346604,-1202.3208948894608
222,-2756.0,-1278.0
223,-2869.987220244099,-1403.7586071477726
224,-2880.0,-1416.0
225,-2937.0,-1489.0
226,-2967.9174532960274,-1529.5932151210122
227,-3068.610971001007,-1663.6696397994635
228,-3169.0,-1798.0
229,-3207.052477373135,-1848.7577805607111
230,-3282.0,-1948.0
231,-3298.725906859809,-1970.085229614022
232,-3358.0,-2048.0
233,-3377.506429833264,-2073.3679665237964
234,-3498.507864418831,-2226.4014972392692
235,-3499.0,-2227.0
236,-3595.0,-2341.0
237,-3669.6895302706444,-2431.932754088784
238,-3723.0,-2494.0
239,-3831.830356011922,-2609.961896296591
240,-3854.0,-2631.0
241,-3981.0,-2702.0
242,-4114.125993244721,-2731.9880546759896
243,-4259.0,-2759.0
244,-4275.329436324579,-2762.0257908859367
245,-4467.211117661355,-2796.2409759847956
246,-4516.0,-2804.0
247,-4547.186022804768,-2808.7991308652145
248,-4627.0,-2821.0
249,-4745.367660731846,-2839.5527320199317
250,-4819.0,-2851.0
251,-4894.5104568165025,-2861.9397328212135
252,-4947.0,-2866.0
253,-5062.447976705771,-2871.9836678832917
254,-5063.0,-2872.0
255,-5188.310209828589,-2868.277197038703
256,-5217.0,-2865.0
257,-5268.367761656572,-2857.686437923428
258,-5328.0,-2847.0
259,-5357.140826078298,-2840.118096602296
260,-5404.0,-2822.0
261,-5429.761332995766,-2807.7564428634614
262,-5498.530230265643,-2758.712351388934
263,-5515.0,-2743.0
264,-5533.0,-2722.0
265,-5571.5751862784455,-2664.632649226122
266,-5602.451383263458,-2606.581398232267
267,-5606.0,-2599.0
268,-5637.0,-2516.0
269,-5661.923508769838,-2402.449111701861
270,-5662.0,-2402.0
271,-5671.963912218654,-2322.5903055094086
272,-5678.0,-2258.0
273,-5688.699314885948,-2164.805681328864
274,-5690.0,-2155.0
275,-5704.150540370938,-2067.2471695606787
276,-5707.0,-2053.0
277,-5739.576791189257,-1906.6110657558838
278,-5747.0,-1874.0
279,-5776.84699415363,-1740.614808810041
280,-5788.0,-1690.0
281,-5810.879315501901,-1585.8333077595905
282,-5827.0,-1510.0
283,-5860.9159460629435,-1347.8639613014018
284,-5869.0,-1310.0
285,-5879.220208845731,-1263.724346551231
286,-5896.0,-1189.0
287,-5926.320176917054,-1047.2632440822747
288,-5952.0,-926.0
289,-5965.434243662471,-862.5053091637733
290,-5979.0,-799.0
291,-5988.561845567254,-754.576844383235
292,-6012.0,-643.0
293,-6030.0,-550.0
294,-6033.24655094257,-533.3932265954516
295,-6086.0,-268.0
296,-6100.526589596095,-192.75987705716994
297,-6129.0,-4.0
298,-6130.416583054002,7.717123007589258
299,-6143.0,135.0
300,-6144.324826313163,176.93600350373708
301,-6142.0,262.0
302,-6137.067121463553,317.63388692606134
303,-6127.0,389.0
304,-6100.0,515.0
305,-6093.215282716269,540.7034023062256
306,-6027.0,729.0
307,-5979.806842732171,836.4775030130285
308,-5950.0,902.0
309,-5928.246716625068,949.0014675058934
310,-5885.1497015961795,1036.6823745341164
311,-5885.0,1037.0
312,-5857.8653741864055,1095.6755146745352
313,-5854.0,1104.0
314,-5821.0,1176.0
315,-5815.264526053594,1190.011022218317
316,-5800.0,1232.0
317,-5777.573130036772,1310.809758748699
318,-5773.0,1336.0
319,-5769.0,1389.0
320,-5769.029285027938,1394.4131645352345
321,-5772.0,1434.0
322,-5774.737938647004,1449.8264004366679
323,-5786.903143351139,1491.7518783788657
324,-5787.0,1492.0
325,-5805.0,1529.0
326,-5823.757552698444,1558.9351337531375
327,-5853.095731166317,1586.292018961565
328,-5865.0,1594.0
329,-5908.15742132566,1617.3293541025125
330,-5922.0,1624.0
331,-5959.3966181293445,1636.7144316463568
332,-5985.0,1634.0
333,-6015.0,1632.0
334,-6019.105363056054,1631.5325624223592
335,-6060.0990285263215,1622.907351334578
336,-6072.0,1619.0
337,-6106.0,1604.0
338,-6113.307773295962,1600.0126628836872
339,-6139.0,1584.0
340,-6142.4818413120065,1581.6127037097774
341,-6198.555177201641,1530.5194437907553
342,-6199.0,1530.0
343,-6241.0,1477.0
344,-6244.311339305138,1472.541648148513
345,-6277.0,1418.0
346,-6283.599603468588,1405.7042249161873
347,-6305.0,1366.0
348,-6334.0,1311.0
349,-6339.895013690475,1299.285234106679
350,-6349.0,1281.0
351,-6397.328287516317,1187.5587203315254
352,-6402.0,1179.0
353,-6469.0,1059.0
354,-6496.963342180884,1007.74693389057
355,-6521.0,967.0
356,-6545.314058394532,927.2962825775919
357,-6626.0,798.0
358,-6659.949464831949,744.0697727675524
359,-6687.0,703.0
360,-6746.0,615.0
361,-6761.735447388857,591.1372869755887
362,-6838.799339927758,473.26088113236045
363,-6875.0,419.0
364,-6905.617862801619,374.41663127340496
365,-6993.0,258.0
366,-6998.192587924336,251.43103302130862
367,-7052.5869413979635,184.4657607680022
368,-7119.0,110.0
369,-7134.439713460364,93.63219044151495
370,-7181.0,47.0
371,-7353.154279073409,-99.49024688326087
372,-7365.0,-109.0
373,-7451.147143776149,-173.11898434705273
374,-7493.0,-199.0
375,-7617.481395755689,-268.3482791100678
376,-7675.0,-296.0
377,-7706.0,-309.0
378,-7726.358180884302,-316.8740441191337
379,-7856.976258698147,-355.96015915163156
380,-7876.0,-360.0
381,-8150.121872430876,-401.3978341821854
382,-8194.0,-407.0
383,-8248.75169272408,-412.8282260368982
384,-8278.0,-415.0
385,-8355.238802520214,-421.05708376091985
386,-8416.0,-425.0
387,-8500.74457295748,-428.19862092060976
388,-8639.0,-427.0
389,-8798.0,-417.0
390,-8811.220670048464,-415.7713890510594
391,-8915.0,-404.0
392,-9015.569120360935,-388.7397164465381
393,-9075.0,-378.0
394,-9161.607760478619,-360.24687890010205
395,-9249.0,-340.0
396,-9393.0,-301.0
397,-9426.31025617059,-290.957307792185
398,-9576.355230716536,-243.14592403684446
399,-9610.0,-232.0
400,-9730.376329786177,-189.481747585449
401,-9811.0,-159.0
402,-9897.0,-126.0
403,-9947.515487748435,-105.70072719314558
404,-10152.505768176712,-19.10211891189165
405,-10253.0,25.0
406,-10278.338732956436,36.43349471656342
407,-10392.347154858595,97.1515881726499
408,-10443.0,130.0
409,-10507.602423997792,172.86553701934452
410,-10652.0,271.0
411,-10679.043284787891,289.99199485561064
412,-10803.649864704897,388.7448224131771
413,-10824.0,407.0
414,-10915.423237568913,492.4371093796566
415,-10916.0,493.0
416,-11015.0,595.0
417,-11123.198328658757,719.5014230695401
418,-11172.0,785.0
419,-11312.226137089332,994.4935958404488
420,-11326.0,1017.0
421,-11434.868583825084,1231.9098364739832
422,-11471.0,1318.0
423,-11492.758285019305,1367.050445941962
424,-11510.0,1406.0
425,-11524.013993491239,1438.2938596427034
426,-11576.475792193547,1560.8761096845358
427,-11642.0,1716.0
428,-11661.589777100833,1762.848811988396
429,-11712.611772040853,1885.8848051344974
430,-11769.0,2013.0
431,-11816.165020432903,2111.1593735136703
432,-11914.924224371933,2305.2484815456446
433,-11928.0,2331.0
434,-12040.0,2523.0
435,-12058.879200841053,2546.838904291678
436,-12155.13333030202,2653.587094381
437,-12169.0,2666.0
438,-12266.214142592284,2734.106569835337
439,-12425.0,2803.0
440,-12444.01808060357,2809.7729491871587
441,-12523.793162649614,2827.1264091181033
442,-12585.0,2831.0
443,-12594.721118855625,2831.5195450202077
444,-12696.353616318956,2835.7289519857263
445,-12722.0,2836.0
446,-12832.0,2832.0
447,-12867.665559651665,2829.037307515111
448,-13000.0,2812.0
449,-13055.700853106213,2802.328678155759
450,-13118.0,2788.0
451,-13233.0,2754.0
452,-13245.00880829265,2750.3246633392623
453,-13310.106081447293,2730.3111904079296
454,-13346.537507283387,2713.629665592195
455,-13388.0,2688.0
456,-13509.586682597326,2605.295606761341
457,-13510.0,2605.0
458,-13570.0,2544.0
459,-13587.848315995358,2515.1826575349683
460,-13661.993663443247,2382.9525784605084
461,-13668.0,2371.0
462,-13702.28434052374,2273.8642371259193
463,-13704.141043669933,2222.2442327926296
464,-13705.0,2209.0
465,-13708.247690364065,2167.2493516343443
466,-13706.0,2114.0
467,-13700.306962028484,2070.882076279165
468,-13684.0,1977.0
469,-13669.355203440866,1911.353980697888
470,-13648.0,1867.0
471,-13564.192147088448,1699.647606274369
472,-13553.0,1679.0
473,-13486.594738208078,1585.7062545940757
474,-13486.0,1585.0
475,-13429.0,1519.0
476,-13398.208075887398,1485.7507519670203
477,-13327.0,1414.0
478,-13319.753131769696,1406.9199885814344
479,-13234.0,1328.0
480,-13182.87735316474,1284.9975236815114
481,-13086.0,1206.0
482,-13010.836938024375,1147.0805885225523
483,-12973.0,1119.0
484,-12919.552873595729,1079.5522955809308
485,-12751.0,956.0
486,-12720.893312830549,934.194557378602
487,-12622.0,864.0
488,-12565.239138347428,824.4643235282911
489,-12443.0,741.0
490,-12383.003533793893,701.1134365083785
491,-12317.0,658.0
492,-12189.998222336966,576.8368254992309
493,-12165.0,561.0
494,-12071.284033124124,502.24468740250927
495,-12020.0,471.0
496,-11925.670737031294,414.4375224157097
497,-11796.0,338.0
498,-11761.244878975125,317.9467447941011
499,-11617.0,238.0
500,-11537.193841973181,194.71247490790932
501,-11382.0,111.0
502,-11282.554164713,57.68960789903824
503,-11196.0,13.0
504,-11161.258771379587,-4.432786119779266
505,-11051.974513509072,-58.399803043483075
506,-11006.0,-81.0
507,-10924.0,-121.0
508,-10726.50794924759,-212.13289434712834
509,-10645.0,-249.0
510,-10570.59621058967,-282.4002803081445
511,-10524.0,-302.0
512,-10486.414539231928,-317.46872891730914
513,-10358.0,-369.0
514,-10273.331078742629,-401.078532201744
515,-10244.0,-412.0
516,-10082.0,-472.0
517,-9963.192368156499,-515.7402678659059
518,-9875.0,-547.0
519,-9575.0,-650.0
520,-9545.582950030275,-660.0592290874874
521,-9486.83458220825,-680.1932726988186
522,-9440.0,-696.0
523,-9361.994588889027,-722.1387179153666
524,-9229.657519946128,-766.4177759816043
525,-9213.0,-772.0
526,-9076.0,-818.0
527,-8880.0,-884.0
528,-8866.017355653308,-888.7106236627078
529,-8758.0,-925.0
530,-8668.607945005473,-954.4484049685502
531,-8528.0,-1001.0
532,-8299.0,-1078.0
533,-8255.055331800206,-1092.7680247669464
534,-8152.055299893106,-1127.189433926503
535,-8111.440448879146,-1140.5992959330447
536,-8054.0,-1160.0
537,-7992.0,-1181.0
538,-7945.357450474514,-1196.637372182942
539,-7824.0,-1237.0
540,-7744.60273904432,-1263.9625361809397
541,-7598.0,-1314.0
542,-7422.012485591656,-1373.1819408702008
543,-7351.0,-1397.0
544,-7263.911687207909,-1426.1811640999704
545,-7116.312756191546,-1475.5299086875423
546,-7103.0,-1480.0
547,-6964.849183841441,-1526.3792846247347
548,-6948.0,-1532.0
549,-6746.0,-1599.0
550,-6715.891710402717,-1609.140611374211
551,-6622.0,-1641.0
552,-6528.334881699913,-1672.6876163981278
553,-6450.0,-1699.0
554,-6405.4508544722,-1713.8511408282359
555,-6372.0,-1725.0
556,-6044.770469405616,-1834.740941030018
557,-6044.0,-1835.0
558,-5942.386573872406,-1869.2528326054235
559,-5887.0,-1888.0
560,-5844.446371986904,-1902.4085330267308
561,-5761.0,-1931.0
562,-5714.465813585675,-1947.4109312632504
563,-5558.0,-1999.0
564,-5448.76140289321,-2026.6296354017177
565,-5284.0,-2056.0
566,-5224.410970278124,-2059.950731256451
567,-5037.105914811982,-2029.1089409733916
568,-4947.0,-2001.0
569,-4935.443263234677,-1997.2873066143047
570,-4729.647630367827,-1924.767285531524
571,-4639.0,-1888.0
572,-4571.67828792036,-1859.6414748123195
573,-4483.0,-1821.0
574,-4410.974459594857,-1787.755788590658
575,-4213.479280233686,-1679.7884823386546
576,-4197.0,-1670.0
577,-4114.0,-1620.0
578,-4040.5855737036777,-1575.0002808496322
579,-3925.0,-1496.0
580,-3907.7340276992145,-1483.5270199981078
581,-3692.0,-1324.0
582,-3667.1967645826517,-1305.3082678849087
583,-3617.0,-1262.0
584,-3570.822659297626,-1219.460519650294
585,-3389.4789470504015,-1052.9872723126323
586,-3342.0,-1009.0
587,-3150.1116841342014,-828.9584146799632
588,-3059.0,-743.0
589,-2999.523200553157,-687.1560767594293
590,-2931.0,-620.0
591,-2874.424161136064,-562.607506658674
592,-2862.0,-550.0
593,-2758.8149820451426,-445.97118451693825
594,-2702.0,-389.0
595,-2623.2287972146196,-310.1858443330777
596,-2590.0,-277.0
597,-2463.441133885672,-150.4467016151483
598,-2463.0,-150.0
599,-2396.0,-82.0
600,-2348.0,-35.0
601,-2299.951749027283,11.247862143702957
602,-2234.0,66.0
603,-2133.3958118777273,138.72645873763287
604,-2133.0,139.0
605,-2094.0969504472896,163.76558181356768
606,-2068.0,175.0
607,-2038.470977085492,187.163481140878
608,-1990.0,206.0
609,-1960.3054806980997,216.048281741055
610,-1905.0,228.0
611,-1847.4405341328984,232.29725051261153
612,-1793.0,233.0
613,-1768.1163425149143,231.6853877676149
614,-1747.1538224238957,226.03434884796323
615,-1727.0,217.0
616,-1709.388920399001,208.66122032867906
617,-1680.0,193.0
618,-1639.407457529612,162.34843287827505
619,-1639.0,162.0
620,-1598.0,125.0
621,-1591.0607928888592,118.62926188973425
622,-1567.0,97.0
623,-1563.6033409783383,94.09918755227345
624,-1529.0,69.0
625,-1456.4886775723933,37.89015476654643
626,-1424.0,27.0
627,-1388.0439680075574,21.688902287635663
628,-1377.0,22.0
629,-1354.3198363542008,22.838689056049805
630,-1291.0,28.0
631,-1285.920143530097,28.829290346840693
632,-1241.0,41.0
633,-1164.3361276786168,76.82402679119114
634,-1164.0,77.0
635,-1111.7834143137563,109.9659257841678
636,-1079.0,142.0
637,-1042.0,178.0
638,-1026.7346200630197,193.04298746314674
639,-973.0,246.0
640,-942.0002080044144,275.528737764071
641,-911.0,300.0
642,-882.0253466199042,323.26119647995415
643,-855.0,344.0
644,-771.0,398.0
645,-756.0634933138851,406.07232361202523
646,-667.0,445.0
647,-640.4580448150099,453.18105807186794
648,-545.0,474.0
649,-526.8080892208309,476.97271960124704
650,-466.0,484.0
651,-441.8609945099221,485.52126077420553
652,-278.0,489.0
653,-219.39996178605287,488.4842835285469
654,-171.0,481.0
655,91.0894790190063,432.1854802677195
656,92.0,432.0
657,200.97896338811387,405.775829071064
658,233.6528124617416,390.33891673075846
659,264.0,378.0
660,400.69284443905724,325.2575255008723
661,425.0,315.0
662,482.0,289.0
663,583.0,236.0
664,603.9753407911185,224.2313046916727
665,705.0,162.0
666,807.1018798878677,88.77256555931893
667,927.1327431457254,-3.645723035714921
668,950.0,-22.0
669,997.2171780215484,-62.21628779803855
670,1050.0,-115.0
671,1096.8685439525193,-161.29007080678267
672,1185.7960696213092,-251.84473465759027
673,1201.0,-268.0
674,1349.0,-430.0
675,1398.5985976817105,-487.6209980143067
676,1428.933603075737,-526.149868405568
677,1438.0,-537.0
678,1619.0,-749.0
679,1629.2818877924485,-760.9866568071093
680,1730.5372753254742,-878.7243228328573
1,1832.9993187685316,-999.348041073961
2,1913.5449473139863,-1093.7433187558743
3,1942.0,-1127.0
4,2096.0,-1307.0
5,2097.536486519578,-1308.813754515268
6,2178.0,-1404.0
7,2221.25283100897,-1454.3768650676375
8,2304.0,-1550.0
9,2409.0,-1673.0
10,2410.572977673291,-1674.8425712327958
11,2504.0,-1784.0
12,2538.2743442973588,-1823.9641107810057
13,2643.0,-1946.0
14,2663.0202747525454,-1969.359518556952
15,2761.0,-2084.0
16,2907.550303393605,-2255.877434300353
17,2923.0,-2274.0
18,3087.0,-2466.0
19,3087.8377391077697,-2466.9760546851853
20,3208.0,-2607.0
21,3223.103256708134,-2624.6320826706415
22,3374.0,-2801.0
23,3413.1450958758805,-2846.7044475205626
24,3499.3319521891995,-2947.1599697440474
25,3597.0,-3061.0
26,3661.415094294199,-3136.170977491872
27,3810.0,-3310.0
28,3811.5925389332965,-3311.870794123051
29,3884.6005116068127,-3397.9904848131036
30,3985.6287720729165,-3518.2350300106136
31,4036.0,-3578.0
32,4139.661176545711,-3700.820392528427
33,4227.0,-3804.0
34,4296.790705700396,-3885.2571228640536
35,4318.0,-3910.0
36,4443.0,-4057.0
37,4445.3529939471355,-4059.77081311643
38,4535.589415320514,-4166.033585944842
39,4567.0,-4203.0
40,4670.0,-4324.0
41,4672.291612101205,-4326.683643679672
42,4786.427030570108,-4459.943614402451
43,4807.0,-4484.0
44,4900.747229128572,-4594.063405190548
45,4921.0,-4618.0
46,5012.0,-4726.0
47,5039.982329327216,-4758.982289377173
48,5209.521759511421,-4957.077230009562
49,5253.0,-5008.0
50,5291.648211719916,-5053.513719166597
51,5361.276111744749,-5136.5732398336595
52,5447.0,-5238.0
53,5619.0,-5441.0
54,5655.048121898769,-5483.792220098236
55,5721.219013521042,-5564.02994884315
56,5775.0,-5634.0
57,5805.907626164039,-5673.246945190829
58,5871.0,-5759.0
59,5910.57141782464,-5818.302656658037
60,5977.0,-5945.0
61,5984.182490236093,-5962.449675397386
62,5995.0,-5991.0
63,6050.0,-6263.0
64,6051.267021667947,-6279.837261095841
65,6049.0,-6400.0
66,6035.347411965966,-6487.27980553845
67,5994.0,-6677.0
68,5975.744755524933,-6745.119524768989
69,5969.0,-6767.0
70,5914.765738762909,-6934.1433462226505
71,5904.0,-6957.0
72,5832.871084384826,-7076.106200219171
73,5821.0,-7093.0
74,5758.633318733028,-7158.868618115045
75,5740.0,-7173.0
76,5664.0,-7224.0
77,5644.612594364495,-7234.738725652343
78,5552.626665589276,-7272.960775118485
79,5507.0,-7286.0
80,5477.020825235109,-7292.767869167585
81,5412.0,-7303.0
82,5400.621106883443,-7304.226510925648
83,5337.0,-7308.0
84,5272.054356269069,-7306.394098030212
85,5238.0,-7303.0
86,5166.0,-7290.0
87,5164.219121694906,-7289.588266117531
88,5087.0,-7267.0
89,5041.85578433074,-7248.319199000964
90,5010.0,-7233.0
91,4976.637491288032,-7215.16648317369
92,4945.0,-7194.0
93,4884.6153951095475,-7141.370171314312
94,4788.854442781706,-7041.066046545743
95,4778.0,-7029.0
96,4747.514003288587,-6988.8585625218675
97,4741.0,-6979.0
98,4665.0,-6864.0
99,4636.4913104694015,-6819.497792948244
100,4591.340670999207,-6744.983559683108
101,4578.0,-6722.0
102,4493.0,-6572.0
103,4462.970265599283,-6518.679763379046
104,4435.0,-6469.0
105,4429.5171559292385,-6459.27372914572
106,4356.55395591385,-6330.2475933103615
107,4345.0,-6310.0
108,4293.448163726171,-6220.600499426915
109,4263.0,-6170.0
110,4242.276465894833,-6136.8534741403855
111,4201.0,-6074.0
112,4106.375560582319,-5940.789165050698
113,4079.0,-5905.0
114,3915.2527302174935,-5720.976408264482
115,3902.0,-5707.0
116,3861.6389591000698,-5664.462267583215
117,3722.0,-5569.0
118,3698.394027470913,-5557.382376704492
119,3542.0,-5487.0
120,3419.5723883657697,-5450.8843621056885
121,3372.0,-5450.0
122,3291.6880100195876,-5443.631563391747
123,3168.0,-5433.0
124,3039.436109132152,-5422.574723988685
125,2996.0,-5418.0
126,2803.5220077008007,-5366.844894681181
127,2752.0,-5340.0
128,2683.1568300302874,-5300.575309866118
129,2620.0,-5254.0
130,2566.0,-5208.0
131,2555.951877827461,-5198.583087703584
132,2478.002824580442,-5111.371949833707
133,2459.0,-5085.0
134,2401.0,-4983.0
135,2395.114771493952,-4969.800215890605
136,2355.0,-4858.0
137,2335.3733081613072,-4791.722944568986
138,2311.0,-4704.0
139,2284.4271100801334,-4610.593709281919
140,2244.0,-4470.0
141,2230.274562378585,-4422.609874254342
142,2214.2857943721574,-4367.769638564742
143,2206.0,-4338.0
144,2178.76973668497,-4242.336759298457
145,2143.0,-4168.0
146,2037.0,-4015.0
147,2035.1244254259354,-4012.512506023474
148,1971.6933911138246,-3947.295134400597
149,1961.0,-3939.0
150,1861.0,-3861.0
151,1849.0021984810423,-3852.8820905096727
152,1747.9899727021068,-3797.3570490350976
153,1697.0,-3775.0
154,1664.0,-3762.0
155,1661.7715369313687,-3761.187476807549
156,1493.0,-3721.0
157,1458.700181335082,-3716.261489125827
158,1348.0,-3707.0
159,1326.7617537781625,-3705.661328902131
160,1165.9300542990384,-3696.6984580321196
161,1153.0,-3696.0
162,1077.7924400058964,-3691.9559012594273
163,1018.0,-3686.0
164,1016.6247418693011,-3685.8275072943843
165,863.0,-3662.0
166,849.6155219868936,-3659.0652430444925
167,740.0,-3625.0
168,713.238049760698,-3613.6541453263476
169,607.2953519858511,-3561.2369812608235
170,576.0,-3544.0
171,494.410315445216,-3489.21279901745
172,474.0,-3473.0
173,399.0,-3409.0
174,397.72257945114984,-3407.808065542892
175,317.0,-3324.0
176,275.4218579459124,-3273.106823359966
177,242.0,-3226.0
178,231.01771971769145,-3208.8558011398445
179,188.0,-3129.0
180,164.51377551225627,-3073.9892936757255
181,146.0,-3019.0
182,129.14233980608248,-2940.3395745019825
183,128.0,-2932.0
184,123.06679767371105,-2860.860238512997
185,124.0,-2822.0
186,140.0,-2712.0
187,142.74733192471547,-2700.6190096378223
188,172.0,-2611.0
189,178.17983570290278,-2594.848335186103
190,231.8425859189005,-2462.7987200544117
191,251.0,-2416.0
192,328.6193862120518,-2222.311881695999
193,359.0,-2147.0
194,364.9583726596353,-2132.7322746554387
195,383.9105854458574,-2085.9027993960794
196,393.0,-2058.0
197,459.4956478960259,-1830.8822776055943
198,466.0,-1804.0
199,479.271494470665,-1718.984043610234
200,464.0,-1636.0
201,457.94744135925475,-1605.5961277291804
202,419.0,-1481.0
203,312.0,-1297.0
204,303.63594489040116,-1283.3177229687888
205,220.0,-1195.0
206,217.3349705497211,-1193.0091643442797
207,75.0669426221458,-1089.252515606285
208,46.0,-1069.0
209,-58.985342705988764,-1010.2586540927382
210,-134.0,-983.0
211,-160.60618886794035,-971.2360703919035
212,-362.0,-879.0
213,-501.67744912515934,-825.5954344853908
214,-601.0,-793.0
215,-641.9986581369737,-780.9625591163939
216,-721.1170928574228,-762.8546815004215
217,-761.0,-755.0
218,-912.0,-728.0
219,-991.9105790175424,-716.913616581647
220,-1177.0,-700.0
221,-1311.3532638344702,-698.580072692666
222,-1349.0,-699.0
223,-1522.0,-706.0
224,-1622.5950701727468,-719.0947436814647
225,-1793.0,-749.0
226,-1832.396850507139,-757.6204484399385
227,-1936.0,-794.0
228,-1976.6962705242927,-809.3360138012697
229,-2048.0,-837.0
230,-2093.090050374509,-855.9603867670238
231,-2186.0,-898.0
232,-2272.5439434675372,-938.8739630520414
233,-2385.5220988785522,-1002.0218285548651
234,-2400.0,-1011.0
235,-2602.0,-1144.0
236,-2620.546468400257,-1156.5297897799628
237,-2707.335698123422,-1219.9863426529635
238,-2774.0,-1296.0
239,-2869.6277647215898,-1408.8783542867661
240,-2956.0,-1513.0
241,-3015.3624852644334,-1590.4284302824096
242,-3054.0,-1646.0
243,-3165.147675922523,-1794.6530778586584
244,-3173.0,-1805.0
245,-3261.836700529043,-1921.389311328367
246,-3288.0,-1956.0
247,-3355.543459435278,-2045.9866725970724
248,-3364.0,-2057.0
249,-3478.83197307214,-2201.6637615236114
250,-3532.0,-2267.0
251,-3622.0,-2374.0
252,-3632.0044068570783,-2385.757128942185
253,-3765.0,-2543.0
254,-3798.9970877173214,-2584.241409803094
255,-3870.0,-2644.0
256,-4089.186543449178,-2729.2710541585266
257,-4101.0,-2733.0
258,-4214.0,-2752.0
259,-4216.455847459179,-2752.3462540205396
260,-4484.47774715838,-2798.0406724926875
261,-4530.0,-2806.0
262,-4592.240098897638,-2816.6790198279705
263,-4671.259875676587,-2828.9434892733134
264,-4698.0,-2833.0
265,-4848.0,-2855.0
266,-4861.842151041886,-2856.748036361552
267,-4984.0,-2869.0
268,-4996.0,-2870.0
269,-5020.598766543335,-2871.695495785456
270,-5135.0,-2871.0
271,-5176.363230017869,-2868.335439675469
272,-5224.0,-2864.0
273,-5299.0,-2853.0
274,-5332.142297819348,-2846.001277662728
275,-5369.0,-2836.0
276,-5428.151186057812,-2811.061861923311
277,-5457.0,-2793.0
278,-5498.61995631129,-2759.1182263023575
279,-5514.0,-2744.0
280,-5565.879006561327,-2676.6552308511773
281,-5574.0,-2663.0
282,-5624.30182233087,-2555.452962247057
283,-5627.0,-2548.0
284,-5650.7117833991915,-2462.1053263191075
285,-5668.0,-2352.0
286,-5671.03798411526,-2328.521688397027
287,-5682.301071297145,-2220.052815692164
288,-5684.0,-2205.0
289,-5695.0,-2120.0
290,-5696.903735138026,-2108.372211439653
291,-5716.0,-2013.0
292,-5720.807328903527,-1990.9963445493026
293,-5725.0,-1972.0
294,-5761.158392843531,-1809.1586149295372
295,-5770.0,-1769.0
296,-5786.222500403779,-1694.6862551259467
297,-5819.0,-1543.0
298,-5827.645989769175,-1503.1688777605023
299,-5855.0,-1377.0
300,-5862.037426390443,-1343.913862077543
301,-5881.0,-1255.0
302,-5919.588625808665,-1077.0977035664155
303,-5941.0,-978.0
304,-5957.372561598182,-899.9136634543838
305,-5974.0,-823.0
306,-5986.0,-770.0
307,-6016.933883344533,-618.809067122776
308,-6037.0,-518.0
309,-6069.7913951111,-356.4926824888376
310,-6088.0,-258.0
311,-6110.0,-132.0
312,-6115.1092975393685,-103.18484693517219
313,-6135.0,36.0
314,-6138.063919210478,77.73494462984073
315,-6144.0,218.0
316,-6143.697526136552,284.69216913460446
317,-6134.100438809147,350.85634874010117
318,-6130.0,373.0
319,-6101.0,513.0
320,-6089.044891445236,558.7579424787858
321,-6033.0,716.0
322,-5946.0,912.0
323,-5939.766649051363,925.4114720789009
324,-5907.5671706311805,992.1713147359927
325,-5883.596557716154,1039.8427336686532
326,-5873.0,1062.0
327,-5865.0,1079.0
328,-5838.083076222646,1137.7014203529554
329,-5822.0,1175.0
330,-5784.916836834719,1280.041381009223
331,-5782.0,1292.0
332,-5771.0,1355.0
333,-5766.711201252013,1396.8773347747647
334,-5770.0,1421.0
335,-5786.0,1492.0
336,-5788.960173490422,1503.992264942502
337,-5803.108116441254,1551.9754795973033
338,-5823.271368403954,1560.6620729869985
339,-5836.0,1569.0
340,-5867.921083331042,1591.4709437440315
341,-5915.0,1622.0
342,-5954.574348515402,1636.3221069990711
343,-5987.1710811491685,1635.2454322547092
344,-6003.0,1634.0
345,-6017.178371874899,1632.8815033455055
346,-6054.0,1625.0
347,-6059.368042187259,1623.1627732103234
348,-6111.0,1602.0
349,-6138.768023503634,1585.9981635733486
350,-6187.260831469553,1543.7303499565355
351,-6189.0,1542.0
352,-6215.0,1511.0
353,-6228.810276988612,1490.9513445274167
354,-6277.0,1417.0
355,-6279.828971504508,1412.508599511991
356,-6298.0,1380.0
357,-6310.443547783068,1355.6132433428877
358,-6348.0,1282.0
359,-6360.211945762484,1258.6371895951281
360,-6381.978325345522,1217.8999373174056
361,-6398.0,1188.0
362,-6415.389298803811,1155.4178407965107
363,-6438.0,1114.0
364,-6481.0,1037.0
365,-6481.666850290656,1035.803906637678
366,-6522.328142123175,964.1179667399523
367,-6531.0,950.0
368,-6586.734492635257,860.5845797252846
369,-6626.0,798.0
370,-6658.871177300222,745.8955476826914
371,-6692.0,695.0
372,-6714.338697238832,661.1384115672018
373,-6756.0,598.0
374,-6794.846752432292,538.5888081939379
375,-6822.0,498.0
376,-6880.834511037124,411.8330902189721
377,-6906.0,375.0
378,-6968.40968903105,283.17170208243795
379,-7020.0,222.0
380,-7169.059290424673,58.34082482211167
381,-7179.0,48.0
382,-7364.0,-110.0
383,-7365.38962786096,-111.06357940221125
384,-7527.0,-221.0
385,-7561.322849603588,-238.8522471407931
386,-7731.0,-318.0
387,-7814.755309805636,-348.2423368175131
388,-7881.267657020511,-361.3378535791358
389,-7890.0,-363.0
390,-8015.101108967035,-385.88606770922934
391,-8070.0,-394.0
392,-8140.0,-402.0
393,-8212.907149680595,-409.4754776525749
394,-8281.0,-416.0
395,-8326.954426818844,-420.1636358664616
396,-8432.0,-427.0
397,-8568.433222696027,-427.5968783226268
398,-8769.0,-420.0
399,-8832.353795357769,-415.443871922217
400,-8945.0,-400.0
401,-9002.547412877677,-391.082946897818
402,-9091.0,-376.0
403,-9182.972944355442,-356.8733367227567
404,-9325.0,-321.0
405,-9327.900764376192,-320.20764289071764
406,-9456.0,-283.0
407,-9587.0,-241.0
408,-9616.50552161011,-230.95280613658682
409,-9703.0,-200.0
410,-9878.330900155832,-133.79876846038016
411,-9935.0,-112.0
412,-10060.191183498073,-62.504596962618706
413,-10132.597681323152,-31.01372782578081
414,-10179.0,-10.0
415,-10292.0,43.0
416,-10320.89273018644,57.50755587071696
417,-10448.86919859498,130.65812865762882
418,-10495.0,161.0
419,-10667.156815204007,281.824707855765
420,-10680.0,291.0
421,-10815.0,399.0
422,-10853.882114856517,436.56757611411217
423,-11017.39427928782,600.9126595380351
424,-11071.0,658.0
425,-11165.012619914867,770.6044677470804
426,-11227.0,860.0
427,-11228.329613749276,861.9511682404108
428,-11345.0,1050.0
429,-11346.711884066306,1053.2621508427542
430,-11469.698910739398,1313.240601220805
431,-11475.0,1325.0
432,-11516.933863362561,1420.8486314528193
433,-11539.0,1473.0
434,-11602.0,1622.0
435,-11609.733206322828,1640.2599355456023
436,-11671.0,1785.0
437,-11672.2422517928,1787.9512870391975
438,-11722.122694700138,1906.6358653449831
439,-11740.0,1948.0
440,-11787.537381644266,2053.3618540456287
441,-11793.0,2065.0
442,-11864.0,2209.0
443,-11901.636215034872,2281.8782826042725
444,-11944.0,2361.0
445,-11960.20156871852,2390.308370610081
446,-12040.0,2524.0
447,-12093.12328337796,2595.859979793191
448,-12131.0,2633.0
449,-12309.112092014768,2754.8101000154734
450,-12341.0,2773.0
451,-12389.585570828505,2794.2667406600285
452,-12423.0,2802.0
453,-12505.23972762804,2819.335169232736
454,-12582.0,2831.0
455,-12635.327982907542,2834.7831802977166
456,-12694.0,2836.0
457,-12778.471861761043,2835.2424290541567
458,-12829.0,2832.0
459,-12893.647182660914,2825.2918142451845
460,-13083.0,2797.0
461,-13143.53845860569,2785.0267385608295
462,-13186.222233035724,2771.7448937299964
463,-13235.0,2754.0
464,-13264.26300512832,2743.2913526444763
465,-13305.0,2727.0
466,-13404.357673445003,2677.1055326031583
467,-13457.0,2646.0
468,-13529.158422646753,2588.529126199393
469,-13553.0,2564.0
470,-13568.641075271278,2547.1666700223423
471,-13606.0,2496.0
472,-13626.871577311153,2456.848190039635
473,-13679.0,2342.0
474,-13696.398695644435,2298.2094672875996
475,-13706.81856577346,2227.8160261012213
476,-13706.0,2190.0
477,-13705.697120004294,2154.663098062659
478,-13704.0,2091.0
479,-13701.324188561488,2063.262264236183
480,-13700.0,2055.0
481,-13658.0,1892.0
482,-13657.285884482915,1889.5570366295929
483,-13630.643507254701,1815.5385433614986
484,-13609.0,1777.0
485,-13561.0,1691.0
486,-13526.71350597815,1638.9867113704079
487,-13510.0,1616.0
488,-13448.613110300497,1540.0743878090868
489,-13421.0,1509.0
490,-13373.600996349616,1459.013233020009
491,-13327.0,1413.0
492,-13216.0,1312.0
493,-13205.334592629408,1302.7477863005456
494,-13115.0,1228.0
495,-13073.888053407545,1196.933714031069
496,-13066.0,1191.0
497,-12987.0,1131.0
498,-12895.273167587333,1062.5502830424387
499,-12877.0,1049.0
500,-12791.991782501871,986.1038741377296
501,-12741.0,949.0
502,-12644.0,880.0
503,-12620.713478149135,863.4828212486773
504,-12543.0,809.0
505,-12428.845670713123,731.9708996871962
506,-12256.0,618.0
507,-12243.00456675038,609.5490625919448
508,-12189.168330405617,575.4246090033042
509,-12136.0,543.0
510,-12090.326817678604,514.924687356578
511,-11989.0,453.0
512,-11927.0,416.0
513,-11911.347308796156,406.7447140069913
514,-11736.668126288947,305.04156455937454
515,-11673.0,269.0
516,-11593.141349526326,225.29043348865156
517,-11516.0,184.0
518,-11446.807996913823,146.77206019097957
519,-11317.0,77.0
520,-11246.470469172897,39.47203625393569
521,-11196.0,13.0
522,-11032.755489973222,-68.8775478447754
523,-11018.0,-76.0
524,-10869.55752253071,-146.51806401843976
525,-10766.0,-195.0
526,-10715.650718997213,-217.92564922574252
527,-10681.0,-233.0
528,-10640.348714058075,-250.94767550052865
529,-10452.709768914405,-331.2891141694123
530,-10436.0,-338.0
531,-10280.317804465409,-398.38799024351954
532,-10205.0,-427.0
533,-10089.387823757957,-470.39170040958186
534,-9950.0,-520.0
535,-9947.326232028232,-520.9338885776851
536,-9829.0,-562.0
537,-9825.728288892902,-563.1290359552193
538,-9651.69291637795,-622.7768801159176
539,-9601.0,-640.0
540,-9505.684229355466,-672.201936734327
541,-9280.0,-748.0
542,-9261.311123554977,-754.3037023241402
543,-9099.187165092291,-809.3368319606867
544,-8988.0,-847.0
545,-8838.858325739122,-897.0176161340045
546,-8741.0,-930.0
547,-8722.986187833845,-936.1061770996495
548,-8602.0,-977.0
549,-8598.874716289416,-978.0384031019624
550,-8477.0,-1018.0
551,-8473.879299225617,-1019.0281394737613
552,-8306.0,-1075.0
553,-8225.847945308898,-1101.6760104138032
554,-8165.0,-1122.0
555,-8057.980485544245,-1158.0801902257044
556,-7915.31425407468,-1206.5783935562072
557,-7870.0,-1222.0
558,-7765.778660151089,-1257.4962164735148
559,-7629.942220392161,-1303.077671993191
560,-7618.0,-1307.0
561,-7508.0,-1343.0
562,-7409.978923541429,-1376.4428618417735
563,-7350.0,-1397.0
564,-7188.439711312688,-1450.921251703121
565,-7065.0,-1492.0
566,-6935.652725852293,-1535.7395194083158
567,-6923.0,-1540.0
568,-6808.6589432661885,-1578.1820906052637
569,-6732.0,-1604.0
570,-6653.0,-1631.0
571,-6593.446909012364,-1651.0954000889133
572,-6510.0,-1679.0
573,-6375.323211457768,-1724.147019437864
574,-6191.0,-1786.0
575,-6117.52886252852,-1810.6693616565735
576,-6048.0,-1834.0
577,-5982.3297554919955,-1855.9667838495227
578,-5857.0,-1898.0
579,-5854.664008532665,-1898.7871823261232
580,-5681.0,-1957.0
581,-5618.758039181911,-1977.1961028577339
582,-5415.0,-2039.0
583,-5381.008997767005,-2047.4116798911473
584,-5214.0,-2056.0
585,-5168.527894517457,-2050.0496615403954
586,-5033.402935360315,-2024.6754032775182
587,-4951.0,-2003.0
588,-4801.0,-1951.0
589,-4763.6647825569735,-1936.9384324333603
590,-4595.3100517092535,-1870.1785741761978
591,-4583.0,-1865.0
592,-4455.720106644067,-1807.6686666922565
593,-4388.0,-1774.0
594,-4200.0,-1672.0
595,-4152.849962184449,-1644.1002512105013
596,-4031.0,-1567.0
597,-3987.154740050005,-1537.9972757795456
598,-3881.0,-1465.0
599,-3878.3020688162287,-1463.0880392883137
600,-3761.0,-1377.0
601,-3693.2947957948486,-1324.2775141978339
602,-3683.0,-1316.0
603,-3567.023767559042,-1217.2390630759526
604,-3459.0,-1119.0
605,-3444.39947949393,-1105.4903213732764
606,-3350.0,-1017.0
607,-3274.919827878359,-945.802073903541
608,-3217.0,-891.0
609,-3121.0,-801.0
610,-3106.511617335118,-787.3840317089137
611,-3049.0,-733.0
612,-2968.9337752423207,-655.4076771864251
613,-2861.0,-548.0
614,-2744.420965403942,-431.0566204478038
615,-2658.0,-344.0
616,-2611.6489922617106,-297.07717124666766
617,-2550.2769400581574,-234.22344901280252
618,-2497.0,-182.0
619,-2477.960706746866,-163.72254150649377
620,-2471.0,-157.0
621,-2382.933763906027,-68.60435202099625
622,-2363.0,-49.0
623,-2313.0829975703023,-2.417553970014258
624,-2307.0,3.0
625,-2244.595951435085,56.44240263575967
626,-2181.0,108.0
627,-2137.2081500924187,138.6975138630628
628,-2104.0,156.0
629,-2098.1807739105716,159.0495630373427
630,-2059.0,179.0
631,-2020.0937083348235,195.17135468189068
632,-1997.0,203.0
633,-1900.0,229.0
634,-1899.1758488213545,229.17858038280465
635,-1860.7607899824914,234.77276271517226
636,-1837.0,235.0
637,-1803.9016610612507,234.0460974958175
638,-1788.0,232.0
639,-1729.1278277109536,217.30060152328323
640,-1719.0,214.0
641,-1646.9977279442421,167.65073365147364
642,-1644.0,165.0
643,-1612.78094250976,137.25424660416834
644,-1597.0,123.0
645,-1565.5627092012335,93.39854240749814
646,-1533.4316000928188,71.47659353785451
647,-1529.0,69.0
648,-1457.0,35.0
649,-1455.9401236489705,34.58724639955252
650,-1408.0,25.0
651,-1381.8916986680642,23.47090407529036
652,-1316.0,24.0
653,-1309.0453399481273,24.78662292519934
654,-1271.0,32.0
655,-1264.3387141837916,33.704660200902524
656,-1206.0,54.0
657,-1180.737066536434,66.28529608047867
658,-1165.0,76.0
659,-1111.6031236273384,115.90513681771634
660,-1070.0,150.0
661,-1032.295828942296,183.81786796625028
662,-1004.1344424095837,215.2750931877805
663,-986.0,233.0
664,-960.5151553097345,256.50705122496856
665,-934.0,280.0
666,-906.0,304.0
667,-894.2685650614333,313.9825582485121
668,-854.4511120509509,347.19269807658856
669,-800.0,381.0
670,-712.3114664165248,425.7708048516122
671,-682.0,440.0
672,-608.6973490686053,463.43571287871225
673,-578.0,468.0
674,-509.8221662277455,478.8278140252386
675,-473.0,484.0
676,-373.0,490.0
677,-336.1520018167125,489.5133253456406
678,-204.0,485.0
679,-160.30065040902076,482.73450218769005
680,-96.06425166156635,475.80698056629365
681,-38.0,463.0
682,53.40319851781111,440.03986777455464
683,173.0,408.0
684,174.7553710604655,407.509528559151
685,248.03238795281985,384.77112950045216
686,298.0,366.0
687,330.91226572815947,353.56470583737956
688,401.0,326.0
689,503.0,279.0
690,538.4657168939862,260.5018040832054
691,636.0,205.0
692,711.5243743884093,158.59065459614737
693,746.0,135.0
694,971.0,-39.0
695,973.2208664251331,-40.84914146264816
696,1080.0,-144.0
697,1122.204943057628,-186.39198306686086
698,1207.2557607969236,-273.53801375562625
699,1217.0,-284.0
700,1338.9555876731135,-419.9806706900266
701,1360.0,-444.0
702,1457.548125602368,-559.0559940065328
703,1501.0,-611.0
704,1592.8239307006695,-718.1351359972631
705,1603.0,-730.0
706,1740.0,-890.0
1,1890.0,-1066.0
2,1973.2574070096045,-1163.1614856035285
3,2022.0,-1220.0
4,2170.135974062417,-1392.9016391823334
5,2177.0,-1401.0
6,2260.0,-1499.0
7,2294.489674423564,-1539.260856136053
8,2378.5528237765784,-1636.5198830756306
9,2397.0,-1658.0
10,2450.0,-1720.0
11,2506.619736946441,-1785.9921778697333
12,2592.855271664644,-1886.15699595307
13,2621.0,-1919.0
14,2711.2713974826215,-2025.0291081154892
15,2770.0,-2094.0
16,2912.522845828474,-2260.909140483859
17,2922.0,-2272.0
18,3041.7321835036496,-2411.9734625092865
19,3064.0,-2438.0
20,3214.3644389712804,-2613.770805580399
21,3295.0,-2708.0
22,3376.5579090561223,-2803.1502415387454
23,3439.0,-2876.0
24,3441.2888410911883,-2878.6787183442148
25,3539.0,-2993.0
26,3574.7837580561613,-3034.6704482928276
27,3685.0,-3163.0
28,3806.1698110741195,-3305.715229175731
29,3831.0,-3335.0
30,4057.3177702676353,-3601.9053793510075
31,4065.0,-3611.0
32,4159.624238932391,-3723.2702199316145
33,4211.0,-3784.0
34,4302.0,-3891.0
35,4402.831590928103,-4009.832786474836
36,4460.0,-4077.0
37,4503.239779503463,-4127.63461772117
38,4643.0,-4291.0
39,4776.253365373169,-4447.568761994632
40,4894.0,-4586.0
41,4920.78507426116,-4617.385045696596
42,5099.253145272673,-4825.923727850206
43,5124.0,-4855.0
44,5193.9937774848395,-4937.869222764045
45,5227.0,-4977.0
46,5345.567124197275,-5117.136642886021
47,5388.0,-5167.0
48,5549.0,-5357.0
49,5592.0565652547275,-5409.108707128453
50,5730.0,-5577.0
51,5748.498684295984,-5599.504476886126
52,5805.122546720801,-5668.138343034118
53,5840.0,-5716.0
54,5875.598244646248,-5766.502212010205
55,5940.0,-5867.0
56,5999.0,-6000.0
57,6010.20459795059,-6033.674126180095
58,6047.0,-6222.0
59,6047.335479105861,-6226.505112175107
60,6046.319262061191,-6416.742862295993
61,6043.0,-6459.0
62,6034.273948066097,-6518.7271299364165
63,6016.0,-6589.0
64,6003.162079648893,-6636.954506702061
65,5935.0,-6880.0
66,5933.960302361191,-6883.342755123545
67,5901.3326753718065,-6972.694481078331
68,5866.0,-7030.0
69,5829.532043105987,-7084.264469798547
70,5773.916525087064,-7145.170773956661
71,5757.0,-7159.0
72,5682.631403034856,-7209.831487274675
73,5620.0,-7247.0
74,5603.046751519439,-7256.244131362178
75,5549.0,-7274.0
76,5515.793299272202,-7282.280808721114
77,5442.0,-7299.0
78,5309.0,-7308.0
79,5294.980507651513,-7307.081144017836
80,5196.351535920562,-7295.86353963458
81,5178.0,-7293.0
82,5123.899076387703,-7281.8783361604765
83,5067.0473050402,-7260.530447193754
84,5043.0,-7250.0
85,5012.499986589662,-7236.011936159391
86,4987.0,-7221.0
87,4860.0,-7124.0
88,4818.20628291753,-7087.3504782107575
89,4791.471984497428,-7050.747887985352
90,4774.0,-7025.0
91,4746.112282537057,-6986.213338828019
92,4707.0,-6930.0
93,4604.85028180571,-6765.571403594606
94,4577.0,-6719.0
95,4520.110188310018,-6621.37077199725
96,4485.0,-6559.0
97,4474.692127645839,-6540.4997506973095
98,4417.840325304984,-6437.699119310746
99,4386.0,-6382.0
100,4355.0,-6329.0
101,4318.823560363253,-6267.39778527813
102,4226.0,-6113.0
103,4169.493340899207,-6027.797052487278
104,4138.0,-5984.0
105,4113.882716117147,-5951.613694023297
106,4024.0,-5838.0
107,3978.2270427203425,-5785.715303815077
108,3971.0,-5778.0
109,3834.4367362976277,-5649.568903865849
110,3727.0,-5571.0
111,3668.027702960598,-5537.6044065047045
112,3483.601744015201,-5470.223275932264
113,3464.0,-5465.0
114,3365.1440906936014,-5446.644410532962
115,3299.0,-5441.0
116,3157.0,-5432.0
117,3054.0633356990425,-5420.670472950887
118,2891.0,-5396.0
119,2852.1271101786897,-5387.921808388739
120,2794.5777781720467,-5364.436507286055
121,2763.0,-5347.0
122,2715.187066485999,-5321.181583273883
123,2636.0,-5268.0
124,2508.5501799570466,-5146.639261136576
125,2489.0,-5126.0
126,2439.946123160374,-5069.314327871521
127,2398.8128395574195,-4980.232625816624
128,2396.0,-4973.0
129,2357.0,-4868.0
130,2340.2702046290433,-4814.343737672778
131,2318.0,-4734.0
132,2291.4144501208507,-4637.475642587559
133,2271.0,-4566.0
134,2212.0,-4361.0
135,2206.9588505921283,-4342.0927347674715
136,2166.0,-4219.0
137,2129.812630904898,-4158.949148570542
138,2026.0,-4002.0
139,1971.9504912454433,-3942.0117192403018
140,1934.0,-3915.0
141,1924.463233663836,-3907.8434604692534
142,1824.0,-3837.0
143,1794.6700893766022,-3820.9358979361577
144,1628.0,-3751.0
145,1529.842811767837,-3724.49180523883
146,1442.0,-3715.0
147,1321.0,-3706.0
148,1293.4313727575766,-3704.262356755547
149,1200.0,-3699.0
150,1079.0,-3692.0
151,1027.429540983973,-3687.6135912842215
152,970.0,-3681.0
153,859.8537264436743,-3661.299753346
154,794.0,-3644.0
155,768.9977006158631,-3636.100494882675
156,686.0,-3604.0
157,642.3225925363024,-3583.147506344977
158,605.0,-3563.0
159,564.200876103746,-3538.334695699116
160,538.0,-3521.0
161,467.9084619974859,-3469.2054928315947
162,377.0,-3389.0
163,325.10166332525307,-3333.8140333388665
164,254.7242710560852,-3244.2224139215764
165,234.0,-3214.0
166,214.94641504570552,-3183.1263690946153
167,182.0,-3118.0
168,161.88531837998502,-3073.1749377472847
169,145.0,-3016.0
170,122.93062674603989,-2867.6515836327867
171,122.0,-2859.0
172,130.0,-2756.0
173,130.6815321513636,-2753.60348117856
174,204.6727206127429,-2528.008493631227
175,213.0,-2505.0
176,248.27930171209664,-2414.908770123736
177,277.5103695504574,-2348.4540630057545
178,294.0,-2309.0
179,332.2910068435089,-2210.29314963681
180,359.0,-2143.0
181,373.8975705925716,-2106.9012337205613
182,382.0,-2087.0
183,409.763324396128,-2015.0109119828874
184,443.0,-1914.0
185,446.89793460907316,-1899.8155220311694
186,465.0,-1810.0
187,468.5932086586205,-1754.4386051273975
188,459.0,-1610.0
189,451.99737238827356,-1574.1695382875437
190,414.0,-1470.0
191,372.9118134753474,-1389.4031759114912
192,368.0,-1381.0
193,262.4654118299614,-1238.63547622199
194,201.0,-1177.0
195,151.45137670079663,-1136.1533829848038
196,55.0,-1074.0
197,-89.0,-1004.0
198,-167.90787291391248,-967.3449171879013
199,-318.0,-898.0
200,-321.74900619726907,-896.2861282369308
201,-479.0,-833.0
202,-481.7145564808113,-832.0696341309286
203,-581.0,-799.0
204,-713.4920251366084,-764.7714812465043
205,-727.0,-762.0
206,-947.0,-722.0
207,-1062.6501874345383,-704.7063814796362
208,-1136.3287562552312,-701.6309725921418
209,-1156.0,-701.0
210,-1284.0,-698.0
211,-1364.6583181422332,-698.4942019385923
212,-1428.0,-701.0
213,-1629.0996585003377,-719.22928187673
214,-1729.0,-733.0
215,-1786.7619961998298,-743.6288689593265
216,-1956.0,-802.0
217,-1959.0956959252032,-803.1835923692206
218,-2081.0,-851.0
219,-2126.4651239782347,-870.9915439362513
220,-2217.0,-914.0
221,-2325.0,-969.0
222,-2346.522161674391,-981.1286760929664
223,-2568.0,-1119.0
224,-2682.884802070027,-1207.2474033102706
225,-2812.6844548171725,-1338.4389376840068
226,-2817.0,-1343.0
227,-2850.379420720959,-1378.8561952069888
228,-2888.0,-1425.0
229,-2961.066171009777,-1520.1558426798347
230,-3012.0,-1588.0
231,-3095.0,-1701.0
232,-3134.9570437641673,-1754.6470009102625
233,-3210.0,-1854.0
234,-3269.671657888681,-1932.5832210341932
235,-3304.0,-1978.0
236,-3340.91208491853,-2027.2696665759063
237,-3389.0,-2090.0
238,-3496.999497830802,-2224.4404263064603
239,-3585.0,-2332.0
240,-3660.385992402252,-2423.161787542244
241,-3787.0,-2569.0
242,-3794.8024881999713,-2577.382550008403
243,-3853.4372799459,-2635.1429242684935
244,-3900.0,-2665.0
245,-3968.5061714607587,-2696.5255404234763
246,-4029.0,-2717.0
247,-4213.97827453234,-2752.286879108227
248,-4224.0,-2754.0
249,-4264.0,-2761.0
250,-4364.8002490914705,-2778.509334618466
251,-4546.9855642252005,-2809.6233171204794
252,-4585.0,-2816.0
253,-4668.1288321267975,-2829.437636604263
254,-4730.0,-2839.0
255,-4732.46810197765,-2839.384470422327
256,-4855.013540488642,-2857.247385420319
257,-4881.0,-2860.0
258,-5067.0,-2872.0
259,-5132.217382111651,-2871.906100685068
260,-5156.0,-2870.0
261,-5213.418308037622,-2864.965791893867
262,-5282.0,-2857.0
263,-5309.406618965175,-2852.3360403250963
264,-5347.0,-2843.0
265,-5429.085396749212,-2809.2401594676253
266,-5485.0,-2773.0
267,-5532.819415828112,-2724.2484067189835
268,-5581.0,-2652.0
269,-5584.903246752912,-2645.5406784175066
270,-5607.489747859697,-2599.2626772199974
271,-5617.0,-2574.0
272,-5640.0,-2507.0
273,-5648.96096607274,-2472.931967110969
274,-5662.0,-2404.0
275,-5663.364848639764,-2394.7724160533007
276,-5670.395607584016,-2333.1791958415247
277,-5674.0,-2301.0
278,-5691.0,-2157.0
279,-5691.50093469254,-2152.8966055507385
280,-5702.649961035044,-2068.190008087512
281,-5715.544131318595,-2013.040913976868
282,-5722.0,-1985.0
283,-5744.9600076448705,-1884.2737255978989
284,-5754.0,-1844.0
285,-5786.3443769075075,-1695.0894760129681
286,-5803.0,-1617.0
287,-5817.437035277954,-1550.4102869618164
288,-5825.0,-1516.0
289,-5840.499055751555,-1445.664423399583
290,-5858.0,-1365.0
291,-5866.460735776877,-1325.5488168919182
292,-5906.0,-1140.0
293,-5906.785793977221,-1136.326315415392
294,-5925.849354519512,-1048.3877054664279
295,-5939.0,-989.0
296,-5975.0,-823.0
297,-5989.62841831542,-753.5541445216329
298,-6016.88197807881,-622.2595854041698
299,-6019.0,-612.0
300,-6035.159071307813,-533.1971341447286
301,-6054.0,-438.0
302,-6064.00868380937,-386.4796108993234
303,-6093.680669737637,-231.13087183055939
304,-6106.0,-163.0
305,-6141.242331080521,85.84140297734217
306,-6144.0,129.0
307,-6145.438023554642,198.52033722337572
308,-6138.874003092053,308.9908705067906
309,-6131.0,369.0
310,-6116.0,453.0
311,-6104.308393682907,502.1966246725181
312,-6074.0,606.0
313,-6039.578996991053,701.1385992716207
314,-6018.0,753.0
315,-5973.320183943979,852.5462949598004
316,-5913.0,980.0
317,-5886.16347884192,1034.1303786942497
318,-5861.0,1088.0
319,-5830.634342684876,1156.4350578782885
320,-5810.0,1204.0
321,-5788.918905346514,1255.636890786802
322,-5781.957923448444,1285.7320868799836
323,-5779.0,1305.0
324,-5769.610742626424,1371.8334123769941
325,-5769.0,1382.0
326,-5770.0,1421.0
327,-5781.0,1477.0
328,-5788.964029203217,1496.8320825583191
329,-5797.0,1513.0
330,-5823.018003541103,1553.7469385252944
331,-5831.0,1563.0
332,-5876.372850786423,1600.0851735108042
333,-5879.0,1602.0
334,-5886.0,1607.0
335,-5905.078729621737,1617.4746132464275
336,-5947.0,1629.0
337,-5976.664399766906,1632.6626484273484
338,-6000.0,1633.0
339,-6016.692392363613,1631.629727221451
340,-6043.0,1627.0
341,-6063.0,1622.0
342,-6079.508684405362,1616.480355735707
343,-6109.523592021493,1602.5547665374868
344,-6124.0,1594.0
345,-6148.982656619978,1576.7299331141096
346,-6171.0,1559.0
347,-6203.886649277128,1526.1546081562594
348,-6224.0,1501.0
349,-6245.0,1471.0
350,-6256.846857444015,1452.7266127309508
351,-6271.0,1429.0
352,-6316.036705825289,1344.6429625537658
353,-6336.0,1306.0
354,-6350.700377157946,1277.3107142201745
355,-6373.0,1234.0
356,-6407.0,1170.0
357,-6415.044452096601,1155.19013659329
358,-6453.0,1087.0
359,-6485.861470218631,1029.0539476140004
360,-6515.0,978.0
361,-6537.858867694595,938.2159988938168
362,-6562.0,898.0
363,-6587.602081851487,857.1646559318249
364,-6647.0,764.0
365,-6652.91455034552,754.6178070682739
366,-6692.0,693.0
367,-6693.745256928524,690.3122260942826
368,-6819.0,501.0
369,-6855.669985264683,445.657587474779
370,-6890.0,396.0
371,-6891.481608354193,393.8921095762195
372,-6924.0,348.0
373,-7018.0,223.0
374,-7019.747668992986,220.785459767759
375,-7111.956265667316,114.07681260352365
376,-7132.0,94.0
377,-7261.0,-27.0
378,-7345.231269573686,-95.84364866704107
379,-7373.0,-117.0
380,-7441.609263952916,-172.97023372359735
381,-7583.0,-254.0
382,-7633.655328150386,-276.50776908124726
383,-7767.0,-331.0
384,-7826.726398098999,-353.5583682998023
385,-7893.306676018441,-364.69829523939336
386,-7901.0,-366.0
387,-8012.0,-386.0
388,-8087.24084837933,-396.8145627504656
389,-8168.0,-406.0
390,-8199.752832824648,-409.2391397331534
391,-8313.176907489116,-419.1561197627631
392,-8338.0,-421.0
393,-8454.994614010979,-428.05254708240085
394,-8523.0,-430.0
395,-8682.0,-427.0
396,-8685.552350039216,-426.8174253223358
397,-8828.0,-415.0
398,-8832.125371637903,-414.5334929239806
399,-9049.824615573463,-384.03479706698494
400,-9062.0,-382.0
401,-9162.939264265908,-362.7380661631398
402,-9325.0,-321.0
403,-9328.556846699132,-320.0486182606403
404,-9384.0,-305.0
405,-9561.975719832113,-249.36525627536338
406,-9616.0,-231.0
407,-9735.162716289915,-188.93450042743055
408,-9746.0,-185.0
409,-9905.0,-125.0
410,-9966.61256337933,-100.40696980898696
411,-10048.0,-67.0
412,-10105.845575149633,-42.664469453373954
413,-10134.0,-30.0
414,-10424.0,116.0
415,-10480.698190228844,147.6223444632018
416,-10614.864840242823,240.45183087560991
417,-10660.0,275.0
418,-10713.488454189428,314.6228094257565
419,-10808.0,392.0
420,-10884.36901654823,464.03887774067084
421,-11034.723540980596,616.2673297849108
422,-11043.0,625.0
423,-11098.603683877629,687.0946684547
424,-11144.0,747.0
425,-11145.861383826332,749.5219137340548
426,-11272.0,928.0
427,-11307.660395005245,983.9825620736973
428,-11376.0,1107.0
429,-11386.808710278172,1128.9120095243904
430,-11476.0,1326.0
431,-11522.094770368334,1431.9867416392235
432,-11570.071890080793,1545.6694400169401
433,-11596.0,1607.0
434,-11628.813797459246,1684.35697123694
435,-11658.0,1754.0
436,-11676.711222056305,1799.6650747815825
437,-11723.0,1909.0
438,-11757.422366618499,1984.5726756737533
439,-11844.0,2169.0
440,-11865.202604512111,2213.7182907446922
441,-11887.0,2253.0
442,-11894.922569801874,2267.1913538576428
443,-12048.0,2536.0
444,-12058.489087476093,2552.6095495198792
445,-12106.680984857021,2616.8037775916437
446,-12159.0,2660.0
447,-12224.398914334404,2707.4551891075853
448,-12307.0,2758.0
449,-12444.519610537682,2808.625706022926
450,-12491.0,2819.0
451,-12544.40951547321,2827.782511824953
452,-12554.0,2829.0
453,-12728.308607870586,2835.6577388644528
454,-12761.0,2835.0
455,-12905.0,2825.0
456,-12918.162287989644,2823.539358238447
457,-13012.0,2811.0
458,-13044.269341934985,2805.6206111753863
459,-13126.01238642934,2786.943075366884
460,-13149.0,2780.0
461,-13349.0,2708.0
462,-13361.70915713421,2702.950971484634
463,-13411.377883410978,2677.7014494201726
464,-13435.0,2661.0
465,-13511.0,2605.0
466,-13529.841933653574,2589.629768133432
467,-13615.203346271885,2484.011078309727
468,-13620.0,2475.0
469,-13672.0,2362.0
470,-13704.860342039625,2262.2230946057953
471,-13707.502219293596,2152.782559754341
472,-13707.0,2146.0
473,-13680.0,1964.0
474,-13676.542541198967,1948.5511192143586
475,-13647.0,1865.0
476,-13639.89838563226,1848.3011013418823
477,-13589.377951110766,1739.2929431576058
478,-13586.0,1733.0
479,-13548.789158272037,1670.4467760968987
480,-13540.0,1657.0
481,-13507.710530454187,1611.3961329057631
482,-13466.0,1561.0
483,-13397.198667538383,1484.5405780469696
484,-13381.0,1467.0
485,-13311.0,1398.0
486,-13288.945877491202,1378.1505571106063
487,-13182.162845607001,1284.2700419459934
488,-13158.0,1264.0
489,-13093.0,1212.0
490,-13089.942652348684,1209.627731751489
491,-12938.0,1094.0
492,-12934.356699426173,1091.2577735994537
493,-12784.530937780497,980.6893425621827
494,-12735.0,945.0
495,-12630.545368408237,870.4355124310595
496,-12566.55291171106,825.2787293324263
497,-12539.0,806.0
498,-12471.646876526469,759.4553083345285
499,-12364.999755036122,689.363785998019
500,-12335.0,670.0
501,-12205.326654282457,586.8421221704061
502,-12171.0,565.0
503,-11955.0,432.0
504,-11901.176181063216,400.01954736487755
505,-11802.248637283295,342.28058818744665
506,-11692.0,280.0
507,-11635.214624543205,248.72276591545983
508,-11543.682470281597,199.14061052420917
509,-11497.0,174.0
510,-11378.0,110.0
511,-11337.153087842078,87.83210572576164
512,-11205.0,18.0
513,-10988.0,-90.0
514,-10947.651402465684,-109.89932420293286
515,-10876.04420225845,-144.7986861708734
516,-10815.405534652364,-172.17763697280776
517,-10807.0,-176.0
518,-10695.0,-227.0
519,-10629.52869505261,-256.7224955169948
520,-10467.0,-325.0
521,-10220.596149013902,-420.41019130401475
522,-10206.0,-426.0
523,-10139.395706270541,-451.13201405022136
524,-10103.0,-464.0
525,-9998.087282203442,-502.1436445328021
526,-9940.0,-523.0
527,-9715.0,-600.0
528,-9684.69038836797,-610.3063912881419
529,-9489.0,-677.0
530,-9447.719554049896,-691.0994469049858
531,-9322.0,-734.0
532,-9305.811045153268,-739.4418511346746
533,-9181.02798254424,-781.2914028132132
534,-9170.0,-785.0
535,-9059.586528219841,-822.2994502131154
536,-9034.0,-831.0
537,-8881.0,-883.0
538,-8846.690179616282,-894.332739554349
539,-8759.0,-923.0
540,-8724.27953992929,-934.5284171899527
541,-8575.0,-985.0
542,-8542.589936669854,-995.9851577621585
543,-8421.0,-1037.0
544,-8327.2514710544,-1068.3298331788887
545,-8097.0,-1145.0
546,-8061.4312895584535,-1156.8698029469447
547,-7909.0,-1208.0
548,-7856.231301110964,-1225.5387238068245
549,-7729.0,-1268.0
550,-7557.3137324610625,-1326.768876931264
551,-7527.0,-1337.0
552,-7292.0,-1415.0
553,-7166.046157702304,-1457.4491512316833
554,-7120.0,-1473.0
555,-6961.636520284015,-1526.0941047462784
556,-6885.0,-1552.0
557,-6838.0,-1568.0
558,-6771.2523015455645,-1590.4725384126104
559,-6665.0,-1626.0
560,-6645.437588001916,-1632.5970090752196
561,-6520.324492882059,-1675.0861515176719
562,-6476.0,-1690.0
563,-6251.888199922779,-1764.2783696244219
564,-6223.0,-1774.0
565,-6065.0,-1828.0
566,-5973.240220787455,-1858.8535369548385
567,-5907.0,-1881.0
568,-5749.0,-1934.0
569,-5717.917671132693,-1944.3786454514398
570,-5496.0,-2018.0
571,-5380.334483596754,-2053.2284631462235
572,-5316.0,-2054.0
573,-5268.919033283684,-2054.7572756977816
574,-5190.0,-2054.0
575,-5112.0362412979175,-2046.2655472930653
576,-4978.0,-2012.0
577,-4923.616437633333,-1994.132297097885
578,-4749.0,-1932.0
579,-4599.5061619090475,-1875.9249954588397
580,-4491.0,-1824.0
581,-4272.0,-1713.0
582,-4250.786356834081,-1701.668972422658
583,-4101.525508179833,-1614.1473984267798
584,-4022.0,-1562.0
585,-3978.9423234194082,-1532.9579752896452
586,-3846.0,-1440.0
587,-3820.0,-1421.0
588,-3816.7507572577347,-1418.5972992555548
589,-3691.0,-1321.0
590,-3641.073700144335,-1280.0868894971454
591,-3540.753068639752,-1192.6514912800508
592,-3529.0,-1182.0
593,-3324.273182400911,-991.5529007296063
594,-3313.0,-981.0
595,-3233.203756378035,-906.4065851889341
596,-3171.4325014728097,-848.5162520599594
597,-3134.0,-813.0
598,-3079.9620859141614,-761.5488793771082
599,-2970.0,-656.0
600,-2880.6145313338416,-567.7771872985343
601,-2805.3425938944147,-491.53905967775944
602,-2787.0,-473.0
603,-2674.0,-359.0
604,-2671.2763181186137,-356.2537529951453
605,-2567.394858295762,-251.57036709425088
606,-2535.0,-219.0
607,-2436.3112622464746,-119.97579204435824
608,-2381.0,-65.0
609,-2296.0,13.0
610,-2283.367033911931,24.015452421632176
611,-2209.0,87.0
612,-2175.0,112.0
613,-2144.0405838219917,132.86013794238897
614,-2101.0,159.0
615,-2058.716834220891,180.0923954792575
616,-2011.0,199.0
617,-1941.287642048077,220.9437867890461
618,-1937.0,222.0
619,-1895.0162142409292,230.49825285272343
620,-1885.0,232.0
621,-1857.0,235.0
622,-1839.4381112748322,235.88954733655314
623,-1780.0,232.0
624,-1778.7937594454552,231.7938781068318
625,-1729.0,218.0
626,-1705.9482572476986,207.69048844959366
627,-1690.0,199.0
628,-1648.8433835821256,170.31340073657918
629,-1646.0,168.0
630,-1620.0,145.0
631,-1584.0464873881003,111.25687358889
632,-1550.0,84.0
633,-1507.5027678447252,58.78914438898731
634,-1467.0,39.0
635,-1465.7397848209746,38.40824165497813
636,-1432.81799907395,25.499761416845626
637,-1396.0,24.0
638,-1362.0501332172207,24.446970982517566
639,-1297.0,27.0
640,-1256.9638517626577,33.9945407842391
641,-1241.0,41.0
642,-1232.4352655325226,44.70019789878217
643,-1175.0,71.0
644,-1173.8152447114012,71.63298801922623
645,-1156.0,82.0
646,-1067.0,154.0
647,-1052.026777943854,167.53966367421694
648,-1026.1304294955655,193.0968853263996
649,-1000.7146333748349,218.8232230230297
650,-989.0,230.0
651,-941.6243175105179,273.67792444178986
652,-938.0,277.0
653,-877.3450295955245,327.7726422672865
654,-870.0,333.0
655,-770.0,400.0
656,-756.9450106283492,408.2875374262377
657,-688.317954903164,440.68102274865606
658,-660.0,448.0
659,-595.8924877147396,465.9254245550676
660,-552.0,474.0
661,-393.0110454480807,489.58777352228935
662,-373.0,491.0
663,-319.6259993918045,491.83372706315424
664,-301.0,491.0
665,-218.84796145572798,487.2039725572408
666,-193.0,485.0
667,-25.018043687673362,461.4489029196279
668,-1.0,457.0
669,98.0,432.0
670,175.72956035677316,407.32662653579337
671,327.0,356.0
672,329.71629379921353,355.04919519629584
673,394.166845884849,330.46412631345805
674,419.0,319.0
675,456.4290272546781,301.04661346925184
676,551.0598463464808,253.88786429054085
677,632.0,209.0
678,646.3001500820419,200.46407942029893
679,721.0,153.0
680,778.9816308142666,114.09229903853307
681,809.0,93.0
682,914.0,12.0
683,927.3452932001865,0.6647202385881297
684,1035.0,-99.0
685,1124.0,-187.0
686,1126.827870073864,-189.83384053779383
687,1231.0,-298.0
688,1273.9583790431107,-345.9808495171925
689,1381.0,-469.0
690,1406.5928361498804,-498.73645701912073
691,1479.2444797582727,-585.0331603414448
692,1542.0,-660.0
693,1641.0,-775.0
694,1644.8667865539662,-779.4860726501407
695,1774.9759933211647,-930.5475981798911
1,1887.0,-1063.0
2,1961.8000262168066,-1150.065600922193
3,2109.3439836326393,-1322.3670259236196
4,2115.0,-1329.0
5,2207.0,-1437.0
6,2259.4561789174672,-1498.225242762477
7,2447.0,-1717.0
8,2458.413335033847,-1730.3958757216326
9,2536.0,-1822.0
10,2586.410393866676,-1880.451981472898
11,2733.0,-2050.0
12,2778.702500546541,-2103.41592384583
13,2856.537298578275,-2195.2638753714245
14,2909.0,-2257.0
15,2961.2697520952293,-2318.0614742455696
16,3034.0,-2403.0
17,3186.0,-2581.0
18,3188.380114444429,-2583.7876224252827
19,3314.3814581734214,-2731.1164102437538
20,3334.0,-2754.0
21,3455.126837093185,-2895.2694846222225
22,3539.0,-2993.0
23,3608.361332224757,-3073.558938381881
24,3673.0,-3149.0
25,3715.011610370052,-3198.475395215332
26,3796.0,-3294.0
27,3881.8888180024924,-3395.098717530976
28,3936.0,-3459.0
29,4038.912039347644,-3580.9947345560163
30,4082.0,-3632.0
31,4194.122050852016,-3762.9628928048596
32,4269.0,-3851.0
33,4466.238648595985,-4084.899036253454
34,4479.0,-4100.0
35,4697.0,-4355.0
36,4698.539455881837,-4356.801639052936
37,4869.0,-4557.0
38,4902.625820637813,-4596.30659824996
39,5066.0,-4787.0
40,5147.6899004788775,-4882.579989355234
41,5206.8675340855,-4952.527514712912
42,5214.0,-4961.0
43,5311.452099861173,-5077.0530924621
44,5358.0,-5132.0
45,5422.0,-5207.0
46,5480.949991687418,-5276.479872509267
47,5532.0,-5337.0
48,5566.795693579523,-5378.32304580952
49,5647.0,-5475.0
50,5751.431804996713,-5605.636811033038
51,5899.0,-5799.0
52,5938.4298328138475,-5856.904819652174
53,5984.0,-5961.0
54,6004.223030652819,-6021.545752821596
55,6031.0,-6118.0
56,6047.811179306547,-6220.54555100562
57,6051.0,-6378.0
58,6050.799457958674,-6381.104274510304
59,6033.0,-6513.0
60,6005.0,-6637.0
61,5997.919800954289,-6664.848674532652
62,5976.0,-6744.0
63,5930.309287260054,-6887.0269037020935
64,5915.0,-6931.0
65,5878.077332328625,-7020.325452488038
66,5848.810254976492,-7060.494772526052
67,5827.0,-7086.0
68,5770.0,-7147.0
69,5755.108688499163,-7161.379101551116
70,5685.0733713576465,-7214.139951301948
71,5656.0,-7229.0
72,5538.921648753823,-7276.7009404328155
73,5530.0,-7280.0
74,5432.0,-7301.0
75,5402.408569641431,-7302.209335036132
76,5276.682843034134,-7303.828413921659
77,5234.0,-7302.0
78,5153.009324800561,-7289.2884068779695
79,5095.0,-7270.0
80,5093.7932587676705,-7269.57258347648
81,4987.0,-7220.0
82,4985.286245755975,-7218.880418435001
83,4854.623151673453,-7117.066206651667
84,4849.0,-7112.0
85,4806.225577076732,-7066.0854074967165
86,4784.0,-7037.0
87,4720.0,-6950.0
88,4712.542222667299,-6939.058045922976
89,4657.0,-6851.0
90,4655.902569226664,-6849.218027164566
91,4612.1010678953835,-6777.6796390569925
92,4596.0,-6751.0
93,4552.634056276735,-6677.94955987065
94,4548.0,-6670.0
95,4494.0,-6575.0
96,4464.808840192169,-6523.0763994455765
97,4431.0,-6463.0
98,4417.990736482047,-6439.961431528561
99,4354.0,-6327.0
100,4313.013499005109,-6254.838133319316
101,4286.0,-6210.0
102,4167.853068381808,-6027.941097320912
103,4147.0,-5997.0
104,4115.143274387143,-5952.182379876864
105,4093.0,-5924.0
106,4038.2087112196537,-5855.487996120904
107,3984.0,-5792.0
108,3943.1913012462746,-5748.1651631723125
109,3897.0,-5702.0
110,3832.060425589644,-5643.9652512275825
111,3790.0,-5614.0
112,3732.0555327250263,-5578.911346638732
113,3543.0,-5487.0
114,3468.0898766060345,-5461.134094677949
115,3395.1634946109043,-5449.465772426277
116,3331.0,-5444.0
117,3299.341069328447,-5441.849245450869
118,3254.0,-5439.0
119,3115.3760652911237,-5429.908362301679
120,3036.0,-5423.0
121,2924.0760621413465,-5404.045509138356
122,2883.0,-5393.0
123,2854.3814185909605,-5384.63851694551
124,2779.0,-5354.0
125,2732.485432119636,-5327.380515144616
126,2608.0,-5245.0
127,2561.84097627829,-5211.557638898481
128,2497.4654384806286,-5143.132269555076
129,2471.0,-5102.0
130,2447.1795544999673,-5064.205812761265
131,2407.0,-4995.0
132,2391.978365576995,-4962.917391419392
133,2388.0,-4953.0
134,2323.0,-4748.0
135,2322.074539843653,-4744.90767524863
136,2295.164934263399,-4651.999509314901
137,2281.0,-4602.0
138,2247.0,-4485.0
139,2223.9725109157425,-4403.235966274542
140,2212.0,-4363.0
141,2162.3456009627057,-4214.339626298707
142,2139.0,-4160.0
143,2098.707471414595,-4091.208419941114
144,2057.0,-4038.0
145,1944.0,-3923.0
146,1932.1269141959137,-3913.141007992992
147,1832.0,-3842.0
148,1793.5935146252878,-3820.0330200297167
149,1786.0,-3816.0
150,1701.0,-3776.0
151,1593.11754925995,-3741.1693116260894
152,1572.0,-3736.0
153,1477.8590391549665,-3719.1809407114583
154,1424.0,-3713.0
155,1325.0,-3706.0
156,1301.1529236962178,-3704.671440945815
157,1221.0,-3700.0
158,1103.2598666218685,-3690.7605203653266
159,926.0,-3674.0
160,912.8704619324478,-3672.514977418508
161,860.0201186071714,-3664.600601468847
162,810.0,-3649.0
163,766.626620729958,-3633.995170359659
164,676.0,-3599.0
165,630.0,-3576.0
166,618.6564721435432,-3569.601293920893
167,492.4745896601466,-3485.7679598538866
168,449.0,-3453.0
169,398.9994086804543,-3410.917839061657
170,356.0,-3368.0
171,319.6218405078047,-3327.779473328645
172,257.0,-3249.0
173,228.0264673206533,-3203.834634535953
174,209.0,-3171.0
175,158.98668398025848,-3062.3997746311384
176,156.0,-3052.0
177,133.42431091964593,-2944.2755717403243
178,122.0,-2868.0
179,119.82597944665122,-2831.093550097389
180,124.0,-2806.0
181,128.89665143347545,-2776.5653358688214
182,160.80436357082033,-2639.4044550029435
183,165.0,-2627.0
184,210.50900290327337,-2510.531589673813
185,234.0,-2454.0
186,270.09290847090654,-2367.3165888155327
187,312.0,-2264.0
188,312.7737677802744,-2262.033870857721
189,347.0,-2175.0
190,347.9707761058967,-2172.5787214200036
191,400.42877707575104,-2042.1096839877696
192,414.0,-2003.0
193,436.2918039249612,-1927.8454271568185
194,470.0,-1746.0
195,471.0237502617589,-1731.1980808349404
196,460.55307881647536,-1606.1499127796499
197,434.0,-1521.0
198,381.25502814913733,-1404.9374051707766
199,340.0,-1336.0
200,332.05708476990367,-1324.267730431859
201,275.0,-1251.0
202,273.38855273568765,-1249.182091086455
203,205.0,-1181.0
204,203.13305681674538,-1179.3439996304692
205,95.0,-1098.0
206,37.99757624228978,-1065.1994085735096
207,-7.0,-1042.0
208,-88.34413718188273,-1002.8442393282627
209,-199.05319108296965,-952.7302666776263
210,-234.0,-937.0
211,-313.62167182329506,-901.23915343194
212,-417.6704129072871,-856.7475355641739
213,-427.0,-853.0
214,-514.0,-820.0
215,-592.9922491840317,-795.258155710703
216,-642.0,-782.0
217,-776.4530948569666,-751.8769874582086
218,-879.0,-733.0
219,-985.3363010791886,-716.3679782729473
220,-996.0,-715.0
221,-1095.5315836769146,-705.0161941304765
222,-1164.0,-701.0
223,-1235.0,-699.0
224,-1288.3039322723748,-697.8702555130734
225,-1363.0,-699.0
226,-1484.1088390143875,-705.9242456363095
227,-1650.0,-719.0
228,-1715.8430055882172,-726.4167765282982
229,-1777.0,-745.0
230,-1835.020246124163,-762.5636327363513
231,-1947.0,-798.0
232,-1949.1178212873892,-798.7333003759818
233,-2106.0,-861.0
234,-2158.9572445547396,-885.6413509066067
235,-2328.0,-971.0
236,-2357.1645205727777,-986.4424087605576
237,-2503.0,-1074.0
238,-2537.1929343874845,-1097.6980781129414
239,-2631.7220256175124,-1167.7929168553896
240,-2689.0,-1216.0
241,-2793.0,-1317.0
242,-2817.2494995992865,-1343.0720200618778
243,-2920.339964403799,-1465.2673906532698
244,-2928.0,-1475.0
245,-3010.22706920388,-1585.8696594984158
246,-3054.0,-1646.0
247,-3172.0,-1804.0
248,-3201.803281242932,-1843.487445192868
249,-3281.0,-1948.0
250,-3310.9219102615234,-1987.48772759432
251,-3386.0,-2086.0
252,-3387.9361981729116,-2088.5117425054277
253,-3474.0,-2198.0
254,-3526.7626561542475,-2262.0906842612044
255,-3535.0,-2272.0
256,-3631.8133939010295,-2387.6314502304044
257,-3720.0,-2492.0
258,-3731.10962136824,-2505.0977521308996
259,-3800.0,-2583.0
260,-3856.0763720123978,-2634.4176134133045
261,-3906.0,-2668.0
262,-4006.0,-2711.0
263,-4021.1167859263483,-2715.447056866795
264,-4081.0,-2729.0
265,-4172.981707765142,-2745.938646711329
266,-4306.0,-2768.0
267,-4447.43118645546,-2792.482495673686
268,-4555.0,-2811.0
269,-4616.516631040868,-2821.2236552414097
270,-4712.814036575183,-2835.823586794582
271,-4786.0,-2847.0
272,-4809.246014046159,-2850.672084279467
273,-4818.0,-2852.0
274,-4953.248478851014,-2867.6658835304247
275,-4985.0,-2870.0
276,-5061.369234533767,-2872.165060315621
277,-5071.0,-2872.0
278,-5174.943203805906,-2866.585577956461
279,-5283.0,-2857.0
280,-5350.193858613906,-2845.853962294204
281,-5390.0,-2829.0
282,-5396.822666800908,-2825.8359124198473
283,-5442.0,-2803.0
284,-5484.377649827013,-2774.068418488808
285,-5507.0,-2752.0
286,-5588.0,-2637.0
287,-5588.61343250958,-2635.9756543028334
288,-5612.742798869913,-2587.405893660286
289,-5624.0,-2555.0
290,-5639.725182541826,-2507.60003113036
291,-5646.0,-2483.0
292,-5663.351267707141,-2383.978026547365
293,-5666.0,-2366.0
294,-5684.033882232658,-2207.6291982772027
295,-5685.0,-2200.0
296,-5695.820553317804,-2120.202355901371
297,-5702.0,-2080.0
298,-5717.756925174222,-2001.3176961594193
299,-5734.812103981899,-1928.6697532175413
300,-5737.0,-1919.0
301,-5771.0,-1765.0
302,-5771.493588144555,-1762.7365368438425
303,-5793.0,-1663.0
304,-5803.559296870176,-1614.5543684223826
305,-5831.0,-1489.0
306,-5834.251005094449,-1474.0164907549447
307,-5853.0,-1387.0
308,-5856.25391888315,-1371.7345804766856
309,-5884.0,-1241.0
310,-5896.016605425438,-1186.492832360768
311,-5904.0,-1150.0
312,-5933.230052054865,-1013.5981546587498
313,-5957.0,-902.0
314,-5979.671148505882,-795.964970864286
315,-5998.064516351706,-710.1932815764793
316,-6008.0,-663.0
317,-6021.091813730028,-600.3679683457715
318,-6034.0,-537.0
319,-6047.0,-471.0
320,-6052.519918021704,-443.5233355740999
321,-6071.7198741232805,-351.7122197283631
322,-6092.0,-241.0
323,-6119.175225268439,-74.73323265860837
324,-6128.0,-19.0
325,-6143.812380445133,100.57888577305863
326,-6144.0,147.0
327,-6141.655998634911,253.7468737399125
328,-6139.0,309.0
329,-6118.0,443.0
330,-6104.719529484706,492.17937816934466
331,-6053.0,665.0
332,-6037.073100505575,715.0307055494962
333,-6018.534539068994,759.7252017127913
334,-5996.0,804.0
335,-5953.447520492227,893.0890497041225
336,-5896.0,1015.0
337,-5895.199699424047,1016.6860318593264
338,-5866.62169231824,1075.5353765055831
339,-5852.0,1107.0
340,-5841.941102138502,1129.5618262778669
341,-5821.0,1178.0
342,-5796.0,1243.0
343,-5789.390422985766,1264.3771947467412
344,-5776.0,1321.0
345,-5769.427700942295,1363.595976367286
346,-5769.0,1382.0
347,-5787.0,1494.0
348,-5787.296613766554,1495.0843025379095
349,-5815.0,1544.0
350,-5829.058499848383,1560.2300625394457
351,-5858.40783969901,1588.3440264743303
352,-5862.0,1591.0
353,-5909.457581798111,1618.176955721813
354,-5918.0,1622.0
355,-5960.732523621964,1632.1387978940647
356,-5982.0,1633.0
357,-6027.281614661336,1631.0498383789118
358,-6032.0,1630.0
359,-6087.0,1613.0
360,-6104.544984424835,1606.4031796664954
361,-6138.7076437785545,1586.8806763257971
362,-6154.0,1574.0
363,-6167.4702082459235,1562.1256094835367
364,-6190.598333254395,1539.8665355160686
365,-6196.0,1534.0
366,-6239.0,1479.0
367,-6245.41801416799,1469.5222669452469
368,-6272.901897380516,1424.6807262458187
369,-6275.0,1421.0
370,-6301.0,1373.0
371,-6310.169898426302,1355.9391100797284
372,-6331.0,1317.0
373,-6341.0470804652105,1297.8157028323437
374,-6367.0,1247.0
375,-6372.0,1237.0
376,-6402.838764577802,1178.8240185514148
377,-6443.0,1105.0
378,-6443.862494591795,1103.4206607625222
379,-6476.276976152525,1044.526614381588
380,-6502.71965056896,998.651575858015
381,-6509.0,988.0
382,-6563.913171112438,896.3641601930748
383,-6620.0,806.0
384,-6633.245809283765,785.1592638762343
385,-6732.0,633.0
386,-6742.91227149789,616.2050611192461
387,-6776.662598727554,564.0530367555041
388,-6813.304143925392,508.78956319259004
389,-6824.0,493.0
390,-6863.0,436.0
391,-6889.393246311574,397.5517145504866
392,-6927.0,344.0
393,-7000.0,247.0
394,-7016.849273656012,225.665697939148
395,-7080.026844896664,149.6769171697422
396,-7095.0,133.0
397,-7202.0,26.0
398,-7241.342635726858,-9.721392936515134
399,-7325.0,-79.0
400,-7502.3763820607355,-206.0745975470225
401,-7525.0,-221.0
402,-7664.300423417969,-293.35376336550826
403,-7692.0,-304.0
404,-7752.64357834749,-326.2356996151865
405,-7835.0,-351.0
406,-7883.0,-362.0
407,-7959.894859538277,-377.38179361551727
408,-8063.217293450556,-393.0454882083031
409,-8128.0,-401.0
410,-8263.389328218072,-414.5931766586914
411,-8292.0,-417.0
412,-8456.0,-428.0
413,-8458.9783676425,-428.14048267537214
414,-8634.170622987316,-429.33628870307615
415,-8644.0,-429.0
416,-8834.0,-414.0
417,-8880.272673290177,-407.8394904322368
418,-9073.676734086217,-377.9677017489148
419,-9127.0,-369.0
420,-9210.386375112379,-352.9891890537582
421,-9281.0,-333.0
422,-9306.481909021146,-325.8725159285613
423,-9419.0,-294.0
424,-9453.147069984945,-283.87316397346285
425,-9543.0,-256.0
426,-9574.538558979268,-245.59834614102888
427,-9681.0,-208.0
428,-9713.198272303976,-196.27355873049805
429,-9848.0,-146.0
430,-9894.688412992187,-128.06653347222274
431,-10072.0,-57.0
432,-10216.0,5.0
433,-10233.687558471986,13.302406088435088
434,-10368.0,83.0
435,-10418.535522569447,112.9629828572655
436,-10556.0,202.0
437,-10617.530195355992,244.38364015762528
438,-10717.0,319.0
439,-10765.564177493932,357.322551246727
440,-10827.0,409.0
441,-11066.0,652.0
442,-11078.484657285007,666.0864056431255
443,-11151.44146500804,753.546804083896
444,-11210.764288139122,834.798503058709
445,-11232.0,866.0
446,-11271.0,926.0
447,-11289.283378378463,955.2306450283131
448,-11357.0,1071.0
449,-11358.671007587755,1074.1037095036986
450,-11489.0,1357.0
451,-11490.265652374726,1359.910699525628
452,-11604.0,1625.0
453,-11605.231512643219,1627.9380883340054
454,-11657.440360054246,1752.7627513097427
455,-11670.0,1782.0
456,-12012.01115228637,2477.348736997027
457,-12026.0,2503.0
458,-12047.970799629107,2542.103248919912
459,-12110.0,2612.0
460,-12198.963937285094,2680.789293156424
461,-12314.0,2761.0
462,-12333.931420105579,2773.788989728866
463,-12400.0,2795.0
464,-12546.46241962993,2817.401690619581
465,-12699.0,2836.0
466,-12714.863183022868,2837.333067778285
467,-12801.857000310534,2837.335443091397
468,-12870.0,2829.0
469,-12924.952791262498,2822.9480808927838
470,-13015.0,2810.0
471,-13098.74183343508,2792.772222755036
472,-13143.0,2782.0
473,-13241.219386849058,2751.8980778242308
474,-13339.0,2713.0
475,-13340.566906535192,2712.347058037926
476,-13414.914185707772,2676.3646814673575
477,-13452.0,2650.0
478,-13487.143191010175,2622.8873228475118
479,-13539.0,2578.0
480,-13583.226424913511,2528.1867635021877
481,-13625.717976300686,2462.842859118649
482,-13638.0,2441.0
483,-13682.0,2334.0
484,-13693.083506028568,2287.3142961203116
485,-13706.0,2191.0
486,-13706.9459439609,2170.7632342010684
487,-13703.0,2081.0
488,-13697.706820955977,2043.2974698836229
489,-13689.0,1999.0
490,-13666.0,1916.0
491,-13636.261104055204,1838.6809797092876
492,-13623.0,1807.0
493,-13610.260461166068,1777.1106587323654
494,-13583.0,1728.0
495,-13515.0,1623.0
496,-13503.649588510052,1605.7686616156507
497,-13465.807002282825,1550.1092137883663
498,-13420.0,1508.0
499,-13288.0,1376.0
500,-13251.044608838733,1339.8629503598518
501,-13224.943346032507,1317.990047622924
502,-13201.0,1299.0
503,-13089.23356707233,1210.3172453321522
504,-13024.0,1159.0
505,-12968.908592472715,1116.3668223378058
506,-12900.272535771606,1065.1837216502777
507,-12859.0,1035.0
508,-12742.0,950.0
509,-12739.830813936125,948.4202330798264
510,-12658.0,889.0
511,-12600.099093577683,848.5376110288089
512,-12554.0,817.0
513,-12475.150253837115,763.2474503891345
514,-12432.0,734.0
515,-12339.23257100267,671.8700056840846
516,-12318.0,658.0
517,-12184.0,573.0
518,-12106.0,524.0
519,-12103.469357377775,522.4324520947683
520,-11898.0,398.0
521,-11895.472685821234,396.49763862732766
522,-11747.0,311.0
523,-11732.818343040955,303.034161582309
524,-11645.0,254.0
525,-11629.97773246986,245.67503500951278
526,-11450.0,148.0
527,-11446.581585082786,146.1774619292815
528,-11211.968218770606,22.28867235957835
529,-11198.0,15.0
530,-11044.420669295483,-62.369275935001305
531,-10981.0,-93.0
532,-10951.571372048595,-107.21674079221584
533,-10898.0,-133.0
534,-10770.344464159736,-192.8018539014485
535,-10759.0,-198.0
536,-10654.875252383934,-245.09336283105205
537,-10582.0,-277.0
538,-10478.827223192544,-320.1642674331381
539,-10467.0,-325.0
540,-10344.0,-374.0
541,-10250.754110297223,-409.6479487678707
542,-10191.0,-432.0
543,-10124.74244438559,-456.38031380349906
544,-9990.0,-505.0
545,-9917.70854250837,-530.8309927209601
546,-9863.0,-550.0
547,-9719.0,-599.0
548,-9641.557975697646,-625.225626101439
549,-9526.989135444877,-664.3193980761163
550,-9499.0,-674.0
551,-9401.0,-708.0
552,-9397.765850911122,-709.1068153560963
553,-9183.93744553126,-779.9859285679387
554,-9172.0,-784.0
555,-9049.0,-826.0
556,-8992.740568758005,-845.1026835980133
557,-8812.0,-906.0
558,-8722.320618877515,-936.2127499615668
559,-8589.0,-981.0
560,-8544.643228100222,-995.8053129867633
561,-8349.0,-1061.0
562,-7983.294589647936,-1184.0122027056573
563,-7941.0,-1198.0
564,-7807.0,-1242.0
565,-7709.028520828553,-1274.8213317128132
566,-7532.0,-1335.0
567,-7512.719183831739,-1341.544497395226
568,-7375.0,-1388.0
569,-7327.327743004031,-1403.7745639135073
570,-7242.0,-1432.0
571,-7115.436823655418,-1475.3892685780384
572,-7037.0,-1502.0
573,-6919.0,-1541.0
574,-6915.782232261815,-1542.0662737917437
575,-6761.0,-1594.0
576,-6757.351298324754,-1595.230876252552
577,-6515.0,-1677.0
578,-6442.932653168477,-1701.1726144889021
579,-6315.549841553063,-1743.449715107483
580,-6197.0,-1783.0
581,-6179.490107916103,-1788.8791051173664
582,-6102.0,-1815.0
583,-6018.446968765401,-1843.4149849198118
584,-5958.0,-1864.0
585,-5830.365203636133,-1907.2306795611428
586,-5727.0,-1942.0
587,-5649.947168131422,-1967.7654584317731
588,-5591.0,-1987.0
589,-5491.610055885258,-2018.0850222251938
590,-5382.0,-2046.0
591,-5364.698133413634,-2049.1696756575393
592,-5243.0,-2057.0
593,-5158.485392091291,-2048.2935438482773
594,-5014.0,-2022.0
595,-4889.586488587287,-1985.6491301408882
596,-4804.0,-1952.0
597,-4754.574249819765,-1932.6323340353124
598,-4554.890701009561,-1853.1897187293864
599,-4545.0,-1849.0
600,-4522.0,-1839.0
601,-4388.5908175709465,-1774.6170322851399
602,-4299.0,-1728.0
603,-4183.0,-1663.0
604,-4179.9306051218355,-1661.1774766271358
605,-3973.0,-1530.0
606,-3930.1624766019177,-1501.4886823933325
607,-3798.488650290235,-1406.2625180345697
608,-3784.0,-1395.0
609,-3631.684432608721,-1272.9315217256824
610,-3616.0,-1260.0
611,-3502.869958338337,-1162.765678388743
612,-3423.708630720579,-1086.3890782975398
613,-3364.0,-1029.0
614,-3245.0662060894224,-917.5774782809644
615,-3121.0,-801.0
616,-3014.8339533477065,-698.515890202253
617,-2870.7664158452017,-556.5978523153603
618,-2853.0,-539.0
619,-2770.898258302669,-457.1720988992714
620,-2723.0,-409.0
621,-2682.9891297447557,-368.62360053087536
622,-2604.0,-289.0
623,-2526.1400493645524,-210.9218703651482
624,-2425.0,-110.0
625,-2343.1228798238485,-29.64301660513297
626,-2290.592554770939,18.030654296526116
627,-2286.0,22.0
628,-2241.9211088513603,58.89903678835549
629,-2150.0,129.0
630,-2133.7758899796336,139.75414806852598
631,-2074.0,172.0
632,-2044.844126801153,185.05235140484046
633,-1981.191687835303,209.5236086279945
634,-1970.0,213.0
635,-1912.0,227.0
636,-1883.4804687510616,232.04829297139779
637,-1874.0,233.0
638,-1804.0429617097002,233.98201934384264
639,-1786.0,233.0
640,-1743.8685891019177,226.25550744153566
641,-1704.0,207.0
642,-1678.260468289,191.03551753965007
643,-1658.0,177.0
644,-1650.0,171.0
645,-1609.0,135.0
646,-1592.1426569800926,119.66565713870781
647,-1572.0,102.0
648,-1514.0,60.0
649,-1513.0156931050187,59.44423602297936
650,-1451.0,33.0
651,-1439.6064351573757,29.891855661476985
652,-1394.0,23.0
653,-1329.4068370821763,23.43620779395593
654,-1310.0,25.0
655,-1262.0,35.0
656,-1260.6694978987664,35.455096273107614
657,-1196.3177536445728,61.1159997435061
658,-1185.0,66.0
659,-1158.6181761659584,80.10779473901782
660,-1152.0,85.0
661,-1084.0,138.0
662,-1082.9101774103015,138.9698193979722
663,-1010.0,210.0
664,-978.9105633217473,239.26630992806898
665,-976.0,242.0
666,-930.6637993657861,284.0980757854539
667,-919.0,294.0
668,-871.5007605259952,331.4255752375733
669,-797.8651320296874,382.6887570427313
670,-763.0,403.0
671,-672.0841190796433,442.70756947479293
672,-622.0,459.0
673,-565.6360630014826,471.46932041445643
674,-538.0,476.0
675,-483.51461009891307,485.0428423821269
676,-371.0,491.0
677,-265.6005063256069,486.5042989716884
678,-111.0,475.0
679,-49.83941664675284,467.5552617254107
680,-25.0,462.0
681,13.468746940561864,452.86295946218866
682,132.0,422.0
683,200.53690647274516,400.6544611527294
684,281.0,372.0
685,325.7766725000066,355.07930899548603
686,451.12499319551364,304.32694658245225
687,493.0,285.0
688,617.0372732694432,217.03294791679753
689,706.0,162.0
690,714.7731308513394,156.66304679192655
691,786.1133694906009,110.69654827702622
692,815.0,88.0
693,985.2198509117944,-54.76562173143899
694,1021.0,-86.0
695,1094.9253576355582,-157.2099350818264
696,1130.0,-194.0
697,1238.0,-306.0
698,1303.4298617665468,-379.37632816433376
699,1427.3968419397017,-524.8058792026118
700,1442.0,-542.0
701,1500.0,-610.0
702,1560.310897932671,-680.5061789294425
703,1719.0,-866.0
1,1846.0,-1015.0
2,1857.3348822143062,-1028.344076992216
3,1998.0,-1193.0
4,2098.3339003647625,-1309.8163878750104
5,2207.2348162106273,-1436.5399119070366
6,2235.0,-1469.0
7,2302.658994164637,-1549.081031436029
8,2328.0,-1579.0
9,2385.6424747072956,-1646.5930341197452
10,2506.0,-1787.0
11,2558.5864547708175,-1848.1513751954865
12,2623.0,-1923.0
13,2714.4835647041723,-2029.411651341299
14,2751.0,-2072.0
15,2830.8991618671616,-2166.0167050649075
16,2869.0,-2211.0
17,2899.7771290622027,-2247.218663558157
18,2988.8427304701704,-2351.6943149663757
19,3031.0,-2401.0
20,3099.343890895162,-2480.7166027405024
21,3140.0,-2528.0
22,3208.025105678203,-2606.9333693873346
23,3227.0,-2629.0
24,3360.0503399908357,-2784.666804766313
25,3392.0,-2822.0
26,3480.7117606794372,-2925.3646089008666
27,3513.0,-2963.0
28,3567.6078871860873,-3026.7871472958427
29,3613.0,-3080.0
30,3779.722557379538,-3275.9449014429465
31,3790.0,-3288.0
32,3861.4765189384552,-3371.460695274531
33,3926.0,-3447.0
34,3980.859882979271,-3512.173603997173
35,4074.0,-3623.0
36,4076.2946922891374,-3625.7174946679597
37,4163.0,-3728.0
38,4264.0,-3847.0
39,4299.9422056369285,-3889.176506233317
40,4410.0,-4018.0
41,4412.256311751624,-4020.646378229712
42,4525.331824589003,-4153.696839998619
43,4556.0,-4190.0
44,4668.0,-4323.0
45,4807.457281425511,-4486.311820866914
46,4826.0,-4508.0
47,4905.581245543171,-4601.463110203981
48,5005.169459385725,-4718.1369997615875
49,5041.0,-4760.0
50,5184.0,-4927.0
51,5278.924315959238,-5039.551575054363
52,5297.0,-5061.0
53,5380.806720079159,-5159.54538124672
54,5534.0,-5341.0
55,5537.739014615893,-5345.497523968678
56,5678.210722793637,-5517.284588803533
57,5755.0,-5610.0
58,5861.636764973525,-5728.765917188746
59,5924.0,-5841.0
60,5934.731138298279,-5863.765281058186
61,6020.0,-6077.0
62,6048.114860051746,-6202.960458192518
63,6046.503436160769,-6418.768407073301
64,6045.0,-6437.0
65,6036.304001910099,-6497.780389763355
66,6027.0,-6539.0
67,5987.0,-6701.0
68,5969.33412592123,-6767.212625799277
69,5950.0,-6832.0
70,5905.235512889227,-6949.052362893024
71,5899.0,-6964.0
72,5853.026622372765,-7051.840891647592
73,5836.0,-7072.0
74,5748.026030564603,-7159.3440092484225
75,5715.0,-7190.0
76,5683.47925772545,-7216.327854720134
77,5666.0,-7222.0
78,5651.511195770747,-7228.3623328673575
79,5560.0,-7270.0
80,5498.350039748814,-7290.848092487461
81,5440.0,-7299.0
82,5275.0,-7306.0
83,5260.924038093294,-7305.964247265647
84,5175.0,-7292.0
85,5156.33020489625,-7288.096883094191
86,5045.1153837557395,-7251.01484445698
87,5034.0,-7245.0
88,4912.0,-7169.0
89,4878.171345033422,-7145.83036305041
90,4825.0,-7086.0
91,4813.461680418424,-7071.305532978044
92,4758.203104922103,-7002.526300541264
93,4733.0,-6968.0
94,4697.0,-6913.0
95,4683.751087717502,-6892.377816254923
96,4644.0,-6830.0
97,4590.193420138741,-6741.231002485235
98,4580.0,-6724.0
99,4497.212896914011,-6580.464097214551
100,4493.0,-6573.0
101,4470.0,-6532.0
102,4447.254280120401,-6491.256801066916
103,4362.755640103401,-6340.155965916013
104,4357.0,-6330.0
105,4285.993299019019,-6207.822399273793
106,4223.242915067178,-6108.438405105506
107,4219.0,-6102.0
108,4137.0,-5984.0
109,4070.689819145331,-5897.7754920007865
110,3987.0,-5796.0
111,3936.238414378231,-5738.660899565914
112,3893.0,-5699.0
113,3823.7934333514972,-5644.1694790529455
114,3710.0,-5562.0
115,3666.2539968751253,-5533.893621722616
116,3627.0,-5519.0
117,3624.952250201831,-5518.196647953347
118,3499.8190858389057,-5474.04025235993
119,3487.0,-5471.0
120,3296.0565221848647,-5443.18247900962
121,3226.0,-5436.0
122,3138.2624355897756,-5428.479682011832
123,3060.3086998683348,-5425.201591238306
124,2983.0,-5415.0
125,2945.0,-5408.0
126,2900.36727924683,-5396.167888387117
127,2746.525851343062,-5332.559925174014
128,2670.0,-5291.0
129,2644.0257968076558,-5274.718288501573
130,2510.509702270408,-5151.891052557152
131,2498.0,-5136.0
132,2454.6382783212102,-5074.245388478439
133,2395.4669830414623,-4970.2006988967405
134,2392.0,-4963.0
135,2350.9619966739724,-4846.978755976358
136,2337.0,-4797.0
137,2319.493000441178,-4733.925640768599
138,2310.0,-4700.0
139,2281.5055816913155,-4600.972278026789
140,2251.0,-4496.0
141,2216.9608119228906,-4377.806670123084
142,2199.0,-4316.0
143,2172.799658579405,-4234.063835570411
144,2161.0,-4208.0
145,2142.1897087385005,-4170.440746711072
146,2089.0,-4080.0
147,2066.282727205632,-4049.2618798795706
148,1982.0,-3959.0
149,1931.0,-3914.0
150,1902.6017528830205,-3891.5300964361036
151,1860.0,-3861.0
152,1732.5778756073023,-3789.3465471631757
153,1725.0,-3786.0
154,1599.0,-3743.0
155,1585.478303394221,-3739.521599853951
156,1466.0,-3717.0
157,1396.0,-3710.0
158,1381.0903512522746,-3708.842126867779
159,1238.9345925143452,-3701.3332601398542
160,1231.0,-3701.0
161,1101.0,-3693.0
162,1096.2310029425057,-3692.531679469857
163,922.0,-3673.0
164,842.3458709207657,-3662.1044854231222
165,786.0,-3641.0
166,731.5426234103493,-3621.036364910723
167,689.0,-3604.0
168,624.7450428724138,-3572.6764568588933
169,579.0,-3546.0
170,461.0,-3462.0
171,427.1818124976328,-3434.5060427296153
172,363.0,-3373.0
173,360.57850754150485,-3370.37560971213
174,260.0,-3251.0
175,210.29284437186664,-3182.0983822248527
176,177.0,-3106.0
177,163.3787141894652,-3067.353643775189
178,136.0,-2978.0
179,123.17296627235577,-2911.515841800182
180,123.0,-2874.0
181,135.53556643547637,-2737.8022791158583
182,137.0,-2726.0
183,148.59298131461372,-2658.793288785543
184,168.0,-2620.0
185,175.39326355162297,-2602.4945760996034
186,236.0,-2452.0
187,254.0,-2410.0
188,293.007728269058,-2313.713858121984
189,310.0,-2271.0
190,334.8000791509943,-2208.1695236205155
191,358.0,-2149.0
192,367.3680072701072,-2125.1805207011435
193,406.0,-2025.0
194,419.5715126573712,-1987.1988556825495
195,448.0,-1897.0
196,459.5182813063424,-1848.1140936676848
197,470.0,-1741.0
198,459.0211614380291,-1632.8620542208482
199,439.0,-1537.0
200,428.0872385462486,-1499.3290369233305
201,365.60214323032454,-1375.1673726456754
202,361.0,-1368.0
203,304.0,-1287.0
204,230.0,-1204.0
205,175.50229105415204,-1154.3163264724008
206,145.0,-1132.0
207,-131.40118295374404,-984.5045679208316
208,-151.0,-975.0
209,-195.7851409666281,-953.9140138065993
210,-245.0,-932.0
211,-279.60578610283494,-916.0309158824314
212,-339.0,-889.0
213,-448.0,-844.0
214,-525.0166986645011,-816.8123194175298
215,-611.0,-791.0
216,-627.3297535982072,-786.6240688049274
217,-809.0,-746.0
218,-836.8483928171644,-740.3737651562533
219,-913.0,-727.0
220,-1109.7035828625258,-706.1271336138817
221,-1174.0,-701.0
222,-1231.448158904484,-697.4020901701709
223,-1372.0,-699.0
224,-1388.2045739139526,-699.6238781618786
225,-1486.0,-704.0
226,-1503.876265797386,-704.9893835390218
227,-1628.0,-716.0
228,-1742.7102901636038,-737.163786282077
229,-1755.0,-740.0
230,-1896.0,-781.0
231,-1938.9757661479246,-795.4008047158783
232,-2091.0,-855.0
233,-2149.304773835787,-881.7597358646783
234,-2318.0,-966.0
235,-2372.182339772139,-995.5562878741417
236,-2483.067554738117,-1062.4700228870004
237,-2548.0,-1105.0
238,-2606.352778021587,-1145.7948596798383
239,-2728.6156565725732,-1251.5872310876664
240,-2745.0,-1268.0
241,-2851.824592126082,-1382.4979400144994
242,-2860.0,-1392.0
243,-2946.0,-1500.0
244,-2985.8853823228565,-1553.3863463214498
245,-3058.0,-1652.0
246,-3060.305606126385,-1655.1238245196141
247,-3150.0,-1775.0
248,-3228.296360082173,-1877.6074506262091
249,-3272.0,-1935.0
250,-3357.0,-2047.0
251,-3385.4607153125507,-2083.679323837268
252,-3493.0,-2220.0
253,-3549.8835666170335,-2289.508845482438
254,-3612.0,-2362.0
255,-3745.0020104773703,-2521.0594105267573
256,-3762.0,-2540.0
257,-3858.0,-2634.0
258,-3860.481381983798,-2635.950337230016
259,-3878.0,-2649.0
260,-3965.938765658059,-2697.017283669384
261,-4005.0,-2710.0
262,-4257.759654118137,-2758.9430000214634
263,-4270.0,-2761.0
264,-4380.547040833293,-2779.9193738625727
265,-4445.134815338028,-2791.3100771745326
266,-4484.0,-2798.0
267,-4563.44885413934,-2811.3890889769455
268,-4592.0,-2816.0
269,-4722.2465605690695,-2836.2334725752835
270,-4854.0,-2856.0
271,-4904.879942059533,-2863.163837018833
272,-4947.0,-2866.0
273,-5008.172756911359,-2869.5833584800353
274,-5073.0,-2872.0
275,-5153.204799880535,-2870.2624712434204
276,-5196.0,-2867.0
277,-5224.847797528827,-2863.9643414069037
278,-5315.0,-2850.0
279,-5324.479951366229,-2848.1111212452142
280,-5393.0,-2826.0
281,-5474.0447722391455,-2776.5703392248
282,-5502.0,-2756.0
283,-5558.181047907764,-2697.7168746533866
284,-5585.0,-2643.0
285,-5587.924969541356,-2637.0970067398493
286,-5614.723000448201,-2580.6888076022256
287,-5621.0,-2564.0
288,-5648.0,-2472.0
289,-5656.642406515795,-2429.4481091924763
290,-5664.0,-2382.0
291,-5670.4244401483775,-2328.7768917201547
292,-5672.0,-2314.0
293,-5686.0,-2187.0
294,-5686.351495235216,-2184.631211029396
295,-5720.355098664082,-1992.3940922998522
296,-5722.0,-1984.0
297,-5735.152542475328,-1921.626566969941
298,-5755.0,-1839.0
299,-5762.001329072303,-1806.998446705828
300,-5781.0,-1719.0
301,-5786.623758675054,-1693.8181969350596
302,-5801.0,-1630.0
303,-5831.121097769726,-1488.760760892266
304,-5833.0,-1480.0
305,-5856.0,-1374.0
306,-5866.97944841455,-1322.7398681272177
307,-5874.0,-1290.0
308,-5906.0,-1142.0
309,-5910.206902887994,-1122.1638140690588
310,-5940.2211596629895,-979.3116385490935
311,-5946.0,-952.0
312,-5962.57406081703,-874.9173568914666
313,-5990.157150233301,-748.2207133232856
314,-5999.0,-705.0
315,-6019.76415939646,-601.8363468323005
316,-6034.0,-531.0
317,-6073.316664595048,-336.01813835499956
318,-6075.0,-327.0
319,-6095.0,-216.0
320,-6102.942971864521,-169.74976207313267
321,-6121.209175864883,-57.467812107051564
322,-6125.0,-33.0
323,-6135.0,37.0
324,-6141.535226521273,111.7765158208355
325,-6143.3029508519185,226.21358541010184
326,-6142.0,264.0
327,-6129.8464051331885,386.66615510280064
328,-6113.0,464.0
329,-6058.908353223781,645.9300658615659
330,-6055.0,658.0
331,-5998.17228913782,800.3716314383402
332,-5988.0,822.0
333,-5922.136824076895,961.2966975742214
334,-5888.0,1033.0
335,-5856.557959958009,1097.3998355242338
336,-5841.0,1131.0
337,-5840.363256085944,1132.4840325135156
338,-5813.0,1198.0
339,-5803.919039737471,1220.9837012394162
340,-5783.0,1287.0
341,-5771.455430166733,1356.4581774353767
342,-5770.0,1370.0
343,-5779.8731975902965,1473.7448318692711
344,-5781.0,1477.0
345,-5798.752970336532,1517.0735847603898
346,-5811.0,1537.0
347,-5836.0,1568.0
348,-5867.610044966917,1596.3374613207422
349,-5887.0,1608.0
350,-5902.084673002161,1614.9693875926512
351,-5952.0,1630.0
352,-5999.529859474484,1633.4659748429262
353,-6040.0,1628.0
354,-6048.8164311483,1625.9487201456639
355,-6104.406547149169,1604.8156473414035
356,-6112.0,1601.0
357,-6133.429987191654,1588.1105710795455
358,-6143.0,1581.0
359,-6175.5696843159,1553.5399997508418
360,-6187.0,1543.0
361,-6229.0,1493.0
362,-6239.792073405498,1476.7951117897478
363,-6274.0,1423.0
364,-6278.540607194261,1415.697769695337
365,-6291.960874235543,1392.6167327386945
366,-6301.0,1374.0
367,-6310.917945448065,1354.666922431763
368,-6331.0,1316.0
369,-6358.0,1264.0
370,-6364.582578230926,1251.2680571338506
371,-6403.0,1178.0
372,-6404.07262144569,1176.016188042806
373,-6453.256070680233,1086.6110645743859
374,-6463.0,1069.0
375,-6473.161769480825,1050.6027971642748
376,-6487.0,1027.0
377,-6502.396419362633,1001.17657935771
378,-6602.0,836.0
379,-6603.550305215044,833.4770375559104
380,-6651.983935527051,756.7074801546348
381,-6696.0,690.0
382,-6733.289116986979,632.4796290926708
383,-6782.836041273901,557.1349936113292
384,-6797.0,536.0
385,-6857.353146420381,446.8560046446527
386,-6907.0,374.0
387,-6920.221002557899,354.64102717915193
388,-6962.0,297.0
389,-6989.633363507432,261.6693312421234
390,-7053.0,183.0
391,-7181.0,46.0
392,-7196.0331172594415,32.247587756082524
393,-7305.936236102404,-62.596332022733534
394,-7327.0,-80.0
395,-7391.125221150077,-130.56657557802154
396,-7465.997275970163,-181.4388941981501
397,-7499.0,-203.0
398,-7541.476378316416,-230.37060786540752
399,-7580.0,-251.0
400,-7792.0,-338.0
401,-7866.151282653762,-363.8435107116276
402,-7926.264040459986,-373.09365914089983
403,-7968.0,-378.0
404,-8032.6867743352395,-387.05446279335104
405,-8123.0,-399.0
406,-8362.667635646732,-421.66771291081386
407,-8430.0,-426.0
408,-8575.094975992652,-429.2237050271449
409,-8668.0,-426.0
410,-8694.97350198439,-424.5006859708339
411,-8840.686458157097,-412.0809563359104
412,-8918.0,-403.0
413,-8991.0,-393.0
414,-9075.239772296229,-378.1871241365176
415,-9285.0,-331.0
416,-9400.877434064567,-299.41569430494417
417,-9461.0,-281.0
418,-9505.762089952084,-266.69308473216415
419,-9665.0,-213.0
420,-9740.534417886023,-186.18584556068728
421,-9752.0,-182.0
422,-9954.543420905633,-104.32355751863899
423,-10099.0,-44.0
424,-10172.440642981685,-11.04317841887691
425,-10375.264846437953,89.87193994390249
426,-10394.0,100.0
427,-10474.396274216713,148.0154552592657
428,-10528.0,184.0
429,-10654.0,273.0
430,-10747.47363239719,347.05847777766377
431,-10897.0,474.0
432,-10933.093601964047,506.50483202489966
433,-10988.559633915396,565.4355749354456
434,-11019.0,600.0
435,-11064.507878665157,650.5593312992359
436,-11142.0,745.0
437,-11275.082642131698,936.3995653027288
438,-11296.0,968.0
439,-11349.77780341299,1052.7440024459397
440,-11405.861768020377,1169.7561420084012
441,-11410.0,1179.0
442,-11469.0,1312.0
443,-11497.481307476495,1377.847502076702
444,-11539.0,1475.0
445,-11590.23028543072,1593.560875929448
446,-11628.0,1682.0
447,-11734.0,1933.0
448,-11743.180078360187,1954.8654132025197
449,-11800.0,2079.0
450,-11839.403594598685,2156.4370930865375
451,-11949.0,2370.0
452,-11994.6080805313,2454.16017577662
453,-12021.0,2494.0
454,-12028.036291242413,2504.4604388249336
455,-12108.0,2609.0
456,-12133.78988489726,2633.8138474779116
457,-12290.0,2748.0
458,-12385.414613000103,2795.091410784575
459,-12473.0,2815.0
460,-12594.0,2832.0
461,-12621.894892671731,2834.0563834823597
462,-12717.0,2836.0
463,-12839.0,2831.0
464,-12891.016899509508,2826.614220057354
465,-12949.0,2820.0
466,-13060.069609407474,2801.4823341512233
467,-13124.0,2787.0
468,-13147.373743182881,2780.8290640210116
469,-13224.0,2757.0
470,-13267.335718691505,2741.7479752352106
471,-13305.0,2727.0
472,-13345.400975703855,2708.8435352302363
473,-13371.0,2696.0
474,-13438.480883106928,2657.2589507333414
475,-13523.0,2593.0
476,-13568.653784478609,2543.7056932683067
477,-13626.306603499468,2459.20028044053
478,-13642.0,2432.0
479,-13655.36964526066,2405.471955498521
480,-13676.0,2349.0
481,-13689.897395950651,2302.521962777471
482,-13700.0,2245.0
483,-13705.008186864332,2109.734056523845
484,-13705.0,2102.0
485,-13692.0,2012.0
486,-13691.3761292961,2009.9161441982137
487,-13624.985073186564,1813.6644367696213
488,-13617.0,1794.0
489,-13580.739038539727,1718.7023555275223
490,-13546.121062102491,1665.8423001868396
491,-13524.0,1635.0
492,-13464.584588849984,1559.2453745023035
493,-13420.0,1509.0
494,-13394.945524531808,1482.4505295082386
495,-13381.0,1468.0
496,-13330.334761517908,1417.1040017113658
497,-13257.0,1348.0
498,-13246.276772488636,1338.3671616525644
499,-13176.0,1278.0
500,-13131.06727032626,1241.44658131757
501,-13011.0,1148.0
502,-12980.40225030371,1124.9735467370942
503,-12888.0,1057.0
504,-12813.15669550449,1001.0369580913299
505,-12805.0,995.0
506,-12652.718039796571,885.5090019733983
507,-12576.0,832.0
508,-12518.852631024798,792.790569090893
509,-12417.0,724.0
510,-12276.0,631.0
511,-12197.248360716114,581.2196747608956
512,-12046.0,487.0
513,-12042.215132873558,484.65649698449255
514,-11883.0,390.0
515,-11880.272182430484,388.4218916267741
516,-11781.0,331.0
517,-11652.034400014587,258.16416059306056
518,-11639.0,251.0
519,-11427.0,136.0
520,-11315.290306838087,75.93176546335775
521,-11243.958290838395,38.78952042697297
522,-11225.0,29.0
523,-11102.0,-34.0
524,-11024.942345479816,-72.42993584787396
525,-10964.0,-102.0
526,-10766.972091919626,-193.9025899466476
527,-10668.0,-239.0
528,-10610.353385451264,-264.89014053027813
529,-10437.0,-337.0
530,-10433.806531317652,-338.259592010894
531,-10309.0,-387.0
532,-10263.985850111378,-404.5287347688716
533,-10174.0,-439.0
534,-10055.0,-482.0
535,-10030.320006737298,-490.78149872426343
536,-9769.0,-583.0
537,-9623.793566178623,-633.2096351699251
538,-9440.342061603787,-694.8715223865236
539,-9434.0,-697.0
540,-9383.515168244961,-713.9769585774776
541,-9327.0,-733.0
542,-9220.540019435668,-768.7943983682368
543,-9143.0,-795.0
544,-9005.0,-842.0
545,-8940.004362457537,-863.961506588555
546,-8820.0,-904.0
547,-8721.833728349879,-936.1978785066727
548,-8665.0,-955.0
549,-8604.12211517621,-975.5437467928832
550,-8526.0,-1002.0
551,-8354.042939386814,-1059.3673766455179
552,-8214.0,-1106.0
553,-8092.49436458107,-1146.7073249402674
554,-7879.0,-1219.0
555,-7865.228503516297,-1223.636444929924
556,-7760.116540105756,-1258.8236319198877
557,-7688.0,-1283.0
558,-7592.8160187676785,-1315.0253298156247
559,-7516.0,-1341.0
560,-7307.545088659996,-1411.2770775725949
561,-7296.0,-1415.0
562,-7249.0,-1430.0
563,-7126.710915390058,-1470.3108865601307
564,-6900.786409324002,-1547.0539802201533
565,-6854.0,-1563.0
566,-6753.749391945542,-1597.245714553611
567,-6680.0,-1622.0
568,-6677.026862848183,-1622.9872227199526
569,-6524.940088696936,-1673.3063554587004
570,-6490.0,-1685.0
571,-6221.0,-1776.0
572,-6118.753719994598,-1810.4182421168025
573,-6078.0,-1824.0
574,-5978.5887408513845,-1857.0936570898484
575,-5856.0,-1898.0
576,-5804.1574775894405,-1915.3929905135446
577,-5729.0,-1941.0
578,-5551.6648362193555,-2003.4604773377632
579,-5415.0,-2039.0
580,-5275.284134836038,-2052.5940834998787
581,-5102.0,-2042.0
582,-5086.583699091591,-2040.0474747776666
583,-4977.009670176382,-2012.6705655972014
584,-4920.0,-1993.0
585,-4774.0,-1941.0
586,-4704.867736227058,-1914.5263520668084
587,-4574.0,-1861.0
588,-4557.0786111277,-1853.8645660359452
589,-4449.1036564717515,-1805.3274761173473
590,-4396.0,-1778.0
591,-4165.0,-1651.0
592,-4158.488609251232,-1647.3514339028702
593,-4026.6582468635243,-1571.5660246892653
594,-3955.7765466423048,-1518.7958679639974
595,-3919.0,-1492.0
596,-3786.4688047762697,-1395.7628131147612
597,-3735.0,-1357.0
598,-3559.16198529011,-1211.0206512483849
599,-3473.0,-1133.0
600,-3401.790505591453,-1065.2873078886512
601,-3366.0,-1031.0
602,-3293.3040989621086,-962.4801397625006
603,-3211.0,-885.0
604,-3171.0522859887865,-847.2832423043905
605,-2985.0,-671.0
606,-2981.3754611116956,-667.5470450297662
607,-2898.226688558665,-587.1722210200717
608,-2846.0,-534.0
609,-2697.0,-383.0
610,-2638.791413807272,-324.65049862941277
611,-2533.889544314825,-219.90681809183732
612,-2526.0,-212.0
613,-2468.6928742764467,-154.1766920976078
614,-2411.0,-97.0
615,-2381.5354041117666,-68.69366951798688
616,-2295.407572131883,12.27341110906017
617,-2259.0,45.0
618,-2138.8183628009365,135.98850759877845
619,-2119.0,148.0
620,-2086.9145579830174,165.90893744926666
621,-2035.9728552563927,189.761711352039
622,-2009.0,200.0
623,-1972.0,212.0
624,-1950.8702645256667,217.85285702001676
625,-1907.0,228.0
626,-1866.603947523932,234.34782251906978
627,-1844.0,235.0
628,-1799.4206295722663,231.32877087899786
629,-1741.0,222.0
630,-1715.0114875800343,216.4549883819409
631,-1687.0,197.0
632,-1652.1464233906202,170.7302329496192
633,-1628.0,152.0
634,-1601.8630938275035,130.32904089758358
635,-1585.8981481138637,113.42916929058202
636,-1574.0,103.0
637,-1529.5544935120497,69.75502482708066
638,-1522.0,65.0
639,-1490.0,48.0
640,-1435.0,30.0
641,-1411.5340774626081,25.536604001679525
642,-1391.0,23.0
643,-1334.6199460254286,22.79945815694175
644,-1320.0,24.0
645,-1249.7959899986536,37.61771627672396
646,-1246.0,39.0
647,-1236.0,43.0
648,-1210.7131290640982,53.86117386248838
649,-1162.0,79.0
650,-1129.8727799143207,100.57399185809253
651,-1105.0,120.0
652,-1087.0788092156884,135.4779755924572
653,-1059.0,162.0
654,-1038.0,183.0
655,-1019.8495962790281,200.98381087331612
656,-983.9913595002021,235.47954685673992
657,-965.0,253.0
658,-929.8030422758168,284.449440526187
659,-896.0,313.0
660,-837.5854766731646,356.8373461171087
661,-795.0,384.0
662,-745.0,412.0
663,-714.3591218712314,426.8971161513641
664,-674.0,442.0
665,-527.5826023873245,474.1582407327927
666,-460.0,485.0
667,-409.53161532669924,490.675377147075
668,-336.0,490.0
669,-229.0,486.0
670,-200.52282426576426,483.9463672926963
671,-62.0,467.0
672,37.2688474838354,445.6583818469676
673,118.0,425.0
674,176.58147185347065,408.041337882119
675,232.0,389.0
676,289.069119621411,368.4048897565144
677,418.0,319.0
678,430.46179932883257,313.8008870888217
679,509.0,276.0
680,512.3559703817075,274.15939160186906
681,745.0,135.0
682,808.717512675634,94.86020438125594
683,860.0,54.0
684,862.2717878473672,52.14644926615601
685,912.0,11.0
686,1044.0,-110.0
687,1046.3325100611885,-112.22192651242395
688,1160.7049071597692,-225.45133725526293
689,1183.0,-249.0
690,1319.0,-397.0
691,1391.5826033665687,-481.7186567676584
692,1414.0,-509.0
693,1478.05326753593,-584.0374757594337
694,1593.0,-718.0
695,1629.7636957513882,-761.1333805487787
696,1741.0,-892.0
1,1904.7038269541151,-1082.645776594261
2,2017.0,-1214.0
3,2018.625930094067,-1215.9070432785945
4,2087.565170504363,-1296.7928971369297
5,2098.0,-1309.0
6,2253.0,-1490.0
7,2255.977824757899,-1493.476571587908
8,2346.7437110942833,-1599.5006809415688
9,2399.8767015234603,-1661.7368501407816
10,2430.0,-1697.0
11,2589.0,-1883.0
12,2591.424545302227,-1885.8306692500728
13,2702.777734268275,-2015.2695760361537
14,2718.0,-2033.0
15,2825.0,-2158.0
16,2893.1692112761502,-2237.788612136871
17,2966.0,-2323.0
18,2979.5743036557724,-2338.8600885224473
19,3097.0,-2476.0
20,3195.0,-2591.0
21,3219.499345769839,-2619.8106585729447
22,3306.8046468362945,-2722.5346061997234
23,3371.0,-2797.0
24,3405.0,-2836.0
25,3418.97428504577,-2852.0756072703584
26,3505.0,-2952.0
27,3580.4715875136876,-3040.5846638494922
28,3706.7704893933765,-3189.454309691309
29,3738.0,-3226.0
30,3790.4024302839543,-3286.9063624014498
31,3884.0,-3396.0
32,3987.0,-3519.0
33,4023.9728616305124,-3562.828880107086
34,4110.0,-3664.0
35,4151.348596663734,-3712.549675176545
36,4228.93845564951,-3803.7056138217536
37,4302.0,-3890.0
38,4460.0,-4077.0
39,4478.953488630257,-4099.3917475379785
40,4619.0,-4263.0
41,4654.669234409734,-4304.84958474053
42,4801.0,-4477.0
43,4836.248361193997,-4518.466991497118
44,4927.0,-4625.0
45,4928.9317533447875,-4627.259722251553
46,5085.356843547825,-4809.909141480977
47,5111.0,-4840.0
48,5246.479441634395,-4999.563224390599
49,5329.0,-5097.0
50,5369.243796643914,-5144.603602744659
51,5432.0,-5219.0
52,5443.316812794645,-5232.39564802714
53,5604.0,-5423.0
54,5625.54537792952,-5448.886378372703
55,5683.0,-5519.0
56,5773.791504623471,-5632.077295620134
57,5858.0,-5740.0
58,5946.638152233026,-5872.444836415011
59,5978.0,-5946.0
60,6026.0,-6096.0
61,6036.818487683608,-6147.398553415016
62,6051.7643810005175,-6274.48375991369
63,6053.0,-6300.0
64,6048.0,-6414.0
65,6034.889580994976,-6493.059786122492
66,5996.6579919511,-6662.670835729987
67,5986.0,-6707.0
68,5963.946424850297,-6790.226213285395
69,5953.0,-6826.0
70,5950.850718828716,-6833.145265102381
71,5930.0,-6892.0
72,5917.267800680956,-6920.740867901736
73,5847.0,-7060.0
74,5792.174816834375,-7139.618507294539
75,5713.0102792976,-7197.446756248201
76,5670.0,-7221.0
77,5636.788091688656,-7238.224978425484
78,5571.762813231849,-7267.838295815678
79,5514.0,-7284.0
80,5438.035097850198,-7297.045159805022
81,5339.0,-7308.0
82,5284.904552550836,-7310.744943022261
83,5237.0,-7303.0
84,5178.170870086192,-7290.064246009613
85,5063.0,-7258.0
86,5049.680456889196,-7253.145431401003
87,4950.916624478464,-7198.93035228587
88,4907.438113697859,-7164.770896291848
89,4899.0,-7158.0
90,4865.819268614228,-7130.137578324006
91,4848.0,-7112.0
92,4823.989057616888,-7084.875733410823
93,4731.0,-6966.0
94,4671.0,-6875.0
95,4669.326898321574,-6872.309115175394
96,4570.0,-6709.0
97,4505.614687779427,-6597.591840535028
98,4467.0,-6527.0
99,4455.016242122681,-6505.545530187328
100,4426.0,-6454.0
101,4381.903686689901,-6376.465596741393
102,4372.0,-6359.0
103,4329.0,-6284.0
104,4246.498083204091,-6149.729616424835
105,4188.0,-6057.0
106,4156.538752389833,-6008.451378194011
107,4121.323986586233,-5958.271879843987
108,4073.0,-5898.0
109,3987.9392039240124,-5796.276510647778
110,3969.0,-5776.0
111,3843.4396070365287,-5656.855278427891
112,3803.0,-5623.0
113,3736.5893005831094,-5577.546972462255
114,3713.0,-5564.0
115,3659.4068733914687,-5534.6680304185575
116,3556.0,-5491.0
117,3302.5079789044325,-5442.506442935432
118,3291.0,-5441.0
119,3071.6709482047872,-5426.573250207964
120,3064.0,-5426.0
121,2915.0,-5402.0
122,2762.0,-5346.0
123,2758.860748680426,-5344.686783087637
124,2681.0,-5299.0
125,2673.0003409094925,-5293.237108104111
126,2561.0958786118817,-5205.169709546586
127,2553.0,-5197.0
128,2411.0,-5004.0
129,2409.541006760222,-5001.375895824142
130,2356.1167757285025,-4875.846960126806
131,2332.666061774346,-4787.705324732966
132,2323.0,-4752.0
133,2305.267658888036,-4688.528805292299
134,2280.0,-4600.0
135,2276.322151822438,-4586.914934924512
136,2257.0,-4518.0
137,2249.804471877983,-4492.493910295613
138,2205.0,-4339.0
139,2165.0,-4216.0
140,2158.7493687527585,-4200.312516529415
141,2114.9847237061904,-4117.689246321007
142,2110.0,-4110.0
143,2059.305639722891,-4041.2522007519356
144,2038.0,-4016.0
145,1961.0,-3940.0
146,1958.8661327770956,-3938.2272668272267
147,1768.0,-3807.0
148,1720.8678715162566,-3781.7813073426532
149,1649.0,-3757.0
150,1647.2342930334787,-3756.4891897519437
151,1542.6543618710887,-3730.0219804253193
152,1499.0,-3722.0
153,1464.0,-3717.0
154,1449.7974940784725,-3715.26767144611
155,1302.8332311542672,-3704.4925571024187
156,1293.0,-3704.0
157,1204.9269481888446,-3700.1289103204485
158,1183.0,-3699.0
159,1058.8370230888295,-3689.9285713846134
160,1049.0,-3689.0
161,934.714559517631,-3675.7773721319104
162,878.0,-3666.0
163,831.0,-3655.0
164,786.4752767500493,-3640.6179809927166
165,599.1851333746584,-3559.5315520230324
166,590.0,-3555.0
167,522.3794127677813,-3517.6107512271537
168,482.7009444796919,-3485.1556234277423
169,439.0,-3446.0
170,395.3788757176225,-3406.6378137814163
171,381.0,-3393.0
172,316.0,-3324.0
173,307.7984426067437,-3314.5836661819258
174,258.08074159058384,-3251.3280915304117
175,247.0,-3234.0
176,158.88283882378525,-3056.412580708805
177,152.0,-3040.0
178,136.5677811902819,-2993.0534701877227
179,131.0,-2955.0
180,122.36072479753923,-2885.216953881204
181,122.0,-2877.0
182,151.0,-2667.0
183,154.06946820195628,-2655.9464395166237
184,182.8156373139786,-2579.0061914865055
185,189.0,-2564.0
186,249.0,-2418.0
187,249.99706536303313,-2415.5529252920182
188,314.2716689052435,-2256.438057490391
189,328.0,-2222.0
190,367.0,-2123.0
191,376.5781934990643,-2098.6741486234573
192,402.0,-2033.0
193,427.5166337703408,-1961.6272506782802
194,448.0,-1896.0
195,461.0,-1838.0
196,462.83287148621923,-1820.7394434229025
197,461.244492894719,-1668.8887506307824
198,455.0,-1589.0
199,434.4672300904863,-1499.2179856441944
200,404.0,-1447.0
201,402.9523254349663,-1445.203051463474
202,334.80846557557214,-1330.8425016358647
203,304.0,-1288.0
204,279.0,-1258.0
205,213.53237940944965,-1190.465808868414
206,152.0,-1137.0
207,125.56616541166188,-1117.0318447114782
208,32.0,-1063.0
209,11.321481909501443,-1052.6438726950057
210,-147.0,-977.0
211,-208.69379797381643,-948.0286823192936
212,-304.0227481761372,-904.9211725403466
213,-326.0,-895.0
214,-375.1933512423274,-872.6406779883091
215,-487.0,-830.0
216,-628.101997044654,-789.0761153360884
217,-722.0,-764.0
218,-760.8314387759029,-754.1676514718389
219,-817.0,-745.0
220,-852.5038968459296,-739.0144085573862
221,-1001.0,-715.0
222,-1062.4474874406685,-707.9118139135888
223,-1183.0,-700.0
224,-1369.0,-699.0
225,-1372.5363295913905,-699.0826980539682
226,-1499.0,-705.0
227,-1657.7407060591697,-721.2038721977101
228,-1699.0,-727.0
229,-1780.9775963812672,-743.1003049628249
230,-1883.0,-777.0
231,-1887.5891188746984,-778.6622358023366
232,-2121.0,-868.0
233,-2171.0188510362022,-888.5502464333078
234,-2234.379359628152,-919.006366294781
235,-2296.0,-954.0
236,-2372.691080060601,-996.8652812929558
237,-2480.0,-1059.0
238,-2482.490375432274,-1060.5267658856608
239,-2615.0,-1155.0
240,-2634.016392958408,-1171.289057883076
241,-2827.0,-1353.0
242,-2916.918881046698,-1453.7754304933053
243,-2962.245804005955,-1520.450673213896
244,-2984.0,-1551.0
245,-3032.7199408133342,-1617.85264952727
246,-3146.569395927263,-1770.2250570262586
247,-3196.0,-1836.0
248,-3236.0559163963844,-1889.0849095940082
249,-3291.0,-1961.0
250,-3407.574420366287,-2113.188974923279
251,-3463.0,-2185.0
252,-3526.651542506702,-2263.716098849052
253,-3564.0,-2307.0
254,-3638.8574214304913,-2396.6460578866613
255,-3681.0,-2447.0
256,-3757.928232351285,-2537.013687619812
257,-3765.0,-2545.0
258,-3827.4203585696673,-2612.1372104239535
259,-3876.0,-2650.0
260,-3968.4882888399807,-2694.0380056450267
261,-4112.455383338427,-2734.461651893111
262,-4123.0,-2737.0
263,-4232.938650169157,-2758.9757844880887
264,-4356.0,-2778.0
265,-4475.0,-2798.0
266,-4477.920443985413,-2798.491278790418
267,-4535.0,-2808.0
268,-4676.0,-2830.0
269,-4679.389235020957,-2830.530668073504
270,-4832.0,-2854.0
271,-4909.206437677064,-2863.0880459393215
272,-4965.0,-2868.0
273,-5104.577559563106,-2872.1690498690677
274,-5112.0,-2872.0
275,-5200.151666779012,-2866.646012686566
276,-5207.0,-2866.0
277,-5287.586998468922,-2855.594111213161
278,-5302.0,-2853.0
279,-5379.0,-2833.0
280,-5433.0,-2808.0
281,-5446.609481227693,-2800.370486101293
282,-5487.0,-2770.0
283,-5495.530335956243,-2761.270561846873
284,-5580.0,-2652.0
285,-5581.335164887691,-2650.074165486178
286,-5612.046051912427,-2598.4839167785085
287,-5626.0,-2552.0
288,-5632.545477029907,-2530.4661514899217
289,-5650.0,-2468.0
290,-5653.997962512919,-2449.8595748715506
291,-5666.0,-2377.0
292,-5672.854754314141,-2319.0871944154665
293,-5679.0,-2261.0
294,-5688.0994231891855,-2178.0843141995047
295,-5694.0,-2130.0
296,-5700.209491436905,-2087.5280578710062
297,-5723.0,-1983.0
298,-5729.403437579547,-1953.4650380282028
299,-5747.532373473146,-1868.2555233464977
300,-5754.0,-1839.0
301,-5770.946093612808,-1765.1005178066791
302,-5773.0,-1756.0
303,-5807.0,-1600.0
304,-5810.123549554754,-1585.5726335542638
305,-5842.0,-1438.0
306,-5851.498714568888,-1392.727257373662
307,-5865.0,-1329.0
308,-5896.105445241043,-1186.135316296133
309,-5919.0,-1081.0
310,-5933.798287865546,-1010.5889963692044
311,-5935.0,-1005.0
312,-5976.667236905475,-813.7156888484699
313,-5980.0,-798.0
314,-6023.59351146598,-589.4270023059821
315,-6027.0,-573.0
316,-6061.198572352473,-406.24710782400376
317,-6077.454301770859,-323.1354371391865
318,-6079.0,-315.0
319,-6092.257763685657,-243.2188560779193
320,-6109.3055469114115,-143.8979951139797
321,-6124.0,-50.0
322,-6132.0,5.0
323,-6138.8342495135785,64.56412343237605
324,-6145.0,174.0
325,-6145.029731093748,177.52738250886296
326,-6138.0,315.0
327,-6102.0,512.0
328,-6093.531343117351,543.0949444484838
329,-6057.810018828122,652.2550050096049
330,-6049.0,676.0
331,-6015.019865341976,760.1527825660952
332,-6000.0,795.0
333,-5961.943150315858,878.1102609117702
334,-5940.0,924.0
335,-5884.284208005057,1038.7200816714812
336,-5874.0,1060.0
337,-5839.647203916269,1132.6380117297508
338,-5815.0,1192.0
339,-5804.127563536515,1221.6155908666626
340,-5784.0,1285.0
341,-5776.071821239816,1319.2843981687922
342,-5773.0,1337.0
343,-5769.0,1409.0
344,-5769.4703648685145,1415.8236983578377
345,-5775.0,1453.0
346,-5789.322913642791,1498.3293724588054
347,-5791.0,1502.0
348,-5803.0,1524.0
349,-5814.482509445001,1541.3594439428
350,-5845.0,1577.0
351,-5852.321282770974,1583.7589024539868
352,-5883.0,1606.0
353,-5887.3055061305,1608.413787959015
354,-5920.0,1622.0
355,-5940.7826359019455,1627.4345731533333
356,-5967.0,1632.0
357,-5977.633972850151,1633.2436448638173
358,-6008.0,1632.0
359,-6035.8966194470995,1626.9945122584759
360,-6068.0,1620.0
361,-6101.154958309861,1607.5789860916473
362,-6110.0,1602.0
363,-6123.537924759907,1593.6781394893972
364,-6149.0,1577.0
365,-6165.698202940775,1563.4631705448196
366,-6186.0,1544.0
367,-6216.0,1511.0
368,-6216.743900275623,1510.0409298891086
369,-6272.453647848878,1425.213179360066
370,-6275.0,1421.0
371,-6314.920096490707,1346.9857843922052
372,-6317.0,1343.0
373,-6338.700416906171,1301.5031275437934
374,-6341.0,1297.0
375,-6365.0,1249.0
376,-6388.655046102799,1204.4725546662603
377,-6413.0,1160.0
378,-6425.588484626211,1136.923768036297
379,-6458.0,1078.0
380,-6475.040417717909,1049.075284445986
381,-6492.0,1017.0
382,-6496.0,1009.0
383,-6501.253412172814,998.9463743041545
384,-6543.0,930.0
385,-6578.127648258607,872.4901669741632
386,-6597.0,842.0
387,-6675.673606606628,719.7059895577673
388,-6680.0,713.0
389,-6745.889534484359,610.5428292379488
390,-6756.0,595.0
391,-6792.652655860056,539.4166318555251
392,-6805.0,521.0
393,-6902.0,379.0
394,-6911.68294003728,365.1098184090576
395,-6978.540924194813,273.28156392812514
396,-7023.0,217.0
397,-7024.328058515019,215.34472379122178
398,-7086.0,142.0
399,-7087.977244102652,139.85159603899467
400,-7208.281741750585,20.777790659508668
401,-7238.0,-7.0
402,-7347.0,-98.0
403,-7348.678126291417,-99.25243906887638
404,-7498.555762663557,-204.4531227590606
405,-7542.0,-231.0
406,-7565.0,-244.0
407,-7731.149186701156,-314.4755039361508
408,-7840.0,-352.0
409,-7921.5017928401385,-374.4008886568781
410,-7989.277051243294,-384.00532686615134
411,-8047.0,-391.0
412,-8189.670052226523,-407.649568249711
413,-8202.0,-409.0
414,-8287.0,-417.0
415,-8394.094477431776,-422.87640977944676
416,-8613.0,-430.0
417,-8681.024404537735,-429.12153220162907
418,-8729.0,-424.0
419,-8831.986161951332,-414.631016261224
420,-8876.0,-410.0
421,-9012.562030957251,-391.18573208960123
422,-9066.0,-382.0
423,-9149.948846442723,-365.38649147392846
424,-9285.0,-332.0
425,-9434.04574635166,-289.31156881004534
426,-9518.0,-264.0
427,-9574.924483484781,-245.70662177238825
428,-9633.0,-225.0
429,-9705.001283082813,-199.45177160777462
430,-9778.0,-173.0
431,-9825.892191648498,-155.0165339481868
432,-9936.0,-112.0
433,-9996.558695668868,-87.8227583665584
434,-10150.0,-24.0
435,-10252.159392360114,22.223927983506776
436,-10304.0,48.0
437,-10415.347720199656,110.57634934133365
438,-10439.0,125.0
439,-10505.0,167.0
440,-10540.537134089784,190.54742818183257
441,-10612.0,241.0
442,-10614.536413751546,242.84448004193212
443,-10788.0,376.0
444,-10802.907147468875,388.49840130796946
445,-10916.0,491.0
446,-10918.832197441416,493.7782352729817
447,-11014.0,593.0
448,-11026.336226811403,606.4604010279126
449,-11087.0,677.0
450,-11120.021042648626,718.9520581405719
451,-11249.0,891.0
452,-11315.276306582291,989.1643831198129
453,-11340.0,1040.0
454,-11350.785733018849,1061.4797842927885
455,-11445.0,1255.0
456,-11456.287812835599,1280.1627652899724
457,-11554.0,1507.0
458,-11635.563123935864,1700.1340134279167
459,-11671.0,1786.0
460,-11700.747203841982,1860.043295235404
461,-11752.0,1976.0
462,-11789.238598298229,2054.031946680208
463,-11877.0,2233.0
464,-11901.550435571846,2282.1748099696997
465,-11992.0,2447.0
466,-11999.980924210027,2460.02556813677
467,-12068.0,2562.0
468,-12078.21882299503,2574.913441704297
469,-12147.0,2649.0
470,-12148.709175665372,2650.6416224472546
471,-12273.0,2739.0
472,-12361.631110243077,2779.276338343154
473,-12411.0,2798.0
474,-12523.258520443482,2826.2348255185425
475,-12652.0,2835.0
476,-12697.02844135329,2836.545175220631
477,-12752.361177743085,2836.010439433692
478,-12795.0,2834.0
479,-12924.0,2824.0
480,-12950.7126520565,2820.7377499045115
481,-13054.0,2803.0
482,-13223.639284226381,2757.7914662509374
483,-13244.0,2751.0
484,-13309.962041861552,2725.8748696449793
485,-13347.0,2709.0
486,-13395.0,2684.0
487,-13423.854853818539,2667.8552023613825
488,-13497.0,2616.0
489,-13526.222216819922,2587.17273582387
490,-13613.3734948672,2482.0067331907617
491,-13624.0,2468.0
492,-13648.077128632445,2433.023835751515
493,-13663.166694083991,2388.0916226177687
494,-13665.0,2381.0
495,-13707.0,2184.0
496,-13707.381140792839,2181.6615756263063
497,-13709.454728931962,2132.9574960689324
498,-13705.0,2103.0
499,-13696.0,2031.0
500,-13692.103818583779,2009.9751466987773
501,-13662.0,1905.0
502,-13645.0,1860.0
503,-13619.085381956244,1803.643604652507
504,-13566.794222658962,1704.63913617781
505,-13542.0,1661.0
506,-13523.090697682535,1631.0193870356097
507,-13495.0,1596.0
508,-13455.144547880493,1548.9587033552596
509,-13411.0,1499.0
510,-13363.926979649947,1449.1316265841228
511,-13350.0,1435.0
512,-13284.221674041473,1371.58045250458
513,-13190.0,1289.0
514,-13120.570111660429,1233.0276300604214
515,-13078.0,1200.0
516,-12935.906755549144,1092.9700393015353
517,-12839.0,1021.0
518,-12758.391763309495,961.69653495213
519,-12724.0,937.0
520,-12608.420451988979,855.0194395475697
521,-12577.0,833.0
522,-12474.534907378866,762.1518250181182
523,-12433.0,734.0
524,-12388.0,704.0
525,-12291.850389052,641.6189732075749
526,-12154.0,554.0
527,-12119.984203056854,532.7111849530486
528,-12014.7987267085,468.2931640686602
529,-11892.966441293323,396.1203617930955
530,-11886.0,392.0
531,-11789.598108588423,335.1125642246636
532,-11710.0,290.0
533,-11707.02577788939,288.3477117847871
534,-11606.0,233.0
535,-11476.0,163.0
536,-11472.740701749437,161.24973919946166
537,-11291.0,64.0
538,-11260.99478749766,48.14813685438871
539,-11184.0,8.0
540,-11153.701155572537,-7.461225536473931
541,-11103.0,-33.0
542,-10963.286674443969,-102.0357146903587
543,-10953.0,-107.0
544,-10815.0,-172.0
545,-10741.878873712601,-205.64770320855712
546,-10661.0,-242.0
547,-10490.0,-315.0
548,-10486.47543992757,-316.4592299508672
549,-10389.0,-356.0
550,-10261.907981897459,-405.1437479692729
551,-10101.701786511901,-464.73895020061786
552,-10029.0,-491.0
553,-9843.722632285582,-555.5324588343577
554,-9790.0,-574.0
555,-9723.974734267087,-596.7827169007646
556,-9610.0,-636.0
557,-9531.555928410424,-662.6380047333519
558,-9323.0,-733.0
559,-9237.727290022252,-761.4678975156422
560,-9126.0,-799.0
561,-9048.025031297006,-825.8049197246767
562,-8989.0,-846.0
563,-8852.0,-892.0
564,-8804.083986797003,-908.211203529001
565,-8669.0,-954.0
566,-8580.556655410954,-983.338907238119
567,-8515.0,-1005.0
568,-8384.836987161403,-1048.248636055332
569,-8265.213419747299,-1088.3514745182615
570,-8207.0,-1108.0
571,-8145.0,-1129.0
572,-8052.165011308161,-1160.393191597271
573,-7913.0,-1207.0
574,-7910.221457953826,-1207.9200240625191
575,-7759.0,-1258.0
576,-7754.872631739045,-1259.38928145242
577,-7541.0,-1332.0
578,-7334.822219741275,-1401.3016184033174
579,-7228.0,-1437.0
580,-7225.4618283704485,-1437.8512797848691
581,-7111.358049316882,-1476.331231549918
582,-7023.971071823494,-1505.8903348595727
583,-6961.0,-1527.0
584,-6881.528821805327,-1553.5008572473348
585,-6772.0,-1590.0
586,-6625.78137393762,-1639.0365332551585
587,-6614.0,-1643.0
588,-6504.0,-1680.0
589,-6378.0,-1722.0
590,-6312.734837130012,-1743.9252851843648
591,-6188.0,-1786.0
592,-6183.556333508821,-1787.4926530216785
593,-5988.286036881041,-1853.0487195300811
594,-5936.0,-1871.0
595,-5842.759601396837,-1903.8085277341963
596,-5684.417243926012,-1960.7452374729096
597,-5572.0,-1994.0
598,-5478.294324756997,-2016.8096274475074
599,-5331.674734445004,-2045.198919228783
600,-5250.0,-2056.0
601,-5205.710922844458,-2058.211593360884
602,-5122.0,-2046.0
603,-5095.502804996553,-2040.1606669759913
604,-4939.1345916922055,-1999.099728920116
605,-4841.0,-1966.0
606,-4622.76321067713,-1880.999471636
607,-4608.0,-1875.0
608,-4487.854863575587,-1823.9370586438672
609,-4400.0,-1780.0
610,-4221.198300544018,-1684.2542480500815
611,-4207.0,-1676.0
612,-4022.0,-1562.0
613,-3976.6581271392834,-1532.4703169850427
614,-3860.0,-1450.0
615,-3818.7511917276306,-1419.632225987693
616,-3755.0,-1372.0
617,-3695.0881779848337,-1326.0268641355317
618,-3597.3228541453477,-1244.1100844532673
619,-3566.0,-1216.0
620,-3338.0,-1004.0
621,-3322.1113796036634,-989.0901759119279
622,-3255.0,-926.0
623,-3245.8281945071535,-917.4651668250402
624,-3133.5867485878507,-812.9961787018515
625,-3124.0,-804.0
626,-2969.870418250523,-656.6087971524909
627,-2949.0,-636.0
628,-2903.0,-590.0
629,-2837.959382786561,-524.3195223313064
630,-2733.0,-418.0
631,-2515.0,-199.0
632,-2512.6189890913765,-196.62152257145976
633,-2446.686391505585,-131.73065366422307
634,-2422.0,-107.0
635,-2356.0,-41.0
636,-2345.192322660365,-30.829261275172314
637,-2294.0,15.0
638,-2280.661797762562,27.078143198712052
639,-2265.0,41.0
640,-2233.038235946399,66.6494877460385
641,-2172.889134171702,112.26413076670718
642,-2132.0,140.0
643,-2104.5474093902885,156.44610794601724
644,-2075.0,172.0
645,-2056.0,181.0
646,-2041.7313220296144,187.17498816150277
647,-1994.0,205.0
648,-1970.3963212685767,213.14391203290467
649,-1882.0,232.0
650,-1853.0436340637593,233.847884966734
651,-1811.0,235.0
652,-1764.1897404430729,231.92027408625444
653,-1735.0,221.0
654,-1686.0,197.0
655,-1684.4210156649824,195.91988800586495
656,-1616.0,142.0
657,-1593.3291243558267,121.9087360298884
658,-1580.0,109.0
659,-1545.3985761083397,80.87322148047294
660,-1541.0,78.0
661,-1429.0,29.0
662,-1419.0196038580277,25.948201009341354
663,-1390.0752987835092,21.979236704590384
664,-1377.0,22.0
665,-1338.0605717220312,22.87598802688588
666,-1293.0,28.0
667,-1279.8144298046898,30.745429327339853
668,-1228.0,46.0
669,-1221.725477452948,48.28603551979785
670,-1177.151578825837,69.02433396169101
671,-1156.0,82.0
672,-1131.9455329491498,98.72837680942902
673,-1100.0,124.0
674,-1065.0,156.0
675,-1060.1183237099942,160.63458728981408
676,-1037.0,183.0
677,-1027.5716472896804,192.33808728529416
678,-975.0,244.0
679,-946.4242567364658,269.5445026426448
680,-931.0,283.0
681,-903.2687090154778,307.0194882229774
682,-840.0,355.0
683,-739.6356657538454,415.3876188427416
684,-733.0,419.0
685,-668.8212565178885,446.0366052690481
686,-651.0,451.0
687,-569.0750019470673,470.74816913862963
688,-511.0,481.0
689,-468.05146501072943,486.0311225925079
690,-409.0,490.0
691,-299.0036680410195,491.2060199566295
692,-291.0,491.0
693,-203.0,486.0
694,-131.57938214676057,479.11182786000626
695,0.0,457.0
696,44.77212448675563,445.99395176384434
697,181.0,407.0
698,232.51170942121803,391.2900767259486
699,364.71580178634673,342.44487518863104
700,399.0,328.0
701,501.5026010378361,281.9484161739711
702,524.0,270.0
703,758.0,128.0
704,761.9703422412466,125.32118278558039
705,875.9232050217429,42.13403898699852
706,981.5312324621024,-49.620153961153655
707,1027.0,-91.0
708,1047.7517877792673,-110.63944597022311
709,1077.0,-140.0
710,1122.2478328695026,-185.4632329282891
711,1205.0,-270.0
712,1319.0,-396.0
713,1321.302807908423,-398.6672081328116
714,1456.325128822623,-558.3342787372526
715,1499.0,-609.0
716,1533.4645102989675,-649.6372968817662
717,1596.0,-722.0
718,1597.4013838410058,-723.6281081656282
719,1688.0094960528809,-829.3363513197855
1,1856.0,-1026.0
2,1886.0,-1062.0
3,1922.6161019821093,-1105.5027129046618
4,2057.9637580662716,-1264.0467867501573
5,2130.0,-1348.0
6,2155.5622227135254,-1377.7555192802733
7,2309.4206426148285,-1556.528469284796
8,2327.0,-1577.0
9,2393.272792581998,-1654.2932169551968
10,2498.998316174834,-1777.8179705024345
11,2506.0,-1786.0
12,2611.340419295641,-1909.0876020191959
13,2655.0,-1960.0
14,2710.1701235695186,-2024.2603796322849
15,2740.0,-2059.0
16,2828.3146121995364,-2161.900281800921
17,2923.0,-2273.0
18,3029.599035888533,-2398.7161200698115
19,3085.0,-2464.0
20,3156.985022349862,-2547.9189611754164
21,3183.0,-2578.0
22,3223.142567386946,-2624.528727063638
23,3326.0,-2744.0
24,3362.8569333104597,-2786.886159995629
25,3480.0,-2924.0
26,3546.0,-3002.0
27,3582.15859337784,-3043.9891724231948
28,3635.0,-3105.0
29,3781.236500262987,-3277.672927863935
30,3790.0,-3288.0
31,3936.0,-3459.0
32,3950.614620815657,-3476.1315157397476
33,4070.0,-3617.0
34,4136.0,-3696.0
35,4150.062130300439,-3712.752132849385
36,4285.399080405229,-3872.110004492046
37,4293.0,-3881.0
38,4417.0,-4026.0
39,4421.490814025375,-4031.2815566774607
40,4585.0,-4224.0
41,4660.564641429956,-4313.061512890524
42,4720.0,-4383.0
43,4776.805841407825,-4449.971578590245
44,4822.0,-4503.0
45,4893.441361057958,-4585.958378863154
46,4947.0,-4648.0
47,5095.0,-4821.0
48,5139.283138795852,-4873.354550824886
49,5230.0,-4981.0
50,5233.669649208541,-4985.344435911469
51,5395.0,-5176.0
52,5485.135694006873,-5282.33013027332
53,5576.0,-5391.0
54,5620.129456112921,-5444.714778552799
55,5721.0,-5567.0
56,5794.702415190723,-5655.139010519223
57,5830.0,-5704.0
58,5944.511358639569,-5880.6236530977985
59,5954.0,-5896.0
60,6003.881891781426,-5985.064378937465
61,6012.0,-6045.0
62,6016.742320865417,-6071.806392462664
63,6052.0,-6301.0
64,6052.0,-6361.0
65,6042.698643718612,-6452.180734519102
66,6036.0,-6493.0
67,6020.555235968681,-6568.110031197447
68,6001.0,-6649.0
69,5993.635000311142,-6678.332108082865
70,5964.0,-6788.0
71,5952.364576282729,-6826.167038248212
72,5923.0,-6911.0
73,5905.86995594575,-6953.149092559846
74,5862.0,-7035.0
75,5806.648277471994,-7105.85332704888
76,5752.0,-7163.0
77,5728.754357831758,-7183.724236243321
78,5636.864001172907,-7238.246188385294
79,5631.0,-7241.0
80,5562.0,-7270.0
81,5483.0,-7291.0
82,5430.605300357122,-7300.576150777584
83,5404.0,-7303.0
84,5189.726158972596,-7293.528487658722
85,5175.0,-7292.0
86,5141.65944075341,-7287.04935239241
87,5106.0,-7274.0
88,5080.778739526305,-7264.459336440743
89,5038.0,-7247.0
90,4964.0,-7207.0
91,4915.751275897322,-7172.428572622864
92,4866.0,-7129.0
93,4857.053130202557,-7120.32027898275
94,4765.0,-7014.0
95,4751.3535666734315,-6995.519114464812
96,4716.0,-6944.0
97,4638.759441738839,-6821.319817624609
98,4614.0,-6781.0
99,4591.3004706912425,-6743.764523601466
100,4533.0,-6644.0
101,4526.572348133932,-6632.640134067458
102,4488.0,-6564.0
103,4480.778808034055,-6551.121932746793
104,4429.0,-6459.0
105,4380.250423082118,-6373.271229629493
106,4375.0,-6364.0
107,4314.0,-6256.0
108,4294.788527638574,-6222.962803070175
109,4221.0,-6105.0
110,4189.668971013727,-6058.800539052502
111,4093.0,-5924.0
112,4059.3058808586875,-5880.732349065662
113,3983.5005442621373,-5792.397037399548
114,3936.0,-5741.0
115,3891.2509823864243,-5695.224684685096
116,3779.2614400842203,-5605.115917619977
117,3762.0,-5594.0
118,3641.8987707892775,-5525.686185214881
119,3632.0,-5521.0
120,3519.0,-5479.0
121,3460.47920583425,-5464.507267703711
122,3347.0,-5446.0
123,3343.284402798918,-5445.556708704892
124,3198.0,-5434.0
125,3081.6815410035724,-5426.620258382617
126,3020.0,-5421.0
127,2907.0,-5400.0
128,2872.1184394234333,-5388.550214015047
129,2746.0,-5337.0
130,2683.231792365153,-5304.721201336161
131,2623.0,-5257.0
132,2500.794727921876,-5140.268761704485
133,2487.0,-5124.0
134,2422.0,-5026.0
135,2420.7027726291954,-5023.392569338071
136,2412.0,-5005.0
137,2374.515910168922,-4918.133456497851
138,2362.0,-4883.0
139,2300.859224072665,-4671.2259210431785
140,2298.0,-4661.0
141,2270.74893691576,-4566.7073879325635
142,2253.5524351121694,-4508.7397346568905
143,2244.0,-4474.0
144,2224.808623182876,-4403.2633422307945
145,2217.0,-4378.0
146,2177.1675676468385,-4263.359299055922
147,2133.0,-4148.0
148,2113.120050189364,-4103.95034052958
149,2082.0,-4069.0
150,2037.1714978270315,-4017.197775119687
151,1987.0,-3963.0
152,1914.3431469664952,-3898.99390999532
153,1870.0,-3867.0
154,1837.9873080794869,-3846.4405558934577
155,1729.0,-3788.0
156,1717.157679748339,-3782.4795508524885
157,1622.0,-3749.0
158,1480.0476948420726,-3721.349759430134
159,1427.0,-3713.0
160,1301.8540492202026,-3700.4958796488845
161,1212.0,-3700.0
162,1202.16298194926,-3699.723800879836
163,1107.340704486025,-3694.2761312204607
164,1080.0,-3692.0
165,935.0,-3676.0
166,873.5536740005837,-3664.3870198161285
167,809.0,-3648.0
168,740.3614004820872,-3625.7898872349842
169,722.0,-3619.0
170,581.0,-3548.0
171,578.6819807501529,-3546.470801356856
172,405.1139603944293,-3413.9519136992785
173,398.0,-3408.0
174,348.00847279164697,-3363.157367763273
175,298.0,-3301.0
176,279.7325899819755,-3276.957819533436
177,232.0,-3210.0
178,219.75348201615964,-3190.197773448438
179,192.0,-3139.0
180,147.05798124699243,-3024.251678686857
181,145.0,-3017.0
182,127.0,-2928.0
183,123.05106909752254,-2884.6291808975984
184,122.0,-2857.0
185,135.0,-2734.0
186,139.116776308594,-2717.718491956409
187,175.61027019358755,-2601.599452761003
188,183.0,-2580.0
189,204.21270025440901,-2521.683599669189
190,247.16594280895893,-2424.012598399203
191,264.0,-2383.0
192,305.1320842957565,-2280.7196639562053
193,333.0,-2211.0
194,396.3493292045854,-2050.199454149353
195,399.0,-2043.0
196,431.0,-1952.0
197,442.4335690271608,-1914.1603358433229
198,463.24751475276895,-1821.8734364786096
199,466.0,-1801.0
200,470.0,-1740.0
201,467.30264776242694,-1675.9535702536068
202,450.9358329718885,-1580.3922903567322
203,443.0,-1549.0
204,406.9079381991043,-1447.9141653138108
205,373.0,-1388.0
206,276.61854755197675,-1254.6774440968734
207,270.0,-1246.0
208,173.23771295358685,-1149.6527162690718
209,151.0,-1136.0
210,-3.809152791015033,-1048.4880649175448
211,-88.0,-1003.0
212,-174.79295159198426,-959.8043912393331
213,-244.0,-932.0
214,-246.48113694414582,-930.8914525861103
215,-352.0,-883.0
216,-390.97817351628834,-866.1323340122127
217,-514.0,-820.0
218,-653.7130838815839,-779.4315896589325
219,-682.0,-772.0
220,-930.9860847221452,-724.2479737044524
221,-940.0,-723.0
222,-1056.645987187856,-708.5206213193732
223,-1121.0,-703.0
224,-1234.0,-698.0
225,-1362.3385863067497,-698.2012881722454
226,-1435.0,-701.0
227,-1489.4717669527888,-704.0322807499246
228,-1664.0,-721.0
229,-1829.5747571196216,-758.7667325642387
230,-1974.0,-808.0
231,-2006.4391950231916,-820.3790787884085
232,-2218.8935159942357,-913.7594003577641
233,-2248.0,-928.0
234,-2329.4753585171106,-971.2884534868215
235,-2367.0,-993.0
236,-2499.3183819033607,-1073.1707626560635
237,-2546.0,-1103.0
238,-2712.0,-1236.0
239,-2752.6919524054597,-1277.6332564055992
240,-2880.0,-1415.0
241,-2896.704160523767,-1433.5513165037823
242,-2944.0433036252225,-1491.1952338743013
243,-2972.0,-1534.0
244,-3004.198153472089,-1578.6058781230931
245,-3069.0,-1666.0
246,-3152.0,-1776.0
247,-3172.017141696695,-1802.471258039404
248,-3282.0,-1948.0
249,-3284.7777357618925,-1951.672646245966
250,-3407.2179057573903,-2113.0733810233146
251,-3435.0,-2149.0
252,-3474.544174098398,-2198.606151588428
253,-3525.0,-2259.0
254,-3561.8039967823024,-2303.1316670740275
255,-3759.0,-2537.0
256,-3761.8830442443414,-2540.2890487149234
257,-3846.5068490829117,-2630.870417873806
258,-3927.0,-2680.0
259,-4012.0325015573317,-2709.424659048162
260,-4127.467270585376,-2736.714874590165
261,-4159.0,-2743.0
262,-4290.02374233635,-2766.3791599979168
263,-4396.0,-2784.0
264,-4424.021668021153,-2788.631768857144
265,-4506.0,-2802.0
266,-4556.334986177114,-2810.331419183399
267,-4669.0,-2829.0
268,-4865.0,-2858.0
269,-4883.839239008301,-2859.9936243388565
270,-5010.973953839427,-2870.632490660654
271,-5034.0,-2872.0
272,-5100.085328753294,-2873.83093917284
273,-5163.95989024995,-2868.975190503286
274,-5191.0,-2867.0
275,-5225.55807486734,-2864.7773104941666
276,-5254.0,-2861.0
277,-5392.0,-2828.0
278,-5436.683132433584,-2813.806096114805
279,-5462.89654927169,-2794.145000972292
280,-5479.0,-2778.0
281,-5504.818327498176,-2753.301929180388
282,-5538.0,-2716.0
283,-5605.518689564506,-2599.187173095138
284,-5621.0,-2565.0
285,-5645.382309951403,-2490.568167908344
286,-5655.0,-2441.0
287,-5657.4790673854,-2426.1759172821066
288,-5668.664811999854,-2342.846476037709
289,-5674.0,-2297.0
290,-5679.0,-2253.0
291,-5685.168552188381,-2201.352383846482
292,-5704.0,-2069.0
293,-5720.435665905713,-1991.55155482669
294,-5730.0,-1950.0
295,-5737.042229233028,-1918.7522949984684
296,-5762.0,-1805.0
297,-5774.131748896106,-1748.6404228599392
298,-5776.0,-1740.0
299,-5809.840249932668,-1585.6841678494632
300,-5835.0,-1471.0
301,-5848.252490344619,-1410.100586739397
302,-5886.456125639058,-1232.5939052925635
303,-5890.0,-1216.0
304,-5905.1553759526205,-1144.3916093529642
305,-5916.0,-1093.0
306,-5943.0,-966.0
307,-5964.212757830758,-867.8808140589908
308,-5999.0,-707.0
309,-6007.371136014672,-667.176515442156
310,-6020.2862733632255,-600.785001188458
311,-6028.0,-562.0
312,-6039.907101067653,-503.99979389866485
313,-6061.0,-399.0
314,-6098.961930787256,-198.65494880427255
315,-6105.0,-166.0
316,-6120.640680278924,-79.03255340669602
317,-6135.146772593705,34.28737659618992
318,-6136.0,43.0
319,-6145.0,169.0
320,-6143.726905992822,234.38240944468112
321,-6136.0,332.0
322,-6121.284161992928,443.01775577144906
323,-6099.0,524.0
324,-6018.0,755.0
325,-6010.495248518205,775.0966890886032
326,-5964.0,873.0
327,-5938.445356985259,925.0036489529953
328,-5870.0,1068.0
329,-5844.043475021701,1122.565958815842
330,-5833.0,1148.0
331,-5830.093302808124,1154.8304802428643
332,-5802.0,1226.0
333,-5796.073680178471,1244.4878986124672
334,-5773.0,1339.0
335,-5767.275373323137,1388.8464754012502
336,-5771.0,1427.0
337,-5781.0,1476.0
338,-5784.474615618457,1486.5174389050417
339,-5800.0,1520.0
340,-5827.0,1558.0
341,-5840.310972591938,1572.020072372256
342,-5856.0,1586.0
343,-5887.744904511807,1607.744689235688
344,-5909.0,1618.0
345,-5917.742807985533,1621.3897658564752
346,-5949.0,1630.0
347,-5966.054813976346,1632.2402709260828
348,-5981.0,1633.0
349,-5997.850886635623,1632.764935339346
350,-6009.0,1632.0
351,-6040.11769644246,1627.6962962888085
352,-6084.0,1615.0
353,-6111.893364065544,1601.4050209189359
354,-6153.491257517291,1573.746229387962
355,-6166.0,1564.0
356,-6177.600618117513,1553.871429770861
357,-6200.0,1530.0
358,-6217.706471883914,1509.7309702215152
359,-6238.0,1482.0
360,-6281.544346872681,1409.2821427140457
361,-6284.0,1405.0
362,-6313.0,1351.0
363,-6313.6850063114725,1349.6775376314781
364,-6379.79151738876,1222.7015797015906
365,-6387.0,1209.0
366,-6417.2892460604435,1152.0107201369337
367,-6441.750976012654,1106.9659179599453
368,-6455.0,1083.0
369,-6484.308926544431,1031.3527808545643
370,-6508.0,990.0
371,-6522.638777486611,964.4120256857494
372,-6531.0,950.0
373,-6562.227514081487,898.0753368797267
374,-6608.0,825.0
375,-6614.546056950775,814.62396365331
376,-6657.0,748.0
377,-6684.44305743652,705.7898288975431
378,-6758.0,594.0
379,-6776.377940357868,565.9888322017091
380,-6832.0,482.0
381,-6879.752975910298,412.5155902073592
382,-6885.0,405.0
383,-6983.592027442382,268.08440361201946
384,-7036.0,202.0
385,-7077.123561531574,154.3904761927221
386,-7154.0,73.0
387,-7266.0,-31.0
388,-7332.877051005909,-83.85844078537812
389,-7464.0,-182.0
390,-7467.307056336553,-184.4109352479706
391,-7614.0,-269.0
392,-7616.609661260578,-270.1714471797898
393,-7713.0,-312.0
394,-7851.341117019618,-355.0416633062715
395,-7865.0,-358.0
396,-8081.0,-395.0
397,-8192.808561547703,-410.32632004717505
398,-8270.694616015004,-415.40644486461724
399,-8293.0,-417.0
400,-8439.0,-427.0
401,-8522.963686885267,-430.1952793736359
402,-8587.0,-430.0
403,-8791.872255092747,-416.82811616182784
404,-8894.0,-407.0
405,-8953.11389397848,-400.3782591635139
406,-9129.0,-368.0
407,-9132.276366898383,-367.2731730907549
408,-9262.0,-337.0
409,-9310.701790079513,-324.34178576806926
410,-9408.0,-297.0
411,-9525.0,-261.0
412,-9548.872972027235,-253.04155436078707
413,-9801.0,-164.0
414,-9939.92427815087,-111.27225706033519
415,-10113.053492530269,-39.49567195107713
416,-10119.0,-37.0
417,-10166.077635946998,-17.184488853049867
418,-10218.0,7.0
419,-10315.324150494998,55.243963689057445
420,-10385.0,93.0
421,-10505.0,168.0
422,-10560.530877040153,205.02904079701614
423,-10661.0,276.0
424,-10740.10195620121,337.42113620887693
425,-10785.0,374.0
426,-10832.49015569735,413.90518949376246
427,-10891.0,468.0
428,-11012.84208593579,595.2630395381644
429,-11108.0,702.0
430,-11301.0,974.0
431,-11308.017066704466,985.6963257642047
432,-11360.13991066513,1076.3164443753408
433,-11393.0,1142.0
434,-11433.884375760514,1231.843359057302
435,-11466.0,1305.0
436,-11551.31827018919,1502.1678005362567
437,-11556.0,1513.0
438,-11575.0,1557.0
439,-11623.587030759649,1671.2402590993497
440,-11712.371087492713,1882.1813524415438
441,-11731.0,1926.0
442,-11772.166684566608,2020.542569847879
443,-11805.0,2090.0
444,-11806.344668548165,2092.782439270865
445,-11875.93241823219,2232.474785764367
446,-11892.0,2263.0
447,-12016.0,2487.0
448,-12064.837612955454,2562.429247061895
449,-12088.0,2587.0
450,-12147.809277607797,2644.7161499339963
451,-12226.0,2710.0
452,-12261.432759520827,2733.629269328798
453,-12316.0,2762.0
454,-12454.597727292961,2808.4210726055303
455,-12565.0,2830.0
456,-12679.122864347908,2837.9001150028034
457,-12820.0,2833.0
458,-12832.135047880753,2832.434260660148
459,-12913.48204520292,2826.2820880181416
460,-12956.0,2820.0
461,-13063.0,2801.0
462,-13103.903537394826,2791.8449219082645
463,-13172.0,2773.0
464,-13182.399910028704,2770.106570126554
465,-13258.660399550728,2746.6494644281292
466,-13295.0,2731.0
467,-13445.0,2654.0
468,-13449.153284100654,2651.760204409025
469,-13530.902544418546,2604.712189138927
470,-13557.696363001072,2563.511663950607
471,-13572.0,2542.0
472,-13623.743238984007,2464.415033686509
473,-13642.0,2433.0
474,-13686.6549537168,2313.5058856903174
475,-13700.0,2250.0
476,-13706.31073337033,2196.8758473859625
477,-13707.0,2170.0
478,-13706.844962599425,2115.4543461235617
479,-13699.0,2054.0
480,-13692.747347603403,2024.2701639579147
481,-13655.0,1886.0
482,-13654.186505620472,1883.2994408546665
483,-13631.981928045021,1820.8397339912258
484,-13611.0,1782.0
485,-13549.0,1673.0
486,-13518.77769918244,1629.7194300975762
487,-13457.03567008843,1550.1611383969491
488,-13452.0,1544.0
489,-13411.141096812788,1497.1761791619283
490,-13356.0,1443.0
491,-13325.80448312751,1414.2256320481968
492,-13233.780357455762,1328.2975091971496
493,-13192.0,1291.0
494,-13024.33904938654,1158.5107368507868
495,-12994.0,1136.0
496,-12945.256063780453,1099.8969120829374
497,-12867.428599471621,1042.3001132139443
498,-12824.0,1010.0
499,-12762.0,964.0
500,-12724.847204081678,937.0982316114118
501,-12646.0,881.0
502,-12575.773426098176,831.157317784006
503,-12532.0,801.0
504,-12434.682242189405,735.6858392420475
505,-12299.0,646.0
506,-12242.161506061508,608.8129287654307
507,-12163.0,560.0
508,-12056.365234209186,494.30233312924184
509,-11981.0,448.0
510,-11896.234819172418,396.40136702818415
511,-11835.432563527198,361.32872469797996
512,-11794.0,338.0
513,-11650.678869608077,257.5965057316774
514,-11628.0,245.0
515,-11537.0,195.0
516,-11392.0,117.0
517,-11335.121803963877,86.23616482976061
518,-11286.0,60.0
519,-11147.580975064198,-10.599825252838793
520,-11111.0,-29.0
521,-10929.46432792646,-119.08246804405752
522,-10919.0,-124.0
523,-10891.0,-137.0
524,-10817.576170558255,-171.0422126067986
525,-10667.0,-240.0
526,-10564.201290548654,-285.13813399331247
527,-10481.0,-320.0
528,-10418.126614168916,-345.17708321669016
529,-10315.0,-385.0
530,-10236.0,-415.0
531,-10171.551689889935,-439.2679167559973
532,-10055.542530853521,-482.2676964948863
533,-9998.0,-503.0
534,-9895.855445722194,-538.9341868964174
535,-9803.0,-571.0
536,-9657.086845676466,-620.5112840375082
537,-9561.0,-653.0
538,-9455.0,-689.0
539,-9393.262757977229,-709.7423399567541
540,-9318.0,-735.0
541,-9074.953046574234,-817.5430406650116
542,-8968.0,-854.0
543,-8891.223642056611,-880.1945409313118
544,-8785.0,-916.0
545,-8631.0,-967.0
546,-8597.075033811885,-978.1684036447953
547,-8446.0,-1028.0
548,-8313.53250414254,-1072.4373825569628
549,-8199.0,-1111.0
550,-8117.890341484547,-1138.2324136843486
551,-8044.0,-1163.0
552,-7968.658799972642,-1188.3109637825612
553,-7800.0,-1245.0
554,-7783.868533610581,-1250.4130720534588
555,-7681.0,-1285.0
556,-7676.46523243135,-1286.532552646324
557,-7353.0,-1396.0
558,-7259.93901698292,-1426.5286120829842
559,-7180.0,-1453.0
560,-7176.57855909666,-1454.1797966212364
561,-7102.0,-1480.0
562,-6899.0,-1548.0
563,-6895.361354433993,-1549.2149454283287
564,-6714.6707659206995,-1609.981943325846
565,-6679.0,-1622.0
566,-6459.0,-1696.0
567,-6327.078283321724,-1739.4833617629229
568,-6286.0,-1753.0
569,-6181.697632871184,-1788.0201157872818
570,-5987.0,-1854.0
571,-5921.203547698431,-1876.2968992261417
572,-5751.0,-1934.0
573,-5676.201834794366,-1959.4298149361407
574,-5602.630185475694,-1984.1744118267268
575,-5594.0,-1987.0
576,-5469.0,-2026.0
577,-5388.767272019128,-2044.474591689674
578,-5304.0,-2055.0
579,-5269.804509175172,-2056.4444777008266
580,-5144.064651907743,-2049.236948664329
581,-5116.0,-2045.0
582,-4981.4175350085,-2012.2961576369185
583,-4902.0,-1987.0
584,-4719.0,-1920.0
585,-4715.221415019319,-1918.5446020160223
586,-4574.0,-1861.0
587,-4569.902641425521,-1859.1924009304062
588,-4348.438164638713,-1754.2827467394732
589,-4336.0,-1748.0
590,-4233.2625660508675,-1693.2628643763032
591,-4075.0,-1596.0
592,-4071.6624304351626,-1593.8943087240957
593,-4020.0,-1561.0
594,-3855.188100138586,-1447.103240331601
595,-3806.0,-1411.0
596,-3699.5238583675164,-1329.631200156014
597,-3690.0,-1322.0
598,-3553.0,-1205.0
599,-3500.617010297219,-1157.6404648339958
600,-3432.0,-1094.0
601,-3383.733102035388,-1048.4175589111617
602,-3360.0,-1026.0
603,-3110.0,-791.0
604,-3060.5314222092397,-744.1580342126265
605,-2940.480953510903,-627.4840037091415
606,-2899.0,-586.0
607,-2849.6128667565663,-536.3091046434791
608,-2760.0,-446.0
609,-2685.3172348966136,-370.93376107997756
610,-2537.044821854914,-222.07534760225016
611,-2529.0,-214.0
612,-2476.2954084061275,-161.10190799874772
613,-2436.0,-121.0
614,-2434.3500384819004,-119.3667713960702
615,-2322.0,-10.0
616,-2289.396639767193,19.939025190131833
617,-2225.0,74.0
618,-2214.59408932904,81.96713404736374
619,-2127.0,143.0
620,-2080.3319494573843,170.80597095212204
621,-2030.3144709465375,192.830154794728
622,-2004.0,202.0
623,-1971.3040598463397,211.98420175171674
624,-1943.0,220.0
625,-1925.4674573710354,224.82491780461748
626,-1885.0,232.0
627,-1856.4383629321171,233.3473633907318
628,-1786.0,233.0
629,-1768.817902871918,232.7884283498031
630,-1755.0,227.0
631,-1750.16583666479,224.61578664828582
632,-1658.0,177.0
633,-1652.0490963357631,173.28510618515986
634,-1627.150050132877,153.26673734700128
635,-1607.0,133.0
636,-1584.353076596199,112.35343112565458
637,-1556.0,89.0
638,-1505.8666711872736,55.93026331077169
639,-1488.0,47.0
640,-1466.871355586596,38.338885363137216
641,-1463.0,37.0
642,-1388.7692931189092,22.9847025995722
643,-1374.0,22.0
644,-1305.0,26.0
645,-1298.6596500093942,27.050094356881747
646,-1254.0,37.0
647,-1238.9440697605644,41.39512749120612
648,-1202.029732105676,56.515645550664715
649,-1192.0,62.0
650,-1107.0,118.0
651,-1101.663189858816,121.87719205561308
652,-1080.5728936704559,140.46888698536807
653,-1069.0,152.0
654,-1030.0,190.0
655,-1019.8253763129816,200.01185001341025
656,-955.5740661481177,261.1292350407592
657,-950.0,266.0
658,-879.0,326.0
659,-813.172810741243,376.59919258325624
660,-728.6885919221781,420.76727950804576
661,-723.0,423.0
662,-560.0,472.0
663,-545.1547379577019,475.3827357309126
664,-455.0,486.0
665,-435.8823969241012,487.00372459058764
666,-308.56410805477606,490.11962240655834
667,-301.0,490.0
668,-222.89588647183268,486.4121020006255
669,-204.0,485.0
670,-129.96443160054136,477.9242088449333
671,-49.0,465.0
672,59.4167471603393,440.9293064353198
673,84.0,435.0
674,186.0,405.0
675,216.08270926338653,394.6546273852219
676,359.409522362238,343.0002237991497
677,392.0,330.0
678,477.0,292.0
679,480.67904665604556,290.1623273936129
680,651.0,197.0
681,654.9806031441324,194.68554394515527
682,815.0483598687173,89.71716993760181
683,869.0,47.0
684,989.3448657046289,-59.317183787498
685,1062.6090186218114,-128.24905178359984
686,1092.0,-156.0
687,1156.209152954425,-216.99889476491228
688,1244.346514986668,-312.0012767759681
689,1269.0,-340.0
690,1375.5366359084578,-462.9413007177428
691,1404.0,-496.0
692,1567.0,-688.0
1,1807.5158428327788,-969.9283294611096
2,1946.0,-1132.0
3,1968.681764427621,-1158.7099291078075
4,2027.0,-1227.0
5,2050.1739877224722,-1253.5957119310153
6,2089.0,-1298.0
7,2194.2673180600327,-1421.873434340393
8,2202.0,-1431.0
9,2306.0,-1553.0
10,2361.2794164759707,-1617.295897254775
11,2422.0,-1688.0
12,2548.0,-1836.0
13,2550.6153541383414,-1839.047961526404
14,2623.0,-1923.0
15,2714.5132829514528,-2029.6004960352527
16,2827.9404353764166,-2162.2032312962724
17,2880.0,-2223.0
18,3014.731113240039,-2380.1301017287196
19,3054.0,-2426.0
20,3102.170080581105,-2482.4898634445394
21,3185.0,-2580.0
22,3242.0732500814224,-2646.7392105365034
23,3394.0,-2824.0
24,3456.3138082880723,-2896.6556860266173
25,3538.0,-2992.0
26,3594.832226980565,-3058.4963961679887
27,3638.0,-3109.0
28,3739.0,-3227.0
29,3774.271224108159,-3268.193926840844
30,3873.0,-3384.0
31,3936.842190148401,-3459.8024509398374
32,3984.0,-3516.0
33,4077.5743339456226,-3627.6312441839764
34,4164.154255288979,-3730.1877576822644
35,4207.0,-3780.0
36,4253.0,-3833.0
37,4321.016999139738,-3912.43786260256
38,4422.0,-4032.0
39,4424.033777082156,-4034.397309673479
40,4535.0,-4165.0
41,4538.004283669854,-4168.550488200101
42,4693.0,-4352.0
43,4843.773490988735,-4528.197791605096
44,4922.0,-4619.0
45,4923.847774985846,-4621.151906670959
46,5006.161924511224,-4717.504603693213
47,5069.309016112759,-4791.978248888108
48,5116.0,-4847.0
49,5175.791811759633,-4917.423637216858
50,5258.0,-5014.0
51,5364.522208215608,-5138.898426028412
52,5373.0,-5149.0
53,5452.0,-5244.0
54,5544.0,-5352.0
55,5590.8784155381,-5407.890630658609
56,5679.0,-5515.0
57,5682.132389830951,-5518.826615550645
58,5818.137700485301,-5687.553236986876
59,5852.0,-5733.0
60,5907.656472854063,-5814.4584258426
61,5982.467893887409,-5955.164883850085
62,6016.0,-6060.0
63,6033.618370588213,-6150.338824227767
64,6047.057939659795,-6295.102480019943
65,6050.0,-6374.0
66,6048.975600008302,-6414.972746218577
67,6037.0,-6485.0
68,6032.538530531497,-6506.4970030314835
69,6004.773099206568,-6630.508344209759
70,5986.0,-6703.0
71,5942.0654184856485,-6855.019276838116
72,5939.0,-6865.0
73,5912.626377142125,-6942.186592888028
74,5886.0,-6992.0
75,5820.031680802964,-7092.96960826784
76,5814.0,-7100.0
77,5727.0,-7182.0
78,5702.514989407158,-7200.900471147712
79,5627.0,-7243.0
80,5599.238169864839,-7254.61013759825
81,5556.0,-7271.0
82,5514.5552339469805,-7285.3859821008045
83,5443.511675244282,-7300.0952268647325
84,5420.0,-7302.0
85,5246.0,-7304.0
86,5233.842722569382,-7303.68736969948
87,5183.0,-7294.0
88,5176.107788172926,-7292.085895228071
89,5092.085257939138,-7268.478708368399
90,5085.0,-7266.0
91,4973.694942416395,-7212.285711036166
92,4959.0,-7203.0
93,4927.0,-7181.0
94,4883.707799100036,-7147.3313384475005
95,4820.0,-7080.0
96,4696.0,-6912.0
97,4694.657033236322,-6910.088352366294
98,4657.027878579525,-6851.861241104943
99,4641.0,-6825.0
100,4597.0,-6753.0
101,4589.728831530062,-6740.9006160030585
102,4551.0,-6675.0
103,4532.577847944258,-6642.793088953966
104,4500.0,-6585.0
105,4463.930423549238,-6520.9827045900365
106,4416.708096021024,-6437.262954796507
107,4382.0,-6376.0
108,4355.930386845595,-6330.146977863471
109,4327.0,-6279.0
110,4309.0,-6247.0
111,4294.774160301752,-6222.522526529041
112,4243.0,-6138.0
113,4216.496157522816,-6096.010906318839
114,4101.0,-5935.0
115,4056.9953387956734,-5880.468432958551
116,3991.0,-5801.0
117,3912.0531793650393,-5713.859831922298
118,3849.0,-5660.0
119,3729.0,-5573.0
120,3724.5995659318432,-5570.646746388291
121,3522.0,-5480.0
122,3452.078987357484,-5456.577934656381
123,3402.0,-5454.0
124,3276.4503573464062,-5439.529880709599
125,3262.0,-5438.0
126,2947.0,-5409.0
127,2921.320317842348,-5405.31568748469
128,2854.440570546738,-5386.156599971543
129,2827.0,-5374.0
130,2746.454474305568,-5335.745068920295
131,2657.0,-5282.0
132,2631.8948621948834,-5263.427273680771
133,2538.0,-5181.0
134,2527.340900962175,-5170.29092336728
135,2459.5699432988317,-5087.433221273878
136,2433.0,-5044.0
137,2406.3196032711085,-4992.269681255665
138,2375.0,-4918.0
139,2345.0,-4827.0
140,2341.276582577751,-4814.520749072422
141,2325.0,-4757.0
142,2318.4764134078237,-4733.565457717872
143,2283.0,-4607.0
144,2265.1543223024364,-4546.017740603732
145,2256.0,-4514.0
146,2240.5623077832597,-4456.65997151098
147,2205.0,-4335.0
148,2140.5141392370215,-4164.397418248201
149,2136.0,-4154.0
150,2086.634160676124,-4073.017836511048
151,2071.0,-4055.0
152,1996.7335441380696,-3973.9036782107564
153,1943.0,-3923.0
154,1902.8233946670614,-3890.569081762819
155,1847.0,-3852.0
156,1740.189167619517,-3792.724628223441
157,1732.0,-3789.0
158,1644.0,-3755.0
159,1592.4567012331431,-3738.374489699188
160,1493.0,-3720.0
161,1448.5277694467372,-3715.42613747415
162,1298.0,-3704.0
163,1241.0698687003548,-3700.012964912558
164,1101.7421574179164,-3692.0439837008125
165,1065.0,-3690.0
166,952.7321550215956,-3679.564963842236
167,929.0,-3675.0
168,693.0,-3606.0
169,689.1746594072249,-3604.5028699023533
170,583.6668596992117,-3553.9056167424787
171,495.57036247865534,-3489.44617080118
172,458.0,-3460.0
173,440.5029413562894,-3446.1914853976236
174,417.0,-3425.0
175,382.4982697678036,-3391.3181631483303
176,321.0,-3328.0
177,245.0,-3230.0
178,243.69085620805694,-3227.8277594433453
179,175.13807700464514,-3094.534884792156
180,156.0,-3052.0
181,142.50997259107302,-3018.1004066798732
182,132.0,-2955.0
183,131.8416317325967,-2953.4682486769234
184,123.53735857823901,-2853.664700380815
185,124.0,-2813.0
186,136.0244272118728,-2728.5522754200138
187,138.0,-2720.0
188,161.82006660887254,-2639.02830684327
189,173.0,-2607.0
190,228.0,-2471.0
191,228.79224874285623,-2469.0729677771037
192,258.84669474035866,-2394.7042847948196
193,266.0,-2377.0
194,305.0,-2281.0
195,310.1351680778926,-2268.2526820453577
196,340.0,-2194.0
197,346.03364122388996,-2179.20600525007
198,405.3503957262241,-2033.8660998639687
199,434.0,-1944.0
200,442.3369124854029,-1910.1957828420452
201,467.1167262809394,-1692.8677798275655
202,468.0,-1672.0
203,462.0,-1625.0
204,444.75454900526853,-1557.673678105079
205,420.0,-1483.0
206,375.0,-1393.0
207,350.54769504874054,-1350.3092815705165
208,240.0,-1214.0
209,236.73324537210354,-1211.0453845021934
210,93.0,-1096.0
211,4.796674619874855,-1046.6297799646927
212,-10.0,-1040.0
213,-167.0,-967.0
214,-206.4269713525976,-948.8629267876996
215,-286.0,-913.0
216,-301.1033907370858,-906.3347827436654
217,-469.0,-836.0
218,-471.84510772282766,-834.9046776556195
219,-595.476604836138,-794.433907833038
220,-609.0,-791.0
221,-777.4181658818468,-753.513410676161
222,-852.0,-738.0
223,-904.5399543409951,-727.4277656091699
224,-963.0,-719.0
225,-975.5641072522473,-717.5542910336546
226,-1146.0995907274328,-701.4512190795963
227,-1172.0,-700.0
228,-1314.0,-698.0
229,-1346.1795658789276,-698.6039438321582
230,-1500.0,-705.0
231,-1598.0120808716533,-711.518536876721
232,-1643.0,-718.0
233,-1855.0,-767.0
234,-1858.260809090025,-767.8823534566279
235,-2030.4821031501453,-829.075965697948
236,-2051.0,-838.0
237,-2189.747767684182,-900.6556274519779
238,-2201.0,-906.0
239,-2335.0,-975.0
240,-2337.648268333057,-976.5007858132841
241,-2528.0,-1091.0
242,-2560.493841944059,-1110.948333312072
243,-2671.3602116859993,-1190.9273096752747
244,-2739.0,-1262.0
245,-2773.775479692593,-1299.365393372308
246,-2895.0,-1433.0
247,-3010.9842390217846,-1576.0396160906182
248,-3085.086591589105,-1685.4111517790177
249,-3110.0,-1721.0
250,-3170.042652614009,-1801.7356544591503
251,-3223.0,-1871.0
252,-3240.773397841387,-1894.495532694737
253,-3317.0,-1995.0
254,-3483.4708983579008,-2208.2903451355623
255,-3492.0,-2219.0
256,-3618.680930971388,-2370.6016726691514
257,-3634.0,-2389.0
258,-3663.0,-2424.0
259,-3772.989386516947,-2550.9930565070545
260,-3834.0,-2614.0
261,-3915.0,-2673.0
262,-3976.5958008388034,-2695.9898968265625
263,-4125.0,-2737.0
264,-4206.271793130393,-2754.464257501473
265,-4266.0,-2761.0
266,-4329.638610731087,-2771.7251646705017
267,-4427.0,-2789.0
268,-4526.951921258396,-2805.4935772767494
269,-4634.784175087776,-2822.396550573604
270,-4645.0,-2824.0
271,-4743.970891233783,-2839.4677172751735
272,-4754.0,-2841.0
273,-4872.607719541295,-2858.254645359526
274,-4941.0,-2866.0
275,-5001.0,-2870.0
276,-5019.600272123616,-2870.409248550462
277,-5162.51577068978,-2868.324755344204
278,-5174.0,-2868.0
279,-5276.86896221333,-2862.611101566424
280,-5322.392794124143,-2849.3537616819735
281,-5333.0,-2846.0
282,-5409.354469830666,-2819.5096421059197
283,-5415.0,-2817.0
284,-5435.0,-2807.0
285,-5497.24043672768,-2760.8602545712033
286,-5502.0,-2756.0
287,-5568.065610258375,-2666.570937380098
288,-5605.0,-2601.0
289,-5619.603215675901,-2569.8527451981677
290,-5640.976798697016,-2505.412167790751
291,-5650.0,-2467.0
292,-5662.599158608516,-2394.8258188421787
293,-5669.0,-2345.0
294,-5669.976684836086,-2336.1852106641877
295,-5676.0,-2277.0
296,-5680.184264873862,-2241.2146559037483
297,-5694.200516202009,-2129.250265258046
298,-5695.0,-2122.0
299,-5697.0,-2104.0
300,-5705.107924335972,-2055.9408976572313
301,-5723.1819331424995,-1978.8243602107668
302,-5725.0,-1971.0
303,-5750.201736371852,-1859.1963627354091
304,-5752.0,-1851.0
305,-5770.0,-1768.0
306,-5801.01282687203,-1626.9028346890193
307,-5806.0,-1604.0
308,-5838.801399399018,-1452.1503462629137
309,-5841.0,-1442.0
310,-5859.314525481974,-1358.0242586521292
311,-5879.382324450785,-1266.4189039190198
312,-5888.0,-1226.0
313,-5914.0,-1102.0
314,-5944.0,-963.0
315,-5950.0,-937.0
316,-5986.0,-769.0
317,-6032.0,-543.0
318,-6078.0,-312.0
319,-6103.0,-174.0
320,-6121.0,-62.0
321,-6144.0,164.0
322,-6132.0,364.0
323,-6092.0,548.0
324,-6078.463671258471,590.0600423659633
325,-6035.0,712.0
326,-5986.960748613266,823.3062512550557
327,-5977.0,845.0
328,-5912.0,983.0
329,-5871.7412014878355,1065.2602799350088
330,-5869.0,1071.0
331,-5821.0,1178.0
332,-5801.07138040814,1229.518868992653
333,-5796.0,1244.0
334,-5774.227688987251,1326.831701134359
335,-5771.0,1351.0
336,-5769.0125950681895,1390.4429287252262
337,-5770.0,1422.0
338,-5772.0,1439.0
339,-5782.562579271316,1482.2876412742385
340,-5788.0,1497.0
341,-5800.366329473358,1521.681475829993
342,-5811.0,1538.0
343,-5852.3366725857995,1582.5834421169766
344,-5866.0,1594.0
345,-5881.089977090311,1605.2409359733272
346,-5897.0,1614.0
347,-5969.264157623795,1632.0693694572055
348,-5983.0,1634.0
349,-6012.4186795162705,1634.686576670866
350,-6033.0,1630.0
351,-6080.3297094704985,1615.630809595002
352,-6087.0,1613.0
353,-6112.0,1601.0
354,-6130.403602563675,1589.8567753677403
355,-6153.0,1574.0
356,-6175.456534248402,1555.5969831217444
357,-6182.0,1549.0
358,-6220.335154774886,1504.3202553555172
359,-6231.0,1491.0
360,-6247.299859356495,1468.7566518562803
361,-6260.0,1446.0
362,-6270.32123703624,1428.5149141298648
363,-6281.0,1410.0
364,-6293.9496550172325,1386.3594182379366
365,-6337.140776865629,1302.5902165788214
366,-6339.0,1299.0
367,-6358.683715318463,1261.6416081207367
368,-6366.0,1248.0
369,-6426.238163369394,1136.7200166039154
370,-6437.0,1117.0
371,-6491.34250199875,1018.9485855936659
372,-6501.0,1002.0
373,-6511.212113187945,984.3303114430023
374,-6534.0,946.0
375,-6564.545199597426,895.5669418609026
376,-6579.0,872.0
377,-6605.746195756686,829.0611467863214
378,-6650.061895168356,759.6565975120496
379,-6655.0,752.0
380,-6755.553980532665,597.502135903031
381,-6767.0,580.0
382,-6842.0,467.0
383,-6843.191182576227,465.24465701192247
384,-6915.37229613564,360.23154788974483
385,-6929.0,341.0
386,-6986.0,264.0
387,-7002.564292018991,242.94509924604736
388,-7066.817280969037,165.92937954894015
389,-7097.0,132.0
390,-7160.720101888103,65.70542133192474
391,-7176.0,51.0
392,-7254.31827997529,-19.46109107199219
393,-7291.0,-51.0
394,-7310.0,-67.0
395,-7381.267100201408,-121.62035827135054
396,-7539.431835898719,-227.75636564392374
397,-7548.0,-233.0
398,-7629.140146247118,-276.6865600385182
399,-7667.0,-293.0
400,-7781.0,-335.0
401,-7879.233373601207,-361.57970180075023
402,-7986.0,-382.0
403,-8017.305911253316,-386.70922214820916
404,-8126.0,-400.0
405,-8157.701016638313,-403.6696701311106
406,-8254.0,-414.0
407,-8459.0,-428.0
408,-8475.766725271886,-428.76172258334043
409,-8582.309347419114,-430.86947996481905
410,-8632.0,-429.0
411,-8753.098570422419,-420.8892945208093
412,-8837.0,-414.0
413,-8911.150972947791,-407.0638354680993
414,-9066.189190056577,-381.4040071380229
415,-9087.0,-377.0
416,-9263.0,-337.0
417,-9356.704252634414,-311.79609554370995
418,-9395.0,-301.0
419,-9482.0,-275.0
420,-9617.40063669482,-229.57760873234022
421,-9715.0,-196.0
422,-9874.667253488504,-137.999038628436
423,-9946.0,-108.0
424,-9986.48941195635,-91.18992037139785
425,-10107.00128003191,-41.356839334269345
426,-10132.0,-31.0
427,-10217.0,6.0
428,-10490.0,158.0
429,-10517.234386176035,173.9452045876586
430,-10608.0,238.0
431,-10653.81998694145,274.61362489619887
432,-10901.0,477.0
433,-10953.806593009727,525.8251095252948
434,-10990.0,568.0
435,-11000.276815922822,579.7314863978556
436,-11125.0,724.0
437,-11176.592947464416,790.3181251873716
438,-11202.0,825.0
439,-11339.0,1040.0
440,-11340.518809898567,1042.7380027900595
441,-11405.0,1168.0
442,-11452.364189011825,1274.042678244332
443,-11458.0,1287.0
444,-11561.520872440236,1526.287112775165
445,-11567.0,1539.0
446,-11617.564961979557,1656.7360538483617
447,-11662.0,1762.0
448,-11706.924411842087,1869.6863957916994
449,-11718.0,1896.0
450,-11768.971366461981,2014.4006573392398
451,-11804.0,2089.0
452,-11914.0,2303.0
453,-11923.979313882275,2322.087683228427
454,-12019.820425028594,2495.9362385894374
455,-12046.0,2533.0
456,-12132.0,2634.0
457,-12134.354492103354,2636.296228527376
458,-12212.0,2700.0
459,-12236.787488624701,2716.425550651393
460,-12302.0,2754.0
461,-12347.006571805992,2776.752000626187
462,-12443.0,2808.0
463,-12681.434826369372,2834.395138560183
464,-12704.0,2836.0
465,-12765.0,2835.0
466,-12783.216862087464,2833.5960486924478
467,-12910.100706703804,2824.3452494179073
468,-12944.0,2821.0
469,-13001.421261753649,2813.6799573231974
470,-13075.0,2798.0
471,-13194.95882406318,2764.0173022173344
472,-13279.0,2738.0
473,-13355.879482983177,2709.799148201378
474,-13387.277259215494,2689.2434717067003
475,-13399.0,2682.0
476,-13472.321209911033,2635.835836824945
477,-13479.0,2631.0
478,-13551.73288433612,2564.9541480725907
479,-13600.0,2506.0
480,-13641.0,2437.0
481,-13642.333922848047,2433.961976583091
482,-13694.0,2286.0
483,-13701.99870562953,2259.0446083393435
484,-13714.452511540425,2201.5398230953265
485,-13708.0,2134.0
486,-13705.989349944066,2112.7579537639867
487,-13699.0,2050.0
488,-13695.558719703116,2029.0450557451027
489,-13686.0,1985.0
490,-13667.306224989736,1919.5611314845128
491,-13659.0,1895.0
492,-13613.316204900071,1787.788171001678
493,-13606.0,1773.0
494,-13568.963515039766,1703.8694937204566
495,-13560.0,1689.0
496,-13528.0,1641.0
497,-13515.54045251733,1623.7632122784778
498,-13454.22843973917,1547.0675657065851
499,-13449.0,1541.0
500,-13399.803334504284,1486.746374490857
501,-13335.0,1421.0
502,-13294.629853398303,1382.2553975789863
503,-13264.0,1354.0
504,-13228.920161227483,1322.8342993108733
505,-13188.0,1288.0
506,-13126.0,1238.0
507,-13069.20217404452,1193.8080330387666
508,-13025.0,1160.0
509,-12974.978084267195,1122.0874380816804
510,-12919.0,1080.0
511,-12829.0,1013.0
512,-12795.304335371418,988.2677708709716
513,-12663.0,893.0
514,-12596.0,846.0
515,-12571.930265966317,829.2865632264344
516,-12418.0,724.0
517,-12403.76870419506,714.4787376576475
518,-12256.530692959219,619.1238539356706
519,-12199.0,583.0
520,-12155.56690508695,555.9364887012654
521,-12004.682833362534,462.8645191590595
522,-11911.0,406.0
523,-11890.686854220265,393.89302913473387
524,-11811.0,348.0
525,-11798.569407830168,340.8994074970463
526,-11620.0,240.0
527,-11590.177686551506,223.72738829999065
528,-11490.0,170.0
529,-11425.0,135.0
530,-11407.626329490844,125.71776407974976
531,-11157.92099248874,-4.740766378662947
532,-11134.0,-17.0
533,-11058.621386737115,-55.18787952679625
534,-10951.587860627362,-107.63460961510954
535,-10930.0,-118.0
536,-10764.0,-196.0
537,-10733.868439403595,-209.66606750377366
538,-10665.0,-240.0
539,-10604.774792751305,-265.68656635871173
540,-10318.0,-384.0
541,-10297.767929287245,-392.10980591451846
542,-10126.200087046434,-455.7108290987072
543,-10109.0,-462.0
544,-10011.849475988556,-497.9400034464675
545,-9961.0,-516.0
546,-9796.0,-573.0
547,-9791.52864173423,-574.537521057313
548,-9643.612816764067,-625.3853219210878
549,-9478.0,-682.0
550,-9388.65238789199,-712.1348863497494
551,-9264.0,-754.0
552,-9241.728189804937,-761.4898846085898
553,-8958.0,-857.0
554,-8892.706837766327,-879.0120984009361
555,-8836.0,-898.0
556,-8821.585323641872,-902.7989498553937
557,-8589.0,-980.0
558,-8569.042248501333,-986.6461011035069
559,-8496.0,-1011.0
560,-8248.0,-1094.0
561,-8219.239611697034,-1103.7210572583172
562,-7979.0,-1185.0
563,-7922.377527010549,-1203.8290820517902
564,-7854.0,-1226.0
565,-7780.014329767915,-1251.3535876335025
566,-7638.738610988472,-1300.001071664454
567,-7627.0,-1304.0
568,-7502.0,-1346.0
569,-7370.402672473849,-1389.841134971649
570,-7220.0,-1440.0
571,-7091.823233079112,-1483.2495986938843
572,-7002.358352175873,-1513.9569785383505
573,-6969.0,-1525.0
574,-6889.1653514630525,-1551.148121087914
575,-6811.0,-1577.0
576,-6670.0,-1625.0
577,-6594.178143087516,-1650.3683228526256
578,-6417.0,-1709.0
579,-6311.038858023684,-1744.861922421241
580,-6228.0,-1773.0
581,-6104.763581376368,-1814.3225311775955
582,-5912.0,-1879.0
583,-5744.844451500376,-1936.145662483843
584,-5599.565157738423,-1985.4010953656325
585,-5550.0,-2001.0
586,-5449.896141016033,-2029.8559089999003
587,-5307.0,-2055.0
588,-5304.977752192493,-2055.167099122314
589,-5181.0,-2053.0
590,-4963.40310078498,-2001.2603780056806
591,-4851.0,-1969.0
592,-4761.259287927402,-1940.5363695782726
593,-4701.3969228005,-1913.547358959168
594,-4693.0,-1910.0
595,-4557.194990980168,-1854.0879782861075
596,-4481.0,-1820.0
597,-4436.0,-1798.0
598,-4329.211107693632,-1742.2012445863502
599,-4176.272887676346,-1657.1533982254189
600,-4116.0,-1622.0
601,-4000.4803034494125,-1548.2377043780862
602,-3907.0,-1483.0
603,-3890.9023668677273,-1471.8289223811814
604,-3854.0,-1446.0
605,-3711.0,-1338.0
606,-3684.6787510901568,-1317.177377877089
607,-3549.0,-1202.0
608,-3488.0791942199658,-1146.4140432408635
609,-3332.0,-1001.0
610,-3252.11954219359,-926.1654183651029
611,-3157.303697930338,-835.1839439340553
612,-3107.0,-787.0
613,-2994.4916476367234,-679.3545730725343
614,-2965.0,-651.0
615,-2837.3243560183964,-525.1721387662368
616,-2773.501827190965,-459.81615950644493
617,-2756.0,-442.0
618,-2684.445162319592,-369.4921288391118
619,-2664.0,-349.0
620,-2575.0,-261.0
621,-2551.4647777261207,-237.63711157166986
622,-2447.0,-133.0
623,-2381.5365684193316,-67.61981795860335
624,-2345.0,-32.0
625,-2313.347602226832,-2.6191782700550017
626,-2288.0,20.0
627,-2242.0,60.0
628,-2233.822057551274,66.68723683443564
629,-2172.0,114.0
630,-2163.7670228035795,119.89381859773597
631,-2113.0,152.0
632,-2077.7180209899934,169.230084072179
633,-1966.5358935235001,212.8193737750155
634,-1955.0,217.0
635,-1926.443130895238,226.66627063402188
636,-1907.6053846266466,229.5662984489203
637,-1885.0,231.0
638,-1815.9308520952284,233.97870775250087
639,-1804.0,234.0
640,-1763.0466877962642,230.55401641839197
641,-1728.4989542476087,217.61907910357831
642,-1725.0,216.0
643,-1681.7709283174293,193.25898244005927
644,-1663.0,181.0
645,-1613.4985608082898,139.7326027526907
646,-1579.9066807171243,108.60345564166128
647,-1577.0,106.0
648,-1543.3222156456527,78.25638408062832
649,-1526.0,67.0
650,-1512.0397625754943,58.79513808967127
651,-1478.0,42.0
652,-1426.0,28.0
653,-1389.364982463799,22.59180548012771
654,-1361.0,22.0
655,-1323.7376927246587,24.860699144311113
656,-1266.0,34.0
657,-1240.3684615141651,40.195908102111815
658,-1195.5551246923014,58.28919689064221
659,-1167.0,75.0
660,-1134.5283667057897,97.52207356596223
661,-1071.8943831072525,148.83145510899283
662,-1065.0,155.0
663,-1035.67656740455,182.94931914374624
664,-1008.3570306797754,210.79522053689846
665,-993.0,226.0
666,-973.5107453130597,244.9672470314689
667,-953.0,264.0
668,-877.200666310484,327.4279888229069
669,-863.0,338.0
670,-794.3283690846524,383.01984005119465
671,-719.0,424.0
672,-704.2032909133421,431.22524639394135
673,-641.3178429195754,455.75024581396565
674,-559.0,472.0
675,-540.0,475.0
676,-464.2684171542982,485.44831641286555
677,-422.0,488.0
678,-199.40831500923346,482.53922854986206
679,-150.0,479.0
680,-53.925784790437184,466.2712255861294
681,-47.0,465.0
682,26.476148585209256,449.65574285632425
683,86.0,434.0
684,165.66154163921973,409.7645533044381
685,347.0,348.0
686,349.7406218147619,347.0138544543763
687,431.5004496346861,313.72251208882784
688,460.0,300.0
689,595.0,230.0
690,598.1681027278448,228.15864677959343
691,672.0,183.0
692,792.0,104.0
693,804.6389165760341,94.98178172543803
694,875.0,42.0
695,941.7678288886564,-13.299212270129257
696,977.0,-45.0
697,1076.0,-141.0
698,1098.196532854925,-163.0101986616728
699,1198.8319741443188,-264.25810500472295
700,1244.0,-312.0
701,1309.2641581954188,-385.0487087488873
702,1329.0,-408.0
703,1437.4324643456844,-536.6388868650554
704,1447.0,-548.0
705,1527.5505370606882,-642.7263644042353
706,1584.9359326376543,-708.7490107678055
707,1616.0,-745.0
708,1645.0,-779.0
1,1744.6800640656168,-896.1567226914663
2,1887.0,-1063.0
3,1928.9687626184725,-1111.8758057876419
4,2020.0,-1218.0
5,2035.6260475757908,-1236.3356714140962
6,2173.0,-1398.0
7,2247.7756070161827,-1485.1140026220567
8,2329.220214499416,-1578.9987472382109
9,2372.0,-1629.0
10,2425.0363368892213,-1691.5626454508897
11,2472.0,-1747.0
12,2502.3091898628945,-1782.591636331253
13,2578.0,-1871.0
14,2634.552463356776,-1936.9878545249537
15,2776.0,-2102.0
16,2808.708292286296,-2140.1742386036713
17,2835.0,-2171.0
18,2845.901888680321,-2183.7656950164396
19,3064.0,-2439.0
20,3078.7173370103706,-2456.2128112879927
21,3144.1746182694587,-2532.705547605734
22,3201.0,-2599.0
23,3263.32086084602,-2671.678834394076
24,3339.0,-2760.0
25,3464.2663297173526,-2906.4300344183703
26,3506.0,-2955.0
27,3553.495179762421,-3010.1074994051396
28,3562.0,-3020.0
29,3719.149761790808,-3204.4853126916887
30,3752.0,-3243.0
31,3918.0,-3437.0
32,3933.0746105509616,-3454.7676777000956
33,4037.0,-3578.0
34,4071.7896244444337,-3619.3301574731377
35,4158.489528506063,-3722.1064441750564
36,4183.0,-3751.0
37,4399.0,-4005.0
38,4413.237903040874,-4021.895972214197
39,4475.137484727574,-4096.805974200648
40,4506.0,-4133.0
41,4604.0,-4246.0
42,4629.857319614155,-4275.982661005499
43,4786.831568076601,-4460.687015979427
44,4799.0,-4475.0
45,4948.0,-4650.0
46,5077.589594284359,-4801.948018516572
47,5216.444288047224,-4964.913887090769
48,5225.0,-4975.0
49,5455.0,-5247.0
50,5475.050141122641,-5270.703668253514
51,5587.0,-5404.0
52,5608.944144489607,-5430.571178100235
53,5749.140826753302,-5602.22644752068
54,5757.0,-5612.0
55,5833.5945690175495,-5708.682531262719
56,5850.0,-5730.0
57,5906.043956477131,-5805.444151726895
58,5955.0,-5897.0
59,6009.67263047259,-6044.051759798436
60,6021.0,-6079.0
61,6048.0,-6233.0
62,6048.547748491396,-6275.473826530468
63,6039.594609411109,-6464.000766785878
64,6034.0,-6504.0
65,6012.0,-6604.0
66,6010.904028690131,-6608.351195734299
67,5957.0,-6809.0
68,5955.734593142066,-6813.424125245644
69,5904.924580587285,-6959.735597811956
70,5882.0,-7000.0
71,5813.279625043504,-7092.020966540954
72,5764.214018006994,-7147.60162845184
73,5744.0,-7169.0
74,5697.820060702921,-7212.328442452357
75,5619.446445624915,-7248.984086968458
76,5596.0,-7257.0
77,5492.995678723894,-7288.051201739659
78,5466.0,-7295.0
79,5308.0,-7307.0
80,5270.175830415637,-7304.257621429151
81,5200.6969396985205,-7296.424356999313
82,5127.0,-7280.0
83,5090.937898183958,-7268.291148059624
84,5035.253841425324,-7245.072217464679
85,5008.0,-7231.0
86,4941.0,-7190.0
87,4918.488582865425,-7174.561464930304
88,4851.0,-7114.0
89,4752.0,-6994.0
90,4733.923376369644,-6971.0089637147785
91,4702.663525748383,-6928.144321989506
92,4677.5903146263245,-6883.9332203454705
93,4674.0,-6878.0
94,4626.0,-6800.0
95,4598.794384419216,-6755.892743618435
96,4536.0,-6649.0
97,4443.522000783095,-6483.871007428809
98,4438.0,-6474.0
99,4411.902878319717,-6427.785798329617
100,4397.0,-6402.0
101,4356.829412253845,-6331.3070431210235
102,4334.0,-6291.0
103,4235.0,-6126.0
104,4221.069962821511,-6105.254874920352
105,4130.0,-5974.0
106,4109.9854238270045,-5945.760382621465
107,4039.0,-5856.0
108,4030.1519837443907,-5845.687651784972
109,3962.3568474373965,-5768.793681111716
110,3956.0,-5762.0
111,3887.6824743126917,-5694.052086792537
112,3871.0,-5679.0
113,3766.0,-5597.0
114,3740.7992627781105,-5580.471103299498
115,3674.0,-5542.0
116,3647.060135091236,-5528.645780708199
117,3527.0,-5482.0
118,3499.293619028698,-5473.829202749213
119,3390.0,-5452.0
120,3303.5281392416805,-5442.807883018371
121,3088.0,-5428.0
122,3054.0001087404466,-5425.617093388932
123,2921.0,-5403.0
124,2885.4890516452942,-5392.278741372052
125,2802.0,-5364.0
126,2690.545688844842,-5305.095263123022
127,2672.0,-5292.0
128,2537.0,-5180.0
129,2476.71315275003,-5112.975314095142
130,2458.0,-5084.0
131,2398.5140150948573,-4974.190334518429
132,2377.0,-4925.0
133,2367.0,-4897.0
134,2352.331511661361,-4850.93560737949
135,2328.0,-4768.0
136,2323.6927252105975,-4752.9842439140175
137,2297.302645124164,-4659.0610347482025
138,2288.0,-4626.0
139,2240.1720470392024,-4457.939250172545
140,2234.0,-4436.0
141,2199.0,-4314.0
142,2173.934082117894,-4240.521538358792
143,2153.0,-4188.0
144,2088.0,-4077.0
145,2072.3961856037718,-4058.2583135840746
146,1954.0,-3932.0
147,1886.1778630700865,-3869.729580562864
148,1837.0,-3845.0
149,1803.043931832902,-3826.159174874312
150,1748.0,-3796.0
151,1698.049717219887,-3771.6694606933606
152,1610.0,-3745.0
153,1570.5121669068603,-3736.7743648043534
154,1439.0,-3714.0
155,1323.5881010899075,-3702.04466007766
156,1233.0,-3701.0
157,1049.0,-3689.0
158,1031.0821051021267,-3687.427207059205
159,904.4047783420648,-3671.1845868160613
160,841.0,-3657.0
161,808.251717981983,-3648.10392486392
162,700.0,-3609.0
163,674.0,-3597.0
164,670.8667798258921,-3595.5091666409226
165,574.0,-3543.0
166,538.9110032623486,-3521.145423602695
167,470.7082703543675,-3470.551326671141
168,463.0,-3464.0
169,332.945042783325,-3341.905984396755
170,326.0,-3335.0
171,278.711255771614,-3285.3571948954027
172,251.09174595962477,-3242.819800024391
173,236.0,-3216.0
174,214.54636622657736,-3177.006673560644
175,173.0,-3096.0
176,145.76159150044282,-3025.080082974455
177,132.188521081561,-2960.7525056075265
178,130.0,-2945.0
179,123.0,-2848.0
180,122.95658284659318,-2845.688889087442
181,129.15696131975403,-2755.949173227502
182,137.0,-2723.0
183,173.6699863826199,-2609.9118873328885
184,198.0,-2543.0
185,248.0,-2424.0
186,257.0188081283365,-2401.9786943143445
187,309.0,-2272.0
188,331.0,-2218.0
189,350.9598204870449,-2167.481880618543
190,379.0,-2095.0
191,407.1783875952756,-2022.0165865611204
192,437.0,-1935.0
193,466.0715792695016,-1795.4048626058689
194,467.0,-1787.0
195,470.20768425204693,-1705.5796154682007
196,469.0,-1684.0
197,461.0,-1618.0
198,452.73238377199135,-1577.3924347244415
199,403.0,-1445.0
200,401.58947619978846,-1442.1552401866875
201,329.0,-1320.0
202,288.4341423402127,-1266.5601489116002
203,257.0,-1231.0
204,160.99937698152007,-1144.439778884217
205,154.0,-1139.0
206,87.0,-1093.0
207,-26.495282867071523,-1033.0010278221546
208,-132.0,-983.0
209,-247.01997426378895,-930.8026764229116
210,-349.0,-885.0
211,-352.1467645285431,-883.5537721890075
212,-432.398011815638,-845.0818492531312
213,-522.0,-817.0
214,-605.3258863039069,-794.588172842
215,-766.0,-754.0
216,-870.44329763428,-732.1941845344846
217,-919.0,-726.0
218,-945.3543537469666,-722.652043327349
219,-1121.0,-703.0
220,-1124.4984353105033,-702.745958117159
221,-1177.0,-700.0
222,-1463.0,-703.0
223,-1511.1801992611377,-704.5235154785827
224,-1592.3871313028164,-708.5361944156348
225,-1666.0728986244878,-719.9389228722811
226,-1699.0,-727.0
227,-1829.9712416084371,-760.2158687141923
228,-1840.0,-763.0
229,-1994.1080278551544,-815.4220496526461
230,-2010.0,-822.0
231,-2215.0,-912.0
232,-2241.1494242565855,-923.9451243226549
233,-2367.314720573877,-991.0263168126015
234,-2408.0,-1016.0
235,-2497.3436557528935,-1068.6123366278246
236,-2553.0,-1108.0
237,-2738.8817327374095,-1263.3923385696942
238,-2762.0,-1284.0
239,-2823.02491761324,-1347.0398070891254
240,-2841.0,-1369.0
241,-2914.4098498245135,-1458.2841957587104
242,-2934.0,-1483.0
243,-3037.692873712162,-1622.7192217167794
244,-3054.0,-1645.0
245,-3138.0,-1758.0
246,-3202.798170856535,-1843.7958393341833
247,-3325.0,-2005.0
248,-3327.246699136187,-2007.9811264914795
249,-3383.753840143915,-2083.52541634461
250,-3406.0,-2112.0
251,-3438.800047439036,-2152.9163082218747
252,-3520.469723681124,-2252.5762438131424
253,-3592.0,-2339.0
254,-3604.909699364999,-2354.5355057662964
255,-3673.0,-2436.0
256,-3724.6278610937043,-2496.8062306999195
257,-3752.0,-2528.0
258,-3854.0,-2632.0
259,-3867.064115790407,-2642.5272377836855
260,-3980.0,-2702.0
261,-4105.0,-2734.0
262,-4109.104417672697,-2734.8273339151388
263,-4262.0,-2760.0
264,-4327.897158823351,-2771.1216048518313
265,-4494.0,-2800.0
266,-4533.055539621914,-2806.684383004927
267,-4638.786254507341,-2823.8621601175087
268,-4729.0,-2838.0
269,-4874.0,-2859.0
270,-4879.219817498603,-2859.532715889879
271,-5031.014501123068,-2871.2785336701786
272,-5043.0,-2872.0
273,-5139.229779548303,-2873.4168732093294
274,-5185.0,-2868.0
275,-5194.085700985583,-2867.091590835019
276,-5269.0,-2859.0
277,-5312.044272784417,-2851.263954530643
278,-5334.0,-2846.0
279,-5411.0,-2819.0
280,-5446.062065011346,-2800.203994035646
281,-5463.0,-2789.0
282,-5513.829807198514,-2744.130289256104
283,-5537.0,-2717.0
284,-5568.987439514052,-2670.919823583649
285,-5572.0,-2666.0
286,-5607.0,-2598.0
287,-5622.766309471434,-2558.6179471997784
288,-5630.0,-2538.0
289,-5644.869994458563,-2486.090385866129
290,-5654.0,-2444.0
291,-5660.015233198811,-2410.752977632367
292,-5668.0,-2355.0
293,-5672.601352208965,-2310.070893836158
294,-5675.0,-2286.0
295,-5688.0,-2177.0
296,-5692.038004938238,-2146.6645975184056
297,-5708.0,-2050.0
298,-5711.664065421786,-2031.9833814984536
299,-5752.0,-1853.0
300,-5752.502533595063,-1850.7738502925465
301,-5761.0,-1810.0
302,-5771.47074315028,-1763.293381047578
303,-5797.0,-1648.0
304,-5817.1952014679955,-1552.9455243562143
305,-5838.0,-1454.0
306,-5851.969929859166,-1387.9420483715694
307,-5865.415396819848,-1326.2512834928534
308,-5869.0,-1310.0
309,-5890.865183787916,-1210.807177068063
310,-5893.0,-1201.0
311,-5913.742156261434,-1104.2459076493442
312,-5926.0,-1047.0
313,-5952.0,-927.0
314,-5957.345575705564,-902.0200671910368
315,-6000.0,-701.0
316,-6015.80179429233,-625.0061466652774
317,-6025.1072329542085,-575.7934252159009
318,-6036.0,-522.0
319,-6054.0,-435.0
320,-6060.685682668661,-402.10131663577033
321,-6095.662570346001,-216.75056529134943
322,-6103.0,-174.0
323,-6131.0,0.0
324,-6145.095542250587,112.10799332632078
325,-6145.532312231206,198.11644753181957
326,-6143.0,239.0
327,-6129.473689055948,372.20224859603843
328,-6121.0,425.0
329,-6088.690434108448,558.7410190654879
330,-6025.005033362968,737.2666427891758
331,-6022.0,745.0
332,-5999.574744340684,798.1703065877105
333,-5978.0,843.0
334,-5953.593000073106,893.7660540305528
335,-5876.0,1056.0
336,-5834.437516037189,1145.2802355493982
337,-5816.0,1189.0
338,-5803.94885583261,1220.6755882122284
339,-5790.0,1261.0
340,-5773.333676430108,1327.1618899504083
341,-5772.0,1343.0
342,-5771.742822315104,1435.0506955067265
343,-5772.0,1442.0
344,-5781.948922080214,1493.6009912904865
345,-5795.0,1512.0
346,-5819.0,1549.0
347,-5836.3737315370245,1570.0138200861104
348,-5865.054555160629,1594.842615167355
349,-5879.0,1604.0
350,-5898.0,1614.0
351,-5932.369169084879,1626.5691038171922
352,-5943.0,1629.0
353,-5981.215782425027,1633.0571813994243
354,-5993.0,1633.0
355,-6024.001212846784,1630.3662258253898
356,-6027.0,1630.0
357,-6058.0,1624.0
358,-6084.298163359397,1613.608231981052
359,-6129.0,1591.0
360,-6145.489199414065,1581.1197492199676
361,-6169.0,1560.0
362,-6174.557365260422,1554.9072056962332
363,-6202.0,1527.0
364,-6224.601610243695,1497.7020478388076
365,-6256.0,1453.0
366,-6266.236447876285,1437.587289315059
367,-6278.881743349977,1413.7820169802412
368,-6282.0,1408.0
369,-6305.0,1366.0
370,-6313.721278355266,1349.4149642714615
371,-6337.0,1304.0
372,-6365.784151175979,1249.2526708846826
373,-6371.0,1239.0
374,-6380.0,1221.0
375,-6401.23089837755,1180.3519993376353
376,-6429.0,1130.0
377,-6481.176811122518,1036.8563870014727
378,-6489.0,1023.0
379,-6533.0,947.0
380,-6546.034596828398,925.4099881602992
381,-6594.682933149272,846.6739887667175
382,-6609.0,824.0
383,-6658.839203505868,746.4911518811506
384,-6674.0,723.0
385,-6703.269601967412,677.5272428856672
386,-6742.0,618.0
387,-6796.0,537.0
388,-6797.49814513576,534.717434255133
389,-6826.0,491.0
390,-6846.0946783401405,460.7353265884094
391,-6911.221128848025,366.4539421212017
392,-6923.0,350.0
393,-6980.322661849464,272.5261616227739
394,-7001.0,246.0
395,-7074.0,158.0
396,-7091.998777884282,137.8130159408704
397,-7146.0,81.0
398,-7228.0,3.0
399,-7252.1473844835145,-18.032210567546606
400,-7372.473390982229,-115.00936752132358
401,-7403.0,-138.0
402,-7471.203477194604,-185.78080247425808
403,-7506.0,-208.0
404,-7663.0,-291.0
405,-7726.526932336583,-314.9219556760874
406,-7883.0,-362.0
407,-7940.752255087138,-375.6739038468931
408,-8098.425501319025,-397.4550659211874
409,-8132.0,-401.0
410,-8252.0,-413.0
411,-8311.79204606868,-418.6469608729512
412,-8365.0,-423.0
413,-8453.203390503553,-427.8487612311243
414,-8493.0,-429.0
415,-8643.0,-428.0
416,-8721.117294225256,-424.0393343896384
417,-8817.0,-416.0
418,-8974.091246046044,-395.8425569618622
419,-9028.0,-387.0
420,-9181.0,-357.0
421,-9254.0,-339.0
422,-9328.471319471959,-319.5253923909837
423,-9406.0,-298.0
424,-9463.162505785902,-281.04103138312047
425,-9602.0,-235.0
426,-9833.0,-151.0
427,-9854.765786346587,-142.9493973041996
428,-9977.0,-95.0
429,-9991.886359532746,-88.88387082577559
430,-10150.0,-23.0
431,-10167.492397099357,-15.426172258553649
432,-10256.0,25.0
433,-10272.497317567713,33.16567276994349
434,-10408.695204346459,108.03935802350192
435,-10500.0,165.0
436,-10605.0,237.0
437,-10621.32483556359,248.5879754876191
438,-10695.0,302.0
439,-10842.0,422.0
440,-10877.514312402333,455.96476928783886
441,-11021.0,602.0
442,-11100.182008211032,690.9817992090494
443,-11125.0,723.0
444,-11252.0,897.0
445,-11284.246371592506,947.204591108183
446,-11374.468575341734,1105.7472041481374
447,-11395.0,1146.0
448,-11428.415367053178,1217.3131915481358
449,-11471.0,1317.0
450,-11472.12604434689,1319.6068151899542
451,-11555.0,1510.0
452,-11583.901072329467,1577.7079795113805
453,-11684.0,1815.0
454,-11703.388772810356,1861.304374893113
455,-11730.006291511281,1925.7553363076156
456,-11750.0,1971.0
457,-11773.74579189912,2023.1333694363882
458,-11826.0,2133.0
459,-11876.664827477563,2232.034062760584
460,-11904.0,2285.0
461,-11982.0,2430.0
462,-11984.303368085473,2433.6897793191633
463,-12156.551155519493,2655.0778633953805
464,-12163.0,2662.0
465,-12219.402047075655,2715.2164237911634
466,-12318.0,2763.0
467,-12321.765669397291,2764.3923528555274
468,-12444.1159808544,2804.7044577499382
469,-12513.0,2823.0
470,-12574.698019869324,2834.010102010692
471,-12679.0,2836.0
472,-12744.714448999863,2835.3277659663536
473,-12792.0,2834.0
474,-12938.0,2822.0
475,-12967.425439679795,2817.840226364153
476,-13087.0,2796.0
477,-13154.0,2779.0
478,-13156.402072958801,2778.3169475640925
479,-13260.115182265046,2744.6142178744744
480,-13267.0,2742.0
481,-13361.0,2702.0
482,-13363.486310581739,2700.7936179301305
483,-13451.0,2651.0
484,-13484.867932155703,2627.3841019448873
485,-13550.0,2568.0
486,-13628.848896095433,2458.567615586363
487,-13633.0,2452.0
488,-13688.0,2312.0
489,-13690.514419236168,2296.6623122274627
490,-13706.20569472862,2148.1401242276233
491,-13707.0,2125.0
492,-13701.009723748377,2039.9647203357952
493,-13682.0,1970.0
494,-13680.137168370744,1963.1656054633768
495,-13669.274606982495,1923.9543648962467
496,-13658.0,1892.0
497,-13638.79038284259,1843.6255059117257
498,-13623.0,1807.0
499,-13577.780152159527,1717.759591726846
500,-13544.0,1665.0
501,-13497.188445276852,1601.1781293644722
502,-13439.0,1529.0
503,-13396.602408739422,1482.8535886178097
504,-13382.0,1468.0
505,-13286.144520318396,1374.4648815439627
506,-13279.0,1368.0
507,-13131.769139384109,1242.7106357525934
508,-13115.0,1229.0
509,-13042.651518063618,1172.334151193632
510,-12989.0,1132.0
511,-12986.9596276212,1130.4559537845944
512,-12916.0,1077.0
513,-12836.0,1019.0
514,-12812.154511013263,1001.4733873319985
515,-12740.0,948.0
516,-12667.11192514491,895.3402823025218
517,-12611.0,856.0
518,-12391.226179415318,706.1343483495468
519,-12364.0,688.0
520,-12154.85661003258,554.104071027838
521,-12113.0,528.0
522,-12044.949665261092,485.82393053218306
523,-11968.0,440.0
524,-11899.213259381168,399.47893106793936
525,-11801.0,342.0
526,-11681.910314461054,273.8802901179348
527,-11608.646745049515,233.61763008884228
528,-11591.0,224.0
529,-11493.0,171.0
530,-11488.399739587054,168.52807379490017
531,-11293.03335737378,64.1373920373593
532,-11177.0,3.0
533,-11161.02726594649,-5.275823167909213
534,-11042.0,-63.0
535,-10992.625285934118,-86.99397592003336
536,-10850.0,-156.0
537,-10760.25909316293,-197.57407926348358
538,-10711.0,-220.0
539,-10599.346595886977,-269.15466990771455
540,-10583.0,-276.0
541,-10361.0,-367.0
542,-10307.6324788923,-388.6585772894421
543,-10263.0,-405.0
544,-10196.090826056858,-430.3541696136914
545,-10101.0,-466.0
546,-10002.826798529744,-501.21803981976666
547,-9975.0,-511.0
548,-9772.340609927782,-580.8126573600965
549,-9705.0,-604.0
550,-9592.356792118393,-643.1398491345075
551,-9531.0,-664.0
552,-9350.0,-725.0
553,-9281.00122222086,-748.175120591222
554,-9220.72460182489,-768.1782385075481
555,-9183.0,-781.0
556,-8963.0,-856.0
557,-8918.556456690476,-870.7305861692134
558,-8848.0,-894.0
559,-8730.977179292142,-933.1963237030347
560,-8532.047368903093,-1000.2657637305805
561,-8518.0,-1005.0
562,-8395.258588968836,-1046.178116361224
563,-8341.0,-1064.0
564,-8311.788206578474,-1073.5718172418817
565,-8177.119747514524,-1117.7862297249576
566,-8103.0,-1143.0
567,-8035.0,-1167.0
568,-8030.8550480806725,-1168.443740432128
569,-7816.0,-1240.0
570,-7810.784632745623,-1241.7274709932317
571,-7675.0,-1287.0
572,-7670.041968787459,-1288.6701247221454
573,-7521.218965361348,-1339.4357636399102
574,-7496.0,-1348.0
575,-7371.0,-1390.0
576,-7298.693965813747,-1414.0937631751356
577,-7254.0,-1429.0
578,-7142.872526472756,-1466.3113796432822
579,-7058.0,-1495.0
580,-6927.922782388106,-1539.0130245623996
581,-6901.0,-1548.0
582,-6743.0,-1600.0
583,-6738.270176858697,-1601.5736881809376
584,-6580.8999274611715,-1654.9188807843705
585,-6491.0,-1685.0
586,-6427.0,-1706.0
587,-6316.583441194525,-1743.064237837702
588,-6111.0,-1813.0
589,-5979.08388437171,-1856.7596854280614
590,-5839.768420010538,-1902.9443338755605
591,-5793.0,-1919.0
592,-5705.277256601187,-1949.9610494438778
593,-5543.292452370534,-2008.455060199883
594,-5401.0,-2042.0
595,-5347.508416275855,-2048.828817800785
596,-5167.0,-2052.0
597,-5163.843869082897,-2051.817039661298
598,-5062.902498218663,-2036.6753607995684
599,-4986.0,-2014.0
600,-4906.570653761892,-1987.887373108101
601,-4772.0,-1940.0
602,-4767.684788492945,-1938.3806855597961
603,-4567.2146656960185,-1857.6146213925733
604,-4540.0,-1846.0
605,-4449.655736860892,-1805.6530344738105
606,-4420.0,-1791.0
607,-4287.64069824195,-1720.0731959122531
608,-4128.0,-1629.0
609,-4041.010018266252,-1573.9760390394426
610,-4014.0,-1556.0
611,-3904.015100402496,-1484.938195885016
612,-3803.0,-1410.0
613,-3705.11112029406,-1331.8131594316806
614,-3579.0,-1228.0
615,-3505.8511411413465,-1164.7945008757154
616,-3462.0,-1122.0
617,-3447.6977228441237,-1108.403264657644
618,-3282.942654878396,-953.5609224795942
619,-3244.0,-917.0
620,-3142.222279391401,-821.0042100068126
621,-3100.0,-781.0
622,-2964.502778002681,-651.3969847194493
623,-2956.0,-643.0
624,-2862.0,-548.0
625,-2822.8443546745875,-508.6635758718018
626,-2756.0,-442.0
627,-2730.4398691114693,-416.4776299589845
628,-2619.0,-305.0
629,-2458.9335615150453,-144.91050219750443
630,-2425.0,-111.0
631,-2341.1953068529724,-28.14638379286523
632,-2326.0,-14.0
633,-2273.0,34.0
634,-2259.949690033366,45.5093631175328
635,-2211.412834554185,86.28565302208379
636,-2170.0,115.0
637,-2081.0,169.0
638,-1987.0,207.0
639,-1966.0,214.0
640,-1914.5475800838242,226.65131897569884
641,-1900.0,229.0
642,-1850.0,235.0
643,-1811.9856397819685,238.05362553198867
644,-1757.0,227.0
645,-1688.0,198.0
646,-1669.880032924876,189.41041618339455
647,-1460.0,36.0
648,-1429.2341435118146,28.174536023731612
649,-1392.0,23.0
650,-1372.9046791292126,22.106227895553012
651,-1298.0,27.0
652,-1291.779928167766,27.950433958241767
653,-1248.5588758007866,38.48374273588929
654,-1241.0,41.0
655,-1193.5508036832389,60.49321085123017
656,-1162.0,79.0
657,-1101.0,124.0
658,-1089.9403281568511,132.9496965539548
659,-1042.9784407647696,177.00367493857803
660,-1037.0,183.0
661,-970.5809743073856,247.85359124776141
662,-966.0,252.0
663,-896.6730463054141,312.09593594117257
664,-892.0,316.0
665,-815.9748379608102,371.957317991504
666,-806.0,378.0
667,-744.0,413.0
668,-709.4831871010831,430.9552052022749
669,-638.5236367179439,454.8810243029758
670,-629.0,457.0
671,-470.9372992303372,483.5637345563998
672,-461.0,485.0
673,-363.1918598533736,492.0995482722139
674,-331.0,491.0
675,-244.0,488.0
676,-226.25218642700423,486.7107223149671
677,-60.0,467.0
678,-41.47025301274353,463.9378152840123
679,178.79337455153706,406.27036025738073
680,186.0,404.0
681,367.2846117734374,340.76373811721675
682,409.0,323.0
683,530.0,266.0
684,532.8092687204785,264.56237739503644
685,638.0,205.0
686,695.2980409295964,169.04594105226238
687,752.0,131.0
688,821.5494186003965,80.56351771871722
689,957.0,-26.0
690,1019.9778353643026,-81.6820050436655
691,1083.0,-147.0
692,1096.0303066395427,-160.3624755280851
693,1256.0,-325.0
694,1268.0059383300663,-337.8499947502299
695,1324.0508209308305,-401.32520559025863
696,1350.0,-432.0
697,1383.673621768445,-472.00122758474345
698,1500.0,-610.0
699,1561.0,-681.0
700,1563.2086424281745,-683.5720228837268
701,1655.0718186359607,-791.0864508030406
1,1866.600462251502,-1038.5767101098772
2,1917.2889231777376,-1098.0520198718887
3,2041.0,-1243.0
4,2050.051247239376,-1253.597993438546
5,2151.489236043368,-1372.4010033135082
6,2152.0,-1373.0
7,2233.0,-1468.0
8,2253.69664518926,-1492.1875323234235
9,2305.0,-1552.0
10,2433.9017276304776,-1702.197911000707
11,2450.0,-1721.0
12,2616.0,-1915.0
13,2668.7661844356335,-1976.5223306691032
14,2746.9690357510076,-2067.035680437941
15,2775.0,-2100.0
16,2880.0,-2224.0
17,2907.500498370448,-2256.257512745493
18,3040.0,-2411.0
19,3052.1380636431713,-2425.167814830506
20,3201.0,-2599.0
21,3220.7080338658784,-2622.011068547544
22,3309.0,-2725.0
23,3352.7168505000054,-2775.836058104579
24,3407.0,-2839.0
25,3439.4318220367977,-2876.8902927481727
26,3530.7302651222726,-2983.984030204176
27,3570.0,-3030.0
28,3694.627190192669,-3175.785476386101
29,3723.0,-3209.0
30,3874.766108239922,-3387.146919594759
31,4304.0,-3894.0
32,4313.700690688749,-3905.370850069715
33,4415.0,-4024.0
34,4428.0595804661525,-4039.3121407264093
35,4556.392650847185,-4189.951949960319
36,4616.0,-4260.0
37,4703.8146193212215,-4363.369862858985
38,4779.684073703114,-4453.04054179628
39,4805.0,-4483.0
40,4883.0,-4575.0
41,4895.990919643818,-4590.1900339889435
42,5074.853407052359,-4798.202080805995
43,5109.0,-4838.0
44,5215.762451876238,-4963.185035712058
45,5305.714270320333,-5070.083434544454
46,5330.0,-5099.0
47,5379.12795259907,-5157.545634426846
48,5464.0,-5258.0
49,5516.900597062851,-5319.989797945893
50,5587.0,-5403.0
51,5694.94961636753,-5535.813189836152
52,5717.0,-5563.0
53,5813.0,-5682.0
54,5843.509164436006,-5722.194342811964
55,5917.953199001711,-5830.515945908558
56,5934.0,-5858.0
57,5993.0,-5987.0
58,6007.877264116081,-6033.245084234046
59,6021.0,-6081.0
60,6045.0,-6211.0
61,6040.873422975173,-6405.8024733647635
62,6027.0,-6541.0
63,6013.364379573732,-6618.323857427415
64,5990.0,-6692.0
65,5983.769255369716,-6713.958162118003
66,5930.0,-6890.0
67,5924.469936876658,-6903.439882787748
68,5798.0,-7119.0
69,5766.235404458241,-7152.69148554376
70,5746.0,-7168.0
71,5699.43895088521,-7202.075212970206
72,5681.0,-7214.0
73,5604.430415310529,-7253.041351344631
74,5567.0,-7268.0
75,5494.0,-7289.0
76,5429.813719808687,-7300.508426385219
77,5401.0,-7304.0
78,5256.0,-7304.0
79,5229.748558140989,-7301.034997894161
80,5176.0,-7292.0
81,5097.0,-7271.0
82,5072.900296892754,-7262.854404701566
83,5021.0,-7239.0
84,4978.513181789811,-7211.9116908217875
85,4844.368910085692,-7107.317390926982
86,4844.0,-7107.0
87,4789.0,-7044.0
88,4784.913214528814,-7038.484830174662
89,4722.702690807112,-6952.988014857599
90,4714.0,-6940.0
91,4624.84074646443,-6798.5926910676935
92,4586.0,-6735.0
93,4572.507868434918,-6712.578828257939
94,4552.0,-6676.0
95,4535.153325125259,-6646.411604018285
96,4471.497983203209,-6535.135019382359
97,4459.0,-6513.0
98,4406.0,-6418.0
99,4400.194256021544,-6407.606710060651
100,4329.0,-6282.0
101,4278.331448018423,-6196.543137385741
102,4278.0,-6196.0
103,4224.0,-6110.0
104,4171.507467584526,-6029.995375587776
105,4097.0,-5929.0
106,4016.412562825541,-5830.508194933827
107,4005.0,-5817.0
108,3926.351708275468,-5728.595501411408
109,3826.0,-5641.0
110,3795.0550794402325,-5617.769029679291
111,3739.0,-5579.0
112,3658.0,-5533.0
113,3585.3712892661197,-5501.222228377362
114,3547.0,-5488.0
115,3357.210295593691,-5447.605649151231
116,3330.0,-5444.0
117,3217.0,-5435.0
118,3177.670311502105,-5433.290398073066
119,3091.0,-5428.0
120,3023.620953807195,-5419.387025163898
121,2888.0,-5394.0
122,2799.226307870103,-5367.468482855545
123,2710.0,-5317.0
124,2693.0781180876675,-5306.145721698399
125,2584.0,-5224.0
126,2529.2732853493844,-5168.867248158158
127,2479.0,-5113.0
128,2444.2876295529177,-5071.558593084272
129,2396.427136901184,-4978.618437952449
130,2386.0,-4949.0
131,2316.207866002143,-4725.6912591342125
132,2316.0,-4725.0
133,2293.8762820491675,-4647.314168055079
134,2286.0,-4619.0
135,2274.3696462570906,-4578.231091527304
136,2255.0,-4511.0
137,2191.6121879009283,-4294.423414916542
138,2168.0,-4224.0
139,2132.9052622698514,-4143.96383076981
140,2093.0,-4084.0
141,2080.563823277039,-4067.023766323167
142,2020.0,-3995.0
143,1896.4654667559223,-3888.9964311652025
144,1848.0,-3852.0
145,1793.5639325985474,-3816.740924251572
146,1753.0,-3799.0
147,1689.51596474042,-3772.7730607690055
148,1631.0,-3751.0
149,1599.3374491099428,-3740.936349462325
150,1510.4431066606433,-3721.9302238819055
151,1479.0,-3718.0
152,1282.0171221330706,-3703.065127469607
153,1248.0,-3701.0
154,1178.1141566407932,-3697.1271337361195
155,1090.0,-3692.0
156,1045.5289574085486,-3688.0151409614136
157,942.5906689366982,-3677.0750068766474
158,942.0,-3677.0
159,804.0,-3647.0
160,774.321698516932,-3635.879152547742
161,608.9780884571867,-3562.2134917297853
162,598.0,-3557.0
163,541.0,-3522.0
164,479.6553837991633,-3474.6382483202083
165,404.1154100337831,-3413.2071953746126
166,396.0,-3406.0
167,344.0,-3354.0
168,221.83986368983673,-3190.6841480724743
169,210.0,-3173.0
170,186.35665159861045,-3131.547888834615
171,175.0,-3102.0
172,149.51148253734945,-3033.9995605160266
173,138.0,-2990.0
174,126.78151681727985,-2913.2985716328676
175,126.0,-2789.0
176,155.97740307777016,-2655.9754334575214
177,182.0,-2583.0
178,204.16059428774304,-2528.09011131098
179,216.0,-2500.0
180,259.0,-2396.0
181,299.6813787450706,-2294.3658926226453
182,350.9657364563454,-2164.6213025022103
183,356.0,-2152.0
184,425.0,-1972.0
185,428.27201464689654,-1961.8951355836161
186,446.0,-1903.0
187,466.0,-1797.0
188,466.6340844026934,-1769.1859353152447
189,430.1501112656088,-1509.6066729599686
190,430.0,-1509.0
191,399.2795045215451,-1426.7901060240952
192,357.0,-1362.0
193,314.0,-1299.0
194,231.90995070198827,-1211.9407067473276
195,114.0,-1110.0
196,29.09193962627657,-1054.8342399670444
197,-34.06184566239193,-1028.2890902263741
198,-57.0,-1018.0
199,-138.48313537334857,-980.4263372981889
200,-189.0,-957.0
201,-237.0,-935.0
202,-273.51499545832735,-918.2858766104428
203,-345.0,-886.0
204,-491.6914459730117,-827.3826811656296
205,-542.0,-811.0
206,-656.262619933483,-778.2446152474744
207,-685.0,-771.0
208,-761.734757096254,-754.3972434064426
209,-834.0,-741.0
210,-908.6052705839862,-727.2453579015439
211,-961.0,-719.0
212,-1017.2554344631079,-711.9645814635345
213,-1141.0,-702.0
214,-1174.165194480837,-700.5165198697644
215,-1452.3027022333813,-702.2332868608063
216,-1468.0,-703.0
217,-1712.3737390988065,-730.0534298907766
218,-1723.0,-732.0
219,-1877.0,-774.0
220,-1963.2074095506396,-806.9292346193208
221,-2204.6574737649184,-908.2330545184047
222,-2234.0,-921.0
223,-2320.434303694641,-960.9500916996453
224,-2418.0,-1022.0
225,-2467.4002317974637,-1053.5449081200688
226,-2604.0,-1145.0
227,-2681.250189336204,-1205.8167317923544
228,-2792.7316403615373,-1316.6013505335359
229,-2825.0,-1351.0
230,-2875.3934154539684,-1406.8803393749756
231,-2978.0,-1542.0
232,-3116.0,-1727.0
233,-3139.226110213661,-1758.2547962154736
234,-3196.0,-1835.0
235,-3209.3764497633865,-1852.622991657556
236,-3286.88199455733,-1954.4231785022407
237,-3307.0,-1981.0
238,-3380.0894248069576,-2077.8102600120774
239,-3381.0,-2079.0
240,-3495.0,-2223.0
241,-3559.4222223802503,-2300.3697581969504
242,-3614.0,-2365.0
243,-3661.087144874921,-2420.60393610598
244,-3720.0,-2492.0
245,-3825.0,-2606.0
246,-3994.0,-2706.0
247,-4083.939883891742,-2734.892607208918
248,-4130.0,-2738.0
249,-4290.6973145321535,-2765.4076981931794
250,-4305.0,-2768.0
251,-4394.360546868535,-2783.8909644944943
252,-4395.0,-2784.0
253,-4538.0,-2807.0
254,-4604.086574319198,-2817.689660526501
255,-4762.203943234522,-2843.1570530231147
256,-4788.0,-2847.0
257,-4888.602738378565,-2860.681767596125
258,-4900.0,-2862.0
259,-4980.181764340339,-2869.319737797789
260,-4991.0,-2870.0
261,-5095.0,-2872.0
262,-5105.675288496037,-2871.752132028154
263,-5199.0,-2867.0
264,-5262.0,-2860.0
265,-5292.720525480372,-2853.325060298269
266,-5424.0,-2813.0
267,-5449.94346027441,-2801.30131027457
268,-5514.308750119258,-2745.2593277510796
269,-5525.0,-2732.0
270,-5556.061362228731,-2690.3907491956265
271,-5590.0,-2634.0
272,-5596.494134289553,-2621.0881471865023
273,-5619.0,-2570.0
274,-5627.014253961652,-2548.305254753282
275,-5649.0,-2471.0
276,-5658.0,-2423.0
277,-5664.060884169845,-2380.4913542667405
278,-5681.868846315265,-2225.3622441880407
279,-5683.0,-2215.0
280,-5697.334822758606,-2103.6449628985324
281,-5699.0,-2095.0
282,-5717.0,-2008.0
283,-5730.0,-1948.0
284,-5744.107615106295,-1887.266626149385
285,-5749.0,-1866.0
286,-5771.131195943744,-1763.4918617718579
287,-5788.0,-1685.0
288,-5801.183030444434,-1625.956573045235
289,-5818.0,-1551.0
290,-5828.039610431944,-1505.1089802960328
291,-5860.47120059876,-1351.4218887770244
292,-5865.0,-1330.0
293,-5895.809457684294,-1185.8866356352323
294,-5896.0,-1185.0
295,-5936.0,-999.0
296,-5946.113361791889,-951.8373857853567
297,-5980.0,-794.0
298,-5997.0,-716.0
299,-6005.091694012632,-676.469986233865
300,-6018.0,-611.0
301,-6025.139724273476,-575.3939196619475
302,-6050.239328996785,-452.31236401601944
303,-6061.0,-398.0
304,-6095.0,-222.0
305,-6098.132191204596,-205.03693845135635
306,-6114.52947854769,-102.20096389223232
307,-6122.0,-57.0
308,-6125.311153952152,-39.696831386024165
309,-6144.726192829955,72.57576109112146
310,-6144.0,177.0
311,-6128.007923206923,377.19318642227313
312,-6126.0,399.0
313,-6118.851445930608,466.23654916639293
314,-6106.0,496.0
315,-6031.11362627838,709.0179284796782
316,-5998.0,799.0
317,-5960.115786290319,891.0277743290405
318,-5910.648307892349,986.8668785375359
319,-5898.0,1012.0
320,-5858.250677646016,1094.748303965776
321,-5811.151679592659,1201.625011600578
322,-5811.0,1202.0
323,-5791.770751752115,1253.7334725009378
324,-5780.718225884988,1293.5481825042157
325,-5775.0,1322.0
326,-5769.830832677382,1367.694840673626
327,-5769.0,1388.0
328,-5770.0,1427.0
329,-5775.40690794264,1455.4827507290556
330,-5786.0,1489.0
331,-5801.783544934241,1523.1674710349541
332,-5812.0,1539.0
333,-5823.870586728084,1554.3416769333105
334,-5841.0,1573.0
335,-5874.036030908584,1600.646628157332
336,-5901.0,1616.0
337,-5912.2415180399175,1620.4224654566358
338,-5921.0,1623.0
339,-5989.9533993984705,1630.5392107406647
340,-6024.0,1631.0
341,-6040.749117833461,1629.3860525267773
342,-6052.0,1626.0
343,-6067.855520822071,1620.3678996207047
344,-6122.0,1596.0
345,-6125.86806147202,1593.6912483287538
346,-6155.0,1573.0
347,-6161.732964484572,1567.445331402226
348,-6182.0,1549.0
349,-6212.0,1517.0
350,-6227.321159444331,1497.1525344777833
351,-6250.896330862786,1461.8662029602074
352,-6254.0,1457.0
353,-6286.267236535289,1402.9216624053342
354,-6292.0,1392.0
355,-6300.0,1376.0
356,-6326.0,1326.0
357,-6353.051573477356,1274.1640262985443
358,-6393.122366835522,1197.3789553181089
359,-6397.0,1190.0
360,-6430.845721224077,1127.6670077484318
361,-6443.0,1106.0
362,-6469.19793353145,1059.2494681009175
363,-6507.0,992.0
364,-6521.394768732803,966.6520456661135
365,-6539.0,937.0
366,-6583.211451482871,865.7975979162029
367,-6638.0,779.0
368,-6653.548106929772,754.4783416348785
369,-6681.869555883396,710.5941856908386
370,-6694.0,692.0
371,-6747.0,611.0
372,-6787.960617485935,549.1428809505175
373,-6808.0,519.0
374,-6860.098929362691,441.06773202273257
375,-6878.0,415.0
376,-6979.947464162842,273.8219732118173
377,-6995.0,254.0
378,-7056.0,178.0
379,-7074.488857081557,157.14583307902222
380,-7194.0,34.0
381,-7202.796885783837,25.452571367963024
382,-7318.0,-74.0
383,-7366.15505856313,-111.060106594336
384,-7455.0,-175.0
385,-7521.669419567166,-217.47817339454488
386,-7613.0,-268.0
387,-7681.5379278502805,-300.12621891632625
388,-7749.0,-325.0
389,-7895.0,-364.0
390,-7921.193570989077,-369.84252660273535
391,-8033.0,-389.0
392,-8076.928047854393,-395.0178115373911
393,-8188.4137587695595,-407.2866568602443
394,-8231.0,-411.0
395,-8486.0,-429.0
396,-8684.357452372113,-430.4275626161781
397,-8804.0,-417.0
398,-8820.435267715695,-415.5462715773077
399,-8984.887447298863,-394.5401951825072
400,-9009.0,-390.0
401,-9204.139694904683,-350.2888983409987
402,-9229.0,-345.0
403,-9385.419059079286,-306.3187742829768
404,-9448.0,-285.0
405,-9502.404942237517,-268.0203738975432
406,-9608.0,-233.0
407,-9825.0,-155.0
408,-9865.93849330807,-139.9784881029734
409,-9945.032314725917,-109.5766699932723
410,-9998.0,-87.0
411,-10094.055699404304,-47.13463660633498
412,-10226.0,11.0
413,-10240.214239560753,17.79156698166335
414,-10378.0,90.0
415,-10445.0,130.0
416,-10458.333952631969,138.3218277674629
417,-10577.0,217.0
418,-10640.822985400126,261.9855786700186
419,-10692.0,300.0
420,-10770.772505604613,362.5324604633022
421,-10884.0,461.0
422,-10894.54534076349,470.84195019968126
423,-10975.497213588755,552.0095219285763
424,-10996.0,574.0
425,-11070.0,657.0
426,-11136.388414407636,736.4948833426092
427,-11215.0,844.0
428,-11237.842527740553,878.1294480629571
429,-11342.0,1044.0
430,-11378.5946893324,1108.2879078292426
431,-11422.114690873406,1203.0805400812185
432,-11433.0,1228.0
433,-11500.005406224882,1382.2037873713602
434,-11534.0,1461.0
435,-11563.441813281126,1529.7424591316928
436,-11608.0,1635.0
437,-11643.8223589837,1720.5433733552877
438,-11688.0,1826.0
439,-11693.936367516711,1840.0752286186043
440,-11745.0,1959.0
441,-11810.67385297314,2101.3127263549304
442,-11811.0,2102.0
443,-11889.0,2258.0
444,-11898.116442924615,2274.819092644542
445,-12055.0,2546.0
446,-12088.799924089672,2595.7936333002895
447,-12125.0,2628.0
448,-12163.085600712551,2662.4191903777246
449,-12273.0,2740.0
450,-12475.786174705981,2814.667871376576
451,-12491.0,2819.0
452,-12580.615951735961,2835.4049125289
453,-12643.0,2835.0
454,-12684.449309664022,2835.639503007611
455,-12756.0,2836.0
456,-12780.308586719982,2835.3493154703783
457,-12867.0,2830.0
458,-12878.688051487388,2828.9387904479786
459,-13025.324019412987,2808.819803874344
460,-13061.0,2802.0
461,-13437.0,2660.0
462,-13474.902417756828,2633.1881596022963
463,-13535.0,2583.0
464,-13542.389399554777,2575.883381844643
465,-13601.70902306505,2503.8831134298334
466,-13612.0,2488.0
467,-13649.889910966462,2418.2111767416113
468,-13658.0,2400.0
469,-13689.0,2309.0
470,-13697.488942977208,2275.4147938462743
471,-13706.0,2197.0
472,-13697.268018460429,2044.1906484848937
473,-13696.0,2031.0
474,-13676.947184047236,1943.7213298741933
475,-13665.0,1913.0
476,-13634.0,1831.0
477,-13626.424695514106,1813.468263643621
478,-13609.0,1778.0
479,-13502.892015483561,1611.5793687719863
480,-13476.0,1573.0
481,-13431.165625049654,1516.9179831147867
482,-13382.0,1469.0
483,-13323.196786532779,1412.110739753398
484,-13227.0,1321.0
485,-13194.024421707078,1291.27325077771
486,-13094.075238429054,1211.1855034574612
487,-13051.0,1179.0
488,-13037.255220942752,1168.706202376748
489,-12919.965055382778,1080.7698181172077
490,-12892.0,1060.0
491,-12790.749283539395,985.5452376143481
492,-12790.0,985.0
493,-12610.0,855.0
494,-12593.22512606644,843.426343097843
495,-12582.0,836.0
496,-12500.86309197755,779.9840274104537
497,-12476.0,763.0
498,-12404.844540212522,715.2104741246218
499,-12293.0,642.0
500,-12199.858141931034,582.5367414557265
501,-12199.0,582.0
502,-12023.970525113333,473.6692619056176
503,-12005.0,462.0
504,-11910.258244041655,404.45008306209866
505,-11844.0,367.0
506,-11831.885955731017,360.0219387888124
507,-11731.0,302.0
508,-11717.863597257417,294.5741427156062
509,-11615.0,238.0
510,-11525.263226416077,189.02338979777053
511,-11472.0,160.0
512,-11392.978473707877,117.05728146580151
513,-11288.0,61.0
514,-11127.96836374109,-20.52847413746285
515,-11101.0,-34.0
516,-11006.0,-81.0
517,-10965.06972315227,-100.938540668464
518,-10869.0,-147.0
519,-10799.741619710812,-179.6404065637632
520,-10758.0,-199.0
521,-10519.0,-304.0
522,-10405.0,-350.0
523,-10308.0,-388.0
524,-10155.0,-446.0
525,-10023.0,-494.0
526,-10005.4223752015,-500.2289576189526
527,-9727.392202115478,-596.6852787755721
528,-9712.0,-602.0
529,-9578.0,-648.0
530,-9538.159211994962,-661.411944314881
531,-9459.0,-688.0
532,-9414.67565858848,-702.9254525231057
533,-9234.0,-764.0
534,-9205.289380966713,-773.7143952606752
535,-9098.0,-810.0
536,-9083.56997440512,-814.8731285845104
537,-8872.0,-886.0
538,-8812.0,-906.0
539,-8755.017852620587,-924.975858500576
540,-8570.74524940735,-986.4163324694342
541,-8569.0,-987.0
542,-8387.0,-1048.0
543,-8300.415514391547,-1077.1245711588822
544,-8188.0,-1115.0
545,-8120.594555252861,-1137.6466800496873
546,-8000.584166674301,-1177.8137663772668
547,-7967.0,-1189.0
548,-7830.51778638744,-1234.4281998113338
549,-7814.0,-1240.0
550,-7718.423289059466,-1272.8682116282075
551,-7677.0,-1287.0
552,-7539.756594738512,-1332.747036008396
553,-7539.0,-1333.0
554,-7370.0,-1390.0
555,-7352.954862608967,-1395.7291704777326
556,-7157.720392388914,-1461.0661679267364
557,-7140.0,-1467.0
558,-7002.624059147053,-1513.1950104982154
559,-6941.0,-1534.0
560,-6837.27597590879,-1569.030170279089
561,-6742.0,-1601.0
562,-6710.692821343683,-1611.4229577791739
563,-6511.0,-1678.0
564,-6465.107198284719,-1693.8246635027292
565,-6450.0,-1699.0
566,-6327.0,-1740.0
567,-6185.147098025656,-1787.263759357399
568,-6004.0,-1848.0
569,-5988.807431458744,-1853.1258468267924
570,-5805.0,-1916.0
571,-5789.264829404489,-1921.3577069579433
572,-5498.0,-2018.0
573,-5455.122009504563,-2030.6510759370012
574,-5322.673171061441,-2052.9703224904647
575,-5322.0,-2053.0
576,-5195.888063610521,-2051.8853829223967
577,-5106.0,-2043.0
578,-5059.0,-2033.0
579,-4933.14082836352,-1995.993325887794
580,-4849.0,-1968.0
581,-4801.6225549252595,-1951.251635965182
582,-4726.0,-1923.0
583,-4651.9648175215825,-1893.8689267700604
584,-4592.0,-1869.0
585,-4534.101023672072,-1843.735123178281
586,-4418.53745965192,-1789.5948328472298
587,-4375.0,-1768.0
588,-4304.93286093166,-1731.8558882442417
589,-4177.0,-1659.0
590,-4139.3387129802695,-1635.806518320705
591,-3950.0,-1513.0
592,-3868.144428223419,-1456.7840348774707
593,-3709.4614083242195,-1337.3608741236433
594,-3709.0,-1337.0
595,-3615.803395864168,-1261.770769478025
596,-3530.0,-1185.0
597,-3518.7879149327628,-1174.6378638734677
598,-3403.0,-1066.0
599,-3333.2163686311974,-1000.5630581803694
600,-3323.0,-991.0
601,-3197.0,-873.0
602,-3174.519896721554,-851.8337034698782
603,-3084.0,-766.0
604,-3041.3081359379476,-725.029112273739
605,-2994.0,-679.0
606,-2784.444358471021,-470.4438891488158
607,-2773.0,-459.0
608,-2716.9254930733214,-402.9049920432654
609,-2663.0,-349.0
610,-2621.4495064310277,-307.5201401967818
611,-2576.0,-262.0
612,-2534.8643329071365,-220.47779251819168
613,-2467.0,-152.0
614,-2361.0,-48.0
615,-2342.527262967287,-29.8897221661676
616,-2290.0,18.0
617,-2281.1410419444246,25.314518367714044
618,-2187.7223687689166,98.94327917662744
619,-2142.0,134.0
620,-2126.2964092825205,145.7306113762963
621,-2103.0,157.0
622,-2079.3392359075306,167.08646926149913
623,-1969.0,213.0
624,-1951.1690701153607,219.10039137901748
625,-1910.667880207786,227.66777154177962
626,-1902.0,229.0
627,-1872.5699226987954,233.24414794658526
628,-1824.0,235.0
629,-1809.89183096534,233.7361870157103
630,-1749.5722247726758,223.09851895131322
631,-1732.0,219.0
632,-1711.8391438691037,213.02846127145745
633,-1687.0,198.0
634,-1663.4151441012143,180.79879046702118
635,-1647.0,168.0
636,-1600.0,127.0
637,-1566.1215272772433,97.91915067765869
638,-1529.0,69.0
639,-1468.041417084331,37.75118022518021
640,-1423.0,27.0
641,-1388.1852785744186,22.581344225827102
642,-1353.2513657789723,21.81147313481052
643,-1314.0,25.0
644,-1293.5451678950642,27.99474473299314
645,-1288.0,29.0
646,-1251.6339183275759,37.948889514217115
647,-1236.0,43.0
648,-1201.3171359530018,56.878366608060695
649,-1172.0,72.0
650,-1125.246974763886,103.80765422221033
651,-1125.0,104.0
652,-1070.0,151.0
653,-1057.9252372208311,161.97346171193374
654,-1042.0,177.0
655,-1014.7956151826077,204.09374086712654
656,-975.0,244.0
657,-935.5805103968762,280.05986924440026
658,-921.0,292.0
659,-814.0,373.0
660,-778.8534055803277,397.8284068162031
661,-699.4534389578768,432.86475314041365
662,-699.0,433.0
663,-504.0,481.0
664,-495.7961843755784,482.6801811568405
665,-402.0,489.0
666,-365.292273668999,488.02780681416044
667,-232.03294632712297,483.10501168163285
668,-140.0,479.0
669,-80.12763065543525,472.18591947986204
670,-50.0,465.0
671,29.376074169232567,445.302334937481
672,178.0,407.0
673,267.7007735786843,380.1077932662346
674,329.0,355.0
675,455.0,302.0
676,496.5074041197985,281.5891295999527
677,636.0718856965999,205.31167685923964
678,647.0,199.0
679,747.0,135.0
680,757.2086919672579,127.90054356414753
681,878.0,40.0
682,900.3368013331819,22.257735200020868
683,1030.0,-95.0
684,1040.735434975263,-105.42191093953852
685,1128.0,-192.0
686,1179.1644788493923,-243.57061118651106
687,1197.0,-262.0
688,1302.0,-376.0
689,1344.5974168069336,-426.2140166956274
690,1362.0,-447.0
691,1468.283331809158,-572.7934767138553
692,1517.0,-630.0
693,1625.7118505970013,-757.0168428679473
694,1636.0,-769.0
695,1695.6587951401389,-838.3318601975266
2,1870.5121897835957,-1043.4125843108238
3,1907.0,-1086.0
4,2083.7827988479035,-1293.7604950546663
5,2101.0,-1314.0
6,2195.6027988109945,-1425.0682948855601
7,2478.0,-1754.0
8,2562.295810948737,-1852.6247626944132
9,2638.0,-1941.0
10,2684.212080191608,-1994.6345095292231
11,2767.0,-2091.0
12,2951.0,-2307.0
13,2989.1323015901,-2351.7848291900436
14,3050.0037602032703,-2423.079355265387
15,3115.0,-2499.0
16,3272.980870601855,-2683.6306396158398
17,3281.0,-2693.0
18,3515.0,-2966.0
19,3683.0,-3162.0
20,3773.0,-3268.0
21,3863.0,-3374.0
22,4139.0,-3700.0
23,4275.0,-3860.0
24,4446.0,-4061.0
25,4480.0,-4102.0
26,4768.0,-4439.0
27,4894.0,-4588.0
28,5034.0,-4751.0
29,5080.0,-4805.0
30,5334.0,-5105.0
31,5426.0,-5214.0
32,5632.0,-5457.0
33,5797.0,-5662.0
34,5973.0,-5938.0
35,6037.0,-6161.0
36,6045.0,-6221.0
37,6049.854324098454,-6326.315827764458
38,6034.0,-6501.0
39,6029.565276598391,-6525.449111789231
40,6004.0,-6632.0
41,5979.0,-6727.0
42,5963.6608703349275,-6779.175809493677
43,5926.0,-6901.0
44,5907.402589896916,-6957.251702620957
45,5870.999648481188,-7029.871164730348
46,5841.0,-7066.0
47,5797.6626813286475,-7117.789123497339
48,5790.0,-7126.0
49,5699.0,-7202.0
50,5641.0,-7236.0
51,5623.0457952620145,-7244.312157624137
52,5489.0,-7290.0
53,5471.223975703485,-7294.547167344258
54,5406.713262011932,-7305.980602921834
55,5335.446519653468,-7307.443913402043
56,5318.0,-7307.0
57,5248.761129385431,-7303.017866804589
58,5238.0,-7302.0
59,5158.07036356007,-7289.522686449209
60,5123.0,-7279.0
61,5014.450850792227,-7234.65392475795
62,5013.0,-7234.0
63,4940.0,-7190.0
64,4915.813920210892,-7170.027992104355
65,4829.0,-7090.0
66,4809.097038872655,-7067.85609980799
67,4782.0,-7035.0
68,4738.0805952056035,-6976.007917445808
69,4684.0,-6893.0
70,4589.31144906787,-6739.122505421372
71,4579.0,-6722.0
72,4525.937358138381,-6632.124785015658
73,4481.022928685573,-6552.268020007132
74,4451.0,-6498.0
75,4447.783289298036,-6492.157910824266
76,4404.0,-6413.0
77,4389.207107409078,-6386.91607328369
78,4318.0,-6263.0
79,4301.798729597735,-6235.209945103157
80,4273.0,-6187.0
81,4183.281209637971,-6048.915330192048
82,4175.0,-6037.0
83,4129.0,-5973.0
84,4090.512952905959,-5921.113647028929
85,4057.0,-5878.0
86,3913.0,-5718.0
87,3894.8105201824155,-5700.51663220494
88,3812.0,-5630.0
89,3761.3490749520183,-5593.606026445196
90,3747.0,-5584.0
91,3595.3482151286416,-5505.7372366068375
92,3583.0,-5501.0
93,3505.5734953534225,-5476.220087935446
94,3481.0,-5470.0
95,3328.791059023784,-5444.321605013685
96,3287.0,-5440.0
97,3192.424839138102,-5433.47297010748
98,3164.0,-5432.0
99,3124.0,-5430.0
100,3085.8223060071086,-5427.287027927305
101,2933.0,-5405.0
102,2910.3883207649055,-5399.617150259332
103,2796.0,-5361.0
104,2753.613160032174,-5340.567942590401
105,2711.0,-5317.0
106,2655.0120616341937,-5281.5675716035275
107,2623.0,-5256.0
108,2471.981236621669,-5095.911681564742
109,2446.0,-5065.0
110,2413.2413901734294,-5014.20814272224
111,2403.0,-4985.0
112,2332.54930218299,-4777.725082751287
113,2332.0,-4776.0
114,2297.0,-4654.0
115,2287.359933170535,-4619.900036639673
116,2255.0,-4508.0
117,2250.944695052883,-4494.0261903474475
118,2186.0,-4272.0
119,2167.822885979154,-4214.82260259045
120,2150.0,-4182.0
121,2142.6118047799837,-4168.954145054323
122,2083.005967422728,-4071.416196484466
123,2082.0,-4070.0
124,1967.0,-3945.0
125,1959.2893774925833,-3938.147609484161
126,1880.0,-3874.0
127,1821.9977350154027,-3835.0513823345154
128,1745.0,-3795.0
129,1655.2257528987889,-3761.2922328132854
130,1542.0,-3729.0
131,1533.888363357637,-3727.0438893669434
132,1463.4609965334084,-3715.8921550932805
133,1429.0,-3713.0
134,1338.03060914481,-3706.237174665049
135,1287.0,-3703.0
136,1215.9729734632601,-3699.364966853502
137,1098.2518266899083,-3693.0822556355597
138,1085.0,-3692.0
139,1024.0,-3686.0
140,975.9920048389213,-3680.0689384513444
141,834.0,-3655.0
142,794.2810808634017,-3644.6860448321213
143,735.0,-3623.0
144,619.440722135932,-3568.299297807099
145,603.0,-3560.0
146,503.1101831215149,-3499.7642688449714
147,459.0,-3461.0
148,387.0,-3397.0
149,364.88193594306404,-3375.698921729605
150,309.39040474400804,-3315.8809488804445
151,302.0,-3307.0
152,232.0,-3210.0
153,193.6541236065154,-3140.5050397975697
154,174.0,-3097.0
155,151.0,-3033.0
156,130.99181093527238,-2952.0379147124004
157,128.0,-2928.0
158,126.0,-2798.0
159,129.54237678571445,-2756.082074709553
160,167.4638310474076,-2623.779507162483
161,175.0,-2604.0
162,212.0,-2511.0
163,215.82882638712846,-2501.560580166571
164,250.0,-2418.0
165,253.93698717673055,-2408.402733385248
166,303.3110698974441,-2287.706103587825
167,304.0,-2286.0
168,337.9276906870117,-2200.8388921469477
169,343.0,-2188.0
170,375.0394183432532,-2106.638016781069
171,412.0,-2009.0
172,419.2943335999893,-1988.4801539707819
173,454.0,-1870.0
174,466.35689875468336,-1788.1977276590171
175,470.0,-1738.0
176,469.5306519912678,-1671.5360135012752
177,461.0,-1619.0
178,444.57679110545985,-1561.8347914495987
179,365.0,-1374.0
180,345.53817916851824,-1337.765187796533
181,292.0,-1271.0
182,271.27401424634405,-1248.420966705789
183,178.49735533397114,-1157.2420562641216
184,177.0,-1156.0
185,51.452287604505955,-1072.8858769314377
186,39.0,-1066.0
187,-89.81176255314365,-1002.2579299799987
188,-114.0,-991.0
189,-230.3011900355301,-938.3120967469544
190,-231.0,-938.0
191,-359.63911061529984,-880.9212587165061
192,-419.0,-855.0
193,-537.5754126598796,-809.5511648208629
194,-589.0,-796.0
195,-693.7042988771971,-770.8926463780263
196,-769.0,-754.0
197,-831.775832043197,-740.9048544663804
198,-1020.5608567405526,-712.3832044275449
199,-1055.0,-709.0
200,-1156.176920815499,-701.6807249961164
201,-1276.0,-698.0
202,-1347.7147667515273,-698.3480730681484
203,-1375.0,-699.0
204,-1486.241681411913,-704.0798608972584
205,-1516.0,-706.0
206,-1681.3771745665676,-723.7034344893214
207,-1713.0,-730.0
208,-1807.3639167376557,-754.0170402623115
209,-1853.0,-767.0
210,-1953.9221464443308,-799.4341192718313
211,-2007.0,-821.0
212,-2224.0,-917.0
213,-2258.8760850460403,-933.0704263404251
214,-2373.6275595432753,-994.7934562640017
215,-2408.0,-1016.0
216,-2472.6560850030414,-1055.167369621946
217,-2523.0,-1087.0
218,-2637.900931069513,-1170.2173530279515
219,-2679.0,-1206.0
220,-2779.1368629114772,-1303.5017768369482
221,-2820.0,-1346.0
222,-2909.244754283277,-1450.774967211037
223,-2947.0,-1501.0
224,-2970.738902047715,-1533.0025502748895
225,-3066.491153022966,-1662.9677825822005
226,-3068.0,-1665.0
227,-3149.048743921624,-1773.3038073934877
228,-3201.0,-1842.0
229,-3280.8653379615203,-1946.4162522875035
230,-3344.0,-2029.0
231,-3371.00214208914,-2064.59397412038
232,-3460.0,-2180.0
233,-3488.452211070857,-2214.7263469679883
234,-3540.0,-2276.0
235,-3607.1546553812227,-2356.0754035013215
236,-3618.0,-2369.0
237,-3763.2907843329076,-2540.6602865076256
238,-3781.0,-2561.0
239,-3862.792188482792,-2638.2365910198605
240,-3864.0,-2639.0
241,-3990.6486421394525,-2700.023594106313
242,-4045.0,-2720.0
243,-4223.031683167326,-2760.4125734579648
244,-4349.9901125665,-2775.86270533766
245,-4351.0,-2776.0
246,-4493.899896063664,-2799.817204905825
247,-4495.0,-2800.0
248,-4630.987530660638,-2821.8025313462927
249,-4689.0,-2831.0
250,-4740.312414510872,-2839.1627052759413
251,-4804.0,-2849.0
252,-4853.0,-2856.0
253,-4907.652561462929,-2863.066472153433
254,-4997.700935142673,-2869.9597708304063
255,-4999.0,-2870.0
256,-5194.0,-2867.0
257,-5211.973885720463,-2866.1646179549675
258,-5291.0,-2855.0
259,-5327.538521638899,-2846.51151434216
260,-5378.0,-2832.0
261,-5392.51753852847,-2826.566569395367
262,-5461.0,-2790.0
263,-5472.652763676942,-2781.53336154291
264,-5636.529298597472,-2509.496330909762
265,-5654.0,-2445.0
266,-5662.506320025712,-2397.914468447301
267,-5665.0,-2379.0
268,-5676.0,-2275.0
269,-5686.995132767461,-2179.109099683726
270,-5702.792205534262,-2072.1391011520786
271,-5703.0,-2071.0
272,-5725.0,-1972.0
273,-5737.837445097075,-1914.87616307346
274,-5755.0,-1837.0
275,-5776.189009107192,-1739.9656945546908
276,-5781.0,-1718.0
277,-5804.42994498597,-1611.4092416259691
278,-5808.0,-1595.0
279,-5850.966893267773,-1395.675706371064
280,-5861.0,-1349.0
281,-5877.360151600795,-1272.877994104095
282,-5887.0,-1228.0
283,-5911.0,-1116.0
284,-5913.210889428628,-1105.599008694932
285,-5935.0,-1003.0
286,-5950.239131995072,-932.5090771562384
287,-5993.684744834396,-732.4700105044598
288,-5994.0,-731.0
289,-6019.088411619823,-607.583865045739
290,-6021.0,-598.0
291,-6042.254615663867,-492.76968513896907
292,-6059.0,-408.0
293,-6098.0,-201.0
294,-6101.109008112874,-183.1106400053223
295,-6131.509873744275,23.341532086882346
296,-6143.0,137.0
297,-6145.59365117167,182.0904992415668
298,-6139.0,293.0
299,-6130.7241802528615,360.02512222049165
300,-6119.0,435.0
301,-6097.913522061519,527.2290551513419
302,-6083.0,575.0
303,-5999.460917698035,790.5699340797051
304,-5977.0,844.0
305,-5938.0092928671,931.5237531691291
306,-5907.8802983858695,991.4761243238244
307,-5898.0,1011.0
308,-5870.006989894246,1066.8619924830764
309,-5850.0,1111.0
310,-5840.643111330344,1132.8091014247993
311,-5797.381737120894,1240.6519613570917
312,-5792.0,1256.0
313,-5776.0,1319.0
314,-5769.173107636193,1350.4903103595393
315,-5770.0,1423.0
316,-5790.0,1499.0
317,-5791.595664684053,1504.531859038011
318,-5814.0,1542.0
319,-5829.998807109843,1556.9707919799116
320,-5882.0,1605.0
321,-5904.056919800509,1618.7131217366796
322,-5917.0,1622.0
323,-5953.377970605071,1630.8818927083912
324,-5954.0,1631.0
325,-6029.0,1630.0
326,-6033.426386520205,1629.1702896852396
327,-6044.0,1627.0
328,-6072.951207078167,1618.779317254619
329,-6083.0,1615.0
330,-6122.085689883975,1595.387857495487
331,-6127.0,1592.0
332,-6192.0,1538.0
333,-6198.544293716264,1532.164592964617
334,-6233.0,1489.0
335,-6240.485730881433,1477.301049649496
336,-6278.612068074881,1416.232066615434
337,-6283.0,1409.0
338,-6302.940920000119,1374.5760177217494
339,-6326.0,1327.0
340,-6328.170813779942,1322.801190223038
341,-6364.671714539139,1252.8171660182536
342,-6368.0,1246.0
343,-6380.0,1221.0
344,-6405.025689809018,1174.557444624276
345,-6417.0,1153.0
346,-6474.497287567468,1049.1167345982258
347,-6482.0,1036.0
348,-6556.0,909.0
349,-6569.516046107703,886.2333085040927
350,-6618.202170600756,807.3703594245629
351,-6651.122751261935,758.4391933051372
352,-6664.0,739.0
353,-6728.731428933983,640.1072654881889
354,-6764.0,586.0
355,-6825.374500062762,492.2861783187257
356,-6839.0,472.0
357,-6892.0,395.0
358,-6929.323925150571,341.3684771377106
359,-6969.0,288.0
360,-7083.615058837354,148.08782861254295
361,-7094.0,136.0
362,-7190.784889863298,37.10454760251503
363,-7192.0,36.0
364,-7269.0,-32.0
365,-7307.53263365296,-64.19320302529826
366,-7403.0,-138.0
367,-7476.916100958742,-188.9957054121786
368,-7559.0,-239.0
369,-7568.403693363317,-244.25495228128653
370,-7680.0,-299.0
371,-7716.929953293954,-313.4293895429813
372,-7810.0,-343.0
373,-7905.0,-366.0
374,-7930.437598137729,-371.1110692736566
375,-8128.446668581313,-399.5127336479287
376,-8159.0,-403.0
377,-8287.0,-416.0
378,-8357.146279906625,-422.09231339322804
379,-8419.0,-426.0
380,-8543.79100293625,-428.9839464637646
381,-8546.0,-429.0
382,-8641.0,-428.0
383,-8683.171882317554,-425.9599762204176
384,-8833.030197641245,-412.9566602944277
385,-8862.0,-410.0
386,-8989.563943715999,-394.29217627799187
387,-9069.0,-379.0
388,-9227.194164709881,-343.6929259365767
389,-9306.0,-325.0
390,-9554.089165106016,-251.31062825741589
391,-9555.0,-251.0
392,-9676.031082153395,-210.13574280348274
393,-9790.0,-168.0
394,-9807.809098888943,-161.1762752773459
395,-10024.0,-76.0
396,-10053.20265117419,-64.16391384369564
397,-10158.555745547488,-18.61444247873868
398,-10169.0,-14.0
399,-10367.0,84.0
400,-10430.5911069547,123.0616065330588
401,-10615.0,244.0
402,-10645.469487826358,264.47120432918393
403,-10712.05864075342,311.5920520536201
404,-10768.0,360.0
405,-10848.219831186698,429.63211550914554
406,-10899.0,476.0
407,-10943.633139211372,519.564291473252
408,-11011.0,591.0
409,-11116.0,713.0
410,-11145.555228603442,749.7918666995778
411,-11275.0,934.0
412,-11331.711464085458,1028.1314764907786
413,-11357.0,1073.0
414,-11380.0,1116.0
415,-11412.093630006224,1181.768767048678
416,-11507.297175756292,1398.5500104135526
417,-11526.0,1442.0
418,-11612.3738067138,1644.745069014494
419,-11660.0,1758.0
420,-11669.872649661103,1781.5876063228459
421,-11745.706061537461,1961.6789987474306
422,-11767.0,2009.0
423,-11788.787497795201,2055.932912682303
424,-11859.0,2199.0
425,-11865.22772554452,2211.1334692460146
426,-11965.977893144935,2400.7388043408987
427,-11973.0,2414.0
428,-12030.0,2510.0
429,-12097.92846429254,2590.0559313750655
430,-12173.0,2670.0
431,-12225.75008639638,2720.7300290724343
432,-12277.0,2741.0
433,-12295.813880696613,2748.429520950125
434,-12500.460636031705,2819.6622784911115
435,-12502.0,2820.0
436,-12621.68414069475,2834.6315352529837
437,-12726.0,2836.0
438,-12807.860964639116,2834.5360842685177
439,-12879.69940807217,2828.118776804521
440,-12890.0,2827.0
441,-13014.300310238437,2810.5028320387364
442,-13028.0,2808.0
443,-13163.0,2776.0
444,-13182.290057184835,2770.537798671612
445,-13246.0,2750.0
446,-13254.288479156454,2747.054223631051
447,-13335.0,2714.0
448,-13471.962643395114,2634.75379442687
449,-13482.0,2628.0
450,-13528.187138918629,2592.287735493818
451,-13569.0,2546.0
452,-13587.002601279826,2523.794105850484
453,-13639.0,2439.0
454,-13671.402813310586,2353.6023392555053
455,-13694.0,2284.0
456,-13705.991602675444,2241.14773555786
457,-13707.049844326646,2191.2245582647342
458,-13707.0,2176.0
459,-13707.0,2130.0
460,-13706.740396537925,2122.000608351274
461,-13692.532186729686,2012.3379243642414
462,-13684.0,1976.0
463,-13652.0,1878.0
464,-13649.030508848826,1870.434342424251
465,-13606.0,1773.0
466,-13569.0,1705.0
467,-13564.903219247117,1698.2932679659582
468,-13520.0,1630.0
469,-13509.844232346735,1615.4604740635687
470,-13205.969560572634,1302.6137676859598
471,-13204.0,1301.0
472,-13059.09199989927,1185.8011705720712
473,-12986.0,1129.0
474,-12945.937772472713,1098.3689960215004
475,-12896.0,1062.0
476,-12859.42208243203,1035.2553802393954
477,-12803.0,994.0
478,-12730.644551541713,941.3325745013278
479,-12708.0,925.0
480,-12557.601405357096,818.7549184664175
481,-12545.0,810.0
482,-12463.064539397688,753.5613200883903
483,-12410.0,718.0
484,-12265.481900456294,624.9070287111042
485,-12234.0,605.0
486,-12044.841246079915,487.09581495585616
487,-11917.96835089919,409.5831102585034
488,-11917.0,409.0
489,-11809.536050776147,347.02507003317504
490,-11790.0,336.0
491,-11720.267964497361,296.53757918973633
492,-11609.0,234.0
493,-11559.695123874732,206.82103402064894
494,-11477.0,162.0
495,-11304.538410559293,69.8165191377275
496,-11303.0,69.0
497,-11130.234765661271,-20.28338522615069
498,-11072.0,-49.0
499,-11003.363773139852,-82.57421066910192
500,-10891.0,-137.0
501,-10789.601724979704,-184.64740404661683
502,-10706.315846277701,-222.04461018281475
503,-10693.0,-228.0
504,-10563.0,-285.0
505,-10489.2433274106,-315.41092025262816
506,-10247.0,-411.0
507,-10180.55405368689,-436.6691827954452
508,-10098.0,-467.0
509,-10088.40013951463,-470.4844268222018
510,-9905.139507446775,-535.9064026101478
511,-9902.0,-537.0
512,-9596.0,-642.0
513,-9581.198799685342,-647.0775338729125
514,-9427.0,-700.0
515,-9407.131170335395,-706.5957280542482
516,-9288.0,-746.0
517,-9028.275497589688,-833.4849333546206
518,-9009.0,-840.0
519,-8910.808670171915,-873.245358064539
520,-8790.0,-914.0
521,-8664.346312206744,-956.2704893058735
522,-8555.0,-993.0
523,-8403.280730147984,-1043.7407261341687
524,-8289.228901037168,-1081.5812111662526
525,-8255.0,-1093.0
526,-8202.64166404768,-1110.5394211161204
527,-8035.444806188106,-1166.521049384649
528,-8034.0,-1167.0
529,-7859.0,-1225.0
530,-7844.825027989631,-1229.7709316879555
531,-7750.0,-1262.0
532,-7511.0,-1343.0
533,-7484.181572237811,-1351.9001626745276
534,-7399.0,-1380.0
535,-7326.893156526346,-1404.1506959757285
536,-7103.532822509846,-1479.6750385655996
537,-7064.0,-1493.0
538,-6844.796979137953,-1566.1702898320689
539,-6807.0,-1579.0
540,-6663.0,-1628.0
541,-6422.0,-1708.0
542,-6403.273040218558,-1714.222920970449
543,-6311.944636795557,-1744.9098271097455
544,-6245.254647962233,-1767.5779781840201
545,-6244.0,-1768.0
546,-6083.0,-1822.0
547,-6022.225783779395,-1842.5626924219275
548,-5938.0,-1871.0
549,-5788.1943384695705,-1920.8229570287688
550,-5568.0,-1994.0
551,-5447.630840077341,-2034.1427555607677
552,-5390.0,-2044.0
553,-5277.248335441987,-2054.7343987495774
554,-5208.0,-2056.0
555,-5074.0,-2037.0
556,-4976.730534016645,-2008.6899051098146
557,-4780.0,-1943.0
558,-4643.655147061576,-1897.388717458363
559,-4531.0,-1842.0
560,-4270.880182431505,-1711.614161740175
561,-4248.0,-1700.0
562,-4176.2694066614695,-1662.447484563522
563,-4134.0,-1633.0
564,-4066.7197793317764,-1589.6101833139016
565,-3981.0,-1534.0
566,-3791.0,-1401.0
567,-3727.2016845223834,-1352.2826137984048
568,-3673.0,-1309.0
569,-3623.743280800546,-1267.8760591552136
570,-3572.0,-1223.0
571,-3449.0,-1111.0
572,-3428.266875327206,-1091.660787608928
573,-3281.591862816874,-952.4637106233922
574,-3279.0,-950.0
575,-3062.0,-744.0
576,-3024.9236734222914,-708.9012047994346
577,-2978.894548802431,-665.5323179303803
578,-2942.0,-629.0
579,-2925.69824637676,-612.6073658005417
580,-2757.1868860426407,-442.1510149985223
581,-2744.0,-429.0
582,-2654.0,-340.0
583,-2623.5035635653535,-309.53511639361443
584,-2602.0,-288.0
585,-2488.0,-174.0
586,-2471.567614031804,-157.40656729550784
587,-2361.750338021457,-47.702193268814014
588,-2361.0,-47.0
589,-2302.7230105810495,5.361748378997549
590,-2302.0,6.0
591,-2246.1128581183425,55.069690606968976
592,-2199.0,94.0
593,-2140.7791042982108,134.53564056187813
594,-2140.0,135.0
595,-2048.481528931559,182.5649397749687
596,-2024.0,194.0
597,-1960.310742462983,215.71660722310648
598,-1955.0,217.0
599,-1895.0,230.0
600,-1877.3416503306905,232.40640910832045
601,-1831.049639939079,234.98231772087323
602,-1825.0,235.0
603,-1782.0,232.0
604,-1753.3023868480473,225.30490567191032
605,-1736.0,220.0
606,-1693.0,201.0
607,-1672.448336596205,187.8095414580282
608,-1627.0,151.0
609,-1597.0,123.0
610,-1582.6690151708838,110.83111570341978
611,-1526.0,67.0
612,-1489.7831817589288,45.393270289785825
613,-1469.0,39.0
614,-1407.6471974715275,25.672377985969074
615,-1396.0,24.0
616,-1374.0,22.0
617,-1274.3764358420442,32.477287581881015
618,-1254.0,37.0
619,-1202.3861697543357,56.05199554727091
620,-1170.0,74.0
621,-1159.072305750888,79.86946067599465
622,-1131.0089069862754,96.56868726185047
623,-1096.0,127.0
624,-1064.7848520233158,156.4567378426997
625,-1032.0,188.0
626,-992.407575352456,225.89335600361778
627,-970.3081458506443,246.874797670565
628,-966.0,251.0
629,-936.0,279.0
630,-867.6377014494344,332.80874148815576
631,-771.0,398.0
632,-722.6848201655939,424.578948803011
633,-642.9240335531503,452.7439020790474
634,-634.0,455.0
635,-467.1395267054195,483.5379745285047
636,-421.0,488.0
637,-326.0,490.0
638,-255.3155629217578,488.2324609395298
639,-219.0,486.0
640,-23.0,460.0
641,-1.051936703791469,455.5794830474027
642,78.0,436.0
643,170.43172242993023,408.4245952767154
644,273.0,374.0
645,423.03902032637535,315.6360967157834
646,515.0,273.0
647,551.0986688055638,254.36771779811792
648,731.7848804939749,143.48936397128634
649,793.0,103.0
650,848.4034098996793,65.87471323304638
651,905.1381345791549,19.72846060140884
652,958.0,-29.0
653,1093.1566298981882,-158.65454009153478
654,1109.0,-174.0
655,1176.5996162568297,-240.91066706559124
656,1198.0,-264.0
657,1347.1103556052128,-429.41829407502223
658,1358.0,-442.0
659,1438.0,-537.0
660,1492.5306199750694,-601.4781085146888
661,1534.0,-650.0
662,1655.7579751151345,-791.5249432749858
1,1838.2946388091118,-1006.0229736242542
2,1919.0,-1101.0
3,1966.4216349302617,-1156.4363851079456
4,2032.0,-1233.0
5,2092.29234386642,-1303.4449480705118
6,2256.776052625312,-1495.5960440760723
7,2282.0,-1525.0
8,2374.1385500155675,-1632.0621266935814
9,2467.037310161668,-1739.993522653147
10,2473.0,-1747.0
11,2571.042340419881,-1863.3091496349334
12,2611.0,-1910.0
13,2658.504638837875,-1964.7088130801244
14,2741.0,-2060.0
15,2794.529171217823,-2122.5915466255083
16,2914.0,-2263.0
17,2953.6215923007276,-2309.639734067606
18,3056.0,-2430.0
19,3057.7869582716667,-2432.08103005913
20,3169.399203051773,-2561.97390508638
21,3189.0,-2585.0
22,3244.0,-2650.0
23,3316.1995939186736,-2734.640375882903
24,3478.0,-2923.0
25,3513.172503847492,-2963.935959270417
26,3635.0,-3106.0
27,3656.2493022472067,-3130.8523178443484
28,3746.6598622789365,-3236.762517621774
29,3769.0,-3263.0
30,3903.994590446825,-3421.962075720989
31,3938.0,-3462.0
32,4031.190143313881,-3571.5032676110304
33,4107.0,-3661.0
34,4109.104461536761,-3663.4961833014204
35,4208.0,-3781.0
36,4292.2524459820615,-3880.2150405107477
37,4356.0,-3955.0
38,4397.325406808883,-4003.5081873715426
39,4492.0,-4115.0
40,4620.506374754251,-4266.827389950228
41,4674.0,-4330.0
42,4763.207586783363,-4435.043324482502
43,4822.78083485897,-4504.01670315712
44,4846.0,-4531.0
45,4950.718101202025,-4653.082038759593
46,4972.0,-4678.0
47,5018.0,-4732.0
48,5043.425003662183,-4761.866489842338
49,5179.0,-4921.0
50,5268.438851743458,-5025.772320199309
51,5294.0,-5056.0
52,5406.637027680132,-5190.105795564781
53,5488.0,-5287.0
54,5557.968857907207,-5369.408837100955
55,5597.8772907093235,-5416.263568506304
56,5636.0,-5463.0
57,5794.773737045929,-5660.480791615424
58,5832.0,-5707.0
59,5912.311859922524,-5813.507739011926
60,5933.0,-5857.0
61,6010.131214815547,-6084.882070726921
62,6046.0,-6221.0
63,6058.000407800672,-6322.742596956626
64,6050.0,-6391.0
65,6007.357428567939,-6616.305131026721
66,5998.0,-6660.0
67,5979.450554178742,-6737.5734072402975
68,5955.0,-6816.0
69,5931.248038635289,-6888.057336937691
70,5924.0,-6908.0
71,5870.0,-7022.0
72,5868.716173672462,-7024.136164370706
73,5784.214649383498,-7132.876259930936
74,5779.0,-7138.0
75,5725.162167757001,-7183.558588124496
76,5696.0,-7204.0
77,5630.0,-7241.0
78,5628.133657724291,-7241.867659474692
79,5520.440363457879,-7281.620877286718
80,5500.0,-7287.0
81,5429.509933829406,-7300.12600703851
82,5292.0,-7307.0
83,5290.5167742802405,-7306.994619367623
84,5244.1022121572505,-7304.697723026233
85,5192.0,-7295.0
86,5145.632251640262,-7284.524759543358
87,5120.0,-7278.0
88,5076.122025985649,-7264.931487718915
89,4980.0,-7216.0
90,4966.283468902834,-7206.463087680166
91,4860.0,-7123.0
92,4792.682188234012,-7056.031315940434
93,4750.0,-6992.0
94,4691.043670206304,-6903.590748626058
95,4656.0,-6850.0
96,4622.847462098307,-6797.69807597796
97,4570.043815878333,-6709.45298738149
98,4556.0,-6685.0
99,4499.0,-6583.0
100,4427.63392486485,-6456.077809378251
101,4404.0,-6414.0
102,4363.279585556386,-6340.715332267314
103,4349.0,-6316.0
104,4298.112568091072,-6229.843933555732
105,4265.0,-6175.0
106,4244.223772792795,-6141.272108786819
107,4180.0,-6044.0
108,4070.822277969222,-5895.776966402575
109,4036.0,-5852.0
110,3896.1952321321155,-5702.499973591053
111,3847.0,-5658.0
112,3790.8849800511025,-5612.918431532806
113,3737.8804444599964,-5578.4148024135075
114,3714.0,-5564.0
115,3594.0,-5505.0
116,3487.0743785645454,-5475.697216469982
117,3338.0,-5445.0
118,3257.8463304188754,-5431.750448497596
119,3149.8728760111644,-5430.02889745184
120,3086.0,-5427.0
121,3059.0,-5425.0
122,2961.800045188722,-5415.363251348226
123,2866.1737001546344,-5388.938591370434
124,2840.0,-5378.0
125,2658.0,-5283.0
126,2606.3541768447058,-5250.480282848181
127,2564.126957040419,-5208.148613094707
128,2539.0,-5182.0
129,2514.0,-5156.0
130,2486.848128768533,-5122.510436618086
131,2421.2661410262576,-5016.033990269388
132,2385.0,-4945.0
133,2354.9773827023882,-4867.962440620102
134,2332.0,-4781.0
135,2311.741252782338,-4708.598467598737
136,2292.0,-4639.0
137,2279.0933804031583,-4593.383212826968
138,2245.0,-4474.0
139,2233.937705727163,-4435.841174519131
140,2203.0,-4330.0
141,2175.8641772751,-4240.352187607146
142,2150.6708459938586,-4182.064695259057
143,2147.0,-4175.0
144,2093.0,-4085.0
145,2047.3242128762922,-4026.371960503622
146,1966.0,-3944.0
147,1964.2755631229409,-3942.4311625476157
148,1895.0,-3885.0
149,1778.0018132900236,-3812.1441162324963
150,1770.0,-3808.0
151,1688.0,-3771.0
152,1603.0,-3744.0
153,1568.1882691152427,-3735.2841071970624
154,1481.0,-3719.0
155,1455.6459681602294,-3715.886862191872
156,1388.0,-3710.0
157,1339.6170518360145,-3706.4974398513605
158,1283.0,-3703.0
159,1243.088331932071,-3700.8688967811163
160,1129.0,-3695.0
161,1090.330899861339,-3692.427815106388
162,995.3552716906041,-3683.7492530948125
163,974.0,-3681.0
164,877.1882266025303,-3664.831145019267
165,858.0,-3661.0
166,757.0,-3632.0
167,754.4214336306757,-3630.946118220551
168,593.8872842304268,-3552.9305108735143
169,554.0,-3531.0
170,445.49847921432985,-3454.3667153657934
171,399.0,-3408.0
172,323.34321118281764,-3329.0128187953246
173,252.0,-3241.0
174,250.38885271725485,-3238.667824193794
175,163.06194456132533,-3068.512173960935
176,152.0,-3039.0
177,131.75828469088202,-2959.468125498896
178,128.0,-2929.0
179,123.29480840200236,-2866.8787112580217
180,123.0,-2848.0
181,140.0,-2713.0
182,149.08412899716495,-2679.387907526129
183,169.0,-2619.0
184,177.02041022176365,-2596.863272892998
185,217.15829578218015,-2498.1417295075366
186,241.0,-2440.0
187,258.9225926755839,-2395.512971910718
188,286.0,-2328.0
189,320.68117936942207,-2242.6820032448254
190,325.0,-2232.0
191,371.7177609407772,-2115.3220993190207
192,408.0,-2019.0
193,447.8556374634416,-1888.972672139175
194,466.0,-1796.0
195,471.4768376272376,-1745.8933041648138
196,467.0,-1663.0
197,462.9349440479612,-1639.704523883293
198,415.0,-1472.0
199,414.1029444341418,-1469.7480007268846
200,369.0,-1382.0
201,347.94816859968955,-1351.772118652861
202,221.0,-1196.0
203,200.09685134739732,-1171.4840449655815
204,144.0,-1131.0
205,129.30642517281075,-1122.5728269998854
206,-45.816347712034904,-1025.196249140459
207,-72.0,-1011.0
208,-145.72609297398122,-972.9910903740923
209,-217.6969162634469,-943.3363374550755
210,-228.0,-939.0
211,-393.12700762421264,-868.8928631210442
212,-484.0,-831.0
213,-542.3390856640762,-809.5218084328973
214,-573.0,-801.0
215,-705.0,-767.0
216,-755.7318873172788,-755.1250260064327
217,-877.0,-733.0
218,-951.7647574889456,-722.6658710866974
219,-1108.6968411494765,-704.3181704862054
220,-1122.0,-703.0
221,-1288.4253352112885,-696.4250263442023
222,-1364.0,-699.0
223,-1497.2154483862482,-704.4845139952283
224,-1523.0,-706.0
225,-1552.0,-708.0
226,-1612.9034318258014,-714.0902041317244
227,-1725.976025646147,-732.9921538839645
228,-1765.0,-742.0
229,-1839.85872487856,-762.7711578808129
230,-1879.0,-775.0
231,-2064.9291174124596,-843.6864966785632
232,-2089.0,-854.0
233,-2238.0,-924.0
234,-2265.0,-937.0
235,-2281.1560536636052,-945.0354234783141
236,-2413.662038282882,-1018.8139596923497
237,-2424.0,-1025.0
238,-2525.0,-1089.0
239,-2588.524505192962,-1134.2833442775257
240,-2728.1094143843948,-1251.5109381515522
241,-2737.0,-1260.0
242,-2823.0,-1349.0
243,-2835.4530216316452,-1362.775673235572
244,-2874.0,-1407.0
245,-3031.0,-1615.0
246,-3042.076840411473,-1630.033613375735
247,-3115.0,-1728.0
248,-3173.2861117984257,-1804.954724624865
249,-3200.0,-1840.0
250,-3250.5941819128047,-1906.1813769774017
251,-3305.0,-1978.0
252,-3390.0,-2091.0
253,-3406.304259894935,-2111.6081472542833
254,-3579.0,-2323.0
255,-3591.2747515094397,-2337.8562972736463
256,-3647.0,-2405.0
257,-3669.2003531639475,-2432.632870910504
258,-3771.0,-2550.0
259,-3823.3533236486396,-2598.1167978844715
260,-3951.0,-2690.0
261,-4060.1284731159385,-2730.578591196693
262,-4182.0,-2747.0
263,-4256.580006042614,-2759.305333565398
264,-4357.0,-2777.0
265,-4372.211258945195,-2779.7344292011308
266,-4396.0,-2784.0
267,-4551.631782522776,-2809.65964373987
268,-4592.0,-2816.0
269,-4739.076363006032,-2838.8159852230915
270,-4779.0,-2845.0
271,-4840.739071181773,-2854.5963746864395
272,-4906.025058516615,-2864.59169336538
273,-5012.0,-2870.0
274,-5109.542676544827,-2869.8159975961894
275,-5159.0,-2869.0
276,-5204.244111324656,-2866.4569521280964
277,-5222.0,-2864.0
278,-5340.0,-2844.0
279,-5374.05112293972,-2834.147380110261
280,-5448.0,-2799.0
281,-5473.0,-2781.0
282,-5480.541690434741,-2774.9439081774576
283,-5524.0,-2733.0
284,-5553.930010567956,-2693.2738566228213
285,-5570.0,-2668.0
286,-5586.733382979952,-2638.7516589256093
287,-5619.0,-2569.0
288,-5641.0,-2501.0
289,-5650.71884710031,-2460.4562034172927
290,-5658.0,-2422.0
291,-5664.252143564008,-2378.956870947427
292,-5671.0,-2321.0
293,-5672.188937949941,-2310.6487283522574
294,-5679.0,-2251.0
295,-5691.140128739966,-2146.925825010499
296,-5701.0,-2084.0
297,-5703.03936016417,-2073.132678652629
298,-5722.0,-1986.0
299,-5752.9632805132915,-1848.0687784759305
300,-5759.0,-1821.0
301,-5783.519679408402,-1709.7934225901374
302,-5800.0,-1634.0
303,-5810.16979658821,-1586.8021832150653
304,-5827.967645887326,-1502.9691804272081
305,-5842.0,-1438.0
306,-5847.0,-1415.0
307,-5869.019375575931,-1312.563788041256
308,-5904.0,-1148.0
309,-5907.041065212052,-1133.6331606875494
310,-5936.0,-998.0
311,-5938.631143268092,-986.147075032503
312,-5970.0,-844.0
313,-5984.342108441014,-775.9522173634834
314,-6022.0,-594.0
315,-6022.772117479779,-590.2421376175629
316,-6046.702554948504,-471.805930573684
317,-6062.0,-393.0
318,-6062.388829487039,-391.04627253637176
319,-6081.529449060726,-295.06499797695676
320,-6096.0,-214.0
321,-6127.714923140349,-11.914790820074423
322,-6135.0,38.0
323,-6145.101109958194,131.25665181219742
324,-6144.0,179.0
325,-6135.0,335.0
326,-6132.8698820059635,352.55255811890464
327,-6116.0,449.0
328,-6105.582317730668,494.23506862383965
329,-6079.0,589.0
330,-6064.3204106382545,633.5446047751545
331,-6041.0,697.0
332,-5993.0,810.0
333,-5980.96722486874,836.3745723191298
334,-5936.0,931.0
335,-5903.192717927737,999.5867403063904
336,-5886.0,1036.0
337,-5825.910557825479,1166.9096498169574
338,-5812.0,1199.0
339,-5784.0,1283.0
340,-5780.838395767687,1296.367427507922
341,-5773.0,1335.0
342,-5768.663372463325,1374.7373199715576
343,-5769.0,1416.0
344,-5775.1753451962995,1457.2524216137726
345,-5781.0,1478.0
346,-5799.0,1519.0
347,-5810.968170687003,1538.3343715483793
348,-5837.0,1570.0
349,-5880.0,1605.0
350,-5893.555752602294,1612.4696810815533
351,-5937.0,1628.0
352,-5964.0,1633.0
353,-5964.900078125153,1633.1052547609831
354,-6000.813950583854,1634.0303654808952
355,-6022.0,1632.0
356,-6056.0,1625.0
357,-6076.06503526047,1618.4256609709014
358,-6104.265798261452,1605.4700138600415
359,-6107.0,1604.0
360,-6140.0,1583.0
361,-6156.360619849385,1570.238985177257
362,-6165.0,1563.0
363,-6186.7618560897,1543.3973520260422
364,-6195.0,1535.0
365,-6231.876765342762,1488.9525089428598
366,-6234.0,1486.0
367,-6255.0,1455.0
368,-6286.0,1402.0
369,-6291.526593476455,1391.7248258450586
370,-6314.0,1348.0
371,-6332.743333099229,1312.1792088358293
372,-6356.0,1268.0
373,-6386.919784150812,1209.0087502037418
374,-6412.8103139421955,1159.599229019008
375,-6420.0,1146.0
376,-6433.966393761127,1119.9578120224712
377,-6478.0,1043.0
378,-6509.905593832413,987.6614799329549
379,-6548.0,922.0
380,-6602.482742172835,832.9733954047277
381,-6641.0,775.0
382,-6642.197911110765,773.1379071270096
383,-6691.0,697.0
384,-6720.0,653.0
385,-6767.163364140434,581.8404221047032
386,-6866.0,433.0
387,-6918.393509508594,354.46085512979283
388,-6968.0,289.0
389,-7031.048773692185,213.0244505132263
390,-7113.368332816527,117.99357110321303
391,-7151.0,76.0
392,-7211.209129220002,16.7031629855175
393,-7225.0,5.0
394,-7450.4802195249285,-171.20199330178238
395,-7460.0,-178.0
396,-7573.433083870743,-250.62620243460537
397,-7657.0,-289.0
398,-7766.810525188854,-327.1076064856777
399,-7913.438198442096,-366.5952478328504
400,-7961.0,-377.0
401,-8007.688521372234,-385.4091777953138
402,-8101.0,-397.0
403,-8168.97185921673,-404.56515523237374
404,-8256.0,-413.0
405,-8291.787351011453,-415.9174288387291
406,-8520.0,-429.0
407,-8522.625577539786,-429.08434696698987
408,-8679.0,-426.0
409,-8752.746816906341,-420.57527139675193
410,-8826.0,-414.0
411,-8944.0,-400.0
412,-8962.290360395762,-397.33443554324936
413,-9165.0,-360.0
414,-9211.63867596143,-349.43057401923363
415,-9282.0,-332.0
416,-9429.0,-291.0
417,-9525.376028191758,-260.5206666276551
418,-9575.0,-244.0
419,-9746.202312929425,-183.90760977741996
420,-9778.0,-172.0
421,-10025.818205410265,-75.26654909455
422,-10039.0,-70.0
423,-10225.0,11.0
424,-10240.286118175143,18.378996132213423
425,-10337.0,67.0
426,-10432.0,122.0
427,-10488.801027295473,157.5272840048687
428,-10578.0,217.0
429,-10730.0,330.0
430,-10769.723888848219,362.0127124605043
431,-10864.779030375732,444.06489262242945
432,-10885.0,463.0
433,-10919.0,496.0
434,-10993.226403627312,569.6300317955302
435,-11102.0,695.0
436,-11262.0,912.0
437,-11275.053536391944,930.6095937559431
438,-11352.0,1063.0
439,-11377.110649219243,1113.3446547065219
440,-11436.0,1236.0
441,-11507.41026367084,1398.3258469088355
442,-11558.0,1517.0
443,-11638.58533786986,1708.0973286333146
444,-11693.0,1838.0
445,-11718.05491097069,1896.7846955058549
446,-11728.0,1919.0
447,-11828.728602580617,2136.8927962941934
448,-11842.0,2164.0
449,-11914.761435523958,2304.6360890844203
450,-11934.0,2341.0
451,-11995.0,2453.0
452,-12040.064380232734,2522.63788813216
453,-12060.0,2551.0
454,-12142.0,2643.0
455,-12158.410673138227,2655.913052406591
456,-12322.0,2764.0
457,-12394.491418959404,2796.346788673618
458,-12421.0,2801.0
459,-12464.575632197302,2809.5347487960967
460,-12571.294770100429,2828.7017926173385
461,-12582.0,2830.0
462,-12654.0,2835.0
463,-12718.150779489246,2835.720322513437
464,-12858.0,2830.0
465,-12859.991346826437,2829.8797322545065
466,-12941.171721918465,2821.894617614551
467,-12953.0,2820.0
468,-13125.0,2787.0
469,-13128.218924843974,2786.345347649826
470,-13219.227301218736,2766.288147656598
471,-13256.31101678437,2747.687167075398
472,-13281.0,2736.0
473,-13416.0,2672.0
474,-13417.99637298057,2670.97955633093
475,-13497.62430276703,2616.765434734668
476,-13507.0,2608.0
477,-13570.0,2543.0
478,-13604.171718789508,2497.7146376057926
479,-13635.0,2446.0
480,-13640.165753979873,2436.0413763009374
481,-13677.0,2347.0
482,-13696.0,2272.0
483,-13699.371033527395,2252.9402513171344
484,-13707.07272508399,2183.919232411414
485,-13707.0,2134.0
486,-13705.0,2108.0
487,-13703.998177247791,2097.1885846911787
488,-13695.0,2029.0
489,-13680.9674244995,1969.1314487964332
490,-13648.371479092008,1869.4878198856763
491,-13639.0,1845.0
492,-13621.615275786236,1804.1173097857377
493,-13585.0,1733.0
494,-13540.0,1658.0
495,-13521.299474386677,1631.2160938582447
496,-13473.0,1569.0
497,-13448.56391878074,1539.2456929796244
498,-13399.171296709415,1484.209159541146
499,-13348.0,1434.0
500,-13233.0,1327.0
501,-13218.997535367138,1314.2273967211247
502,-13106.0,1222.0
503,-13075.699948869878,1198.7055116943197
504,-12951.0,1103.0
505,-12920.20138525727,1080.0174939532271
506,-12839.0,1021.0
507,-12837.275598209304,1019.7418268386843
508,-12695.662161614855,916.499810829481
509,-12671.0,899.0
510,-12536.04621573137,804.8286351262412
511,-12455.0,749.0
512,-12418.383812159955,724.1178023758359
513,-12363.0,688.0
514,-12351.472865785898,680.5336384446343
515,-12175.0,567.0
516,-12151.94424470194,552.51395635633
517,-12091.0,515.0
518,-11990.895943290212,454.26895374744265
519,-11894.0,396.0
520,-11770.094068380353,323.6534300310977
521,-11703.0,286.0
522,-11573.0,214.0
523,-11529.784962405101,190.65006436601664
524,-11423.377973147628,134.02584034746286
525,-11401.0,122.0
526,-11295.0,65.0
527,-11218.930142588764,25.759113003374043
528,-11053.609150268841,-57.30632830193106
529,-11010.0,-79.0
530,-10925.724652023062,-120.05031091191721
531,-10871.0,-146.0
532,-10857.59028089384,-152.39141998431973
533,-10745.0,-205.0
534,-10698.606103890243,-225.6840946587042
535,-10487.0,-317.0
536,-10348.32888620392,-374.1515077681891
537,-10195.4460529749,-431.3276579079303
538,-10119.0,-459.0
539,-10060.82669973386,-480.0007223428645
540,-9948.739541042067,-520.159662125884
541,-9849.0,-555.0
542,-9717.341234222338,-600.260643408973
543,-9545.0,-659.0
544,-9449.471344752046,-691.4061184696544
545,-9362.0,-721.0
546,-9253.824023601266,-757.6253435850348
547,-9040.0,-830.0
548,-9014.875080455886,-838.4946064082995
549,-8822.244173304467,-903.4646242578056
550,-8733.39968458151,-933.2074048879839
551,-8716.0,-939.0
552,-8646.447462416212,-961.9904420081633
553,-8607.0,-975.0
554,-8552.169312663254,-993.1043804655701
555,-8327.0,-1068.0
556,-8171.0,-1121.0
557,-8167.099170359815,-1122.3185107992842
558,-7948.0,-1196.0
559,-7775.964888752124,-1253.9104669208364
560,-7657.0,-1294.0
561,-7624.154068814007,-1305.0547796609608
562,-7547.0,-1331.0
563,-7430.10194569981,-1370.235514050599
564,-7404.0,-1379.0
565,-7294.0,-1416.0
566,-7097.221438392408,-1482.235209764703
567,-6961.0,-1528.0
568,-6889.459896186198,-1551.9355680289839
569,-6814.795125333097,-1576.607145373018
570,-6723.0,-1607.0
571,-6565.206077898933,-1659.856937885007
572,-6532.0,-1671.0
573,-6324.23720168473,-1740.7596338568078
574,-6261.0,-1762.0
575,-6165.279981778982,-1794.1589759102433
576,-6133.0,-1805.0
577,-6060.16599237533,-1829.4505934993426
578,-5925.0,-1875.0
579,-5618.615985224393,-1978.5280916143522
580,-5605.0,-1983.0
581,-5350.098778215194,-2049.7927701922704
582,-5341.0,-2051.0
583,-5150.0,-2050.0
584,-4916.0,-1992.0
585,-4911.069541135135,-1990.5959811641367
586,-4784.0,-1945.0
587,-4770.949693944275,-1939.8647894724445
588,-4582.418184699922,-1864.8191216854327
589,-4567.0,-1858.0
590,-4249.0,-1700.0
591,-4245.185184564653,-1697.9129391088698
592,-4081.4814149131853,-1600.735232628539
593,-3982.47724168288,-1534.3390713854274
594,-3942.0,-1507.0
595,-3868.9476487107736,-1457.2356188282195
596,-3768.0,-1383.0
597,-3753.4362211337766,-1371.7023344683291
598,-3677.0,-1311.0
599,-3648.4050175074303,-1287.5683894832323
600,-3490.0,-1149.0
601,-3393.0,-1057.0
602,-3378.5653928938127,-1043.3140829921451
603,-3282.671818515626,-953.1072696064365
604,-3273.0,-944.0
605,-3185.283199047008,-861.1955849154838
606,-3152.0,-830.0
607,-3044.0,-729.0
608,-3041.2315542628144,-726.3417089889035
609,-2810.0,-497.0
610,-2756.1932595119506,-442.8792242402979
611,-2682.0,-368.0
612,-2680.2823139215425,-366.2751131134679
613,-2582.7206347245037,-268.69206191073675
614,-2544.0,-230.0
615,-2514.0,-200.0
616,-2502.4652723001195,-188.45157184154252
617,-2400.482743927095,-86.40177573886929
618,-2394.0,-80.0
619,-2337.665635776789,-25.08525706973161
620,-2326.0,-14.0
621,-2278.1512702592036,28.474931479122723
622,-2274.0,32.0
623,-2214.375202800315,81.93444730534482
624,-2183.0,106.0
625,-2158.0,123.0
626,-2133.8842520804783,137.4145718314008
627,-2029.224297724066,190.57969274149767
628,-2024.0,193.0
629,-1984.8615331718252,209.49886542864215
630,-1960.080800319446,215.8122422280037
631,-1932.0,222.0
632,-1903.7231354662904,228.21716368841106
633,-1894.0,230.0
634,-1846.0,235.0
635,-1839.7037991681768,235.32837876412188
636,-1799.906252527958,234.60182755717634
637,-1790.0,233.0
638,-1698.0471098934781,202.50678400309698
639,-1690.0,199.0
640,-1668.442175941813,186.6827436711212
641,-1654.0,174.0
642,-1628.0628466738956,151.65982504681764
643,-1625.0,149.0
644,-1545.0,80.0
645,-1540.5607544855598,76.58507551087749
646,-1507.2403601945894,55.41198770792295
647,-1500.0,52.0
648,-1427.0,28.0
649,-1425.889967855948,27.772761022418337
650,-1359.4071376618442,21.688089537794735
651,-1344.0,22.0
652,-1295.0,27.0
653,-1283.256040143885,29.24393551814357
654,-1253.0,37.0
655,-1222.3399979687401,47.83839009135913
656,-1195.0,60.0
657,-1171.0,73.0
658,-1164.1450102925924,77.43224687009484
659,-1106.534670736918,120.98686513049361
660,-1077.0,145.0
661,-1045.3626343158041,173.8863590042068
662,-1023.0,197.0
663,-1022.1681781317758,197.8331408782832
664,-967.7518920631856,250.9857531646305
665,-951.0,266.0
666,-941.0,274.0
667,-899.4894984991727,307.4385794801288
668,-854.0,344.0
669,-836.7611232050572,357.56956067915144
670,-780.0,393.0
671,-766.8062657538725,399.5384653134114
672,-663.0,446.0
673,-620.6209617556884,462.3347303810074
674,-542.6918192271968,475.9504536529049
675,-524.0,478.0
676,-482.8502059802145,482.92218054843914
677,-392.0,489.0
678,-279.7015583938639,488.04018159474435
679,-198.0,485.0
680,-155.69586846847574,482.2639350969775
681,-61.0,468.0
682,-27.988982336777372,461.34695320994575
683,84.0,435.0
684,132.80489164930486,420.9112166257843
685,233.0,388.0
686,384.0,333.0
687,386.82496870599414,331.85747431798626
688,487.0,287.0
689,612.4363246789034,218.6384606958125
690,645.0,200.0
691,709.5387303528448,161.9444536848889
692,787.0,107.0
693,790.4254677215715,104.39550628244834
694,963.0,-33.0
695,999.9143455139586,-64.17116114240166
696,1046.7787779350238,-109.22871094450154
697,1093.0,-158.0
698,1150.81931183578,-216.74643824184795
699,1232.0,-300.0
700,1233.8894453801904,-301.99671563507644
701,1337.0,-417.0
702,1352.5609437672142,-435.1311620238408
703,1519.0,-632.0
704,1618.937351603241,-749.9058202268784
705,1664.2694731603474,-802.5417904803388
706,1671.0,-810.0
1,1895.0,-1072.0
2,1942.3829870579616,-1127.4359928863505
3,1966.0,-1155.0
4,2047.368868463209,-1249.916695044046
5,2068.0,-1274.0
6,2174.6435710357555,-1398.694185646676
7,2192.0,-1419.0
8,2286.0,-1529.0
9,2359.1690116697,-1614.7248354653561
10,2496.0,-1775.0
11,2498.471436774107,-1777.888613847154
12,2558.3609835981683,-1847.540126745689
13,2582.0,-1875.0
14,2617.598459402353,-1916.4420555524898
15,2707.5854150029154,-2021.405308806508
16,2785.0,-2112.0
17,2798.741507531543,-2128.117883544851
18,2871.0,-2213.0
19,2927.9457579265427,-2279.8396082131
20,2958.0,-2315.0
21,3067.0,-2442.0
22,3081.1637288565043,-2458.6008606241326
23,3198.0,-2596.0
24,3298.0,-2712.0
25,3301.1449870464107,-2715.667223961334
26,3419.0,-2854.0
27,3472.358853081076,-2916.1870412565668
28,3609.0,-3075.0
29,3640.8743909190102,-3112.1228443152377
30,3724.9612352534477,-3210.6986643502623
31,3799.0,-3298.0
32,3930.0,-3452.0
33,3935.0745251266835,-3457.9889143919477
34,4087.7771543520694,-3638.5476445705935
35,4100.0,-3653.0
36,4199.882957295518,-3770.8002745461454
37,4258.0,-3839.0
38,4270.076176677225,-3853.1909639074174
39,4372.0,-3973.0
40,4431.960599606395,-4043.426480114441
41,4463.0,-4080.0
42,4577.0,-4215.0
43,4637.4120970500135,-4285.937661952613
44,4669.0,-4323.0
45,4774.435887264841,-4447.144674599285
46,4829.0,-4511.0
47,4913.311028841949,-4608.875192188962
48,4922.0,-4619.0
49,5037.0,-4754.0
50,5097.879015297208,-4825.358074487548
51,5130.0,-4863.0
52,5215.450471598003,-4963.29526432701
53,5283.0,-5043.0
54,5332.32700661701,-5101.567276487096
55,5410.0,-5194.0
56,5470.312132524543,-5265.448104715296
57,5502.0,-5303.0
58,5641.0,-5468.0
59,5678.278239215579,-5511.905081273667
60,5787.0,-5649.0
61,5805.136889352582,-5674.710949569577
62,5971.0,-5931.0
63,5972.913923351694,-5934.160567359181
64,5995.0,-5992.0
65,6016.147225732912,-6064.232994902184
66,6048.0,-6232.0
67,6047.624282267399,-6357.549636371302
68,6038.0,-6484.0
69,6026.899463359405,-6566.7147168477695
70,6005.016066633972,-6636.336913584296
71,6000.0,-6654.0
72,5972.498453793926,-6757.094688530051
73,5970.0,-6766.0
74,5947.164535733081,-6839.626218614719
75,5933.0,-6882.0
76,5893.0,-6980.0
77,5883.126239721568,-6996.722009471662
78,5799.0,-7118.0
79,5763.663068247131,-7162.282302198522
80,5729.403974189933,-7185.612478109255
81,5696.0,-7204.0
82,5646.0,-7233.0
83,5626.606948901803,-7243.235504653025
84,5507.725582598917,-7286.266382442035
85,5479.0,-7292.0
86,5361.0,-7307.0
87,5287.248551191574,-7310.402115503748
88,5233.476327884258,-7303.765080414738
89,5208.0,-7299.0
90,5125.266779619656,-7280.150237982597
91,5093.0,-7270.0
92,5013.396243018107,-7234.374525229499
93,4910.4944437158565,-7167.233202263302
94,4906.0,-7164.0
95,4874.6637007920035,-7139.240036822702
96,4848.0,-7111.0
97,4818.199439584443,-7075.745027892265
98,4722.0,-6951.0
99,4664.444981043021,-6864.063756990866
100,4633.0,-6813.0
101,4608.4529642390335,-6772.414636502284
102,4576.0,-6718.0
103,4521.983226506559,-6624.799836497406
104,4508.0,-6600.0
105,4423.47187882432,-6448.62445492136
106,4417.0,-6437.0
107,4366.21640138961,-6345.60450649338
108,4339.0,-6299.0
109,4282.0,-6203.0
110,4245.11705981667,-6143.27545560044
111,4190.709855339169,-6059.9146762530145
112,4164.0,-6021.0
113,4127.0,-5969.0
114,4059.5238681581477,-5881.153853156379
115,4038.0,-5855.0
116,3957.6030620821925,-5763.47127212736
117,3932.0,-5737.0
118,3862.207988351026,-5671.348999466946
119,3855.0,-5665.0
120,3770.0,-5600.0
121,3680.860639887107,-5551.962770155644
122,3517.0,-5479.0
123,3456.3273935593643,-5456.7660589428315
124,3350.0,-5446.0
125,3318.823161473596,-5443.495956822067
126,3044.929822383957,-5418.552986235331
127,2925.0,-5404.0
128,2882.0008548893748,-5396.599451164169
129,2813.028086110444,-5369.82363343932
130,2799.0,-5363.0
131,2705.0,-5314.0
132,2671.392511670813,-5292.808613430179
133,2591.0,-5231.0
134,2514.935004331351,-5156.801548869217
135,2502.0,-5142.0
136,2480.0,-5115.0
137,2434.3061426346076,-5049.196473804497
138,2393.0,-4965.0
139,2341.7461411623503,-4814.97292620229
140,2335.0,-4793.0
141,2302.0,-4675.0
142,2292.5817308859523,-4641.284836529424
143,2257.611960392194,-4518.776391903479
144,2248.0,-4485.0
145,2216.4308693171993,-4374.309053018901
146,2206.0,-4340.0
147,2183.851573837504,-4271.10463247704
148,2151.0,-4185.0
149,2098.0,-4091.0
150,2096.279465251805,-4088.5154540283747
151,2061.0,-4042.0
152,2034.9349575723995,-4011.6108896517653
153,1947.1144962020662,-3926.4874023754783
154,1931.0,-3913.0
155,1852.3933322149346,-3855.176691539475
156,1825.0,-3838.0
157,1731.0,-3789.0
158,1706.6627007988434,-3778.4083518710468
159,1632.0,-3751.0
160,1527.0,-3726.0
161,1497.7701304110449,-3721.3825313456027
162,1357.1161123721417,-3707.505408504232
163,1321.0,-3705.0
164,1238.3614078389003,-3700.78831948188
165,1198.0,-3699.0
166,1038.0,-3688.0
167,978.0420014706373,-3680.28645152462
168,837.0,-3656.0
169,789.0960259364552,-3644.516423529043
170,675.0229699754211,-3599.247939641329
171,651.0,-3587.0
172,566.0,-3539.0
173,528.5025971570298,-3514.029368537777
174,497.0,-3491.0
175,446.5130721674269,-3450.50100214601
176,425.0,-3432.0
177,351.0,-3362.0
178,315.21367598179745,-3322.612443882687
179,274.0,-3271.0
180,214.87996685409948,-3180.1409407196757
181,198.0,-3149.0
182,171.9129870130566,-3094.180990074073
183,159.0,-3061.0
184,145.0,-3015.0
185,134.05087430492756,-2964.41176495121
186,126.0,-2911.0
187,121.9952199161595,-2873.7143429650187
188,127.0,-2784.0
189,166.0,-2625.0
190,170.47254840177146,-2609.693705077065
191,206.0,-2524.0
192,210.00621513561188,-2514.845384089994
193,256.0,-2403.0
194,263.5384760629759,-2384.2469248972925
195,308.0,-2273.0
196,315.2315325944317,-2254.857401542823
197,357.99131530291356,-2147.0930192524665
198,384.0,-2081.0
199,418.0,-1992.0
200,422.8867479428582,-1977.8884734686158
201,443.0,-1914.0
202,468.0,-1777.0
203,467.84161477935305,-1741.0930969106403
204,455.0,-1591.0
205,429.91565118556827,-1502.2750568839579
206,416.0,-1474.0
207,338.0,-1333.0
208,311.38935111833723,-1296.4977721303908
209,216.2107377289705,-1192.015786194108
210,190.0,-1168.0
211,141.11796749733156,-1128.7131302436546
212,67.0,-1081.0
213,64.98635266070727,-1079.8345340343155
214,-86.0,-1004.0
215,-138.02891221626555,-979.7560923121633
216,-325.0,-895.0
217,-369.05833097503995,-875.800424420086
218,-464.4634417272263,-837.3569251374397
219,-523.0,-817.0
220,-571.9035929349948,-801.4742912855424
221,-666.0,-776.0
222,-763.3087610526569,-755.0880329448929
223,-814.0,-745.0
224,-947.0,-722.0
225,-950.9161824888365,-721.501430862287
226,-1243.7658446782766,-698.5059493206313
227,-1254.0,-698.0
228,-1336.83945956105,-695.4664460581353
229,-1454.0,-702.0
230,-1458.4322870598558,-702.3425221891031
231,-1602.2510050133894,-714.6410041723366
232,-1682.0,-724.0
233,-1751.4271323669009,-736.0312859341441
234,-1865.0,-770.0
235,-1938.543982223257,-795.3619910582349
236,-1992.0,-815.0
237,-2156.0,-884.0
238,-2186.9772680769834,-898.6117934149382
239,-2317.0,-965.0
240,-2422.0,-1024.0
241,-2425.8601662195265,-1026.2999270340808
242,-2575.4817362898107,-1124.7463482267167
243,-2584.0,-1131.0
244,-2691.0,-1217.0
245,-2693.8554211976843,-1219.5368531224094
246,-2799.0,-1323.0
247,-2840.600200303313,-1368.506401836057
248,-2929.0,-1476.0
249,-3069.3326853360527,-1665.5440235377528
250,-3077.0,-1676.0
251,-3211.0,-1855.0
252,-3226.0440372155235,-1874.8976798553203
253,-3376.996969032805,-2073.8663181846705
254,-3401.0,-2105.0
255,-3491.1320029581298,-2218.7268702887523
256,-3570.0,-2313.0
257,-3578.0099329604864,-2322.5340917517
258,-3625.141609640488,-2378.4943041275433
259,-3660.0,-2420.0
260,-3709.083940624564,-2478.599205728514
261,-3746.0,-2522.0
262,-3840.618682166444,-2625.3568712215065
263,-3910.0,-2671.0
264,-4008.569271383676,-2708.1758906459754
265,-4131.0,-2738.0
266,-4215.376934754098,-2752.7660088704592
267,-4242.0,-2757.0
268,-4402.233278131769,-2785.012988247143
269,-4414.0,-2787.0
270,-4654.251069194024,-2825.854259304496
271,-4680.0,-2830.0
272,-4777.828463174664,-2846.0541962176712
273,-4843.0,-2855.0
274,-4845.565070189208,-2855.3132723664344
275,-4934.0,-2865.0
276,-5018.0,-2871.0
277,-5040.74848414066,-2871.778625017157
278,-5106.0,-2872.0
279,-5169.439082270792,-2869.5283957383854
280,-5214.0,-2865.0
281,-5367.922778286518,-2835.4488901234645
282,-5385.0,-2830.0
283,-5491.693082985327,-2763.5833618379506
284,-5510.0,-2747.0
285,-5538.939188727364,-2718.337785302455
286,-5564.0,-2678.0
287,-5584.508143101913,-2640.249755986926
288,-5612.0,-2586.0
289,-5637.3318542400975,-2521.987041911125
290,-5646.69993139273,-2479.977732087941
291,-5649.0,-2469.0
292,-5661.0,-2405.0
293,-5661.463679780611,-2401.972665947306
294,-5676.862108536631,-2273.7095429205438
295,-5685.0,-2197.0
296,-5686.154304327234,-2186.3178262240726
297,-5698.0,-2103.0
298,-5704.809788615723,-2068.262095374388
299,-5726.0,-1967.0
300,-5740.740512903635,-1900.6506746809607
301,-5749.0,-1864.0
302,-5767.358954200019,-1781.9529596677887
303,-5770.0,-1770.0
304,-5806.0,-1606.0
305,-5815.371251901006,-1562.8456643741833
306,-5830.0,-1492.0
307,-5845.553901170992,-1418.515185194702
308,-5865.0,-1328.0
309,-5881.47557538231,-1253.5708851899499
310,-5886.0,-1233.0
311,-5920.756087749563,-1070.0373609019227
312,-5933.0,-1013.0
313,-5954.6059432261545,-914.8815879073244
314,-5966.0,-862.0
315,-5999.0,-707.0
316,-6011.473016339705,-647.7291444593625
317,-6021.772849880029,-594.7453653307126
318,-6028.0,-563.0
319,-6066.0,-377.0
320,-6074.4045495509345,-335.51740582447354
321,-6087.0,-269.0
322,-6104.392043065614,-165.2604612873211
323,-6131.1539322247545,7.549286395548474
324,-6133.0,20.0
325,-6146.387111654872,137.68054734352447
326,-6145.0,188.0
327,-6143.702395008846,213.7779232115863
328,-6135.317048775741,329.92807879622023
329,-6126.0,400.0
330,-6112.0,471.0
331,-6111.032914861546,475.21569360538285
332,-6053.0,665.0
333,-6051.476058617714,669.0684359926366
334,-6010.0,771.0
335,-6008.370823362928,774.7941769930376
336,-5954.927841096833,893.0170052360513
337,-5946.0,912.0
338,-5906.0,995.0
339,-5888.784342191727,1029.3088942823053
340,-5879.0,1049.0
341,-5854.386405776737,1101.5812745202547
342,-5836.0,1143.0
343,-5809.766670801722,1204.6683147780673
344,-5805.0,1217.0
345,-5783.0,1286.0
346,-5782.503420294499,1287.9916525617662
347,-5771.377836007333,1351.9632350867848
348,-5769.0,1386.0
349,-5769.0,1409.0
350,-5773.876105470832,1446.808756279557
351,-5795.0,1511.0
352,-5816.3444052252735,1546.024053939133
353,-5844.816303139612,1577.0118672394237
354,-5855.0,1586.0
355,-5874.942359277032,1600.8102291397715
356,-5914.633895434194,1620.598752218517
357,-5950.0,1630.0
358,-5963.1864073473125,1631.706963291263
359,-6007.0,1632.0
360,-6007.745960451191,1631.9706869244733
361,-6030.716800768772,1630.0074196336307
362,-6048.0,1626.0
363,-6066.189642172928,1620.6616380536955
364,-6097.0,1609.0
365,-6097.976942768972,1608.5427533050738
366,-6142.841373967546,1581.4918344786986
367,-6149.0,1577.0
368,-6169.559278260468,1560.2236550855325
369,-6176.0,1554.0
370,-6203.24794930641,1523.958650936473
371,-6235.0,1485.0
372,-6252.51627048488,1459.3514206617376
373,-6258.0,1450.0
374,-6280.3369294414415,1412.0163994351299
375,-6302.0,1372.0
376,-6323.6182041869815,1330.4086804148003
377,-6352.0,1275.0
378,-6370.32223266645,1239.1964091317534
379,-6385.0,1212.0
380,-6389.5671418239,1203.5776771677529
381,-6440.997901066223,1108.9934298436465
382,-6453.0,1087.0
383,-6484.108977837784,1030.7615558270563
384,-6499.0,1005.0
385,-6552.445991506103,914.84415123051
386,-6556.0,909.0
387,-6597.0,843.0
388,-6614.889670803066,814.7362039736736
389,-6646.0,766.0
390,-6657.871981858867,747.4656461997812
391,-6714.0,661.0
392,-6814.067427918042,510.096016884996
393,-6836.0,477.0
394,-6895.682517674495,387.1888049619181
395,-6914.0,362.0
396,-6985.0,267.0
397,-7000.344610951224,246.63994583105054
398,-7050.588414508141,182.3622622134546
399,-7102.0,127.0
400,-7227.0,3.0
401,-7298.256642128182,-63.21450891369114
402,-7376.0,-119.0
403,-7407.0,-142.0
404,-7506.813647862871,-209.46532744491924
405,-7538.0,-228.0
406,-7643.0,-283.0
407,-7726.257066033011,-321.04982175756436
408,-7873.0,-360.0
409,-8080.0,-395.0
410,-8135.691303657707,-403.54069854715306
411,-8839.0,-414.0
412,-8919.171558869686,-404.11165570148955
413,-9014.0,-390.0
414,-9062.977553316701,-381.10743211307204
415,-9262.0,-337.0
416,-9279.965016866736,-332.4905960644021
417,-9413.243838159235,-295.7412464763799
418,-9436.0,-289.0
419,-9571.047594837617,-246.48365974733485
420,-9667.0,-213.0
421,-9869.0,-138.0
422,-9905.406507802536,-124.07589938762953
423,-10052.461775042779,-64.63074012955195
424,-10071.0,-57.0
425,-10270.474742597342,31.418716926658785
426,-10283.0,38.0
427,-10461.730030276092,140.2293682244203
428,-10473.0,147.0
429,-10624.956821630776,249.42080761408207
430,-10643.0,263.0
431,-10755.0,349.0
432,-10813.258960582776,395.6748475296323
433,-10908.883319541696,484.5421689991434
434,-10920.0,496.0
435,-11091.475691431971,683.1506093864637
436,-11102.0,695.0
437,-11200.256272890316,819.0579088013391
438,-11227.0,860.0
439,-11296.0,967.0
440,-11308.758657928074,988.6788084129595
441,-11417.0,1193.0
442,-11428.48964785002,1216.4252861262771
443,-11555.062349646832,1510.4632443884723
444,-11559.0,1520.0
445,-11656.321904210172,1750.922932345904
446,-11679.0,1804.0
447,-11747.0,1962.0
448,-11748.69985662653,1965.8908469948801
449,-11814.0,2110.0
450,-11843.624871989585,2168.9037677077613
451,-11873.0,2225.0
452,-11912.378007661955,2299.2948006268207
453,-11995.0,2453.0
454,-12034.439612528606,2523.997829278006
455,-12087.0,2586.0
456,-12099.376789787433,2597.8283932724953
457,-12263.0,2733.0
458,-12276.061035996383,2741.887852728879
459,-12341.328993111563,2775.0698551026317
460,-12373.0,2786.0
461,-12414.210353191578,2798.370315489557
462,-12562.0,2829.0
463,-12647.0,2835.0
464,-12650.022565822062,2835.1176701619356
465,-12769.298606038055,2835.5201890107746
466,-12837.0,2832.0
467,-12886.800853472698,2827.6536882892146
468,-12966.0,2818.0
469,-12980.777594460287,2815.897146058254
470,-13084.0,2797.0
471,-13107.0,2791.0
472,-13144.678358338759,2780.4620838459577
473,-13239.23966580979,2750.863240912994
474,-13327.0,2718.0
475,-13367.926608107395,2699.041473810871
476,-13420.0,2670.0
477,-13499.865505484002,2617.8236402613734
478,-13532.0,2586.0
479,-13591.228799114697,2509.5015751418323
480,-13643.0,2432.0
481,-13657.23541506179,2409.2284958348046
482,-13672.0,2362.0
483,-13685.989689100028,2299.9919702572524
484,-13707.0,2176.0
485,-13707.263100772998,2172.470257898864
486,-13702.080697658763,2066.8529506863983
487,-13687.0,1989.0
488,-13681.715210905904,1962.88642278933
489,-13650.436791635795,1869.2669871533699
490,-13636.0,1838.0
491,-13581.0,1725.0
492,-13563.326453335068,1690.07682653102
493,-13527.941855362526,1633.48078708871
494,-13485.0,1584.0
495,-13387.355849225838,1474.0697663274627
496,-13380.0,1466.0
497,-13269.896407625887,1357.868479144793
498,-13235.0,1328.0
499,-13205.320255573391,1302.7788495327243
500,-13137.0,1247.0
501,-12985.0,1129.0
502,-12981.065202485843,1125.9863414699264
503,-12809.594097838579,998.5900273656245
504,-12773.0,972.0
505,-12749.31386142654,954.7301478464676
506,-12649.9963999256,882.7152479679801
507,-12616.0,859.0
508,-12521.0,794.0
509,-12508.03635352411,785.1436740690258
510,-12427.653994956705,730.4214489945052
511,-12409.0,718.0
512,-12270.0,628.0
513,-12176.0,568.0
514,-12143.182950657372,547.5234980130107
515,-11969.63303494862,441.5718358772745
516,-11957.0,434.0
517,-11842.382533821812,366.4212488617949
518,-11680.0,274.0
519,-11667.383606179694,266.924348902466
520,-11600.801827860609,230.08920391161422
521,-11499.0,175.0
522,-11495.503235179056,173.1048064206961
523,-11390.264671827266,116.02672689554242
524,-11381.0,111.0
525,-11275.0,54.0
526,-11255.578047527222,43.85547294386193
527,-11046.0,-62.0
528,-11027.520485479177,-71.17448661207996
529,-10913.542412921426,-126.8679726100839
530,-10812.0,-174.0
531,-10770.0,-193.0
532,-10703.445654016054,-222.7787480273666
533,-10561.72420022886,-285.1238838637303
534,-10443.0,-335.0
535,-10319.790697309742,-383.7069696996764
536,-10164.0,-442.0
537,-10126.12616098811,-456.0439197954672
538,-10007.108759278415,-499.2514259510052
539,-9971.0,-512.0
540,-9741.713142321169,-591.7631297578225
541,-9715.0,-601.0
542,-9534.0,-663.0
543,-9501.718337938662,-673.8739099640261
544,-9379.6111110373,-714.7232159600989
545,-9337.0,-729.0
546,-9230.0,-765.0
547,-9226.189246596889,-766.2869063051888
548,-9047.0,-827.0
549,-9012.672991454949,-838.5820933848901
550,-8818.0,-904.0
551,-8798.88752419926,-910.4392656148003
552,-8634.0,-966.0
553,-8522.244146551237,-1003.2629933739071
554,-8496.0,-1012.0
555,-8401.279668652767,-1043.5673158416766
556,-8388.0,-1048.0
557,-8229.078150140753,-1101.1265061004383
558,-8095.0,-1146.0
559,-7871.482738546168,-1220.9150562118928
560,-7794.0,-1247.0
561,-7698.017276647623,-1279.6044536131863
562,-7620.0,-1306.0
563,-7533.049662962987,-1335.1528097636942
564,-7339.0,-1400.0
565,-7335.011541581676,-1401.3348740368224
566,-7214.0,-1442.0
567,-7115.596921315038,-1475.6014667342772
568,-7088.0,-1485.0
569,-6989.724866168591,-1518.1562897427964
570,-6915.0,-1543.0
571,-6757.0,-1595.0
572,-6705.639408207376,-1612.4023746437247
573,-6584.0,-1654.0
574,-6547.660031651331,-1666.099673022468
575,-6426.0,-1706.0
576,-6358.095047742845,-1728.6632554576363
577,-6268.0,-1759.0
578,-6231.569143646283,-1771.238247184591
579,-6104.559793891816,-1813.8175378711746
580,-6030.0,-1839.0
581,-5977.725321407261,-1856.7844263964066
582,-5856.0,-1898.0
583,-5725.006410782811,-1940.7103869916057
584,-5682.0,-1955.0
585,-5565.172444117474,-1995.0678375524228
586,-5539.0,-2004.0
587,-5376.444069342957,-2047.5093363350475
588,-5362.0,-2049.0
589,-5148.0,-2050.0
590,-5105.078698826587,-2046.9790228506872
591,-5013.456050121768,-2028.3263623266455
592,-4919.0,-1993.0
593,-4879.6598105748,-1978.5498354383085
594,-4679.089508330835,-1904.6301413483966
595,-4667.0,-1900.0
596,-4456.0,-1808.0
597,-4452.225093187468,-1806.1453740927914
598,-4256.650860046039,-1704.361162729681
599,-4247.0,-1699.0
600,-4120.0,-1624.0
601,-3924.9630758513604,-1495.390983585149
602,-3879.0,-1464.0
603,-3771.971476646657,-1387.6402846210303
604,-3682.0,-1315.0
605,-3655.8989608865127,-1293.1073091203368
606,-3532.0,-1186.0
607,-3506.228285438583,-1162.7571060479397
608,-3411.0,-1074.0
609,-3247.7377108419405,-920.640002870868
610,-3194.0,-870.0
611,-2978.0,-664.0
612,-2944.258843634001,-631.0278357989905
613,-2897.157271630938,-583.8141038282121
614,-2837.0,-523.0
615,-2673.0,-358.0
616,-2670.040390877655,-355.034351190617
617,-2562.0,-247.0
618,-2473.0,-158.0
619,-2458.4770327321085,-143.62153680844958
620,-2354.3404314829236,-41.43790858365822
621,-2326.0,-14.0
622,-2270.908787138925,36.21287869014128
623,-2249.0,54.0
624,-2227.986279773014,71.05767904649488
625,-2186.0,104.0
626,-2156.0258500835016,125.11754461570973
627,-2105.0,156.0
628,-2089.8291280359126,164.1256998385195
629,-2046.0,185.0
630,-1975.213015765135,210.9329063440714
631,-1965.0,214.0
632,-1907.0,228.0
633,-1882.4796511925274,231.7945715993211
634,-1851.0,235.0
635,-1818.9145378116716,236.5592792142235
636,-1787.0,233.0
637,-1727.8857412605767,214.74267958152868
638,-1693.0,201.0
639,-1682.7224280434987,196.51781968948524
640,-1656.2052999702717,178.37366776435266
641,-1641.0,164.0
642,-1615.6452297004548,140.10342816326587
643,-1577.0,106.0
644,-1546.8678950022227,83.43709718129587
645,-1483.72754804659,47.064726402966215
646,-1463.0,37.0
647,-1439.442430909655,29.437373053353618
648,-1430.0,28.0
649,-1379.321503119344,22.58156582507376
650,-1363.0,22.0
651,-1313.0,25.0
652,-1290.9978811990002,28.133314626938102
653,-1241.0,41.0
654,-1239.632268191572,41.49410177219193
655,-1171.6598355207952,73.13065193499632
656,-1163.0,78.0
657,-1108.0,117.0
658,-1083.9667550977751,138.52833349950248
659,-1052.0,169.0
660,-1035.3909993716666,184.9772237850338
661,-971.0,247.0
662,-949.8431460686894,266.97558654039744
663,-922.0,291.0
664,-921.1227605955849,291.7595425371362
665,-862.0,339.0
666,-786.2067202907241,385.7772384234403
667,-702.0,432.0
668,-638.6932988408837,458.6801910890168
669,-583.8932813591039,468.01418679095207
670,-578.0,469.0
671,-470.0,485.0
672,-467.41844676007025,485.24898424309436
673,-408.0,489.0
674,-341.09701634107824,490.28104368260966
675,-302.0,490.0
676,-238.2064572203057,487.9379583431062
677,-181.0,483.0
678,-97.01668862974351,472.2482264268373
679,-4.0,457.0
680,96.0706423076771,432.82579822041606
681,177.0,407.0
682,226.83518887661248,390.7206484178739
683,235.0,388.0
684,350.0,347.0
685,410.4563949920715,322.2025804209976
686,521.0,270.0
687,547.3090666690973,256.157713759268
688,634.0,207.0
689,679.4085832217343,179.26676692724277
690,755.0,129.0
691,772.1911907431024,116.90578301824412
692,895.0,26.0
693,932.1332531339085,-3.6651652466435483
694,1025.2250117112926,-90.37684134238813
695,1057.0,-122.0
696,1139.2804650312041,-204.2751585236178
697,1146.0,-211.0
698,1254.0,-323.0
699,1433.0,-530.0
700,1436.2275253679,-533.7882226514207
701,1488.89273928445,-596.4346024680642
702,1518.0,-631.0
703,1553.8997616252882,-673.1527852297987
704,1654.3770042004746,-790.460323676957
705,1666.0,-804.0
