,x,y
1,717.3032312205997,2098.3659615170577
2,858.6946150224129,2114.1105688191556
3,956.0,2125.0
4,1020.2056808513305,2132.21188154381
5,1159.0,2148.0
6,1214.725269735368,2154.517387617786
7,1339.0,2169.0
8,1384.116389709338,2174.171561078728
9,1594.0,2198.0
10,1654.1420242553093,2204.398174995455
11,1680.0,2207.0
12,1779.3894945308944,2218.179627550363
13,1954.0,2238.0
14,2043.0,2248.0
15,2072.2633863013707,2251.381841028374
16,2206.0,2267.0
17,2232.603328757562,2269.9454489916934
18,2326.0,2280.0
19,2393.368501844524,2287.9117503495218
20,2478.0,2298.0
21,2769.0,2331.0
22,2808.3486123036514,2335.331669037064
23,2876.887955565768,2342.626569289655
24,2908.0,2346.0
25,2965.235059760119,2352.3265911213416
26,3128.06913667446,2370.801844537034
27,3173.0,2376.0
28,3399.272699955964,2402.246932820108
29,3424.0,2405.0
30,3627.3642931213976,2424.1669629306252
31,3706.0,2430.0
32,3723.087053585181,2431.2820036002718
33,3827.0,2442.0
34,3875.9118987865095,2450.4565535969355
35,4079.0,2495.0
36,4086.1490036377227,2496.613621594512
37,4170.0,2536.0
38,4209.216437890327,2568.0806293352402
39,4285.0,2634.0
40,4321.503735399475,2682.4774944398346
41,4327.0,2696.0
42,4346.912832280646,2740.422771759604
43,4373.0,2816.0
44,4393.009131118791,2956.78145424605
45,4394.0,2968.0
46,4397.404388549628,3037.7738316496925
47,4397.0,3087.0
48,4395.360894927196,3160.08714316604
49,4395.0,3170.0
50,4388.979414331298,3276.4233526002236
51,4385.0,3317.0
52,4380.201047457892,3355.458263464811
53,4380.0,3357.0
54,4360.0,3502.0
55,4358.7570723199,3510.2714552634225
56,4344.0,3598.0
57,4336.498994240238,3638.014996605427
58,4293.0,3858.0
59,4290.622359102815,3869.622292115128
60,4255.322816048945,4022.7419828217844
61,4255.0,4024.0
62,4207.0,4206.0
63,4197.657641829723,4240.465090391251
64,4166.0,4355.0
65,4141.039684333411,4442.507078537874
66,4130.0,4481.0
67,4113.881291044507,4537.062039125634
68,4099.0,4583.0
69,4045.8841870056613,4728.995115406696
70,4015.0,4810.0
71,3971.3582640332415,4909.804279063987
72,3950.0,4942.0
73,3817.3608272037113,5104.992587445342
74,3805.0,5116.0
75,3773.0,5142.0
76,3691.7674075205387,5199.924490298591
77,3539.0,5273.0
78,3360.6204587598645,5333.158858119908
79,3358.0,5334.0
80,3256.7675909573545,5365.528952348706
81,3164.0,5395.0
82,3115.9042769174057,5411.966352925858
83,3054.0,5434.0
84,2945.496186471242,5471.818989124928
85,2791.0,5526.0
86,2713.311293954069,5555.039427313001
87,2649.2924641186964,5583.624686456373
88,2567.0,5648.0
89,2557.6511349786842,5656.495278941306
90,2556.0,5658.0
91,2410.1909258228884,5802.922355850573
92,2397.0,5820.0
93,2245.0,6060.0
94,2229.3752032172088,6089.751498618277
95,2181.6188087968617,6212.3314894831
96,2160.3147986910258,6316.32695399432
97,2160.0,6318.0
98,2142.573892693512,6447.847148712296
99,2142.0,6469.0
100,2147.0,6654.0
101,2152.2064131193497,6733.202671959229
102,2166.011607189723,6828.370964248098
103,2170.0,6854.0
104,2198.0,7037.0
105,2202.5947642040887,7065.7943835717
106,2227.623610908349,7216.743939367868
107,2228.0,7219.0
108,2251.0,7356.0
109,2276.299507489554,7499.663395074043
110,2289.0,7570.0
111,2307.6278987431983,7671.854665732741
112,2320.0,7740.0
113,2339.1411285669483,7849.131022909133
114,2356.765988569742,7955.554689923766
115,2357.0,7957.0
116,2381.0,8113.0
117,2398.0,8255.0
118,2404.7911710109533,8330.923121888207
119,2413.0,8461.0
120,2415.8553148586548,8525.73456059174
121,2419.0,8638.0
122,2419.545065100738,8673.558201574717
123,2420.16197920381,8840.729856082695
124,2420.0,8897.0
125,2419.1974194867735,8985.219692937968
126,2417.0,9091.0
127,2416.032564649799,9136.182318793315
128,2413.0,9264.0
129,2411.668996599667,9307.270970129759
130,2403.0,9498.0
131,2395.319462288713,9644.218898259418
132,2389.0,9762.0
133,2382.9867205014907,9866.932578041458
134,2377.1918989545416,9940.472064037942
135,2377.0,9943.0
136,2359.4538482682015,10177.174547068957
137,2356.0,10223.0
138,2344.7492695192414,10366.888728310938
139,2339.0,10437.0
140,2334.2981824945127,10494.457992040572
141,2328.0,10569.0
142,2298.0,10893.0
143,2294.48218149312,10927.981497560428
144,2273.900805579557,11092.767947438817
145,2264.0,11148.0
146,2252.27015955306,11207.665251145272
147,2252.0,11209.0
148,2224.0,11326.0
149,2216.449423428485,11349.346418272089
150,2166.0,11485.0
151,2155.4235508360466,11510.636203856104
152,2146.0,11526.0
153,2124.5760536692474,11562.11245818669
154,2116.0,11576.0
155,2068.82502822656,11639.258315751733
156,2057.0,11651.0
157,1984.6865124370775,11710.408796394548
158,1948.0,11737.0
159,1934.9721516120394,11745.26939552647
160,1916.0,11752.0
161,1874.9251145922105,11765.94817858481
162,1850.0,11772.0
163,1787.0,11774.0
164,1759.682677605663,11769.669033896058
165,1731.0,11762.0
166,1714.6660693839278,11756.263981917451
167,1669.0,11735.0
168,1647.84676273873,11722.490051195462
169,1615.0,11700.0
170,1595.3262805808054,11685.00985872514
171,1556.287042707957,11651.093904144
172,1546.0,11641.0
173,1500.0,11589.0
174,1476.3091485692407,11555.829977036523
175,1467.0,11541.0
176,1427.168822565201,11469.623297320386
177,1401.0,11419.0
178,1379.345268209896,11368.092724568362
179,1374.0,11353.0
180,1344.8384792998243,11269.736396337776
181,1299.0,11135.0
182,1273.6502036816757,11054.390323870055
183,1251.4329925920601,10980.426175532135
184,1251.0,10979.0
185,1208.5547964179757,10841.51287769873
186,1180.5002763932662,10752.570522672238
187,1180.0,10751.0
188,1153.4177447608474,10668.325716586965
189,1142.0,10632.0
190,1122.6263348168748,10569.279221315415
191,1107.0,10519.0
192,1082.9283542032417,10442.951278001417
193,1059.0,10368.0
194,1046.8152449296879,10329.692476498749
195,1040.0,10308.0
196,1019.1530182886193,10240.273238827469
197,991.0,10149.0
198,951.0,10024.0
199,947.5965366347581,10013.292654649646
200,915.0,9910.0
201,890.5205521144733,9833.487551089656
202,865.0,9755.0
203,830.0,9650.0
204,796.9964376360426,9554.240224686513
205,742.0,9397.0
206,691.0651971815081,9251.031791187119
207,656.0,9150.0
208,622.7767501521021,9054.380444177914
209,617.0,9038.0
210,591.0,8965.0
211,566.1455952551032,8894.363955853716
212,490.12380808548403,8675.291601658706
213,466.0,8606.0
214,449.42407322853,8558.757406396555
215,424.1757108634424,8488.082366677443
216,414.0,8459.0
217,394.40243774713196,8402.353276444173
218,347.0,8266.0
219,299.0625791168561,8130.485596479864
220,283.0,8085.0
221,237.2628119432094,7953.097527959614
222,204.0,7857.0
223,189.62681725780504,7816.46735208235
224,155.0,7719.0
225,144.83799512347605,7690.032723603611
226,101.82203831949025,7566.347104122089
227,101.0,7564.0
228,56.81371317445035,7439.091214574623
229,24.0,7345.0
230,-24.0,7203.0
231,-47.211663744466776,7136.13022656284
232,-102.0,6980.0
233,-154.9831312112218,6828.9005679954225
234,-164.0,6803.0
235,-226.0,6625.0
236,-242.26432914821305,6578.813043343075
237,-318.0,6365.0
238,-323.2785572558299,6349.901257725612
239,-375.0,6201.0
240,-385.4253235803338,6171.029878800559
241,-437.8605137440657,6020.679366015156
242,-444.0,6003.0
243,-482.47431542463596,5891.87389849957
244,-496.0,5853.0
245,-531.0,5753.0
246,-598.2439903714712,5562.041574419367
247,-637.0,5452.0
248,-657.5713551857287,5393.4732422357165
249,-757.6987437396198,5107.156582150385
250,-772.0,5066.0
251,-816.8483338119353,4936.3219674685
252,-831.0,4896.0
253,-871.5624237500009,4781.156545222252
254,-879.0,4760.0
255,-967.3539453506329,4505.815719651091
256,-992.0,4435.0
257,-1059.2850244990314,4244.237520743576
258,-1089.0,4160.0
259,-1124.8967483982403,4058.0196631193385
260,-1192.0,3867.0
261,-1239.6576979209162,3730.889399879945
262,-1253.0,3694.0
263,-1282.2806756062812,3613.8463880525637
264,-1310.0,3538.0
265,-1379.0,3348.0
266,-1422.561974348965,3228.8828802155235
267,-1455.0,3140.0
268,-1496.6086562302794,3024.896759801709
269,-1549.0,2880.0
270,-1577.1149652416511,2803.0106430172395
271,-1606.0,2724.0
272,-1649.1203936816805,2605.4125370783963
273,-1650.0,2603.0
274,-1702.0,2461.0
275,-1788.474323688778,2227.834143142697
276,-1805.0,2184.0
277,-1890.0,1960.0
278,-1937.3338041541376,1832.9020383028542
279,-1947.0,1806.0
280,-2033.7249145312476,1555.5995570693278
281,-2040.0,1537.0
282,-2094.0,1374.0
283,-2100.480631426464,1354.0721796401424
284,-2120.0,1292.0
285,-2125.7132933722883,1272.660598068798
286,-2148.0,1193.0
287,-2160.2579368462057,1146.7933344192375
288,-2178.0,1063.0
289,-2188.4463026191306,983.9759159501987
290,-2192.0,949.0
291,-2194.0,816.0
292,-2193.7866544730346,812.265270296427
293,-2187.0969107429064,757.4637983346419
294,-2187.0,757.0
295,-2167.143852320674,681.1676614317441
296,-2163.0,667.0
297,-2153.972096471667,638.5154862382997
298,-2126.0,608.0
299,-2081.0,577.0
300,-2066.3189577943613,569.3951951819702
301,-2018.0661780754724,565.672139594172
302,-2003.0,568.0
303,-1971.1676121956323,572.2469406610661
304,-1936.5925175593693,577.8853570388488
305,-1936.0,578.0
306,-1892.8253681151884,587.0574262752492
307,-1883.0,589.0
308,-1845.0,596.0
309,-1836.7586673130884,597.645233309175
310,-1799.0,604.0
311,-1792.317106808824,604.6992692583451
312,-1714.0,610.0
313,-1664.793539057884,610.1305514910898
314,-1625.0028547003474,591.8014832255659
315,-1617.0,587.0
316,-1581.277078105785,565.342520918429
317,-1576.0,562.0
318,-1567.0,556.0
319,-1493.0,457.0
320,-1486.551242026482,444.51232510500006
321,-1442.0,325.0
322,-1440.7329785015904,321.1130291237318
323,-1431.4169657610514,291.97620822259836
324,-1421.0,255.0
325,-1402.289433665709,182.15104643991558
326,-1402.0,181.0
327,-1377.9907801005988,84.18984335867727
328,-1374.0,68.0
329,-1364.2268549846935,28.31719699894206
330,-1351.0,-26.0
331,-1338.8067160444011,-76.68839538946791
332,-1307.4873441062707,-203.14740267097312
333,-1307.0,-205.0
334,-1267.5433724109905,-343.8316503062889
335,-1244.0,-421.0
336,-1216.7252908059493,-505.33614355515203
337,-1189.0,-577.0
338,-1180.1565055586507,-599.0029013851231
339,-1163.0,-641.0
340,-1072.0,-847.0
341,-1066.1471441249835,-858.889367277109
342,-958.3499737054663,-1050.4280535834962
343,-937.0,-1086.0
344,-906.3540299715437,-1136.845705675488
345,-874.9108157119327,-1185.0012537585012
346,-844.0,-1229.0
347,-756.8871881156067,-1349.6913991366982
348,-693.0,-1436.0
349,-666.0975389190952,-1470.8419843487372
350,-623.0,-1522.0
351,-577.5572295985332,-1574.9725806194065
352,-521.0,-1639.0
353,-423.0,-1743.0
354,-388.42433877377186,-1778.22788394602
355,-265.86254083053666,-1893.980047184441
356,-231.0,-1925.0
357,-50.0,-2083.0
358,15.730525794778114,-2139.8796832394405
359,74.55208948485642,-2189.6592380561888
360,112.0,-2221.0
361,181.53378368654558,-2279.3432397741853
362,206.0,-2300.0
363,313.0,-2391.0
364,344.9001789481921,-2418.1090733580645
365,459.7245781957874,-2515.0949449304726
366,493.0,-2543.0
367,600.8514767195784,-2633.2066214937645
368,640.0,-2666.0
369,899.0,-2885.0
370,915.689719676618,-2899.0832254376687
371,1025.0,-2991.0
372,1080.4292744136797,-3037.9330337228903
373,1186.0236679013206,-3127.375020121119
374,1201.0,-3140.0
375,1313.6564337977825,-3234.70788100912
376,1341.0,-3258.0
377,1405.0,-3313.0
378,1560.0,-3443.0
379,1624.995503543691,-3497.5863732980224
380,1771.7485902441917,-3620.3491176425696
381,1808.0,-3650.0
382,2024.522356120442,-3823.0485712809436
383,2117.0,-3896.0
384,2207.235147272058,-3966.31242771095
385,2326.0,-4049.0
386,2584.0,-4224.0
387,2603.5017834701343,-4236.881473420597
388,2776.144569156262,-4345.775536755809
389,2869.886473747165,-4402.204061498337
390,2881.0,-4409.0
391,3086.146173842933,-4525.608466797605
392,3111.0,-4538.0
393,3348.0156168151534,-4653.56700589916
394,3351.0,-4655.0
395,3437.3745200668836,-4694.304557582986
396,3481.0,-4713.0
397,3648.9059114076385,-4787.133674741048
398,3835.0,-4870.0
399,3923.8791530138524,-4909.840770569359
400,4000.0,-4942.0
401,4060.8292560686396,-4966.683121793189
402,4210.246137692835,-5026.306336486525
403,4212.0,-5027.0
404,4341.565297059966,-5077.786127607852
405,4378.0,-5092.0
406,4516.607530031685,-5146.06665776874
407,4519.0,-5147.0
408,4675.0,-5208.0
409,4725.888578243968,-5228.0713087908325
410,4831.0,-5270.0
411,4914.57925916246,-5303.560991626432
412,4973.0,-5320.0
413,5101.0,-5345.0
414,5141.102086712533,-5350.734169451634
415,5251.0,-5336.0
416,5286.5556927994585,-5326.19919381579
417,5397.0,-5292.0
418,5433.772670167311,-5276.354882470729
419,5498.0,-5241.0
420,5572.0,-5189.0
421,5592.04757880101,-5172.3531972348255
422,5628.0,-5137.0
423,5697.213644587735,-5052.1553035557445
424,5698.0,-5051.0
425,5742.470047321032,-4972.311159311478
426,5754.0,-4946.0
427,5769.362381862583,-4904.416651833879
428,5780.0,-4867.0
429,5784.0,-4849.0
430,5789.995844740148,-4810.608948116775
431,5794.000975359839,-4678.180235892556
432,5793.0,-4657.0
433,5774.0,-4537.0
434,5752.110943167867,-4459.55009932231
435,5738.0,-4418.0
436,5691.0,-4310.0
437,5661.634864963791,-4256.872157118192
438,5636.0,-4214.0
439,5592.0,-4148.0
440,5566.613681122206,-4114.471262907153
441,5505.710824718621,-4042.0119101579685
442,5489.0,-4024.0
443,5440.717698611598,-3976.334010090828
444,5412.0,-3952.0
445,5317.0,-3888.0
446,5255.701704906652,-3859.137576190097
447,5181.0,-3835.0
448,5068.0,-3812.0
449,4993.048050394895,-3803.016437537734
450,4798.0,-3785.0
451,4784.6749451615215,-3783.7386646544774
452,4679.57614579948,-3771.237485479352
453,4642.0,-3764.0
454,4513.704546028174,-3737.036102035946
455,4498.0,-3734.0
456,4299.076667670372,-3704.233075040553
457,4297.0,-3704.0
458,4173.0,-3692.0
459,4091.016547582192,-3684.783836950256
460,4033.0,-3680.0
461,3847.3913516589055,-3665.163602147927
462,3820.0,-3663.0
463,3689.0828358132676,-3653.149032418657
464,3632.0,-3649.0
465,3565.2024339903583,-3643.918849076398
466,3501.0,-3639.0
467,3339.0,-3626.0
468,3296.5981238281383,-3621.961623455997
469,3176.491135494026,-3608.9437158934425
470,3118.0,-3602.0
471,2957.0,-3572.0
472,2939.5884697538395,-3566.665848729031
473,2731.0,-3491.0
474,2650.6824078075106,-3454.331215422579
475,2607.0,-3428.0
476,2473.948055970133,-3351.764705012673
477,2471.0,-3350.0
478,2329.548994084552,-3260.2604850455664
479,2302.0,-3242.0
480,2216.770075699258,-3182.523482316856
481,2188.0,-3160.0
482,1939.391468772863,-2944.319812926538
483,1923.0,-2929.0
484,1829.8322266424557,-2824.5256126184026
485,1795.0,-2760.0
486,1784.8835167879938,-2740.679426233236
487,1715.0,-2595.0
488,1680.3150571566018,-2496.417361439761
489,1667.0,-2452.0
490,1643.395722393266,-2360.452621001242
491,1634.0,-2319.0
492,1614.4072217632797,-2223.50373461818
493,1594.0,-2110.0
494,1584.0006199236082,-2041.1645965774674
495,1580.0,-1997.0
496,1577.8737081283862,-1964.5402265888283
497,1575.0,-1902.0
498,1574.133882137349,-1864.8669800336124
499,1575.0,-1823.0
500,1582.3953220326566,-1723.075568281282
501,1586.0,-1684.0
502,1590.4870656767598,-1643.9744186365547
503,1598.0,-1616.0
504,1607.2925478597012,-1585.1351766926182
505,1623.0,-1543.0
506,1655.909491013235,-1490.8877396603068
507,1660.0,-1486.0
508,1684.0,-1462.0
509,1721.7773378124841,-1437.8027728320317
510,1792.0,-1411.0
511,1864.3440567024297,-1399.5173018788628
512,1923.0,-1397.0
513,1975.4829589080173,-1397.7201720369403
514,2025.4730425378598,-1401.2765640773036
515,2063.0,-1405.0
516,2086.172808950518,-1407.7181203368127
517,2148.196917236675,-1415.2795768449582
518,2171.0,-1417.0
519,2252.0,-1419.0
520,2258.6311257097723,-1418.7800690166293
521,2351.6259048560996,-1402.49288672004
522,2353.0,-1402.0
523,2461.0,-1351.0
524,2511.105960824082,-1318.6554768394917
525,2546.0,-1289.0
526,2591.226923363348,-1250.5018649093731
527,2627.0,-1217.0
528,2671.0,-1166.0
529,2674.5659257342586,-1161.1863938299423
530,2711.0,-1103.0
531,2735.6303908907394,-1040.2823975722956
532,2736.0,-1039.0
533,2760.7165975537514,-921.7268044056268
534,2761.0,-920.0
535,2767.847139376501,-865.9444779083924
536,2771.0,-820.0
537,2771.415694619229,-813.6425450598074
538,2776.528054061149,-727.9108914388903
539,2777.0,-718.0
540,2778.0,-647.0
541,2770.2296996447476,-562.0400110055053
542,2755.8413026450326,-461.41138171471306
543,2753.0,-444.0
544,2738.0,-397.0
545,2716.0974749864013,-348.0084881886576
546,2708.0,-332.0
547,2674.1020790201105,-277.73165257763674
548,2659.0,-258.0
549,2621.540473686339,-216.07895694391806
550,2599.0,-193.0
551,2486.0,-105.0
552,2475.408446891919,-99.15362198527414
553,2377.0,-49.0
554,2320.7706317234324,-25.023840285835494
555,2284.0711192687986,-20.150409926671372
556,2283.0,-20.0
557,2189.526102346644,-8.122213417139278
558,2188.0,-8.0
559,2097.0,-6.0
560,2066.415426394816,-7.279443523637022
561,1905.0,-24.0
562,1896.7842724713196,-25.026923371344814
563,1817.0,-36.0
564,1631.1902018084654,-64.86576173311603
565,1611.0,-68.0
566,1483.0,-86.0
567,1475.508161080779,-86.94919095623348
568,1288.0,-111.0
569,1251.6594453971456,-115.78619544355723
570,1138.0,-131.0
571,1127.3713504273364,-132.42811902652298
572,1037.0,-145.0
573,894.0,-169.0
574,869.5698394127089,-173.28867001893556
575,775.0,-190.0
576,695.0,-204.0
577,682.6342758831163,-206.12726048852198
578,453.40621452056394,-243.6019333709373
579,437.0,-246.0
580,333.476881185633,-258.968071104345
581,245.0,-262.0
582,56.373280190920745,-243.30569665084886
583,55.0,-243.0
584,-40.0,-216.0
585,-129.10576518398466,-186.2667118750326
586,-176.0,-164.0
587,-298.90095599911035,-86.60637323210405
588,-433.0,13.0
589,-491.52014793778335,68.23729382406509
590,-534.0,138.0
591,-563.6998780099336,186.1734975933892
592,-677.0,369.0
593,-713.1143347275165,426.90832132177
594,-765.8494879808673,514.3941823337422
595,-798.0,570.0
596,-924.0,789.0
597,-954.8117700205294,844.3365229194637
598,-964.0,868.0
599,-994.3838606176828,936.6049653795823
600,-1033.0,1031.0
601,-1051.8544414042942,1087.376895715689
602,-1068.0,1143.0
603,-1084.1823747186731,1207.0485213787367
604,-1096.0,1265.0
605,-1105.677538111751,1321.9992152819625
606,-1110.0,1356.0
607,-1118.6400626153143,1471.6698918437955
608,-1121.0,1545.0
609,-1119.1287307020195,1608.0363337921603
610,-1115.3044246372594,1640.6976476214288
611,-1115.0,1645.0
612,-1115.0890008433441,1657.3712976223353
613,-1115.0,1658.0
614,-1099.0,1734.0
615,-1092.8598195817833,1751.4510862352915
616,-1046.6908322433653,1846.93599928334
617,-1038.0,1862.0
618,-1010.5102132766764,1896.8603792659037
619,-981.0,1912.0
620,-959.0182653975965,1922.5207600044532
621,-901.4820653166583,1947.1572376991062
622,-886.0,1952.0
623,-825.4795192587408,1963.7677718908108
624,-824.0,1964.0
625,-769.0,1972.0
626,-691.1741323727274,1977.9317641577634
627,-690.0,1978.0
628,-603.6071773187654,1983.7768608677206
629,-525.0,1993.0
630,-388.14126241796407,2012.0332020511185
631,-373.0,2014.0
632,-250.85843648433973,2022.5846346730023
633,-242.0,2023.0
634,-168.0,2027.0
635,-116.2150165876964,2029.4285489654208
636,-14.0,2034.0
637,18.033716815677302,2035.7056254630606
638,77.0,2039.0
639,133.12103818370693,2041.9431477052478
640,195.0,2045.0
641,328.0,2052.0
642,348.9735986149185,2053.649990614463
643,474.18131017231025,2067.770801072441
644,476.0,2068.0
645,663.5985518085264,2092.415830923441
1,760.5051844050929,2103.5502331431044
2,835.0,2112.0
3,976.1807446801911,2128.0951131889883
4,1132.6116689210166,2145.844675561794
5,1134.0,2146.0
6,1246.0,2158.0
7,1255.007671287896,2158.9876444785386
8,1426.479721165145,2178.3254860874495
9,1458.0,2182.0
10,1559.0,2194.0
11,1571.8671982557812,2195.5205700135107
12,1686.8029235927438,2208.8785674184023
13,1732.0,2214.0
14,1931.0,2236.0
15,1993.0605743387744,2242.90506583815
16,2199.0,2266.0
17,2354.7045417465342,2283.667847520842
18,2531.3909894805965,2303.81808475916
19,2533.0,2304.0
20,2741.2487213408494,2327.3683246576898
21,2853.0254028718978,2339.8683284134313
22,2872.0,2342.0
23,2924.532270623773,2347.94273913819
24,2934.0,2349.0
25,3121.0,2370.0
26,3181.5786947793104,2377.02635742017
27,3408.5561430237444,2403.7245464647112
28,3464.0,2410.0
29,3566.4506664360374,2420.39661487311
30,3643.0,2426.0
31,3651.2244428105,2426.576498375876
32,3838.4796926790905,2443.649019873741
33,3841.0,2444.0
34,3997.0,2470.0
35,4052.899089623137,2481.7414501214216
36,4134.0,2517.0
37,4164.295665815428,2534.4200312161943
38,4225.0,2574.0
39,4279.26951059112,2626.3415695543395
40,4296.0,2647.0
41,4317.0,2676.0
42,4345.268441545664,2726.159184493299
43,4367.0,2793.0
44,4374.268955150895,2827.8202116912744
45,4393.0,2963.0
46,4397.802368930701,3013.8056651540737
47,4397.96887687193,3052.835233957402
48,4397.0,3093.0
49,4395.0,3160.0
50,4393.064252893715,3195.6263992582053
51,4380.0,3360.0
52,4378.119585087338,3377.99905428569
53,4365.0,3464.0
54,4357.391090221785,3511.9656454032797
55,4344.0,3594.0
56,4338.104493112189,3627.2381660800766
57,4334.0,3650.0
58,4319.802806085695,3729.0315877796684
59,4293.0,3858.0
60,4284.650444417819,3894.641130433844
61,4257.0,4013.0
62,4250.723630256143,4039.6034866402274
63,4227.0,4133.0
64,4218.845330054537,4162.677942892647
65,4186.0,4281.0
66,4161.65877215393,4368.645560163737
67,4144.0,4432.0
68,4127.013642910973,4492.595525042844
69,4099.0,4585.0
70,4074.2228773917795,4656.622938110337
71,4049.0,4725.0
72,4029.0,4776.0
73,4000.8931353889384,4843.471507952876
74,3954.0,4934.0
75,3867.2353826043504,5048.903144143993
76,3779.0,5138.0
77,3680.2195001312493,5207.137688676213
78,3600.0408654050248,5246.526594318222
79,3599.0,5247.0
80,3482.3137899029484,5294.1378779554725
81,3423.0,5314.0
82,3201.9484835363946,5382.398050653367
83,3200.0,5383.0
84,3113.967194968122,5410.580988238674
85,3063.0,5430.0
86,2999.181858797294,5452.740453674744
87,2953.0,5469.0
88,2813.0,5518.0
89,2746.8407822914414,5542.125722828207
90,2705.0,5560.0
91,2598.307475517342,5623.888938320735
92,2562.0,5652.0
93,2472.0,5735.0
94,2462.98194313572,5744.305961345682
95,2355.0,5874.0
96,2294.4960466114826,5965.372032007154
97,2209.0,6146.0
98,2168.982698639133,6283.441146556216
99,2160.0,6321.0
100,2141.0,6524.0
101,2144.9640798457663,6619.163350086986
102,2151.0,6702.0
103,2158.5578564369903,6770.018534698693
104,2166.0,6825.0
105,2193.0,7007.0
106,2202.491791917738,7065.230052017127
107,2213.0,7128.0
108,2243.1585945686393,7307.839926722676
109,2264.0,7430.0
110,2271.405263739798,7472.43223497763
111,2293.062519577365,7592.220157055159
112,2305.0,7658.0
113,2327.0,7781.0
114,2329.63194948181,7796.015568371171
115,2356.0,7951.0
116,2366.822767032504,8019.620678714557
117,2375.0,8076.0
118,2382.9874253262205,8135.247187617797
119,2393.0,8217.0
120,2398.008525944886,8263.134874165824
121,2411.2875853954397,8420.791683909207
122,2414.0,8470.0
123,2418.0,8598.0
124,2418.6015677746564,8644.413947691442
125,2419.0,8742.0
126,2419.0,8935.0
127,2418.1518199942284,8998.587152292526
128,2417.0,9064.0
129,2415.4116767985442,9151.903503804204
130,2414.0,9212.0
131,2406.614954862022,9413.224073430114
132,2406.0,9429.0
133,2402.038995677842,9529.725185042342
134,2399.0,9590.0
135,2391.642129098761,9715.50038170831
136,2380.0,9898.0
137,2373.93964281639,9983.29250737412
138,2369.0,10045.0
139,2362.642196172071,10129.886179900952
140,2346.0,10354.0
141,2337.1245843498655,10467.380811366338
142,2327.408259193873,10580.839489035923
143,2326.0,10597.0
144,2313.3103560645036,10738.736506801522
145,2313.0,10742.0
146,2297.0,10898.0
147,2290.716369778483,10955.122095469067
148,2284.0,11012.0
149,2262.2869174019197,11158.399820866827
150,2253.0,11206.0
151,2242.887001515247,11251.48567806355
152,2232.0,11296.0
153,2217.156447181349,11350.948715393934
154,2198.0,11409.0
155,2188.8168450868707,11432.452547035158
156,2165.0,11487.0
157,2149.367800055267,11520.746719720648
158,2136.0,11544.0
159,2072.8158420056075,11629.154196109737
160,2047.0,11661.0
161,2014.4976312488461,11694.402739530124
162,1989.0,11711.0
163,1961.0,11729.0
164,1892.7129736451197,11758.502782339217
165,1845.0,11773.0
166,1833.3778593924026,11775.870215395946
167,1790.6843250801264,11777.002985099673
168,1768.0,11771.0
169,1727.011176679066,11758.964776682518
170,1675.0,11738.0
171,1640.0,11716.0
172,1630.330414878828,11709.381534089502
173,1594.0,11683.0
174,1530.0,11624.0
175,1525.9739828507943,11619.461073951348
176,1493.0,11578.0
177,1485.586897398003,11567.799611617484
178,1458.0,11526.0
179,1445.993138322218,11505.308890120805
180,1405.0,11426.0
181,1398.8956135410995,11413.07795719838
182,1369.6395234805057,11341.302613104705
183,1364.0,11326.0
184,1346.1641121224197,11276.333491364247
185,1337.0,11250.0
186,1308.0,11161.0
187,1295.416299190079,11120.736848119623
188,1250.0,10974.0
189,1246.4649053027495,10962.609176365127
190,1220.0048879223527,10878.465953513063
191,1200.0,10815.0
192,1167.0,10709.0
193,1153.0549649116774,10664.407354002184
194,1108.0,10521.0
195,1067.2861758937045,10393.051637787306
196,1038.0,10301.0
197,1028.856533814496,10271.529789312734
198,997.0,10168.0
199,993.901029827602,10158.180144251424
200,970.0,10083.0
201,962.583921660687,10059.708313830128
202,922.1986681482388,9932.628230255224
203,922.0,9932.0
204,873.2278037133233,9778.695664269928
205,873.0,9778.0
206,833.2860020421763,9659.45154459797
207,784.0,9516.0
208,779.2100825713879,9502.120493364553
209,695.0,9260.0
210,691.3271509476948,9249.531672450663
211,655.9630548401727,9149.36408554282
212,632.0,9081.0
213,613.4769871391497,9027.735207509186
214,593.0,8969.0
215,543.4338304188501,8828.767119175625
216,533.0,8799.0
217,468.0,8611.0
218,438.4395898061222,8526.13691275406
219,381.0,8362.0
220,348.0157964432106,8268.044584001082
221,299.48638090203104,8130.541260055294
222,276.0,8064.0
223,250.61333543041496,7991.87082388371
224,218.0,7898.0
225,193.70617898837574,7827.352200421223
226,160.0,7730.0
227,138.64362967441903,7669.534656899737
228,100.0,7561.0
229,84.19307584225984,7516.041150956127
230,46.0,7406.0
231,40.93238159144273,7391.25836540023
232,-2.0,7266.0
233,-34.32366919338069,7173.732315137007
234,-79.0,7047.0
235,-99.84364715909096,6986.879086219891
236,-123.0,6920.0
237,-204.01463970192628,6689.036099941674
238,-223.0,6635.0
239,-307.0,6395.0
240,-311.7885479806016,6381.337314953803
241,-341.0,6298.0
242,-357.49535819365235,6250.836778093493
243,-414.5643042268396,6087.1455666041775
244,-431.0,6040.0
245,-476.0,5911.0
246,-483.2423114765096,5890.232952781554
247,-567.0,5650.0
248,-599.4373405082688,5556.911170537966
249,-619.8184550615567,5498.838208235633
250,-624.0,5487.0
251,-698.4137930819863,5275.687416125337
252,-699.0,5274.0
253,-747.0,5135.0
254,-816.4845496671866,4937.0711934637575
255,-857.0,4822.0
256,-893.6462212357255,4716.834514110673
257,-932.0,4607.0
258,-1032.243095404397,4321.655938097171
259,-1043.0,4291.0
260,-1147.872924803709,3990.5271763056276
261,-1189.0,3873.0
262,-1199.7899483188774,3842.9506510867677
263,-1219.0,3790.0
264,-1233.2911681896448,3750.21020087796
265,-1285.0,3606.0
266,-1296.5642263730192,3573.8638664349273
267,-1369.2800664345373,3372.983497355609
268,-1370.0,3371.0
269,-1486.0,3052.0
270,-1557.7594326374176,2855.6815006286633
271,-1604.53827031814,2727.751013641134
272,-1615.0,2699.0
273,-1647.5857949596564,2608.8337898987984
274,-1681.3484262517354,2515.5540437069117
275,-1701.0,2462.0
276,-1757.5968253118808,2308.7776526736598
277,-1788.0,2227.0
278,-1823.5569013944714,2132.9057873385996
279,-1845.0,2077.0
280,-1885.323983285121,1971.6215575375013
281,-1939.0,1828.0
282,-2008.0,1631.0
283,-2017.9612637333612,1601.98000387211
284,-2053.0,1499.0
285,-2066.3063191859633,1459.3009963998052
286,-2096.0,1368.0
287,-2106.6710146855894,1333.2199080723115
288,-2114.0,1309.0
289,-2154.0,1169.0
290,-2166.763842397345,1109.5711710228875
291,-2188.0,987.0
292,-2188.963196696219,980.8880392104336
293,-2192.7252416515835,945.6409270354517
294,-2193.0,931.0
295,-2193.485331383957,880.3792607856544
296,-2193.0,807.0
297,-2192.320903177414,792.9176271286327
298,-2187.0,760.0
299,-2183.0493546407233,738.7018816288225
300,-2177.0,709.0
301,-2161.8443398814634,659.8882181294333
302,-2146.0,634.0
303,-2113.0,596.0
304,-2110.2128251583244,593.2286162084283
305,-2085.0,579.0
306,-2055.896749976866,571.4634475150635
307,-2029.0,568.0
308,-2025.4338673634638,567.9219613248513
309,-2003.0,569.0
310,-1982.3774455291868,570.4982174544899
311,-1964.0,573.0
312,-1881.0,590.0
313,-1868.1715597569016,592.7162698696995
314,-1829.0,600.0
315,-1825.4576329055562,600.5935166739528
316,-1785.9703126667002,606.7656887594834
317,-1775.0,608.0
318,-1724.0,610.0
319,-1703.9648459950847,609.0478702606006
320,-1673.0,605.0
321,-1632.5261233413469,593.5007692825842
322,-1617.0,587.0
323,-1593.1840535302108,574.4068796068336
324,-1561.0,551.0
325,-1548.9833159552886,539.6279180945642
326,-1503.0,477.0
327,-1483.956570783939,438.6496584929945
328,-1481.0,432.0
329,-1452.4415319751288,359.93131483712966
330,-1450.0,353.0
331,-1433.7433413434935,300.9720873807666
332,-1430.0,288.0
333,-1411.0,219.0
334,-1403.9854930714137,190.79234428769863
335,-1393.0,145.0
336,-1389.3124119465876,130.02676838015108
337,-1375.0,73.0
338,-1362.0670687745203,21.38512898936329
339,-1350.0,-28.0
340,-1317.0,-165.0
341,-1314.1647636415491,-176.46792219372333
342,-1259.485089256169,-371.49499014889597
343,-1259.0,-373.0
344,-1222.7226608420679,-480.1577569686413
345,-1186.4696201473337,-580.7371930559032
346,-1186.0,-582.0
347,-1164.6131243935433,-637.5751135920091
348,-1137.0,-702.0
349,-1093.2022365892233,-798.9831318131411
350,-1050.0,-889.0
351,-997.0,-985.0
352,-981.4139023962709,-1011.1090519467282
353,-896.0,-1150.0
354,-889.6794248057117,-1160.1724712253144
355,-823.0,-1260.0
356,-776.5279852270314,-1322.6411832481274
357,-676.3716014825477,-1454.523462282675
358,-634.0,-1509.0
359,-574.6928802615748,-1581.8584355593787
360,-528.376600486166,-1632.3222205237748
361,-504.0,-1658.0
362,-373.9688793167355,-1791.0429576295141
363,-373.0,-1792.0
364,-299.0,-1863.0
365,-259.569177437112,-1899.758737216658
366,-223.0,-1933.0
367,-81.877700762318,-2056.1346673392677
368,15.0,-2139.0
369,41.352648839317204,-2161.400650867059
370,214.84083360794887,-2306.803440528245
371,227.0,-2317.0
372,307.84921485163045,-2385.0192275021636
373,405.9202111754025,-2467.942601088816
374,466.0,-2519.0
375,509.6774126899171,-2556.3879931073957
376,575.0,-2612.0
377,690.7268056823771,-2709.4972370446985
378,883.180467410086,-2871.1316263991166
379,908.0,-2892.0
380,947.5537315098336,-2925.486422786112
381,1020.0,-2987.0
382,1185.0148563438474,-3126.7076094915865
383,1209.0,-3147.0
384,1328.1142917851344,-3247.592811076033
385,1374.6177764733752,-3286.5752717019423
386,1400.0,-3308.0
387,1477.801977812541,-3373.8276739827197
388,1605.0,-3481.0
389,1638.749380936706,-3509.2720411098258
390,1787.0,-3633.0
391,1835.4271905990977,-3673.248171122208
392,1959.0,-3772.0
393,2009.8143161545645,-3811.572628431628
394,2176.0,-3940.0
395,2234.24185256922,-3984.201532842353
396,2377.2993838720904,-4084.8412492681023
397,2379.0,-4086.0
398,2530.0,-4188.0
399,2660.1729352161537,-4272.925754809819
400,2690.0,-4292.0
401,2806.1603647480692,-4363.908257370709
402,2808.0,-4365.0
403,3096.0,-4529.0
404,3157.069506330563,-4562.112283207554
405,3213.032469090721,-4588.7118948262
406,3237.0,-4600.0
407,3368.563782722134,-4662.005342264388
408,3388.0,-4671.0
409,3573.0,-4754.0
410,3632.582480543191,-4780.407850102113
411,3748.2766927208004,-4831.67863045628
412,3749.0,-4832.0
413,3986.0,-4935.0
414,4250.0,-5042.0
415,4284.595181404044,-5055.813442082404
416,4381.824433169291,-5093.136177064383
417,4410.0,-5104.0
418,4683.0,-5211.0
419,4725.340663674047,-5228.202994953614
420,4834.871478899269,-5271.633499302524
421,4836.0,-5272.0
422,4988.27804850423,-5317.465139698716
423,5084.0,-5343.0
424,5119.605062176792,-5350.245023994437
425,5170.0,-5346.0
426,5179.106647981404,-5344.827998318373
427,5283.0,-5329.0
428,5346.129317714432,-5312.647378612293
429,5416.188994098497,-5283.680865629311
430,5426.0,-5279.0
431,5488.718664490437,-5245.811356051338
432,5516.0,-5229.0
433,5587.2735061764715,-5175.619429579307
434,5588.0,-5175.0
435,5654.263726559791,-5107.78934685756
436,5662.0,-5098.0
437,5733.0,-4992.0
438,5737.364341881388,-4984.21455674924
439,5767.0,-4913.0
440,5786.0,-4837.0
441,5787.540686367071,-4828.043546387459
442,5794.039605418067,-4668.930075958812
443,5794.0,-4668.0
444,5776.0,-4545.0
445,5724.596024136296,-4384.6953111569055
446,5724.0,-4383.0
447,5697.0,-4323.0
448,5663.794987232837,-4262.983790576447
449,5618.0,-4186.0
450,5600.23021274186,-4159.43359561047
451,5535.074875937775,-4075.528087438847
452,5527.0,-4066.0
453,5463.0,-3998.0
454,5453.656628532512,-3989.6955002642235
455,5302.0,-3880.0
456,5281.867485307409,-3868.653040894002
457,5175.0,-3834.0
458,5102.276785723749,-3817.841909409857
459,4996.0,-3802.0
460,4806.018132352698,-3785.208559826274
461,4804.0,-3785.0
462,4549.689344835697,-3745.1205709911624
463,4549.0,-3745.0
464,4419.446000272166,-3723.219391571699
465,4322.0,-3708.0
466,4308.0,-3706.0
467,4197.323326864019,-3694.3785933618874
468,3989.0,-3676.0
469,3976.508488852663,-3675.0025871561397
470,3832.0,-3665.0
471,3808.2473496156854,-3663.1643346959513
472,3660.508664142708,-3651.1196778993904
473,3659.0,-3651.0
474,3541.66753314803,-3642.0522360257687
475,3499.0,-3639.0
476,3345.5936005213584,-3627.3449982406178
477,3322.0,-3625.0
478,3115.0,-3602.0
479,2985.514347841675,-3583.6728352524406
480,2898.0,-3555.0
481,2874.8052697080593,-3547.0907071720285
482,2771.0,-3509.0
483,2726.522118383467,-3489.434362103764
484,2605.213897247079,-3427.446308494933
485,2577.0,-3412.0
486,2457.0,-3341.0
487,2280.4330080738932,-3226.8228064805808
488,2266.0,-3217.0
489,2171.146404682704,-3148.223548325584
490,2129.0,-3115.0
491,1991.3080895071234,-2997.643312707974
492,1979.0,-2986.0
493,1867.0,-2864.0
494,1849.787463412551,-2841.174981125936
495,1791.0,-2752.0
496,1723.0,-2616.0
497,1702.9542218626339,-2559.9403165267813
498,1631.0,-2309.0
499,1597.0708843814486,-2155.3372859187507
500,1585.0,-2048.0
501,1580.3116966146865,-1993.9179525579984
502,1575.352507946405,-1923.1412750302984
503,1574.0,-1900.0
504,1571.8418454886487,-1839.1532253860362
505,1575.9188819597805,-1775.8338670828418
506,1576.0,-1775.0
507,1591.8990387324184,-1644.6817298292165
508,1592.0,-1644.0
509,1606.0,-1587.0
510,1613.8513877397513,-1566.527766044594
511,1633.0,-1524.0
512,1641.9948488942157,-1508.5660003567941
513,1679.623351716161,-1464.440733178644
514,1695.0,-1453.0
515,1723.3642436067807,-1436.887808433041
516,1747.0,-1426.0
517,1785.892521130677,-1412.8504034822981
518,1806.0,-1409.0
519,1912.0,-1397.0
520,1933.0385057373278,-1395.5059361207877
521,1957.0,-1397.0
522,2013.9457730508866,-1401.8626255896297
523,2099.0,-1409.0
524,2187.005399876233,-1415.0054133727608
525,2256.271627792828,-1417.4241685862953
526,2278.0,-1417.0
527,2302.412464489491,-1414.927242196749
528,2338.0,-1406.0
529,2378.8762341503416,-1392.1141685233797
530,2394.0,-1386.0
531,2434.21330268768,-1366.0573120548697
532,2485.0,-1334.0
533,2508.185487979322,-1317.6760644436863
534,2563.0,-1274.0
535,2624.5837553478086,-1217.583672561144
536,2643.0,-1199.0
537,2696.0,-1129.0
538,2710.817081709877,-1100.8299594684963
539,2732.7607964599442,-1047.7046356142096
540,2733.0,-1047.0
541,2755.699533899757,-951.6869266447568
542,2759.0,-929.0
543,2769.360496199191,-831.8444481863881
544,2772.0,-802.0
545,2775.0,-750.0
546,2777.0151909061783,-715.8365308016441
547,2778.0,-668.0
548,2775.5640677511965,-613.2771193225398
549,2761.1195696635577,-477.8168222109801
550,2761.0,-477.0
551,2752.055149339685,-431.8091784023919
552,2735.0,-390.0
553,2720.433964581938,-358.0551701157532
554,2703.0,-323.0
555,2677.516361881321,-280.5039223112483
556,2610.2768583210855,-204.26217796858484
557,2610.0,-204.0
558,2587.0,-183.0
559,2565.508853199083,-164.08955209050993
560,2538.0,-143.0
561,2476.032109030747,-103.5867672179359
562,2398.0,-59.0
563,2361.7516388537692,-40.43058877160313
564,2332.599102805827,-31.165551842239207
565,2291.0,-23.0
566,2230.0,-12.0
567,2193.492780496787,-9.469135905742185
568,2019.54187493105,-11.977909198661672
569,2019.0,-12.0
570,1959.5498995855646,-15.875503613139795
571,1906.0,-24.0
572,1871.9574165988033,-28.885363960879587
573,1768.0,-44.0
574,1644.7075353532239,-63.42567911743785
575,1581.0,-73.0
576,1295.7036601293607,-110.66717879236572
577,1285.0,-112.0
578,1186.0,-125.0
579,1142.4803164254536,-131.41229316750383
580,894.0,-169.0
581,855.9396261150157,-175.8055517721173
582,829.0,-181.0
583,773.2972977836056,-190.67757950810523
584,684.0,-206.0
585,523.3415159805719,-233.78694992120165
586,522.0,-234.0
587,360.2251258571576,-255.66296661590258
588,318.0,-259.0
589,251.4820108812092,-261.7901443254538
590,196.0,-261.0
591,61.0,-244.0
592,35.27364239236496,-238.04090936388678
593,-88.0,-199.0
594,-206.0639352516646,-150.04730924269447
595,-220.0,-143.0
596,-281.0,-108.0
597,-326.1289283492016,-78.0256938091976
598,-417.0,-2.0
599,-438.93306313213424,20.56048082134641
600,-529.0,129.0
601,-546.9869223943798,154.1773938290715
602,-624.8746757696005,282.08080176455655
603,-626.0,284.0
604,-686.0,386.0
605,-731.1193371587976,460.9936700027734
606,-761.0,510.0
607,-816.1126372598212,599.3228330527533
608,-878.2507803087882,706.1941312650131
609,-888.0,724.0
610,-976.0,892.0
611,-1014.1382287244966,974.5552162031967
612,-1033.0,1030.0
613,-1035.9858694894858,1039.3032783675628
614,-1072.0252046677497,1159.0364068297667
615,-1084.0,1206.0
616,-1092.7717840076757,1247.2339165823378
617,-1100.0,1289.0
618,-1111.729683501167,1374.8819144588242
619,-1113.0,1386.0
620,-1120.9892546577894,1511.1633299843088
621,-1121.0,1512.0
622,-1120.0,1581.0
623,-1115.0,1645.0
624,-1114.0133197274151,1658.1016272878762
625,-1111.0,1672.0
626,-1108.4495076674102,1682.30200862233
627,-1078.0,1798.0
628,-1076.0342153344125,1804.2417720321296
629,-1030.0,1871.0
630,-991.3069378272914,1896.7363887381389
631,-896.0,1949.0
632,-844.0956379220672,1965.8745516578165
633,-794.0,1969.0
634,-769.2259685724835,1971.1004146427986
635,-679.0,1979.0
636,-670.6740419588109,1979.6274714234082
637,-584.0,1986.0
638,-514.0,1995.0
639,-499.42032753385064,1997.3182804373832
640,-432.0,2007.0
641,-278.0,2021.0
642,-239.2688273352069,2024.1994486183162
643,-175.0,2027.0
644,-110.52155098153172,2030.1084704497102
645,-34.0,2034.0
646,168.23493265646636,2044.023021957826
647,209.0,2046.0
648,264.17932553978295,2048.6366782550476
649,358.2382650669131,2054.104031308767
650,389.0,2057.0
651,498.0,2071.0
1,708.2409208914186,2097.634189789407
2,746.4807238857125,2102.553913985916
3,875.2266397277328,2117.1085334872837
4,946.0,2125.0
5,973.0,2128.0
6,1094.0,2141.0
7,1114.7638619019729,2143.2562065573316
8,1272.0,2161.0
9,1329.9558328626224,2167.687279882855
10,1549.1047357343189,2193.170328021763
11,1609.0,2200.0
12,1654.7412034299678,2204.8943103290944
13,1695.0,2209.0
14,1728.254603274689,2212.690540270409
15,1898.0,2232.0
16,2197.5558370624453,2266.020343998599
17,2215.0,2268.0
18,2360.658097997089,2284.5586638959817
19,2408.0,2290.0
20,2496.682800055384,2300.172255774226
21,2513.0,2302.0
22,2617.8001690127967,2313.2804480128234
23,2679.0,2320.0
24,2890.461078078518,2344.828730139594
25,2892.0,2345.0
26,3031.0,2360.0
27,3075.5831250065276,2365.1489361951517
28,3200.0,2380.0
29,3309.0,2392.0
30,3385.9958296505524,2400.670583705387
31,3434.0,2406.0
32,3627.0,2425.0
33,3685.6540242479123,2429.649537604089
34,3837.0,2443.0
35,3864.189101901652,2446.6737671521096
36,4046.4951407380327,2484.907838685656
37,4089.0,2498.0
38,4123.9481871265925,2510.9101807553475
39,4190.578064556888,2546.488512995755
40,4237.0,2583.0
41,4247.8223182304055,2592.8389640125456
42,4303.21658828131,2655.8344513442535
43,4304.0,2657.0
44,4349.98465678762,2744.24780340608
45,4354.0,2754.0
46,4375.0,2824.0
47,4378.228351864747,2839.88846981314
48,4393.0,2961.0
49,4395.647171908089,3006.998106963625
50,4397.0,3072.0
51,4396.5173638459855,3118.304008303288
52,4395.0,3165.0
53,4386.919553113905,3289.635204262384
54,4386.0,3300.0
55,4375.0,3401.0
56,4367.658581445693,3452.031093736726
57,4361.0,3494.0
58,4350.134815632415,3558.5926238671036
59,4339.0,3622.0
60,4325.0,3698.0
61,4316.276391427111,3741.7903515872576
62,4281.131215994509,3910.3823854533807
63,4281.0,3911.0
64,4255.0,4022.0
65,4250.383142716564,4040.562942930367
66,4231.0,4117.0
67,4222.838907896431,4147.762379106127
68,4168.0,4347.0
69,4164.000254898854,4361.425131746335
70,4132.683857649486,4474.136393364116
71,4110.472485507541,4548.305788751776
72,4099.0,4583.0
73,3792.0,5127.0
74,3742.7533280054404,5164.479589718977
75,3691.0,5199.0
76,3646.467787642304,5224.607186370084
77,3579.0,5256.0
78,3473.600272410658,5296.438430660264
79,3472.0,5297.0
80,3133.302080206856,5405.578626627216
81,3132.0,5406.0
82,3056.3916024365144,5432.249906206082
83,3011.0,5449.0
84,2967.636942573781,5464.506056141858
85,2821.641873616095,5515.650870868982
86,2780.0,5530.0
87,2702.0,5562.0
88,2685.963664540509,5571.254721327743
89,2528.0,5682.0
90,2346.03853944975,5875.8319145751475
91,2269.4677036357148,6010.146612899103
92,2269.0,6011.0
93,2219.0,6120.0
94,2215.7345606363324,6129.373406108033
95,2165.342342689864,6299.711854573046
96,2153.0,6364.0
97,2141.2426777280375,6494.200647143285
98,2141.0,6513.0
99,2149.0,6681.0
100,2159.7184954127342,6786.708819408974
101,2176.0,6894.0
102,2188.4546182580216,6974.534066737784
103,2216.0,7149.0
104,2220.5812102037676,7177.02671194347
105,2244.0,7314.0
106,2261.9551524637673,7416.329120373035
107,2281.0,7524.0
108,2308.0,7676.0
109,2317.427804647136,7729.380357080244
110,2358.0,7966.0
111,2374.1715255418812,8071.009708524584
112,2390.6610735950426,8192.636170599255
113,2397.0,8246.0
114,2403.851581412099,8313.831685557765
115,2411.0,8418.0
116,2413.1472068051885,8458.968329648698
117,2417.0,8561.0
118,2418.5109752995622,8644.302146087095
119,2419.116787063339,8926.062040812874
120,2419.0,8960.0
121,2418.2335693300583,9033.372235140478
122,2417.0,9088.0
123,2414.455386948586,9209.772441971672
124,2414.0,9226.0
125,2407.0,9404.0
126,2405.022830801552,9449.623757531048
127,2397.575253290972,9613.306820692498
128,2395.0,9662.0
129,2388.397563413185,9770.818485232548
130,2387.0,9792.0
131,2367.732139717748,10066.859316506572
132,2364.0,10118.0
133,2344.016091475821,10375.380147838843
134,2337.0,10461.0
135,2329.914830064603,10545.961849682184
136,2326.0,10592.0
137,2320.9543686172187,10651.082468427761
138,2316.0,10706.0
139,2306.4277239295297,10803.19827476367
140,2282.698380630739,11016.97812314424
141,2280.0,11039.0
142,2137.0,11542.0
143,2116.431559887159,11575.898915838776
144,2080.0,11626.0
145,2030.380415680913,11676.272275041547
146,2004.0,11700.0
147,1983.3525650122729,11717.165508196376
148,1932.2390756579991,11744.898076902165
149,1932.0,11745.0
150,1869.0,11768.0
151,1850.879966883445,11771.803629094582
152,1803.0,11775.0
153,1756.0,11769.0
154,1733.7399485780224,11762.919737185792
155,1690.0,11745.0
156,1648.7721117748529,11722.023728501857
157,1639.0,11716.0
158,1602.7593349774672,11691.87352592305
159,1571.0,11664.0
160,1516.3794711840694,11605.699477351087
161,1494.0,11580.0
162,1480.2768815361324,11563.109830961152
163,1467.777084288001,11542.364758954089
164,1463.0,11534.0
165,1435.49555819537,11486.214470835583
166,1420.0,11457.0
167,1399.563353330664,11413.76133816112
168,1393.0,11399.0
169,1348.26669528956,11282.786206456536
170,1348.0,11282.0
171,1325.3070925509548,11213.07317705216
172,1319.0,11194.0
173,1313.0,11176.0
174,1297.4176176528858,11128.343170245527
175,1259.0,11005.0
176,1237.1414798775809,10934.433944171353
177,1215.0,10863.0
178,1193.4539395290096,10793.994300750666
179,1175.0,10736.0
180,1148.9134405075492,10653.15343971935
181,1109.0,10526.0
182,1083.3320266869214,10443.490086481677
183,1062.0,10375.0
184,1055.0463822864463,10352.809525510324
185,998.7820033432357,10174.10284433096
186,994.0,10159.0
187,958.5098730210862,10047.780037732371
188,939.0,9986.0
189,908.2144943124007,9887.066673029836
190,892.0,9836.0
191,842.0,9686.0
192,832.0844278527966,9656.73312320514
193,780.0,9504.0
194,750.6778707656058,9419.18765573716
195,686.2464683941154,9235.106502467648
196,682.0,9223.0
197,650.7254751729158,9133.881054043122
198,634.0,9086.0
199,591.5699681905487,8964.290135782061
200,576.0,8920.0
201,531.4965596205109,8794.683560531725
202,517.0,8753.0
203,488.0,8668.0
204,469.1190174541685,8613.753435970542
205,381.0,8365.0
206,332.4467889385507,8224.566745922102
207,325.0,8203.0
208,273.0,8054.0
209,256.41517290197703,8006.944348899216
210,209.575046223956,7874.726689393146
211,183.0,7799.0
212,169.83176588615765,7761.021572366473
213,146.0,7692.0
214,86.0103884775987,7520.277994180178
215,66.0,7463.0
216,39.20418624596489,7386.04157795706
217,-29.80361177408298,7186.765920464068
218,-36.0,7169.0
219,-107.0,6966.0
220,-140.9117945469687,6868.729354371194
221,-206.0,6682.0
222,-220.72133315849715,6640.162891406937
223,-262.0,6523.0
224,-281.1397693681603,6468.145140390059
225,-318.0,6363.0
226,-335.0,6315.0
227,-401.73576916042214,6124.18507354508
228,-459.0,5959.0
229,-468.4150444930105,5931.975155711337
230,-494.12255957479493,5858.962927716697
231,-522.0,5780.0
232,-542.4168681776797,5721.758364229617
233,-585.0,5600.0
234,-621.3507396255604,5495.987215155972
235,-671.0,5354.0
236,-703.784587938492,5260.3352460290425
237,-768.0,5077.0
238,-790.1850058090411,5013.723953503009
239,-867.0,4795.0
240,-882.7445092791213,4750.162497427947
241,-943.0,4578.0
242,-1032.208959163615,4322.306371887291
243,-1078.0,4191.0
244,-1102.322234142816,4121.234666701801
245,-1125.0,4056.0
246,-1172.0,3921.0
247,-1177.668345029492,3904.8775175553346
248,-1226.0,3769.0
249,-1239.6789280140574,3730.931999749979
250,-1353.771602206864,3416.3216405066078
251,-1379.0,3347.0
252,-1419.1429237923455,3236.925538411971
253,-1441.0,3177.0
254,-1483.647206432172,3059.9680517443376
255,-1484.0,3059.0
256,-1627.5807373713724,2664.92364604295
257,-1633.0,2650.0
258,-1658.2642882605396,2580.1012892078693
259,-1676.0,2531.0
260,-1690.1800235262108,2491.8879027858247
261,-1736.0,2367.0
262,-1760.084561134699,2302.5918308225373
263,-1839.4125942593607,2093.1105878993376
264,-1884.0,1975.0
265,-1947.9968730851826,1802.199699945931
266,-1998.0,1660.0
267,-2010.196957906022,1624.693292482649
268,-2067.0,1457.0
269,-2086.038037509133,1398.6660932389686
270,-2110.0,1321.0
271,-2118.1660189732693,1293.0756129049444
272,-2167.7349859350297,1113.0148233342975
273,-2168.0,1112.0
274,-2179.1832122651413,1062.323779614899
275,-2182.0,1037.0
276,-2187.2832434486577,993.5562081081084
277,-2190.0,969.0
278,-2194.752739842092,904.3630432038763
279,-2195.0,888.0
280,-2192.5408731984453,822.2141363812402
281,-2189.0,774.0
282,-2186.526058901427,751.3829037730142
283,-2184.0,740.0
284,-2180.137604212937,723.7360998779941
285,-2172.0,693.0
286,-2169.299109474935,684.363802285844
287,-2156.8137009292454,652.8733379298942
288,-2151.0,642.0
289,-2130.0692265395046,612.6698540942147
290,-2125.0,607.0
291,-2098.0,586.0
292,-2073.998366243592,577.9789221596982
293,-2006.0,568.0
294,-1998.2505647357516,567.4427810001597
295,-1968.4921025765666,571.3510006656423
296,-1957.0,574.0
297,-1923.0,581.0
298,-1912.2016524537785,583.1648815322951
299,-1863.0,593.0
300,-1827.3560772384162,600.3168226439335
301,-1783.0,607.0
302,-1777.7683006125958,607.4992734677248
303,-1737.0,610.0
304,-1720.063353673232,609.962355266008
305,-1692.0,608.0
306,-1675.4075864069728,605.4381757309617
307,-1617.0,587.0
308,-1612.0028213584596,584.6063979495104
309,-1557.045819034261,546.8391626328785
310,-1553.0,543.0
311,-1517.0,499.0
312,-1513.961867802283,494.3914334356462
313,-1490.7207855077675,453.4157668827329
314,-1488.0,448.0
315,-1471.9244658440161,412.3819062882799
316,-1462.0,386.0
317,-1451.3976905872942,354.7639863678408
318,-1438.0,313.0
319,-1431.988910203334,293.90311733000544
320,-1411.0,219.0
321,-1398.8540911573662,170.47563656895395
322,-1370.0,52.0
323,-1363.7915944955926,26.301950268179898
324,-1353.0,-18.0
325,-1343.7042422982763,-55.6157887826833
326,-1333.0,-99.0
327,-1317.0,-164.0
328,-1303.424877763181,-217.02031772533437
329,-1289.0,-270.0
330,-1279.418278695974,-303.4425496235281
331,-1227.0,-471.0
332,-1223.2115298947324,-482.03630746101516
333,-1171.6086052269925,-618.6837784058662
334,-1138.9821165248338,-697.2421971409249
335,-1131.0,-716.0
336,-1096.2290599815087,-794.754177821399
337,-1071.0,-847.0
338,-1015.6869771301768,-952.2251844329604
339,-1001.0,-978.0
340,-951.102684964943,-1061.3603470781632
341,-901.0,-1142.0
342,-875.9193874958255,-1181.637710727381
343,-822.0,-1262.0
344,-793.9841140855776,-1301.464387303074
345,-719.0,-1403.0
346,-661.084473103275,-1476.6250108198224
347,-597.0,-1553.0
348,-523.9442267934363,-1635.328271269769
349,-494.0,-1668.0
350,-394.0,-1771.0
351,-367.4690702597053,-1797.5931026306312
352,-353.0,-1812.0
353,-230.39881989845836,-1930.2994628989254
354,309.4667718818045,-2386.8237914965075
355,354.0,-2424.0
356,378.0179951287864,-2444.206540071742
357,485.0,-2535.0
358,517.1013771894259,-2562.06449994595
359,617.2546998814563,-2646.2924702726914
360,643.0,-2668.0
361,789.0963093872075,-2791.96117565453
362,802.0,-2803.0
363,851.0,-2845.0
364,1031.0888925279412,-2997.094159966099
365,1050.0,-3013.0
366,1192.544780745019,-3132.916801867543
367,1264.0,-3193.0
368,1306.8331499023368,-3228.963748872165
369,1365.0,-3278.0
370,1383.7752199569086,-3293.987147120448
371,1489.7583221036043,-3384.220810380613
372,1518.0,-3408.0
373,1593.5282595556714,-3470.9233683803677
374,1608.0,-3483.0
375,1763.0,-3613.0
376,1836.439015553316,-3673.3362075236046
377,1976.0,-3786.0
378,2038.133763357475,-3835.2364950913047
379,2125.0,-3902.0
380,2248.652737229822,-3993.0192022697943
381,2250.0,-3994.0
382,2353.324503319244,-4068.369617829404
383,2405.0,-4104.0
384,2508.444493124659,-4173.422169663102
385,2592.0,-4229.0
386,2707.442737627772,-4306.231935505362
387,2829.0,-4378.0
388,3046.841349683634,-4502.794662097864
389,3072.0,-4517.0
390,3179.5394514006775,-4574.871094355671
391,3245.0,-4604.0
392,3257.8370200225436,-4610.079774254578
393,3388.0,-4672.0
394,3450.589188176227,-4700.255554818756
395,3567.0,-4751.0
396,3586.348218950683,-4759.506035120512
397,3915.0,-4905.0
398,3931.9477476215416,-4912.403566313965
399,4225.5512906118,-5032.426391273977
400,4245.0,-5040.0
401,4441.0,-5116.0
402,4525.618520292735,-5148.678591461399
403,4605.0,-5180.0
404,4626.9910273392925,-5188.967338687441
405,4780.0,-5250.0
406,4832.607961706028,-5268.890527820326
407,5019.481309100096,-5330.647088286567
408,5034.0,-5335.0
409,5098.426849042693,-5351.226702256881
410,5132.126598140875,-5348.919308622839
411,5163.0,-5346.0
412,5240.0,-5338.0
413,5272.9662802789335,-5331.931727100191
414,5359.0,-5307.0
415,5439.0,-5273.0
416,5457.717773817168,-5263.417768731508
417,5531.0,-5219.0
418,5563.308981769829,-5195.145080903761
419,5623.077391388792,-5141.658381557204
420,5651.0,-5112.0
421,5664.0,-5097.0
422,5700.0426614115195,-5051.188844163896
423,5742.768169466574,-4979.174936476038
424,5761.0,-4929.0
425,5792.956681552453,-4782.448562120879
426,5795.0,-4769.0
427,5796.6815719849565,-4697.98484806815
428,5795.0,-4680.0
429,5786.615312154024,-4592.198420425719
430,5774.0,-4539.0
431,5743.035090828894,-4441.29718243045
432,5722.0,-4380.0
433,5708.208914388053,-4340.508126396041
434,5665.0,-4263.0
435,5633.423003331505,-4216.3617411825235
436,5544.0,-4087.0
437,5513.313529212946,-4044.480951510129
438,5459.202264820606,-3991.1198321152133
439,5442.0,-3978.0
440,5375.117300659758,-3929.3904081019728
441,5290.0,-3874.0
442,5262.490182411798,-3859.925500564869
443,5188.0,-3838.0
444,5178.1423456143075,-3835.7084430233376
445,5038.0,-3808.0
446,4999.761199246314,-3802.6926508099536
447,4872.0,-3791.0
448,4847.19747791694,-3789.095806721395
449,4693.644583494891,-3774.10665961927
450,4693.0,-3774.0
451,4590.0,-3753.0
452,4563.96945784603,-3747.672985451319
453,4498.0,-3735.0
454,4432.865711729797,-3723.8189685295847
455,4339.0,-3710.0
456,4299.213145408345,-3704.9351652768246
457,4189.692680188544,-3693.067574729963
458,4189.0,-3693.0
459,4064.0,-3682.0
460,4050.085123632209,-3680.866880733828
461,3911.20128014446,-3670.1922280255226
462,3882.0,-3668.0
463,3736.0242126484072,-3657.092048684941
464,3667.0,-3652.0
465,3547.253834334768,-3643.1024952386388
466,3509.0,-3640.0
467,3275.8999815580564,-3620.077749611534
468,3275.0,-3620.0
469,3184.3027276031758,-3611.8727052403665
470,3143.0,-3606.0
471,2983.0,-3578.0
472,2923.0322473095457,-3563.26436711691
473,2814.0,-3527.0
474,2799.0195351366583,-3520.9188259500233
475,2594.017471236174,-3420.9411079740307
476,2579.0,-3413.0
477,2491.1334167546884,-3363.6998451023505
478,2433.0,-3327.0
479,2386.239296451404,-3296.3976544583506
480,2217.8681086894617,-3181.832807498379
481,2204.0,-3172.0
482,2059.1887733214458,-3060.033767360228
483,2058.0,-3059.0
484,1947.0,-2955.0
485,1864.5076009470376,-2861.788353768702
486,1815.0,-2791.0
487,1800.0098885851155,-2767.0121713012877
488,1768.0,-2712.0
489,1730.4112659762131,-2638.8277240815546
490,1672.0,-2469.0
491,1666.6390647261321,-2448.899327757444
492,1625.0,-2279.0
493,1600.1872516368755,-2173.4501967938804
494,1593.0516788648347,-2106.541531202884
495,1593.0,-2106.0
496,1575.0874933262119,-1913.9536737014637
497,1575.0,-1913.0
498,1571.9888159750658,-1861.210216204405
499,1574.0,-1830.0
500,1582.0,-1713.0
501,1584.0060720380752,-1683.562582914634
502,1586.4269231432795,-1646.7041950796406
503,1600.0,-1610.0
504,1610.8827951919268,-1582.493595654449
505,1640.0,-1513.0
506,1661.6546286867895,-1481.7689822567922
507,1670.0,-1475.0
508,1707.1317838481134,-1447.9950317082746
509,1743.0,-1428.0
510,1792.0,-1412.0
511,1803.2585421713704,-1409.5295271391933
512,1852.0,-1402.0
513,1914.0,-1397.0
514,2004.0,-1400.0
515,2030.5894932479514,-1402.3013603726247
516,2038.0,-1403.0
517,2108.7328333758865,-1410.3017072384469
518,2124.0,-1412.0
519,2192.722852757841,-1418.0403316816423
520,2202.0,-1418.0
521,2349.0,-1402.0
522,2368.637060297396,-1396.6917443851576
523,2478.0,-1340.0
524,2501.4396382181353,-1324.3241468423284
525,2530.304831834407,-1302.3315977562418
526,2557.0,-1280.0
527,2566.7356910680846,-1271.6559168363838
528,2626.0,-1217.0
529,2660.378402128808,-1178.3759146297468
530,2681.0,-1152.0
531,2709.0,-1106.0
532,2732.542931606683,-1045.6621013387717
533,2755.280389887269,-957.4648203447288
534,2757.0,-948.0
535,2766.0,-869.0
536,2766.7187378382905,-861.3597912562952
537,2774.0,-780.0
538,2777.462640752937,-721.9205856440681
539,2778.0,-681.0
540,2775.5054737073992,-583.7196913541809
541,2775.0,-572.0
542,2770.0933955654473,-508.5334472256474
543,2758.0,-465.0
544,2744.0011051531974,-426.7404184997955
545,2684.2236307412054,-292.42032060901613
546,2684.0,-292.0
547,2652.67086182036,-243.65900364224012
548,2614.6519110043128,-208.3378106017166
549,2610.0,-204.0
550,2542.0,-145.0
551,2524.1080182996784,-132.35715148388397
552,2438.856695724169,-78.74599536445788
553,2429.0,-73.0
554,2365.3364767254902,-40.43305233255749
555,2324.816602208925,-29.23604536281242
556,2289.0,-22.0
557,2197.0,-8.0
558,2187.9701153661067,-7.213993968350294
559,2112.9092263707853,-6.383291987621043
560,2100.0,-7.0
561,1963.1772747256473,-17.69057950970315
562,1938.0,-20.0
563,1892.8915257708898,-24.66127800839117
564,1810.0,-38.0
565,1793.1429452651862,-40.56932564859724
566,1610.6004251369236,-67.93926414384558
567,1590.0,-71.0
568,1369.7601069888337,-100.90138449019332
569,1369.0,-101.0
570,1224.0,-120.0
571,1130.9040967497945,-132.48430356180828
572,1036.5132670341036,-145.70499935118175
573,988.0,-153.0
574,887.1630961634154,-170.32003917607761
575,809.0,-184.0
576,654.9244895905641,-210.47485923289042
577,585.0,-223.0
578,491.32032029794055,-242.85495260987153
579,410.0,-250.0
580,371.33277571782247,-252.39305952876936
581,181.0,-261.0
582,150.2175390659908,-261.56191281264216
583,92.80722622524358,-256.85665790901567
584,48.0,-241.0
585,-69.1292183482262,-204.32335877604095
586,-141.0,-179.0
587,-242.0,-131.0
588,-253.630821193508,-123.68424770718887
589,-484.0463575241331,69.99626757167823
590,-485.0,71.0
591,-542.9920375920254,149.86091978198297
592,-554.0,168.0
593,-677.4199840925577,371.03899782168565
594,-678.0,372.0
595,-805.0,583.0
596,-848.8570036161027,655.6523826967862
597,-888.6488684430371,724.306398165691
598,-894.0,734.0
599,-941.9066293266721,822.2747292675372
600,-963.0,864.0
601,-1009.0,967.0
602,-1039.8787961288322,1046.774690709409
603,-1075.0,1170.0
604,-1101.3302460512136,1301.8859411339931
605,-1109.0,1348.0
606,-1120.8446257986293,1490.7688277036739
607,-1121.0,1512.0
608,-1119.2578654389679,1589.9531636652143
609,-1118.0,1613.0
610,-1111.8230096594975,1666.650302176472
611,-1111.0,1672.0
612,-1096.0,1745.0
613,-1093.2805977249416,1753.4203554259798
614,-1063.0,1827.0
615,-1034.9797304340052,1874.3851677562843
616,-1007.8684942428457,1897.2837411278988
617,-973.0,1917.0
618,-920.0,1941.0
619,-913.4808376966449,1943.4009521841358
620,-828.0,1964.0
621,-747.0319123939558,1974.4569425564057
622,-720.0,1977.0
623,-611.0671075103842,1984.1981492296127
624,-599.0,1985.0
625,-541.3014137664888,1989.8913225923704
626,-481.0,1999.0
627,-459.26740482645243,2002.2860363228026
628,-396.0,2011.0
629,-329.63648319457434,2017.2821790649186
630,-241.0,2023.0
631,-232.57859450191086,2023.4881737634673
632,-147.46900541022237,2027.9279721180915
633,-146.0,2028.0
634,41.0,2037.0
635,73.6991292556321,2038.625678583782
636,227.1421127548456,2046.916246697946
637,297.0,2051.0
638,310.647416095275,2051.808996008199
639,365.9077642472059,2055.2084130400217
640,477.2995372087139,2067.7894770502467
641,479.0,2068.0
642,650.054752488313,2089.934051648983
1,767.0,2104.0
2,791.9719005756489,2106.618371189029
3,953.1425804768556,2124.51075066719
4,1010.0,2131.0
5,1175.0,2150.0
6,1268.0917381384718,2160.635275897179
7,1484.0,2185.0
8,1526.726894659799,2189.8274046176384
9,1685.6266306664456,2207.8290672670873
10,1758.0,2216.0
11,1821.7099143114442,2223.1564509483796
12,1953.0,2238.0
13,1975.6014811102423,2240.6046470339797
14,2085.110985513183,2253.321320446429
15,2161.0,2262.0
16,2428.1757014648133,2292.0197542657124
17,2446.0,2294.0
18,2512.6596326832314,2301.2592367914904
19,2537.0,2304.0
20,2797.0,2334.0
21,2826.7572270902874,2337.3291220748397
22,2905.0,2346.0
23,3029.0,2360.0
24,3200.1374892615167,2379.541006715822
25,3326.0,2394.0
26,3380.013129141426,2400.2547254647907
27,3481.913412586714,2412.396827077187
28,3587.0,2422.0
29,3661.663998367787,2427.81489725186
30,3778.0,2437.0
31,3880.660384818418,2448.3454417106836
32,3909.0,2453.0
33,3956.5976821944532,2461.955060205877
34,4010.0,2474.0
35,4074.166576645643,2492.8728066680505
36,4142.379433185779,2521.1813974795473
37,4144.0,2522.0
38,4198.0,2554.0
39,4231.628734539653,2579.5094147403306
40,4298.0,2649.0
41,4336.779508633376,2712.5009888812874
42,4345.0,2731.0
43,4369.389878607801,2803.7643137918135
44,4370.0,2806.0
45,4387.0,2895.0
46,4387.91056732902,2902.1585731157857
47,4394.0,2967.0
48,4397.0,3051.0
49,4397.285481605341,3096.2554118202816
50,4394.606037306025,3181.97999022229
51,4394.0,3193.0
52,4385.0,3312.0
53,4380.0,3363.0
54,4377.545836865432,3383.441141488701
55,4362.772290265656,3482.1620177787495
56,4351.0,3554.0
57,4347.593792152988,3574.5798223709685
58,4330.2856845211045,3674.4743907904826
59,4330.0,3676.0
60,4299.803877025537,3824.093158908937
61,4295.0,3847.0
62,4281.0,3913.0
63,4266.322390861795,3976.743649681862
64,4255.0,4023.0
65,4217.327996186365,4167.768547379809
66,4217.0,4169.0
67,4184.000936883925,4290.7170702305275
68,4180.0,4305.0
69,4140.282363154524,4442.130587392576
70,4122.0,4508.0
71,4115.0,4534.0
72,4095.929568468665,4596.099520128914
73,4078.0,4648.0
74,4009.4275320326933,4822.358228649381
75,3992.0,4860.0
76,3943.0,4953.0
77,3937.516583468826,4962.167061831806
78,3863.0,5059.0
79,3852.48308255763,5069.14426482099
80,3681.0,5205.0
81,3573.9124849134073,5260.666063161209
82,3553.0,5268.0
83,3484.0678346651416,5291.3008541425
84,3364.7567291124788,5330.292593584935
85,3304.0,5350.0
86,3251.3365442144286,5367.020031070166
87,3181.0,5390.0
88,3088.0492492669846,5421.558886023396
89,3058.0,5432.0
90,2951.963155244688,5469.563914729662
91,2908.0,5485.0
92,2770.0,5534.0
93,2759.456217680949,5538.204343545833
94,2659.3955931542073,5584.428879610992
95,2621.0,5608.0
96,2528.0,5682.0
97,2496.8710775019313,5711.27070554776
98,2422.0,5790.0
99,2341.4373493415114,5893.0860733315085
100,2339.0,5897.0
101,2234.3230103247897,6100.937648426455
102,2194.0,6190.0
103,2180.671558892768,6221.855883389906
104,2166.0,6292.0
105,2164.6194491699175,6300.71936207408
106,2143.0,6456.0
107,2140.2324964227296,6547.03854047339
108,2151.0,6702.0
109,2165.527467982616,6825.8928944825175
110,2172.0,6871.0
111,2203.731098488359,7071.714652573031
112,2208.0,7098.0
113,2243.654583663649,7312.344064689705
114,2264.0,7429.0
115,2286.575372643614,7556.304682922658
116,2307.1926941054294,7670.891847763443
117,2316.0,7719.0
118,2329.5370360159404,7791.0938014400235
119,2341.0,7857.0
120,2355.6726037363605,7948.520665650678
121,2388.0,8168.0
122,2402.5233201231276,8295.231458708877
123,2407.0,8357.0
124,2410.8175545319737,8425.825276235577
125,2419.0,8644.0
126,2419.3409361230306,8657.30971820952
127,2420.0,8837.0
128,2419.0288215519327,8940.785356413597
129,2416.0,9161.0
130,2415.719432029689,9175.124265674322
131,2412.742813781736,9287.083704009838
132,2406.141394310369,9438.069941445146
133,2406.0,9441.0
134,2392.2224140944145,9708.789447878831
135,2390.0,9749.0
136,2380.677338538214,9890.484941187326
137,2378.0,9928.0
138,2368.0588976690456,10070.037990504583
139,2364.0,10124.0
140,2355.0622639780468,10232.473137616811
141,2352.0,10270.0
142,2333.0,10516.0
143,2327.1104487133416,10588.404302158364
144,2317.675838859911,10693.526248666252
145,2316.0,10711.0
146,2298.0,10887.0
147,2291.6925686282434,10944.173884129314
148,2283.0,11017.0
149,2274.577309173603,11079.069449178141
150,2259.4886665023364,11172.203074297731
151,2253.0,11206.0
152,2242.3692899707803,11254.986612198025
153,2225.0,11323.0
154,2217.3876506797315,11349.84374096992
155,2198.0,11409.0
156,2182.6009781489547,11447.096481131193
157,2153.0,11512.0
158,2144.7483663960393,11529.481730816035
159,2117.0,11574.0
160,2103.4246823470844,11590.657286253387
161,2010.0,11694.0
162,2006.8097223679156,11697.130991469912
163,1984.2590744862503,11713.880923015191
164,1981.0,11716.0
165,1943.9370423349862,11741.22333759528
166,1894.0,11761.0
167,1848.0365902518497,11768.943927990513
168,1785.0,11774.0
169,1761.49304772972,11772.334442676107
170,1750.0,11768.0
171,1694.0,11748.0
172,1660.8988941054356,11731.075532984412
173,1614.0,11699.0
174,1599.2235281426074,11687.591562903912
175,1559.4767563706619,11653.447507597244
176,1559.0,11653.0
177,1504.6928165742515,11593.881872477561
178,1504.0,11593.0
179,1457.436207598243,11526.288074097381
180,1443.0,11502.0
181,1366.621887150372,11334.979676575653
182,1359.0,11315.0
183,1339.3908619621861,11260.419583786545
184,1296.0,11125.0
185,1290.2783512566145,11106.586951967656
186,1248.498436154709,10970.220441861238
187,1241.0,10946.0
188,1225.7070954189812,10897.87443901168
189,1208.0,10842.0
190,1205.2286470795248,10833.158841206432
191,1136.0,10611.0
192,1132.9478428837285,10601.260601552654
193,1104.7983361812544,10512.44979793092
194,1077.6902034835891,10427.19023048367
195,1077.0,10425.0
196,1066.0,10390.0
197,1042.7005657219984,10314.94152816502
198,1029.0,10271.0
199,947.0,10011.0
200,943.1698355550117,9998.863387791413
201,910.5702779199257,9895.283038915852
202,888.4678030783452,9826.119652706668
203,878.0,9794.0
204,839.9719832942017,9678.892650918531
205,839.0,9676.0
206,787.243753875697,9524.803409855966
207,771.0,9478.0
208,707.7095342175048,9298.205966270947
209,681.0,9222.0
210,662.7908692752931,9169.625046243202
211,633.0,9084.0
212,614.0,9030.0
213,585.7445427548785,8950.062809469391
214,566.0,8894.0
215,527.376270701302,8783.141371437747
216,477.0,8638.0
217,431.0,8507.0
218,426.6256150906647,8494.631582680453
219,374.0,8345.0
220,349.0,8271.0
221,327.07830849336096,8207.512677947914
222,276.0,8063.0
223,227.63488121975615,7924.642879910593
224,181.0,7791.0
225,161.29164469925615,7734.699183979097
226,149.0,7700.0
227,124.18827407059194,7629.048778216312
228,31.71838451108588,7364.224050775303
229,25.0,7345.0
230,-41.21247149271015,7155.371456767574
231,-51.0,7127.0
232,-100.0,6985.0
233,-125.78850477083597,6912.140571952859
234,-156.0,6827.0
235,-243.67100345639142,6575.100006307072
236,-267.0,6508.0
237,-296.83182450541136,6422.505462082346
238,-347.3137840063599,6279.405922294398
239,-369.0,6218.0
240,-381.3869872632428,6182.8704689514325
241,-426.0,6056.0
242,-430.2147768959961,6043.979874662045
243,-498.8116216471679,5847.427932921731
244,-500.0,5844.0
245,-574.0,5630.0
246,-585.393688142639,5597.340191953952
247,-678.0,5334.0
248,-745.6369054659895,5140.732552884294
249,-812.0,4951.0
250,-841.5319410068038,4867.85214810952
251,-865.0,4801.0
252,-868.9032249822822,4789.765839057275
253,-915.6494881791083,4654.610838074384
254,-935.0,4599.0
255,-975.1738575404855,4484.6162874533
256,-988.0,4448.0
257,-1035.0,4313.0
258,-1057.9058051506563,4247.70519982394
259,-1100.0,4128.0
260,-1116.5774908413,4080.405563993535
261,-1171.0,3924.0
262,-1255.2942870831766,3687.623953944197
263,-1280.0,3619.0
264,-1333.3477189674704,3471.61762870039
265,-1410.7417166178516,3259.3948737027936
266,-1416.0,3245.0
267,-1450.770880457013,3150.000041700539
268,-1472.0,3092.0
269,-1589.346397162866,2770.9951312544845
270,-1597.0,2750.0
271,-1633.5587078179058,2649.1314001684186
272,-1653.0,2595.0
273,-1666.7966245317793,2556.5669899284344
274,-1717.3073479909242,2417.0252686455615
275,-1734.0,2372.0
276,-1839.0,2095.0
277,-1851.788128070661,2061.407933538403
278,-1903.4041596524853,1925.094227584877
279,-1934.0,1841.0
280,-1995.1899983617207,1668.3295720090446
281,-1996.0,1666.0
282,-2040.0,1537.0
283,-2043.8147140727926,1525.6193226581884
284,-2174.158672466144,1081.0860232602147
285,-2181.0,1042.0
286,-2185.71346691754,1007.9638409544918
287,-2191.0,956.0
288,-2193.9628880316486,909.6349431331182
289,-2194.0,908.0
290,-2194.0,828.0
291,-2192.7968219408153,779.9648931802582
292,-2189.391111647592,762.8783977158964
293,-2185.0,745.0
294,-2176.8110378002048,710.2825718673415
295,-2174.0,700.0
296,-2165.3711522143594,673.9198285536598
297,-2161.0,664.0
298,-2121.7316239343413,604.4444806723716
299,-2119.0,601.0
300,-2094.0,583.0
301,-2087.448785905598,581.1471443215052
302,-2022.2776099457255,568.8480339539735
303,-2003.0,567.0
304,-1973.6323776909267,569.5714606161642
305,-1958.0,573.0
306,-1898.9583405856092,584.6030095359273
307,-1882.0,588.0
308,-1853.5888984595747,593.843190596056
309,-1818.0,601.0
310,-1797.720500152514,604.6944365474068
311,-1752.0,610.0
312,-1725.6020855131508,609.8596518069096
313,-1679.6491391029615,605.2185571145083
314,-1653.0,600.0
315,-1613.2006660173104,586.8688242499325
316,-1582.0,567.0
317,-1568.222901004306,555.2794748922381
318,-1522.3604876988468,506.4500343166118
319,-1522.0,506.0
320,-1485.0,440.0
321,-1476.1357805599946,419.6032770161655
322,-1457.2107115407052,372.57561817936465
323,-1457.0,372.0
324,-1437.3561946489244,310.2354233198344
325,-1437.0,309.0
326,-1414.4289246408666,227.5830494789116
327,-1399.0,170.0
328,-1390.1994220053145,135.02699332195803
329,-1380.221741931731,92.90763847164683
330,-1380.0,92.0
331,-1341.131970590108,-64.99242256750964
332,-1333.0,-98.0
333,-1322.908786145511,-140.3374630152317
334,-1312.0,-182.0
335,-1287.9165494241429,-270.56491394916884
336,-1260.0,-371.0
337,-1252.0365268132045,-398.6067253090032
338,-1223.0,-485.0
339,-1213.3303033580542,-511.063257196904
340,-1179.0,-601.0
341,-1146.730443218353,-681.0534523978135
342,-1100.0,-786.0
343,-1081.3970832797659,-825.2123111223102
344,-1037.0,-915.0
345,-957.3736025347162,-1053.2254521874097
346,-955.0,-1057.0
347,-844.8291678746913,-1227.7453897968448
348,-835.0,-1243.0
349,-802.783748979997,-1294.3029059440578
350,-750.5196827176842,-1361.83699228601
351,-733.0,-1384.0
352,-622.0,-1524.0
353,-607.550551755636,-1542.0343202720742
354,-474.14504380264174,-1695.3684962845075
355,-422.0,-1744.0
356,-415.4721236154024,-1750.2366463986841
357,-285.3741009868202,-1875.8118551415062
358,-242.0,-1916.0
359,-200.95269392031105,-1952.9481509822535
360,-130.0,-2015.0
361,40.59405888018024,-2160.8070042122285
362,42.0,-2162.0
363,239.39391319007615,-2328.359825757189
364,290.0,-2371.0
365,360.2361421084249,-2430.532936291098
366,518.0,-2564.0
367,581.570506575782,-2617.5118543039944
368,739.0,-2750.0
369,788.1720505888688,-2791.952898300626
370,813.0,-2813.0
371,868.3273584054268,-2859.361212548037
372,925.0,-2907.0
373,1024.0472039515068,-2991.162072062737
374,1038.0,-3003.0
375,1216.0,-3153.0
376,1275.340454016153,-3203.026312374995
377,1459.0,-3358.0
378,1552.3199098669245,-3436.400630791637
379,1602.0,-3478.0
380,1658.503593122731,-3525.2870011604878
381,1811.0,-3652.0
382,2114.0,-3893.0
383,2153.011765478869,-3922.555055532577
384,2292.49734787168,-4025.1984831020536
385,2309.0,-4037.0
386,2463.6565597196454,-4143.762225688229
387,2467.0,-4146.0
388,2692.7916779094126,-4293.600267521824
389,2731.0,-4318.0
390,2865.2112996999576,-4401.153396192517
391,3021.0,-4489.0
392,3114.0,-4539.0
393,3159.665601946222,-4562.483934102156
394,3288.495248487615,-4625.191836379219
395,3322.0,-4641.0
396,3453.0,-4701.0
397,3703.2751545398633,-4811.680977830112
398,3783.0,-4847.0
399,3857.1589556327726,-4880.589221911504
400,3884.0,-4892.0
401,4003.5613693858804,-4941.81940102485
402,4206.0,-5025.0
403,4357.773558342363,-5084.906428788318
404,4439.0,-5116.0
405,4649.31467132424,-5198.4934478503155
406,4671.0,-5207.0
407,4822.156075152296,-5266.165721932244
408,4881.0,-5289.0
409,4980.390525769046,-5326.358693774324
410,5018.916245994393,-5334.943986215717
411,5051.0,-5339.0
412,5133.937674390642,-5345.727601419891
413,5157.0,-5346.0
414,5200.0,-5344.0
415,5279.801300281498,-5332.297638375395
416,5329.0,-5317.0
417,5517.741288050577,-5227.687664028326
418,5519.0,-5227.0
419,5556.118089632473,-5201.013833267146
420,5564.0,-5194.0
421,5610.455171947925,-5154.044796516884
422,5631.0,-5134.0
423,5713.0,-5027.0
424,5733.863982288469,-4989.382430519198
425,5749.0,-4957.0
426,5776.0,-4882.0
427,5785.461754903453,-4839.2741993728505
428,5791.0,-4802.0
429,5796.343161573451,-4712.532394122698
430,5789.0,-4621.0
431,5783.940640178023,-4590.082388182018
432,5767.0,-4511.0
433,5760.579971943562,-4486.024818526241
434,5746.0,-4440.0
435,5713.835384857691,-4360.247277134687
436,5676.0,-4282.0
437,5622.790226029272,-4194.304889521858
438,5550.0,-4094.0
439,5501.020120412131,-4029.8670266951417
440,5456.0,-3991.0
441,5393.15915206345,-3944.717457636689
442,5273.0,-3866.0
443,5188.109939086549,-3834.6943295467872
444,5154.0,-3829.0
445,4989.0,-3801.0
446,4918.152022430226,-3795.041063733436
447,4741.0,-3780.0
448,4701.479121478008,-3773.6184432468945
449,4572.0,-3749.0
450,4456.439376129779,-3726.339294942194
451,4413.0,-3720.0
452,4358.407489580927,-3712.94496321654
453,4175.499012869181,-3692.1095954928924
454,4155.0,-3690.0
455,3975.9716332297176,-3674.0735777448135
456,3868.048666520335,-3666.46622295561
457,3817.0,-3663.0
458,3794.1809992181325,-3661.506640466826
459,3702.0,-3655.0
460,3575.0862601707368,-3644.9040771663404
461,3427.0,-3633.0
462,3313.849313782367,-3624.037599604472
463,3090.4860071768367,-3599.410307714801
464,3063.0,-3594.0
465,2926.341388476265,-3560.6880617556944
466,2792.0,-3518.0
467,2771.0282277763645,-3510.012138946434
468,2598.0,-3423.0
469,2562.4477930931644,-3402.810580830088
470,2425.957755004871,-3322.208112819318
471,2424.0,-3321.0
472,2325.0858538894513,-3257.2589362841004
473,2310.0,-3247.0
474,2148.0,-3130.0
475,2138.5150316439003,-3122.807950325233
476,2087.0,-3082.0
477,1704.143758321291,-2563.6018368896775
478,1687.0,-2518.0
479,1643.0,-2360.0
480,1630.7153505420333,-2307.105547676443
481,1619.0,-2253.0
482,1598.074986341056,-2141.244681579025
483,1590.0,-2087.0
484,1585.0,-2047.0
485,1584.0386652879818,-2038.610682960844
486,1577.0,-1960.0
487,1575.3029052385455,-1920.6134571930986
488,1576.0,-1783.0
489,1576.4085177414306,-1770.7728973149603
490,1578.97095988792,-1733.7024722561287
491,1583.0,-1706.0
492,1589.0865445002637,-1671.1194990806139
493,1602.7797533865642,-1603.1826834313265
494,1608.0,-1582.0
495,1622.175901366235,-1540.8892204798658
496,1643.0,-1509.0
497,1652.3769840883328,-1496.940965150332
498,1671.0,-1475.0
499,1702.4764632861911,-1445.5418234623228
500,1742.0,-1428.0
501,1823.418420643563,-1406.215609159849
502,1833.0,-1404.0
503,1880.622987428686,-1396.6695139141511
504,1904.0,-1397.0
505,1955.183750624263,-1397.0348774430468
506,1985.0,-1398.0
507,2012.9453761001646,-1399.9783653939185
508,2078.0,-1407.0
509,2114.3003431269794,-1410.6360600484857
510,2138.0,-1413.0
511,2226.0,-1419.0
512,2263.026092763525,-1416.764673971589
513,2357.0,-1400.0
514,2401.0748741747752,-1384.3352482247499
515,2477.247395390547,-1339.1228693384382
516,2522.0,-1307.0
517,2537.4290402301867,-1295.2673292806096
518,2570.0,-1268.0
519,2594.9830118963127,-1246.0813227206654
520,2642.0,-1201.0
521,2651.4465335538052,-1190.4537177284883
522,2688.0,-1142.0
523,2695.5222243813864,-1130.1659092630282
524,2718.0,-1089.0
525,2745.0,-1007.0
526,2757.302026355448,-934.2748422986192
527,2771.0,-813.0
528,2774.115572337729,-781.6749161407774
529,2776.6928713926977,-741.3026881740445
530,2777.0,-733.0
531,2777.103572214012,-600.8041284555331
532,2777.0,-599.0
533,2770.0,-530.0
534,2757.449665752201,-462.7846186980112
535,2757.0,-461.0
536,2725.8194598119653,-369.03318856907435
537,2698.0,-314.0
538,2666.102551423782,-267.32242578272746
539,2583.0107378799876,-179.00694480663148
540,2582.0,-178.0
541,2539.8334355485117,-137.51632873181853
542,2487.5920018723823,-104.89591059305125
543,2476.0,-99.0
544,2363.1888217684486,-48.575603825479064
545,2310.0,-27.0
546,2279.0630144561437,-17.07287576387641
547,2257.0,-16.0
548,2205.599540817562,-9.866881523058106
549,2123.0,-6.0
550,1960.8098348652209,-16.834779654241355
551,1959.0,-17.0
552,1870.5182550091704,-27.62107860066409
553,1831.0,-34.0
554,1719.0,-52.0
555,1708.3973403027042,-53.64111019945486
556,1576.2083830283614,-73.15690524198578
557,1484.0,-86.0
558,1425.9413390192203,-93.75869175772584
559,1305.0,-109.0
560,1255.6563995480276,-114.89100597293881
561,1144.0,-130.0
562,1103.3602282916866,-136.16086183722172
563,914.0,-166.0
564,858.9582434607488,-174.81582833274393
565,836.0,-179.0
566,749.6655931522909,-194.405254832474
567,597.0,-221.0
568,517.0,-234.0
569,490.1581960862318,-237.97582862292654
570,366.0,-254.0
571,341.53868349169136,-256.4985842422562
572,257.0,-262.0
573,197.08688522967086,-262.6654898091166
574,122.0,-255.0
575,-137.0,-180.0
576,-170.97764734452363,-167.6282163512824
577,-227.11101945320655,-140.7865383403321
578,-253.0,-125.0
579,-301.72710188952453,-93.27856068578073
580,-431.47936056979637,11.063891289996121
581,-461.0,44.0
582,-588.7060132755171,223.62384282205173
583,-602.0,244.0
584,-709.7428919621815,422.28178987364834
585,-754.0,498.0
586,-764.1650608287665,514.7218206819017
587,-830.0,624.0
588,-862.5563642557754,682.9301585509543
589,-1001.0,949.0
590,-1005.8358719898092,958.6141078159311
591,-1053.0,1090.0
592,-1070.0865700929076,1160.5858097934904
593,-1102.0,1299.0
594,-1113.3655384985957,1374.7517393893136
595,-1114.0,1390.0
596,-1117.689141181267,1443.0961895937464
597,-1121.0,1526.0
598,-1113.9406046204392,1650.6064787466657
599,-1113.0,1660.0
600,-1104.7801843086397,1716.546535928539
601,-1095.0,1753.0
602,-1076.0754440106332,1802.8109929274838
603,-1073.0,1809.0
604,-1032.988280716286,1867.7556649503888
605,-1014.0,1887.0
606,-993.8445838725547,1903.4007500289902
607,-993.0,1904.0
608,-905.0,1946.0
609,-899.3876333552487,1947.8172273960795
610,-840.0,1961.0
611,-817.784296899721,1964.1747771003324
612,-706.0,1975.0
613,-699.1825014600541,1975.5747239372608
614,-572.0287228196937,1986.871659377608
615,-571.0,1987.0
616,-436.0,2006.0
617,-409.66275661155566,2009.1652109820775
618,-319.0,2018.0
619,-247.60484754122135,2022.2635116846216
620,-216.0,2024.0
621,-169.92567535720133,2026.7780470025164
622,-131.0,2029.0
623,-3.3338449911382817,2035.5415484556577
624,67.0,2039.0
625,146.23230818580944,2042.5832563024076
626,178.0,2044.0
627,370.94533862603384,2054.8852156780135
628,383.0,2056.0
629,411.0,2059.0
630,493.4884291157398,2068.9812559863235
1,806.0,2109.0
2,1029.0,2134.0
3,1037.6031328022223,2134.9611940865875
4,1125.294120026635,2144.7324831052133
5,1190.0,2152.0
6,1215.7122307301026,2154.8972666136624
7,1338.5804562528524,2168.836847348847
8,1340.0,2169.0
9,1478.0,2185.0
10,1545.2345374909823,2192.4741803720863
11,1632.0,2202.0
12,1691.0412140265785,2208.5654824290186
13,1888.0,2231.0
14,1904.0808020823383,2232.8751678681774
15,2017.0,2246.0
16,2245.923248995063,2271.1997914391204
17,2280.0,2275.0
18,2391.3674707700193,2288.3755498954574
19,2458.0,2296.0
20,2694.9831821101016,2321.893232565831
21,2714.0,2324.0
22,2828.7053220397956,2337.5204009118074
23,2927.0,2349.0
24,3189.0,2378.0
25,3223.1064624797214,2381.7995954077064
26,3407.0,2403.0
27,3421.0868262890276,2404.624519124202
28,3560.1163623465764,2419.9140020278664
29,3561.0,2420.0
30,3786.0,2438.0
31,3932.0,2457.0
32,3974.4520030303293,2465.8986682398954
33,4050.0,2485.0
34,4186.153241216953,2543.4483319218625
35,4206.0,2559.0
36,4287.486999866717,2640.0043424579053
37,4313.0,2671.0
38,4354.807457908421,2744.8239438230016
39,4368.431600751273,2796.6039079564875
40,4370.0,2803.0
41,4383.373941653367,2865.8057116964874
42,4388.0,2901.0
43,4395.699764359047,3019.124785063703
44,4396.0,3029.0
45,4396.656009378907,3093.012096551372
46,4396.0,3131.0
47,4392.0,3217.0
48,4389.96061047735,3246.3718610180213
49,4384.0,3316.0
50,4369.0,3438.0
51,4356.119045831895,3520.9528283909713
52,4338.0,3631.0
53,4315.134841698218,3757.02966178518
54,4294.513859958732,3852.282748686871
55,4291.0,3868.0
56,4267.397288386818,3970.0900303860944
57,4259.0,4005.0
58,4233.139595014433,4109.487131570857
59,4213.0,4185.0
60,4186.127874028607,4281.842198946399
61,4160.0,4375.0
62,4137.232314895403,4457.208069286251
63,4112.0,4544.0
64,4052.0,4718.0
65,4000.656590797866,4834.001664260848
66,3938.4529212866005,4957.32170190266
67,3932.0,4969.0
68,3895.302839662931,5027.031653058487
69,3841.0,5082.0
70,3736.0,5169.0
71,3673.345748662509,5205.56644010938
72,3470.0,5298.0
73,3454.3122119850023,5304.344496222501
74,3312.5269158807296,5351.039169541175
75,3182.0,5389.0
76,3034.062558041839,5440.173410131778
77,2856.0,5503.0
78,2840.4681218506416,5507.751595170351
79,2787.0,5527.0
80,2697.632728669769,5577.593877909223
81,2501.0,5707.0
82,2421.963985772406,5776.961447639513
83,2357.287022015985,5867.542945902228
84,2333.0,5906.0
85,2288.0974124129825,5979.982017469787
86,2236.0,6077.0
87,2202.3767185512634,6162.945676589534
88,2193.0,6190.0
89,2169.212728896367,6260.537318867597
90,2150.0,6379.0
91,2144.0761381180023,6520.926411826107
92,2143.0,6606.0
93,2156.5541551082047,6795.623579469383
94,2171.0,6866.0
95,2188.577070908657,6972.905349923374
96,2211.00569975921,7117.571503743526
97,2214.0,7136.0
98,2243.29017849609,7311.240587016501
99,2252.0,7362.0
100,2262.9626271440857,7424.216390642686
101,2282.0,7529.0
102,2307.8646269142428,7675.250047212139
103,2347.0,7897.0
104,2359.001034976297,7962.919109933868
105,2367.559995500117,8016.924067865932
106,2373.0,8060.0
107,2391.3906643474347,8216.055186354144
108,2406.0,8350.0
109,2414.6587159084274,8463.902202735506
110,2416.0,8540.0
111,2419.706399819699,8730.668499588477
112,2420.0,8780.0
113,2420.0,8796.0
114,2419.1051071611882,8924.341975961606
115,2418.0,9005.0
116,2417.1990371391275,9053.533725204
117,2415.0,9165.0
118,2412.4832799206324,9266.3118128323
119,2412.0,9282.0
120,2403.7173658072034,9487.21407607164
121,2403.0,9503.0
122,2396.826931604755,9629.899920734679
123,2391.0,9728.0
124,2376.0682734334227,9954.992713973948
125,2376.0,9956.0
126,2364.0,10119.0
127,2353.0,10266.0
128,2340.987759865332,10413.631575158606
129,2337.0,10462.0
130,2328.3264609023217,10568.87687906946
131,2313.0989417659025,10739.993580942668
132,2313.0,10741.0
133,2289.0,10972.0
134,2280.026506545558,11058.818136252075
135,2265.6760444352194,11144.332234324344
136,2259.0,11174.0
137,2231.897446871558,11286.256322349736
138,2209.0,11376.0
139,2186.4798944727813,11452.139745314886
140,2164.0,11491.0
141,2153.3014752073636,11511.054831940506
142,2127.0,11559.0
143,2100.9442341406902,11598.84022935219
144,2091.0,11612.0
145,2047.0,11662.0
146,2018.0523391560216,11688.940118548719
147,2003.0,11701.0
148,1976.7773958882058,11719.66781147298
149,1937.0,11743.0
150,1920.1497947573648,11751.022513660862
151,1838.0,11774.0
152,1814.1262272942263,11775.358654358173
153,1778.0,11773.0
154,1749.0,11767.0
155,1731.61282523492,11761.79221425423
156,1694.0,11747.0
157,1651.422679649232,11724.374918699265
158,1634.0,11712.0
159,1550.046734032791,11642.27982835611
160,1536.0,11630.0
161,1527.3070569904264,11621.9218555894
162,1524.0,11616.0
163,1519.630183779147,11610.16375882593
164,1470.1969225043783,11545.282938320328
165,1470.0,11545.0
166,1429.8893473881649,11477.438871730483
167,1419.0,11455.0
168,1399.3398158964424,11411.500872341858
169,1383.0,11374.0
170,1372.0,11346.0
171,1331.1511106804985,11231.44631739129
172,1331.0,11231.0
173,1303.0,11143.0
174,1282.6218433738502,11078.929953008936
175,1267.0,11030.0
176,1236.0,10932.0
177,1226.6931554885705,10902.149109901671
178,1204.0,10829.0
179,1180.8805727771717,10755.094205737409
180,1174.0,10733.0
181,1147.1704677478992,10646.541801190584
182,1147.0,10646.0
183,1108.0,10524.0
184,1072.3055199638522,10409.61696747904
185,1065.0,10386.0
186,1041.9997680331478,10311.231663371189
187,1017.0,10231.0
188,960.0,10050.0
189,955.2511559793683,10034.935279209496
190,932.1353279159325,9961.571317869266
191,908.961646207023,9890.195883186794
192,904.0,9875.0
193,832.4178334195025,9656.449636021891
194,826.0,9637.0
195,794.844657730548,9543.592616680056
196,754.6621837855596,9429.831799423464
197,747.0,9408.0
198,711.0,9305.0
199,655.240578484272,9146.682819289033
200,655.0,9146.0
201,636.0,9092.0
202,601.9992643054801,8994.029223231018
203,588.0,8954.0
204,553.7836391197364,8857.595709584237
205,523.0,8770.0
206,449.59597194733016,8558.422559695566
207,438.0,8525.0
208,407.0,8437.0
209,350.0,8275.0
210,344.56304004090185,8259.40263168558
211,288.0,8096.0
212,282.8316411416535,8081.142668054515
213,214.0,7885.0
214,198.2073597322267,7840.26175259088
215,155.0,7718.0
216,121.88742930452234,7624.009433536883
217,90.0,7533.0
218,80.0562255401038,7504.450642548965
219,47.0,7409.0
220,-3.426999967050689,7262.908725784979
221,-50.0,7128.0
222,-105.3033985246369,6968.132151493124
223,-364.0,6232.0
224,-393.50451586518557,6147.7363864441395
225,-457.3144734176079,5965.293332131427
226,-484.0,5889.0
227,-505.1182773643024,5828.644390115035
228,-576.0,5626.0
229,-595.6328392693213,5569.758335465124
230,-658.6568408989885,5389.140265552055
231,-680.0,5328.0
232,-728.0827856573072,5190.409266029676
233,-777.8786587856202,5048.305897778905
234,-785.0,5028.0
235,-837.2589826914455,4879.04374878083
236,-905.9749409672629,4683.2526906971725
237,-938.0,4592.0
238,-965.1357376763426,4514.664789154754
239,-997.0,4423.0
240,-1060.5181150341157,4239.534787339575
241,-1067.0,4221.0
242,-1120.9087559003024,4068.4670243190762
243,-1139.0,4017.0
244,-1203.7284469244598,3830.7836798307007
245,-1210.0,3813.0
246,-1265.0,3660.0
247,-1314.7641228342306,3523.973210386688
248,-1321.0,3507.0
249,-1346.0,3439.0
250,-1389.3967425772269,3320.291653172145
251,-1433.0,3200.0
252,-1495.0,3028.0
253,-1501.5566719861704,3009.99781072121
254,-1564.0,2840.0
255,-1639.0,2633.0
256,-1639.2934767390716,2632.1833967264283
257,-1670.0,2547.0
258,-1811.4908201000285,2166.3638313895904
259,-1821.0,2141.0
260,-1894.1140575852999,1948.5410352738306
261,-1938.0,1831.0
262,-1954.7244498334862,1784.9613608011764
263,-1985.0,1700.0
264,-2040.0,1537.0
265,-2055.602057082437,1490.1785209534708
266,-2104.0,1343.0
267,-2134.9707812941715,1239.987510045411
268,-2154.0,1171.0
269,-2170.93978042803,1101.0481629162387
270,-2176.0,1070.0
271,-2190.0,970.0
272,-2199.301167754349,848.5157430343294
273,-2194.0,830.0
274,-2191.3489233928367,803.2961015080386
275,-2189.0168566380316,771.1993137805381
276,-2189.0,771.0
277,-2174.7814884585046,698.8921557645717
278,-2172.0,692.0
279,-2142.0,629.0
280,-2137.899153948827,621.0421164971854
281,-2128.0,611.0
282,-2124.3939515564775,608.0337507151912
283,-2091.0,582.0
284,-2087.693964245551,580.3297531093192
285,-2061.0,572.0
286,-2039.1066970300396,569.3250709085344
287,-1997.0,569.0
288,-1978.9454724369884,570.0717574429337
289,-1934.0,578.0
290,-1926.1163277802978,579.7298986055072
291,-1889.0,588.0
292,-1879.6912224496327,589.9411798083545
293,-1849.0,596.0
294,-1796.276616864842,604.9656257560309
295,-1796.0,605.0
296,-1739.4400431952104,609.3021455773679
297,-1724.0,610.0
298,-1659.0,602.0
299,-1629.7235785523267,590.5450584791957
300,-1590.0,573.0
301,-1561.6692765377268,559.0272886233779
302,-1540.0603137045168,535.755323340401
303,-1530.0,517.0
304,-1512.4552550284243,489.46613387413197
305,-1493.0,457.0
306,-1468.14867280695,401.374695614213
307,-1466.0,396.0
308,-1438.1414561749616,315.48146602045546
309,-1438.0,315.0
310,-1406.360225243589,199.93212467484938
311,-1404.0,191.0
312,-1394.9043163099238,154.7046244825951
313,-1389.0,129.0
314,-1387.6908983972266,123.62214491272279
315,-1367.2356027635421,41.91225814129445
316,-1356.0,-4.0
317,-1336.950062972649,-84.78696305473002
318,-1328.0,-121.0
319,-1294.133542422547,-252.10225150864392
320,-1291.0,-264.0
321,-1274.1504412097227,-324.13007717492945
322,-1268.0,-344.0
323,-1239.1761814902063,-435.46435062642763
324,-1239.0,-436.0
325,-1202.0,-541.0
326,-1184.7069214472804,-585.9817601267665
327,-1152.0,-667.0
328,-1139.1194724543166,-697.6632185568783
329,-1095.0,-796.0
330,-1074.3314275850767,-839.0774318964337
331,-1047.0,-894.0
332,-1031.9864231379531,-923.0279816952907
333,-967.5016125520908,-1035.1804500351045
334,-967.0,-1036.0
335,-868.5635199644103,-1192.6092743649401
336,-856.0,-1212.0
337,-729.1345086625172,-1390.3482289894018
338,-689.0,-1441.0
339,-636.7976563402171,-1505.6851969152785
340,-619.0,-1527.0
341,-551.2594279525609,-1606.3180894178142
342,-458.0,-1706.0
343,-364.41085340919403,-1798.7472319717417
344,-249.0,-1909.0
345,-165.80194641904734,-1985.3389633254822
346,-47.0,-2086.0
347,7.011141450759091,-2131.524711621731
348,139.0,-2243.0
349,150.0468748971827,-2252.3346519299685
350,741.0,-2752.0
351,773.2013046287329,-2779.2173107167764
352,872.4866195131818,-2863.0802684563077
353,927.0,-2909.0
354,962.8378724934162,-2939.143105753768
355,1090.0,-3046.0
356,1213.857112273518,-3150.2570331200695
357,1229.0,-3163.0
358,1305.0,-3227.0
359,1352.871038002103,-3267.635296792394
360,1406.0,-3313.0
361,1519.1102727678767,-3408.9870546181323
362,1612.0,-3487.0
363,1650.2075774573104,-3518.77533806834
364,1729.0,-3584.0
365,1896.0,-3722.0
366,1910.0893629813497,-3733.4159896053798
367,2044.0,-3839.0
368,2129.959506583937,-3904.288808213989
369,2264.0,-4004.0
370,2325.3780240234073,-4048.604087109373
371,2391.0,-4094.0
372,2494.2069509424346,-4163.674957347519
373,2622.3035055107957,-4248.54628582672
374,2623.0,-4249.0
375,2712.0,-4306.0
376,2724.211219751036,-4313.712014107637
377,2861.0,-4397.0
378,3023.091574598069,-4487.338074838709
379,3201.0,-4583.0
380,3294.7621638589862,-4628.821443398461
381,3345.0,-4651.0
382,3580.202673354996,-4756.572364866281
383,3719.0,-4819.0
384,3809.844924802973,-4859.732890073599
385,3877.89334731564,-4889.645943608936
386,3957.0,-4923.0
387,4067.4589377670195,-4968.915278805195
388,4163.0,-5008.0
389,4263.833375570786,-5047.756980976366
390,4280.0,-5054.0
391,4405.0,-5102.0
392,4650.365810806334,-5198.342663239587
393,4685.0,-5212.0
394,4828.024934832286,-5268.249001487414
395,4870.0,-5285.0
396,4962.018235843965,-5320.123646127258
397,5020.0,-5332.0
398,5135.772928046427,-5342.341632912191
399,5189.0,-5344.0
400,5313.775489351003,-5325.772514077334
401,5358.0,-5307.0
402,5441.964106024596,-5271.348144491528
403,5491.0,-5245.0
404,5525.084702646697,-5223.092642219882
405,5566.0,-5193.0
406,5630.677920915886,-5133.932695306575
407,5638.0,-5126.0
408,5703.0,-5043.0
409,5707.77747275324,-5035.754469476959
410,5736.0,-4986.0
411,5753.841446008552,-4949.676960668881
412,5781.0,-4862.0
413,5783.064375076668,-4849.4287095300615
414,5794.9188938454145,-4692.146032334227
415,5795.0,-4677.0
416,5777.266330011712,-4537.66308940287
417,5753.119833461745,-4463.346749359294
418,5753.0,-4463.0
419,5729.084127430388,-4398.328054841457
420,5711.0,-4355.0
421,5688.760258139115,-4305.078151659215
422,5645.0,-4228.0
423,5636.537310111694,-4215.306783075821
424,5509.0,-4045.0
425,5478.228222366223,-4009.404045067771
426,5451.0,-3987.0
427,5416.372422885342,-3957.4932754195584
428,5361.0,-3914.0
429,5308.355647571529,-3882.261755307946
430,5211.0,-3844.0
431,5088.0,-3816.0
432,5038.209367735898,-3808.0471895963865
433,4947.0,-3797.0
434,4911.400975878772,-3794.255944936017
435,4818.0,-3787.0
436,4679.362426015491,-3766.4867366547205
437,4520.0,-3739.0
438,4493.007110277295,-3734.3030526781267
439,4422.4423550040365,-3721.7966524115805
440,4360.0,-3713.0
441,4252.990989341599,-3699.677564959046
442,4238.0,-3698.0
443,4112.654316296826,-3686.1747392359093
444,4085.0,-3684.0
445,4001.0,-3678.0
446,4000.2644902655534,-3677.9469296055054
447,3837.5590187048706,-3665.4456588492294
448,3731.0,-3657.0
449,3657.9948965357007,-3651.228600661244
450,3426.0,-3633.0
451,3403.8876300484912,-3631.2866907143807
452,3305.1205804204856,-3623.080511234492
453,3294.0,-3622.0
454,3102.0,-3600.0
455,2943.0,-3568.0
456,2927.6922085035894,-3563.677588020233
457,2773.0,-3510.0
458,2723.0934313811013,-3488.706798601832
459,2634.0,-3443.0
460,2617.477929391676,-3433.8881600074496
461,2349.0,-3274.0
462,2292.8636862997328,-3236.6601092337883
463,2071.658796374692,-3069.371592822654
464,2062.0,-3062.0
465,1963.367848631704,-2978.0198920758185
466,1929.0,-2936.0
467,1790.891904871052,-2750.052551012304
468,1777.0,-2729.0
469,1712.5874554681805,-2611.3921314546346
470,1672.0,-2470.0
471,1661.3704344736827,-2430.0904019776103
472,1637.2813917808885,-2335.444551154803
473,1630.0,-2303.0
474,1607.0,-2188.0
475,1593.377117520293,-2108.6351848201457
476,1584.0,-2033.0
477,1575.0231020369986,-1918.5328532336398
478,1575.0,-1918.0
479,1573.9924606145232,-1815.4784311951355
480,1574.0,-1815.0
481,1577.650873893543,-1739.8631443945765
482,1579.0,-1728.0
483,1598.0,-1613.0
484,1601.8073355953834,-1594.4929662784741
485,1630.0,-1528.0
486,1647.493805160777,-1503.1670232626807
487,1672.0,-1472.0
488,1692.8581766420316,-1451.1675292984096
489,1738.0,-1429.0
490,1762.172433177449,-1421.627030328411
491,1824.0,-1406.0
492,1839.1404090081817,-1402.6325358309623
493,1864.0,-1401.0
494,1883.294349634957,-1400.5297004197355
495,1940.1148617569029,-1399.0427477760884
496,1985.0,-1399.0
497,2000.2254607093746,-1399.5358968463725
498,2030.3882914984683,-1402.6173702704068
499,2092.0,-1409.0
500,2144.62587895908,-1413.707506751462
501,2195.0,-1418.0
502,2251.4120814163175,-1420.9798164584915
503,2276.0,-1417.0
504,2335.4327555167606,-1405.9582721131915
505,2351.0,-1402.0
506,2423.317259130938,-1372.9574137658337
507,2439.0,-1364.0
508,2544.2491214297875,-1289.13990139858
509,2566.0,-1272.0
510,2610.209518012182,-1234.0406337027455
511,2641.0,-1202.0
512,2677.494756947238,-1158.8852576914321
513,2692.0,-1136.0
514,2738.852699299833,-1031.401888757386
515,2739.0,-1031.0
516,2752.248404890918,-983.9293811877479
517,2757.0,-945.0
518,2761.411032947013,-906.542615574011
519,2768.0,-846.0
520,2775.0,-752.0
521,2775.76005432607,-725.1496659477264
522,2777.0,-603.0
523,2775.8218825267195,-550.8134009347541
524,2768.638569600339,-514.5543593511755
525,2766.0,-504.0
526,2756.0084908562544,-464.6912034467516
527,2736.0201865835543,-395.6055791037254
528,2717.0,-352.0
529,2670.2897040076723,-277.8640438735414
530,2605.205482398407,-200.2245342357256
531,2605.0,-200.0
532,2557.0,-157.0
533,2547.567372075098,-149.8038325272142
534,2442.0,-80.0
535,2434.4202230238407,-76.20727032556528
536,2434.0,-76.0
537,2326.3562716862652,-32.11848602130964
538,2326.0,-32.0
539,2209.1170968778483,-9.563952134431716
540,2194.0,-9.0
541,2039.0,-10.0
542,2016.3131080126923,-10.691245403958263
543,1948.0,-19.0
544,1876.210542226855,-28.495892623776918
545,1801.0,-39.0
546,1710.7514046276488,-53.010178469477005
547,1610.0,-69.0
548,1577.2136111609966,-73.92696897901337
549,1462.0,-89.0
550,1391.7581157188463,-97.97560088962175
551,1236.0,-118.0
552,1212.026114840365,-121.11030750388196
553,1076.0,-140.0
554,1039.6693561434954,-145.59336674196356
555,962.0,-158.0
556,937.5399714527864,-162.0728916531088
557,744.0,-196.0
558,726.9577889503611,-198.91303028301553
559,573.0,-225.0
560,452.42544411194115,-245.60053135062793
561,399.0,-251.0
562,328.70385158178965,-255.84995967802894
563,151.90030225316718,-257.5022524720371
564,117.0,-254.0
565,-40.08628792442954,-216.39201397202876
566,-165.0,-168.0
567,-230.4134038296326,-139.7751088156729
568,-300.0,-97.0
569,-373.7631704103409,-41.723781606394496
570,-399.0,-20.0
571,-503.84649982223976,96.95859398795957
572,-534.0,137.0
573,-834.7305444275617,631.676623252038
574,-847.0,653.0
575,-878.2258402316656,706.8279312534792
576,-927.0,794.0
577,-938.1353026000962,815.2390827877023
578,-1028.0,1015.0
579,-1039.240880948653,1048.5039273223247
580,-1084.0,1206.0
581,-1092.7830685024046,1240.2105873328806
582,-1107.0,1331.0
583,-1107.9820588954756,1339.048667779811
584,-1114.0,1390.0
585,-1119.9603404658335,1471.13730112911
586,-1120.0,1472.0
587,-1119.0,1600.0
588,-1114.1268674568962,1648.0528784832834
589,-1112.0,1670.0
590,-1114.5411506874234,1683.7547291558997
591,-1100.0,1728.0
592,-1074.0,1806.0
593,-1073.7721632824694,1806.6673924933805
594,-1055.781023538993,1852.5901934362237
595,-1044.0,1855.0
596,-1019.2686244461485,1878.1940969094499
597,-980.0,1912.0
598,-929.0,1938.0
599,-922.2396312424574,1940.5814170338256
600,-856.0,1959.0
601,-775.5140670463553,1970.5758309199864
602,-680.019933111152,1978.3239795799955
603,-671.0,1979.0
604,-612.0912334783504,1983.3678165638405
605,-605.0,1984.0
606,-567.0030039087986,1988.681398264872
607,-536.0,1993.0
608,-511.7642702132557,1996.0630312148824
609,-465.0,2002.0
610,-390.0,2012.0
611,-352.5238454207256,2015.4474168419154
612,-168.0,2027.0
613,-84.1258949722711,2031.4680544530675
614,6.445216367067559,2035.5999796016845
615,15.0,2036.0
616,100.40152215866281,2040.0814417986235
617,197.2714823056188,2045.2705770587456
618,243.0,2048.0
619,361.7877816091767,2055.6363714826675
620,394.0,2058.0
621,470.71973973264284,2064.771987713367
622,543.4519038947768,2075.857546418546
1,883.0,2118.0
2,1031.0427637009286,2134.4429654872356
3,1197.0,2153.0
4,1242.8125002950742,2158.186783412885
5,1294.0,2164.0
6,1460.0840634865385,2182.7869223208804
7,1506.0,2188.0
8,1607.7251789924503,2199.6029664296675
9,1707.0,2211.0
10,1794.0,2221.0
11,1849.087650229078,2227.2404065373457
12,2043.0,2249.0
13,2209.497550143342,2267.7910249828096
14,2282.0,2276.0
15,2313.666600904217,2279.577856265363
16,2431.928999296787,2292.8799380693513
17,2433.0,2293.0
18,2690.9489059775183,2321.8821069104406
19,2692.0,2322.0
20,2826.932349330471,2337.2982893269514
21,2877.0,2343.0
22,2918.404894347962,2347.6927756554683
23,3001.0,2357.0
24,3048.3554447728307,2362.281251257282
25,3189.0,2378.0
26,3377.0,2400.0
27,3424.1240869726334,2405.3820209364267
28,3566.0,2420.0
29,3674.138520377536,2427.9149585434016
30,3703.0,2430.0
31,3839.0,2443.0
32,3907.584425895019,2452.7506005721075
33,3940.0,2458.0
34,4006.70616564438,2471.877113308293
35,4050.0,2485.0
36,4077.4400944913546,2494.6541688390507
37,4189.0,2547.0
38,4205.28275233671,2557.966033018253
39,4269.0,2614.0
40,4287.15280895926,2634.197499824436
41,4320.0,2681.0
42,4372.795134510296,2814.7700617875694
43,4376.0,2827.0
44,4396.0,3009.0
45,4396.726611494356,3027.938422699507
46,4396.312054587072,3091.81865511657
47,4396.0,3100.0
48,4389.710138786788,3228.749282410568
49,4384.0,3317.0
50,4381.3936754520255,3346.0629860832096
51,4375.053436042252,3394.6217217427384
52,4375.0,3395.0
53,4350.092665502238,3557.4507749555764
54,4350.0,3558.0
55,4330.789003395095,3665.8282235435045
56,4327.0,3687.0
57,4319.0,3731.0
58,4286.69763224962,3887.041240237862
59,4279.0,3923.0
60,4261.017454149748,4003.0840253511265
61,4248.0,4051.0
62,4244.017718258734,4066.2280027301977
63,4201.0,4229.0
64,4196.267444902135,4246.199076973134
65,4137.639105665499,4453.7349619324705
66,4132.0,4473.0
67,4064.0,4685.0
68,4061.3614033747876,4692.681705696828
69,4031.5530189646665,4774.846532729024
70,4005.0,4833.0
71,3994.0541277509865,4855.512804637764
72,3938.7001706565766,4959.845921212889
73,3938.0,4961.0
74,3858.0,5064.0
75,3811.1724558380974,5109.105566073896
76,3746.0,5162.0
77,3699.2974375136237,5193.323263122544
78,3536.0,5274.0
79,3522.774165918615,5279.195335800441
80,3428.0,5312.0
81,3213.321154594546,5378.837086045862
82,3181.0,5389.0
83,3078.9363641409705,5424.199903514293
84,3019.0,5446.0
85,2804.1556095124247,5522.092404619121
86,2787.0,5528.0
87,2685.8565190583836,5560.72567631854
88,2613.0,5613.0
89,2427.0,5784.0
90,2402.832886003901,5808.949550030144
91,2288.0,5977.0
92,2281.3716565353284,5989.3349091007
93,2222.3335293141695,6110.182942871073
94,2222.0,6111.0
95,2156.0,6341.0
96,2141.0,6498.0
97,2142.035835202982,6557.696458438532
98,2148.0,6675.0
99,2177.453996080941,6908.423137923802
100,2184.0,6950.0
101,2214.9371945469547,7140.047397783082
102,2226.0,7207.0
103,2249.8557053388613,7349.720230488567
104,2265.0538699029707,7437.121110821868
105,2267.0,7448.0
106,2286.995952858183,7555.876175447949
107,2298.0,7616.0
108,2333.1557432542136,7815.435608876719
109,2336.0,7832.0
110,2354.018733381399,7938.949526824635
111,2364.0,8002.0
112,2384.0,8143.0
113,2389.90417007995,8190.013355182238
114,2402.0,8300.0
115,2414.0,8491.0
116,2417.2843305733604,8616.234738465657
117,2420.0,8780.0
118,2420.365673600202,8961.935334247888
119,2416.6532170274963,9094.994329142088
120,2416.0,9118.0
121,2411.614860280257,9273.314782676176
122,2410.0,9323.0
123,2404.7921731302526,9460.896679401401
124,2400.0,9558.0
125,2393.087186573095,9682.500139720709
126,2386.0,9803.0
127,2379.054720724847,9912.232209342706
128,2370.0,10032.0
129,2353.0,10261.0
130,2340.5628003476336,10418.474250394036
131,2326.4204705106677,10590.312182415317
132,2325.0,10607.0
133,2317.270259223515,10693.357709369726
134,2308.0,10788.0
135,2292.0,10945.0
136,2282.3048679934363,11017.724679914723
137,2250.0,11218.0
138,2247.4053597038405,11232.393661082036
139,2222.1760483914127,11348.098505672431
140,2191.0,11427.0
141,2150.369670577914,11507.936221069962
142,2099.0,11600.0
143,2094.462145206883,11607.492477388962
144,2076.0,11629.0
145,2038.9964795466908,11662.644759656245
146,1953.0,11734.0
147,1914.4683422817197,11757.853232118774
148,1876.5907156940161,11767.800808993778
149,1862.0,11770.0
150,1834.8807593443107,11773.018014498528
151,1799.0,11774.0
152,1764.889909528496,11769.990994539641
153,1754.0,11768.0
154,1725.8299131604022,11761.309402511328
155,1684.0,11742.0
156,1638.2362392217296,11714.13344360274
157,1610.0,11696.0
158,1529.5259904992763,11639.979428406721
159,1497.1321443911713,11594.972645753793
160,1467.0577630001726,11540.321414431684
161,1463.0,11533.0
162,1423.0465601204776,11460.809054732774
163,1411.0,11438.0
164,1395.5509997042425,11406.623157029977
165,1371.0,11345.0
166,1342.8849317370978,11264.364262198866
167,1303.0,11145.0
168,1291.577643779407,11110.156660557388
169,1282.2033213430802,11079.612675887167
170,1274.0,11053.0
171,1243.5220926782579,10954.449628772922
172,1217.0,10869.0
173,1193.7435775895137,10795.06915445076
174,1178.0,10744.0
175,1138.7174387575901,10615.687333828904
176,1127.0,10582.0
177,1123.0,10571.0
178,1094.1696351780809,10480.286048953756
179,1077.0,10423.0
180,1066.4385197736385,10388.957850998933
181,1040.0,10306.0
182,1010.3943377727196,10212.941002468493
183,1006.0,10199.0
184,956.7474584443527,10040.053542238624
185,953.0,10028.0
186,921.4232120734288,9927.668877602346
187,897.0,9852.0
188,841.2530776831333,9681.768049108538
189,841.0,9681.0
190,795.0,9546.0
191,754.0,9430.0
192,712.8989324057161,9311.932194849569
193,699.0,9272.0
194,667.0307778241963,9180.679224393325
195,612.3304178547011,9024.942700616246
196,612.0,9024.0
197,535.0,8804.0
198,506.08337966888587,8721.25468721218
199,472.93212528681636,8626.109627567539
200,460.0,8589.0
201,409.515066691642,8444.144821079206
202,368.0,8325.0
203,329.566078579707,8214.537881015698
204,300.0,8131.0
205,285.89186766610544,8091.522833826804
206,252.0,7996.0
207,221.25716078452376,7906.611321011437
208,210.0,7874.0
209,162.0,7737.0
210,133.51315882552973,7655.533990420372
211,119.0,7614.0
212,93.17050175975528,7540.22063986434
213,54.0,7428.0
214,37.91317139906791,7381.515544330929
215,-38.0,7162.0
216,-60.272757809333115,7099.3561303323095
217,-94.0,7004.0
218,-121.0,6925.0
219,-138.01657128990684,6875.826144846822
220,-177.0,6765.0
221,-224.10316091546983,6631.596876328574
222,-245.0,6572.0
223,-350.9902571123996,6267.845578536963
224,-369.0,6216.0
225,-380.2749514063919,6183.31407214523
226,-386.0,6167.0
227,-392.7004108839613,6148.08850672996
228,-466.7079834267199,5938.83313724587
229,-467.0,5938.0
230,-529.8006010200322,5756.706992573843
231,-553.0,5690.0
232,-601.5181951629678,5551.10114134648
233,-646.0,5424.0
234,-667.8340467612653,5361.62243535605
235,-681.0,5324.0
236,-764.6881914607561,5084.88978912916
237,-765.0,5084.0
238,-824.0,4916.0
239,-864.6903364627124,4800.539743896452
240,-895.0,4714.0
241,-954.0,4544.0
242,-971.6475802964496,4493.871206824473
243,-1014.0,4374.0
244,-1054.8573169511274,4255.872155673179
245,-1067.0,4221.0
246,-1114.7027480841857,4085.8453972861976
247,-1115.0,4085.0
248,-1181.0,3896.0
249,-1241.5629989052998,3725.676670574419
250,-1254.0,3691.0
251,-1293.2103830848052,3582.6429080508265
252,-1335.0,3468.0
253,-1429.0,3210.0
254,-1436.7843753297266,3188.628180964484
255,-1474.1835474393197,3085.8793568098154
256,-1509.3750387709,2988.978111316137
257,-1517.0,2968.0
258,-1627.2016453425451,2664.9282307626904
259,-1637.0,2638.0
260,-1683.9043058288821,2509.223168287451
261,-1739.450711889125,2358.443424792411
262,-1750.0,2330.0
263,-1800.0,2196.0
264,-1878.6732874207626,1990.8695541355105
265,-1879.0,1990.0
266,-1905.0,1920.0
267,-1967.4831153302557,1746.8067362000002
268,-1990.0,1683.0
269,-2027.686771482259,1573.9855407012699
270,-2054.0,1495.0
271,-2111.353063452075,1318.0397411218398
272,-2120.0,1291.0
273,-2138.0,1229.0
274,-2165.0,1122.0
275,-2167.1867119984377,1112.3265394266446
276,-2184.0,1020.0
277,-2185.087876712216,1012.1303825882031
278,-2194.0,915.0
279,-2194.825339733117,894.9768823084621
280,-2195.0,844.0
281,-2193.2785485789677,807.5584539784959
282,-2190.0,774.0
283,-2188.5656752683717,763.7792370898558
284,-2182.0,732.0
285,-2169.1023351440977,689.3107775789861
286,-2156.0,652.0
287,-2138.7334183410835,610.126776824393
288,-1968.0,572.0
289,-1945.617878873707,576.3183552970299
290,-1897.5214819702114,585.732744360201
291,-1877.0,590.0
292,-1860.329243698885,593.7001188839868
293,-1798.0,605.0
294,-1780.2382983285738,606.3552703169322
295,-1723.2093070019866,608.8909822676321
296,-1704.0,609.0
297,-1661.2251327996219,606.1969930151052
298,-1622.0855099898508,590.22405706595
299,-1617.0,587.0
300,-1581.4620443773804,560.0909565652287
301,-1537.5001260189713,519.8999481044407
302,-1518.0,500.0
303,-1503.191874516553,481.23141381450125
304,-1491.0,452.0
305,-1465.425477265997,393.1373394115581
306,-1463.0,387.0
307,-1444.736517739048,334.4803151499575
308,-1439.0,316.0
309,-1418.9529542903508,246.00450136075713
310,-1417.0,239.0
311,-1400.0,176.0
312,-1385.8924903260395,115.67175390618355
313,-1384.0,108.0
314,-1376.0,77.0
315,-1362.089527482688,20.906201888815282
316,-1348.0,-38.0
317,-1327.0,-125.0
318,-1324.6577389462054,-134.36207337620866
319,-1301.0,-225.0
320,-1269.0,-340.0
321,-1268.8626936290327,-340.483921688412
322,-1254.0,-391.0
323,-1184.7404634253826,-585.2280351175725
324,-1180.0,-598.0
325,-1141.3191929112202,-698.6873247738703
326,-1094.0,-799.0
327,-1072.1783826659052,-843.9045360593666
328,-1032.0,-924.0
329,-963.0,-1043.0
330,-940.6086395244537,-1079.2291985885593
331,-859.0,-1207.0
332,-789.3816613031657,-1307.074872537554
333,-737.0,-1379.0
334,-678.2172818128541,-1456.5389544457669
335,-644.0,-1497.0
336,-526.0,-1633.0
337,-356.112893983773,-1814.2100446596128
338,-306.0,-1856.0
339,-250.57249235718308,-1906.1589072513132
340,-186.40916855193944,-1964.6326278032027
341,-186.0,-1965.0
342,-13.42028050736284,-2114.6856393212215
343,7.0,-2132.0
344,206.0,-2300.0
345,231.94310020839904,-2321.8978363252863
346,277.0,-2360.0
347,292.2012149677604,-2372.763665257273
348,433.0,-2491.0
349,445.7637500831154,-2501.7501090065794
350,542.0,-2583.0
351,615.3942551559093,-2645.1267325402478
352,750.0,-2759.0
353,805.9214234165676,-2805.9671033886566
354,937.0,-2916.0
355,959.4089401972412,-2935.15291605974
356,1062.0,-3023.0
357,1086.2339057543925,-3043.5036425778076
358,1163.0,-3108.0
359,1290.3446249500284,-3215.4463745577536
360,1291.0,-3216.0
361,1422.7217635929317,-3327.262783086625
362,1458.0,-3357.0
363,1613.0,-3487.0
364,1690.3862981080324,-3551.795674449516
365,1797.0,-3641.0
366,1873.2042022687847,-3704.5935381850963
367,1936.5670249228726,-3755.668818810635
368,1980.0,-3789.0
369,2055.2565792047862,-3847.312285353657
370,2145.0,-3916.0
371,2286.8148650450776,-4020.449328498525
372,2300.0,-4030.0
373,2485.943361090455,-4159.303454873066
374,2487.0,-4160.0
375,2734.9988667855437,-4319.900333468256
376,2754.0,-4332.0
377,2829.6448860734654,-4379.428187278374
378,2876.0,-4406.0
379,2885.492903536264,-4411.4104883164655
380,3028.149368405241,-4492.130767235286
381,3109.0,-4536.0
382,3253.278486079195,-4609.070399787614
383,3317.0,-4639.0
384,3543.766771258689,-4740.977862352947
385,3564.0,-4750.0
386,3661.610410443832,-4793.693487426104
387,3696.0,-4809.0
388,3858.0944512064343,-4880.605240032568
389,3859.0,-4881.0
390,4026.0,-4952.0
391,4098.558748107874,-4981.814560407017
392,4231.0,-5035.0
393,4280.425060854033,-5054.311781288979
394,4434.0,-5113.0
395,4498.5465099165285,-5138.208757221476
396,4579.0,-5170.0
397,4620.577035374896,-5186.531064687109
398,4767.993567959353,-5244.612297405765
399,4769.0,-5245.0
400,4955.5547988312655,-5314.565575869721
401,4978.0,-5322.0
402,5167.128376699546,-5349.310271646939
403,5217.0,-5342.0
404,5285.285424479896,-5329.058211358115
405,5308.0,-5323.0
406,5391.532937998924,-5296.202339657925
407,5484.0,-5249.0
408,5558.80216505633,-5194.698681303125
409,5641.0,-5123.0
410,5692.820439928162,-5066.259395139108
411,5742.0,-4974.0
412,5758.709792807297,-4933.8994080456005
413,5786.0,-4838.0
414,5787.223508948843,-4829.838841399663
415,5721.0,-4379.0
416,5711.343040907546,-4354.720584218718
417,5675.231884970049,-4280.751024573034
418,5652.0,-4241.0
419,5635.854366791242,-4215.139780486861
420,5574.0,-4125.0
421,5505.068740141279,-4041.6200650837045
422,5496.0,-4032.0
423,5449.0,-3985.0
424,5417.252458272187,-3956.19923875753
425,5379.0,-3927.0
426,5292.915801929087,-3876.766252623528
427,5214.0,-3845.0
428,5178.134148695724,-3834.7880655027902
429,5104.0,-3819.0
430,4967.0,-3799.0
431,4953.532358615606,-3797.782106448609
432,4811.0,-3787.0
433,4727.747654429275,-3776.391674188412
434,4606.0,-3756.0
435,4549.305084219661,-3744.9245555847765
436,4488.0,-3733.0
437,4392.857152648795,-3717.8885034125924
438,4275.634293422958,-3702.0733932334265
439,4275.0,-3702.0
440,4194.0,-3694.0
441,4182.768717281066,-3692.979155379495
442,4056.0,-3682.0
443,3907.7105860575434,-3670.3285430072415
444,3746.0,-3658.0
445,3662.0703559547705,-3651.60201730357
446,3617.0,-3648.0
447,3404.9077499805644,-3630.895240657724
448,3282.0,-3621.0
449,3205.331689086681,-3614.884044845844
450,3154.992615802946,-3609.9046716406497
451,3092.0,-3599.0
452,2999.876994304253,-3580.9863482126825
453,2919.0,-3562.0
454,2833.954252039336,-3533.889368954455
455,2821.0,-3529.0
456,2723.0,-3488.0
457,2497.6586088813524,-3365.04439990249
458,2465.0,-3346.0
459,2332.93898505806,-3262.4309073201935
460,2291.0,-3234.0
461,2191.716471969318,-3165.777338861661
462,2128.0,-3115.0
463,2001.1067432064076,-3004.5880684584217
464,1944.0,-2952.0
465,1827.0465989113845,-2817.1052936541832
466,1795.0,-2759.0
467,1734.0656514246177,-2640.443718743428
468,1702.0,-2562.0
469,1682.0108267032615,-2502.41521350138
470,1660.0,-2427.0
471,1629.20616540323,-2301.06074853393
472,1626.0,-2286.0
473,1600.0,-2148.0
474,1598.371660032178,-2138.500439567194
475,1590.0,-2084.0
476,1583.9972741022666,-2038.6933700682623
477,1575.0,-1933.0
478,1574.6218415673627,-1920.3444840259883
479,1576.470509522352,-1780.4930031459821
480,1577.0,-1768.0
481,1586.8745853209593,-1666.7393966199006
482,1596.9474807544605,-1622.2084611865023
483,1597.0,-1622.0
484,1608.003501360516,-1583.0519333772595
485,1617.0,-1558.0
486,1628.4859601016897,-1530.3177883312085
487,1654.0,-1494.0
488,1659.2429528286164,-1488.8517989027569
489,1741.0,-1429.0
490,1760.7780764425584,-1418.9981343349466
491,1778.0,-1416.0
492,1799.9038480912413,-1411.0689415194927
493,1834.0,-1404.0
494,1864.194489343723,-1400.1108970204914
495,1915.0,-1398.0
496,1974.0,-1398.0
497,1998.1413441758832,-1399.244822832237
498,2043.0,-1403.0
499,2060.6475445616597,-1404.967066798557
500,2109.0,-1410.0
501,2186.5806341664575,-1414.041934164307
502,2278.0,-1416.0
503,2293.513113880344,-1415.7657347519776
504,2334.2014453605357,-1410.0413966413203
505,2368.0,-1396.0
506,2424.302091300608,-1371.90953371869
507,2432.0,-1368.0
508,2493.9706412590654,-1328.6003840386659
509,2507.0,-1319.0
510,2545.0,-1289.0
511,2545.3215343173606,-1288.7371088413088
512,2612.540565940265,-1231.0445120877137
513,2650.0,-1191.0
514,2672.110330652161,-1161.8803584434756
515,2728.0,-1062.0
516,2732.479098220164,-1051.8663358760753
517,2745.931160369059,-1001.8732575552663
518,2747.0,-996.0
519,2763.0,-893.0
520,2772.0,-802.0
521,2772.609547657184,-793.0044963193886
522,2777.0,-700.0
523,2777.855427207604,-668.2557193356911
524,2777.0,-614.0
525,2776.465967931032,-604.9510754090593
526,2759.0,-470.0
527,2751.7289741445,-441.5303958376526
528,2702.4944037299792,-324.24421459984063
529,2700.0,-319.0
530,2665.013657323308,-262.8898828032686
531,2645.0,-242.0
532,2555.993777244005,-156.77722703860957
533,2546.0,-148.0
534,2490.9856630066856,-105.51889045870854
535,2425.0,-72.0
536,2404.893578137836,-62.40940962981511
537,2353.02269021301,-40.10752794778538
538,2334.0,-34.0
539,2260.0,-17.0
540,2184.573537931018,-8.652371826283414
541,2105.0,-7.0
542,2009.444042666476,-12.960524502561743
543,2009.0,-13.0
544,1922.3867480181145,-21.955083977250514
545,1922.0,-22.0
546,1855.9614524314331,-30.764556945177738
547,1841.0,-33.0
548,1660.0,-61.0
549,1629.6362120062777,-65.68984632947678
550,1509.0,-83.0
551,1447.7575188267847,-91.1697387848792
552,1365.0,-102.0
553,1303.320100252291,-109.65883830669702
554,1192.0,-124.0
555,1134.2267101003904,-132.01541595233047
556,988.0,-153.0
557,952.8061919994171,-158.443323085146
558,898.0,-169.0
559,854.190298330668,-176.64388190865017
560,723.5293393998127,-198.48701570781907
561,620.0,-217.0
562,584.856575688907,-223.93380114519826
563,515.5631696625053,-239.5227780480685
564,389.0,-252.0
565,284.2728058959109,-257.4286236678506
566,185.0,-261.0
567,79.35985881265253,-253.8073145087085
568,36.0,-238.0
569,-72.2204328709557,-204.0785889451776
570,-100.0,-195.0
571,-225.69366949642847,-142.88316595553425
572,-255.0,-124.0
573,-468.18719884473785,58.13384271827064
574,-510.0,101.0
575,-579.430111228826,194.99232594611243
576,-618.0,270.0
577,-673.7893733646517,364.7638920567017
578,-701.0,410.0
579,-813.5826892360099,597.3081644722828
580,-814.0,598.0
581,-861.4018045587269,676.0534392354456
582,-896.0,737.0
583,-928.2644686622368,797.7828476017828
584,-976.0,892.0
585,-1031.0,1024.0
586,-1041.9632334654368,1059.0518621333895
587,-1085.0,1214.0
588,-1100.516887012128,1275.278852313882
589,-1103.8960917859208,1310.171577989331
590,-1105.0,1323.0
591,-1109.9385423274666,1375.0623323566706
592,-1118.7131873127544,1471.8211926119259
593,-1121.0,1530.0
594,-1117.3938005566824,1621.4791356487322
595,-1105.0456631079392,1711.729105100289
596,-1105.0,1712.0
597,-1090.0,1768.0
598,-1086.0976502831,1777.632087935307
599,-1033.0,1869.0
600,-1028.265403646231,1873.7410962651459
601,-1028.0,1874.0
602,-950.2809810465988,1928.8546052864228
603,-950.0,1929.0
604,-854.9301715588681,1959.1245512784005
605,-843.0,1961.0
606,-722.0,1975.0
607,-703.9509847683971,1976.7261386044154
608,-650.0,1980.0
609,-607.9055111574238,1984.9748572897875
610,-560.0,1991.0
611,-495.46801600125775,1998.8614469698455
612,-419.0,2008.0
613,-393.33279973607455,2011.0161290039455
614,-296.0,2020.0
615,-235.16875858437822,2023.4970760264607
616,-101.0,2030.0
617,-80.8258555346888,2030.9503619640118
618,40.0,2037.0
619,79.0087356999352,2039.250572371734
620,164.0,2044.0
621,189.49073809168146,2045.2153027134955
622,364.0,2055.0
623,378.0462345748168,2056.4649549435712
624,506.0,2072.0
625,637.3744850328981,2088.84080741613
1,761.0,2104.0
2,904.4069348840192,2120.021977850174
3,1030.0,2134.0
4,1089.4540187488742,2140.5698961908743
5,1142.864124615023,2146.3903835448045
6,1210.0,2154.0
7,1307.9781101523677,2165.286356357896
8,1323.0,2167.0
9,1535.232846101266,2190.7973633876827
10,1537.0,2191.0
11,1739.4366786271573,2214.559807031869
12,1813.0,2223.0
13,1912.71367576362,2233.8924786571165
14,1960.0,2239.0
15,2063.5079939512784,2250.515740762234
16,2138.0,2259.0
17,2259.0,2273.0
18,2349.307095761472,2283.4398787550626
19,2531.0,2304.0
20,2669.273450408868,2319.42098061896
21,2746.0,2328.0
22,2876.8218518244475,2343.196832244236
23,2962.0,2353.0
24,3022.703953100404,2359.8413766876743
25,3211.0,2381.0
26,3277.7557322166804,2388.6395204711303
27,3429.0,2406.0
28,3441.7556137920596,2407.346429786371
29,3580.0,2421.0
30,3648.6779557331793,2426.386058557754
31,3720.0,2432.0
32,3875.137056295999,2448.141419365476
33,3926.0,2456.0
34,4052.190846893762,2486.8868440282035
35,4178.0,2540.0
36,4197.627167207944,2550.5364674663533
37,4244.614284546765,2585.550453607744
38,4271.0,2614.0
39,4339.725796927277,2714.377138302754
40,4340.0,2715.0
41,4386.880008600758,2886.403429258587
42,4387.0,2887.0
43,4397.226853727708,2984.1962972659835
44,4396.0,3034.0
45,4395.997659007484,3049.7445264586613
46,4396.0,3107.0
47,4395.593607114384,3127.750870695261
48,4390.413287826587,3244.210437466277
49,4389.0,3266.0
50,4382.725647516066,3338.93352641148
51,4374.952074313528,3399.7459146717065
52,4369.0,3441.0
53,4362.3381678744345,3484.335425728612
54,4354.0,3534.0
55,4321.139744344159,3717.2316113699803
56,4321.0,3718.0
57,4295.528065955266,3847.477132256199
58,4289.0,3876.0
59,4274.705320133646,3938.080227450541
60,4265.0,3980.0
61,4259.886946426657,4000.7508735983815
62,4257.0,4012.0
63,4232.218053792983,4109.98031704011
64,4220.0,4157.0
65,4176.767991241734,4315.398738799193
66,4173.0,4329.0
67,4111.0,4544.0
68,4107.4402449048575,4555.170390566169
69,4055.0,4709.0
70,4036.0,4759.0
71,4025.9259920807804,4784.082789496073
72,3950.0,4941.0
73,3943.0855516072306,4952.257785863121
74,3889.0,5028.0
75,3844.192237792181,5077.653434642933
76,3815.0,5106.0
77,3742.528551517816,5166.306203622047
78,3618.0,5238.0
79,3522.317360214237,5277.664224649952
80,3429.0,5312.0
81,3328.770754831122,5343.8054504820475
82,3247.0,5368.0
83,3048.3778716113457,5435.580318269434
84,3014.0,5447.0
85,2836.179691458914,5502.886605628017
86,2737.0,5547.0
87,2578.633243106929,5652.2420771339675
88,2457.0,5751.0
89,2438.4728581393206,5767.058992201131
90,2388.0,5831.0
91,2380.7188238632402,5842.295326516784
92,2272.323453678875,6019.83655738777
93,2225.0,6105.0
94,2204.7755034440465,6145.501052326199
95,2167.0789873690865,6275.76674851309
96,2163.0,6307.0
97,2143.0,6595.0
98,2160.0,6780.0
99,2171.529313326002,6858.807820500101
100,2198.0,7039.0
101,2214.0200380034553,7145.210284469014
102,2233.0,7250.0
103,2243.071112034744,7308.210179192642
104,2266.750654964958,7445.58367032857
105,2267.0,7447.0
106,2282.976065341691,7534.747256733537
107,2300.0,7630.0
108,2338.1080415807983,7847.929791178712
109,2343.0,7876.0
110,2362.308205015304,7987.050653479477
111,2371.0,8046.0
112,2374.4347761098666,8069.502687325737
113,2390.0,8187.0
114,2396.1798584760495,8248.951870637318
115,2413.1686548954463,8485.075588330357
116,2416.0,8536.0
117,2417.9179750136022,8617.20369810508
118,2418.0,8648.0
119,2419.490779968874,8733.28315452522
120,2419.025116404013,8952.360610410025
121,2419.0,8954.0
122,2415.0,9165.0
123,2411.79494727228,9280.369993707505
124,2410.0,9315.0
125,2405.0908533142733,9456.053478414293
126,2403.0,9509.0
127,2391.0,9737.0
128,2390.009655955484,9753.476695325575
129,2389.0,9770.0
130,2378.984373195713,9918.171326375503
131,2373.0,9999.0
132,2359.0,10178.0
133,2341.408430787626,10405.08541057673
134,2340.0,10423.0
135,2322.348830323008,10635.804680453246
136,2321.0,10651.0
137,2309.0,10782.0
138,2301.554983012881,10859.332833744345
139,2289.0,10970.0
140,2282.071130289363,11020.299797886624
141,2248.0,11228.0
142,2243.163754465794,11253.137385064387
143,2231.0,11300.0
144,2229.10446960627,11306.605043653024
145,2192.0,11426.0
146,2189.0430479164543,11434.052536686133
147,2138.2478356405495,11538.594938611119
148,2138.0,11539.0
149,2083.235954253736,11620.668082589707
150,2083.0,11621.0
151,2021.0711086155536,11686.901547333126
152,2014.0,11692.0
153,1926.0,11748.0
154,1918.0636887170256,11752.061638482692
155,1860.971324518986,11771.959259335112
156,1818.0316593862108,11774.79128931848
157,1804.0,11775.0
158,1750.6774829659284,11768.874073839217
159,1725.0,11760.0
160,1678.0,11739.0
161,1652.0756984159186,11724.754621627793
162,1481.0436717729865,11561.807615969221
163,1477.0,11556.0
164,1428.990299025024,11475.82473691673
165,1425.0,11468.0
166,1398.0084048461126,11410.67303095753
167,1385.0,11381.0
168,1357.0,11305.0
169,1354.5311054615468,11297.908181548613
170,1333.0,11236.0
171,1329.9754958302826,11227.142590407784
172,1309.0,11164.0
173,1284.690559462353,11087.539687533279
174,1245.0,10960.0
175,1236.4001236282436,10932.510942754856
176,1203.0,10826.0
177,1193.7187181228655,10796.09309908934
178,1166.0,10707.0
179,1137.5202229298986,10617.716003086662
180,1120.0,10562.0
181,1096.5650845942373,10484.923462103437
182,1088.0,10457.0
183,1043.7116956350753,10315.226345645564
184,1009.0,10205.0
185,966.296547078847,10069.634461567182
186,934.1521173942081,9968.475804079906
187,934.0,9968.0
188,899.5794065730632,9861.20523784161
189,880.0,9801.0
190,849.6125801314026,9707.906060971314
191,824.0,9631.0
192,774.0,9486.0
193,769.5213380858448,9473.20051334543
194,741.0,9392.0
195,723.4149595714716,9341.79020864497
196,684.0,9229.0
197,642.8222577292848,9111.460247808262
198,596.0,8978.0
199,576.326812827122,8922.051467791352
200,557.6152392224534,8868.910692719668
201,551.0,8850.0
202,504.45366168140055,8716.511398952547
203,491.0,8678.0
204,394.0,8401.0
205,359.08443365159513,8301.340199788408
206,337.0,8238.0
207,290.0,8103.0
208,258.07159532155805,8011.297376702203
209,217.60113992299503,7895.214040005398
210,206.0,7862.0
211,153.1387817146233,7710.877290840994
212,88.0,7525.0
213,77.84650272197844,7496.07357309981
214,46.906163715790285,7408.126052296582
215,12.0,7308.0
216,7.253098246566342,7294.282049393022
217,-53.0,7120.0
218,-58.59391046402483,7103.97398618919
219,-113.59773335079926,6947.475663044842
220,-119.0,6932.0
221,-156.94814525397175,6822.480290009581
222,-163.0,6805.0
223,-206.02819830959803,6681.093794621326
224,-224.0,6630.0
225,-275.0,6487.0
226,-280.2544457048979,6471.804450922478
227,-319.0,6358.0
228,-358.117419890203,6246.765141397322
229,-410.0,6101.0
230,-415.50968922025965,6085.225612654897
231,-455.0,5971.0
232,-497.2168101151716,5849.380127859583
233,-523.0,5776.0
234,-608.4710878249757,5533.502368675515
235,-609.0,5532.0
236,-665.4343766832194,5370.498555806147
237,-689.0,5302.0
238,-714.2684171861132,5230.409256574965
239,-738.0,5163.0
240,-772.7229682714072,5063.361264308907
241,-808.0,4962.0
242,-831.0956290826169,4896.177660580262
243,-872.0,4780.0
244,-899.9731887437852,4700.115838125463
245,-947.0,4565.0
246,-1005.0,4398.0
247,-1010.1584254658894,4383.303918526906
248,-1051.7302347393352,4265.769335599166
249,-1052.0,4265.0
250,-1110.0,4098.0
251,-1145.0,3998.0
252,-1168.1282314814302,3931.922888659503
253,-1192.0,3864.0
254,-1263.4678906771464,3664.4376109361388
255,-1288.0,3597.0
256,-1337.0,3463.0
257,-1348.4677809039772,3431.253479950815
258,-1408.510069962499,3263.257161347263
259,-1434.0,3195.0
260,-1447.0,3161.0
261,-1504.210458658192,3005.683632971921
262,-1569.0,2825.0
263,-1609.224107510584,2713.8526325749917
264,-1661.0,2572.0
265,-1671.9471987440065,2542.0207344191736
266,-1717.760404328865,2416.762309885021
267,-1735.0,2370.0
268,-1785.0,2236.0
269,-1911.0,1905.0
270,-1955.0682825577371,1786.1947654378907
271,-1970.0,1743.0
272,-2010.0,1625.0
273,-2037.6776575813444,1542.940977348606
274,-2067.0,1455.0
275,-2070.759171299224,1443.565465024514
276,-2107.473830336379,1329.9878084146317
277,-2111.0,1319.0
278,-2146.0,1202.0
279,-2172.8610918249215,1084.6529668711528
280,-2173.0,1084.0
281,-2190.3284688534836,979.4325200726705
282,-2191.562535457306,950.1381368132969
283,-2192.0,942.0
284,-2195.0,864.0
285,-2193.35665274742,821.5937340127764
286,-2189.0,770.0
287,-2179.8466573447977,719.7105587914587
288,-2163.0,670.0
289,-2157.862340589634,657.0168144342432
290,-2151.0,644.0
291,-2124.5050666859183,607.2744435154402
292,-2116.0,599.0
293,-2094.7821772932466,584.5762971253106
294,-2072.0,575.0
295,-2051.0,570.0
296,-2036.5569019302138,568.8901046265229
297,-1983.0,570.0
298,-1935.6678975240102,576.8912723888218
299,-1915.0,582.0
300,-1906.0900750641258,584.2119121835127
301,-1870.3495165285617,591.934731630341
302,-1870.0,592.0
303,-1782.3620026902659,606.9426152716895
304,-1782.0,607.0
305,-1734.6905867206774,611.5936445540432
306,-1717.0,610.0
307,-1702.4836834458665,608.6211465992019
308,-1674.0,605.0
309,-1658.2371126622577,601.7280257916708
310,-1614.0,586.0
311,-1561.0,550.0
312,-1549.3591253846896,538.5995215115915
313,-1518.0,499.0
314,-1496.572939692043,463.57175444731985
315,-1491.0,453.0
316,-1466.0,396.0
317,-1455.1494894034884,367.38367391648825
318,-1450.0,353.0
319,-1438.4054324889914,316.69756584248603
320,-1430.0,287.0
321,-1424.5946597632635,267.48036279424923
322,-1401.0,179.0
323,-1396.970094147576,163.30024530290393
324,-1379.0,91.0
325,-1373.312903614921,67.14189725313172
326,-1361.0,15.0
327,-1326.2797378485998,-126.0843440186414
328,-1323.0,-139.0
329,-1271.0,-335.0
330,-1265.2328204691212,-355.96360809435265
331,-1242.3364697749234,-428.7060052668954
332,-1239.0,-438.0
333,-1184.107439402046,-583.5742231912476
334,-1145.0,-683.0
335,-1131.535026753684,-715.6232425096988
336,-1107.1950533619374,-769.5823202886254
337,-1107.0,-770.0
338,-1019.3176832845504,-946.4226098022416
339,-1019.0,-947.0
340,-953.8967402424742,-1057.6231722744212
341,-941.0,-1079.0
342,-914.0,-1123.0
343,-811.8662797489301,-1274.3711983338212
344,-788.0,-1309.0
345,-734.1087793681121,-1385.437074909421
346,-699.0,-1429.0
347,-687.8358653658601,-1442.9176796142615
348,-565.0,-1589.0
349,-551.4373053100794,-1603.9372468915794
350,-383.89925748555015,-1780.8644040051468
351,-368.0,-1797.0
352,-184.0,-1967.0
353,-177.13247593657246,-1972.9695091508233
354,-103.0952361069688,-2036.7458321367699
355,-48.0,-2084.0
356,-26.32851792762311,-2102.597816438681
357,76.80435692875115,-2190.9798360350633
358,78.0,-2192.0
359,195.0,-2291.0
360,252.09402914856264,-2338.8913491804624
361,325.0,-2400.0
362,373.6309864562502,-2440.8836003648744
363,529.0,-2572.0
364,541.0570436492445,-2582.189100588408
365,626.0,-2654.0
366,817.0661898679467,-2815.522336100555
367,846.0,-2840.0
368,939.6123946264879,-2919.3400546923667
369,995.0,-2966.0
370,1192.1622511868832,-3131.6757010787674
371,1208.0,-3145.0
372,1303.7872209416255,-3225.9871960572887
373,1385.0,-3295.0
374,1601.0,-3478.0
375,1629.6421345525046,-3502.192808665938
376,1781.0,-3628.0
377,1791.0417993043209,-3636.1964612316388
378,1891.289686091185,-3717.42979562931
379,1892.0,-3718.0
380,2106.0,-3887.0
381,2257.0,-3999.0
382,2309.7307949560964,-4036.7687765180717
383,2412.0,-4109.0
384,2631.499539434791,-4255.531732020445
385,2672.0,-4281.0
386,2858.6285333231554,-4395.451801527833
387,2925.0,-4435.0
388,3069.1413122153053,-4516.077129048135
389,3159.7309780622245,-4562.32742844189
390,3171.0,-4568.0
391,3282.6703125762087,-4622.878714710735
392,3345.0,-4652.0
393,3552.6053229256527,-4745.297731167942
394,3570.0,-4753.0
395,3683.3426604766505,-4802.874775718266
396,3754.0,-4834.0
397,3922.0,-4908.0
398,3975.29602850893,-4930.786579457798
399,4094.0,-4980.0
400,4291.0,-5058.0
401,4413.272189907987,-5105.491585907531
402,4569.0,-5166.0
403,4729.001599590321,-5229.232118147701
404,4829.006655924719,-5269.19236186475
405,4847.0,-5276.0
406,4972.615818604509,-5319.744177071031
407,5010.0,-5330.0
408,5104.617192259339,-5347.29381782185
409,5169.0,-5345.0
410,5251.587514990726,-5332.546517268284
411,5331.0,-5316.0
412,5400.925470095193,-5296.150516830106
413,5468.0,-5258.0
414,5583.0,-5179.0
415,5646.083092851844,-5113.1782079662125
416,5706.470542009536,-5035.663046402893
417,5712.0,-5028.0
418,5737.971267718379,-4987.305680823248
419,5757.0,-4938.0
420,5783.0,-4849.0
421,5789.084192407947,-4799.89250055122
422,5792.0,-4647.0
423,5791.609441388064,-4635.352448530488
424,5779.128246046968,-4531.885126268138
425,5745.0,-4439.0
426,5695.930775472181,-4333.764537154502
427,5632.0,-4208.0
428,5626.301240421548,-4197.311489855056
429,5601.0,-4161.0
430,5546.543787112971,-4097.150535689612
431,5417.0,-3957.0
432,5355.749892486195,-3904.8091414724804
433,5287.029853240218,-3871.4953236490155
434,5258.0,-3861.0
435,5202.089744688485,-3843.053234595126
436,5126.0,-3823.0
437,5051.246638167598,-3809.5335889787866
438,5024.0,-3806.0
439,4938.152542051237,-3798.4135716081773
440,4807.0,-3786.0
441,4684.589456627494,-3768.8243077428733
442,4614.0,-3758.0
443,4452.931364681186,-3728.748563000979
444,4390.0,-3717.0
445,4293.963256763371,-3703.8310444781036
446,4161.997289125857,-3690.5160145711766
447,4145.0,-3689.0
448,3982.3072764413046,-3675.6290454725504
449,3935.0,-3672.0
450,3876.877230050627,-3667.8237150561235
451,3778.0,-3661.0
452,3639.21028517565,-3650.2795515819007
453,3430.0,-3634.0
454,3370.253728120445,-3629.923910885984
455,3323.374419116132,-3625.9130823206488
456,3283.0,-3621.0
457,3133.3910606390723,-3601.473143227476
458,3005.0,-3583.0
459,2900.1761435829017,-3561.500871378977
460,2835.0,-3535.0
461,2670.065794561663,-3459.986222499749
462,2627.0,-3439.0
463,2613.0,-3432.0
464,2504.374930136561,-3370.2901089201478
465,2439.0,-3330.0
466,2400.584306789444,-3306.1488763183297
467,2309.0,-3247.0
468,2210.415651207742,-3176.7055535086865
469,2196.0,-3166.0
470,2039.3451486848596,-3041.590916448713
471,2028.0,-3032.0
472,1937.3229523850628,-2950.461456213356
473,1879.0,-2879.0
474,1763.4859856571352,-2702.8011006093247
475,1763.0,-2702.0
476,1702.0,-2560.0
477,1661.0,-2429.0
478,1631.0927277453275,-2305.802045389776
479,1623.0,-2268.0
480,1606.9190768945384,-2189.861609019747
481,1589.0753195425614,-2077.6358819128
482,1589.0,-2077.0
483,1576.0,-1934.0
484,1572.0169990033946,-1879.384888730559
485,1573.3740866485164,-1821.3452551193825
486,1575.0,-1801.0
487,1582.3507993076796,-1723.9164572351744
488,1589.0,-1662.0
489,1596.5105770349087,-1608.1491026121676
490,1609.0,-1578.0
491,1615.19490144674,-1563.1217879452574
492,1631.0,-1528.0
493,1648.477674388741,-1499.3812141867897
494,1656.0,-1490.0
495,1693.0,-1455.0
496,1718.13434810496,-1438.6213267601984
497,1732.0,-1432.0
498,1757.8418766086725,-1422.2823578979592
499,1799.0,-1411.0
500,1816.467401063132,-1407.3361397428891
501,1901.0,-1398.0
502,1924.9626198483559,-1397.5169511843992
503,1962.0,-1398.0
504,1994.0,-1399.0
505,2013.7576003570289,-1400.3016163183424
506,2058.0,-1405.0
507,2113.4314970408445,-1412.4846938159221
508,2140.0,-1414.0
509,2281.5585994528356,-1413.527943644147
510,2306.0,-1413.0
511,2321.590620633201,-1412.3683509163013
512,2329.0,-1408.0
513,2337.4915999107548,-1404.6303192497865
514,2430.6358398839993,-1368.1721744702365
515,2431.0,-1368.0
516,2506.2611004857195,-1320.2120891395075
517,2531.0,-1300.0
518,2580.539583020237,-1257.3359678089992
519,2625.0,-1218.0
520,2646.3541727181628,-1198.3758790753566
521,2656.0,-1185.0
522,2712.8165143763863,-1097.3506817144048
523,2713.0,-1097.0
524,2740.0,-1024.0
525,2752.7087808739784,-968.729336497924
526,2760.0,-926.0
527,2769.0,-840.0
528,2771.0002862340443,-814.5084717864427
529,2775.0,-753.0
530,2777.747002004031,-690.5327902983156
531,2778.0,-672.0
532,2776.0245173195567,-600.4455865663872
533,2776.0,-600.0
534,2766.0,-504.0
535,2747.4210933704107,-430.9357575622198
536,2743.0,-416.0
537,2727.17865190921,-366.0215101250017
538,2700.0,-318.0
539,2627.0,-221.0
540,2620.7771830125703,-213.0853221149728
541,2589.9091936795153,-175.31129945666092
542,2549.722857805797,-149.39675164801275
543,2541.0,-144.0
544,2414.4704203105766,-67.49960758220313
545,2403.0,-61.0
546,2346.4507128611863,-32.00440343582213
547,2265.0553338049663,-16.93471097210042
548,2249.0,-15.0
549,2173.0,-7.0
550,2051.5202130075336,-8.968376831627204
551,2051.0,-9.0
552,2009.0,-12.0
553,1901.6709112246162,-24.14002672259147
554,1860.0,-30.0
555,1783.3723587740683,-42.166571731458895
556,1714.0,-53.0
557,1531.8427369675094,-79.86121574661793
558,1503.0,-84.0
559,1432.0,-93.0
560,1298.0,-110.0
561,1284.995460770151,-111.69182538150383
562,1148.0,-130.0
563,1135.470557642057,-131.71752335586012
564,969.0,-156.0
565,930.7757274038058,-162.39988682908847
566,826.0,-181.0
567,745.4036482290962,-195.07470332816547
568,667.0,-209.0
569,642.2407386534974,-213.57091109288922
570,559.0,-228.0
571,431.35847527613487,-245.2515423011052
572,313.0,-259.0
573,171.4008136308633,-272.12620764356996
574,-410.0,-10.0
575,-457.2979317392948,48.98106996060473
576,-556.0181597730236,179.30354265156615
577,-596.0,235.0
578,-626.6238727324468,280.04978050516615
579,-718.0,439.0
580,-743.4603292091683,481.7267183787945
581,-825.9715597735853,617.610677667055
582,-854.0,664.0
583,-917.3201796528064,770.6776300624896
584,-970.8180397881406,879.1582981782799
585,-977.0,894.0
586,-1017.2382438944919,1000.5470503364775
587,-1062.600975139639,1136.9124566184669
588,-1082.0,1199.0
589,-1095.6254569511416,1249.0364077435502
590,-1102.0,1300.0
591,-1115.0000063679097,1402.965718251157
592,-1116.0,1413.0
593,-1120.8100166161128,1492.1758617359135
594,-1121.0,1519.0
595,-1117.2820316846305,1611.238711110653
596,-1117.0,1617.0
597,-1115.0,1647.0
598,-1107.312546302455,1694.030573994819
599,-1106.0,1701.0
600,-1100.0,1730.0
601,-1086.2541818101563,1777.1171315798942
602,-1067.0,1820.0
603,-1028.0,1874.0
604,-1023.0133914912196,1879.0434826119586
605,-967.0,1920.0
606,-881.0,1953.0
607,-880.640315598604,1953.1016434306366
608,-842.0,1962.0
609,-652.803504297787,1980.9021066637151
610,-640.0,1982.0
611,-541.6725763571777,1990.9175118124929
612,-477.0,2000.0
613,-451.2492975010008,2004.003458260898
614,-402.0,2011.0
615,-293.0,2020.0
616,-257.72920665532774,2022.2183883799066
617,-135.0,2029.0
618,-33.74305713256163,2034.1189497149048
619,43.0,2038.0
620,129.18600872077943,2042.6546384751157
621,175.0,2045.0
622,331.0,2053.0
623,605.498874475009,2073.5685302650336
624,589.0,2083.0
1,803.0,2108.0
2,859.5557184400658,2115.0487806613737
3,876.0,2117.0
4,996.222506225175,2129.886952269202
5,1052.0,2136.0
6,1162.0,2149.0
7,1243.504135890118,2157.8285301840638
8,1273.0,2161.0
9,1488.7269208669927,2185.729703777553
10,1491.0,2186.0
11,1584.0,2197.0
12,1612.5433082766049,2200.1986528833963
13,1714.0,2211.0
14,1753.7912532549763,2215.372295427116
15,1891.0,2231.0
16,1943.549910196954,2236.9938970482926
17,2148.947734703832,2260.381118792981
18,2207.0,2267.0
19,2449.6430042450306,2294.62546973374
20,2462.0,2296.0
21,2537.7696578012237,2304.275010126624
22,2644.0,2316.0
23,2719.5541967280546,2324.7074654432517
24,2889.3791728392016,2344.522155384691
25,2920.0,2348.0
26,3029.0,2360.0
27,3138.0,2372.0
28,3223.4355215127653,2381.908825690164
29,3310.0,2392.0
30,3551.109109314406,2418.022323551196
31,3602.0,2423.0
32,3677.1217184127518,2429.051411529221
33,3733.0,2433.0
34,3859.6346391387624,2445.8016823341522
35,3861.0,2446.0
36,4068.0,2491.0
37,4085.8185441103055,2496.1165381944966
38,4187.0,2546.0
39,4199.110406387042,2554.7845259658334
40,4262.0,2607.0
41,4320.770308405184,2683.600190142464
42,4321.0,2684.0
43,4353.213207269815,2753.0560584104014
44,4363.0,2780.0
45,4374.872574881715,2820.1222641479912
46,4391.14048857084,2935.7500803246676
47,4392.0,2947.0
48,4397.0,3047.0
49,4396.501270802698,3092.7717634095516
50,4396.0,3106.0
51,4389.11073414961,3262.7618414341996
52,4389.0,3265.0
53,4378.0,3376.0
54,4375.88337723278,3390.9448661341603
55,4363.0,3481.0
56,4354.700064571272,3532.915265923344
57,4323.0,3712.0
58,4318.350185315033,3736.4467470920126
59,4279.265996108619,3920.853218545389
60,4279.0,3922.0
61,4256.723706521296,4014.51109461951
62,4227.052288557218,4130.27439824893
63,4214.0,4180.0
64,4202.894933343923,4221.539625713235
65,4177.0,4315.0
66,4160.094185730868,4374.980212775778
67,4145.0,4428.0
68,4123.691081216926,4501.678422671344
69,4093.0788303454624,4601.826650136474
70,4079.0,4644.0
71,4041.4823871550902,4749.047549058012
72,4008.0,4826.0
73,3935.6882811396345,4947.265177938204
74,3537.3641585805353,5267.890619382974
75,3490.0,5291.0
76,3416.826298958982,5318.014093536666
77,3345.5222902961405,5336.107406960823
78,3227.0,5374.0
79,3109.565030078059,5414.480867415879
80,3002.0,5452.0
81,2966.93095555289,5463.907191103772
82,2913.0,5483.0
83,2890.185225247825,5492.25944184718
84,2614.0,5613.0
85,2602.8831936201873,5618.894795521384
86,2511.0,5697.0
87,2478.7139541466363,5730.924675491185
88,2368.3787116251888,5855.2453207004855
89,2332.0,5907.0
90,2277.4034401297167,5995.5622700429685
91,2276.0,5998.0
92,2227.0,6099.0
93,2208.278908528705,6150.665913231682
94,2152.7246713930112,6366.098348124075
95,2150.0,6382.0
96,2141.0,6502.0
97,2152.0,6709.0
98,2153.3517630250662,6727.72423213696
99,2169.010076443159,6861.926347590986
100,2181.0,6930.0
101,2186.9076971652817,6967.184390186855
102,2207.0,7096.0
103,2211.780271034466,7124.685055164321
104,2232.6213738033916,7244.76618442735
105,2233.0,7247.0
106,2248.0,7337.0
107,2275.9730630923127,7496.871470462221
108,2302.0,7641.0
109,2304.383037476736,7654.174445283577
110,2332.0,7809.0
111,2349.776143460463,7915.767043931193
112,2360.0,7979.0
113,2378.2826792145356,8095.034999652789
114,2391.0,8196.0
115,2402.057518379976,8314.195755013714
116,2415.0,8505.0
117,2415.8551886812693,8521.646076554769
118,2420.182651986492,8734.273951701929
119,2420.0,8809.0
120,2419.3525117158188,8919.157729535527
121,2417.5365627027986,9077.843993083137
122,2417.0,9107.0
123,2410.0972189302047,9317.827512135205
124,2409.0,9347.0
125,2405.425058495349,9442.147674398568
126,2404.0,9477.0
127,2398.0,9606.0
128,2396.5543378617044,9635.2834598051
129,2385.0,9833.0
130,2381.6636515033338,9880.827227324913
131,2366.0,10094.0
132,2358.4487692353578,10190.753348550532
133,2353.0,10257.0
134,2348.649682796241,10312.975572856183
135,2339.0,10437.0
136,2329.6340650859897,10551.142234327637
137,2324.0,10617.0
138,2306.0,10812.0
139,2302.563463359388,10845.655336658356
140,2289.0,10970.0
141,2276.0,11070.0
142,2262.691988321343,11153.693800160401
143,2246.0,11239.0
144,2238.561560361409,11270.742116067358
145,2213.0,11363.0
146,2182.0,11451.0
147,2178.168083201223,11459.515255331084
148,2124.0,11564.0
149,2096.334096939172,11606.00257868187
150,2088.0,11615.0
151,1970.8239753724652,11722.443377909425
152,1965.0,11727.0
153,1919.0,11751.0
154,1888.8207551816972,11761.672785278744
155,1845.0,11773.0
156,1804.0,11775.0
157,1792.9000478407718,11774.317196483593
158,1713.2922038396734,11755.457039905901
159,1693.0,11747.0
160,1675.3227828564359,11738.020420735142
161,1644.0,11718.0
162,1630.3878975079251,11708.442377294687
163,1577.0,11669.0
164,1543.2890877627167,11639.500508597086
165,1528.0,11621.0
166,1491.0,11575.0
167,1487.3999119776938,11570.06895148089
168,1448.0,11508.0
169,1431.4500866686237,11479.084888175072
170,1421.0,11459.0
171,1403.5164202615822,11421.218306948846
172,1387.0,11383.0
173,1383.4690650002676,11375.840512562947
174,1379.0,11364.0
175,1355.324613497703,11299.906624662184
176,1355.0,11299.0
177,1321.0,11199.0
178,1318.1438218231922,11190.356253377257
179,1280.0,11073.0
180,1270.168860560445,11041.86232803177
181,1246.2210658308622,10964.71031997205
182,1246.0,10964.0
183,1197.0,10807.0
184,1161.4776153417263,10694.82501901524
185,1138.0064251410881,10619.935131251037
186,1135.0,10610.0
187,1109.0,10524.0
188,1105.7035644702873,10513.412650073069
189,1074.3923288957749,10415.23195791187
190,1074.0,10414.0
191,1028.6723173518794,10270.208395563335
192,1021.0,10246.0
193,986.0,10136.0
194,945.9604662155833,10007.594108198717
195,923.0,9934.0
196,900.5677235875384,9863.022661986692
197,869.3555289921931,9768.229330795704
198,865.0,9755.0
199,839.0,9676.0
200,820.0616894094899,9618.976215460747
201,776.0,9491.0
202,753.4092749318706,9426.867434636528
203,700.0,9276.0
204,639.941389102831,9104.845289910787
205,614.0,9030.0
206,584.2305226359241,8944.568560330541
207,564.0,8887.0
208,524.0,8774.0
209,504.3745853653585,8717.596285609336
210,479.0,8644.0
211,444.9092640126767,8545.379952475678
212,434.0,8514.0
213,367.51660588862944,8324.464594764819
214,367.0,8323.0
215,320.0,8190.0
216,301.15709803469565,8136.288507716853
217,278.0,8070.0
218,184.930467695903,7802.897745070657
219,178.0,7783.0
220,82.9453314303135,7510.704119606236
221,82.0,7508.0
222,17.0,7322.0
223,-73.85820476421829,7060.026040339513
224,-101.36251567017865,6980.8228831171145
225,-108.0,6962.0
226,-130.91522801119257,6898.165355021421
227,-153.0,6836.0
228,-194.20583456487057,6717.454412487933
229,-236.0,6597.0
230,-308.4345673123175,6390.606072089037
231,-309.0,6389.0
232,-360.0,6244.0
233,-365.35196484329833,6228.706143093383
234,-405.0,6115.0
235,-466.7677787836757,5937.953575815519
236,-473.0,5920.0
237,-507.0,5822.0
238,-559.0,5675.0
239,-604.2374282623807,5545.4023449103115
240,-662.0,5379.0
241,-708.0,5248.0
242,-718.5066106489566,5217.936053981859
243,-761.7716378753922,5093.732923240967
244,-768.0,5076.0
245,-808.1374992972302,4962.444216164118
246,-809.0,4960.0
247,-863.4704158292815,4804.668851455433
248,-870.0,4786.0
249,-910.655607961176,4669.747631937709
250,-960.0,4528.0
251,-982.3765316149422,4463.189123682574
252,-1018.0,4361.0
253,-1042.0,4294.0
254,-1053.0445171082836,4262.911204203904
255,-1095.0,4143.0
256,-1111.3994331586352,4095.9456703549386
257,-1168.7669704851617,3931.39817884808
258,-1195.0,3857.0
259,-1221.0814647732932,3783.5740370205694
260,-1279.0,3622.0
261,-1334.3187480460538,3469.4125779536885
262,-1408.285876292526,3266.7466621823805
263,-1414.0,3251.0
264,-1466.0,3107.0
265,-1506.8053666201545,2994.935560789502
266,-1568.0,2828.0
267,-1618.0,2692.0
268,-1635.0139628339357,2644.8232423449253
269,-1667.0,2556.0
270,-1729.7478286400114,2385.95669764994
271,-1800.3755273487404,2196.669192531693
272,-1801.0,2195.0
273,-1851.0,2063.0
274,-1855.0812951713685,2052.283050103252
275,-1932.4381248729765,1847.1748912957473
276,-1946.0,1810.0
277,-1987.0,1694.0
278,-1991.836580019735,1679.9894978038517
279,-2030.9912290795914,1563.8852812767666
280,-2045.0,1522.0
281,-2099.0,1358.0
282,-2113.0514246194793,1312.2333834181675
283,-2154.0,1170.0
284,-2176.5229785378906,1075.7158726603855
285,-2187.931355240339,990.7201649146194
286,-2188.0,990.0
287,-2193.3080086359673,902.2639256083141
288,-2194.7532616777175,858.8243658106209
289,-2195.0,852.0
290,-2195.1698375038795,836.9226543525455
291,-2195.0,834.0
292,-2189.0,773.0
293,-2185.636922017701,754.6134238312161
294,-2169.4488874437234,690.0502738517602
295,-2165.0,675.0
296,-2155.434505063685,649.3694532237242
297,-2145.0,633.0
298,-2143.7834608627463,631.198060378165
299,-2108.6396056727835,593.3998749648315
300,-2108.0,593.0
301,-2063.0,572.0
302,-2044.3947594217457,566.3074984291256
303,-2005.0,568.0
304,-1989.2879702959017,569.7482200555081
305,-1956.0,574.0
306,-1917.101218343497,581.1118186844109
307,-1903.0,584.0
308,-1884.0,588.0
309,-1852.5826541000285,595.0638619244517
310,-1813.0,602.0
311,-1792.8822884467327,604.4056967505313
312,-1716.0,610.0
313,-1687.4781122789705,609.3616771758609
314,-1666.5807942816584,604.015044948023
315,-1647.0,598.0
316,-1616.0,587.0
317,-1600.4146459008434,577.7509532430969
318,-1533.0,521.0
319,-1526.3099999801382,514.0198450066046
320,-1502.0,474.0
321,-1490.0459566378468,450.2320208237594
322,-1471.0,409.0
323,-1464.363335579296,391.8691990505539
324,-1460.0,380.0
325,-1445.1173088223316,337.7430843516402
326,-1423.0,262.0
327,-1417.0352041734773,239.56651958810602
328,-1398.0,166.0
329,-1393.6902434006004,149.14266928267634
330,-1378.0,85.0
331,-1373.0398607561829,64.41655778338506
332,-1353.0,-18.0
333,-1337.0213648056178,-82.11253145067728
334,-1325.0,-130.0
335,-1313.2789997868517,-176.78160761802098
336,-1295.0,-248.0
337,-1280.5724700619546,-301.4434743752992
338,-1265.0,-355.0
339,-1250.0,-401.0
340,-1230.692261972923,-459.10950864019503
341,-1203.0,-538.0
342,-1158.2820832447662,-652.2235703388754
343,-1114.0,-756.0
344,-1062.4659978353993,-864.8568365678867
345,-1021.5146094852074,-943.0553336046462
346,-1021.0,-944.0
347,-964.9210502611315,-1040.9319037147811
348,-936.0,-1087.0
349,-825.9981835048713,-1256.4892967660173
350,-825.0,-1258.0
351,-777.5262345690312,-1327.3970456936236
352,-742.0,-1372.0
353,-703.4619989610995,-1422.6129847371874
354,-676.0,-1458.0
355,-591.0,-1560.0
356,-546.0564204418262,-1610.843833536636
357,-515.0,-1645.0
358,-423.1076302864828,-1741.679550478226
359,-390.0,-1775.0
360,-306.0,-1856.0
361,-296.8905373291317,-1864.5224795655652
362,-175.0,-1975.0
363,-102.3813454699852,-2038.934167409759
364,31.0,-2153.0
365,137.66120181070954,-2242.4135829804336
366,167.0,-2267.0
367,327.0,-2402.0
368,404.76636909372695,-2467.270969889767
369,472.0,-2524.0
370,525.6586286010928,-2569.9657432653294
371,569.0,-2607.0
372,717.0,-2731.0
373,764.5751297949363,-2771.306367442995
374,816.0,-2815.0
375,964.6607048938034,-2940.469760859037
376,1066.0,-3026.0
377,1101.1943015990225,-3055.8172837320126
378,1200.7013910424455,-3140.4824703229565
379,1256.0,-3187.0
380,1359.0,-3273.0
381,1371.10899562053,-3283.1760797907714
382,1494.0,-3387.0
383,1553.9774215080843,-3437.1272581033013
384,1604.0,-3479.0
385,1654.2973598562664,-3521.5226749772346
386,1721.0,-3578.0
387,1757.4678513159881,-3608.607806498351
388,1878.402988570023,-3708.23509926459
389,1918.0,-3740.0
390,2026.0,-3825.0
391,2065.5222226565406,-3855.840059793318
392,2149.0,-3920.0
393,2317.0,-4042.0
394,2371.425153219168,-4080.551387798452
395,2431.0,-4122.0
396,2525.725776527204,-4185.938479318632
397,2591.0,-4229.0
398,2776.087991943001,-4345.874127722272
399,2791.0,-4355.0
400,2891.262253030838,-4415.294653517388
401,2951.0,-4449.0
402,3072.743546125076,-4514.56882029687
403,3248.0,-4606.0
404,3331.2801954025804,-4647.336395452767
405,3393.0,-4674.0
406,3476.948360117246,-4711.176200117445
407,3703.0,-4812.0
408,3830.843965675238,-4869.11747684466
409,3964.180451097345,-4926.999242891312
410,3981.0,-4934.0
411,4118.862870995633,-4989.749842339935
412,4122.0,-4991.0
413,4279.0,-5053.0
414,4347.476996605485,-5079.924960581839
415,4419.0,-5108.0
416,4593.627253061358,-5176.184336855701
417,4652.0,-5199.0
418,4710.037341753864,-5221.743312808352
419,4769.0,-5245.0
420,4845.729665007846,-5275.724767806352
421,4930.0,-5307.0
422,4963.596862678448,-5317.464943252757
423,5041.0,-5337.0
424,5088.935804782402,-5345.161724553559
425,5125.0,-5346.0
426,5274.736102979789,-5326.062932670058
427,5333.0,-5315.0
428,5397.142612412233,-5294.569988189208
429,5437.0,-5273.0
430,5481.0,-5250.0
431,5570.844798947002,-5186.351524618511
432,5629.0,-5136.0
433,5643.464974961635,-5122.362766449144
434,5698.679424297704,-5055.008547721861
435,5720.0,-5017.0
436,5749.420211642057,-4955.9207432604035
437,5778.0,-4876.0
438,5790.0,-4813.0
439,5792.109250154666,-4795.32752493965
440,5796.0,-4728.0
441,5785.0,-4593.0
442,5783.334472737444,-4583.774397672985
443,5765.0,-4505.0
444,5759.963129826201,-4486.634820067708
445,5737.0,-4416.0
446,5724.073052954469,-4384.115479723804
447,5669.0,-4270.0
448,5659.124261567436,-4251.767407410496
449,5598.041010560479,-4156.49251555445
450,5585.0,-4139.0
451,5543.336547541938,-4086.207269237533
452,5521.0,-4059.0
453,5440.0,-3976.0
454,5400.432083892496,-3947.706054505279
455,5253.0,-3859.0
456,5241.596246609292,-3852.7098273367537
457,5158.635966162221,-3818.7197873155587
458,5063.0,-3811.0
459,4887.0,-3791.0
460,4818.546772153963,-3782.846866229219
461,4613.0,-3757.0
462,4457.292098581518,-3731.639189234195
463,4362.0,-3713.0
464,4329.336581891056,-3707.878709034675
465,4212.0,-3695.0
466,4201.571554811423,-3694.031337494785
467,4122.0,-3687.0
468,4096.101937325326,-3684.8272628823497
469,3947.720755979643,-3673.0558404655203
470,3947.0,-3673.0
471,3776.765936686182,-3660.0575338529043
472,3776.0,-3660.0
473,3645.216425067406,-3650.223659866812
474,3487.0,-3638.0
475,3471.7356993693493,-3636.7637248800957
476,3207.0,-3613.0
477,3195.6496599721568,-3611.8031437172576
478,3087.9577297370565,-3598.495171049594
479,3016.0,-3585.0
480,2960.5147874425948,-3572.631525408749
481,2901.0,-3557.0
482,2768.825915031747,-3507.8890693317853
483,2740.0,-3495.0
484,2554.0,-3399.0
485,2479.585694358989,-3355.125549915214
486,2342.0,-3269.0
487,2262.350654278082,-3215.6616295700173
488,2143.277946349991,-3126.6450065697154
489,2087.0,-3082.0
490,2028.9569414749628,-3034.200545687637
491,1961.0,-2969.0
492,1912.9193453259754,-2917.2365130332137
493,1851.0,-2843.0
494,1816.6777618551882,-2794.4367896582007
495,1763.0,-2702.0
496,1743.306270560383,-2661.685441259744
497,1701.0,-2559.0
498,1695.960458341187,-2544.9486208223652
499,1659.0,-2425.0
500,1637.755936814658,-2341.262328113533
501,1615.0,-2234.0
502,1606.1011484069722,-2186.4593963466423
503,1598.0,-2138.0
504,1580.788102053486,-2001.1118083347799
505,1578.0,-1971.0
506,1574.0,-1843.0
507,1574.0748228274506,-1836.519791070396
508,1575.0,-1798.0
509,1576.1866262280096,-1776.2833464133992
510,1583.5578385626125,-1701.5021804210917
511,1586.0,-1681.0
512,1595.0,-1630.0
513,1597.0941561425211,-1622.4921085187812
514,1625.0,-1539.0
515,1637.5338296518298,-1507.8297245925298
516,1652.8557790691577,-1493.782763293255
517,1656.0,-1491.0
518,1711.5326985995962,-1443.315355461948
519,1712.0,-1443.0
520,1754.0,-1423.0
521,1825.879152106009,-1407.4167230774826
522,1869.0,-1400.0
523,1907.2730820041882,-1394.2412197024353
524,1950.0,-1397.0
525,2064.4459548435266,-1406.032686598896
526,2077.0,-1407.0
527,2207.233006957906,-1415.8389230448172
528,2262.0,-1418.0
529,2275.983811222651,-1417.9117192963804
530,2300.0,-1414.0
531,2317.7825630649872,-1409.9174725022917
532,2381.0,-1392.0
533,2394.523587859593,-1386.8542533851235
534,2473.254920885365,-1342.5116391874299
535,2474.0,-1342.0
536,2589.0,-1252.0
537,2649.9587068113588,-1189.416904472345
538,2684.588005955017,-1145.2111760353487
539,2692.0,-1135.0
540,2713.633087661812,-1101.774446229546
541,2729.405238727481,-1063.3470381408188
542,2736.0,-1040.0
543,2751.6433293407827,-971.4363012994754
544,2759.0,-933.0
545,2765.531505786123,-882.1965491929834
546,2768.0,-850.0
547,2772.411203967935,-793.0191142431206
548,2777.0,-716.0
549,2777.0,-605.0
550,2775.941284597296,-588.3681767331107
551,2769.0,-526.0
552,2764.669695501473,-497.91076032586466
553,2750.0,-429.0
554,2742.1153223177084,-405.706750729409
555,2736.0,-390.0
556,2687.0,-297.0
557,2653.9259340658105,-256.0406973991474
558,2572.0,-170.0
559,2567.6546189817877,-165.6798792600738
560,2537.7818898307464,-140.74420661886623
561,2522.0,-131.0
562,2466.288385452499,-98.05787710310824
563,2381.0,-51.0
564,2362.1527176230666,-42.1227522901719
565,2302.0,-25.0
566,2260.566818807022,-17.37684008417084
567,2201.0,-9.0
568,2086.523078568766,-5.673079128269334
569,2007.0,-12.0
570,1868.0,-29.0
571,1857.047412943827,-30.46138663521106
572,1769.0,-44.0
573,1656.2380186126873,-61.549794249052006
574,1558.0,-76.0
575,1546.0555535699325,-77.66166281903546
576,1476.0,-87.0
577,1416.1795071660404,-94.92088182358971
578,1362.0,-102.0
579,1107.0,-135.0
580,1068.7527269662519,-140.14824318200692
581,966.0,-157.0
582,956.7129304142154,-158.6315909886951
583,851.9390203519755,-176.96720906945677
584,823.0,-182.0
585,690.0,-205.0
586,637.5923841616128,-214.12883256745693
587,556.0,-228.0
588,447.7535211424867,-244.52015545744695
589,405.0,-250.0
590,337.4556842436043,-257.1413728359903
591,240.0,-262.0
592,200.48877629253775,-261.1299116827812
593,23.0,-235.0
594,-71.10245664223663,-205.39910510334832
595,-86.0,-200.0
596,-229.4234464954228,-138.21547488470333
597,-243.0,-131.0
598,-346.5913596477505,-63.902353743278205
599,-371.0,-44.0
600,-486.0,72.0
601,-522.7974600991797,119.68716586085802
602,-573.0,196.0
603,-588.2427908569607,220.64703660749473
604,-643.0,313.0
605,-690.7803950402755,393.25964616488824
606,-734.0,465.0
607,-848.0,654.0
608,-857.210351548219,669.5891105314233
609,-990.2224034548722,924.1456507934373
610,-991.0,926.0
611,-1039.2561231923787,1054.902371463061
612,-1075.601691329774,1170.5976404958656
613,-1076.0,1172.0
614,-1090.6414652056187,1231.2163889888388
615,-1100.0,1290.0
616,-1110.409194642561,1370.6766648977796
617,-1118.0,1444.0
618,-1121.0,1522.0
619,-1120.421868131258,1542.6272453441663
620,-1115.0,1643.0
621,-1114.8369757834873,1648.1977035579966
622,-1115.0,1658.0
623,-1107.8596365716087,1685.7057119677922
624,-1087.7238020087857,1763.6214143912507
625,-1078.0,1796.0
626,-1061.5441646689374,1837.1321000164196
627,-1041.9521109427576,1860.8789637463603
628,-1030.0,1872.0
629,-960.5346823490033,1923.7013677023042
630,-960.0,1924.0
631,-917.0,1942.0
632,-890.184597960266,1950.4721616259699
633,-863.0,1957.0
634,-747.7287881461973,1972.3408457866312
635,-669.0,1980.0
636,-648.5425463411016,1981.918554630031
637,-527.5972257005678,1993.0254396894816
638,-519.0,1994.0
639,-460.07127439311694,2001.3519132499098
640,-385.5459653191102,2011.4936585044652
641,-339.0,2017.0
642,-304.3726618652879,2020.048685686618
643,-250.0,2023.0
644,-151.5357741041251,2027.8897078854604
645,15.401728478185259,2035.9243716387932
646,38.0,2037.0
647,82.53769497114213,2039.0556401148067
648,155.0,2043.0
649,308.645446202022,2051.6065352158703
650,332.0,2053.0
651,468.4059579787471,2062.5460514243728
652,510.06577052718814,2069.601482404004
653,499.0,2071.0
1,853.0,2114.0
2,993.8901644102299,2130.2032630724834
3,1063.0,2138.0
4,1135.7852478590607,2145.7192558814077
5,1194.0,2152.0
6,1205.4720476283921,2153.3111157412413
7,1348.0,2170.0
8,1471.2729944226794,2184.3488624314678
9,1660.4327771534317,2205.9372535541856
10,1661.0,2206.0
11,1751.2353576868954,2215.7016444334154
12,1763.0,2217.0
13,1983.0,2242.0
14,1998.383586084428,2243.7405887328946
15,2153.0,2261.0
16,2180.509739645687,2264.0100041990763
17,2281.0,2275.0
18,2294.165818087,2276.4757813852334
19,2522.0,2303.0
20,2620.500121655801,2314.454503280876
21,2652.0,2318.0
22,2747.243702720058,2328.35520313766
23,2799.0,2334.0
24,2984.0,2355.0
25,2995.5952245136305,2356.3315783138128
26,3109.512360983924,2369.4195859068745
27,3132.0,2372.0
28,3320.9658476632676,2393.663868623788
29,3420.0,2405.0
30,3521.7364018895373,2416.1618314042985
31,3557.0,2419.0
32,3671.0,2428.0
33,3727.8469912098794,2432.8566208609464
34,3850.192615556719,2444.774052404352
35,3870.0,2447.0
36,3921.4499127904746,2453.9155122738234
37,3957.0,2462.0
38,4040.9854495673544,2485.7286609894954
39,4108.0,2506.0
40,4201.91709094187,2543.1342486791395
41,4233.0,2581.0
42,4239.343666446604,2588.836292984679
43,4340.0,2720.0
44,4345.318221784589,2728.395725813226
45,4370.312580403589,2798.4255508631877
46,4377.0,2836.0
47,4385.0,2876.0
48,4392.7332610547055,2954.6693759819655
49,4397.0,3089.0
50,4397.092808063117,3097.2037559835676
51,4394.875582135327,3169.5926510545833
52,4394.0,3185.0
53,4389.0,3264.0
54,4385.400709096808,3304.3268219754295
55,4380.0,3355.0
56,4371.941003006857,3422.55541900141
57,4360.0,3503.0
58,4357.864004116368,3515.8906237004057
59,4324.54839195786,3699.506809709189
60,4322.0,3713.0
61,4308.2497728182825,3784.1104683335143
62,4289.098590523026,3874.5491621169485
63,4289.0,3875.0
64,4260.811565135738,3999.433349177456
65,4258.0,4011.0
66,4233.0,4108.0
67,4197.368991681238,4239.178885567712
68,4162.0,4368.0
69,4140.4093998047565,4446.961149002599
70,4128.0,4489.0
71,4077.5840321530686,4646.371361023945
72,4077.0,4648.0
73,4023.4978911084777,4786.82913492523
74,4003.0,4836.0
75,3949.1255857065453,4946.727452988611
76,3897.0,5019.0
77,3890.3538889831007,5027.233714216669
78,3825.0,5098.0
79,3730.366099654866,5168.875913489738
80,3592.0,5250.0
81,3557.7613485788406,5267.144163612012
82,3417.6048139910054,5315.817514062495
83,3417.0,5316.0
84,3278.7215518700186,5357.7728407552695
85,3278.0,5358.0
86,3136.1223864334306,5405.0975067526515
87,3122.0,5410.0
88,3020.0,5446.0
89,2926.090087245167,5477.940510780241
90,2896.0,5489.0
91,2800.0430866776246,5527.65585795696
92,2630.537069892951,5607.5663944861735
93,2590.0,5631.0
94,2517.2237041540648,5683.588683502932
95,2448.701793274896,5759.577634352418
96,2417.0,5796.0
97,2362.95480323595,5860.31703214037
98,2340.0,5895.0
99,2217.0,6123.0
100,2191.9058374303922,6173.478889903051
101,2168.0,6281.0
102,2160.7560562804147,6346.655746526628
103,2142.0,6565.0
104,2157.639001152242,6783.401777330438
105,2177.0,6901.0
106,2186.156413153978,6959.837403008876
107,2211.008014125884,7117.078240521859
108,2215.0,7141.0
109,2248.0,7337.0
110,2264.485509572102,7435.151415660128
111,2279.0,7518.0
112,2283.5168764186305,7542.675226850756
113,2307.0,7670.0
114,2329.120058600279,7790.727052582482
115,2332.0,7807.0
116,2364.0,8000.0
117,2378.895918107018,8100.52915669914
118,2381.0,8116.0
119,2403.6116801833005,8318.294042006028
120,2405.0,8335.0
121,2412.1505843052696,8444.67403460388
122,2415.0,8509.0
123,2419.0,8708.0
124,2419.56898600488,8752.558366339297
125,2420.0,8860.0
126,2417.1295909849973,9053.457660788563
127,2416.0,9116.0
128,2414.1046709206344,9217.520438025025
129,2413.0,9250.0
130,2406.0,9436.0
131,2403.413034393932,9499.441762283508
132,2397.0,9630.0
133,2391.973947704676,9713.801775689486
134,2377.1476373649366,9937.386357742
135,2376.0,9954.0
136,2370.1672286354924,10034.430444339469
137,2365.0,10101.0
138,2359.7661903371622,10170.004006721942
139,2350.0,10296.0
140,2341.022161957262,10406.388156602003
141,2323.0,10622.0
142,2318.62764193399,10673.89764224753
143,2312.3992196959093,10743.343496392541
144,2310.0,10768.0
145,2297.0,10896.0
146,2287.507163299785,10982.309401716913
147,2273.0,11085.0
148,2236.6185773548586,11276.05047278081
149,2231.0,11303.0
150,2219.5239093814603,11353.937019136334
151,2199.0,11405.0
152,2178.5452663509996,11450.197652073772
153,2131.172434281078,11551.647010773399
154,2131.0,11552.0
155,2101.073762075181,11600.185507681947
156,2092.0,11610.0
157,1986.0,11713.0
158,1970.7576488953905,11726.060050150847
159,1946.7290052432413,11741.570916745659
160,1920.8378701145925,11750.290938664939
161,1916.0,11752.0
162,1871.0,11767.0
163,1831.9611520512638,11773.257029077955
164,1815.0,11774.0
165,1759.0,11769.0
166,1720.7512633559202,11757.812008590858
167,1699.0,11749.0
168,1667.941371554391,11733.635421525967
169,1616.2651217733273,11700.196240859828
170,1616.0,11700.0
171,1573.0,11665.0
172,1511.0,11601.0
173,1507.3176749309318,11596.578897520201
174,1478.7008369581526,11558.183397168104
175,1452.0,11515.0
176,1445.6888970829673,11503.963635731252
177,1417.6737059567577,11451.457855294346
178,1404.0,11423.0
179,1382.041682123563,11371.99889069032
180,1380.0,11367.0
181,1370.0,11340.0
182,1362.5488231915037,11318.834456990066
183,1329.6852521716833,11224.99253764789
184,1315.0,11182.0
185,1295.5391708446364,11121.678551059125
186,1282.0,11078.0
187,1270.7365686410803,11042.125607254722
188,1254.0,10989.0
189,1234.921782075298,10928.288128102944
190,1185.0,10769.0
191,1158.521232440527,10684.295129117176
192,1124.0,10573.0
193,1105.6081132144102,10513.084837250699
194,1064.0911670206774,10380.490527608994
195,1056.0,10356.0
196,1044.0,10320.0
197,1025.3117452043414,10259.803703189767
198,1007.0,10199.0
199,979.5156979223191,10112.837545672559
200,959.0,10049.0
201,939.149637968862,9985.783956791987
202,903.0,9870.0
203,891.0400001021749,9832.796933875712
204,856.933390577852,9729.636209060809
205,852.0,9715.0
206,816.6621146598781,9611.544344432683
207,798.0,9557.0
208,769.9157735428694,9474.033443060596
209,748.0,9411.0
210,696.7667135229602,9265.968141763762
211,671.0,9193.0
212,618.2827714856314,9041.79645912989
213,584.0,8942.0
214,578.0518694183206,8924.93384165193
215,557.2041377841801,8866.077452750042
216,519.0,8758.0
217,499.8707377342613,8703.490559603286
218,439.88177646251705,8532.034558851392
219,428.0,8498.0
220,395.32876006756146,8403.995296942225
221,382.0,8366.0
222,309.0,8159.0
223,274.1131529505606,8058.258258095967
224,257.0,8009.0
225,223.39549517232132,7913.709050706971
226,209.0,7873.0
227,-65.0,7085.0
228,-86.83782399652283,7023.1092434667535
229,-131.62457440355533,6896.658571080101
230,-165.0,6801.0
231,-186.77496698933766,6737.645507660736
232,-198.0,6705.0
233,-248.0,6561.0
234,-275.9604389720008,6480.931111932367
235,-321.0,6353.0
236,-343.9939052223566,6288.521503353395
237,-367.0,6224.0
238,-399.17610917265165,6132.685398151711
239,-449.0,5989.0
240,-455.1043191151257,5971.278842758334
241,-480.0,5899.0
242,-525.7486840118121,5767.993370800707
243,-537.0,5736.0
244,-624.0,5489.0
245,-629.944348257762,5471.997251730782
246,-687.923935424987,5305.498886307089
247,-693.0,5291.0
248,-724.6023567072996,5201.428877377593
249,-751.0,5126.0
250,-826.0,4910.0
251,-840.0474277165694,4869.626926697612
252,-868.9404566366227,4787.516256555135
253,-908.0,4677.0
254,-972.5242570442225,4492.775352645396
255,-999.0,4417.0
256,-1039.8389668484483,4299.5990006146385
257,-1074.2120185024921,4199.624985084837
258,-1107.0,4106.0
259,-1193.3651301726784,3860.5554945254025
260,-1208.0,3819.0
261,-1236.7422073607527,3737.9276620294013
262,-1244.0,3718.0
263,-1312.0,3532.0
264,-1342.6764323799352,3447.863497145331
265,-1392.0,3312.0
266,-1447.0,3160.0
267,-1469.9248655326733,3096.93506161474
268,-1521.0,2957.0
269,-1617.0,2693.0
270,-1640.6960128964222,2627.9317668020576
271,-1701.888928851785,2460.2466423874457
272,-1757.0,2310.0
273,-1797.3117505871305,2201.72012327659
274,-1828.0,2121.0
275,-1905.0,1919.0
276,-1932.6023825883262,1845.5132723837332
277,-1979.0,1716.0
278,-2040.9626151157647,1532.10941140118
279,-2067.0,1454.0
280,-2089.4791746598085,1386.8933244838777
281,-2100.0,1354.0
282,-2110.1842331224066,1321.3533765515438
283,-2141.0,1219.0
284,-2156.9013290424828,1157.4040060372968
285,-2157.0,1157.0
286,-2169.0,1106.0
287,-2172.4990792027666,1089.3821849812357
288,-2188.0,983.0
289,-2193.495189392725,888.2457673859456
290,-2195.0,837.0
291,-2195.379692348453,820.5954150205471
292,-2192.0,797.0
293,-2181.683504149961,737.0795469845459
294,-2178.0,717.0
295,-2171.006330855834,688.5762472428305
296,-2166.0,678.0
297,-2160.9074121757344,666.7743093682199
298,-2138.110024913184,623.1511760333522
299,-2138.0,623.0
300,-2129.0,612.0
301,-2076.0,576.0
302,-2071.0560121678513,574.7534952693936
303,-2011.258705311804,567.0153358426655
304,-2011.0,567.0
305,-1973.4059317762453,568.4670838312597
306,-1942.0,576.0
307,-1915.0165404080758,582.0648873519151
308,-1901.0,585.0
309,-1825.0,600.0
310,-1794.5691382257091,605.558347912481
311,-1729.9148239861797,610.7294713523014
312,-1719.0,610.0
313,-1657.0,601.0
314,-1633.6126451381626,593.5610720348255
315,-1596.1483319192089,575.8257740155815
316,-1587.0,570.0
317,-1561.6054271506796,550.0882735167274
318,-1535.0,523.0
319,-1509.0,486.0
320,-1505.6894615318129,479.87945234307324
321,-1458.4210593315006,375.014272360729
322,-1458.0,374.0
323,-1444.9702582963869,339.73873870957834
324,-1437.0,310.0
325,-1423.945112853076,265.3093468279176
326,-1415.0,234.0
327,-1324.0,-136.0
328,-1321.7274372711279,-144.98555625581986
329,-1291.0,-262.0
330,-1285.548419851168,-281.56619931227283
331,-1259.0,-373.0
332,-1256.0,-383.0
333,-1214.3639084952795,-504.9936446501923
334,-1178.0,-605.0
335,-1115.030636249113,-759.2889782705599
336,-1080.0,-828.0
337,-1032.0085668073189,-916.534100077982
338,-954.5523867339687,-1053.9140317187673
339,-936.0,-1086.0
340,-903.9415938852997,-1139.62364070215
341,-870.975083701277,-1189.543599721453
342,-859.0,-1207.0
343,-798.1691867877419,-1293.9369845873102
344,-718.0,-1404.0
345,-645.2005228603791,-1496.396165468848
346,-577.0,-1576.0
347,-539.5464955128393,-1617.7525999824454
348,-501.0,-1660.0
349,-381.0,-1785.0
350,-317.01467085034494,-1845.558264723879
351,-197.0,-1956.0
352,-162.93027059737824,-1986.9642473678537
353,-38.0,-2093.0
354,13.28009108251264,-2136.5884996570303
355,171.0,-2271.0
356,255.7174286988884,-2342.1826874120593
357,290.0,-2371.0
358,434.0,-2493.0
359,520.5251920855904,-2565.3258383211382
360,592.0,-2625.0
361,714.0,-2728.0
362,745.7477928665385,-2754.8725947604507
363,900.0282116230767,-2885.513553015026
364,949.0,-2927.0
365,1036.8139328334098,-3001.469672337759
366,1110.9463372668783,-3064.112614459371
367,1112.0,-3065.0
368,1213.0,-3150.0
369,1268.2030274169551,-3196.5415895810506
370,1328.0,-3247.0
371,1529.5371975644214,-3417.101081771937
372,1578.0,-3458.0
373,1654.420113117281,-3522.437182775852
374,1714.0,-3572.0
375,1758.9457241222485,-3609.0994399909387
376,1912.6973729259091,-3735.012566789943
377,2005.0,-3809.0
378,2164.085513939983,-3930.54819565882
379,2280.0,-4015.0
380,2288.457021651707,-4021.2138203670384
381,2478.0,-4154.0
382,2499.3500880722668,-4168.062743785784
383,2712.0,-4306.0
384,2797.3639684285868,-4360.00388753895
385,2953.279676863662,-4451.79723504331
386,3028.0,-4493.0
387,3063.6903600684027,-4512.616318927674
388,3198.7401117641166,-4582.525763935294
389,3263.0,-4613.0
390,3504.0,-4724.0
391,3712.8949623502344,-4815.954747669381
392,3747.0,-4831.0
393,3846.7636053187575,-4875.781574994595
394,3965.0,-4927.0
395,3982.0,-4934.0
396,4087.425355937134,-4976.851006131634
397,4316.607728560187,-5067.963930942918
398,4337.0,-5076.0
399,4656.288675802753,-5200.7106191377925
400,4721.0,-5226.0
401,4749.03774962866,-5237.015449349503
402,4799.637878231135,-5257.192551502325
403,4824.0,-5267.0
404,4898.822585887972,-5297.022222884531
405,4967.0,-5318.0
406,5134.892340042866,-5344.101152699082
407,5159.0,-5346.0
408,5226.230800609365,-5341.989513360338
409,5254.0,-5335.0
410,5386.0,-5296.0
411,5414.14243111321,-5285.0965673633
412,5528.0,-5221.0
413,5597.877038902104,-5165.587913961931
414,5628.0,-5137.0
415,5709.871865129204,-5028.724765933726
416,5760.876299814535,-4929.273217032608
417,5761.0,-4929.0
418,5774.37663407352,-4888.404186301545
419,5777.0,-4876.0
420,5790.601693042697,-4803.4459100731965
421,5792.0,-4794.0
422,5793.0,-4659.0
423,5791.096043035521,-4645.9703702644165
424,5758.361495977686,-4490.272403597802
425,5746.0,-4441.0
426,5722.061631852591,-4373.923123821161
427,5706.0,-4343.0
428,5661.253110363372,-4255.500533124902
429,5661.0,-4255.0
430,5379.8734656061115,-3927.4611307931355
431,5379.0,-3927.0
432,5196.0,-3840.0
433,5172.802002527914,-3829.001233977426
434,5139.284964286594,-3810.5251210209562
435,5097.154456025419,-3811.116569786377
436,5006.0,-3804.0
437,4871.077001300318,-3792.0792812243626
438,4733.0,-3779.0
439,4619.92363281974,-3766.2085881946573
440,4566.0,-3748.0
441,4517.872355086078,-3738.360158283282
442,4461.0,-3728.0
443,4386.0781618302435,-3715.611253852575
444,4250.888755972374,-3698.8903707370723
445,4232.0,-3697.0
446,4052.0,-3681.0
447,4021.7282065391773,-3678.536839652107
448,3884.0,-3669.0
449,3859.6678666704665,-3667.206128614641
450,3727.0,-3657.0
451,3657.4476930942483,-3651.65219979143
452,3598.0,-3647.0
453,3533.749537415055,-3641.833462582451
454,3290.8089522421674,-3621.3229114820124
455,3276.0,-3620.0
456,3173.580965736457,-3610.112749015239
457,3115.0,-3602.0
458,2957.651419431386,-3571.828143342381
459,2927.0,-3564.0
460,2814.4609824915356,-3527.335757411147
461,2780.0,-3513.0
462,2636.621179713838,-3443.0636031278755
463,2587.0,-3417.0
464,2455.846317047869,-3340.725595430805
465,2434.0,-3327.0
466,2292.0,-3235.0
467,2203.8809746329193,-3172.0674490111105
468,2143.0,-3126.0
469,2059.1911381140662,-3059.3400633700016
470,2047.0,-3049.0
471,1906.0,-2910.0
472,1886.1700901114173,-2886.504259477967
473,1793.0,-2757.0
474,1778.1456390113565,-2731.707204220711
475,1733.0,-2641.0
476,1706.0490856437518,-2575.5403971812775
477,1671.0,-2466.0
478,1617.0,-2241.0
479,1610.9027165090756,-2213.2914913662844
480,1600.3838036200143,-2157.9414309958424
481,1595.0,-2114.0
482,1593.8201090575972,-2105.9213976035817
483,1584.0,-2038.0
484,1576.0172456349085,-1929.4355430804435
485,1576.0,-1929.0
486,1574.0,-1850.0
487,1574.3938084526558,-1817.122435382213
488,1576.0,-1783.0
489,1580.3795187543378,-1720.6594781383792
490,1586.0,-1682.0
491,1595.0260205200407,-1636.56738343321
492,1606.0,-1588.0
493,1612.6299503680675,-1563.1030214272546
494,1620.0,-1551.0
495,1681.398114962553,-1469.7511366018168
496,1693.0,-1456.0
497,1729.6928453537694,-1431.4782430359833
498,1742.0,-1428.0
499,1794.3918546294344,-1414.8756634503247
500,1862.0,-1400.0
501,1893.054248453797,-1394.8910985341286
502,1918.242641382028,-1395.1653137692942
503,1948.0,-1397.0
504,1991.9662074378411,-1398.5974435658409
505,1999.0,-1399.0
506,2110.0305149203036,-1409.9192705201835
507,2111.0,-1410.0
508,2222.408891843993,-1417.2343329783762
509,2260.0,-1418.0
510,2301.9134177182996,-1413.9358117697673
511,2322.0,-1409.0
512,2374.572625047389,-1394.1363927011034
513,2412.0,-1379.0
514,2467.0,-1347.0
515,2507.6586193047397,-1320.5049555682986
516,2580.0,-1260.0
517,2628.5086082734056,-1211.8451287807497
518,2655.0,-1185.0
519,2698.5317331372457,-1138.2531938038412
520,2713.0,-1098.0
521,2722.6632382449493,-1068.8098635936121
522,2751.0,-977.0
523,2759.450878825304,-943.2213577531444
524,2767.0,-858.0
525,2767.5516068744664,-850.7780809188994
526,2774.0,-772.0
527,2776.7800628912682,-730.1385243298184
528,2778.0,-683.0
529,2774.051738368105,-571.233603723568
530,2770.0,-533.0
531,2748.6468601500665,-433.75870902622967
532,2707.0,-329.0
533,2699.078219319841,-313.0448964777392
534,2674.53955257909,-276.1826033484587
535,2657.0,-255.0
536,2596.400838078029,-191.35298814095339
537,2596.0,-191.0
538,2479.424643303562,-101.29807195508975
539,2479.0,-101.0
540,2401.9563039764626,-56.90506129821969
541,2355.0,-41.0
542,2340.250344612123,-36.194805493493256
543,2286.0,-21.0
544,2265.7149588348275,-17.190258644795975
545,2147.6792445665956,-6.676312097503894
546,2125.0,-6.0
547,2047.0883167877641,-7.686311583052915
548,1980.5428730105893,-14.869265312215896
549,1938.0,-20.0
550,1895.2646614910054,-25.359636469754495
551,1841.0,-33.0
552,1617.934623283472,-66.85775250029863
553,1617.0,-67.0
554,1478.8207387393222,-86.72582589698874
555,1453.0,-90.0
556,1395.7443025748462,-97.32496045681081
557,1344.0,-104.0
558,1248.3226207073817,-116.5195501083879
559,1222.0,-120.0
560,1114.4758388111602,-134.43705087535682
561,1069.0,-141.0
562,902.5091991634616,-167.5615907983556
563,888.0,-170.0
564,663.0,-210.0
565,651.2464158860465,-212.0319055902138
566,487.0,-239.0
567,432.0,-247.0
568,404.29002250184755,-250.5465553080952
569,227.0,-262.0
570,213.59487370100885,-261.730073149689
571,119.0,-254.0
572,50.222200996299755,-240.85652471565214
573,9.0,-231.0
574,-82.6367025910949,-205.14199663365727
575,-212.0,-147.0
576,-299.9473099624412,-92.32881704376284
577,-382.0,-35.0
578,-463.4285425072623,36.749123605389066
579,-517.0,113.0
580,-638.0288106297171,305.6280004188861
581,-658.0,338.0
582,-754.5567532925531,495.8930599828017
583,-809.0,589.0
584,-903.6627419012666,758.9694743659036
585,-979.0,899.0
586,-990.0856122129419,920.2740399323764
587,-1015.0,982.0
588,-1018.1576989565458,991.5007420690208
589,-1063.5840321325059,1136.387814980647
590,-1083.0,1204.0
591,-1091.1657861678207,1235.3942566303788
592,-1106.047059519333,1325.166451323978
593,-1108.0,1344.0
594,-1119.3205151298084,1481.4722615101105
595,-1121.0,1511.0
596,-1118.0,1610.0
597,-1115.6045686846496,1632.9098934935646
598,-1110.0,1682.0
599,-1105.6525554240109,1716.8332119206468
600,-1085.0,1781.0
601,-1072.390878808917,1805.221201189825
602,-1042.3317520758947,1857.465092246949
603,-1042.0,1858.0
604,-1018.5526545749949,1890.3570875157004
605,-981.0,1912.0
606,-886.1516389508521,1950.2651978574086
607,-873.0,1955.0
608,-811.0594080378886,1973.460351050188
609,-751.0,1975.0
610,-737.303961232291,1975.4888889633428
611,-676.0,1979.0
612,-643.1724126409375,1981.8221110799668
613,-515.02513303738,1995.649963596348
614,-487.0,1999.0
615,-441.03837254645475,2005.4256533779092
616,-423.0,2008.0
617,-373.01866901149083,2014.3083668650243
618,-237.04534395440265,2023.948325358982
619,-236.0,2024.0
620,-100.0,2030.0
621,-13.58983381426367,2033.993357979621
622,20.0,2036.0
623,127.21126854987584,2041.8274607140934
624,167.0,2044.0
625,331.0,2053.0
626,340.5130862874204,2053.478877727398
627,350.0,2054.0
628,448.31788399488187,2063.7062239606635
1,728.3393648918259,2099.842622241094
2,848.0,2114.0
3,859.9490466337859,2115.3361015830187
4,996.0,2130.0
5,1104.0,2142.0
6,1126.5592397577911,2144.500264861669
7,1229.0,2156.0
8,1454.0,2182.0
9,1510.1593350737594,2188.445615314378
10,1597.0,2198.0
11,1681.921542776701,2207.9819964795242
12,1786.0,2220.0
13,2074.2406471841855,2251.796385017991
14,2130.0,2258.0
15,2201.642311580872,2266.1308419556713
16,2311.2416805052535,2278.9651199288246
17,2347.0,2283.0
18,2483.0,2298.0
19,2533.7270890927707,2303.7836585779773
20,2695.439104258057,2322.5608788769755
21,2734.0,2327.0
22,2848.4392160645566,2339.8977375129452
23,3004.0,2357.0
24,3017.809623262474,2358.5552088973654
25,3066.0,2364.0
26,3384.0,2400.0
27,3412.773142547214,2403.36773467187
28,3552.0,2419.0
29,3639.094832910825,2426.1417851007677
30,3796.809166051313,2438.8853279794644
31,3798.0,2439.0
32,3899.0,2452.0
33,3969.0380250879207,2463.041185135784
34,4054.822137725707,2485.9828919629654
35,4068.0,2491.0
36,4156.541710257179,2531.5813783568988
37,4191.0,2549.0
38,4252.787371864323,2583.271799578637
39,4276.017207216657,2609.385719338013
40,4304.0,2658.0
41,4353.317440024252,2755.4564759556797
42,4359.0,2768.0
43,4382.4622301057625,2831.2624283251826
44,4389.392354448258,2914.409119252299
45,4390.0,2922.0
46,4395.0,2990.0
47,4395.830304409905,3057.574527464481
48,4395.0,3159.0
49,4394.822001597547,3185.196967951177
50,4388.0,3276.0
51,4382.772238522403,3321.762660950223
52,4370.0,3431.0
53,4359.908588709958,3512.398548049914
54,4348.144594361756,3575.5661462778444
55,4341.0,3613.0
56,4325.814166695263,3692.9723929311585
57,4304.0,3805.0
58,4285.415159357095,3892.9800293233175
59,4258.821016261926,4004.775377023166
60,4250.0,4041.0
61,4236.476863518776,4096.373526026524
62,4221.654161292372,4153.3686412764
63,4216.0,4174.0
64,4185.0,4285.0
65,4167.181778166616,4350.645213862701
66,4149.0,4417.0
67,4121.0,4512.0
68,4117.289750119958,4523.9619076430845
69,4053.0,4715.0
70,4044.2529302070307,4738.151545982675
71,3995.3892345966856,4853.142419525255
72,3978.0,4888.0
73,3947.5622443801626,4943.70116055614
74,3903.0,5011.0
75,3868.319538175151,5052.277515630235
76,3769.0,5145.0
77,3731.4685509703295,5174.787544296626
78,3555.0,5266.0
79,3482.840832885905,5292.0072450740045
80,3355.0,5335.0
81,3266.911433635405,5363.239764366311
82,3216.0,5378.0
83,3147.782269838951,5400.963605205887
84,3012.0,5448.0
85,2915.4477766065784,5481.849223484559
86,2901.0,5487.0
87,2832.0,5512.0
88,2806.3848041222554,5521.444136301348
89,2649.0,5590.0
90,2625.4282121432343,5604.550532367887
91,2499.0,5709.0
92,2472.6355627190155,5736.163117809918
93,2356.8883455290133,5872.8512980566875
94,2331.0,5909.0
95,2184.379719982426,6220.931965049571
96,2184.0,6222.0
97,2154.0,6354.0
98,2149.6104188736435,6428.636165042063
99,2150.0,6690.0
100,2151.030973220368,6706.892188405759
101,2194.0,7011.0
102,2195.9758925549036,7022.708712307916
103,2221.8328316165876,7178.335613763381
104,2239.0,7283.0
105,2258.774891229923,7402.677292099562
106,2259.0,7404.0
107,2295.0,7603.0
108,2328.0,7787.0
109,2353.3191827897554,7928.116152398645
110,2359.465776830105,7962.882060657348
111,2367.0,8019.0
112,2388.8641245168674,8180.959757279423
113,2393.0,8215.0
114,2402.0,8301.0
115,2406.9123510875015,8358.027902106494
116,2413.0,8460.0
117,2419.2363591382727,8749.59163780811
118,2420.0,8812.0
119,2420.801148570081,8930.338438885115
120,2417.0,9093.0
121,2416.5531634575223,9111.432158860427
122,2416.0,9134.0
123,2413.1583703184183,9234.401122423804
124,2410.023714936284,9323.298046157799
125,2410.0,9324.0
126,2405.0888921230494,9459.95956410179
127,2405.0,9462.0
128,2392.7083477839224,9697.02232008516
129,2388.0,9779.0
130,2379.9336263013242,9905.449613250259
131,2376.0,9959.0
132,2363.0739474092006,10131.496158386735
133,2355.0,10236.0
134,2352.44082114334,10268.417869173085
135,2342.0,10399.0
136,2334.5044506798913,10494.975169958365
137,2329.0,10562.0
138,2320.281831863086,10658.454283427967
139,2311.0,10757.0
140,2305.0,10821.0
141,2301.8121891190085,10852.671446204946
142,2273.0,11091.0
143,2261.8351127443498,11161.17975926764
144,2243.328227857523,11248.417628659368
145,2239.0,11267.0
146,2225.0341221751855,11323.741133162766
147,2219.0,11345.0
148,2195.0,11417.0
149,2167.5385809201885,11482.575238323148
150,2164.0,11490.0
151,2122.0,11566.0
152,2102.11521879858,11594.085424471687
153,2039.9176660268602,11666.311173032938
154,2008.0,11696.0
155,1990.367558546548,11710.03313037338
156,1943.9898569743998,11738.370038520736
157,1914.0,11753.0
158,1876.283600569829,11766.73426920907
159,1859.0,11770.0
160,1764.0,11770.0
161,1758.9280478698806,11769.03014513216
162,1704.0,11751.0
163,1672.5769937063776,11735.698817939792
164,1662.0,11730.0
165,1598.0,11686.0
166,1591.7867744857322,11680.53523634593
167,1521.0,11613.0
168,1499.76767308435,11592.451167224219
169,1481.8265930548553,11564.534761347408
170,1473.0,11549.0
171,1422.024932394173,11458.423081526042
172,1411.0,11439.0
173,1389.6813577834616,11403.093524971102
174,1392.8360644472111,11406.053256373774
175,1375.0,11354.0
176,1353.6377342960045,11294.648765788377
177,1331.0,11232.0
178,1306.4036449207304,11157.432380786382
179,1303.0,11146.0
180,1269.4271499768458,11036.658473447213
181,1249.0,10972.0
182,1223.3229893173439,10892.029746820346
183,1223.0,10891.0
184,1194.0,10796.0
185,1177.5854478392478,10742.72005548414
186,1167.0,10709.0
187,1124.0,10575.0
188,1120.8124185579964,10564.79512936962
189,1096.0,10484.0
190,1085.3142104498077,10449.475025886955
191,1041.1759735200112,10309.55007244
192,1041.0,10309.0
193,1010.0,10212.0
194,999.4666253577506,10178.406588846401
195,948.5076976055099,10014.6239151704
196,948.0,10013.0
197,919.3812087036067,9923.344711556787
198,903.0,9873.0
199,885.267475618579,9817.432237011319
200,849.0,9705.0
201,822.2589001501472,9625.792786829083
202,781.0,9507.0
203,776.9354039557369,9495.268796067594
204,740.3545028000609,9389.632333529336
205,730.0,9360.0
206,682.0,9224.0
207,667.2945481021147,9182.39893527888
208,628.1253473063543,9071.13003575906
209,618.0,9042.0
210,577.0,8923.0
211,554.2135016620115,8858.273739120446
212,517.0,8753.0
213,471.43151445927236,8621.569351941189
214,447.0,8551.0
215,428.9526918696345,8499.185698825157
216,399.9824794317501,8417.642321771984
217,354.0,8287.0
218,281.7379645391038,8080.668711475375
219,271.0,8050.0
220,207.5258879573125,7868.840842393332
221,165.0,7747.0
222,159.83927947574992,7732.018602178827
223,135.01192362335038,7659.432411911681
224,123.0,7625.0
225,97.57689471349374,7552.785630402841
226,63.0,7455.0
227,52.692371097835135,7425.853168469245
228,14.0,7316.0
229,-42.027839993300006,7155.106800442634
230,-120.0,6930.0
231,-146.70655649227723,6852.460261095472
232,-150.0,6843.0
233,-234.0,6603.0
234,-245.36112736391146,6570.603192361889
235,-290.0,6443.0
236,-311.96836001110916,6379.508820973859
237,-346.0,6281.0
238,-367.5869367113549,6219.150646937634
239,-420.0,6070.0
240,-425.6525082358333,6053.861876981618
241,-477.0,5907.0
242,-497.0561832802992,5849.800031908646
243,-517.0,5793.0
244,-549.1578539467789,5701.314966015851
245,-592.0,5579.0
246,-597.6379744258684,5562.888549963993
247,-684.0,5316.0
248,-717.3926791788949,5220.776596211686
249,-807.4177027565765,4964.303689519041
250,-818.0,4934.0
251,-842.9227846909873,4862.280725055349
252,-876.0,4767.0
253,-885.8010026173539,4738.952006960882
254,-952.0,4550.0
255,-967.3514695322635,4506.087050820129
256,-1055.4352151085259,4253.802455544881
257,-1075.0,4198.0
258,-1098.4370316420031,4132.018468148386
259,-1117.0,4080.0
260,-1152.9898617126587,3977.165526152005
261,-1182.0,3895.0
262,-1287.3864116590519,3601.313527294367
263,-1303.0,3558.0
264,-1336.9818292945904,3463.8528099384703
265,-1371.1860301058675,3369.573958421674
266,-1395.0,3304.0
267,-1424.153391811385,3223.70271115577
268,-1444.0,3169.0
269,-1481.0,3067.0
270,-1525.9700759388975,2943.784496403047
271,-1546.0,2889.0
272,-1588.7743010606653,2771.950439992142
273,-1620.0,2686.0
274,-1661.4325027498296,2570.856171490843
275,-1684.0,2508.0
276,-1735.9699928292957,2365.1537548876836
277,-1764.0,2291.0
278,-1853.3017803788614,2057.8813037076857
279,-1864.0,2030.0
280,-1910.2641285171733,1909.0064382113794
281,-1927.0,1861.0
282,-1961.1221228776665,1763.7706636275689
283,-2012.955154134042,1615.499383067454
284,-2030.0,1566.0
285,-2070.769122668079,1444.6987832423122
286,-2071.0,1444.0
287,-2090.0,1386.0
288,-2149.7192528298297,1186.8795312685784
289,-2160.0,1147.0
290,-2167.6443100985416,1114.06994003495
291,-2180.0,1047.0
292,-2181.1216236324244,1039.9944857330688
293,-2192.0,956.0
294,-2195.07747209715,904.2551312244318
295,-2195.0,829.0
296,-2194.7184968518204,822.5585630323944
297,-2188.3011306483913,763.5427156649166
298,-2178.9991534667142,720.2636376587665
299,-2178.0,716.0
300,-2162.0,666.0
301,-2150.8838407298604,645.5867168830482
302,-2113.330305206161,596.3058819897724
303,-2113.0,596.0
304,-2045.5903187171098,568.4472423206089
305,-2042.0,568.0
306,-2013.934822114474,566.8295365780523
307,-1976.0,571.0
308,-1943.0,577.0
309,-1939.2685894270367,577.6688961564857
310,-1910.0,583.0
311,-1889.1618961391132,587.8084632102252
312,-1871.0,592.0
313,-1852.9438588268738,595.6482925624872
314,-1809.0,603.0
315,-1775.7681311426613,607.6795867190277
316,-1745.0,610.0
317,-1724.0,610.0
318,-1713.385858275682,609.5235541915135
319,-1673.0,605.0
320,-1658.9684401463273,602.0964409627031
321,-1624.0,590.0
322,-1590.049385847289,571.5183713176784
323,-1565.0,553.0
324,-1557.6152011734212,546.5245364961713
325,-1532.0,519.0
326,-1522.1626769405425,505.3614453528695
327,-1504.0,476.0
328,-1490.2896257472316,452.19562938341653
329,-1470.0,405.0
330,-1463.1496592661397,386.1686689059031
331,-1441.0,322.0
332,-1422.9756598278816,264.49775902332595
333,-1417.0,241.0
334,-1407.332022322803,204.00589116564026
335,-1396.0,160.0
336,-1389.5019147624957,133.67313630809693
337,-1375.0,73.0
338,-1343.4727687455188,-57.726789093613135
339,-1341.0,-68.0
340,-1326.796985644666,-127.41068415600571
341,-1301.3814659748393,-223.6096296223835
342,-1301.0,-225.0
343,-1266.0,-351.0
344,-1259.526238102427,-373.7792623860543
345,-1227.0,-472.0
346,-1206.7705896319287,-527.827915837304
347,-1193.0,-565.0
348,-1149.4050040055283,-674.2040796631511
349,-1113.0,-757.0
350,-1103.0997191383562,-778.9003310347784
351,-1062.0,-866.0
352,-1017.3222495490827,-949.4947892491407
353,-985.0,-1006.0
354,-944.5099515786546,-1073.9077227132964
355,-884.0,-1169.0
356,-856.0485818299709,-1211.4548102959081
357,-841.0,-1234.0
358,-787.1348083984126,-1312.0522773087876
359,-748.0,-1364.0
360,-668.0611180325213,-1464.8768232172238
361,-585.0,-1567.0
362,-507.76265424144503,-1656.89876882681
363,-452.0,-1713.0
364,-401.0,-1764.0
365,-377.6022428098327,-1786.6710216260465
366,-165.94543710925586,-1981.5906121320506
367,-132.0,-2012.0
368,-64.87187251706787,-2069.653665662174
369,-41.0,-2090.0
370,35.55370322893317,-2156.0094596183985
371,73.0,-2188.0
372,178.0,-2276.0
373,245.97384475897837,-2333.2420027433886
374,340.7240781759731,-2413.5693515637486
375,391.0,-2456.0
376,439.987718751472,-2497.187336856973
377,541.0,-2582.0
378,632.0,-2659.0
379,654.6760856065011,-2678.279578333282
380,752.341624424327,-2761.376202731107
381,778.0,-2783.0
382,858.0,-2850.0
383,933.2152228857498,-2913.5923011327914
384,982.0,-2955.0
385,1125.0,-3076.0
386,1289.0,-3214.0
387,1383.442177593143,-3293.4890302229555
388,1422.0,-3326.0
389,1467.0,-3364.0
390,1627.1627877718315,-3498.7784899942203
391,1743.0,-3596.0
392,1827.4344156837137,-3666.683540558941
393,1919.0,-3741.0
394,2082.597008832653,-3869.1342734283003
395,2162.0,-3930.0
396,2224.0168804814316,-3976.467510424244
397,2329.6675740735764,-4051.7391510868856
398,2343.0,-4061.0
399,2526.0722517083695,-4185.467958508831
400,2557.0,-4206.0
401,2671.940781565705,-4280.794444516202
402,2688.0,-4291.0
403,2789.6947016227027,-4354.131609634741
404,2851.0,-4391.0
405,2926.0,-4435.0
406,2939.131969643852,-4442.6047039920795
407,3079.0,-4520.0
408,3138.6974600753692,-4550.457351519333
409,3409.0,-4681.0
410,3646.8187867902734,-4787.633291689781
411,3747.0,-4831.0
412,3836.551318829421,-4870.810396015846
413,3876.0,-4888.0
414,3952.8329151087723,-4920.930192655525
415,4178.0,-5014.0
416,4264.4081102206665,-5047.5574302619525
417,4333.0,-5074.0
418,4407.0,-5103.0
419,4421.042847170214,-5108.524330112818
420,4554.55773610103,-5161.122386939778
421,4572.0,-5168.0
422,4728.782262005836,-5229.436044064323
423,4746.0,-5236.0
424,4979.451385876282,-5320.32439435717
425,5004.0,-5328.0
426,5079.291390253751,-5343.8265868610915
427,5112.0,-5345.0
428,5248.0,-5337.0
429,5269.3744373078625,-5333.082167943041
430,5393.0,-5293.0
431,5411.005012305459,-5285.452184161423
432,5464.0,-5260.0
433,5532.425821367382,-5217.073742201793
434,5556.0,-5200.0
435,5618.306395317816,-5147.239424257176
436,5648.0,-5115.0
437,5713.257396403466,-5027.257318664333
438,5714.0,-5026.0
439,5770.5980131697115,-4895.228233688415
440,5778.0,-4875.0
441,5791.668975373156,-4829.603073553025
442,5792.0,-4798.0
443,5790.107367547675,-4716.0425100737375
444,5784.0,-4587.0
445,5777.976362133366,-4531.308534548589
446,5751.310763190901,-4457.825507306824
447,5751.0,-4457.0
448,5721.0,-4378.0
449,5704.041299489435,-4338.722399241418
450,5659.0,-4251.0
451,5624.0,-4195.0
452,5558.884749738362,-4106.3602938413305
453,5505.0,-4042.0
454,5484.594419858471,-4019.8682234692874
455,5448.0,-3984.0
456,5368.89231322777,-3919.57401838384
457,5348.0,-3906.0
458,5195.0,-3840.0
459,5173.998590349458,-3833.7547135195728
460,5108.0,-3819.0
461,5052.865274024247,-3810.8671097312226
462,4799.0,-3785.0
463,4727.862222170042,-3779.384992953572
464,4695.0,-3774.0
465,4583.391301623319,-3750.3008353451423
466,4526.0,-3740.0
467,4291.0,-3704.0
468,4242.370477105025,-3697.3169796488764
469,4165.911622867769,-3690.185953272938
470,4118.0,-3687.0
471,4075.9522320863853,-3683.650993152321
472,3921.0,-3671.0
473,3909.126631387823,-3670.1554903874853
474,3849.0,-3666.0
475,3531.0,-3641.0
476,3477.4876918938426,-3636.7917265185915
477,3335.3431261519295,-3625.9233129120025
478,3234.3062959900144,-3616.227147687342
479,3206.0,-3613.0
480,2969.6279540820233,-3575.9322913647156
481,2908.0,-3559.0
482,2753.546172749373,-3499.434993348288
483,2650.0,-3451.0
484,2611.728213233895,-3431.8020800841737
485,2536.949095726137,-3389.3442745650214
486,2508.0,-3372.0
487,2452.404788046364,-3338.315389239887
488,2332.0,-3262.0
489,2294.072073576115,-3236.0757780555223
490,2168.0,-3145.0
491,2146.2510587083025,-3129.17657760498
492,2056.7110710550965,-3060.452630280669
493,2013.0,-3019.0
494,1929.2751135821436,-2930.459993225846
495,1850.0,-2841.0
496,1800.9304534045953,-2779.433406400796
497,1776.4911907942842,-2728.0264522134926
498,1776.0,-2727.0
499,1725.2509292460031,-2619.054592800979
500,1712.0,-2587.0
501,1636.6589078902593,-2332.2785717522725
502,1633.0,-2317.0
503,1591.1404917837688,-2091.0239249796437
504,1591.0,-2090.0
505,1581.0,-2007.0
506,1579.2438761702788,-1987.4420500348665
507,1574.0,-1889.0
508,1573.8241636519658,-1812.855454422365
509,1577.0,-1760.0
510,1580.9530750833967,-1720.0759455662915
511,1585.0,-1688.0
512,1595.8790379500115,-1627.575451226341
513,1596.0,-1627.0
514,1609.0,-1579.0
515,1663.0,-1482.0
516,1674.1121820745727,-1466.8953347608585
517,1732.9349296578212,-1430.8024554879737
518,1743.0,-1427.0
519,1771.0,-1417.0
520,1803.9844341940266,-1408.9852091944322
521,1832.0,-1404.0
522,1888.4575039234362,-1398.27905667912
523,1895.0,-1398.0
524,1966.7001244143084,-1398.1462211257842
525,1987.0,-1399.0
526,2062.0,-1405.0
527,2100.5870814722393,-1408.81399127926
528,2195.0,-1418.0
529,2237.1138790136574,-1420.5392142311775
530,2281.0,-1416.0
531,2320.019347170674,-1408.8088538654501
532,2353.0,-1401.0
533,2438.0,-1365.0
534,2453.7143789371444,-1355.308985959584
535,2541.0,-1292.0
536,2598.016557791587,-1242.7996313909248
537,2662.0,-1177.0
538,2665.1949885933577,-1173.4646120425803
539,2700.0,-1123.0
540,2721.3311055653417,-1078.1204670403456
541,2733.0,-1048.0
542,2742.196470146661,-1017.8158311015604
543,2759.9420413607863,-921.4154423859355
544,2760.0,-921.0
545,2770.965073674415,-818.4429231342453
546,2771.0,-818.0
547,2777.0,-711.0
548,2777.0650704096215,-623.1690350860576
549,2777.0,-622.0
550,2768.119519969923,-518.0979592503064
551,2768.0,-517.0
552,2757.186524774454,-453.7424871818655
553,2748.0,-427.0
554,2711.0,-337.0
555,2684.526348494482,-290.45501745215927
556,2631.6943921676248,-226.7086843013346
557,2631.0,-226.0
558,2554.0,-155.0
559,2505.1147266803146,-117.6476813070222
560,2488.0,-107.0
561,2423.0,-71.0
562,2408.2523348661657,-63.973748368315164
563,2295.5085703948694,-24.119092210669344
564,2278.0,-20.0
565,2209.2780906768126,-9.002229511473502
566,2176.0,-7.0
567,2059.236252807871,-8.414099084162736
568,2046.0,-9.0
569,1915.7397246331043,-22.199064869733064
570,1889.0,-26.0
571,1775.9406245944824,-42.65683658022799
572,1748.0,-47.0
573,1626.0195467422661,-66.47028897872444
574,1597.0,-71.0
575,1492.7997056525203,-85.85470533953433
576,1421.0,-95.0
577,1331.6430253490207,-106.29449597012469
578,1318.0,-108.0
579,1230.1096398661073,-118.81977489799874
580,1144.0,-130.0
581,1036.0,-146.0
582,985.9367230996427,-153.77393774002184
583,881.0,-171.0
584,797.9788639005939,-185.94943441919736
585,770.0,-191.0
586,604.0,-220.0
587,592.4449679843751,-222.024631668319
588,442.0,-245.0
589,425.09212912908293,-246.80953784432353
590,237.0,-262.0
591,161.05776952633946,-262.9186360089423
592,103.0,-252.0
593,-72.0,-205.0
594,-86.8169849013569,-199.45275034107277
595,-223.9737363711904,-139.27572366021087
596,-253.0,-125.0
597,-344.1709438935362,-69.30723403182607
598,-380.0,-37.0
599,-445.61796693034375,30.904226246625942
600,-525.0,125.0
601,-533.41680270748,136.24661647673062
602,-615.0,266.0
603,-621.1874373435386,276.43412375134017
604,-675.0,367.0
605,-704.4021549764557,416.1079069647255
606,-839.0,640.0
607,-850.7618808964507,659.681296599323
608,-878.8595613805545,707.8548178256672
609,-883.0,715.0
610,-950.0541669711723,833.319435893278
611,-989.0,921.0
612,-1027.6083580699626,1025.6875020380735
613,-1079.0,1183.0
614,-1089.8005795924682,1218.0115367687968
615,-1091.0,1240.0
616,-1118.871986901441,1459.6092569337256
617,-1119.0,1461.0
618,-1116.6707969681613,1632.0372276534938
619,-1116.0,1638.0
620,-1108.859730154046,1685.663632362199
621,-1102.0,1717.0
622,-1101.1639029982914,1720.6383446250961
623,-1092.4749775649746,1757.2370535890238
624,-1077.253907101255,1798.4710546213487
625,-1077.0,1799.0
626,-1052.0236226805712,1841.7583484193185
627,-1029.0,1871.0
628,-996.0,1900.0
629,-952.3247627216379,1926.0424833007983
630,-920.0,1940.0
631,-855.3054684041028,1958.503807118508
632,-848.0,1960.0
633,-800.0,1967.0
634,-766.166173414665,1970.6769023405113
635,-731.0,1974.0
636,-630.4130855909602,1980.6783805020743
637,-589.0,1985.0
638,-510.749281449672,1994.814332986695
639,-487.0,1998.0
640,-438.93941267756674,2004.9687029567795
641,-387.0,2012.0
642,-302.69714821003663,2018.8661841152652
643,-239.0,2023.0
644,-160.4428308662048,2027.223313379741
645,-125.0,2029.0
646,35.0,2037.0
647,44.845703797333684,2037.4967053552523
648,131.3828369116747,2042.0054927333686
649,167.0,2044.0
650,240.01635805047113,2048.1915757992774
651,408.0,2059.0
652,496.7517094140866,2068.559403283072
653,511.0,2073.0
1,766.0395828952537,2104.3034255148427
2,816.0,2110.0
3,846.9261862514375,2113.425887936352
4,952.0217384835596,2124.885369565751
5,989.0,2129.0
6,1236.0,2157.0
7,1265.6102394921686,2160.368935998192
8,1376.3834804880382,2172.97406416879
9,1446.0,2181.0
10,1600.7913957633648,2198.7552729260756
11,1603.0,2199.0
12,1733.0,2213.0
13,1745.3204691843468,2214.3315647832883
14,2416.4190834400365,2290.847317983538
15,2498.0,2300.0
16,2573.500612188091,2308.381816287379
17,2696.0,2322.0
18,2814.455036343013,2335.4875555317612
19,2819.0,2336.0
20,3051.0,2362.0
21,3194.3471058356304,2378.235566087142
22,3253.191107093777,2385.4086447624245
23,3316.0,2393.0
24,3436.519949083951,2407.1610110142424
25,3473.0,2411.0
26,3568.41503469883,2419.7369742991946
27,3606.0,2423.0
28,3842.590754942863,2443.795679768614
29,3856.0,2445.0
30,3934.0,2457.0
31,3950.0270135024207,2461.414975202414
32,4107.713168034139,2510.0736269472177
33,4151.0,2526.0
34,4204.219431320161,2555.2842574280576
35,4226.0,2575.0
36,4302.299820134461,2656.309416166348
37,4319.0,2681.0
38,4341.528259666398,2723.4440673814634
39,4363.0,2778.0
40,4372.520784748004,2809.694250165925
41,4386.0,2884.0
42,4390.737053224906,2929.148548720235
43,4395.469332338492,3010.4236057197227
44,4397.0,3058.0
45,4397.114165706578,3129.5791567421875
46,4394.0,3195.0
47,4391.72547601334,3227.7994899221057
48,4381.104968399254,3349.953304564569
49,4381.0,3351.0
50,4363.0,3485.0
51,4356.484045828484,3523.788076603419
52,4341.182410870104,3611.942898059757
53,4341.0,3613.0
54,4321.415395487501,3721.9184009281767
55,4321.0,3724.0
56,4292.497798297404,3857.8414202884755
57,4272.0,3951.0
58,4259.821317101347,4006.8955662751523
59,4244.341221037339,4066.7295698699536
60,4244.0,4068.0
61,4184.427265758189,4286.19574618638
62,4172.0,4332.0
63,4156.705083849735,4390.790162521632
64,4141.0,4444.0
65,4106.333821526171,4555.437291744009
66,4066.0,4681.0
67,4054.3922047748374,4715.19194746018
68,4012.0,4817.0
69,3998.268259247786,4846.376756176489
70,3947.0,4946.0
71,3887.5141035725683,5031.154556870822
72,3803.0,5118.0
73,3773.83738524529,5141.932110364395
74,3704.0,5191.0
75,3543.769416401616,5271.189595245675
76,3539.0,5273.0
77,3323.232057506875,5344.033272320029
78,3304.0,5350.0
79,3239.74158239405,5369.321356837937
80,3155.135607638206,5398.042302987487
81,3127.0,5408.0
82,2949.0,5471.0
83,2926.050557053589,5479.023884156723
84,2730.0472443016265,5542.542671798794
85,2668.0,5579.0
86,2660.0883352039505,5584.4575421671325
87,2505.686500435972,5705.491320441617
88,2464.0,5744.0
89,2430.237067287331,5778.607716825538
90,2376.0,5847.0
91,2235.9560147675916,6078.0948338080625
92,2235.0,6080.0
93,2159.5417858415876,6324.1792841436645
94,2150.0,6385.0
95,2138.5663718957785,6473.237346597631
96,2148.0,6675.0
97,2157.540238784947,6754.627255837927
98,2184.0,6951.0
99,2193.5441865642147,7012.206723889274
100,2199.0,7042.0
101,2209.8817859813444,7108.670218970072
102,2221.0,7177.0
103,2241.129993292296,7296.279129527185
104,2244.0,7313.0
105,2281.0,7525.0
106,2293.605651691916,7595.933932141012
107,2333.0,7816.0
108,2352.5128995798054,7926.900759161667
109,2362.0,7986.0
110,2372.170979968242,8053.508488933698
111,2396.0,8235.0
112,2418.0,8584.0
113,2418.9591821252916,8628.655650948485
114,2419.995962662794,8788.875904465116
115,2420.0,8808.0
116,2419.041888269454,8982.56413063435
117,2419.0,8986.0
118,2414.9515887418993,9198.856069893605
119,2414.0,9235.0
120,2409.315960812255,9370.447214917938
121,2401.0,9541.0
122,2396.0,9639.0
123,2393.349689380836,9686.34050886703
124,2385.1977069171844,9817.40076807528
125,2383.0,9851.0
126,2374.0,9981.0
127,2354.9760094963613,10230.121352038626
128,2349.0,10309.0
129,2344.1275470853193,10380.229616668581
130,2342.0,10407.0
131,2331.882558612706,10528.112924759149
132,2314.0,10734.0
133,2298.980358483634,10885.4310611915
134,2290.0,10961.0
135,2264.430343853907,11145.176813802169
136,2261.0,11163.0
137,2234.23621900742,11283.558141766827
138,2223.0,11330.0
139,2201.6019009692836,11409.156571844935
140,2188.265885975719,11439.798732323907
141,2177.0,11464.0
142,2147.6888582771544,11524.46884303849
143,2139.0,11540.0
144,2122.0,11567.0
145,2090.321827629888,11613.76340662937
146,2067.0,11640.0
147,1957.795770016198,11731.415079074504
148,1957.0,11732.0
149,1929.0268569581453,11747.508789266973
150,1922.0,11750.0
151,1882.2013563272117,11764.194116226283
152,1864.0,11769.0
153,1781.0,11773.0
154,1753.1506180207489,11768.341456596765
155,1730.0,11762.0
156,1681.0,11741.0
157,1656.3243847061863,11726.459806636669
158,1636.0,11713.0
159,1589.666895801186,11679.384305090054
160,1547.0,11641.0
161,1533.6508109122333,11626.96899031072
162,1501.0,11589.0
163,1490.96353606737,11576.106159517405
164,1473.0,11550.0
165,1442.938859247772,11499.099125323291
166,1416.0,11449.0
167,1391.8235066540217,11397.632551735607
168,1369.0,11339.0
169,1348.8082717579778,11284.812492718118
170,1333.0,11238.0
171,1313.0140253581428,11176.649103265088
172,1277.0,11064.0
173,1255.367106741734,10994.299000442565
174,1247.0,10967.0
175,1206.0,10835.0
176,1191.637783683927,10789.5828159769
177,1155.0,10674.0
178,1144.9848934396055,10642.038937479188
179,1110.0,10530.0
180,1078.8182090412772,10429.796500115634
181,1067.0,10392.0
182,1052.0489630308448,10344.312928117575
183,1001.667059278512,10184.00269864336
184,996.0,10166.0
185,946.2829961975369,10008.383570420621
186,916.1795702267134,9913.074965340198
187,902.0,9868.0
188,895.6904536296274,9847.85557649384
189,869.0,9766.0
190,830.4583753866376,9652.656094538288
191,785.0,9520.0
192,749.8143554063226,9417.978815779117
193,677.1820190486557,9211.083827734139
194,668.0,9185.0
195,621.9396981081627,9054.00472270024
196,576.0,8923.0
197,568.7372712563615,8902.228761614568
198,507.0,8725.0
199,493.9801248206589,8687.663354819791
200,442.7647581571106,8541.178450644722
201,442.0,8539.0
202,402.1378812414743,8425.584954242995
203,396.0,8408.0
204,330.0,8217.0
205,326.04669327249144,8205.565449315822
206,304.0,8142.0
207,76.36759930364813,7494.208489059151
208,59.0,7444.0
209,0.0,7273.0
210,-21.11902992447842,7212.9537040446885
211,-44.0,7148.0
212,-97.35031732384601,6993.724147594797
213,-126.0,6911.0
214,-148.0,6848.0
215,-152.65692254940024,6834.6743311490945
216,-198.0,6705.0
217,-223.39521263906676,6632.613962308687
218,-322.0,6352.0
219,-331.1341466637281,6325.893718617669
220,-360.084214678702,6242.666707850996
221,-384.0,6174.0
222,-415.2795083538996,6084.448881088572
223,-477.917987664036,5905.4010924358545
224,-498.0,5848.0
225,-539.224677794749,5730.134426911411
226,-578.0,5619.0
227,-593.9685716582374,5573.160023064565
228,-624.0,5487.0
229,-666.9554034973802,5364.45902678294
230,-711.0,5239.0
231,-796.3532610638283,4995.546318503348
232,-806.0,4968.0
233,-846.4140410102731,4852.026565187507
234,-864.0,4802.0
235,-908.956410324162,4675.014505370982
236,-935.0,4601.0
237,-958.5602550102662,4533.468082918392
238,-1011.0,4382.0
239,-1039.7215534760155,4299.460004505413
240,-1058.0,4247.0
241,-1123.0,4061.0
242,-1151.0885700323013,3981.5397216708884
243,-1225.0,3774.0
244,-1261.6245246765247,3671.7759258790793
245,-1329.5969327978837,3483.421347209625
246,-1372.0,3367.0
247,-1387.35962553959,3325.2365693091224
248,-1422.0,3231.0
249,-1448.9338700834128,3156.3691425944526
250,-1502.0,3009.0
251,-1513.6763001120964,2976.822483305594
252,-1564.0,2839.0
253,-1575.5763803535033,2807.337089655019
254,-1614.0,2702.0
255,-1682.0,2514.0
256,-1736.6584679749053,2365.7676218016827
257,-1825.0,2130.0
258,-1848.164042310364,2069.633461911104
259,-1878.0356180396882,1992.7591153589478
260,-1884.0,1977.0
261,-1974.8444888216025,1728.3156443361188
262,-1976.0,1725.0
263,-2018.0,1601.0
264,-2056.0452648858864,1487.8474647238104
265,-2057.0,1485.0
266,-2102.4482839309035,1348.3476016897637
267,-2127.0,1269.0
268,-2146.141345061933,1199.949359811838
269,-2176.695747096375,1066.4766748829222
270,-2177.0,1065.0
271,-2187.474484402729,1008.0157717571641
272,-2191.5666129062242,959.4684444537226
273,-2192.0,950.0
274,-2193.772655899254,864.5741178988662
275,-2194.0,826.0
276,-2193.6622603151327,804.9398151950304
277,-2192.0,794.0
278,-2188.5671672738627,767.1748124811468
279,-2181.0,728.0
280,-2160.2517206848747,662.6904526320402
281,-2160.0,662.0
282,-2145.6936290993735,631.6518174349945
283,-2137.0,621.0
284,-2110.0,594.0
285,-2107.2424917826156,591.9741044578446
286,-2070.2134369579207,574.217778914539
287,-2042.0,568.0
288,-2023.1278680710866,566.7333260963973
289,-1982.0,570.0
290,-1965.665460779283,572.1423904324245
291,-1928.0,579.0
292,-1913.8681452290814,581.8780583191959
293,-1847.0,596.0
294,-1825.9420703388853,600.5681401837205
295,-1815.0,602.0
296,-1778.4415854619383,606.3081332221452
297,-1715.0,610.0
298,-1682.0,607.0
299,-1671.4274628873136,605.0041809468228
300,-1625.0,591.0
301,-1616.2003904271362,587.1562446038074
302,-1587.0,570.0
303,-1567.1992297775594,555.636989750506
304,-1545.0,534.0
305,-1484.0,440.0
306,-1476.8933586644478,426.24045927623035
307,-1467.1123735618783,400.21877024682817
308,-1463.0,388.0
309,-1455.216335879852,365.5372843574149
310,-1433.4843537032089,299.9955500355684
311,-1428.0,281.0
312,-1401.9068986458417,181.442162646704
313,-1399.0,170.0
314,-1372.1226917825259,62.275660700106364
315,-1360.0,12.0
316,-1357.3160486525212,0.7348602998342599
317,-1339.0,-75.0
318,-1328.2859607419227,-117.28674435452521
319,-1278.0,-311.0
320,-1276.1917121935544,-317.9347907819406
321,-1244.0,-421.0
322,-1221.8443179955098,-483.1563761382164
323,-1177.0,-607.0
324,-1145.9159015078594,-683.2577098380546
325,-1137.0,-703.0
326,-1106.7820407132904,-771.4869839682791
327,-1055.0,-880.0
328,-958.8754810482371,-1049.8034169111806
329,-951.0,-1063.0
330,-899.6285571298728,-1145.735217294156
331,-861.0,-1204.0
332,-802.938328760457,-1288.7820859022997
333,-795.0,-1300.0
334,-708.812857511209,-1416.4236793392195
335,-675.0,-1459.0
336,-642.3181977479376,-1498.430148322901
337,-641.0,-1500.0
338,-515.0,-1646.0
339,-507.59798873226123,-1654.2582815321437
340,-427.0,-1739.0
341,-389.94477003570984,-1775.1133797298132
342,-183.0,-1968.0
343,-171.49448920348624,-1978.425770499936
344,-3.2884779434589255,-2121.916323814132
345,-2.0,-2123.0
346,171.0,-2270.0
347,203.49126875823706,-2297.4646425354754
348,312.0,-2389.0
349,394.766519975575,-2459.2781083046366
350,431.0,-2490.0
351,483.4862092987362,-2534.3004720016897
352,527.0,-2571.0
353,667.4470830558913,-2689.621851670324
354,746.0,-2756.0
355,845.8883904593764,-2840.4629970977985
356,882.0,-2871.0
357,1078.6416091129038,-3037.0589628112007
358,1094.0,-3050.0
359,1132.0,-3082.0
360,1222.7770161859767,-3158.426393755693
361,1373.0,-3285.0
362,1536.6045582222184,-3422.9803386858594
363,1539.0,-3425.0
364,1632.0304229816647,-3503.375462613094
365,1720.0,-3577.0
366,1766.3174172697834,-3615.602079774686
367,1825.0,-3664.0
368,1924.1788596704703,-3744.21173322262
369,2065.0,-3856.0
370,2140.4644870823786,-3914.4617567778123
371,2211.904792891824,-3967.1804616671047
372,2315.0,-4041.0
373,2326.8971696232693,-4049.500262028943
374,2329.0,-4051.0
375,2524.6249015288536,-4184.693246627169
376,2545.0,-4198.0
377,2811.0,-4367.0
378,2843.22707242478,-4386.825109271585
379,2974.719924550405,-4463.987531404568
380,3084.246679307625,-4523.071023334882
381,3086.0,-4524.0
382,3221.809390249369,-4593.368697195025
383,3244.0,-4604.0
384,3438.0,-4694.0
385,3519.4944512909856,-4731.0284486881255
386,3618.807299009922,-4774.611342610556
387,3649.0,-4788.0
388,3874.0,-4888.0
389,3907.00885951125,-4902.304018280966
390,4068.5810295758383,-4970.007577934123
391,4071.0,-4971.0
392,4220.0,-5031.0
393,4375.9216081798695,-5090.86714314243
394,4449.0,-5119.0
395,4549.533007293248,-5158.488503781092
396,4614.0,-5184.0
397,4711.577045753733,-5222.453802714434
398,4800.799318354572,-5257.52727337167
399,4802.0,-5258.0
400,4928.0,-5306.0
401,5029.0,-5334.0
402,5081.683303277628,-5342.609388521901
403,5172.0,-5346.0
404,5217.219374481838,-5342.070558416118
405,5294.0,-5327.0
406,5317.335023258294,-5320.204350005684
407,5422.601439317956,-5279.488170365033
408,5457.0,-5264.0
409,5509.064361815777,-5236.867996029603
410,5562.0,-5197.0
411,5582.40407095995,-5179.454878914345
412,5638.0,-5128.0
413,5656.691744215788,-5109.05834060352
414,5722.0,-5013.0
415,5754.19110637279,-4935.66370512871
416,5778.0,-4873.0
417,5797.746575291954,-4816.404127839853
418,5795.067549474994,-4772.495098581923
419,5795.0,-4771.0
420,5788.950518130748,-4632.994455420748
421,5787.0,-4606.0
422,5771.248716313085,-4521.103486302514
423,5758.0,-4480.0
424,5747.664893511369,-4446.451132250999
425,5732.0,-4403.0
426,5636.0,-4214.0
427,5624.236770001324,-4193.403377165719
428,5551.714119736882,-4090.651768094498
429,5508.0,-4044.0
430,5453.180755597204,-3988.1741953706496
431,5452.0,-3987.0
432,5344.0,-3903.0
433,5314.952847719637,-3889.6194239482024
434,5118.0,-3821.0
435,5075.158302688222,-3810.482320078344
436,5042.0,-3808.0
437,4970.095963300461,-3799.1601525340484
438,4940.0,-3796.0
439,4763.8884039648065,-3783.536790074017
440,4727.0,-3779.0
441,4535.200369697682,-3743.689257348594
442,4444.0,-3725.0
443,4411.4469260460255,-3718.959139043547
444,4364.0,-3713.0
445,4262.762526643916,-3700.6582794430874
446,4202.0,-3694.0
447,4050.0,-3681.0
448,3982.1608167877826,-3675.634874308287
449,3910.0,-3670.0
450,3868.880811946879,-3666.8375604689472
451,3753.0,-3658.0
452,3698.106745138184,-3653.750795183052
453,3610.0,-3647.0
454,3554.3874650353805,-3642.9307611171516
455,3437.6578572388016,-3634.489648558985
456,3406.0,-3632.0
457,3259.0,-3619.0
458,3176.1486038506177,-3609.9837983278917
459,3142.0,-3605.0
460,2989.829144629803,-3575.785802330758
461,2883.0,-3551.0
462,2769.937415800631,-3510.500306406063
463,2743.0,-3497.0
464,2608.3758334441422,-3425.2561866048536
465,2408.0,-3311.0
466,2300.8711909167423,-3242.1609125918208
467,2211.694393937577,-3177.278489462937
468,2210.0,-3176.0
469,2050.547662962051,-3048.5441275862613
470,1953.632018665563,-2961.581636044893
471,1952.0,-2960.0
472,1873.2810233944426,-2872.9994635985645
473,1844.0,-2833.0
474,1797.153462919898,-2763.051496632046
475,1764.0,-2705.0
476,1722.0637345731964,-2613.025158496687
477,1688.0,-2521.0
478,1673.9344569297145,-2475.068271490082
479,1667.0,-2450.0
480,1647.857508911267,-2375.939413111154
481,1626.0,-2282.0
482,1603.0,-2165.0
483,1601.4872465299532,-2156.444909869227
484,1590.0,-2083.0
485,1583.351202272108,-2027.134299914033
486,1578.0,-1970.0
487,1574.0,-1900.0
488,1574.1816068979745,-1841.8974490551184
489,1578.0,-1752.0
490,1585.0056175353764,-1676.076889135393
491,1595.0,-1629.0
492,1606.821947453589,-1585.8552711501868
493,1609.0,-1579.0
494,1620.0,-1551.0
495,1634.8567513559149,-1526.8515086862913
496,1693.601088208092,-1460.0319968625138
497,1714.0,-1441.0
498,1728.914395572297,-1429.5354553726493
499,1756.8509503776297,-1420.7393675905134
500,1769.0,-1418.0
501,1792.454004252923,-1412.282548865329
502,1849.0,-1402.0
503,1905.8288343182533,-1397.892323335776
504,1925.0,-1397.0
505,1981.404465441922,-1396.7590490179507
506,2024.0,-1401.0
507,2042.0260160059127,-1402.9801294617969
508,2086.0,-1408.0
509,2099.474330976962,-1409.5744462064765
510,2158.8586245842166,-1415.9098737914046
511,2160.0,-1416.0
512,2221.2621879594376,-1418.9285217710815
513,2268.0,-1418.0
514,2338.0,-1406.0
515,2369.350150780831,-1394.5618828135423
516,2441.0,-1363.0
517,2505.7651183621388,-1320.4295432126853
518,2516.0,-1312.0
519,2585.0,-1256.0
520,2601.8497511463,-1241.0590598642548
521,2670.0,-1167.0
522,2674.076677987406,-1161.4102608316416
523,2710.0,-1104.0
524,2716.154244988892,-1091.7707192847229
525,2739.7835642460186,-1025.998321117252
526,2742.0,-1018.0
527,2753.918940447006,-966.7828271571159
528,2757.0,-948.0
529,2763.0,-898.0
530,2772.4186756127624,-801.6502516623469
531,2776.0,-745.0
532,2777.058052665412,-714.2776487414138
533,2772.7537522677035,-558.3804834320915
534,2771.0,-536.0
535,2759.9266129101907,-467.20955020120755
536,2754.0,-446.0
537,2734.2914917081343,-386.3261998419833
538,2730.0,-376.0
539,2664.6174036897037,-267.6865244744427
540,2644.0,-240.0
541,2580.708407337911,-172.8847123079642
542,2548.0,-149.0
543,2507.18088105273,-121.72711682553167
544,2429.0,-73.0
545,2368.6258796858815,-45.281494155316146
546,2351.0,-40.0
547,2312.876584463437,-28.467153450129455
548,2276.0,-19.0
549,2177.0,-7.0
550,2111.7899882581196,-6.211740306415103
551,2062.0,-8.0
552,1996.1716661306455,-12.85746054223355
553,1911.0,-23.0
554,1864.9037391535232,-29.737758486587868
555,1817.0,-37.0
556,1743.4864262462308,-47.76996993134671
557,1742.0,-48.0
558,1655.0,-62.0
559,1504.4460952747215,-83.10993984306825
560,1475.0,-87.0
561,1322.0,-107.0
562,1231.8476463487618,-118.42227714761175
563,1212.0,-121.0
564,1016.9746088257817,-148.4715320527259
565,1001.0,-151.0
566,848.0,-177.0
567,827.0921843252881,-180.6508435047146
568,757.0,-193.0
569,734.5964859097566,-196.98509721679284
570,639.0,-214.0
571,576.8952892295766,-224.8149554427266
572,451.0,-244.0
573,330.73638525016645,-257.6498482325396
574,274.0,-261.0
575,-8.0,-226.0
576,-17.129920088875913,-223.75480262670456
577,-155.7939103497618,-172.62289834358495
578,-157.0,-172.0
579,-355.80552027034247,-51.22756053061487
580,-392.0,-26.0
581,-460.53285898789886,30.48370588925141
582,-549.0,161.0
583,-664.0,349.0
584,-698.5097903077991,405.83233065708316
585,-787.8351331309691,553.9524199666222
586,-813.0,596.0
587,-869.9542072113244,691.3483723702207
588,-927.1090706170783,794.2973844187635
589,-928.0,796.0
590,-986.9239721881556,915.6591432199624
591,-998.0,941.0
592,-1033.0,1032.0
593,-1039.5568459200158,1050.4243855127502
594,-1063.0,1127.0
595,-1066.1727265963623,1139.587074231348
596,-1098.0,1282.0
597,-1115.1151329164506,1368.753806051612
598,-1117.6393899743734,1433.0694698904315
599,-1118.0,1447.0
600,-1119.8982687485827,1511.155981121467
601,-1120.0,1521.0
602,-1120.0,1538.0
603,-1110.0,1679.0
604,-1107.0448088684948,1694.0629409965336
605,-1061.0,1831.0
606,-1059.1066398167723,1834.9536148085072
607,-1043.1457088212255,1861.2887693473754
608,-1015.0,1886.0
609,-952.0170988817657,1927.4948776753204
610,-951.0,1928.0
611,-860.6454232695507,1957.258388225361
612,-842.0,1961.0
613,-787.6516894913743,1969.3290703733087
614,-714.0,1977.0
615,-660.0632969527653,1981.4587301248496
616,-541.7452526410405,1990.8289446808208
617,-540.0,1991.0
618,-406.3870444048738,2007.5086457577843
619,-331.0,2017.0
620,-248.93006874825755,2022.3193838506277
621,-177.0,2026.0
622,-154.68696359860795,2027.3778319170895
623,-112.0,2030.0
624,98.0,2040.0
625,110.20507029038296,2040.5645496385202
626,312.2120086633523,2050.9849850319897
627,355.0,2054.0
628,426.8249952000574,2060.4468508916116
629,485.3096495885942,2067.830619857983
630,510.0,2072.0
1,704.0,2097.0
2,931.5820846179505,2122.577878191065
3,1006.0,2131.0
4,1033.5766293112938,2134.1489276517377
5,1102.0,2142.0
6,1110.2934132410978,2142.9248998153653
7,1255.0,2159.0
8,1338.9322738112112,2168.5509278371205
9,1481.0,2185.0
10,1595.2297259610611,2198.1306060712473
11,1638.0,2203.0
12,1832.9457570756697,2225.0571552888323
13,1859.0,2228.0
14,2083.1142787552685,2253.278430552377
15,2206.0,2267.0
16,2329.846726025277,2280.6728687788604
17,2437.830281156989,2292.629294816651
18,2485.0,2298.0
19,2560.181710146995,2306.898516368945
20,2629.0,2315.0
21,2721.1742880904844,2325.554796954196
22,2938.0,2350.0
23,3063.295123240807,2364.103207304478
24,3124.0,2371.0
25,3191.5905157313064,2378.7221040278623
26,3405.0,2403.0
27,3417.8900224280683,2404.4278958785167
28,3582.0,2421.0
29,3665.6048207763884,2428.1967565560753
30,3830.0,2442.0
31,3839.641933491896,2442.868205784005
32,3908.293236525074,2449.6406380451135
33,3988.3982842979353,2468.505076200431
34,3990.0,2469.0
35,4138.335775807283,2522.060941816539
36,4160.0,2531.0
37,4225.052764090651,2571.928374764823
38,4239.0,2586.0
39,4290.387476475237,2641.2278039014855
40,4308.0,2664.0
41,4337.844509267448,2714.455877663972
42,4346.0,2733.0
43,4382.0,2861.0
44,4388.58938631941,2900.6317338538865
45,4393.448427221054,2960.1390936743387
46,4394.0,2970.0
47,4397.0,3071.0
48,4396.58543690491,3107.140406583304
49,4395.0,3157.0
50,4392.947170181269,3203.7085462190385
51,4387.910249419388,3283.113212171353
52,4385.0,3315.0
53,4379.424567762413,3364.7981393231266
54,4369.0,3441.0
55,4364.208109221784,3472.8492244953713
56,4352.0,3548.0
57,4342.722470660814,3601.233701134749
58,4325.0,3699.0
59,4319.775929380836,3727.381248365538
60,4301.0,3819.0
61,4292.341864391488,3857.236350204479
62,4234.0,4105.0
63,4231.965647082113,4113.3303063306175
64,4217.089975377689,4170.252755926702
65,4215.0,4178.0
66,4191.885874044932,4264.243888870409
67,4160.0,4377.0
68,4129.89337803867,4479.090607410432
69,4088.0,4618.0
70,4071.083708269181,4668.749446540621
71,4061.0,4694.0
72,4011.0,4819.0
73,3976.8771534700572,4892.535145777297
74,3916.0,4994.0
75,3892.3694680876138,5024.637385196815
76,3818.9537542958196,5103.105466712857
77,3818.0,5104.0
78,3691.9474636676778,5197.879015234639
79,3690.0,5199.0
80,3539.826713181555,5271.097376983548
81,3488.0,5292.0
82,3177.536471407686,5391.502591952453
83,3144.0,5402.0
84,3055.6893377343167,5430.688504662883
85,2856.0,5503.0
86,2830.696214631189,5513.124065648308
87,2654.019376123968,5590.907246085883
88,2624.0,5606.0
89,2566.9834002478265,5640.0731969351
90,2509.0,5699.0
91,2500.092948210874,5709.105509201554
92,2288.0,5976.0
93,2279.9010837363307,5987.671185732649
94,2222.739190003807,6091.88131325868
95,2192.8142549924332,6193.323969394249
96,2192.0,6196.0
97,2179.0,6239.0
98,2155.667218808244,6332.241192824863
99,2149.0,6387.0
100,2152.0,6710.0
101,2152.7819034812055,6724.973745752073
102,2164.3830547677917,6851.152590322256
103,2180.568775843783,6931.641324167531
104,2187.0,6969.0
105,2208.4596119760836,7102.657694859963
106,2209.0,7106.0
107,2237.8348486021127,7279.609284798176
108,2247.0,7333.0
109,2283.718151096167,7535.897838710085
110,2299.0,7621.0
111,2309.215355204214,7679.336116558032
112,2326.0,7775.0
113,2337.0,7836.0
114,2352.778796680457,7927.389353880303
115,2363.0,7991.0
116,2380.6269254800472,8113.478249669146
117,2399.0,8271.0
118,2411.0,8414.0
119,2411.839640521073,8427.432212340827
120,2418.0,8589.0
121,2419.0,8669.0
122,2419.905483873878,8737.73239040243
123,2420.0,8893.0
124,2417.6964481785653,9040.328913443122
125,2415.0,9183.0
126,2413.74456505514,9244.556742557326
127,2412.0,9280.0
128,2409.174617603052,9346.00645065656
129,2398.8205517582583,9590.99574521019
130,2398.0,9609.0
131,2387.130246637477,9797.3126853369
132,2385.0,9828.0
133,2374.0,9983.0
134,2368.5155798781893,10059.147333925834
135,2362.0,10146.0
136,2341.52131325337,10403.529581021787
137,2336.0,10472.0
138,2328.962428971359,10558.9872812761
139,2316.861286035318,10703.246274026595
140,2311.0,10765.0
141,2307.46905409181,10800.349223348137
142,2294.0,10925.0
143,2292.690984550684,10936.226217477199
144,2270.412895222339,11105.355556458375
145,2270.0,11108.0
146,2242.0,11255.0
147,2237.2027860030475,11275.411362076524
148,2193.0,11423.0
149,2153.8434018619555,11507.819036022061
150,2112.0,11581.0
151,2091.82956404385,11611.995806880903
152,2074.0,11632.0
153,2071.030429542449,11635.175853793695
154,2035.2803420515859,11671.898384839691
155,2020.0,11686.0
156,1986.9072133749041,11712.421431483057
157,1976.0,11720.0
158,1935.0,11744.0
159,1914.7388652580566,11752.89517363544
160,1877.0,11765.0
161,1861.8571781255587,11768.654043208317
162,1812.0,11774.0
163,1738.080096358982,11762.656203063749
164,1717.0,11756.0
165,1672.4713455181964,11735.89845134818
166,1610.142831691371,11695.797991599708
167,1606.0,11693.0
168,1579.8896930184155,11673.344121160788
169,1565.0,11658.0
170,1484.1125456433367,11565.441327582117
171,1479.0,11559.0
172,1456.1464698716247,11524.746238891063
173,1445.0,11504.0
174,1437.0186707660484,11489.324333930603
175,1408.563161523933,11434.816215882265
176,1400.0,11416.0
177,1351.0,11292.0
178,1345.1622964081828,11276.176015930276
179,1321.3705639122436,11205.481876578706
180,1306.0,11156.0
181,1273.4495972595532,11051.458333185992
182,1273.0,11050.0
183,1247.0,10965.0
184,1244.4919556540965,10956.82988888038
185,1090.9094275608988,10469.14423086153
186,1071.0,10406.0
187,1052.4259494903831,10346.97973389767
188,1022.0,10250.0
189,992.1527476272067,10154.662206050978
190,991.0,10151.0
191,932.0,9964.0
192,895.4089123306456,9847.214389881465
193,879.6752727106541,9796.54553133356
194,862.0,9744.0
195,827.6861462164813,9644.159695879083
196,817.0,9613.0
197,788.0459563335593,9528.142505943433
198,776.0,9493.0
199,692.2561083980628,9251.986705385652
200,687.0,9237.0
201,648.0,9127.0
202,639.4444500980477,9102.72328783185
203,557.4020122658666,8868.834986952948
204,534.0,8802.0
205,500.89856511852213,8707.28494030024
206,484.0,8659.0
207,419.46774114031217,8474.983356835679
208,402.0,8425.0
209,373.9665692879829,8344.555991088773
210,340.0,8247.0
211,320.7670572067054,8191.913765788251
212,277.0,8067.0
213,250.75712462381995,7992.239091913287
214,203.76911816025748,7858.422771632697
215,176.0,7779.0
216,133.50821215677158,7656.615595100884
217,96.0,7549.0
218,77.84940796304934,7497.27303581548
219,11.570118427137425,7308.634825972072
220,11.0,7307.0
221,-62.0,7095.0
222,-82.23536234308746,7036.826951936961
223,-127.4594942081172,6907.545330366631
224,-128.0,6906.0
225,-182.97498255353167,6748.920826935148
226,-184.0,6746.0
227,-248.86016343053342,6561.544735218133
228,-294.0,6433.0
229,-322.2923049760931,6351.484912672179
230,-352.38175455732505,6264.767065135192
231,-353.0,6263.0
232,-457.36117422867216,5965.82533510754
233,-479.0,5904.0
234,-505.9538660901801,5825.612939659015
235,-530.0,5756.0
236,-581.5661181323867,5609.136607929047
237,-640.0,5443.0
238,-655.9692727396463,5397.459257454711
239,-704.0,5260.0
240,-717.871178810534,5220.631565770611
241,-766.0,5084.0
242,-811.620832174099,4952.824189040137
243,-865.0,4799.0
244,-881.3957575433785,4752.171532774944
245,-918.0,4648.0
246,-992.9124550163801,4433.979612377581
247,-995.0,4428.0
248,-1086.890980028506,4164.34978349925
249,-1095.0,4141.0
250,-1121.9872272521106,4062.6265416422566
251,-1159.5108139953163,3955.9981794094983
252,-1172.0,3921.0
253,-1251.0,3700.0
254,-1261.195202902544,3671.5391864091316
255,-1349.3220829412376,3429.033757796019
256,-1381.0,3343.0
257,-1385.122514907387,3331.677958447965
258,-1467.773051564313,3102.9674594120793
259,-1492.0,3036.0
260,-1512.8986891377062,2978.3840329990635
261,-1548.0,2882.0
262,-1641.2338236729036,2627.0931678910256
263,-1642.0,2625.0
264,-1745.773546573473,2342.1177931010816
265,-1772.0,2272.0
266,-1808.8330536329909,2176.2508262813394
267,-1890.0,1960.0
268,-1922.1314193593987,1871.6611134635052
269,-2001.0,1653.0
270,-2022.7937754478023,1589.2643730047607
271,-2031.0,1563.0
272,-2052.499622716488,1499.060992657664
273,-2074.0,1435.0
274,-2106.8224514354215,1333.4559837099055
275,-2111.0,1320.0
276,-2155.0,1165.0
277,-2164.934949901198,1122.3498307876093
278,-2186.0,1008.0
279,-2191.691853150955,956.0134408068441
280,-2193.0,931.0
281,-2194.1504195574576,903.5334918226242
282,-2195.0,834.0
283,-2180.0,724.0
284,-2176.8572736232372,711.8883730621958
285,-2163.7442480895606,671.5296485959542
286,-2162.0,667.0
287,-2142.516626199821,628.6919856105751
288,-2142.0,628.0
289,-2101.5803149546928,589.3849604450934
290,-2094.0,584.0
291,-2064.498539215676,569.7330870610209
292,-2025.0,567.0
293,-2002.0,568.0
294,-1990.4317901748673,569.1907040144844
295,-1956.8180015202054,574.5291543659619
296,-1948.0,576.0
297,-1913.0,582.0
298,-1842.7217652336033,596.1432226573252
299,-1820.0,601.0
300,-1797.6514046559444,605.5076447570603
301,-1789.0,606.0
302,-1750.50365828155,607.1668779072162
303,-1686.0,607.0
304,-1641.1731928927045,599.0806844692598
305,-1619.0,588.0
306,-1561.4502166578864,550.6421686818709
307,-1556.0,545.0
308,-1519.7880870736824,499.4311733661172
309,-1506.0,480.0
310,-1482.8541003837113,442.54210779483003
311,-1474.5594677338117,419.4914607171282
312,-1468.0,401.0
313,-1451.449665150993,354.2570646608284
314,-1447.0,341.0
315,-1439.0,316.0
316,-1425.9407480988277,272.9707338365627
317,-1417.0,240.0
318,-1376.2716831555958,78.10286553527793
319,-1376.0,77.0
320,-1368.2572475642844,44.5348055764924
321,-1366.0,35.0
322,-1351.0656449322971,-27.096091949867425
323,-1344.0,-56.0
324,-1311.0,-187.0
325,-1298.8188531286723,-234.23148109836598
326,-1288.0,-275.0
327,-1262.0,-366.0
328,-1245.762292563876,-416.5341200274003
329,-1231.0,-460.0
330,-1194.2799521246652,-562.0512055714834
331,-1154.0,-663.0
332,-1139.7594255821177,-696.4317068757489
333,-1101.0,-784.0
334,-1087.0406786857823,-814.7091588797578
335,-1059.0,-873.0
336,-1009.8499760729825,-963.4318122634047
337,-959.0,-1050.0
338,-895.1291081786417,-1151.4739168769443
339,-816.0,-1270.0
340,-767.6615987613575,-1340.5762285122269
341,-725.0,-1395.0
342,-665.332661960872,-1468.1446165970847
343,-553.0,-1603.0
344,-484.4524259227842,-1680.340723252601
345,-457.0,-1708.0
346,-322.0,-1841.0
347,-275.65070450318944,-1885.028321064146
348,-157.0,-1991.0
349,-123.87106382734612,-2019.6525663719522
350,-8.0,-2119.0
351,88.77082446778934,-2200.7466546405412
352,126.0,-2232.0
353,174.57612823070667,-2272.9440351534126
354,339.86871068869505,-2412.6606568239886
355,358.0,-2428.0
356,510.8931907443985,-2557.471449553351
357,600.0397552418782,-2632.949281793992
358,644.0,-2670.0
359,664.5124624606397,-2687.211376481985
360,749.0,-2758.0
361,859.0797588030355,-2850.804235991809
362,986.0,-2958.0
363,1082.1506869333211,-3039.392806423549
364,1271.4843213292768,-3200.285366694428
365,1296.0,-3221.0
366,1421.5781765627084,-3326.7085908935574
367,1548.0,-3433.0
368,1567.8159701183092,-3449.69817113873
369,1730.0,-3586.0
370,1762.2092864900578,-3612.6663692753646
371,1889.0250068724156,-3716.405665603743
372,1891.0,-3718.0
373,1996.8746279433788,-3802.3899827613213
374,2013.0,-3815.0
375,2185.0,-3946.0
376,2196.2534974375217,-3954.408444293501
377,2262.0,-4003.0
378,2890.0122665769672,-4414.180043738341
379,2940.0,-4443.0
380,3111.0,-4537.0
381,3167.848879105798,-4566.220941569178
382,3230.0,-4597.0
383,3393.159292297354,-4674.000020929548
384,3482.0,-4714.0
385,3548.0,-4743.0
386,3561.7751498184484,-4749.106389942077
387,3695.0,-4809.0
388,3772.367891575488,-4843.013357336721
389,4081.0,-4975.0
390,4109.143375225112,-4986.71245398667
391,4195.636724284529,-5021.426698314236
392,4264.0,-5048.0
393,4352.359949775756,-5082.2681234719785
394,4526.839285791365,-5149.914561117175
395,4581.0,-5171.0
396,4684.665283390303,-5211.7587991110795
397,4769.0,-5245.0
398,4802.981664859455,-5258.223611150321
399,4866.0,-5283.0
400,4951.810184353094,-5318.848275099184
401,5031.0,-5335.0
402,5178.322684942216,-5343.66889141457
403,5195.0,-5344.0
404,5267.476796592531,-5337.059267077122
405,5298.0,-5325.0
406,5371.918672869521,-5300.7062226849475
407,5413.0,-5285.0
408,5448.645837545484,-5268.407459094557
409,5522.0,-5224.0
410,5558.827738173844,-5197.3758544932025
411,5581.0,-5180.0
412,5652.0,-5111.0
413,5680.926192870868,-5072.204362642677
414,5749.0,-4959.0
415,5772.229555138698,-4902.808916436927
416,5791.431498206973,-4799.265916977481
417,5796.0,-4734.0
418,5796.653547169937,-4709.907286786372
419,5793.0,-4654.0
420,5786.827355418348,-4609.969997714503
421,5770.0,-4523.0
422,5765.137368363457,-4503.896050636937
423,5739.0,-4422.0
424,5731.9362583421425,-4403.375653235653
425,5706.0,-4342.0
426,5649.0,-4235.0
427,5591.390098132536,-4153.078480688478
428,5491.0,-4027.0
429,5465.263517962072,-3997.5020656199977
430,5428.614974417985,-3965.4164036098414
431,5420.0,-3959.0
432,5268.186697087135,-3864.971894079309
433,5266.0,-3864.0
434,5178.0,-3835.0
435,5073.17601360363,-3813.4831600731172
436,5070.0,-3813.0
437,4881.255841581538,-3793.548891167236
438,4760.0,-3781.0
439,4658.450504467558,-3766.438229643717
440,4469.168964530929,-3729.41456124853
441,4467.0,-3729.0
442,4379.038906418387,-3713.3567159347926
443,4281.107178117272,-3702.0315184067726
444,4260.0,-3700.0
445,4057.8523699138445,-3682.697197028101
446,3964.0,-3675.0
447,3911.809459070341,-3670.5766866635004
448,3880.0,-3668.0
449,3802.5191606961207,-3662.2015662892063
450,3681.0,-3653.0
451,3453.4777926080505,-3635.1939706460075
452,3451.0,-3635.0
453,3335.690214040897,-3625.9341458867057
454,3283.0,-3621.0
455,3130.0,-3604.0
456,3116.4199442202626,-3602.0251700289064
457,2961.2209782472078,-3572.1466189614603
458,2857.0,-3542.0
459,2790.0080342057727,-3516.97929329522
460,2649.0,-3451.0
461,2592.9633358285314,-3421.7634771547646
462,2474.0,-3351.0
463,2432.4765001939036,-3324.548938538313
464,2242.0,-3200.0
465,2187.1282361251006,-3162.785823975439
466,2167.0,-3145.0
467,2089.882482814995,-3081.0525788418354
468,1958.0,-2965.0
469,1896.0,-2899.0
470,1877.0758550502192,-2875.8573557082527
471,1798.0,-2764.0
472,1783.8253054288493,-2740.848339860859
473,1740.0,-2656.0
474,1712.8153501070665,-2591.3867514262492
475,1685.0,-2511.0
476,1620.0,-2253.0
477,1612.7800287374334,-2220.224365355858
478,1603.3508324944844,-2169.5703013199436
479,1600.0,-2149.0
480,1594.1381453208664,-2112.332690615493
481,1581.0532052654828,-2013.6818382090958
482,1579.0,-1988.0
483,1574.1514367968898,-1863.471845142444
484,1574.0,-1850.0
485,1579.3034003549058,-1739.332220309005
486,1584.0,-1698.0
487,1584.9395533237823,-1689.2470391803424
488,1594.0,-1636.0
489,1602.7497553320736,-1609.566823270956
490,1652.0,-1496.0
491,1653.853916995263,-1492.02492734513
492,1696.0,-1453.0
493,1727.9919398026223,-1438.7149773619485
494,1793.0,-1412.0
495,1837.0129151148778,-1402.4573071555615
496,1848.0,-1402.0
497,1884.0763716065321,-1399.2504770495084
498,1943.0,-1397.0
499,2045.748526415085,-1403.2715798621734
500,2054.0,-1404.0
501,2106.9477818605546,-1409.6151130360224
502,2146.0,-1414.0
503,2204.238657580025,-1418.7816310185826
504,2212.0,-1419.0
505,2293.2241716610392,-1414.5997202349104
506,2324.0,-1409.0
507,2352.890058673576,-1401.3464113677535
508,2354.0,-1401.0
509,2447.0,-1359.0
510,2452.3453101139885,-1355.9266552929064
511,2508.0,-1318.0
512,2529.851400575306,-1300.5793989517592
513,2638.0,-1205.0
514,2643.482688472117,-1199.686283953485
515,2703.644587028209,-1116.7383476664447
516,2704.0,-1116.0
517,2745.0,-1008.0
518,2749.8289499771477,-986.3988651026136
519,2761.0,-912.0
520,2767.4745709704357,-853.0644426160422
521,2770.0,-827.0
522,2773.333892248965,-789.1693658988646
523,2775.0,-758.0
524,2776.9853819300624,-658.1360342271767
525,2777.0,-602.0
526,2771.5030079912067,-527.4409572384369
527,2765.0,-500.0
528,2725.4700140665855,-365.9064224030554
529,2722.0,-358.0
530,2713.0,-340.0
531,2685.2828354925728,-292.70094137851464
532,2622.0,-216.0
533,2547.1248910585527,-148.939801100093
534,2546.0,-148.0
535,2500.642880333394,-113.0896401211333
536,2453.0,-86.0
537,2427.8664292098,-72.50130293627308
538,2394.0,-57.0
539,2329.9407584620944,-35.600832416725986
540,2233.0,-12.0
541,2180.4497295537585,-4.493855141785614
542,2129.725822568379,-6.363311993724841
543,2056.0,-9.0
544,2047.5016921559359,-8.994207754793667
545,2046.0,-9.0
546,1903.714426752658,-23.702021956669746
547,1888.0,-26.0
548,1676.0,-58.0
549,1650.3961204525508,-61.8576615890037
550,1548.0233769492409,-77.01474523794212
551,1464.3461232269624,-88.81392653845933
552,1463.0,-89.0
553,1358.841634541647,-102.88645948336325
554,1342.0,-105.0
555,1195.0,-123.0
556,1131.2692342667408,-131.02197550139687
557,1051.6143284736474,-142.5462640121682
558,1030.0,-146.0
559,875.0,-172.0
560,850.1762218555657,-176.30661746358481
561,717.9857250479912,-199.65042556780077
562,716.0,-200.0
563,595.0,-221.0
564,466.64804397629405,-241.81685807485024
565,404.0,-250.0
566,313.94813153781485,-258.68999313976707
567,254.0,-262.0
568,158.48653372440492,-260.3334811103862
569,65.27196578099046,-245.29111810409768
570,64.0,-245.0
571,-72.0,-205.0
572,-187.0,-159.0
573,-248.4545591043501,-127.32139923331668
574,-349.0,-62.0
575,-393.2218984539534,-25.92912217601864
576,-462.0,44.0
577,-482.0892684845042,68.59458393186938
578,-569.4722069064139,194.7820539865057
579,-598.0,239.0
580,-642.2019653123568,310.4562432713128
581,-690.0,392.0
582,-708.7857868443546,423.3828899121959
583,-762.0,511.0
584,-781.7315584566425,542.9114369041623
585,-871.0,694.0
586,-930.4668495563229,805.7597636747103
587,-977.0,895.0
588,-1016.3686251257795,973.2542429133965
589,-1028.543878389233,1018.4248704736317
590,-1029.0,1020.0
591,-1072.0951412823301,1166.1042975643015
592,-1080.0,1194.0
593,-1097.7997963258779,1273.3249442061751
594,-1103.0,1311.0
595,-1107.8664412369799,1343.76304447547
596,-1113.0,1386.0
597,-1120.0,1556.0
598,-1120.2898052820617,1572.4424158105949
599,-1117.9439398993609,1629.9595834314664
600,-1112.0,1664.0
601,-1103.1948662762811,1714.914294310579
602,-1103.0,1716.0
603,-1078.0,1797.0
604,-1068.0777569216425,1812.6257463778443
605,-993.0,1904.0
606,-975.3337174667917,1919.9102740706512
607,-957.0,1926.0
608,-916.9999392126638,1942.084566355143
609,-900.0,1948.0
610,-795.5676905725242,1969.2891413406276
611,-772.0,1972.0
612,-642.5969480118833,1981.7737044566204
613,-580.0,1986.0
614,-558.0688837296532,1988.0035229483783
615,-527.0,1993.0
616,-458.79804655324597,2003.4730084672583
617,-417.0,2009.0
618,-310.0,2019.0
619,-263.8366703626044,2022.1116848320326
620,-213.0,2025.0
621,-181.68523805966197,2026.6214966886823
622,-89.0,2031.0
623,-46.990261721948016,2032.8893068933041
624,20.0,2036.0
625,64.42589954520616,2038.3092456484096
626,161.14152482177445,2043.6548142095792
627,187.0,2045.0
628,305.0,2051.0
629,372.34111807516,2055.606716814098
630,399.0,2058.0
631,510.7120703332448,2071.048926277813
1,783.0,2106.0
2,944.0,2124.0
3,968.0316553552543,2126.706706000838
4,1122.0,2144.0
5,1236.9669531081875,2156.660237060686
6,1240.0,2157.0
7,1459.0,2182.0
8,1566.7703199738885,2194.291822552736
9,1770.7610303932136,2217.4551972489
10,1828.0,2224.0
11,1893.4832438954627,2231.5516850837894
12,2012.0,2245.0
13,2131.0,2258.0
14,2203.3321344268343,2266.2383232169022
15,2296.0,2277.0
16,2353.37470982539,2283.5767848602272
17,2524.0,2303.0
18,2596.9364677166664,2311.445655821596
19,2707.0,2324.0
20,2847.0,2339.0
21,2874.700292483081,2341.9775770923547
22,3302.5075578729757,2390.3836874755207
23,3392.0,2401.0
24,3512.4585962869405,2415.2350487753088
25,3529.0,2417.0
26,3573.0,2421.0
27,3635.248633464157,2425.7623116648497
28,3736.0,2433.0
29,3769.953509871695,2435.5545052305647
30,3897.332717377376,2449.5250879931764
31,3940.0,2458.0
32,4066.0,2490.0
33,4128.533617099047,2512.9079897697065
34,4242.0,2587.0
35,4261.836780944213,2606.380648021929
36,4326.628301545877,2695.795031571923
37,4349.0,2738.0
38,4363.456415678728,2773.355389462976
39,4380.0,2847.0
40,4382.343256801238,2861.0042407829246
41,4391.963405591114,2932.2128029838636
42,4395.0,2981.0
43,4395.188797752944,3149.4599670947064
44,4395.0,3161.0
45,4393.361331904297,3208.2920282723403
46,4392.0,3226.0
47,4375.0,3400.0
48,4372.485220483788,3418.782323119056
49,4365.0,3469.0
50,4350.0,3561.0
51,4327.574281666728,3683.108121945838
52,4311.0,3771.0
53,4303.945082662359,3808.2735461184866
54,4291.018348424877,3875.477123127802
55,4271.0,3958.0
56,4254.764928814238,4022.3633351459443
57,4228.0,4127.0
58,4199.519133696415,4234.264538396763
59,4190.0,4269.0
60,4173.01558860316,4330.441836702625
61,4153.0,4402.0
62,4127.757087244148,4490.467387415206
63,4096.833217409679,4591.446107469509
64,4096.0,4594.0
65,4065.0,4684.0
66,4041.758108122162,4745.500324888864
67,3981.0,4884.0
68,3924.283030615583,4983.07450071777
69,3906.0,5008.0
70,3827.5355202020633,5095.5221785211525
71,3825.0,5098.0
72,3716.0,5184.0
73,3706.4946828597413,5189.994913077551
74,3617.0,5239.0
75,3497.0,5289.0
76,3430.3867592291117,5312.166146461369
77,3302.7845968243128,5350.0611741050725
78,3287.0,5355.0
79,3123.0,5410.0
80,3054.0,5434.0
81,3026.598563901977,5443.536379945114
82,2896.0439629628,5488.953035667338
83,2804.0,5522.0
84,2778.341366767042,5531.5251021728345
85,2661.640823419481,5582.082164418546
86,2660.0,5583.0
87,2514.558364466555,5694.3771097798835
88,2492.0,5716.0
89,2424.0,5788.0
90,2348.9757063980687,5884.517754672534
91,2302.0,5953.0
92,2221.5420660527525,6112.618449006357
93,2221.0,6114.0
94,2172.3282248530313,6262.8078407373805
95,2168.0,6281.0
96,2144.0431120572193,6455.534033915381
97,2141.0,6523.0
98,2141.0,6546.0
99,2144.449416617468,6621.074980494729
100,2150.0,6693.0
101,2177.8054149718946,6906.867503742181
102,2185.0,6954.0
103,2204.0,7076.0
104,2205.9080767435203,7087.891926279878
105,2228.0,7220.0
106,2230.8033055635533,7236.402635623771
107,2274.0,7486.0
108,2296.795866851926,7609.118368935718
109,2301.0,7632.0
110,2315.140456481347,7710.791392796115
111,2339.54217118089,7850.344923013502
112,2351.0,7918.0
113,2360.2349968790395,7974.074702411974
114,2372.0,8050.0
115,2387.5483343640385,8162.492248707008
116,2392.0,8199.0
117,2404.241956851486,8322.667834927188
118,2408.0,8373.0
119,2416.0,8533.0
120,2416.4421490372333,8545.818671333382
121,2419.4383478299474,8673.731032811442
122,2420.0,8725.0
123,2420.0,8854.0
124,2419.6148584249745,8899.735021124437
125,2418.0,9016.0
126,2415.1306284504576,9156.231889490033
127,2415.0,9161.0
128,2407.4482077605758,9388.721187702602
129,2404.0,9485.0
130,2402.750761178776,9519.694812535708
131,2399.0,9598.0
132,2398.435696813275,9607.658152834656
133,2388.0,9778.0
134,2381.6174857115752,9875.534246594876
135,2370.0,10039.0
136,2359.7651889663466,10170.64402366208
137,2356.0,10219.0
138,2339.244472538443,10435.532984992265
139,2337.0,10464.0
140,2317.1543501758,10698.038603540585
141,2305.0,10819.0
142,2291.522018629919,10940.958056751999
143,2279.2316582206904,11044.068260949249
144,2274.0,11085.0
145,2265.9650626410344,11140.7806828453
146,2257.0,11186.0
147,2242.9568430821023,11246.885548167507
148,2206.0,11387.0
149,2180.468753228742,11457.514991508855
150,2166.0,11487.0
151,2149.019898159212,11518.058204027537
152,2092.0,11610.0
153,2088.34845525984,11615.276736716378
154,2033.0,11675.0
155,1997.0595623169388,11701.929306935574
156,1919.0,11752.0
157,1914.02382179661,11754.73867566229
158,1874.9111179120518,11772.379269729176
159,1820.0993129023368,11775.11033689559
160,1819.0,11775.0
161,1716.9820198219234,11755.124258709044
162,1702.0,11751.0
163,1655.2403605069871,11727.19679066174
164,1644.0,11719.0
165,1600.9941530781625,11688.44232326001
166,1585.0,11676.0
167,1554.1015128773065,11648.358349630043
168,1544.0,11638.0
169,1483.0,11564.0
170,1466.4375823373648,11540.038094274732
171,1443.7748736055657,11501.015020660861
172,1440.0,11494.0
173,1404.0,11423.0
174,1395.7570311066765,11405.613650369347
175,1386.0,11383.0
176,1374.2950508873832,11353.579937887214
177,1350.3989989927886,11289.636589742606
178,1341.0,11263.0
179,1326.826430414136,11221.068333857878
180,1306.0,11156.0
181,1297.4588769416278,11128.442113491583
182,1277.0,11062.0
183,1261.667980493458,11013.308271617563
184,1233.0,10923.0
185,1225.0312559171257,10897.530492710059
186,1201.0,10819.0
187,1190.5611524144208,10785.43654898951
188,1121.0,10564.0
189,1118.5922867438712,10556.396572051586
190,1101.3503972316537,10502.42278344469
191,1099.0,10495.0
192,1073.293679088475,10413.109919155297
193,1040.0,10307.0
194,1009.9038262294314,10211.31958682409
195,969.0,10081.0
196,954.0543447324393,10031.687632422465
197,946.0,10006.0
198,905.0,9879.0
199,878.7858703010296,9798.574359489461
200,839.0,9678.0
201,826.1746891466707,9639.664677593559
202,790.4489738680616,9534.309335453641
203,790.0,9533.0
204,734.7571294243994,9374.160402688634
205,734.0,9372.0
206,680.2463831571796,9219.008447902599
207,662.0,9167.0
208,549.1113528039667,8843.672734993746
209,537.0,8809.0
210,505.4474710583794,8718.78226048646
211,433.0,8512.0
212,423.15563212566565,8483.88080450384
213,349.9282102343934,8274.73564034306
214,337.0,8238.0
215,311.6678881768591,8166.670422212924
216,284.0,8088.0
217,279.6931779616567,8075.663161877652
218,173.0,7769.0
219,168.37762724153788,7755.7986887842935
220,126.8582765302722,7638.66310825453
221,87.9991943414487,7526.935072310619
222,87.0,7524.0
223,71.0,7477.0
224,36.01817878849324,7378.477169396384
225,16.0,7322.0
226,-98.0,6992.0
227,-103.30481241651503,6976.664882815181
228,-148.92000764234047,6846.371967710439
229,-179.25455158051273,6761.293240356784
230,-193.0,6722.0
231,-241.77497465429292,6581.525970082627
232,-243.0,6578.0
233,-307.1276464957035,6393.898360560064
234,-327.0,6337.0
235,-403.2823895609068,6119.454235736555
236,-435.0,6029.0
237,-456.53582003762097,5967.488362934431
238,-492.0,5866.0
239,-515.0,5800.0
240,-548.6842623438629,5702.992427129255
241,-572.0,5636.0
242,-617.5257690076143,5506.269135404941
243,-676.0,5340.0
244,-728.0,5191.0
245,-732.966405550686,5176.843748544178
246,-792.0,5009.0
247,-818.0,4934.0
248,-841.9248874132071,4865.7356515988995
249,-900.0,4701.0
250,-953.4629627814279,4547.949713397469
251,-1005.0,4400.0
252,-1027.4821745420322,4335.12653050634
253,-1043.0,4290.0
254,-1070.7641992238766,4210.763167610065
255,-1171.796969504322,3923.4383319660546
256,-1179.0,3903.0
257,-1248.7096654372021,3707.229897804441
258,-1260.0,3676.0
259,-1318.0,3516.0
260,-1346.6274618459097,3437.1137402470977
261,-1379.0,3348.0
262,-1473.5805428894573,3087.941379286181
263,-1499.0,3018.0
264,-1531.84769448981,2927.518745102905
265,-1588.9341640084097,2769.9745855396577
266,-1613.0,2704.0
267,-1626.542658595774,2667.019015279743
268,-1675.0,2535.0
269,-1679.6358045846175,2522.3417760617126
270,-1756.6350696805932,2312.6683185473426
271,-1758.0,2309.0
272,-1844.0,2081.0
273,-1857.0268652949956,2046.7065498780717
274,-1957.0,1780.0
275,-2018.501015717569,1602.812359588092
276,-2073.0,1439.0
277,-2094.9179355206925,1373.2461843580934
278,-2109.0,1328.0
279,-2111.3033261847595,1320.4254168857833
280,-2138.202357301601,1230.1409220096318
281,-2148.0,1195.0
282,-2164.611944514124,1128.296521408503
283,-2169.0,1108.0
284,-2182.0,1036.0
285,-2186.754215554236,1003.0288780616384
286,-2193.0,946.0
287,-2194.606088333669,924.6477815797364
288,-2196.0,860.0
289,-2189.6146022801527,773.1119383396841
290,-2186.0,750.0
291,-2174.9413442227738,704.2507194255917
292,-2152.582354403267,645.8952480403186
293,-2151.0,642.0
294,-2139.0696403337924,618.1504594723297
295,-2128.0,609.0
296,-2058.790657881391,570.8500580077863
297,-2054.0,569.0
298,-2029.1342606834526,565.5832545392508
299,-2016.0,567.0
300,-2007.2881390290618,567.6649908559821
301,-1975.588320622418,570.2678268497918
302,-1964.0,572.0
303,-1885.0,588.0
304,-1875.5950127801245,590.0174900039424
305,-1841.447573757605,597.2968053053402
306,-1819.0,601.0
307,-1766.7595394945752,607.926555354617
308,-1766.0,608.0
309,-1721.0,610.0
310,-1716.8042094058535,609.8160855002822
311,-1524.3730581056911,506.1812764542014
312,-1509.0,484.0
313,-1496.6005874180496,461.88150980895654
314,-1479.0,424.0
315,-1463.5359489687614,386.4967572781346
316,-1463.0,385.0
317,-1437.0,307.0
318,-1421.3022628604972,257.52491180932054
319,-1415.3386514173944,234.1857096336818
320,-1409.0,209.0
321,-1393.0,146.0
322,-1383.1874467118992,104.5879384647614
323,-1379.0,87.0
324,-1347.9681102169532,-38.99972432462836
325,-1346.0,-47.0
326,-1331.0,-108.0
327,-1327.4521454100197,-121.83933466042157
328,-1292.4317693613157,-255.94874583810196
329,-1282.0,-295.0
330,-1265.6595035335347,-353.0611898037251
331,-1256.0,-384.0
332,-1216.7347133458209,-501.8615315916894
333,-1205.0,-534.0
334,-1184.9981216008655,-585.8737608653726
335,-1159.0,-650.0
336,-1143.3351647907584,-687.635863048832
337,-1107.0,-771.0
338,-1087.2725399015833,-813.3628972700651
339,-1053.5037241520215,-881.4552455653928
340,-1030.0,-926.0
341,-984.6957418119135,-1006.982165886539
342,-938.0,-1084.0
343,-914.8316626031453,-1120.620481817813
344,-828.7451380066017,-1251.8936330855638
345,-828.0,-1253.0
346,-728.0,-1391.0
347,-696.7907503171539,-1430.7349134064416
348,-624.8567025630186,-1519.9588021831387
349,-624.0,-1521.0
350,-535.7186877726225,-1623.1420343412444
351,-534.0,-1625.0
352,-421.91988658342615,-1741.3677322487993
353,-342.0,-1822.0
354,-290.16152545596367,-1872.9089118573934
355,-231.20321304756158,-1924.9471390616663
356,-230.0,-1926.0
357,-27.37450178215449,-2102.3848368811578
358,15.0,-2139.0
359,69.76626718509903,-2185.2294239237735
360,120.0,-2227.0
361,224.83884135830328,-2315.704761208998
362,343.0,-2416.0
363,375.2510818916229,-2443.376342342197
364,474.0,-2527.0
365,503.6257415349661,-2551.9771840983603
366,607.0,-2639.0
367,703.4028356959273,-2720.004371453678
368,815.0,-2814.0
369,849.2946973124879,-2843.0371447122316
370,926.0,-2908.0
371,1084.5507670875545,-3041.2478245417383
372,1089.0,-3045.0
373,1285.574499626676,-3211.255196655729
374,1303.0,-3226.0
375,1361.5336670868328,-3275.468894270085
376,1442.5114325342847,-3343.6383604651223
377,1469.0,-3366.0
378,1636.0,-3507.0
379,1657.4107604023422,-3525.0635909648677
380,1833.4415885177775,-3672.376998243465
381,1892.0,-3719.0
382,1899.8867513986015,-3725.271154302508
383,2065.1771458093854,-3855.9067587593504
384,2120.0,-3898.0
385,2171.230000251527,-3936.6226003123415
386,2259.0,-4001.0
387,2470.2546532542183,-4148.817365305583
388,2472.0,-4150.0
389,2717.7663932218343,-4308.625490120597
390,2780.0,-4348.0
391,2864.4702728810908,-4402.30040357082
392,3060.0,-4510.0
393,3141.0989961462747,-4550.824958777201
394,3344.0,-4651.0
395,3413.3271919303847,-4683.748786599703
396,3449.0,-4699.0
397,3522.573092450906,-4731.716737713081
398,3595.0,-4764.0
399,3714.9755162214055,-4817.01417799023
400,3733.0,-4825.0
401,3988.0,-4937.0
402,4070.245600102011,-4971.037175666278
403,4311.0,-5066.0
404,4422.8205101810245,-5109.408530837049
405,4481.0,-5132.0
406,4548.468244895017,-5158.309682262476
407,4726.0,-5228.0
408,5009.0,-5330.0
409,5041.611748066517,-5336.541742805595
410,5154.690785468326,-5346.250584507419
411,5168.0,-5346.0
412,5290.480828621734,-5327.711444879816
413,5293.0,-5327.0
414,5454.295346080029,-5263.491969588494
415,5480.0,-5251.0
416,5562.9093155286155,-5201.3123403565805
417,5636.0,-5129.0
418,5675.0,-5083.0
419,5693.775469309273,-5056.633461927162
420,5743.063181589991,-4972.454707195639
421,5753.0,-4952.0
422,5777.0,-4879.0
423,5792.002771892234,-4731.539823228785
424,5795.0,-4684.0
425,5793.66738331076,-4640.200575028886
426,5790.0,-4624.0
427,5772.649035226683,-4551.330014105454
428,5741.0,-4429.0
429,5708.761854995674,-4343.130245257882
430,5685.0,-4300.0
431,5616.079110367558,-4182.658185181721
432,5607.0,-4170.0
433,5536.659867404101,-4079.905155167274
434,5507.0,-4044.0
435,5449.177355137364,-3979.7428022527956
436,5414.303955914323,-3952.423558153124
437,5388.0,-3934.0
438,5321.651350961618,-3891.2840229945923
439,5300.0,-3880.0
440,5255.0,-3860.0
441,5179.429183080604,-3834.0298155009923
442,5125.0,-3823.0
443,4861.923418424944,-3790.18690887612
444,4860.0,-3790.0
445,4793.183310889437,-3785.6149245412053
446,4777.0,-3784.0
447,4686.410092666209,-3771.723531378069
448,4646.0,-3765.0
449,4467.0,-3729.0
450,4403.449182229781,-3718.6474023594214
451,4349.0,-3711.0
452,4229.0,-3697.0
453,4163.262416020979,-3690.841785379228
454,4107.0,-3686.0
455,3975.2636657393923,-3675.020287871373
456,3845.0,-3665.0
457,3801.7949459307433,-3661.884375788046
458,3692.0,-3654.0
459,3657.098601008761,-3651.2633504622936
460,3592.0,-3646.0
461,3477.1362352939523,-3637.400814519756
462,3362.0,-3628.0
463,3228.1899572141656,-3614.3034911105988
464,3071.0,-3595.0
465,2971.88982191077,-3579.982612979229
466,2900.0,-3556.0
467,2806.6696043572733,-3518.5719808103
468,2637.0,-3444.0
469,2538.7874576184945,-3390.722215650124
470,2503.0,-3368.0
471,2331.0,-3261.0
472,2274.8914236500514,-3224.277004256011
473,2145.0,-3127.0
474,2110.8194068925172,-3099.0666914634908
475,1993.0,-3000.0
476,1897.489757203455,-2906.968160942955
477,1870.0,-2867.0
478,1836.8164607066146,-2815.483583630552
479,1734.720836341459,-2639.77191703581
480,1725.0,-2620.0
481,1660.9890445763483,-2446.754902173708
482,1638.4750190020718,-2342.451794136118
483,1628.0,-2294.0
484,1623.346291124316,-2272.761648600095
485,1609.0,-2198.0
486,1594.594404335293,-2104.9609296819895
487,1580.0,-2000.0
488,1571.9064705271671,-1924.5586758279787
489,1574.8063744470592,-1803.1960627363376
490,1576.0,-1789.0
491,1582.519570220867,-1717.8262525747707
492,1591.0,-1649.0
493,1592.7335814698106,-1638.6441465906496
494,1616.0,-1561.0
495,1622.673445670805,-1546.5010158145828
496,1653.4519797343646,-1493.7092746206665
497,1654.0,-1493.0
498,1686.4870189595931,-1460.1730991461156
499,1692.0,-1456.0
500,1758.0,-1422.0
501,1762.6000685893669,-1420.322873374053
502,1790.0,-1412.0
503,2065.41522991134,-1405.9036221136948
504,2088.0,-1408.0
505,2167.0,-1416.0
506,2195.258871067427,-1418.0044344972819
507,2226.0,-1419.0
508,2299.27523925401,-1414.1125660789505
509,2338.0,-1406.0
510,2367.0,-1397.0
511,2373.066642136735,-1394.8472785662202
512,2430.0,-1369.0
513,2459.5677178466995,-1350.9834441415157
514,2567.0,-1271.0
515,2576.694548628147,-1263.3752919121366
516,2606.3010911776223,-1238.60657191413
517,2627.0,-1216.0
518,2651.907845488694,-1185.1831342360056
519,2698.4329108828492,-1121.4033171861179
520,2712.0,-1100.0
521,2734.3593177198036,-1052.1295548695678
522,2746.0,-1000.0
523,2750.3206969777857,-978.0723387469088
524,2758.0,-936.0
525,2767.2033237238957,-871.230314231656
526,2772.0,-809.0
527,2777.500653334786,-695.2414622260549
528,2778.0,-682.0
529,2778.2164652372235,-614.9749323601054
530,2775.0,-583.0
531,2767.4504110166963,-515.2517519997398
532,2761.0,-477.0
533,2752.8376048972477,-442.18884228126825
534,2726.0,-367.0
535,2706.9769947988552,-330.09500120969136
536,2694.0,-308.0
537,2642.0,-237.0
538,2614.055501908668,-208.34757681270827
539,2533.0,-138.0
540,2491.310240974734,-108.36344405690639
541,2410.8058441400585,-65.16214892743842
542,2357.0,-42.0
543,2335.981958584087,-34.17389707775166
544,2285.0,-21.0
545,2245.6723841835665,-14.653250916408988
546,2167.0,-7.0
547,2149.0110952006517,-6.3794585711703595
548,2069.0,-8.0
549,2050.3595995349797,-9.052451589857242
550,1988.0,-14.0
551,1873.0,-28.0
552,1772.3718084764466,-42.98546494945449
553,1606.0,-69.0
554,1564.5837583704174,-75.31218168099065
555,1512.9131922691743,-82.55286278892864
556,1502.0,-84.0
557,1325.371274227399,-106.69307883649682
558,1323.0,-107.0
559,1231.0,-119.0
560,1127.7220792327798,-132.62033021056877
561,1125.0,-133.0
562,990.8134016708249,-153.43879651807845
563,902.0,-168.0
564,812.2454289056978,-183.03933316896578
565,606.3552068616139,-219.54297495426954
566,604.0,-220.0
567,511.3977904614357,-239.79411242842596
568,413.9043745133467,-250.08519135844665
569,393.0,-251.0
570,193.3813149978239,-252.78186561450042
571,101.0,-251.0
572,50.157497267387875,-246.26185596529405
573,19.0,-234.0
574,-58.52589894266482,-210.31567555264314
575,-172.0,-165.0
576,-361.95655417962206,-51.41056476800069
577,-364.0,-50.0
578,-458.8821081973593,35.366370403894905
579,-494.0,83.0
580,-584.0,215.0
581,-591.6253574885554,226.82918951051587
582,-675.0502898781057,364.8593449711971
583,-729.0,457.0
584,-763.3345041492337,514.7261110420122
585,-838.0,638.0
586,-871.3660922284736,692.6066575100842
587,-935.0,810.0
588,-953.4105512639271,849.1527158253419
589,-1031.0,1026.0
590,-1052.276075138832,1079.7588959931284
591,-1056.0,1100.0
592,-1073.2980063040627,1169.4856493788661
593,-1100.0,1288.0
594,-1108.0,1346.0
595,-1110.1504633403642,1363.7951393527997
596,-1118.0,1441.0
597,-1118.9229299306378,1456.8318556617853
598,-1120.0,1514.0
599,-1119.971528983779,1554.2137243364398
600,-1119.0,1595.0
601,-1110.0,1678.0
602,-1107.6359255493144,1691.7049256551563
603,-1100.068230748906,1727.1112153323413
604,-1096.0,1743.0
605,-1088.595016305095,1769.516990792393
606,-1060.6002918252163,1833.2314770649855
607,-1049.0,1848.0
608,-976.8042550801462,1912.7043144168138
609,-968.0,1919.0
610,-878.8683571929917,1955.999673488918
611,-824.0,1964.0
612,-810.0566868418248,1965.8663549040439
613,-716.0,1977.0
614,-672.5862821278405,1981.2252855832971
615,-497.0,1997.0
616,-490.7912965781579,1997.7251284090964
617,-393.0,2011.0
618,-332.06302814800966,2016.0209962048812
619,-210.0,2025.0
620,-131.72757168270988,2029.2558093011057
621,-113.0,2030.0
622,-50.69405739423096,2032.7987905298914
623,54.0,2038.0
624,242.38785354500465,2048.1951309833603
625,257.0,2049.0
626,344.42853145333925,2053.878628194154
627,404.0,2059.0
628,494.46296589191564,2070.226772309826
1,754.6587386099483,2102.8634425153755
2,901.0,2119.0
3,1075.4134739794029,2138.8138431853395
4,1121.0,2144.0
5,1217.5372956782371,2154.902617718149
6,1290.0,2163.0
7,1301.026460137032,2164.252948622779
8,1447.0,2181.0
9,1483.3071133225696,2185.283930814475
10,1591.0,2198.0
11,1681.619037366478,2208.2719581813103
12,1840.0,2226.0
13,1875.6961988961475,2229.970134182422
14,2033.831653440356,2247.206347335309
15,2050.0,2249.0
16,2287.1474810772147,2275.675486618421
17,2290.0,2276.0
18,2498.5258620004106,2300.037890935683
19,2671.0,2320.0
20,2736.585678301574,2327.399053373869
21,2886.0,2344.0
22,2898.132189367352,2345.364559680748
23,2948.0,2351.0
24,3020.305024163412,2359.3155951552167
25,3104.0,2369.0
26,3245.5883446525204,2385.188832650068
27,3425.495563317312,2405.420341367862
28,3477.0,2411.0
29,3563.6599388015948,2419.442852900858
30,3623.0,2424.0
31,3632.8029217570474,2424.7481000653497
32,3739.711752123938,2433.0111806686173
33,3794.0,2438.0
34,3840.9979866002577,2443.160437137721
35,3920.0,2455.0
36,3978.681498930273,2466.924867782869
37,4013.0,2475.0
38,4098.0,2502.0
39,4105.8282998167915,2505.233205272723
40,4213.0,2564.0
41,4227.0,2575.0
42,4259.409294094657,2604.8084230419145
43,4305.0,2660.0
44,4314.545534976436,2674.2927191056074
45,4351.0,2745.0
46,4365.269657616202,2786.3766130173626
47,4378.0,2839.0
48,4381.057149725416,2855.5068544920014
49,4390.0,2926.0
50,4392.759237409176,2959.480960198668
51,4395.804007919996,3029.6551597445064
52,4396.0,3040.0
53,4395.732053685088,3129.2049273442058
54,4395.0,3159.0
55,4393.254848735693,3202.515370263184
56,4390.0,3255.0
57,4387.143007510937,3291.959132231891
58,4383.0,3334.0
59,4371.145862621952,3423.9638494433557
60,4371.0,3425.0
61,4360.0,3499.0
62,4353.582370955758,3537.7468063448496
63,4338.0,3627.0
64,4334.499009356308,3647.0587215780874
65,4316.0,3749.0
66,4297.713510111457,3837.0714855092797
67,4290.0,3873.0
68,4273.186856942703,3948.5998563531602
69,4264.0,3986.0
70,4222.996668898975,4145.268458118457
71,4208.0,4202.0
72,4179.919473498998,4305.219890913834
73,4146.0,4425.0
74,4143.908050416391,4432.443845206847
75,4109.0,4552.0
76,4082.068833479229,4633.379080394263
77,4048.0,4728.0
78,4043.80382441038,4738.867177928915
79,3990.0,4864.0
80,3941.0448926403806,4955.3169365228705
81,3940.0,4957.0
82,3869.0,5052.0
83,3782.415794101505,5134.544342675491
84,3759.0,5153.0
85,3621.109603774097,5237.39154195932
86,3578.0,5257.0
87,3505.1551706873033,5285.353457346849
88,3415.0,5316.0
89,3369.1999878047945,5330.7034344261365
90,3239.015088735164,5369.97686172553
91,3153.0,5399.0
92,2989.0,5456.0
93,2913.0857721669377,5482.307018435136
94,2843.8784812642944,5505.724244857573
95,2796.0,5524.0
96,2668.2968951588778,5579.295694787127
97,2667.0,5580.0
98,2527.9372854714256,5682.123250642598
99,2516.0,5693.0
100,2452.0,5757.0
101,2394.791793324235,5823.089779126417
102,2302.0,5953.0
103,2283.039920669456,5985.881770715376
104,2198.0,6175.0
105,2168.791248197621,6273.414261478315
106,2160.0,6321.0
107,2151.740192930402,6374.914592501473
108,2142.0,6469.0
109,2140.4549407689883,6529.026602781507
110,2146.6402694487633,6651.285849055349
111,2148.0,6668.0
112,2161.0,6790.0
113,2166.9931427552597,6835.770581614825
114,2191.8113056217644,6998.340327203545
115,2202.0,7061.0
116,2225.025909384064,7198.416782200812
117,2232.0,7241.0
118,2248.5516722031275,7343.353618320634
119,2249.0,7346.0
120,2298.0,7618.0
121,2310.491336422563,7685.883064223055
122,2330.6828264056194,7799.121748501562
123,2331.0,7801.0
124,2361.0,7984.0
125,2365.427280626845,8011.601734659926
126,2384.0,8139.0
127,2407.0,8357.0
128,2409.883432226628,8390.29447551657
129,2417.55141483748,8562.777479619723
130,2418.0,8610.0
131,2401.886445476767,9531.837339319165
132,2401.0,9550.0
133,2394.0,9679.0
134,2391.451648333141,9722.61116620587
135,2378.6852428786065,9915.879606172644
136,2377.0,9939.0
137,2356.0,10217.0
138,2346.187784258914,10352.844208789376
139,2340.0,10429.0
140,2338.8148863459346,10442.822385976782
141,2333.0,10510.0
142,2327.1883852304604,10578.674169312102
143,2315.1457067595584,10719.403574456333
144,2315.0,10721.0
145,2301.0,10862.0
146,2289.69113215556,10966.227959523178
147,2279.0,11043.0
148,2270.631178814885,11094.896327953451
149,2238.128298364705,11273.339695283754
150,2238.0,11274.0
151,2204.3113039797963,11392.25976347709
152,2204.0,11393.0
153,2137.3480329701797,11541.306483053362
154,2137.0,11542.0
155,2096.0,11604.0
156,2076.170893520324,11628.00766457223
157,2036.0,11672.0
158,1983.4343905394887,11714.636004215787
159,1977.0,11719.0
160,1931.0,11746.0
161,1926.1455225211462,11748.434351728767
162,1846.0,11773.0
163,1806.4316202196178,11774.239307656428
164,1754.0,11769.0
165,1697.6257035610442,11750.44652333426
166,1639.0,11716.0
167,1621.7703670646972,11705.159131700402
168,1582.0,11673.0
169,1568.778982454738,11660.3115967648
170,1505.611285523429,11594.703326557661
171,1505.0,11594.0
172,1467.0,11540.0
173,1457.8140286807297,11524.070019862414
174,1405.0,11425.0
175,1384.0,11378.0
176,1377.2010928437808,11360.533250902823
177,1349.0,11285.0
178,1340.9434656880344,11262.501424796763
179,1312.8099718778028,11178.37418735846
180,1282.0,11077.0
181,1276.8572892682607,11060.554654443164
182,1260.280083138871,11008.983730414273
183,1248.0,10970.0
184,1190.6669696546405,10785.929587802579
185,1181.0,10755.0
186,1115.0,10546.0
187,1107.8829823978517,10523.215665166044
188,1091.612028124683,10470.318988860372
189,1072.0,10407.0
190,1039.0,10302.0
191,998.6713051365072,10174.20101942778
192,943.3071881768988,9998.971522825845
193,943.0,9998.0
194,927.4716482408977,9949.392719218156
195,919.0,9923.0
196,849.0,9705.0
197,830.4664029664858,9648.010507744271
198,806.6118221911333,9579.760622734279
199,800.0,9561.0
200,774.4239577173051,9487.800380705532
201,707.0,9294.0
202,670.9497407387805,9191.130827057264
203,640.0,9103.0
204,616.9455239542943,9037.189265889934
205,572.0,8909.0
206,568.0015630913487,8897.647085233884
207,517.0,8753.0
208,472.74023429047077,8626.105961327285
209,472.0,8624.0
210,431.0,8508.0
211,419.48311184481486,8475.11363452029
212,344.0,8258.0
213,323.9225379966585,8200.949160263612
214,297.0,8125.0
215,288.64055070824696,8101.076217223716
216,230.6622285158185,7934.122907637169
217,224.0,7915.0
218,161.0384007622159,7735.306434031398
219,155.0,7718.0
220,123.0,7626.0
221,105.46027290404399,7575.624649212754
222,48.81301209115624,7413.24632157748
223,10.0,7302.0
224,-34.442989376489614,7174.440918098678
225,-66.0,7084.0
226,-70.27398257250763,7071.770213401887
227,-126.61180672002827,6910.793885375697
228,-143.0,6864.0
229,-165.24301287126042,6800.503678861986
230,-193.0,6721.0
231,-265.0,6514.0
232,-278.0237529597805,6476.627051769174
233,-327.7189724732447,6334.913957787744
234,-349.0,6274.0
235,-397.7894612378178,6133.541793762276
236,-433.0,6033.0
237,-456.0,5968.0
238,-479.8312356558666,5900.265642101232
239,-524.0,5774.0
240,-581.0,5611.0
241,-591.6291268079342,5580.575971856383
242,-632.0,5465.0
243,-670.3674587354004,5355.323283895895
244,-695.0,5285.0
245,-748.5479276243818,5132.259664807327
246,-756.0,5111.0
247,-837.0454970958508,4879.544711351465
248,-854.0,4831.0
249,-896.6320560525375,4708.5803343110065
250,-929.0,4616.0
251,-993.0,4434.0
252,-1003.4708376436603,4404.203214396736
253,-1034.0,4317.0
254,-1078.7009648921671,4187.974801880542
255,-1109.0,4101.0
256,-1137.969396010146,4018.840187397296
257,-1168.0,3934.0
258,-1196.7627405697835,3852.345195829763
259,-1233.0,3750.0
260,-1292.1659481695212,3586.3029266690373
261,-1293.0,3584.0
262,-1343.5283000552997,3444.1783510108603
263,-1384.0,3333.0
264,-1480.6693297564348,3068.640777509135
265,-1482.0,3065.0
266,-1525.285491770099,2946.224034747374
267,-1549.659198574975,2878.680458840492
268,-1555.0,2864.0
269,-1598.0,2746.0
270,-1611.0540719791143,2710.1420743772724
271,-1672.4326603637837,2541.3478930103615
272,-1708.0,2444.0
273,-1763.3107532931508,2294.8245648857423
274,-1799.0,2200.0
275,-1840.0145085196818,2091.3986978668054
276,-1866.0,2023.0
277,-1902.6993605552993,1926.4813448224284
278,-1904.0,1923.0
279,-2014.7748532347048,1611.1917275300125
280,-2034.0,1555.0
281,-2109.7777025952414,1324.1537487166331
282,-2118.0,1298.0
283,-2138.0,1230.0
284,-2155.1426298991623,1167.651368131067
285,-2162.0,1138.0
286,-2176.2889154911663,1060.285149048339
287,-2191.0,958.0
288,-2192.4863832370424,946.4298286689718
289,-2195.0,905.0
290,-2195.2285616206614,884.1103026427766
291,-2195.0,846.0
292,-2193.3115621895713,811.5572168051726
293,-2188.9181263589526,770.2309745800313
294,-2186.0,751.0
295,-2177.1302160497703,709.7304573356138
296,-2171.0,690.0
297,-2150.0476779001865,642.7073940781635
298,-2148.0,639.0
299,-2136.0,620.0
300,-2116.0,599.0
301,-2107.8072606671776,592.7320237433903
302,-2062.413042302169,572.6024197997488
303,-2055.0,571.0
304,-2033.4439944946917,568.4487672144709
305,-2018.0,568.0
306,-1983.0,570.0
307,-1979.3824631283542,570.4215674021514
308,-1950.0,575.0
309,-1919.9631658720982,581.0151102580513
310,-1892.0,587.0
311,-1853.0,595.0
312,-1843.5413158028873,596.796690922583
313,-1790.7797449297575,605.8750970097324
314,-1790.0,606.0
315,-1737.0597012447954,611.9615196642882
316,-1713.0,610.0
317,-1647.9356718968638,597.9754155305427
318,-1639.0,596.0
319,-1598.2572461416644,578.6404435889162
320,-1592.0,574.0
321,-1557.7085405598832,547.6900556483673
322,-1557.0,547.0
323,-1494.6310599350452,457.9257347272669
324,-1484.0,439.0
325,-1456.7926069295947,375.4017035572473
326,-1447.0,344.0
327,-1439.5529397270332,319.63940489763786
328,-1429.0,284.0
329,-1414.0,229.0
330,-1412.331522850726,222.59462620482313
331,-1397.0,162.0
332,-1385.120891252157,114.8770877129137
333,-1369.0,50.0
334,-1349.8845718049731,-31.083361399586487
335,-1346.0,-47.0
336,-1242.0,-427.0
337,-1237.285833891915,-442.3149885970409
338,-1211.0,-518.0
339,-1134.0,-709.0
340,-1129.3742294427896,-720.3773064368721
341,-1086.0,-817.0
342,-1047.5323395391447,-890.365953743299
343,-969.0,-1033.0
344,-892.7130213343248,-1155.3009660966827
345,-842.0,-1232.0
346,-806.8515961149387,-1285.1109269056287
347,-766.5626781780467,-1342.4888034766975
348,-716.0,-1407.0
349,-642.6456410342663,-1497.9050774654559
350,-575.0,-1579.0
351,-473.1001647093822,-1691.9623548772365
352,-389.0604955925558,-1776.956587412911
353,-388.0,-1778.0
354,-303.4298950999938,-1858.9564808830442
355,-178.9922803598086,-1971.3049742176966
356,-127.0,-2017.0
357,-99.25436566570112,-2040.9622324320676
358,-24.0,-2105.0
359,18.113030154286886,-2141.2101632165313
360,68.0,-2184.0
361,160.47229657001546,-2262.0840783003264
362,255.05382516392564,-2341.2665602023008
363,269.0,-2353.0
364,380.2384639180096,-2447.012220019128
365,424.0,-2484.0
366,529.4112114521835,-2572.914895343579
367,653.3841096591023,-2677.314826395676
368,691.0,-2709.0
369,771.3632276469381,-2776.7614615802486
370,851.0,-2844.0
371,938.1803221679947,-2917.6073347063348
372,1063.0,-3023.0
373,1129.84059646747,-3079.4458397995104
374,1262.8817959204132,-3191.8320147176123
375,1353.0,-3268.0
376,1407.5675588945073,-3314.1479339720836
377,1532.0,-3419.0
378,1602.208989313745,-3477.971858807223
379,1737.0,-3591.0
380,1751.451612483774,-3603.086875697807
381,1845.7887830990169,-3681.38367233389
382,1920.0,-3741.0
383,2064.8424051487136,-3855.596821657428
384,2094.0,-3878.0
385,2135.0,-3909.0
386,2259.629074226854,-4001.1097838810297
387,2329.0,-4051.0
388,2392.1302679315677,-4095.353605133064
389,2500.0,-4168.0
390,2718.0,-4309.0
391,2734.725441637964,-4319.659840688697
392,2934.6079596938152,-4440.063313511466
393,2972.0,-4461.0
394,3043.58970680479,-4500.755905871336
395,3141.0,-4553.0
396,3202.109306852738,-4583.729213323898
397,3282.0,-4622.0
398,3410.0,-4681.0
399,3490.3220531881975,-4717.413537939628
400,3651.0,-4789.0
401,3683.0,-4803.0
402,3714.74366945806,-4816.916153952902
403,3911.263480278808,-4903.097367382536
404,3953.0,-4921.0
405,4193.0,-5020.0
406,4207.562307436067,-5025.791085009382
407,4356.005993507963,-5083.400318087697
408,4373.0,-5090.0
409,4501.0,-5140.0
410,4513.726943293574,-5144.953891874335
411,4653.0,-5199.0
412,4852.977341137743,-5277.402658256745
413,4893.0,-5293.0
414,4980.684081592569,-5324.632799042329
415,5011.0,-5330.0
416,5177.0,-5346.0
417,5220.232410595667,-5341.085429848342
418,5233.0,-5339.0
419,5330.824016136953,-5316.019606172649
420,5375.0,-5301.0
421,5455.0,-5265.0
422,5507.725720470386,-5234.917339883564
423,5526.0,-5223.0
424,5644.02634235902,-5120.086165416636
425,5645.0,-5119.0
426,5681.0,-5075.0
427,5691.005718539123,-5061.21901746398
428,5723.0,-5010.0
429,5734.408513533372,-4988.669412895466
430,5766.0,-4911.0
431,5774.080899828257,-4880.687202511256
432,5793.617114564593,-4760.670931128082
433,5796.0,-4726.0
434,5781.4698567870555,-4574.807017051114
435,5780.0,-4567.0
436,5769.979292107001,-4519.259561117729
437,5750.0,-4453.0
438,5732.084413981433,-4406.268960653655
439,5686.192382233427,-4302.342844092958
440,5677.0,-4284.0
441,5640.0,-4220.0
442,5598.0,-4156.0
443,5562.865562102764,-4107.283868114556
444,5522.0,-4061.0
445,5392.422715896668,-3939.991510570384
446,5363.0,-3916.0
447,5315.2078529321925,-3884.3075016664866
448,5272.0,-3866.0
449,5157.479147920732,-3830.3305784689337
450,5156.0,-3830.0
451,4879.0,-3792.0
452,4853.578849770682,-3789.600550356766
453,4698.0,-3775.0
454,4675.93715039215,-3770.8370757769135
455,4553.0,-3745.0
456,4408.703707202726,-3719.104330507342
457,4408.0,-3719.0
458,4289.74515764225,-3703.952029559251
459,4245.0,-3699.0
460,4179.879777552163,-3692.342826174997
461,4001.1745366541727,-3677.3651037925288
462,3984.0,-3676.0
463,3829.0,-3664.0
464,3749.600453813639,-3658.524046437677
465,3729.0,-3657.0
466,3501.2197177951157,-3639.252708912401
467,3498.0,-3639.0
468,3337.0,-3626.0
469,3315.7519778064147,-3624.1109263610024
470,3190.0,-3611.0
471,3120.0812382459585,-3600.815526157741
472,2887.0,-3552.0
473,2855.9056787094387,-3542.5850919641866
474,2624.4810975392297,-3437.807705096003
475,2623.0,-3437.0
476,2501.032626926931,-3366.8870169991333
477,2346.32238813177,-3270.11590851488
478,2285.0,-3230.0
479,2238.271044142386,-3198.0577036625773
480,2148.0,-3130.0
481,2091.1566838040258,-3085.349850705237
482,2042.0,-3045.0
483,1976.7947508299408,-2986.861034948677
484,1895.8432725714931,-2901.0301457464448
485,1865.0,-2861.0
486,1794.3533908016732,-2753.7308610831437
487,1747.0,-2670.0
488,1681.0898694131424,-2528.2669690064436
489,1586.1175209712314,-2051.727135804855
490,1581.0,-2009.0
491,1574.5251071410212,-1951.3660003528048
492,1571.931170475808,-1907.1245757934903
493,1574.0,-1839.0
494,1577.9985299203659,-1772.777852439236
495,1582.0,-1713.0
496,1583.1429688963049,-1694.1670980695678
497,1587.0,-1672.0
498,1589.642268244276,-1662.3037242093274
499,1625.0,-1541.0
500,1626.7001353765315,-1536.1701287329931
501,1650.0,-1499.0
502,1661.3832588707132,-1486.9148702578166
503,1702.3323159580555,-1449.000297879104
504,1717.0,-1440.0
505,1741.2430477355,-1429.297846806489
506,1742.0,-1429.0
507,1783.0,-1415.0
508,1804.3134957166744,-1409.9503637763808
509,1885.9184332609893,-1399.5617364228758
510,1892.0,-1399.0
511,1940.0,-1397.0
512,2029.0,-1402.0
513,2037.0256015854216,-1402.5613562160297
514,2092.571466208103,-1408.1394348271785
515,2124.0,-1412.0
516,2142.1705116974827,-1413.937743680984
517,2207.0,-1419.0
518,2221.6947955717146,-1419.3289811638078
519,2283.847180424121,-1416.1496857595225
520,2285.0,-1416.0
521,2331.0,-1407.0
522,2408.2313618872176,-1377.9081866255422
523,2474.0,-1342.0
524,2479.834164916412,-1338.3179922186264
525,2545.0,-1290.0
526,2585.8435841830146,-1255.0815185165616
527,2609.0,-1234.0
528,2649.6055873812948,-1194.1451438637828
529,2679.0,-1155.0
530,2706.915441278292,-1104.1296526983338
531,2743.0,-1015.0
532,2745.5737566524767,-1006.7722279800616
533,2764.6295041036137,-891.4251837707615
534,2768.0,-850.0
535,2772.475693439108,-790.5175152317615
536,2777.479925823175,-704.0844937001829
537,2778.0,-687.0
538,2773.129595760222,-551.5828434078154
539,2771.0,-535.0
540,2762.688067177521,-484.86608430451116
541,2759.0,-468.0
542,2742.0,-411.0
543,2737.4793174236097,-397.73435759528064
544,2694.0,-308.0
545,2680.2190639061973,-288.7164790113125
546,2614.0,-207.0
547,2580.4120110021204,-172.39132143919994
548,2552.0,-153.0
549,2528.9489447583837,-136.1857203399506
550,2477.0,-100.0
551,2424.761046827874,-70.84156945829201
552,2393.0,-56.0
553,2292.0,-22.0
554,2272.89017836903,-18.13369776173138
555,2198.0,-8.0
556,2128.0,-6.0
557,2059.0922144322158,-8.799849979672082
558,1981.0,-15.0
559,1949.975072430559,-18.23746529459651
560,1852.0,-31.0
561,1736.0,-49.0
562,1722.0033528300562,-51.14762559784108
563,1530.0,-80.0
564,1455.492707283865,-90.46857660454265
565,1436.0,-93.0
566,1154.564225673653,-129.24943886306795
567,1141.0,-131.0
568,1040.0,-145.0
569,971.7041898191906,-156.12298776852987
570,872.0,-173.0
571,780.0,-189.0
572,754.6384119885681,-193.39248543347372
573,563.5955031184343,-226.01232792714808
574,511.0,-235.0
575,463.0936249345558,-243.2193361762946
576,375.0,-254.0
577,336.67063820848745,-256.489542451733
578,185.0,-261.0
579,76.07919805156882,-251.37037861127973
580,22.0,-235.0
581,-101.0,-195.0
582,-113.38863168758219,-190.32659157273957
583,-256.0,-123.0
584,-314.9894327465704,-86.19642477715531
585,-350.0,-61.0
586,-403.30421466475104,-16.38144898022743
587,-463.0,45.0
588,-533.3524452471246,137.97390911815825
589,-567.0,189.0
590,-629.1967839320147,290.67220101690646
591,-630.0,292.0
592,-721.0,442.0
593,-728.250052640205,454.0386015583503
594,-818.0,604.0
595,-842.1233071542076,643.6841541490567
596,-897.5379137215529,741.1230511452779
597,-898.0,742.0
598,-994.0,933.0
599,-1050.5840279908762,1062.3963119013995
600,-1066.6296717258724,1136.0546195174256
601,-1069.0,1146.0
602,-1089.0,1230.0
603,-1090.9937257664635,1239.3613207175456
604,-1104.86085908604,1318.0417146800899
605,-1105.0,1319.0
606,-1116.6465945016544,1429.158089541477
607,-1118.0,1447.0
608,-1121.0,1524.0
609,-1116.9291742925475,1607.995619860612
610,-1114.0,1652.0
611,-1111.6752762798174,1685.3658199241418
612,-1105.6388095018272,1708.847664082926
613,-1104.0,1715.0
614,-1093.0,1757.0
615,-1084.7585285793834,1787.460308696097
616,-1053.0,1843.0
617,-1030.8769547864192,1865.6637063714088
618,-975.0,1915.0
619,-906.7306881722501,1953.9675651642685
620,-848.0,1960.0
621,-772.0764162284707,1970.6775821094834
622,-727.0,1976.0
623,-659.0,1980.0
624,-626.0977201468036,1982.146127941343
625,-582.0,1986.0
626,-520.7378518406385,1993.3297365451238
627,-501.0,1996.0
628,-379.96922329414576,2012.8856371348563
629,-379.0,2013.0
630,-288.0,2021.0
631,-251.0744623558066,2022.929975581321
632,-205.0,2025.0
633,-13.62907914980819,2034.2694737390093
634,1.0,2035.0
635,218.90404730839083,2046.8864948614782
636,221.0,2047.0
637,365.0,2055.0
638,591.7261695122206,2074.5979527894697
639,637.3122398608123,2085.9943066871638
640,639.0,2089.0
1,750.0,2102.0
2,879.8564287733916,2116.7544363022116
3,961.0,2126.0
4,1039.1843998007596,2135.039420914686
5,1106.7919135275301,2142.7508250423934
6,1109.0,2143.0
7,1309.672705069433,2165.5625211603
8,1349.0,2170.0
9,1475.0190655364172,2184.4521801292717
10,1532.0,2191.0
11,1576.3348266849814,2196.0378266434277
12,1638.0,2203.0
13,1959.0,2239.0
14,1994.4024040921581,2242.9497256523873
15,2162.068496824342,2261.4503580393157
16,2238.0,2270.0
17,2331.952927524719,2280.7622386779312
18,2334.0,2281.0
19,2513.0,2302.0
20,2555.187519007294,2306.8327592740325
21,2823.0,2337.0
22,2870.719937899511,2342.039001634788
23,2907.0,2346.0
24,3000.7620879839487,2356.8496022310437
25,3037.0,2361.0
26,3207.8731176545284,2379.7762128112367
27,3246.0,2384.0
28,3469.7871045747033,2409.229525556563
29,3580.0,2421.0
30,3617.6492890497584,2424.3142415524185
31,3666.0,2427.0
32,3769.9745041311294,2436.213448482509
33,3826.0,2442.0
34,3937.0,2458.0
35,3986.802632499219,2468.536557156059
36,4039.0,2482.0
37,4066.698895807527,2490.5156998460166
38,4138.0,2519.0
39,4169.359134927996,2535.8764819741455
40,4216.0,2567.0
41,4242.5748702156925,2588.596957313693
42,4291.346444431542,2639.9441139053642
43,4303.0,2656.0
44,4348.0,2739.0
45,4364.86765098626,2783.4082509680297
46,4370.0,2803.0
47,4385.8889461578765,2900.4616134720636
48,4394.0,2971.0
49,4397.3926471482055,3041.0975634882875
50,4397.0,3059.0
51,4393.952179012427,3152.8036960704144
52,4386.0,3300.0
53,4376.819496204097,3386.561914931657
54,4365.23190471468,3464.5080769095057
55,4365.0,3466.0
56,4341.340441881656,3608.2302994829774
57,4324.320442417553,3702.2898152263815
58,4324.0,3704.0
59,4305.82478665175,3796.395846588699
60,4298.0,3834.0
61,4285.002627163772,3895.1276106757095
62,4274.0,3944.0
63,4255.654444863926,4019.9384678693505
64,4236.0,4098.0
65,4225.197494276499,4140.320639895529
66,4219.0,4164.0
67,4199.941835981151,4233.94913603251
68,4175.0,4323.0
69,4142.0,4441.0
70,4139.058943905835,4451.404340737819
71,4109.0,4554.0
72,4084.1187164474104,4628.596081678918
73,4057.0,4704.0
74,4018.0,4803.0
75,3975.773465205907,4887.61586836859
76,3897.0,5019.0
77,3801.8290935874898,5125.014164788474
78,3718.0,5182.0
79,3635.2183656485763,5229.824199171907
80,3621.0,5237.0
81,3557.0,5265.0
82,3491.478758604287,5289.2443955570025
83,3278.0696239673166,5358.483205758745
84,3211.0,5380.0
85,3166.208440270636,5394.631520981047
86,3103.3940906034636,5416.622592749538
87,3077.0,5426.0
88,3024.6335885719714,5444.5061937238115
89,2901.0,5488.0
90,2783.9250915716225,5529.36640263713
91,2745.0,5544.0
92,2633.225363463791,5596.826563417124
93,2561.0,5654.0
94,2532.551834951917,5678.727549879319
95,2467.0,5740.0
96,2448.4814302093355,5759.157372412723
97,2372.4624830379043,5850.973174508118
98,2371.0,5853.0
99,2291.355853580728,5976.71186915579
100,2239.0,6072.0
101,2191.0,6197.0
102,2176.3853098334175,6256.993207842497
103,2148.0,6400.0
104,2140.236569387153,6547.954136685608
105,2142.0,6573.0
106,2155.0,6740.0
107,2159.764611951967,6783.443079110512
108,2189.0,6981.0
109,2191.1068923946978,6994.130055130347
110,2212.0,7122.0
111,2216.4763783066187,7149.259046954921
112,2240.323509054322,7293.252274490804
113,2243.0,7309.0
114,2259.112708681913,7401.659760146309
115,2265.0,7435.0
116,2281.0,7525.0
117,2313.035465951803,7702.221513872759
118,2331.0,7804.0
119,2340.1215363370356,7857.42630972363
120,2379.878909462879,8111.72517979284
121,2385.0,8148.0
122,2398.577908652527,8264.386359357071
123,2402.0,8303.0
124,2410.76974838801,8414.907664226923
125,2412.0,8435.0
126,2418.298738246291,8662.952653587456
127,2419.0,8727.0
128,2419.7205850689884,8908.100761848355
129,2419.0,8980.0
130,2417.815255827926,9063.070516361846
131,2415.0,9215.0
132,2410.511910336688,9329.241473526521
133,2409.0,9363.0
134,2406.040309784972,9436.799583533646
135,2403.0,9508.0
136,2393.0,9693.0
137,2386.360204433656,9803.893130500905
138,2381.0,9886.0
139,2373.088380482841,9994.680553723158
140,2363.0,10128.0
141,2358.193694832055,10194.607385384415
142,2353.0,10265.0
143,2343.1872676437997,10384.747193399286
144,2343.0,10387.0
145,2333.0,10508.0
146,2313.954925491515,10726.753323452507
147,2310.0,10768.0
148,2289.0,10973.0
149,2275.424529444535,11078.018644263533
150,2272.0,11099.0
151,2233.5312261556282,11291.244807004528
152,2230.0,11305.0
153,2194.0,11421.0
154,2188.9649195891852,11434.472571537684
155,2171.0,11476.0
156,2164.4518603780484,11489.655470204478
157,2134.0,11548.0
158,2113.6413942335184,11581.455710146547
159,2070.0,11637.0
160,2024.9754936627992,11682.028713492442
161,2003.0,11701.0
162,1886.0,11764.0
163,1882.1630435557367,11765.359439082022
164,1822.5554300615947,11775.03408128975
165,1822.0,11775.0
166,1726.0404056479388,11757.713404388154
167,1708.0,11753.0
168,1672.6249940076327,11740.6205481297
169,1621.0,11703.0
170,1553.0,11647.0
171,1533.0894749444656,11629.022355826282
172,1486.8608517037208,11571.30012892476
173,1475.0,11552.0
174,1447.9064558828657,11507.473654414145
175,1419.458706074933,11454.920188579994
176,1419.0,11454.0
177,1388.736312918208,11389.178982463514
178,1384.0,11378.0
179,1371.0,11343.0
180,1366.7256751285277,11331.5956651641
181,1342.0,11264.0
182,1338.0480293210421,11252.42121188847
183,1295.0,11121.0
184,1268.2689401720809,11037.795398649592
185,1244.9787595031898,10961.255816307323
186,1240.0,10945.0
187,1216.3202145299335,10868.597558040612
188,1212.0,10855.0
189,1204.0,10830.0
190,1131.0,10597.0
191,1122.9853383585948,10571.387306657612
192,1049.0,10336.0
193,1046.7400807356203,10328.785298256887
194,1030.7233924117115,10277.37834415126
195,1010.0,10211.0
196,966.6449129976132,10073.057911300151
197,966.0,10071.0
198,915.4707278594074,9909.602780147816
199,907.0,9883.0
200,885.5538937789441,9816.854218594159
201,857.0,9731.0
202,832.3322028769899,9657.504461598153
203,772.8748318079233,9482.537717453633
204,772.0,9480.0
205,705.8454715571027,9291.711414641497
206,669.0,9188.0
207,629.5262033453563,9075.28134656418
208,597.0,8982.0
209,587.0583760967886,8953.556280466943
210,568.0,8899.0
211,472.0,8623.0
212,466.48666192135903,8607.204478615957
213,379.174545010065,8358.886013402238
214,363.0,8313.0
215,339.65368611989646,8246.631678654368
216,316.94193471124817,8181.80016534174
217,296.0,8122.0
218,238.372298236329,7957.4295716852175
219,197.0,7839.0
220,180.1731451668709,7790.546283240359
221,155.0,7718.0
222,128.72763672689942,7643.682281148754
223,96.0,7551.0
224,40.0,7390.0
225,21.843299260287367,7337.014502222117
226,-36.23476548211306,7166.998287221001
227,-53.0,7119.0
228,-141.0,6869.0
229,-172.78778487366122,6778.33427160539
230,-200.38607732976362,6698.177740499667
231,-218.0,6648.0
232,-251.1040264435327,6554.737838245836
233,-263.0,6521.0
234,-316.0,6369.0
235,-331.3967680178347,6324.726376153721
236,-384.6461046759608,6171.880297840265
237,-400.0,6128.0
238,-449.8608814885203,5985.762708358726
239,-468.0,5934.0
240,-588.0,5591.0
241,-595.4401385636626,5569.977542366466
242,-643.0,5436.0
243,-668.0149766757431,5363.8789793983315
244,-716.9077176688457,5222.369186135471
245,-724.0,5202.0
246,-778.2274035934557,5047.450931538592
247,-791.0,5011.0
248,-820.0,4928.0
249,-890.0,4729.0
250,-919.0341578911944,4645.808248329203
251,-983.9827955801561,4458.844242400646
252,-1000.0,4413.0
253,-1095.568716465584,4141.168190074179
254,-1136.0,4026.0
255,-1173.9500009561073,3915.928048362651
256,-1225.0,3773.0
257,-1338.0,3462.0
258,-1346.3458600969245,3439.065369243819
259,-1416.9324105094204,3245.218065643846
260,-1453.5792139322555,3144.2471240692357
261,-1458.0,3132.0
262,-1540.4394212436712,2903.1459925615295
263,-1550.0,2877.0
264,-1641.7684799039225,2626.383008240332
265,-1643.0,2623.0
266,-1687.7833313324788,2497.6549162971105
267,-1707.0,2445.0
268,-1766.0827006560903,2287.3014576030237
269,-1829.0,2121.0
270,-1862.7917276018247,2032.072760005549
271,-1893.0,1952.0
272,-1914.763369230475,1893.7598247750675
273,-1965.4295614079974,1755.6044772968762
274,-1966.0,1754.0
275,-2006.1705164061193,1637.0168972336187
276,-2017.0,1605.0
277,-2057.3142645877883,1486.0362890206836
278,-2058.0,1484.0
279,-2101.0,1353.0
280,-2113.863321213813,1311.7202559353816
281,-2139.0,1228.0
282,-2157.338474865344,1162.103978170599
283,-2167.0,1117.0
284,-2184.0,1020.0
285,-2188.6376522164646,991.012680082589
286,-2193.0,929.0
287,-2193.6124231100052,908.2214419856645
288,-2195.0,842.0
289,-2194.35169982736,821.3493163717205
290,-2191.0,786.0
291,-2184.0,742.0
292,-2181.6509857251626,729.6038466939714
293,-2176.0,706.0
294,-2157.2707080101973,654.5915807587547
295,-2157.0,654.0
296,-2137.4724453081913,620.592033772923
297,-2129.0,611.0
298,-2113.0209227505406,596.621326209834
299,-2100.0,587.0
300,-2095.0,584.0
301,-2082.4416436656743,578.7482672429021
302,-2026.8011028867081,567.6588077246669
303,-2018.0,567.0
304,-1970.0,572.0
305,-1934.6041621812144,578.2253747837447
306,-1915.0,582.0
307,-1863.0,593.0
308,-1835.8381905697063,598.0003743495672
309,-1813.0,602.0
310,-1775.0,608.0
311,-1754.849973287735,609.7361793894233
312,-1709.7827627749823,609.9992179706005
313,-1698.0,609.0
314,-1665.3497218334671,603.6463217004263
315,-1648.0,599.0
316,-1600.0,579.0
317,-1575.0110392385195,562.8534690527956
318,-1549.0,539.0
319,-1516.0,497.0
320,-1501.0370782810733,470.7367181488322
321,-1469.0,403.0
322,-1466.8125448811159,398.02065830966376
323,-1448.9106069054724,349.53970247319563
324,-1443.0,330.0
325,-1424.2269715290774,265.89352880185027
326,-1422.0,258.0
327,-1394.299247761835,152.22162936903922
328,-1394.0,151.0
329,-1376.0,76.0
330,-1365.322630392859,32.80570946730945
331,-1357.0,-1.0
332,-1328.3350064849424,-118.33722684470672
333,-1324.0,-136.0
334,-1301.4175957393054,-224.35651421021427
335,-1291.0,-262.0
336,-1279.6604775745932,-303.8438901592854
337,-1268.0,-345.0
338,-1232.0,-457.0
339,-1221.9517666988015,-485.7879784230862
340,-1192.601639072589,-565.4239152903514
341,-1177.0,-606.0
342,-1127.0,-726.0
343,-1121.1044029275824,-738.9422713443784
344,-1048.0,-893.0
345,-1016.0510305602065,-954.2484203464081
346,-995.0,-989.0
347,-931.5330977045596,-1094.5443079302886
348,-930.0,-1097.0
349,-849.6185449616571,-1220.6010062607395
350,-834.0,-1244.0
351,-787.2108565394034,-1311.7455708740101
352,-769.0,-1336.0
353,-585.9117503511573,-1565.3283282925868
354,-573.0,-1581.0
355,-489.0622746555307,-1676.2941495154187
356,-439.0,-1726.0
357,-423.7085568431677,-1741.2578783455199
358,-310.0,-1853.0
359,-239.67440436245772,-1917.0234930679646
360,-207.0,-1946.0
361,-133.42379817596012,-2010.57521414619
362,-96.0,-2043.0
363,0.6776719026770337,-2125.7957715824177
364,127.0,-2233.0
365,206.44407711533307,-2300.11367279518
366,262.0,-2347.0
367,304.88678754534794,-2383.250944030495
368,392.0,-2457.0
369,448.6323891583073,-2505.060878557919
370,517.0,-2563.0
371,686.2488553748012,-2705.858979596295
372,754.0,-2763.0
373,827.0862870062929,-2824.6634295480912
374,889.0,-2877.0
375,955.8670649027999,-2933.540739577208
376,1050.0,-3013.0
377,1185.012315759494,-3126.4073305690445
378,1200.0,-3139.0
379,1282.0,-3208.0
380,1379.9429602495024,-3290.813530514257
381,1529.0,-3417.0
382,1672.8728736005717,-3537.9456242740057
383,1786.0,-3632.0
384,1886.096866109634,-3713.96254704682
385,1980.4092586719971,-3789.6898856242124
386,2051.0,-3845.0
387,2094.5248563655555,-3878.470288882382
388,2209.4113052976245,-3964.387365489023
389,2250.0,-3994.0
390,2390.0,-4094.0
391,2401.3958531374706,-4101.9651164171455
392,2567.3479144410244,-4213.289024211006
393,2570.0,-4215.0
394,2790.0,-4354.0
395,2903.5320198277636,-4423.146335787937
396,2994.0,-4474.0
397,3113.191642605692,-4537.93802909169
398,3211.0,-4588.0
399,3346.0,-4652.0
400,3359.0448515456924,-4657.997024853865
401,3516.0,-4729.0
402,3651.379996618106,-4788.844602321049
403,3654.0,-4790.0
404,3893.307984897799,-4895.389949812864
405,3897.0,-4897.0
406,4020.4455107434496,-4950.15244352991
407,4127.0,-4994.0
408,4140.92566989949,-4999.5857603421755
409,4315.771426919909,-5067.9792348677975
410,4334.0,-5075.0
411,4454.0,-5121.0
412,4596.994434969809,-5176.827888858428
413,4767.645141221992,-5244.267457984441
414,4797.0,-5256.0
415,4875.0,-5287.0
416,4958.717323539603,-5315.849409830579
417,4986.0,-5324.0
418,5078.218951801236,-5343.214597997306
419,5114.0,-5346.0
420,5197.363986334843,-5343.014095824849
421,5244.0,-5338.0
422,5420.0,-5282.0
423,5433.492077181551,-5274.63347551906
424,5554.0,-5203.0
425,5613.004922217251,-5160.194830741166
426,5632.3820550646005,-5132.766440006851
427,5633.0,-5132.0
428,5688.131630762946,-5064.2061667996
429,5689.0,-5063.0
430,5736.0,-4986.0
431,5748.096417555361,-4960.765316278683
432,5787.0,-4832.0
433,5788.300749235944,-4824.968660842722
434,5795.0,-4759.0
435,5789.204653220061,-4631.237189537248
436,5788.0,-4617.0
437,5765.0,-4506.0
438,5763.012615839623,-4499.69540974799
439,5712.0,-4356.0
440,5699.4135702585545,-4328.127744100742
441,5653.0,-4241.0
442,5648.246029175838,-4233.078169732431
443,5605.0,-4167.0
444,5527.0,-4066.0
445,5513.668448733575,-4050.725079804047
446,5461.0,-3996.0
447,5410.0,-3951.0
448,5401.601217597083,-3944.6942865527253
449,5231.242610508621,-3851.3061095740377
450,5218.0,-3846.0
451,5127.755826056933,-3820.571194997874
452,5045.0,-3809.0
453,4868.373244608825,-3791.1036291247983
454,4867.0,-3791.0
455,4771.0,-3784.0
456,4694.575923179736,-3773.5776543202346
457,4651.0,-3766.0
458,4518.718863731706,-3741.834829319103
459,4362.0,-3713.0
460,4290.435506656104,-3701.6873817940614
461,4221.0,-3696.0
462,4171.514188331043,-3691.8760029823115
463,3981.0,-3676.0
464,3919.2055075541975,-3671.0230093546916
465,3817.198764417051,-3663.76512338274
466,3755.0,-3659.0
467,3512.0,-3640.0
468,3446.34223709774,-3634.4987840380722
469,3418.0,-3632.0
470,3344.085481690549,-3626.119563318004
471,3243.0,-3617.0
472,3181.7439496706015,-3610.1667028319252
473,3119.0,-3602.0
474,3039.2386856408066,-3589.3952079586224
475,2961.0,-3573.0
476,2883.447637721132,-3551.623451274262
477,2835.0,-3534.0
478,2659.0145906548632,-3452.630548514201
479,2547.0,-3395.0
480,2456.820646449789,-3344.149175908122
481,2392.452622717857,-3301.402866995175
482,2371.0,-3287.0
483,2221.8932863889045,-3185.3327058256837
484,2220.0,-3184.0
485,2092.0,-3086.0
486,2063.8797381448308,-3060.817083673093
487,1897.8311212836836,-2896.3577327233947
488,1871.0,-2868.0
489,1807.9955464634431,-2791.611632640374
490,1778.0,-2731.0
491,1756.8079830608472,-2686.080041923874
492,1704.4410010001134,-2566.2515048723762
493,1692.0,-2532.0
494,1655.5326635969598,-2409.0201982903945
495,1655.0,-2407.0
496,1640.0,-2346.0
497,1614.3862029386153,-2227.864197897135
498,1614.0,-2226.0
499,1590.9929032463288,-2105.191320075967
500,1582.0,-2021.0
501,1574.5405922517145,-1889.0334123201183
502,1574.0,-1875.0
503,1576.5442699212076,-1776.564020017288
504,1577.0,-1770.0
505,1581.0,-1715.0
506,1585.7663121977525,-1678.858864459677
507,1599.0,-1614.0
508,1603.895274618717,-1595.783621048853
509,1614.0,-1565.0
510,1625.170843664965,-1538.9580861758318
511,1640.0,-1513.0
512,1682.0,-1464.0
513,1689.3351284718792,-1457.1927817824849
514,1742.100550535491,-1427.3018193112514
515,1743.0,-1427.0
516,1828.646426736236,-1404.3123435105977
517,1830.0,-1404.0
518,1879.2593495308224,-1397.2797131154987
519,1896.0,-1398.0
520,1920.073950486607,-1398.0765280164183
521,1995.0,-1399.0
522,2015.248471394279,-1400.4994001019718
523,2059.0,-1405.0
524,2133.0,-1413.0
525,2146.13761988206,-1414.3073096896862
526,2201.0,-1419.0
527,2226.4733925608566,-1420.5579422315923
528,2308.0,-1412.0
529,2330.679098393077,-1405.575599212256
530,2419.0,-1375.0
531,2447.708180492264,-1362.8311948430267
532,2467.0,-1347.0
533,2475.2903242354278,-1340.617858479098
534,2571.0,-1268.0
535,2582.1321904740253,-1258.6795580506066
536,2623.3585814132725,-1220.3666952958242
537,2639.0,-1204.0
538,2649.0,-1193.0
539,2681.3012733981086,-1152.6647399918554
540,2702.0,-1120.0
541,2711.708173655303,-1101.151327741324
542,2729.0,-1059.0
543,2752.317739961816,-973.1209172257112
544,2754.0,-964.0
545,2763.863089670589,-888.1040612270922
546,2769.0,-836.0
547,2773.3253285106102,-790.1388830470898
548,2774.0,-781.0
549,2777.0,-705.0
550,2777.62541853804,-651.1687719140647
551,2777.0,-613.0
552,2769.778048052887,-525.415539784249
553,2768.0,-514.0
554,2742.0,-405.0
555,2729.688333269657,-373.16070944577064
556,2700.0,-317.0
557,2692.9498600510165,-305.0488451483025
558,2654.065754942903,-251.1870107805978
559,2653.0,-250.0
560,2578.1525109832182,-177.62796893908316
561,2532.0,-137.0
562,2483.483312209835,-100.25479025437357
563,2443.0,-81.0
564,2436.7871547561335,-77.93393670350919
565,2379.0,-50.0
566,2343.996332230765,-35.929462036421285
567,2294.0,-23.0
568,2226.464139190176,-13.432493389560493
569,2141.0,-6.0
570,2132.7195459493873,-5.500414216025277
571,2037.413966291638,-8.630066235050517
572,1999.0,-13.0
573,1896.927822634736,-25.23266198687255
574,1845.0,-32.0
575,1786.4299972101308,-40.65795820706798
576,1695.0,-56.0
577,1686.3882827409209,-57.330611988741026
578,1598.953555086615,-70.0581156513435
579,1556.0,-76.0
580,1377.0,-100.0
581,1315.6025180528825,-108.11506026015742
582,1261.229279059693,-115.1892966560725
583,1232.0,-119.0
584,1174.1857686236608,-126.55145674736713
585,1053.0,-143.0
586,952.0,-159.0
587,936.1369887589685,-161.68581809555536
588,772.0,-190.0
589,610.1989423153565,-217.8107096144477
590,457.9233976621019,-242.55505065088704
591,448.0,-244.0
592,334.0,-258.0
593,296.6992137419856,-262.22304464385275
594,189.48729023927967,-263.6436172301595
595,146.0,-257.0
596,-76.0,-204.0
597,-149.60298411112979,-183.6206766213215
598,-192.12566862314674,-162.37290267882258
599,-231.0,-137.0
600,-343.0,-66.0
601,-363.2167963545227,-52.07705706598498
602,-478.0,63.0
603,-602.0,245.0
604,-610.9129994483944,258.672841568667
605,-656.44423354284,332.9928164567995
606,-684.0,383.0
607,-693.7352983745157,399.5370469746397
608,-800.2261128408873,574.493818184176
609,-818.0,604.0
610,-859.0,673.0
611,-896.9423967325276,739.3696061783819
612,-940.0,819.0
613,-951.2840686330408,841.041542267796
614,-989.0,921.0
615,-1021.9352390417414,1002.4678979486171
616,-1062.0,1122.0
617,-1088.773162737638,1228.9026260782896
618,-1089.0,1230.0
619,-1103.0,1307.0
620,-1107.286404792217,1334.4237913906752
621,-1114.0,1389.0
622,-1118.0588185631925,1446.8548235407695
623,-1119.0,1468.0
624,-1120.0,1579.0
625,-1119.9591545346034,1583.8615930807644
626,-1117.079353017082,1630.7003015228943
627,-1115.0,1645.0
628,-1105.0,1706.0
629,-1098.7510030464412,1736.166417012546
630,-1092.0,1759.0
631,-1070.0,1813.0
632,-1063.8108871640097,1824.6068847342813
633,-1023.9531250740076,1877.3301520564517
634,-1009.0,1891.0
635,-983.6694046248108,1909.5227540446804
636,-966.0,1920.0
637,-927.0,1938.0
638,-869.6448557602981,1955.598944754984
639,-860.0,1958.0
640,-778.4424358617355,1971.0168208702926
641,-711.0,1976.0
642,-693.2919728098357,1977.1943792584393
643,-623.0,1982.0
644,-584.8648299900198,1985.3823254007723
645,-553.0,1989.0
646,-507.0,1995.0
647,-472.5199194705551,1999.383923053153
648,-304.0,2019.0
649,-243.08686985950925,2024.5422021676748
650,-149.55742452831257,2029.110973373016
651,-85.80063361274121,2030.966375530481
652,-60.0,2032.0
653,29.289895836762557,2036.7228341247296
654,111.0,2041.0
655,216.96021104260993,2046.0449064857512
656,285.0,2050.0
657,408.297813220781,2059.9758837727663
658,599.0,2084.0
1,688.0,2095.0
2,814.0,2110.0
3,868.5871833442679,2115.8814480419496
4,955.0,2125.0
5,1063.5010813070235,2137.1588846040945
6,1106.0,2142.0
7,1173.773420939728,2149.705794928036
8,1273.0,2161.0
9,1313.7542535815421,2165.6623658283183
10,1500.0,2187.0
11,1599.516227661702,2198.2516268761256
12,1615.0,2200.0
13,1766.066362581368,2217.0829109930223
14,1783.0,2219.0
15,1933.704597035204,2236.087680570719
16,1968.0,2240.0
17,2116.0,2257.0
18,2173.78817787302,2263.593512813447
19,2266.0,2274.0
20,2294.9922773076783,2277.23231142814
21,2401.0,2289.0
22,2491.06872606006,2299.253981797102
23,2576.0,2309.0
24,2813.0,2336.0
25,2832.410274982493,2338.187590713982
26,3135.8033109378084,2371.749560635691
27,3138.0,2372.0
28,3292.067907759791,2389.977623738042
29,3438.1059219875174,2406.792129666171
30,3440.0,2407.0
31,3526.3700021193686,2415.9868444364984
32,3615.0,2424.0
33,3724.723007756141,2433.056247356785
34,3824.0,2442.0
35,3933.0,2457.0
36,3959.393890210272,2462.7672521474983
37,4089.0,2498.0
38,4098.197574996963,2500.744509687398
39,4176.0,2539.0
40,4215.001764503706,2573.375417296294
41,4292.484813236828,2650.781485836178
42,4322.0,2685.0
43,4354.7443251440145,2736.70867228753
44,4365.545303656058,2780.513718430334
45,4370.0,2802.0
46,4388.901160631247,2911.1865490688406
47,4389.0,2912.0
48,4394.0,2974.0
49,4395.388982641399,3005.719172504859
50,4396.0,3035.0
51,4394.77870735541,3149.6751848754843
52,4392.0,3228.0
53,4390.887852310069,3249.0408491120343
54,4376.400919454653,3385.921751147626
55,4375.0,3396.0
56,4364.945661437632,3464.963485600505
57,4351.500484286393,3551.583748479546
58,4343.0,3604.0
59,4336.617974923149,3641.0636810379006
60,4326.0,3695.0
61,4306.0344488888995,3790.571220819914
62,4272.304981229228,3949.509721229182
63,4268.0,3970.0
64,4261.33552500916,4002.9399909296285
65,4242.0,4075.0
66,4198.35254348421,4237.4341974495255
67,4192.0,4261.0
68,4160.230763257579,4377.54901087037
69,4147.118473489897,4422.237111905575
70,4140.0,4447.0
71,4118.25623783345,4523.301638999843
72,4078.0,4647.0
73,4065.9516073286295,4679.43102685361
74,4010.0,4821.0
75,3991.852742156314,4867.231742403536
76,3930.0,4972.0
77,3897.9272232076173,5010.095009386465
78,3788.0,5130.0
79,3747.2411758473,5168.789662440996
80,3626.5255689607156,5234.336997153666
81,3625.0,5235.0
82,3487.0,5292.0
83,3359.071052487216,5333.200036687306
84,3330.0,5342.0
85,3221.645939848798,5375.457925134671
86,3220.0,5376.0
87,2969.0,5464.0
88,2912.925692927496,5484.001667594722
89,2858.560053258468,5503.0239279753905
90,2838.0,5510.0
91,2731.4247877093267,5548.076413591176
92,2716.0,5555.0
93,2574.0,5643.0
94,2532.7838637369196,5676.507102954214
95,2453.547745043695,5755.403080309522
96,2453.0,5756.0
97,2284.0,5981.0
98,2192.0,6193.0
99,2181.1040104736953,6220.439496183383
100,2158.9919601137053,6309.071796878863
101,2157.0,6339.0
102,2145.0,6632.0
103,2144.917322764544,6677.4142872415205
104,2162.758721436166,6805.52338783919
105,2163.0,6807.0
106,2194.646526624476,7012.059071997745
107,2215.0,7144.0
108,2223.4256208966626,7194.707095785969
109,2236.0,7264.0
110,2237.974732266472,7275.609023748661
111,2260.0,7407.0
112,2275.094833071952,7493.21926108818
113,2294.99767336022,7601.725187748043
114,2298.0,7618.0
115,2318.1920333537923,7727.474174239399
116,2327.0,7777.0
117,2349.749705957765,7913.477567169041
118,2350.0,7915.0
119,2374.4824350815006,8067.476331649543
120,2377.0,8085.0
121,2397.0,8248.0
122,2398.3810032405318,8261.168460501967
123,2410.0,8397.0
124,2416.0,8523.0
125,2416.4766135400732,8537.45992551245
126,2419.9930270734535,8791.542859669991
127,2420.0,8793.0
128,2419.0,8985.0
129,2413.069236369618,9239.432269871997
130,2413.0,9242.0
131,2410.0,9322.0
132,2406.3230156653285,9422.77371965798
133,2401.0,9558.0
134,2398.802653257173,9604.372072456024
135,2390.132406443461,9751.671473582015
136,2389.0,9769.0
137,2380.0,9899.0
138,2378.7601996787894,9916.138590005734
139,2360.0,10168.0
140,2357.677716978097,10199.300071843249
141,2346.0,10355.0
142,2337.0693245841157,10464.368428128699
143,2327.0,10584.0
144,2314.1733730296055,10728.212001738984
145,2314.0,10730.0
146,2279.1034102792823,11044.211751000925
147,2279.0,11045.0
148,2261.0333135803103,11158.662277425692
149,2246.0,11236.0
150,2243.0,11253.0
151,2220.450661120137,11338.315706412925
152,2177.0,11463.0
153,2174.110023660051,11470.307236896937
154,2134.0,11548.0
155,2126.977413069469,11559.07820361364
156,2082.4761774104845,11622.41185519144
157,2082.0,11623.0
158,2043.427233246949,11664.955130648465
159,2029.0,11679.0
160,1975.5351520814268,11721.227318503403
161,1967.0,11726.0
162,1891.0,11762.0
163,1841.8018988918043,11778.613551629276
164,1807.0,11774.0
165,1798.3208754536213,11773.26185815002
166,1760.0,11769.0
167,1743.5698334557655,11765.187321459949
168,1698.5632767643647,11748.904314354986
169,1688.0,11744.0
170,1643.0,11717.0
171,1580.1641141282928,11671.242909815268
172,1575.0,11667.0
173,1540.3621174013897,11634.246065175983
174,1525.0,11617.0
175,1476.2264150121432,11554.18867809363
176,1472.0,11548.0
177,1433.0,11482.0
178,1425.9565230137482,11468.436791572634
179,1400.0,11415.0
180,1372.0,11346.0
181,1360.7056803466985,11314.633706498986
182,1308.0,11161.0
183,1271.5116458033526,11046.553679411732
184,1239.0,10939.0
185,1220.6940488162834,10880.299226840161
186,1195.3577438140371,10800.29460086347
187,1187.0,10774.0
188,1164.8091689092478,10704.555620084686
189,1136.4050172310103,10614.296988633294
190,1136.0,10613.0
191,1069.3616163645752,10399.151238782597
192,1069.0,10398.0
193,1036.0,10294.0
194,1023.1168881410209,10252.184709142679
195,995.0,10161.0
196,983.6461781742296,10124.970211703943
197,944.7897230804696,10004.248404742273
198,932.0,9964.0
199,910.8194439947348,9896.483808147688
200,894.0,9843.0
201,866.3161949547185,9757.62361239952
202,852.0,9715.0
203,776.0,9493.0
204,759.8039598551571,9446.388951076697
205,741.0,9393.0
206,700.6206441107299,9277.223136547487
207,642.0,9109.0
208,583.1730592182927,8940.847552452757
209,538.2233527538324,8812.728304765735
210,524.0,8772.0
211,507.8248836607181,8725.418553747366
212,484.0,8657.0
213,456.6166189061311,8579.16078779891
214,446.0,8549.0
215,415.58836932522615,8462.518189295357
216,374.0,8344.0
217,354.8739543220838,8289.357309860425
218,307.0,8152.0
219,245.27251964799203,7974.078201648784
220,226.0,7919.0
221,164.0,7745.0
222,140.7463124847057,7677.509993291689
223,98.5338173563754,7554.527342717488
224,98.0,7553.0
225,30.845203857177772,7364.338205253939
226,16.0,7322.0
227,-45.66035930978758,7143.348563791889
228,-65.0,7087.0
229,-103.0,6977.0
230,-125.11491685137989,6914.421865906895
231,-156.0,6827.0
232,-192.92849596434024,6721.932749606411
233,-286.4514223004169,6454.574109312744
234,-287.0,6453.0
235,-315.9508396490685,6369.478284464552
236,-343.0,6292.0
237,-365.33297523927206,6228.775367237347
238,-391.0,6156.0
239,-425.2337692596757,6057.949471922435
240,-500.71680738319304,5840.8006210753165
241,-501.0,5840.0
242,-524.0,5775.0
243,-544.5473104389587,5715.337310838153
244,-569.0,5644.0
245,-620.5347270273138,5496.7473102248205
246,-684.0,5317.0
247,-713.8237579898328,5232.636919546993
248,-738.3540802460961,5163.390238681813
249,-768.0,5078.0
250,-808.0,4962.0
251,-831.0414055334993,4895.725135939954
252,-937.6750447647444,4590.929270574023
253,-938.0,4590.0
254,-972.5837823417392,4490.863842913599
255,-1002.0,4407.0
256,-1021.6003570052334,4351.668607710548
257,-1079.0,4189.0
258,-1136.4273714193814,4022.745524135941
259,-1166.0,3938.0
260,-1307.6136418679396,3542.8853359656687
261,-1313.0,3528.0
262,-1362.0,3394.0
263,-1383.4979792605477,3335.1619077817677
264,-1506.0,2999.0
265,-1523.8154445351004,2949.0272944551684
266,-1536.0,2915.0
267,-1562.1444625917036,2843.316478555561
268,-1604.0,2729.0
269,-1677.3815210068424,2528.6875055113196
270,-1678.0,2527.0
271,-1753.6229443697468,2321.123268113593
272,-1773.0,2269.0
273,-1802.8883355460716,2189.388449442657
274,-1828.0,2123.0
275,-1891.0,1957.0
276,-1902.5548322399654,1926.3980049650913
277,-1956.0,1782.0
278,-2007.2654687983027,1633.9998945464104
279,-2013.0,1617.0
280,-2037.0,1545.0
281,-2054.467894921181,1492.4372862990758
282,-2088.0,1391.0
283,-2095.3585187783005,1368.4443355762098
284,-2124.0,1278.0
285,-2129.982438573305,1257.8651240756499
286,-2156.6540477403323,1159.3847644810912
287,-2157.0,1158.0
288,-2173.0,1088.0
289,-2181.5323517317624,1038.481146327911
290,-2186.0,1007.0
291,-2192.3059908526325,952.1725681423329
292,-2194.963551525502,895.5684307301675
293,-2195.0,887.0
294,-2193.0,811.0
295,-2190.6232300775187,775.7777358024528
296,-2187.0,755.0
297,-2186.306532968861,751.6401201499274
298,-2176.1855255401,709.3850255605537
299,-2171.0,692.0
300,-2165.4489848014127,675.8505689154308
301,-2159.0,660.0
302,-2144.2297116824084,632.4446375289986
303,-2142.0,629.0
304,-2107.278207390514,592.1924220120635
305,-2107.0,592.0
306,-2083.0,579.0
307,-2057.0,571.0
308,-2044.0708549726246,568.8566521086027
309,-2014.0,568.0
310,-2005.5303503068517,568.5235185898849
311,-1942.0,577.0
312,-1938.5558213936138,577.5726568515988
313,-1885.0,588.0
314,-1851.0910893797607,594.2821717275843
315,-1772.0,608.0
316,-1734.0248889377,612.2346565522564
317,-1705.0,609.0
318,-1690.815560104783,606.7389161030258
319,-1640.0,596.0
320,-1635.4553477789816,594.6252877854013
321,-1590.0,573.0
322,-1555.0,544.0
323,-1548.2184139796195,537.8553465539302
324,-1523.0,507.0
325,-1478.0,426.0
326,-1467.3383974701728,405.2723823909881
327,-1456.0,368.0
328,-1443.470937223451,330.37269978667734
329,-1429.0,285.0
330,-1396.35044816448,159.7876971654858
331,-1390.0,134.0
332,-1381.3502462159063,98.72147549047577
333,-1366.1946766160788,36.385276592457686
334,-1361.0,15.0
335,-1341.0,-67.0
336,-1333.6426328509474,-96.83810781843894
337,-1310.0161366737166,-191.49273476892725
338,-1304.0,-215.0
339,-1284.1520285601964,-289.8369045218759
340,-1253.0,-394.0
341,-1250.3932083046461,-402.0180614719604
342,-1241.0,-430.0
343,-1161.0,-645.0
344,-1153.2274166444297,-664.9180722227461
345,-1110.0,-763.0
346,-1078.6267363979757,-827.7627811294346
347,-1017.5127679382485,-949.0389003219195
348,-1017.0,-950.0
349,-964.0,-1041.0
350,-919.2926743748023,-1115.1162099405315
351,-853.5456522041934,-1216.3530330422714
352,-842.0,-1233.0
353,-757.8586488314091,-1349.8010129260351
354,-724.0,-1396.0
355,-663.3361678629466,-1478.1586952670386
356,-631.3983770741308,-1516.3919606134384
357,-572.0,-1582.0
358,-452.25593069397723,-1711.752055419068
359,-437.0,-1728.0
360,-361.62146409865124,-1805.9799249202663
361,-263.77939966526276,-1895.16894496355
362,-254.0,-1904.0
363,-166.0,-1983.0
364,-86.08173188467484,-2052.5242460694512
365,31.0,-2153.0
366,62.29024517523579,-2179.715430972981
367,176.0,-2275.0
368,228.65081295895214,-2319.2935224071834
369,353.0,-2424.0
370,446.0130559727651,-2502.17932820895
371,515.914765555364,-2561.003777351424
372,556.0,-2595.0
373,641.2154123526078,-2667.370245664454
374,761.0,-2769.0
375,856.7616630363303,-2849.8464114761964
376,980.6278892747897,-2953.718912725808
377,1019.0,-2986.0
378,1073.2134723928982,-3031.961030929424
379,1128.2750764735404,-3078.7097525152085
380,1150.0,-3097.0
381,1269.0,-3197.0
382,1331.7970012270107,-3250.307153027212
383,1395.0,-3304.0
384,1496.0,-3389.0
385,1508.387280503704,-3399.438715241419
386,1700.0,-3561.0
387,1725.8634376308712,-3582.5537093262756
388,1866.823452559667,-3698.620376160574
389,1908.0,-3732.0
390,1969.9129297411178,-3781.62530861033
391,2047.0,-3842.0
392,2102.003240413226,-3884.028185088806
393,2244.0,-3990.0
394,2290.8679489486817,-4024.4192858814426
395,2482.0,-4156.0
396,2559.7107845896344,-4207.010815903765
397,2698.0,-4297.0
398,2795.6742207387833,-4359.644228002931
399,2852.0,-4392.0
400,2920.036904846538,-4431.317025621736
401,3062.0,-4511.0
402,3177.0978653764423,-4571.015120626824
403,3193.0,-4579.0
404,3263.0,-4613.0
405,3290.4094346088136,-4625.992906008886
406,3484.0,-4715.0
407,3514.5432913867653,-4728.667402382419
408,3690.0,-4806.0
409,3731.191248287956,-4824.18363836451
410,3927.3317265063592,-4910.513884824895
411,3975.0,-4931.0
412,4318.850300492512,-5068.553174633161
413,4320.0,-5069.0
414,4465.0,-5126.0
415,4538.354289545572,-5155.173195183274
416,4780.0,-5250.0
417,4794.826210534932,-5255.594014577599
418,5041.0,-5337.0
419,5049.942930880715,-5339.036770624954
420,5164.22330588567,-5349.780106639155
421,5238.0,-5339.0
422,5322.0596601594325,-5319.2323926387735
423,5323.0,-5319.0
424,5451.0,-5267.0
425,5552.0,-5204.0
426,5627.151747439327,-5154.262170901411
427,5639.631913724909,-5138.164752774609
428,5656.0,-5106.0
429,5715.700543408679,-5021.579233408737
430,5727.0,-5003.0
431,5751.0,-4954.0
432,5763.764035704751,-4923.103546810877
433,5779.0,-4868.0
434,5791.8984316503365,-4697.488203177252
435,5793.0,-4661.0
436,5792.922623657432,-4595.643132542954
437,5763.0,-4495.0
438,5758.992906297308,-4482.018320482268
439,5754.0,-4466.0
440,5727.95987748448,-4391.544230024909
441,5700.200264588406,-4330.417919500411
442,5700.0,-4330.0
443,5660.6736422748545,-4255.116383415498
444,5660.0,-4254.0
445,5570.30782456929,-4123.048678876845
446,5536.0,-4077.0
447,5474.951151145961,-4006.873028290487
448,5446.0,-3982.0
449,5353.918455712729,-3911.2788539832145
450,5290.0,-3875.0
451,5267.956649182949,-3865.121319383321
452,5171.0,-3833.0
453,5099.038352571371,-3817.4906161744
454,5046.0,-3809.0
455,4962.456282379904,-3798.4013374215997
456,4856.0,-3789.0
457,4772.0,-3783.0
458,4734.7865934252695,-3779.3016148740617
459,4528.0,-3740.0
460,4460.962898555497,-3727.4668236218204
461,4355.500846730432,-3712.0565093621867
462,4331.0,-3709.0
463,4253.420444287183,-3700.1302451755987
464,4224.0,-3697.0
465,4122.0,-3687.0
466,4006.2552467276646,-3678.067763264932
467,3992.0,-3677.0
468,3838.0,-3665.0
469,3773.2530186714766,-3660.066862791903
470,3585.8577779846,-3646.0490491765763
471,3496.0,-3639.0
472,3448.307683224094,-3635.104075571809
473,3329.8071849392877,-3624.8330673192827
474,3255.0,-3618.0
475,3160.723592654825,-3608.4209024623915
476,3117.0,-3602.0
477,2874.0,-3548.0
478,2861.0627653273873,-3543.802982362886
479,2721.0,-3487.0
480,2639.7546629005237,-3445.7529907042695
481,2612.0,-3431.0
482,2439.0,-3331.0
483,2422.1724613832766,-3320.1197927447106
484,2230.0,-3191.0
485,2169.193724725666,-3151.4096048391148
486,2110.271331372866,-3104.5737101604554
487,2084.0,-3080.0
488,1935.0027502331234,-2936.6852817768645
489,1901.0,-2904.0
490,1820.1042360701686,-2827.9120039174263
491,1798.0999076394676,-2791.8339373037556
492,1759.0,-2695.0
493,1719.7568484579458,-2597.09972807302
494,1680.0,-2496.0
495,1644.2995322680101,-2370.9985536253903
496,1641.0,-2352.0
497,1606.876229366398,-2179.9954558353975
498,1595.0,-2119.0
499,1592.0666605553313,-2093.5810912128254
500,1592.0,-2093.0
501,1581.0,-2004.0
502,1576.6984610990376,-1956.7454120455648
503,1575.0,-1929.0
504,1574.0,-1827.0
505,1574.2120465680844,-1820.250016165801
506,1577.0,-1771.0
507,1578.628553421317,-1750.3216935671169
508,1587.9516639832812,-1667.3165603054706
509,1588.0,-1667.0
510,1599.0,-1615.0
511,1603.9250869692391,-1599.2731401638123
512,1630.7117594590359,-1527.6910559749313
513,1631.0,-1527.0
514,1650.675065060612,-1491.1850065396743
515,1668.0,-1477.0
516,1686.8447779314333,-1462.0887608015937
517,1727.0,-1435.0
518,1759.5587266866064,-1420.9385204120413
519,1814.0,-1407.0
520,1819.5730012639533,-1405.943320824837
521,1870.801424571749,-1399.04433953289
522,1885.0,-1398.0
523,1950.0,-1397.0
524,1971.4505508950972,-1397.6623858828355
525,2032.4566293819767,-1401.6030623419788
526,2048.0,-1403.0
527,2109.0,-1410.0
528,2142.9859653032454,-1414.3627053048463
529,2201.0,-1418.0
530,2276.9921159739874,-1413.73171197615
531,2318.0,-1410.0
532,2347.7767060209467,-1406.8080545376224
533,2391.1711686542953,-1396.1354331078562
534,2450.0,-1358.0
535,2540.0684872776,-1292.792853335642
536,2553.0,-1283.0
537,2622.3810126458025,-1224.7565120435006
538,2657.0,-1183.0
539,2661.626268387762,-1177.3701870386421
540,2684.5192714585437,-1147.8040154152825
541,2693.0,-1134.0
542,2708.6386082811614,-1105.5757241096344
543,2727.0,-1066.0
544,2731.6999341964784,-1053.4319571693911
545,2745.0,-1003.0
546,2757.016366179464,-927.1176565160881
547,2770.0,-819.0
548,2773.7421397936278,-777.035238594009
549,2774.0,-772.0
550,2778.0,-648.0
551,2777.708675509765,-630.529438024204
552,2773.0,-557.0
553,2767.854590105778,-515.7626459165872
554,2756.0,-451.0
555,2745.863874610212,-414.6213546140525
556,2714.0,-341.0
557,2710.1692931864764,-334.0227552429092
558,2672.0,-275.0
559,2653.791926025093,-251.58101862580412
560,2634.0,-229.0
561,2602.1362081388734,-196.63478504952525
562,2558.0,-158.0
563,2551.907925974309,-153.13735137615905
564,2452.0,-86.0
565,2410.72314856104,-65.48700343632248
566,2292.73468293763,-23.844418406222708
567,2278.0,-20.0
568,2241.7106081018183,-12.628716366715285
569,2189.0,-8.0
570,2172.9005325838352,-7.244875150964268
571,2060.0,-8.0
572,2032.5737898176749,-10.026199245979939
573,1871.8196121415524,-28.580847695796948
574,1838.0,-33.0
575,1804.6357753187058,-37.83330041819683
576,1768.0,-44.0
577,1668.775535199631,-59.337557591480994
578,1597.0,-70.0
579,1393.2793910421078,-98.22691873614404
580,1365.0,-102.0
581,1303.532397252311,-110.01918474275064
582,1239.5566261356528,-117.77154662566129
583,1190.0,-124.0
584,1127.1410031178323,-132.08478554733995
585,1085.0,-138.0
586,1010.0,-150.0
587,922.5652545778375,-164.28909928726708
588,883.0,-171.0
589,794.7147347032518,-186.8678269199371
590,727.0,-199.0
591,633.2880955692048,-214.92779357379368
592,582.0,-224.0
593,467.51911522728216,-244.53032613289645
594,407.0,-250.0
595,214.93387561936933,-260.1490917981101
596,192.0,-261.0
597,94.10233752907781,-260.1352164504763
598,58.0,-243.0
599,-18.956856509987126,-217.99857953716747
600,-139.9881196931881,-177.90271934226612
601,-183.0,-160.0
602,-292.4307752796427,-101.36106611333503
603,-293.0,-101.0
604,-338.0,-70.0
605,-508.06729623237607,106.23828075502087
606,-544.0,154.0
607,-573.7991155492593,197.74832149999796
608,-634.0,298.0
609,-640.1259503265037,308.32791559493455
610,-715.0,434.0
611,-768.7551197792038,522.762828733488
612,-855.0,667.0
613,-862.6143670091757,680.217172531149
614,-935.4402679525388,813.4471882788591
615,-989.1099723336405,922.4415534628364
616,-994.0,933.0
617,-1044.0,1062.0
618,-1061.992376816522,1126.1617758193506
619,-1102.761415107769,1302.7694221671309
620,-1103.0,1304.0
621,-1119.9066079715863,1475.4861909939086
622,-1120.0,1484.0
623,-1119.3601159328186,1555.6810641418783
624,-1117.0,1627.0
625,-1115.0,1651.0
626,-1114.4854446364625,1654.2209985729812
627,-1108.0,1688.0
628,-1101.6338898267315,1719.934801938816
629,-1095.0,1748.0
630,-1087.4446369008942,1772.899353425985
631,-1064.0,1825.0
632,-1039.0914094672396,1860.1771816070543
633,-1012.0,1888.0
634,-992.0,1904.0
635,-980.9374356720873,1911.3613892352732
636,-933.0,1936.0
637,-913.6074956506382,1943.357385962035
638,-857.0,1958.0
639,-794.8710227107348,1968.4010940652313
640,-744.0,1974.0
641,-727.9343000868022,1975.2953937668685
642,-667.0,1979.0
643,-640.5317233173645,1980.6938698051845
644,-587.0,1985.0
645,-543.1856663385395,1990.8902937114976
646,-457.0,2003.0
647,-423.04363448157636,2006.8751508443852
648,-308.0,2019.0
649,-210.11986800138615,2025.9985335056394
650,-173.0,2027.0
651,-113.32455384655496,2029.561032843057
652,-42.0,2033.0
653,0.6136895558911171,2035.150271744703
654,94.0,2040.0
655,279.56994866810055,2049.944596632515
656,296.0,2051.0
657,413.84911951496457,2060.2777841051006
658,530.2352632541621,2074.868379108558
1,856.0,2114.0
2,862.9863246304313,2114.9482331605127
3,957.0,2126.0
4,1005.5439009132917,2131.40875029762
5,1092.0,2141.0
6,1179.5979282910753,2150.8972810813375
7,1298.3423511712524,2164.4827943994746
8,1356.0,2171.0
9,1485.7124785291023,2185.38832808493
10,1554.0,2193.0
11,1740.2918102273654,2214.199284686315
12,1756.0,2216.0
13,1843.0,2226.0
14,1982.0,2242.0
15,2029.9081778440734,2247.4031848674595
16,2233.373551288751,2269.6107055391035
17,2264.0,2273.0
18,2352.0725598837694,2282.887928797976
19,2414.0,2290.0
20,2550.0,2306.0
21,2563.666809543516,2307.593081301609
22,2672.0,2320.0
23,2777.949232698401,2331.676590777623
24,2872.0,2342.0
25,2996.0,2356.0
26,3024.987789601685,2359.345138198637
27,3180.756555437846,2377.7314284565873
28,3183.0,2378.0
29,3332.7073254649054,2395.720033802412
30,3402.0,2403.0
31,3592.011853613959,2421.551295471091
32,3618.0,2424.0
33,3729.1782075728765,2432.6358366784657
34,3746.0,2434.0
35,3841.9471804528407,2443.724695316693
36,3844.0,2444.0
37,4036.8046154117696,2482.4276111023473
38,4072.0,2492.0
39,4173.93155639269,2535.59306513548
40,4209.0,2561.0
41,4233.175201797032,2580.5789992745413
42,4266.0,2611.0
43,4311.0,2667.0
44,4315.498799965172,2674.0565521767217
45,4350.0,2743.0
46,4367.346317346697,2793.9941279485415
47,4383.0,2866.0
48,4394.032979500473,2973.43438631495
49,4395.0,2993.0
50,4380.0,3355.0
51,4378.35204522433,3370.0066691833845
52,4368.0,3446.0
53,4337.0,3636.0
54,4335.070845293231,3647.471380675894
55,4316.0,3747.0
56,4301.648563033404,3815.9097378410506
57,4272.0,3952.0
58,4240.0714004368265,4080.721174961237
59,4218.0,4165.0
60,4202.776500897549,4222.81026246114
61,4185.771063604656,4285.359065254738
62,4165.0,4359.0
63,4135.048995959615,4464.237042450781
64,4107.0,4559.0
65,4062.677787131941,4693.401878254977
66,4021.556633626312,4794.770818861048
67,4021.0,4796.0
68,3973.6949577658033,4890.158212657578
69,3894.2199605719893,5016.25584982876
70,3857.0,5065.0
71,3835.424188203025,5089.410743932625
72,3767.0,5147.0
73,3725.1377623545413,5176.4266489315605
74,3674.0,5209.0
75,3574.3250822967325,5259.132380184421
76,3467.077655681135,5299.545862918877
77,3451.0,5305.0
78,3320.954992944917,5345.008043567189
79,3270.0,5361.0
80,3148.6092328983787,5401.746785264119
81,3006.6477596796376,5451.4228430352405
82,2963.0,5466.0
83,2866.833970619232,5494.335073747484
84,2784.0,5529.0
85,2698.913889173109,5570.47777663104
86,2581.0,5637.0
87,2520.391843913398,5680.600008205127
88,2409.87677895689,5799.779957407144
89,2338.0,5899.0
90,2292.815200319615,5963.443046408605
91,2221.0,6114.0
92,2195.3893921671497,6195.944639476018
93,2154.0,6352.0
94,2150.1171992776817,6368.723638698182
95,2134.8320948177106,6477.872532846273
96,2141.0,6564.0
97,2154.2733896383907,6731.3744592767425
98,2158.0,6764.0
99,2164.0,6809.0
100,2182.8597420223205,6941.117299438904
101,2194.0,7014.0
102,2204.8435822812207,7080.941617865553
103,2224.0,7195.0
104,2262.0,7422.0
105,2264.952978970073,7439.355615655057
106,2302.1218513557164,7644.408375581244
107,2309.0,7682.0
108,2321.942609257647,7753.715570813038
109,2339.0,7851.0
110,2349.216848574237,7911.905126395625
111,2362.0,7991.0
112,2381.0,8116.0
113,2391.3456745304784,8194.832587010693
114,2407.0,8353.0
115,2409.0,8384.0
116,2410.6732407944387,8412.995054822066
117,2417.126198228344,8572.44303991717
118,2418.0,8608.0
119,2420.0,8834.0
120,2419.9617472413825,8848.084622783908
121,2418.285913883149,8994.205898113205
122,2418.0,9012.0
123,2416.0,9141.0
124,2415.9484729080677,9149.95823516465
125,2415.0,9231.0
126,2402.7697758063764,9509.0253869109
127,2400.0,9569.0
128,2393.8598383331705,9690.583211033634
129,2391.0,9732.0
130,2381.6553930265054,9868.958503652982
131,2374.0,9978.0
132,2369.3815519903897,10041.277026262962
133,2368.0,10060.0
134,2357.133341909785,10205.679325617903
135,2352.0,10274.0
136,2342.0,10405.0
137,2334.053278643316,10501.538378167937
138,2331.0,10537.0
139,2307.2215062296395,10795.583690744557
140,2307.0,10798.0
141,2298.0,10893.0
142,2294.685667067856,10922.676252174566
143,2281.0,11028.0
144,2275.99850916354,11064.701492087886
145,2259.0,11172.0
146,2251.4406167026773,11209.086396336437
147,2218.3398877175837,11343.736375118331
148,2208.0,11379.0
149,2156.861000188933,11504.289858606378
150,2154.0,11510.0
151,2136.0309665293075,11544.04630172856
152,2108.0,11587.0
153,2086.1960136529324,11614.82100786062
154,2034.612210238272,11672.609410030316
155,2025.0,11682.0
156,1989.0,11711.0
157,1950.0,11736.0
158,1918.7556555699648,11752.759185258947
159,1886.0,11763.0
160,1791.9578253162679,11772.310018453472
161,1772.0,11772.0
162,1742.548485510293,11767.000712585384
163,1720.0,11758.0
164,1665.6347940044323,11732.373666305954
165,1665.0,11732.0
166,1559.0,11653.0
167,1549.9083104204133,11645.153044510818
168,1501.0,11588.0
169,1494.5510846363136,11578.98929220777
170,1459.0,11527.0
171,1420.1704647627876,11458.343345297795
172,1420.0,11458.0
173,1393.5985783358963,11399.85141531179
174,1384.0,11377.0
175,1369.9879778636466,11342.26187428712
176,1332.4124457877851,11237.398745860584
177,1329.0,11227.0
178,1299.0,11132.0
179,1283.2257898812165,11081.493714278284
180,1279.0,11068.0
181,1231.670743847788,10917.13523304957
182,1231.0,10915.0
183,1196.0,10804.0
184,1190.9278770328792,10787.808514360491
185,1161.0,10692.0
186,1144.750200531708,10639.810033333497
187,1090.0,10464.0
188,1082.0869257650993,10438.757941850006
189,1018.3893466138151,10237.229200518266
190,1018.0,10236.0
191,987.3254264981025,10139.152388874681
192,950.5423002959672,10022.718985273143
193,935.0,9973.0
194,922.1821233219689,9931.552289631083
195,892.0,9836.0
196,870.8266374936794,9772.18257020139
197,852.0,9716.0
198,826.3395252495598,9639.748862062825
199,791.8569990718985,9538.247434233192
200,777.0,9495.0
201,739.2433222540741,9386.000750917405
202,710.0,9302.0
203,658.8851263943328,9155.55467518199
204,469.76475805386815,8617.240287587754
205,451.0,8564.0
206,424.05629608143397,8487.650633694015
207,399.1511665023244,8416.955927885418
208,354.0,8288.0
209,307.96499528954917,8156.286476062896
210,266.0,8036.0
211,252.9215474395375,7998.320966465824
212,235.0,7946.0
213,226.12365847617147,7920.575570523504
214,113.0,7598.0
215,108.27892179205541,7584.523793601884
216,65.0,7460.0
217,48.68276934713893,7412.603960644557
218,-7.321127895626671,7250.345199403199
219,-26.0,7197.0
220,-55.15145164223765,7114.407563244635
221,-56.0,7112.0
222,-97.0,6995.0
223,-117.57943365169848,6936.259668595964
224,-196.2472001900442,6711.568060426687
225,-202.0,6695.0
226,-246.0,6568.0
227,-324.0,6345.0
228,-331.0695271444046,6324.838765804258
229,-381.57446221837614,6181.771046822673
230,-406.0,6112.0
231,-419.1736404148612,6074.048958655698
232,-465.0,5942.0
233,-475.4483818095629,5912.13776907875
234,-521.1009977478326,5782.548491523059
235,-522.0,5780.0
236,-559.0,5675.0
237,-617.7705226951541,5506.321258202456
238,-670.0,5356.0
239,-675.1118703250297,5341.362792841411
240,-738.0,5162.0
241,-778.4871376186225,5046.314641909091
242,-802.0,4979.0
243,-845.3853210999496,4854.5363576435175
244,-883.0,4747.0
245,-926.7069192246745,4622.693864612927
246,-997.0,4423.0
247,-1003.1351374982855,4405.515493500774
248,-1081.2991912557839,4181.4920228613755
249,-1108.0,4105.0
250,-1146.4644691568483,3995.1825519781632
251,-1202.76074386043,3835.573864125389
252,-1214.0,3804.0
253,-1305.3742023230698,3551.063366164318
254,-1317.0,3519.0
255,-1352.9357012167561,3419.8725828173965
256,-1366.0,3384.0
257,-1415.0,3250.0
258,-1426.04761836439,3219.4226733812757
259,-1500.0,3013.0
260,-1518.0767842906344,2963.422944890554
261,-1599.0,2743.0
262,-1635.8150862728228,2642.9630569939272
263,-1661.0,2574.0
264,-1682.2153551268784,2515.586188918217
265,-1729.0,2387.0
266,-1771.4906793931787,2271.545933425637
267,-1796.0,2206.0
268,-1870.0,2012.0
269,-1883.222394400771,1977.0616653483198
270,-1933.0,1844.0
271,-1974.0,1730.0
272,-2008.865730435786,1628.710173988492
273,-2044.0,1524.0
274,-2056.703209572861,1485.65874915926
275,-2093.0,1375.0
276,-2128.0,1265.0
277,-2131.0942066381695,1254.1381102730868
278,-2166.0,1120.0
279,-2177.3580927519415,1067.202615108498
280,-2179.0,1055.0
281,-2194.4887668135943,896.3087223553578
282,-2195.0,889.0
283,-2195.0,840.0
284,-2192.867436121297,811.0772216427786
285,-2189.0,772.0
286,-2184.0,741.0
287,-2182.1854377108984,732.6158610547556
288,-2163.0512085284417,670.1329837689763
289,-2157.0,655.0
290,-2151.313570258897,642.5107013544773
291,-2138.0,623.0
292,-2130.8971530381855,615.3183573536521
293,-2100.0,587.0
294,-2074.13174528393,572.9906645065718
295,-2058.0,571.0
296,-2021.0,567.0
297,-2017.279302152454,566.9022364317833
298,-1973.0,571.0
299,-1951.7050102210305,574.4653793212627
300,-1938.0,577.0
301,-1915.3646850864056,581.7063894155983
302,-1887.0,588.0
303,-1848.4732935038542,596.2145052222784
304,-1828.0,600.0
305,-1786.5649242314903,605.9353949768952
306,-1786.0,606.0
307,-1719.0,610.0
308,-1713.6244260828335,609.7663105872472
309,-1648.0,599.0
310,-1630.847706271993,594.6017261922761
311,-1593.3031974476007,575.2285374138252
312,-1593.0,575.0
313,-1531.0,519.0
314,-1493.9764318771308,473.22562835277483
315,-1480.9489789866602,433.201104268196
316,-1479.0,428.0
317,-1462.0,384.0
318,-1460.0939668423134,378.84664928287145
319,-1444.1904945700837,332.59104795436065
320,-1444.0,332.0
321,-1422.543704942538,259.65817688111736
322,-1419.0,247.0
323,-1403.0,187.0
324,-1384.499114454585,111.37167816503766
325,-1374.0,68.0
326,-1364.0948810647003,27.57685781308193
327,-1350.9663918670167,-25.715948464436313
328,-1349.0,-34.0
329,-1337.0,-85.0
330,-1328.1178326534973,-122.71257080401463
331,-1305.0,-212.0
332,-1292.1350803996172,-258.07800225801134
333,-1261.0,-367.0
334,-1223.045785287069,-487.1536126147533
335,-1199.0,-548.0
336,-1169.8947675411064,-622.283758051877
337,-1151.0,-669.0
338,-1116.0,-750.0
339,-1097.3829361369105,-791.1427547129749
340,-1071.0,-847.0
341,-1031.0632127264732,-925.1391079868041
342,-1018.0,-949.0
343,-938.634338026553,-1081.9636225051727
344,-938.0,-1083.0
345,-877.0,-1181.0
346,-849.6721102293843,-1222.3533610613817
347,-815.0,-1272.0
348,-675.4284943897353,-1457.2813873823932
349,-665.0,-1471.0
350,-502.7391329099257,-1659.2024659378967
351,-501.0,-1661.0
352,-381.0,-1784.0
353,-204.08548496466943,-1951.9931861762657
354,-146.63145793605548,-2000.4241706841824
355,-133.0,-2012.0
356,-86.86419917900174,-2051.524861057426
357,-42.0,-2090.0
358,43.55899335147805,-2163.0056749779965
359,131.0,-2237.0
360,282.81612770108455,-2363.9998451321735
361,284.0,-2365.0
362,391.0,-2456.0
363,402.3443361529322,-2465.604316605962
364,487.0,-2537.0
365,618.6530030648047,-2648.7806339390336
366,632.0,-2660.0
367,705.0,-2721.0
368,816.0,-2815.0
369,914.0628224523086,-2897.9672677561393
370,1040.0,-3004.0
371,1140.0,-3088.0
372,1163.6463892274942,-3108.0017871557643
373,1264.4384498614445,-3193.6813575038536
374,1279.0,-3206.0
375,1372.0372349907107,-3284.3475979088544
376,1374.0,-3286.0
377,1493.9434879488956,-3387.1471246741285
378,1508.0,-3399.0
379,1594.7049181490315,-3472.0532462778847
380,1701.0,-3561.0
381,1750.8552735603726,-3602.2716077857563
382,1833.0,-3670.0
383,1890.0,-3717.0
384,1915.6258893469665,-3737.865417362072
385,2010.0,-3813.0
386,2047.2866932259271,-3842.1788568375478
387,2180.535373827363,-3943.944330554467
388,2242.0,-3989.0
389,2303.2105449840983,-4032.865006924447
390,2440.0,-4128.0
391,2572.9818377623897,-4216.804568107728
392,2753.921203830957,-4332.281068162386
393,2768.0,-4341.0
394,2896.0,-4417.0
395,2993.363059377655,-4472.801007177489
396,3141.0,-4553.0
397,3268.0,-4615.0
398,3312.064351243834,-4635.949791305709
399,3396.0,-4675.0
400,3562.6926654133777,-4750.000744804605
401,3750.3558564806476,-4833.271984307219
402,3752.0,-4834.0
403,3883.0,-4891.0
404,3894.3748642898663,-4895.858898501231
405,4113.915236502939,-4988.618763448054
406,4152.0,-5004.0
407,4268.0,-5049.0
408,4282.740223810593,-5054.684681967489
409,4414.346971935551,-5105.796711050179
410,4461.0,-5124.0
411,4634.0,-5192.0
412,4687.474410035152,-5213.265708151937
413,4865.0,-5283.0
414,4987.159629068755,-5325.701031290557
415,5109.8784915057995,-5344.98521628454
416,5111.0,-5345.0
417,5256.923764305606,-5329.825086756841
418,5334.966393483736,-5314.023727019622
419,5348.0,-5311.0
420,5382.012617314287,-5298.690463574849
421,5388.0,-5296.0
422,5501.0,-5239.0
423,5532.331814137271,-5217.180170684741
424,5636.868735664271,-5125.020325999422
425,5662.0,-5099.0
426,5709.78071196292,-5037.683412357371
427,5740.0,-4979.0
428,5742.661103370663,-4973.269723024664
429,5784.698785790565,-4844.917229185251
430,5785.0,-4843.0
431,5796.0,-4717.0
432,5797.049387964511,-4668.337293968595
433,5782.0,-4578.0
434,5773.430658015019,-4541.668265754172
435,5754.0,-4467.0
436,5727.78825220879,-4391.282003090084
437,5715.0,-4362.0
438,5695.0,-4320.0
439,5663.791710290659,-4258.531340970985
440,5621.0,-4191.0
441,5596.424639929011,-4157.3876693571265
442,5495.0,-4031.0
443,5454.108714637877,-3985.3489803661096
444,5417.636000853407,-3954.201108676303
445,5378.0,-3926.0
446,5310.0,-3884.0
447,5270.827290054991,-3867.4509843189808
448,5077.0,-3814.0
449,5054.718562116033,-3809.288594441675
450,4945.0,-3797.0
451,4890.051324113783,-3793.016418147195
452,4798.0,-3786.0
453,4760.009774933609,-3782.7177200478604
454,4734.0,-3780.0
455,4645.30743414781,-3764.860958017661
456,4503.0,-3736.0
457,4462.400629175145,-3729.2590174536062
458,4331.0,-3709.0
459,4301.363208678295,-3704.7031759472256
460,4196.0,-3694.0
461,4162.63466380261,-3691.18920824807
462,4030.0,-3680.0
463,3931.821032502558,-3672.327226398307
464,3861.0,-3667.0
465,3793.4578970124176,-3661.969600990193
466,3690.0,-3654.0
467,3608.7943334486326,-3647.2632066920005
468,3531.0,-3641.0
469,3473.0,-3637.0
470,3394.902132471764,-3631.1454023651067
471,3284.0,-3621.0
472,3126.3090376420882,-3602.3429732197415
473,2991.0,-3580.0
474,2867.122323754627,-3546.2076932349364
475,2781.0883643331263,-3513.4416205984417
476,2780.0,-3513.0
477,2660.868292880791,-3458.8331564311966
478,2600.0,-3425.0
479,2371.9880228862025,-3288.217186552837
480,2370.0,-3287.0
481,2285.393959578554,-3233.858308176446
482,2243.0,-3201.0
483,2184.5884741107666,-3158.2483007903957
484,2143.0,-3127.0
485,2025.0,-3029.0
486,1971.0336575758718,-2978.4568562588192
487,1937.0,-2944.0
488,1850.2595894914903,-2842.2757384332504
489,1822.0,-2802.0
490,1757.0,-2690.0
491,1751.0416842022753,-2678.136973865025
492,1689.0,-2525.0
493,1658.9891545087671,-2425.0736971965043
494,1620.0,-2257.0
495,1601.3992966509636,-2157.6677902062584
496,1597.0,-2132.0
497,1581.0,-2004.0
498,1576.6367598285917,-1947.5800117076658
499,1574.0,-1900.0
500,1573.449909841419,-1863.2494366234232
501,1574.0,-1834.0
502,1579.0,-1736.0
503,1581.868593819352,-1708.1616677926813
504,1586.0,-1680.0
505,1602.8863866904749,-1603.0206612607012
506,1618.0,-1554.0
507,1624.3359652545064,-1538.0598839976587
508,1648.1066150846013,-1498.6976537800892
509,1665.0,-1480.0
510,1701.0,-1449.0
511,1705.8028386417177,-1445.8936050364364
512,1759.0,-1421.0
513,1783.8375041415625,-1413.4914936347207
514,1805.0,-1409.0
515,1827.8343699316238,-1405.1609471620047
516,1860.0,-1401.0
517,1878.4015179979626,-1399.2080780974763
518,1942.6127901623204,-1396.4886600260356
519,1963.0,-1397.0
520,2017.0,-1401.0
521,2037.2736116936435,-1402.815464949432
522,2081.0,-1407.0
523,2170.0,-1416.0
524,2200.008310566422,-1418.2031672936448
525,2233.0,-1419.0
526,2284.528291970069,-1415.546020107287
527,2320.0,-1410.0
528,2419.739780924408,-1374.6500746710842
529,2427.0,-1371.0
530,2472.1879801383557,-1344.8392113354607
531,2497.0,-1327.0
532,2545.692251827882,-1287.7023580712723
533,2614.0,-1229.0
534,2645.073984947359,-1202.1622648056582
535,2660.0,-1180.0
536,2679.523103843208,-1148.2938854567697
537,2728.0,-1062.0
538,2746.349597738322,-1013.8445159014882
539,2754.9123577998553,-958.8736807531229
540,2756.0,-951.0
541,2764.8227147193097,-881.6174019470513
542,2765.0,-880.0
543,2772.0,-799.0
544,2774.150764385512,-764.4854950632837
545,2776.0,-728.0
546,2777.8263382281725,-629.6728972551944
547,2776.0,-593.0
548,2772.705504484097,-554.8059595194773
549,2768.0,-516.0
550,2759.499680804885,-468.71848416547704
551,2745.0,-418.0
552,2737.15842135037,-396.56450592039783
553,2714.0,-344.0
554,2694.8553163043184,-308.46624902300454
555,2678.0,-284.0
556,2601.151278243035,-198.5590810076076
557,2570.0,-167.0
558,2530.650715562271,-133.08542393970652
559,2499.0,-114.0
560,2464.0,-93.0
561,2375.38563467763,-52.09067782928079
562,2312.0,-28.0
563,2296.3733828436502,-22.645821028353
564,2235.7727506267884,-10.314097961932728
565,2199.0,-9.0
566,2129.847142435301,-7.6398898277583775
567,2036.0,-10.0
568,1966.0,-17.0
569,1946.7154251103075,-19.171548342195923
570,1874.0,-28.0
571,1726.0,-51.0
572,1715.2047664470613,-52.67756534925424
573,1620.0,-67.0
574,1597.8532735159222,-70.22370205263758
575,1514.0,-82.0
576,1477.0090598550066,-86.95660944315304
577,1345.0,-104.0
578,1322.967566495266,-106.8351257032107
579,1198.8967088748498,-122.88330044511234
580,1175.0,-126.0
581,1101.8900602367776,-135.61749258204517
582,1064.0,-141.0
583,938.0,-162.0
584,883.0639399703618,-171.56748280579956
585,686.0,-206.0
586,670.8206777527171,-208.64199944196537
587,561.075897378475,-227.43128182777622
588,480.0,-240.0
589,344.0,-257.0
590,288.9557658520547,-259.2378000686358
591,116.0,-254.0
592,-35.49628622177347,-222.28065818561754
593,-141.0,-179.0
594,-173.81183036414058,-164.87141800846612
595,-280.0,-109.0
596,-289.36482599517603,-103.02671685535053
597,-360.0,-53.0
598,-382.02276032231975,-34.36417479930044
599,-497.5010147183734,87.38028123790932
600,-498.0,88.0
601,-599.5736134726424,239.30602084011412
602,-600.0,240.0
603,-671.9489284670542,359.33399378599836
604,-756.0,501.0
605,-763.8601024359043,514.203616008389
606,-894.0,734.0
607,-899.463051486427,743.5980951686847
608,-950.6210314296391,838.002481217618
609,-981.0,903.0
610,-1002.5610131426401,953.2855252223894
611,-1024.0,1007.0
612,-1062.377926482905,1122.6086347454875
613,-1069.0,1146.0
614,-1100.0,1286.0
615,-1107.7556915856335,1343.0727589701983
616,-1118.0,1449.0
617,-1121.1776778781507,1507.8624923386317
618,-1118.8914028195509,1588.0205031126454
619,-1117.0,1620.0
620,-1115.6705583641133,1645.1125357858828
621,-1113.0,1668.0
622,-1109.6948220467045,1686.084543613837
623,-1103.0,1716.0
624,-1096.6969500644504,1740.6358336035792
625,-1081.0,1790.0
626,-1072.932229935584,1808.2211738406954
627,-1049.0,1848.0
628,-1045.2546293080563,1852.9982275137816
629,-1008.0,1892.0
630,-974.2973409409624,1915.6329597097574
631,-921.0,1941.0
632,-893.569397644799,1950.1108525106688
633,-861.0,1958.0
634,-736.6581503196758,1974.2121789719497
635,-707.0,1977.0
636,-577.0,1987.0
637,-569.5887716465462,1987.7606872676104
638,-524.0,1993.0
639,-497.50769578366203,1996.52071843973
640,-401.99857107192156,2010.661919972568
641,-374.0,2014.0
642,-295.0,2020.0
643,-281.7454834175964,2020.7678493274193
644,-126.0,2029.0
645,-66.40223368762118,2031.8072523423918
646,-24.61517376834237,2033.472672819714
647,-15.0,2034.0
648,158.68157740949547,2043.9331471082621
649,160.0,2044.0
650,260.0,2049.0
651,378.0500902963927,2058.1554979189664
652,470.0,2067.0
1,900.2117516582757,2119.6829583306926
2,903.0,2120.0
3,1066.0,2138.0
4,1075.849414303169,2139.0886011640487
5,1219.0,2155.0
6,1300.942158858301,2164.079727075072
7,1318.0,2166.0
8,1475.2749387758472,2184.38665257262
9,1575.0,2196.0
10,1691.0,2209.0
11,1756.510365602498,2216.358247299371
12,1975.0,2241.0
13,2011.254349927144,2245.1033536155105
14,2109.0644493389123,2256.333558010425
15,2214.0,2268.0
16,2321.110351175749,2279.7836393376865
17,2441.0,2293.0
18,2522.371247912259,2302.0765534074008
19,2659.8214021164877,2318.0554761944004
20,2685.0,2321.0
21,2823.0,2337.0
22,2879.610754102676,2343.447379205799
23,3071.0,2365.0
24,3192.656720768089,2378.5420153655227
25,3241.0,2384.0
26,3296.792736775024,2390.3647219471454
27,3465.8210704817257,2409.7193004311775
28,3495.0,2413.0
29,3532.0,2417.0
30,3669.514713370735,2428.8322057447244
31,3810.0,2440.0
32,3864.7152865259545,2445.283067055964
33,3890.0,2450.0
34,3914.450918616984,2454.5631548252777
35,4004.0,2472.0
36,4057.781640174886,2484.3777553054447
37,4161.0,2531.0
38,4268.281077393219,2614.4794606009386
39,4270.0,2616.0
40,4318.187772493358,2669.961919916523
41,4334.03840035097,2707.8286041242936
42,4337.0,2715.0
43,4362.2993247490585,2778.663663526299
44,4370.0,2804.0
45,4381.719073773155,2861.2875661151015
46,4382.0,2863.0
47,4394.0,2969.0
48,4394.813791166863,2985.2168511398777
49,4396.0,3050.0
50,4395.341090046989,3148.8042117688333
51,4395.0,3160.0
52,4389.0,3265.0
53,4387.566578184702,3282.1030553647856
54,4376.0,3386.0
55,4360.79835060236,3491.6117866783848
56,4354.0,3535.0
57,4343.907466624422,3595.5518616720187
58,4316.351985203711,3743.1662409061814
59,4316.0,3745.0
60,4288.0,3882.0
61,4273.336097398774,3945.573188665371
62,4232.0,4115.0
63,4229.246019661063,4125.787514809995
64,4197.932870944869,4242.147355596682
65,4166.0,4355.0
66,4133.664307326433,4471.247402839014
67,4119.0,4520.0
68,4077.143090728232,4647.481769671182
69,4060.0,4698.0
70,4004.0,4836.0
71,3995.480540191879,4851.829932625131
72,3889.0,5029.0
73,3851.917696477347,5081.6817154111795
74,3815.0,5107.0
75,3751.1836988894966,5156.661406449193
76,3699.0,5194.0
77,3652.290895424289,5222.303034674742
78,3539.0,5273.0
79,3498.8936425630654,5287.742525198099
80,3345.0,5338.0
81,3317.8783085928653,5346.848002868905
82,2878.0,5496.0
83,2866.385389189658,5499.896966534592
84,2767.0,5535.0
85,2670.908141957637,5579.1765529311215
86,2618.0,5610.0
87,2536.0,5675.0
88,2495.5843847294345,5712.822754164098
89,2449.0,5760.0
90,2314.9366300856,5928.421237028896
91,2290.0,5973.0
92,2205.5110143297743,6162.923705338414
93,2188.0,6207.0
94,2154.772379172928,6303.161156499613
95,2150.0,6384.0
96,2144.079541015959,6454.602730451592
97,2141.0,6505.0
98,2152.8670986169523,6723.730993467077
99,2158.0,6765.0
100,2193.0,7008.0
101,2201.616646082735,7063.008018312079
102,2238.0,7278.0
103,2241.1536684663115,7296.373707673836
104,2256.896220082085,7388.327456709873
105,2272.0,7474.0
106,2293.2424561864,7593.659148679923
107,2321.0,7749.0
108,2331.8638534478623,7808.801073393721
109,2340.370626588253,7853.672801529897
110,2350.0,7918.0
111,2354.3598527634153,7948.442406070455
112,2402.6639460649917,8304.178957979646
113,2403.0,8307.0
114,2409.174085885951,8383.556435815066
115,2410.0,8402.0
116,2413.3711660385725,8470.42791330951
117,2417.0,8577.0
118,2417.728269308649,8617.586168833346
119,2418.949801508692,8868.14657807933
120,2419.0,8930.0
121,2418.936418973046,9021.453514620356
122,2415.0,9171.0
123,2412.9161316284185,9234.340188613822
124,2408.0,9380.0
125,2402.731161299906,9517.293491784916
126,2399.0,9590.0
127,2389.0,9768.0
128,2386.914462405509,9800.622487044524
129,2373.0,9996.0
130,2367.2778400683646,10071.334705172058
131,2358.0,10191.0
132,2355.851237939506,10219.136331495883
133,2343.0,10386.0
134,2340.2067454231274,10420.510586716238
135,2317.272435627881,10689.912347172836
136,2317.0,10693.0
137,2308.157483188991,10790.243079962658
138,2302.0,10852.0
139,2284.3855730992077,11008.055181367985
140,2284.0,11011.0
141,2248.6978876637063,11226.645757747121
142,2246.0,11240.0
143,2207.537521802939,11382.177806477726
144,2201.0,11400.0
145,2173.8186991927555,11466.646592878305
146,2156.0,11507.0
147,2136.4404432743336,11548.51196839262
148,2100.7785702687056,11601.79210864274
149,2079.0,11626.0
150,2036.3523921300841,11669.451340349724
151,2010.0,11695.0
152,1983.2218815838164,11719.174157580399
153,1951.0,11736.0
154,1944.2349466355001,11739.318771052938
155,1858.7202571865187,11770.767358300485
156,1857.0,11771.0
157,1782.0,11773.0
158,1710.8198756885622,11756.13421398213
159,1662.0,11731.0
160,1647.6428012618285,11723.39565694159
161,1619.108903883117,11706.668275120663
162,1582.8757743593173,11673.862799382812
163,1582.0,11673.0
164,1502.0,11589.0
165,1484.879747445569,11569.48655567892
166,1468.9580302421748,11547.20749885839
167,1450.0,11512.0
168,1408.999963923225,11433.641216363301
169,1404.0,11423.0
170,1352.7165805812626,11293.014729932573
171,1335.0,11243.0
172,1319.1896162151427,11196.302863634219
173,1306.5447452851004,11156.078272979723
174,1304.0,11148.0
175,1281.0,11075.0
176,1278.5238624567369,11067.123871132497
177,1239.0,10941.0
178,1235.8466299410068,10930.944216130203
179,1202.6493427419587,10825.156911025042
180,1191.0,10788.0
181,1151.0,10660.0
182,1145.317887460711,10641.838329352375
183,1106.0,10516.0
184,1074.7978822906941,10415.537301676713
185,1074.0,10413.0
186,1018.0,10237.0
187,989.1035804379618,10145.281711282823
188,932.4592953784091,9963.374191628174
189,918.0,9917.0
190,903.4099962174532,9870.42259413829
191,877.0,9790.0
192,842.0,9687.0
193,820.5006529152521,9623.741149287136
194,793.0,9543.0
195,775.8260447703663,9492.904364276448
196,724.0,9343.0
197,701.4221540120648,9278.136482145648
198,667.0,9180.0
199,623.0,9056.0
200,614.2935256469599,9031.375167643391
201,478.5894126069606,8642.263543069255
202,449.0,8558.0
203,408.5747413715844,8443.094070208515
204,403.0,8427.0
205,388.0,8383.0
206,365.3265623825929,8317.663593809495
207,326.0,8206.0
208,311.7763799865859,8165.737955788485
209,251.84242353942835,7995.905056689244
210,231.0,7936.0
211,168.0,7754.0
212,132.2113842821792,7651.6287727444505
213,49.0,7416.0
214,32.381170917417435,7368.379734174601
215,-29.597910725002325,7188.360497093516
216,-56.0,7112.0
217,-77.44036429824021,7050.776324609302
218,-120.0,6930.0
219,-127.97772561098282,6907.03697734788
220,-168.50342347729168,6789.744841945094
221,-197.0,6708.0
222,-297.30866421297367,6422.9905525341965
223,-304.0,6404.0
224,-328.9846018077337,6332.855587419503
225,-338.0,6307.0
226,-434.0,6032.0
227,-445.04216316854956,6000.55659757627
228,-474.0,5918.0
229,-519.0,5788.0
230,-581.7932141185926,5608.646670745244
231,-628.0,5477.0
232,-647.7298257324367,5420.726939428171
233,-684.2593437685039,5316.095725347482
234,-726.0,5196.0
235,-757.222520064594,5106.3832126377765
236,-808.0,4961.0
237,-861.8311176346002,4808.214736332574
238,-878.0,4762.0
239,-904.9890670325099,4684.280786272966
240,-936.0,4595.0
241,-976.0646134563788,4480.909069103907
242,-1022.8302163916899,4348.329037392903
243,-1024.0,4345.0
244,-1065.0,4228.0
245,-1093.2784968736862,4147.168288578803
246,-1159.0,3959.0
247,-1209.9726893193695,3813.2522868815713
248,-1224.0,3774.0
249,-1277.4070199052483,3627.365544431822
250,-1279.0,3623.0
251,-1340.0,3455.0
252,-1344.88382447616,3441.5299629338815
253,-1389.0,3320.0
254,-1444.0,3169.0
255,-1473.5155939320587,3087.601803132536
256,-1529.0079119557877,2934.19269788375
257,-1536.0,2915.0
258,-1610.0,2713.0
259,-1641.0,2628.0
260,-1653.0318035658825,2594.9139994135535
261,-1708.5270196592853,2441.841623527087
262,-1748.0,2334.0
263,-1759.2789415185946,2303.5369347938436
264,-1814.1515114211672,2158.2143780981705
265,-1815.0,2156.0
266,-1898.3049601845014,1939.3644632102196
267,-1911.0,1905.0
268,-1947.0,1805.0
269,-1980.773204270417,1710.953698375859
270,-2003.0,1648.0
271,-2058.5762678968495,1482.2897371907322
272,-2059.0,1481.0
273,-2097.8718932127313,1361.1144162264404
274,-2102.0,1348.0
275,-2137.01573612485,1231.7743934534528
276,-2151.0,1183.0
277,-2156.0,1165.0
278,-2165.6581257332514,1122.803139198447
279,-2172.0,1089.0
280,-2187.683260452689,987.8247427907099
281,-2190.0,967.0
282,-2194.0,916.0
283,-2194.2683499892373,911.0231881395263
284,-2195.0,858.0
285,-2194.800271222178,852.1965542499044
286,-2189.0,771.0
287,-2181.775315548865,731.4566362501401
288,-2180.0,725.0
289,-2174.167462411889,703.9715942570682
290,-2163.2543384410906,668.6264694779865
291,-2156.0,652.0
292,-2148.5142527631356,638.5437551746716
293,-2137.0,622.0
294,-2120.030040581575,602.4798824465441
295,-2114.0,597.0
296,-2090.401734995382,581.5606379664889
297,-2080.0,577.0
298,-2045.0,569.0
299,-2041.949836624519,568.7017237681957
300,-2009.602515296711,568.1916689426359
301,-1997.0,569.0
302,-1967.0,573.0
303,-1955.8356504006233,574.7855855366776
304,-1926.0,580.0
305,-1887.4460075980483,587.7232902724561
306,-1886.0,588.0
307,-1811.3063797862246,601.462096100173
308,-1779.0,607.0
309,-1767.5848706945037,608.857363355505
310,-1744.0,610.0
311,-1741.0865725593624,609.9416712033253
312,-1689.0,607.0
313,-1658.5268990677241,601.3115794252647
314,-1608.0,583.0
315,-1570.953128060608,559.4729749145897
316,-1559.0,548.0
317,-1510.8739871016244,488.3389294678569
318,-1505.0,480.0
319,-1465.6786642441357,403.6251870148971
320,-1451.0,355.0
321,-1435.148947680243,301.1401369125641
322,-1420.9597762920944,251.99541390734996
323,-1415.0,231.0
324,-1406.0621915887339,198.65153700400808
325,-1398.0,167.0
326,-1386.92647324595,121.49350802497074
327,-1360.0,9.0
328,-1342.8770130740552,-60.57831854710744
329,-1334.0,-96.0
330,-1323.9272635888174,-136.0123808965526
331,-1291.0,-265.0
332,-1288.8972971751532,-273.0009485510921
333,-1256.0,-385.0
334,-1233.0768148746997,-451.63616321878305
335,-1182.0,-593.0
336,-1178.6925921226862,-601.9434220850809
337,-1152.266533352377,-671.716737583497
338,-1106.0288254125194,-772.9142484986951
339,-1105.0,-775.0
340,-1003.6072034339852,-971.7723757981794
341,-988.0,-1001.0
342,-932.0499662759084,-1095.6058343241748
343,-916.0,-1120.0
344,-853.4427144343746,-1214.7229967895205
345,-829.0,-1251.0
346,-778.2437706457877,-1324.0073239045605
347,-760.0,-1349.0
348,-634.0,-1510.0
349,-594.3763315749314,-1557.279456770486
350,-533.3327816796968,-1625.7195921001558
351,-523.0,-1637.0
352,-415.0,-1751.0
353,-375.71320513453435,-1789.8451282677484
354,-321.0,-1842.0
355,-269.1894045295684,-1890.1102267322744
356,-180.41433499039877,-1969.964450164503
357,-145.0,-2001.0
358,-90.03653874641543,-2048.2794526596686
359,-7.0,-2119.0
360,27.22895368584127,-2148.478836763372
361,108.0,-2218.0
362,166.21253631059363,-2267.3165770852693
363,273.0,-2357.0
364,302.81632432311847,-2382.049624848857
365,393.0,-2458.0
366,431.6659998906552,-2490.5789998472565
367,686.0,-2705.0
368,694.4872166348006,-2712.176630163533
369,751.2961634695827,-2760.462707161839
370,759.0,-2767.0
371,845.2990699345997,-2840.0043432071534
372,958.0,-2935.0
373,1059.7456325072164,-3020.6035306205695
374,1198.0,-3137.0
375,1248.4311120217437,-3180.1660190256907
376,1274.0,-3202.0
377,1402.0,-3310.0
378,1480.2633143440812,-3375.8077781919546
379,1596.0,-3473.0
380,1633.7237503834588,-3504.7087534407265
381,1737.7373151565828,-3591.9469950921616
382,1739.0,-3593.0
383,1888.9159817025848,-3716.317340482073
384,1891.0,-3718.0
385,2042.4230327598304,-3838.279015657951
386,2094.0,-3878.0
387,2411.074989972,-4107.914099091364
388,2446.0,-4132.0
389,2538.6169719800673,-4194.646709087297
390,2755.0,-4333.0
391,2783.6637146962203,-4350.435585341318
392,2992.2192781141684,-4472.074563795804
393,3029.0,-4493.0
394,3101.9201570385158,-4533.686067727209
395,3185.0,-4575.0
396,3198.0700466896506,-4581.27303205628
397,3524.0,-4733.0
398,3538.086817544609,-4739.409568774317
399,3663.802863371399,-4794.9721064983305
400,3781.936899858579,-4846.629393580137
401,3785.0,-4848.0
402,3834.0,-4870.0
403,3938.7107729182426,-4916.46966522626
404,4002.0,-4943.0
405,4387.0,-5095.0
406,4404.232771549189,-5101.7393335953675
407,4537.3195408387055,-5153.924779549998
408,4599.810680591441,-5178.68595425345
409,4631.0,-5191.0
410,4745.192183887511,-5235.904285873213
411,4748.0,-5237.0
412,4889.186775513103,-5291.2551376648225
413,4930.0,-5306.0
414,5066.4899181814235,-5343.415750170767
415,5128.0,-5346.0
416,5174.086113561917,-5344.054592635584
417,5243.0,-5337.0
418,5274.0,-5331.0
419,5331.454675556874,-5315.283468610369
420,5374.0,-5301.0
421,5448.057145045805,-5268.881448901724
422,5533.0,-5217.0
423,5604.0,-5160.0
424,5609.827058626952,-5154.71203802322
425,5671.0,-5088.0
426,5702.0,-5045.0
427,5727.005874375345,-5008.204509904785
428,5762.0,-4925.0
429,5780.179025730274,-4842.908627278127
430,5795.0,-4763.0
431,5800.977922686359,-4728.933230745688
432,5796.0,-4706.0
433,5788.633496089247,-4661.371329906657
434,5761.512771761378,-4496.025319119375
435,5759.0,-4484.0
436,5716.348704500628,-4365.36437265565
437,5708.0,-4348.0
438,5665.0,-4262.0
439,5639.831249541684,-4218.396148380971
440,5606.0,-4169.0
441,5492.230382126183,-4030.212789159303
442,5460.0,-3995.0
443,5417.046524614697,-3952.293502574671
444,5333.248964607421,-3894.2478333778695
445,5292.0,-3875.0
446,5267.442195113985,-3864.9820260108822
447,5177.0,-3835.0
448,5168.655597345819,-3832.7589790336106
449,5016.556461179629,-3805.399925725917
450,5013.0,-3805.0
451,4755.0,-3781.0
452,4722.286379348895,-3776.754321369319
453,4522.0,-3739.0
454,4370.243159452144,-3715.3468264224675
455,4214.0,-3695.0
456,4144.5842291839035,-3688.0431370843626
457,4089.0,-3684.0
458,4079.7254700004287,-3683.2832793618263
459,3968.3723495626928,-3674.4776209002043
460,3922.0,-3671.0
461,3825.0397482132935,-3664.2607838473727
462,3794.0,-3662.0
463,3680.0,-3653.0
464,3623.916562837068,-3648.760224742402
465,3520.0,-3641.0
466,3478.8771174198146,-3637.693911615511
467,3344.0,-3626.0
468,3138.5201945542008,-3605.493371095348
469,3079.0,-3596.0
470,2951.752971994366,-3567.1009989413633
471,2770.193102131437,-3507.498255259723
472,2758.0,-3503.0
473,2679.5876337698783,-3467.7077817754516
474,2634.0,-3442.0
475,2385.106133073879,-3295.851225511991
476,2369.0,-3286.0
477,2293.1330541575535,-3236.0386681211435
478,2254.0,-3208.0
479,2226.3812008839504,-3188.3849249415425
480,2126.3733438133318,-3114.224710365833
481,2094.0,-3087.0
482,1897.0,-2900.0
483,1874.7947947616622,-2876.803475664073
484,1803.10652057799,-2782.088621343585
485,1770.0,-2715.0
486,1702.8092187889324,-2564.171690362376
487,1702.0,-2562.0
488,1663.0,-2435.0
489,1659.860638559909,-2423.4940945468043
490,1575.840632002976,-1945.8650562921384
491,1574.0,-1900.0
492,1573.6251286472054,-1859.2250904522916
493,1575.0,-1796.0
494,1578.7562470809048,-1739.070686679858
495,1579.0,-1737.0
496,1594.0,-1634.0
497,1605.1482514273616,-1572.4692680288485
498,1615.013752664515,-1552.6508639994247
499,1628.0,-1533.0
500,1653.2701541812257,-1494.9006599959343
501,1662.0,-1484.0
502,1688.5189449169109,-1457.8106970186825
503,1701.0,-1449.0
504,1801.4957478093554,-1409.8668668065102
505,1808.0,-1408.0
506,1856.0,-1401.0
507,1866.7088082318419,-1400.669936870149
508,1970.2637878189678,-1399.5427173921073
509,2000.0,-1400.0
510,2042.6641144224272,-1403.2244762506616
511,2065.0,-1406.0
512,2151.681558726958,-1415.3648408829142
513,2176.0,-1417.0
514,2215.9585866787556,-1418.6319736551218
515,2265.0,-1418.0
516,2292.4992415170746,-1415.379454024279
517,2353.0,-1401.0
518,2387.1609032151623,-1387.5381682794534
519,2445.6379264210414,-1357.7093283296927
520,2479.0,-1338.0
521,2527.712909537319,-1304.0929199080513
522,2567.0,-1271.0
523,2585.0733376079606,-1254.5722565787319
524,2647.49673719615,-1193.528037908502
525,2648.0,-1193.0
526,2701.0,-1121.0
527,2712.390565942689,-1097.4492645478044
528,2734.7682084531248,-1041.6824288844243
529,2735.0,-1041.0
530,2752.7697952116077,-968.4298804905073
531,2753.0,-967.0
532,2764.2372726320855,-873.61693897257
533,2771.0,-808.0
534,2776.0508262801745,-768.4635604541172
535,2777.015012063376,-724.9269322899504
536,2777.0,-724.0
537,2771.4150665947664,-564.550360545593
538,2770.0,-531.0
539,2767.7239498137824,-487.65941801856667
540,2755.0,-452.0
541,2725.067620247194,-379.12302231426725
542,2689.0,-299.0
543,2678.0334071978464,-278.29590054530604
544,2632.0,-226.0
545,2616.488644793402,-211.11962561921098
546,2562.0,-161.0
547,2511.8430533830438,-122.25225659261748
548,2451.0,-85.0
549,2430.7793524512235,-74.28847194896066
550,2384.0,-52.0
551,2282.188905871758,-20.486738776314155
552,2279.0,-20.0
553,2130.2648585790625,-6.9584834690492
554,2117.0,-6.0
555,2073.748402186844,-2.401538858433825
556,2012.21665435463,-11.272185758478294
557,1991.0,-14.0
558,1856.0,-31.0
559,1838.3902298080875,-33.26654460965417
560,1674.342873572301,-58.34786786911735
561,1610.0,-69.0
562,1602.0003973299201,-70.18490610113075
563,1446.7324328008626,-91.0402095821309
564,1401.0,-97.0
565,1361.098476990996,-102.20706772016842
566,1293.0,-111.0
567,1108.5397360526902,-134.78645213604221
568,1107.0,-135.0
569,892.9124792888,-169.07770512116684
570,838.0,-179.0
571,761.042425502327,-193.97990036958186
572,586.0,-223.0
573,515.5023042380283,-233.04087744625474
574,341.0,-257.0
575,286.8797543766473,-263.3398790098299
576,260.0,-262.0
577,199.6549938780668,-260.81259995382385
578,138.0,-257.0
579,31.094054987046505,-236.92627669492637
580,16.0,-233.0
581,-173.0,-165.0
582,-230.17829361619846,-135.08777000260267
583,-396.0,-22.0
584,-481.2381751034677,64.86284164291324
585,-520.0,117.0
586,-558.1076602632907,174.12527840514946
587,-648.0,322.0
588,-813.0,597.0
589,-833.9863949539238,632.2854223262034
590,-907.7421809035443,759.0216690614312
591,-916.0,774.0
592,-984.7636016292274,912.1234870775148
593,-986.0,915.0
594,-1055.1930850622027,1101.804971075879
595,-1065.0,1132.0
596,-1092.1047132545393,1231.3243835201442
597,-1106.0,1330.0
598,-1113.0,1387.0
599,-1115.5372910037,1413.247111481581
600,-1119.504526534452,1482.5654697409393
601,-1120.0,1501.0
602,-1120.0,1568.0
603,-1116.6586267901682,1633.3431446078546
604,-1115.0,1653.0
605,-1109.6228605497938,1686.2635687610148
606,-1106.0,1699.0
607,-1090.0826099124818,1749.5760481803745
608,-1061.0,1829.0
609,-1026.6910678413092,1878.5258667037676
610,-1001.0,1897.0
611,-921.8726535393107,1940.438435813495
612,-909.0,1944.0
613,-802.7280761938645,1965.6001183285111
614,-759.0,1973.0
615,-687.3292349038163,1982.185642177716
616,-660.8376550289063,1981.1025748696309
617,-636.0,1982.0
618,-568.8086244265687,1986.874504500486
619,-550.0,1989.0
620,-515.0,1994.0
621,-449.5642585743869,2004.4401006250412
622,-403.0,2010.0
623,-193.49180404672998,2025.9049155224095
624,-192.0,2026.0
625,-141.6865014542012,2028.4792070436504
626,-129.0,2029.0
627,-55.286138756114504,2032.3801099774919
628,-21.0,2034.0
629,140.0,2042.0
630,196.3923125258371,2045.2681128409308
631,245.0,2048.0
632,354.0,2054.0
633,410.0990770310931,2059.19851522892
634,456.0,2065.0
1,641.0,2089.0
2,809.2062471957454,2108.9104571848347
3,836.0,2112.0
4,915.0,2121.0
5,993.4543938430483,2129.815771218482
6,1049.0,2136.0
7,1210.6405092628916,2153.849112875546
8,1212.0,2154.0
9,1347.080415385568,2169.1708470719923
10,1363.0,2171.0
11,1516.0941417489712,2188.9835029693163
12,1588.0,2197.0
13,1616.0,2200.0
14,1684.7612094924295,2207.9566012348073
15,1744.0,2215.0
16,1950.8123046125238,2237.939629666301
17,1997.0,2243.0
18,2114.0,2256.0
19,2125.8472984672117,2257.3456059146492
20,2261.0,2273.0
21,2276.9989134691778,2274.849719996833
22,2513.0,2302.0
23,2640.1091302579503,2316.479391953423
24,2663.0,2319.0
25,2738.5064082832687,2327.213758886487
26,2869.5965488172246,2341.4460912513646
27,2937.0,2349.0
28,2995.8795383257925,2355.768340063667
29,3075.0,2365.0
30,3179.886686851529,2377.1419271138875
31,3214.0,2381.0
32,3335.238822572489,2394.3137798584967
33,3385.0,2400.0
34,3539.0,2418.0
35,3550.9539396733203,2419.1554942223015
36,3666.431907596701,2427.8424676185177
37,3710.0,2431.0
38,3812.0,2440.0
39,3845.787235077048,2444.0405396402934
40,3927.0,2456.0
41,4017.081527836035,2475.050134691606
42,4020.0,2476.0
43,4154.540275986328,2534.3726668861127
44,4209.0,2562.0
45,4227.576330137141,2572.3107092595824
46,4257.0,2602.0
47,4260.365093011597,2606.0078537185395
48,4318.0,2679.0
49,4343.396615825895,2725.6478771557668
50,4372.0,2811.0
51,4386.13049722285,2881.635115739777
52,4389.0,2908.0
53,4395.485954446815,3027.233459514951
54,4396.0,3043.0
55,4395.524761174313,3174.545082222661
56,4390.0,3250.0
57,4381.827630860846,3334.351491675203
58,4373.10107854839,3411.0474815990847
59,4369.0,3443.0
60,4361.8237539258635,3490.2937981548475
61,4354.0,3535.0
62,4342.573781900648,3599.123901089244
63,4314.0,3756.0
64,4295.870238575071,3848.548415912101
65,4286.0,3893.0
66,4274.493135729213,3942.0284387252523
67,4236.0,4097.0
68,4233.527154912816,4106.606054170161
69,4197.0,4241.0
70,4175.042679189111,4320.341804064166
71,4128.0,4489.0
72,4124.936549101732,4499.78537131431
73,4100.248451953725,4584.977211140775
74,4058.895892627395,4698.796946094729
75,4058.0,4701.0
76,3970.1684029352123,4901.464443835693
77,3956.0,4931.0
78,3894.1943032298313,5026.062616529258
79,3873.0,5048.0
80,3788.8633580439214,5128.626485315385
81,3754.0,5157.0
82,3676.53252351914,5207.751390972412
83,3648.0,5223.0
84,3451.0,5305.0
85,3390.517713702451,5325.185060224911
86,3300.7635222043405,5351.445138312195
87,3286.0,5356.0
88,3137.0,5405.0
89,3085.7410460250285,5422.663362696061
90,3016.0,5447.0
91,2950.270783316306,5469.842778089637
92,2839.798651889836,5508.611648657609
93,2798.0,5524.0
94,2735.9028714600263,5547.807130848257
95,2647.0,5591.0
96,2611.393862597538,5614.395129043445
97,2532.0,5679.0
98,2480.350314582086,5729.3266647432265
99,2388.0,5831.0
100,2359.1329213621816,5865.630392699628
101,2276.0,5998.0
102,2254.864123943299,6046.191555968544
103,2157.0,6335.0
104,2154.4616833192313,6344.77155295152
105,2146.3286819118907,6414.377713219999
106,2146.0,6424.0
107,2141.8868228206184,6530.325720843238
108,2148.0,6667.0
109,2161.8384219105556,6789.394020322461
110,2185.0,6955.0
111,2193.918731933384,7014.4301411940405
112,2199.0,7044.0
113,2224.0,7193.0
114,2238.828696044619,7283.33811238893
115,2261.0,7416.0
116,2268.6649145490846,7459.241357342713
117,2290.726091451565,7579.51397942578
118,2291.0,7581.0
119,2323.5724746777173,7759.575891735209
120,2324.0,7762.0
121,2353.0762294402953,7933.510214847428
122,2362.0,7991.0
123,2404.930911747639,8340.065822104436
124,2408.0,8378.0
125,2414.097677503879,8478.000617303216
126,2419.0,8708.0
127,2419.2490318567316,8738.104667894688
128,2419.2027440707216,8955.007595865336
129,2419.0,8993.0
130,2418.2916058405362,9067.847647137562
131,2416.0,9152.0
132,2415.5778193040373,9165.209303263133
133,2404.0,9488.0
134,2403.4978583697507,9500.931243058754
135,2399.1324320470308,9601.51337417725
136,2393.181697530543,9701.004962539082
137,2393.0,9704.0
138,2390.0,9753.0
139,2383.1561023734866,9855.57470963238
140,2379.0,9914.0
141,2354.0,10254.0
142,2352.8238501866745,10269.74538925941
143,2342.6878738762266,10402.796214617658
144,2335.4518687517098,10488.897137686823
145,2332.0,10529.0
146,2319.3306609980996,10672.42907107804
147,2319.0,10676.0
148,2300.9180577516145,10859.940969490135
149,2295.0,10915.0
150,2270.0581448585767,11107.64011133625
151,2259.0,11172.0
152,2251.427167737068,11210.71360222739
153,2238.0,11271.0
154,2228.0,11311.0
155,2212.5143878806534,11366.43391704797
156,2201.0,11402.0
157,2176.2041343446454,11464.81716354486
158,2140.0,11536.0
159,2104.0,11593.0
160,2100.48513266913,11597.965245974066
161,2056.0,11652.0
162,2032.0,11675.0
163,2011.0057722939869,11695.095040926135
164,1960.0,11730.0
165,1908.8469127354974,11751.453929935322
166,1859.0,11770.0
167,1837.9082018063382,11777.6329726737
168,1825.0,11774.0
169,1799.0287813800323,11768.918034678842
170,1702.8483576558215,11749.947517511693
171,1696.0,11748.0
172,1632.875378966828,11711.683368980644
173,1624.0,11705.0
174,1580.0,11672.0
175,1558.1003249175687,11653.30720388575
176,1534.0,11628.0
177,1468.5972951177528,11540.720411660279
178,1452.0,11516.0
179,1431.657310021886,11483.226713484535
180,1401.9855620454925,11420.948351502568
181,1390.0,11392.0
182,1383.1498815753325,11375.15114958914
183,1359.0,11313.0
184,1356.8198957970283,11307.031669188153
185,1322.5986251262948,11206.826364904304
186,1322.0,11205.0
187,1284.0,11086.0
188,1278.1237901838863,11067.304016854638
189,1230.0,10913.0
190,1193.5621895469699,10796.089726034097
191,1157.0,10679.0
192,1140.1026603862892,10625.341339296236
193,1126.0,10581.0
194,1123.6556387423902,10573.626541846837
195,1095.5937787990044,10485.153097709224
196,1084.0,10448.0
197,1059.9010869267172,10369.384407582238
198,1052.0,10344.0
199,1022.0,10250.0
200,1007.21147935836,10203.23823410513
201,980.0,10116.0
202,969.306678600817,10081.435270228172
203,934.0,9968.0
204,877.8309697241641,9794.874763818105
205,861.0,9744.0
206,823.939738241147,9633.445109079008
207,768.7661328863853,9471.937338362497
208,765.0,9461.0
209,739.8361016311617,9388.921025432543
210,724.0,9344.0
211,635.0165470157202,9091.169031337015
212,629.0,9074.0
213,598.2841893360729,8985.685343126108
214,582.0,8939.0
215,571.0363081964418,8907.804442678182
216,531.6233506461923,8795.942715420051
217,518.0,8757.0
218,429.0,8501.0
219,418.3649285110959,8470.412856745588
220,378.36283066612225,8355.938114281493
221,353.0,8284.0
222,296.7918841517897,8124.271457433878
223,296.0,8122.0
224,250.0,7989.0
225,245.68020386319714,7976.504067438566
226,14.508238226759698,7313.986394172403
227,-14.0,7232.0
228,-40.54619633214979,7155.5037118089585
229,-84.0,7031.0
230,-126.38616683562275,6911.593722740861
231,-128.0,6907.0
232,-210.0,6672.0
233,-260.69847721830854,6526.556523841238
234,-281.7008582821944,6466.581742312488
235,-304.0,6403.0
236,-346.8054465952741,6280.830460078188
237,-360.0,6243.0
238,-395.3916961904976,6141.053423799344
239,-410.0,6099.0
240,-510.698274178817,5810.858777474159
241,-517.0,5793.0
242,-563.0,5664.0
243,-572.8085858651808,5635.970652901635
244,-666.1997460639965,5366.763612871257
245,-693.0,5290.0
246,-731.6349229050109,5181.692913762557
247,-751.0,5127.0
248,-822.6439970173329,4919.78876695437
249,-842.0,4864.0
250,-873.1567248798876,4774.723564932012
251,-911.0,4667.0
252,-932.440450686576,4606.289897809978
253,-981.0,4469.0
254,-1009.7429347917446,4387.003570600109
255,-1060.790361820307,4240.524429733319
256,-1091.0,4154.0
257,-1137.4450502516888,4021.6105749389126
258,-1179.0,3904.0
259,-1199.2785378941787,3846.792862526325
260,-1273.3704219051451,3638.754679718477
261,-1274.0,3637.0
262,-1353.0,3420.0
263,-1375.3148743644824,3358.661917993627
264,-1425.407386819021,3220.632546158899
265,-1426.0,3219.0
266,-1485.87230787364,3054.1069304039006
267,-1487.0,3051.0
268,-1559.0460354697032,2852.4360190952348
269,-1609.0,2715.0
270,-1638.9343361120432,2633.446015466874
271,-1670.3354272869,2548.800621968764
272,-1671.0,2547.0
273,-1785.0032480316268,2237.6412222920303
274,-1809.0,2173.0
275,-1840.150139875518,2091.6043660449272
276,-1867.0,2021.0
277,-1922.151571979559,1871.7266198261395
278,-1983.0,1705.0
279,-1998.8326464956226,1660.8074750892426
280,-2039.0,1541.0
281,-2050.030096651361,1507.5279922201462
282,-2087.0,1395.0
283,-2116.4730314055478,1302.7753159263057
284,-2144.0,1209.0
285,-2151.1428875810475,1181.809086015026
286,-2165.0,1124.0
287,-2183.6799130506183,1021.5479730724677
288,-2184.0,1019.0
289,-2194.1663265569637,912.44205194508
290,-2195.0,903.0
291,-2198.212785003332,869.7478501748813
292,-2195.1035853671165,834.554848751299
293,-2194.0,824.0
294,-2187.0,758.0
295,-2186.036863108638,749.6075594993298
296,-2173.1654866778867,684.9256735850357
297,-2163.0,669.0
298,-2161.7080018505458,666.8008008650286
299,-2135.6736729302042,621.7357226116733
300,-2127.0,610.0
301,-2118.812188470568,600.9428826181113
302,-2103.0,589.0
303,-2053.4385176552078,570.0960581075702
304,-2053.0,570.0
305,-1987.3523944917663,569.688561448228
306,-1970.0,572.0
307,-1946.1321783895219,576.0303283984726
308,-1885.0,588.0
309,-1858.7643526353008,592.8836064316264
310,-1793.0,605.0
311,-1772.109015001752,608.6840784037635
312,-1761.0,609.0
313,-1736.6553517121583,610.040051704709
314,-1712.0,610.0
315,-1669.8857651587793,604.3449386559602
316,-1664.0,603.0
317,-1592.0,574.0
318,-1571.4429577116348,558.2438989395146
319,-1516.0,497.0
320,-1492.9997744022473,459.40910600647317
321,-1483.0,437.0
322,-1472.3348335908368,410.93280040330797
323,-1446.0,339.0
324,-1403.0,186.0
325,-1397.393144899563,163.62809485034362
326,-1376.5529624877481,78.44789390166703
327,-1374.0,68.0
328,-1349.523632891615,-31.864827589225847
329,-1349.0,-34.0
330,-1314.0498918744036,-175.97169881199298
331,-1308.0,-200.0
332,-1285.6550447768896,-285.3138869078409
333,-1255.0,-387.0
334,-1235.0,-448.0
335,-1224.7100980655878,-477.6673409553475
336,-1194.1720877596433,-560.4665709444428
337,-1186.0,-582.0
338,-1152.0,-667.0
339,-1076.3927105671578,-832.6200135298254
340,-1056.0,-877.0
341,-1054.6340626485369,-880.9863960216512
342,-1048.0,-892.0
343,-1004.9157618505908,-966.6215396171913
344,-922.0,-1110.0
345,-858.0479651953127,-1211.0074534428802
346,-821.0,-1263.0
347,-713.3402911768615,-1410.2336313173312
348,-700.0,-1427.0
349,-599.2612818152048,-1549.1271222792031
350,-558.0,-1598.0
351,-482.9326091456952,-1683.8055003556478
352,-443.8381456045761,-1722.5980556865863
353,-412.0,-1754.0
354,-330.8438330323309,-1833.5461918977364
355,-308.0,-1855.0
356,-265.0,-1894.0
357,-186.85383147555746,-1964.6106284473647
358,-133.0,-2012.0
359,105.30719889964851,-2215.571549287067
360,107.0,-2217.0
361,163.9235189794124,-2264.2244292590144
362,178.0,-2276.0
363,259.0996535608315,-2344.7059668823945
364,296.0,-2376.0
365,463.0,-2517.0
366,521.3762859688004,-2566.0537315717174
367,571.0,-2608.0
368,680.0,-2701.0
369,739.8746192567362,-2750.7237702733864
370,791.0,-2793.0
371,909.4378616100257,-2892.8552945475644
372,1026.0,-2992.0
373,1064.7610188925705,-3024.8252491788394
374,1163.0,-3108.0
375,1193.8169134967961,-3134.253317565405
376,1251.0,-3183.0
377,1352.9966050286048,-3269.084471549147
378,1454.0,-3354.0
379,1566.9880242511813,-3448.8978181566526
380,1710.0,-3569.0
381,1841.985848231929,-3679.6469275330737
382,1926.0,-3747.0
383,2020.887196800762,-3820.9693686025485
384,2183.0,-3945.0
385,2282.6318350785577,-4018.2752425399226
386,2321.0,-4045.0
387,2505.0,-4172.0
388,2567.5505344423173,-4213.955809200035
389,2724.0,-4313.0
390,2766.9206581773938,-4339.240105349512
391,2917.0,-4430.0
392,3049.963399937945,-4506.734689051
393,3100.0,-4532.0
394,3163.3194027208024,-4563.258470239395
395,3376.2040220011277,-4665.814152309127
396,3400.0,-4677.0
397,3606.9059366681117,-4771.037703738428
398,3730.406352242849,-4824.792872476507
399,3788.0,-4850.0
400,3813.3576288666864,-4861.173252635503
401,3918.0,-4906.0
402,4068.5785690393977,-4968.234957514618
403,4244.0,-5040.0
404,4375.10194546686,-5092.76861756281
405,4611.183700497679,-5183.578368739094
406,4638.0,-5194.0
407,4766.953415269266,-5244.920676834809
408,4888.0,-5292.0
409,4906.256724140958,-5298.7700675566875
410,5047.0,-5338.0
411,5074.953835731284,-5341.469317709021
412,5183.388886565714,-5345.097358948391
413,5185.0,-5345.0
414,5268.402422939703,-5332.983746016256
415,5281.0,-5330.0
416,5412.0,-5285.0
417,5419.522248233471,-5281.745180760138
418,5460.0,-5262.0
419,5742.020600632501,-4972.410375492378
420,5754.0,-4946.0
421,5783.0,-4852.0
422,5789.340777077964,-4817.273791475219
423,5794.0,-4779.0
424,5795.67856665085,-4686.575699790438
425,5791.0,-4636.0
426,5785.0,-4597.0
427,5783.584146379823,-4588.7158087060525
428,5766.0,-4508.0
429,5751.706203302571,-4463.474843113557
430,5681.0,-4293.0
431,5673.6192750269165,-4277.259410088225
432,5646.986457389721,-4227.715922345138
433,5620.0,-4189.0
434,5582.548318145133,-4139.764568462542
435,5504.302840502126,-4043.2276696994236
436,5478.0,-4013.0
437,5419.081562520061,-3953.8506453815016
438,5354.0,-3910.0
439,5326.37600635774,-3894.3706266292024
440,5273.0,-3867.0
441,5188.511066207591,-3834.5341527714572
442,5097.0,-3817.0
443,4918.3366490207545,-3795.2202552300364
444,4897.0,-3793.0
445,4781.235964861246,-3784.9901981554785
446,4730.0,-3779.0
447,4633.464867880169,-3760.790990752751
448,4579.0,-3750.0
449,4528.1381200378855,-3740.241094323379
450,4411.0,-3720.0
451,4346.897866875628,-3711.142751671782
452,4306.0,-3706.0
453,4159.0,-3690.0
454,4095.00727008885,-3684.589370346242
455,3926.0,-3672.0
456,3841.938515721379,-3665.6751477188454
457,3685.305866524942,-3653.58306389267
458,3588.0,-3646.0
459,3553.046635215882,-3643.2757335055285
460,3474.0,-3637.0
461,3411.3285224862657,-3631.8811840473672
462,3287.0,-3621.0
463,3259.6210753913706,-3618.329343036242
464,3142.0,-3605.0
465,3115.220336068278,-3601.310179070836
466,3027.0,-3587.0
467,2873.0,-3547.0
468,2752.138801239142,-3496.6359528339995
469,2561.0,-3402.0
470,2513.20628235223,-3376.246025325305
471,2454.8366531544866,-3340.4764239886485
472,2443.0,-3333.0
473,2255.565478035962,-3209.8213052627084
474,2253.0,-3208.0
475,2155.0,-3135.0
476,2062.3972826666013,-3062.0205645067595
477,2060.0,-3060.0
478,1940.403405800577,-2948.7523971963396
479,1871.0,-2868.0
480,1813.077810660135,-2784.0421024846983
481,1709.088786335426,-2579.547059817464
482,1708.0,-2577.0
483,1668.5542046179635,-2467.264677940311
484,1644.1037425646778,-2365.154708335637
485,1640.0,-2346.0
486,1606.8753272642193,-2177.652699441971
487,1593.0,-2103.0
488,1586.3686282458068,-2063.6700842660607
489,1585.0,-2044.0
490,1579.8564766947777,-1991.895260827227
491,1575.0,-1915.0
492,1575.960349051412,-1786.3874573087342
493,1576.0,-1785.0
494,1580.117923013689,-1719.5529052080603
495,1584.0,-1693.0
496,1597.0,-1622.0
497,1598.482503238853,-1615.9420095829935
498,1620.5835933009703,-1549.6989598796729
499,1642.0,-1510.0
500,1659.301814705399,-1487.3364622481151
501,1705.0,-1447.0
502,1726.184473561867,-1433.2597489868213
503,1778.0,-1415.0
504,1797.1766570234604,-1411.2970754743462
505,1887.0,-1399.0
506,1913.0837095774727,-1396.100326636092
507,1924.0,-1397.0
508,1965.1701566743927,-1398.8223956157763
509,2039.0,-1403.0
510,2079.0,-1407.0
511,2092.6349655906797,-1408.584644985033
512,2157.0,-1416.0
513,2170.121137622821,-1417.0551237733562
514,2217.0,-1419.0
515,2250.837709952189,-1419.4138310626308
516,2293.0,-1415.0
517,2435.0,-1367.0
518,2453.3829880085177,-1358.120768066811
519,2482.927083393265,-1337.2357187891714
520,2496.0,-1327.0
521,2520.2301640890646,-1308.5485660132874
522,2585.8973714184017,-1255.465924011339
523,2602.0,-1240.0
524,2675.593384202348,-1158.4589211830676
525,2683.0,-1149.0
526,2731.282194709245,-1057.7234796251394
527,2743.0,-1013.0
528,2745.4007698749774,-1002.7987292201693
529,2758.0,-934.0
530,2762.3951701993683,-896.3792667098338
531,2777.0,-726.0
532,2777.5581744585406,-719.8899944626586
533,2778.0,-630.0
534,2772.627122239207,-576.7605230938954
535,2760.0,-471.0
536,2743.5998295118898,-410.9483528135492
537,2739.0,-401.0
538,2726.386329683363,-369.22360174335574
539,2698.0,-315.0
540,2617.90788647393,-212.72127461562403
541,2611.0,-205.0
542,2565.933381774028,-161.81362268797375
543,2531.0,-136.0
544,2476.526905703391,-99.479791722457
545,2469.0,-95.0
546,2386.648767318418,-53.91068762447796
547,2354.0,-41.0
548,2322.2791070541844,-30.370689146992827
549,2321.0,-30.0
550,2199.0,-9.0
551,2191.819743611237,-8.349382127735568
552,2114.0,-7.0
553,2078.784479038017,-8.898412076588635
554,1882.0,-27.0
555,1870.736478635696,-28.29626658891567
556,1693.383907597378,-55.783798801602
557,1692.0,-56.0
558,1511.0,-82.0
559,1478.5651144938156,-86.51567149855744
560,1372.0,-101.0
561,1289.499345053216,-111.42116383532819
562,1253.0,-116.0
563,1199.6488639407896,-122.82340366408454
564,1155.0,-129.0
565,1010.08489097399,-150.4912839732728
566,929.0,-163.0
567,826.4920690165259,-181.01794853174448
568,789.0,-188.0
569,582.1587057150495,-223.1991160325021
570,566.0,-226.0
571,526.0,-233.0
572,429.1177035007414,-250.1429613669947
573,269.0,-262.0
574,98.49246747095094,-251.27686723103244
575,96.0,-251.0
576,-0.8870682951396063,-233.23837982501172
577,-92.0,-198.0
578,-139.58826159880996,-180.01069561950635
579,-198.0,-154.0
580,-290.6975768436264,-98.55273714686845
581,-415.0,-5.0
582,-477.35560071599525,54.85130087803477
583,-528.4118489836765,128.03320216133213
584,-590.0,225.0
585,-596.803903844495,235.19796939010877
586,-598.0,237.0
587,-700.659911878388,408.53684446978474
588,-711.0,426.0
589,-845.0,649.0
590,-860.8363274863941,675.9355708988915
591,-922.733221436279,786.322630339682
592,-968.3093717573477,876.5816187157009
593,-969.0,878.0
594,-1016.0966667805443,983.8104689594516
595,-1022.0,1000.0
596,-1066.0,1137.0
597,-1082.2858243862804,1193.5534161554067
598,-1094.4307642031658,1254.9735847797363
599,-1097.0,1271.0
600,-1113.0,1384.0
601,-1114.7566898565583,1401.2261675275254
602,-1119.9607913545165,1487.7647970444507
603,-1120.0,1489.0
604,-1120.0,1563.0
605,-1113.4312281324703,1646.6951721501305
606,-1111.0,1672.0
607,-1110.2405265692496,1680.6931349129209
608,-1109.0,1686.0
609,-1100.569270643428,1725.7300285002243
610,-1084.2502790627475,1782.3482024211105
611,-1084.0,1783.0
612,-1053.0,1842.0
613,-1015.0,1886.0
614,-989.7393471708907,1905.8373161749205
615,-940.0,1933.0
616,-913.6535058512217,1943.236656138786
617,-861.0,1957.0
618,-841.2802348877744,1960.6162811007696
619,-736.2343324088235,1974.3271272778993
620,-701.0,1978.0
621,-650.2173380820195,1981.8108299079954
622,-597.0,1985.0
623,-573.5631893323457,1987.4563583768886
624,-506.0,1996.0
625,-482.53766209191065,1999.4980061171927
626,-371.0,2014.0
627,-280.4607379049896,2020.432584147859
628,-207.0,2025.0
629,-141.30868214803158,2028.6480409004917
630,-89.7684956349242,2030.9136335606913
631,-88.0,2031.0
632,75.81726388612437,2039.324817533135
633,108.0,2041.0
634,210.7550507860313,2046.562666554581
635,263.0,2049.0
636,306.1731817582063,2050.811653102021
637,360.0,2054.0
638,595.0,2083.0
1,825.3992257453656,2110.4143813671913
2,919.0,2121.0
3,1002.0153044392588,2130.827502221159
4,1046.0,2136.0
5,1108.8624389507502,2143.2312932786112
6,1223.0,2156.0
7,1257.3925061953935,2159.8418261907727
8,1506.708998286061,2187.741638558447
9,1509.0,2188.0
10,1587.443742487978,2196.968201182725
11,1666.0,2206.0
12,1693.8148204102772,2209.1195425162273
13,1782.0,2219.0
14,2008.0284769361565,2244.7805537571185
15,2160.0,2262.0
16,2220.7679975678097,2268.492441165178
17,2271.0,2274.0
18,2350.161602715696,2283.269120491974
19,2496.0,2300.0
20,2572.0,2308.0
21,2630.051365659431,2314.6317098163713
22,2716.0,2325.0
23,2806.1860342463006,2335.464523518026
24,2962.0,2353.0
25,3117.0794035349777,2370.493014323763
26,3148.0,2374.0
27,3288.0,2390.0
28,3334.118445157812,2395.332430608717
29,3475.0,2411.0
30,3634.3082893373958,2424.9432768214524
31,3635.0,2425.0
32,3740.6711067283964,2433.6989276156864
33,3766.0,2436.0
34,3860.472338168275,2445.9371429037483
35,3861.0,2446.0
36,3939.6040201620854,2458.1380184539935
37,3952.0,2461.0
38,4109.43503097587,2508.03886062051
39,4121.0,2512.0
40,4183.4079425986065,2537.891009993124
41,4219.0,2569.0
42,4240.571802736806,2589.1964515634145
43,4290.265272439847,2640.7739616119316
44,4296.0,2648.0
45,4343.0,2728.0
46,4358.0,2767.0
47,4365.839823347685,2794.4669864634425
48,4386.941002862994,2904.872140642126
49,4390.0,2926.0
50,4397.54167968409,3020.8943155923293
51,4396.0,3102.0
52,4395.350433946325,3120.3128292229617
53,4390.110918190723,3231.4408726001834
54,4385.0,3310.0
55,4381.251720909902,3350.805779559357
56,4375.0,3400.0
57,4365.1041131881175,3469.6371404423326
58,4360.0,3503.0
59,4323.237007961635,3706.7726136679175
60,4323.0,3708.0
61,4301.0,3820.0
62,4277.0,3929.0
63,4269.547363867608,3959.6592426087695
64,4230.125161296373,4117.670381044608
65,4226.0,4134.0
66,4205.928773355743,4211.33871506977
67,4192.0,4261.0
68,4180.632704706461,4301.964847988938
69,4147.0,4422.0
70,4127.675127601269,4488.554909835376
71,4104.0,4567.0
72,4096.506307605219,4590.89509999523
73,4069.0,4673.0
74,4046.7333318881815,4731.605899549167
75,4033.0,4767.0
76,4002.2529749520395,4846.382858592172
77,3972.0,4901.0
78,3899.400363570375,5000.846307195485
79,3801.0,5119.0
80,3764.203214010909,5150.409436369148
81,3758.0,5154.0
82,3683.9065054526727,5198.644383341866
83,3587.0,5252.0
84,3547.932381952987,5269.7480806888525
85,3439.0,5309.0
86,3293.059862220933,5354.189194390388
87,3190.0,5386.0
88,3078.427883958649,5424.7802286452625
89,3000.0,5453.0
90,2900.939688997222,5485.596588496502
91,2807.0,5520.0
92,2661.119250475125,5584.13391050711
93,2643.0,5594.0
94,2428.893518782216,5781.76450647569
95,2403.0,5812.0
96,2368.112228185511,5855.52595165239
97,2315.0,5934.0
98,2295.6215815395703,5966.177552078252
99,2238.1629024759113,6070.476725936868
100,2193.0,6191.0
101,2147.2549130958305,6409.305454396769
102,2147.0,6411.0
103,2137.721465172231,6532.886433298891
104,2143.891111077141,6621.671236265935
105,2144.0,6623.0
106,2155.126148644627,6743.1290078253305
107,2161.0,6792.0
108,2172.0,6868.0
109,2184.669109412371,6952.590481789547
110,2195.0,7019.0
111,2214.233393668543,7137.406890607725
112,2246.0,7327.0
113,2262.8298179700073,7425.035159868072
114,2283.387974895795,7538.861100177295
115,2293.0,7592.0
116,2304.0,7653.0
117,2315.0127284664545,7714.371009785784
118,2334.0,7822.0
119,2347.6615573850227,7902.025987712006
120,2361.0,7984.0
121,2368.31680840902,8031.653673430033
122,2388.0,8171.0
123,2389.7382541799357,8184.166402606319
124,2405.0,8336.0
125,2407.673266400546,8381.578661863969
126,2418.0,8623.0
127,2418.704034399142,8642.859254112162
128,2420.0,8800.0
129,2419.849521278901,8823.727290793238
130,2419.0,8976.0
131,2418.405020063036,9035.980111142331
132,2416.0,9154.0
133,2407.033540836084,9404.119305144692
134,2407.0,9405.0
135,2403.161690598249,9503.45238656093
136,2400.0,9566.0
137,2397.77879475687,9607.659723485853
138,2390.05100929358,9744.167247050284
139,2390.0,9745.0
140,2379.0,9908.0
141,2368.3209338778042,10053.822792698988
142,2367.0,10072.0
143,2354.0,10252.0
144,2352.8514256308245,10266.717107880115
145,2339.0873566722053,10430.985153286536
146,2339.0,10432.0
147,2322.3835771934855,10623.312419374226
148,2309.0,10776.0
149,2303.3311442861136,10839.995873571143
150,2295.0,10919.0
151,2281.9812095794537,11021.45101754276
152,2265.1093887978654,11136.336812712252
153,2265.0,11137.0
154,2246.9353310467436,11234.154511255005
155,2242.0,11257.0
156,2227.081754161526,11318.31498263446
157,2207.0,11384.0
158,2191.4763377735735,11424.79617568929
159,2191.0,11426.0
160,2166.6223328560754,11485.742756309244
161,2136.0,11543.0
162,2077.3113168526975,11626.487378472197
163,2059.0,11650.0
164,2022.2540588351103,11687.736999628292
165,1996.0,11706.0
166,1975.0,11721.0
167,1970.2619690017866,11724.308900138984
168,1921.076975208545,11755.543950612298
169,1863.0,11770.0
170,1844.8995011719508,11771.671012054105
171,1776.0,11773.0
172,1744.5885108324583,11769.267806186068
173,1727.0,11761.0
174,1695.885157881968,11748.382736275373
175,1658.0,11728.0
176,1642.9907584556606,11718.152369188349
177,1577.9327518401515,11669.556387899072
178,1571.0,11664.0
179,1515.6059252448204,11611.476403315792
180,1492.5282509859474,11578.178843960146
181,1487.0,11570.0
182,1440.0,11495.0
183,1436.885680496673,11489.183536679346
184,1411.0,11437.0
185,1405.21578289499,11424.964332374977
186,1378.0,11363.0
187,1332.2502702973168,11234.274693145931
188,1322.0,11204.0
189,1305.1785082698877,11151.739035720897
190,1294.0,11115.0
191,1285.8157510937033,11089.105492529616
192,1246.0,10964.0
193,1214.547663862573,10863.561832956619
194,1196.0,10804.0
195,1179.261211306967,10749.344456014973
196,1167.0,10710.0
197,1164.2950349319747,10701.49519878097
198,1129.0,10591.0
199,1098.3600046378792,10493.456280487899
200,1051.1444106315075,10341.462864711488
201,1051.0,10341.0
202,1027.8681185279174,10267.18773190116
203,1025.0,10258.0
204,972.0,10088.0
205,967.9333121934962,10075.098762527226
206,925.0,9940.0
207,917.8899498744692,9917.677555737035
208,893.0,9840.0
209,889.595765100253,9829.51579720901
210,825.0,9635.0
211,794.6752987709684,9545.914283505028
212,785.0,9518.0
213,756.2177047117766,9436.334323602709
214,741.0,9393.0
215,688.0,9239.0
216,684.4224228461684,9228.749098061073
217,647.2213052292595,9123.511244448895
218,640.0,9103.0
219,580.596203170439,8933.441820610431
220,550.0,8846.0
221,520.2432152270808,8761.260715469536
222,508.0,8726.0
223,466.0,8605.0
224,444.7514389078473,8544.6418919998
225,396.271669635569,8408.490009507315
226,387.0,8382.0
227,359.0768060571471,8301.041217411277
228,339.0,8243.0
229,292.6785053514065,8109.995905537668
230,256.0,8005.0
231,202.73479082861255,7854.089411318677
232,174.0,7772.0
233,168.0029528969101,7754.790503985583
234,68.0,7467.0
235,61.8102990153697,7449.170869026328
236,14.42497375396848,7312.728794944437
237,-7.0,7252.0
238,-29.0,7190.0
239,-74.45532215597258,7059.756340056374
240,-154.0,6830.0
241,-158.8039762156468,6816.154703574334
242,-209.0,6673.0
243,-254.0,6546.0
244,-276.40244272357813,6482.145761331108
245,-304.0,6403.0
246,-340.0738241347898,6299.3502681297605
247,-382.0,6179.0
248,-388.65306729930103,6159.935636966277
249,-482.2511325824513,5892.257496618779
250,-489.0,5873.0
251,-523.8016820791983,5773.937778376091
252,-568.7570735603273,5646.688720262932
253,-569.0,5646.0
254,-637.215195574331,5451.713399327371
255,-643.0,5435.0
256,-688.0,5304.0
257,-750.580142369608,5124.734450471495
258,-813.0,4947.0
259,-851.4510524674522,4837.924763462277
260,-871.0,4782.0
261,-942.271778309462,4577.087465946784
262,-943.0,4575.0
263,-1004.743922848013,4398.470220889543
264,-1027.0,4335.0
265,-1080.7885328460643,4182.264368747534
266,-1121.0,4068.0
267,-1125.689068663291,4054.6217188532382
268,-1168.0,3934.0
269,-1218.8226270478058,3790.6700034362657
270,-1287.0,3600.0
271,-1303.6357119930472,3553.7760889858055
272,-1368.731804791821,3374.7375569121073
273,-1369.0,3374.0
274,-1429.6784361220414,3206.886413673151
275,-1430.0,3206.0
276,-1493.889927128407,3029.831403563405
277,-1500.0,3013.0
278,-1543.0,2895.0
279,-1587.4872505893493,2774.43681380632
280,-1602.0,2735.0
281,-1647.7860251875795,2609.855719568916
282,-1728.241483755451,2388.885842827526
283,-1748.0,2335.0
284,-1784.8451919189683,2235.5450600799177
285,-1824.2006658793343,2131.946211624888
286,-1844.0,2080.0
287,-1879.2203104029697,1987.297455591125
288,-1895.0,1945.0
289,-1984.0,1702.0
290,-2003.2492296299536,1648.6704372183442
291,-2039.0,1541.0
292,-2057.265973039098,1485.0282493345676
293,-2114.0,1309.0
294,-2154.633359904212,1164.8036250429263
295,-2171.0,1097.0
296,-2178.8801195473234,1062.3554332658491
297,-2188.16531540885,986.3398795818736
298,-2189.0,976.0
299,-2195.0,893.0
300,-2197.0569421326877,852.4559601499482
301,-2194.0,824.0
302,-2193.1880042377898,815.6381556027854
303,-2189.0,773.0
304,-2183.0557691930367,735.832516612382
305,-2182.0,731.0
306,-2166.0,677.0
307,-2156.712321099169,654.3536625110615
308,-2155.0,651.0
309,-2125.670106056198,608.8733364488161
310,-2123.0,606.0
311,-2104.9979432017694,590.2469234969838
312,-2093.0,583.0
313,-2048.0,569.0
314,-2038.284752991121,567.8407827610915
315,-2014.0,568.0
316,-1962.7522575370924,573.6158436763457
317,-1945.0,576.0
318,-1909.1814019856758,582.7298227397179
319,-1899.0,585.0
320,-1847.0,596.0
321,-1828.175062836023,599.8784753712769
322,-1786.0,606.0
323,-1757.6930988992035,607.3951271149331
324,-1681.4498659412136,606.3857395115679
325,-1676.0,606.0
326,-1651.4372613916717,601.9161544589961
327,-1633.0,594.0
328,-1612.7743373026947,585.1354832501453
329,-1578.0,564.0
330,-1551.7375632238152,538.7254024232832
331,-1506.0,481.0
332,-1496.11876992097,465.90700240897945
333,-1485.6466889435221,442.5625000806591
334,-1482.0,434.0
335,-1463.0,389.0
336,-1451.219014233173,356.71487497251496
337,-1437.0,310.0
338,-1406.4332131635638,199.59536623652022
339,-1402.0,183.0
340,-1393.5842380405616,150.2100321764817
341,-1382.0,100.0
342,-1369.9395552860155,50.30018220521106
343,-1342.0971670894878,-63.59796126614022
344,-1342.0,-64.0
345,-1326.7006145588064,-127.1083262501735
346,-1322.0,-145.0
347,-1265.0,-354.0
348,-1256.4857384744537,-383.63631785213636
349,-1242.1386559867763,-428.9366499008148
350,-1225.1617965185987,-476.1207540275391
351,-1222.0,-485.0
352,-1192.0,-568.0
353,-1162.5201007432142,-640.920310621302
354,-1149.0,-673.0
355,-1102.0,-781.0
356,-1065.4969162633956,-857.1774990329283
357,-1043.0,-901.0
358,-1008.6266959494212,-963.8318895030859
359,-944.3550289949601,-1072.4158274394692
360,-944.0,-1073.0
361,-883.0,-1171.0
362,-779.0,-1323.0
363,-772.0679153412253,-1332.6092951515125
364,-713.248067975242,-1411.35391317903
365,-650.0,-1490.0
366,-634.1947467975442,-1508.8724306586773
367,-560.4953733811515,-1593.9661891471103
368,-522.0,-1637.0
369,-450.37371732637763,-1714.2657116710077
370,-440.0,-1725.0
371,-358.0,-1806.0
372,-322.5696811268655,-1839.4798207739204
373,-212.1621735347718,-1940.7706170789736
374,-164.0,-1984.0
375,-93.46724479765734,-2045.3068656445132
376,-40.0,-2091.0
377,4.2184755672765775,-2129.1359554098453
378,68.0,-2184.0
379,136.7041039267779,-2242.344210956816
380,309.0,-2387.0
381,402.42809087763203,-2465.5014590831133
382,524.0,-2568.0
383,585.549680345081,-2620.079811801925
384,717.9923377811236,-2732.0162456131693
385,743.0,-2753.0
386,780.0,-2784.0
387,841.1318742027141,-2835.5694003688764
388,903.0,-2888.0
389,992.9215054667962,-2964.0858600922747
390,1058.0,-3019.0
391,1119.2181417113402,-3070.483391332182
392,1228.0,-3162.0
393,1264.009563242091,-3192.5089429552027
394,1365.6698359911006,-3278.8758062275583
395,1380.0,-3291.0
396,1480.4573623749816,-3375.656668940287
397,1533.0,-3420.0
398,1612.323666032122,-3487.455006971338
399,1674.0,-3539.0
400,1817.7947604162187,-3657.8519588133777
401,1890.0,-3717.0
402,2037.189254185795,-3834.671045253717
403,2132.0,-3907.0
404,2148.3743590169415,-3919.5042166529083
405,2205.4828581301585,-3963.1605818860517
406,2312.0,-4039.0
407,2365.8430183961314,-4076.126229964297
408,2535.344607958042,-4191.386144318286
409,2569.0,-4214.0
410,2662.0691409416,-4274.402403211344
411,2700.0,-4298.0
412,2908.0,-4425.0
413,3009.9272527136045,-4482.69094842187
414,3060.0,-4510.0
415,3157.664471068186,-4560.813566106146
416,3200.0,-4582.0
417,4051.0,-4963.0
418,4114.337953117398,-4988.713715978292
419,4241.85807804305,-5039.243624523387
420,4342.0,-5078.0
421,4410.578223363581,-5104.183040744115
422,4444.0,-5117.0
423,4569.0,-5166.0
424,4635.300689587972,-5192.223588966348
425,4741.0,-5234.0
426,4794.089086693923,-5254.878452719501
427,4846.0,-5275.0
428,4915.178297869712,-5300.83147670796
429,5010.0,-5330.0
430,5020.426856693539,-5332.357842815656
431,5062.0,-5340.0
432,5144.984822014877,-5346.443479017604
433,5166.0,-5346.0
434,5326.0,-5317.0
435,5336.343900389462,-5313.75583751624
436,5434.2310904686365,-5275.050323160431
437,5443.0,-5271.0
438,5499.116712198534,-5241.801806695552
439,5538.0,-5214.0
440,5633.0,-5132.0
441,5650.937624434029,-5115.596463385339
442,5691.662465171483,-5074.614325276187
443,5724.0,-5009.0
444,5763.650308092638,-4911.54223291147
445,5779.0,-4872.0
446,5801.034751997642,-4811.072106113448
447,5802.46277345247,-4757.923468176223
448,5796.0,-4705.0
449,5777.49147455996,-4564.741764254145
450,5774.0,-4541.0
451,5762.952474735838,-4495.2053266997555
452,5759.0,-4484.0
453,5722.0,-4379.0
454,5701.415237029509,-4331.656580396375
455,5661.0,-4256.0
456,5609.0,-4173.0
457,5586.039963062253,-4139.256180452942
458,5528.0,-4067.0
459,5397.0,-3941.0
460,5361.585516250362,-3915.8380091740028
461,5263.426383409434,-3866.126857683948
462,5166.0,-3832.0
463,5080.664758628173,-3812.9888060309436
464,5015.0,-3805.0
465,4862.0,-3790.0
466,4805.085003276367,-3786.0379252517264
467,4696.0,-3774.0
468,4525.978980493498,-3741.102396447449
469,4451.0,-3726.0
470,4379.929952004646,-3713.579658641793
471,4331.0,-3709.0
472,4286.469579532741,-3704.205856196904
473,4141.0,-3689.0
474,4030.697489243882,-3680.0564306252268
475,4030.0,-3680.0
476,3945.0,-3673.0
477,3915.499267710751,-3670.6781138373653
478,3689.0,-3654.0
479,3448.4351177120793,-3634.481044285352
480,3312.0,-3624.0
481,3268.2540470604717,-3622.0725193600083
482,3194.0,-3612.0
483,2999.7760826540384,-3578.3738845472967
484,2934.0,-3566.0
485,2835.751988961093,-3539.785089587523
486,2794.0,-3519.0
487,2750.734761674021,-3498.1898940073024
488,2574.6990189736516,-3410.38751886499
489,2574.0,-3410.0
490,2520.0,-3379.0
491,2264.0,-3216.0
492,2247.054684179362,-3203.7624785575367
493,2067.7226986217333,-3066.578005731395
494,2067.0,-3066.0
495,1971.5249022208827,-2983.744986549968
496,1904.0,-2908.0
497,1844.7918448036726,-2836.0303769097823
498,1821.0,-2800.0
499,1721.0,-2611.0
500,1685.5338234167682,-2534.1526780701383
501,1640.9816115206595,-2358.521241811751
502,1636.0,-2331.0
503,1606.0,-2186.0
504,1596.8346169440997,-2133.5352225162987
505,1585.2403559684535,-2051.0169550206037
506,1583.0,-2031.0
507,1578.2124072398265,-1975.7085653599556
508,1575.0,-1915.0
509,1574.0,-1846.0
510,1574.288999835405,-1836.6698572264552
511,1583.8904439539147,-1698.2710216851851
512,1584.0,-1697.0
513,1588.2145082212935,-1655.8002873283237
514,1595.0,-1628.0
515,1606.089965884762,-1587.1666161380122
516,1615.0,-1561.0
517,1796.0,-1411.0
518,1801.701223463816,-1409.6712518002882
519,1875.0,-1399.0
520,1885.2061487540159,-1398.2038144476705
521,1941.0,-1397.0
522,1951.0,-1397.0
523,2034.2001349457398,-1401.8538740238916
524,2092.0,-1408.0
525,2196.902261449429,-1421.3188707196039
526,2245.0,-1419.0
527,2303.3072574335038,-1409.125931899342
528,2390.6300333199065,-1386.0065750944868
529,2411.0,-1379.0
530,2445.109420698761,-1363.5223725922858
531,2475.7579958615024,-1341.7435561659147
532,2486.0,-1334.0
533,2535.652548418059,-1295.3502740378547
534,2596.0,-1245.0
535,2642.9995134881337,-1199.4544695338438
536,2678.0,-1156.0
537,2694.0893279001675,-1131.6148073973661
538,2709.0,-1106.0
539,2741.0,-1021.0
540,2750.165886178968,-974.195047336734
541,2764.0,-886.0
542,2767.8109127590337,-861.0186240394291
543,2774.0,-767.0
544,2774.8865088790576,-727.3996586567524
545,2777.0,-606.0
546,2773.983180467227,-546.1652098309012
547,2769.0,-523.0
548,2746.0,-422.0
549,2724.6440454485437,-366.06552375925884
550,2703.0,-323.0
551,2658.0,-257.0
552,2644.127254076383,-241.653807593708
553,2571.639461216416,-171.428972746472
554,2548.0,-150.0
555,2504.330886497466,-114.43225207506083
556,2460.6474279209338,-90.34960647809974
557,2460.0,-90.0
558,2398.0,-58.0
559,2366.2629650925355,-44.663420611611194
560,2331.0,-33.0
561,2187.0473140253885,-8.87267337962628
562,2150.0,-6.0
563,2090.9832795532175,-5.512094362417402
564,2045.0,-9.0
565,2010.4560659111808,-12.468102779409481
566,1892.5214355042372,-26.57589705235294
567,1821.0,-36.0
568,1694.6420765198015,-54.825751146434456
569,1600.0,-70.0
570,1593.0741804032448,-71.04998528517645
571,1437.0,-92.0
572,1419.399896309604,-94.27749718871895
573,1244.0,-117.0
574,1173.3724057672362,-126.28479916866264
575,1043.2567892627083,-144.25783864013107
576,981.0,-154.0
577,951.4995400863061,-158.98230472255537
578,840.7535438954689,-178.81385881769438
579,788.0,-188.0
580,590.0,-222.0
581,416.67634202307397,-248.89784391881585
582,387.0,-252.0
583,299.1658141531101,-260.29942356572184
584,198.0,-262.0
585,184.0,-261.0
586,96.02386901474344,-249.7545275350941
587,-97.20113514350325,-196.8692932292942
588,-114.0,-190.0
589,-369.92001004418717,-38.02277346844151
590,-424.0,5.0
591,-448.8361757617396,27.531581162635874
592,-497.29604727757925,84.43167948827782
593,-517.0,112.0
594,-569.5827346171408,191.49902036873942
595,-616.0,266.0
596,-734.0157651294778,463.4237115752871
597,-751.0,492.0
598,-797.8639194800088,570.157196338987
599,-818.0,604.0
600,-916.0,773.0
601,-936.0889963208837,809.9130550370724
602,-1010.0,970.0
603,-1049.4098008339326,1082.354712465564
604,-1065.0,1133.0
605,-1098.92675822637,1280.8550461073282
606,-1112.9637553562188,1386.7131108550511
607,-1113.0,1387.0
608,-1117.290855226465,1428.565239137738
609,-1118.0,1441.0
610,-1120.8481397506775,1513.574682236091
611,-1121.0,1523.0
612,-1116.0,1639.0
613,-1115.1373449141624,1646.3914251971007
614,-1103.4672841163613,1713.6953161644894
615,-1099.0,1735.0
616,-1087.6713384462946,1778.8474691096537
617,-1077.0,1801.0
618,-1045.189781803136,1853.7199665449186
619,-1045.0,1854.0
620,-799.730069073468,1967.920557083648
621,-799.0,1968.0
622,-646.0,1981.0
623,-625.5542698910903,1982.5004530855856
624,-588.2596009446409,1984.641558423065
625,-563.409717712143,1987.639692363394
626,-517.0,1994.0
627,-449.3638703807564,2003.3935507200486
628,-379.0,2013.0
629,-315.0222165872052,2020.8641920427285
630,-248.0,2023.0
631,-208.4024917836266,2024.8299141546881
632,-164.0,2027.0
633,-106.46270443830679,2029.7090026483488
634,5.64027601485234,2035.107493139169
635,23.0,2036.0
636,195.0,2045.0
637,223.40881136986667,2046.4303758370095
638,338.0,2053.0
639,356.88715269458754,2054.716263999192
640,462.0,2066.0
641,522.5905514221428,2073.808873538411
642,573.0,2081.0
1,763.573888308578,2104.0730607884416
2,815.0,2110.0
3,880.5684147645079,2117.2297457886825
4,987.0,2129.0
5,1121.2009018855276,2144.3052994626996
6,1232.0,2157.0
7,1343.9076920029406,2169.4776900578718
8,1385.0,2174.0
9,1582.0,2196.0
10,1608.2448862447818,2199.0124412591304
11,1738.0,2214.0
12,1831.5118541390852,2224.4700068230472
13,1917.0,2234.0
14,2035.754267356047,2247.3387409712414
15,2156.0,2261.0
16,2167.1546735580664,2262.2838836384203
17,2259.0,2273.0
18,2307.4484111819806,2278.4933978067356
19,2482.0,2298.0
20,2554.8729640845268,2306.164129769083
21,2678.0,2320.0
22,2710.384109118134,2323.6429781168063
23,2891.0,2344.0
24,2921.2294139820924,2347.421672086236
25,3153.0,2374.0
26,3166.2431084236596,2375.541533170538
27,3308.0,2392.0
28,3322.0120009851967,2393.592331355796
29,3370.0,2399.0
30,3475.6732653046256,2410.843030923417
31,3579.0,2421.0
32,3665.7728098952075,2426.790401764118
33,3727.0,2432.0
34,3912.9671231614147,2454.599813246835
35,3945.0,2459.0
36,4010.4392213003384,2469.586866159214
37,4053.0,2486.0
38,4148.175124029735,2525.2552401284775
39,4179.0,2542.0
40,4236.718288556299,2584.785580761458
41,4305.0,2659.0
42,4317.802243723779,2674.941489410202
43,4366.3877702084665,2787.775643847981
44,4369.0,2801.0
45,4393.0,2963.0
46,4396.617418236114,2997.1820432670893
47,4396.0,3033.0
48,4395.984945977296,3060.1159407047608
49,4395.9832477028285,3136.927457703158
50,4395.0,3166.0
51,4394.0,3184.0
52,4391.841683428648,3214.274219404412
53,4374.155087402187,3401.5062304172793
54,4374.0,3403.0
55,4367.763602825178,3458.4765825536538
56,4355.0,3533.0
57,4343.09499907958,3598.5781391502624
58,4316.0,3746.0
59,4308.9470726680765,3783.9472152471894
60,4303.0,3813.0
61,4297.836987033885,3837.1322203959517
62,4262.0,3995.0
63,4253.479404287132,4029.1931288831584
64,4235.0,4100.0
65,4216.222078557232,4170.164326175647
66,4203.0,4219.0
67,4170.0,4340.0
68,4163.549873398218,4363.669938297014
69,4143.0,4438.0
70,4094.0,4598.0
71,4090.3857233550643,4608.974174435767
72,4047.5740748810513,4730.417805146597
73,4026.0,4783.0
74,3989.475151227588,4863.097285180017
75,3959.0,4925.0
76,3924.0760512752445,4986.394325561744
77,3894.0,5022.0
78,3761.0,5152.0
79,3747.1238928769694,5164.27661306705
80,3542.3789335551764,5271.50810303865
81,3541.0,5272.0
82,3421.8706047070423,5314.395427464069
83,3420.0,5315.0
84,3215.0,5378.0
85,3199.6028744021205,5382.778151002662
86,3106.2127428462954,5414.363886574405
87,3054.0,5434.0
88,2998.729839096063,5453.79221367595
89,2823.0,5515.0
90,2769.0,5534.0
91,2745.1499183852166,5543.471277399085
92,2623.4405952697675,5607.084935141042
93,2610.0,5616.0
94,2336.0,5902.0
95,2275.9594648938405,5997.937921483822
96,2221.0,6114.0
97,2215.1244050968503,6129.428072265968
98,2167.2747877340353,6289.6750629774815
99,2151.0,6373.0
100,2142.2181337960674,6446.867650815625
101,2149.409758103113,6688.041607121765
102,2151.0,6706.0
103,2162.181922610914,6807.192951390039
104,2189.0193060823763,6980.534558395258
105,2191.0,6993.0
106,2210.0,7112.0
107,2225.9019104032714,7208.588149123174
108,2254.65937115745,7379.142909066008
109,2263.0,7427.0
110,2299.0,7623.0
111,2303.3547009717413,7646.002951724335
112,2322.355383617757,7746.974933928637
113,2340.0,7853.0
114,2371.884913746444,8057.424564069481
115,2376.0,8084.0
116,2394.3598064174394,8217.088415201712
117,2396.0,8240.0
118,2411.7195562671704,8476.641419845377
119,2417.0,8571.0
120,2419.7722759566245,8639.29253113466
121,2420.0,8762.0
122,2419.9006496878565,8776.365232552875
123,2418.0,9018.0
124,2418.0191886145703,9038.535772507368
125,2418.0,9050.0
126,2412.0,9267.0
127,2410.1419976889956,9318.037219297434
128,2402.0,9525.0
129,2397.28657723804,9626.735442048774
130,2390.0,9751.0
131,2384.7484982387296,9826.727257707564
132,2382.0,9865.0
133,2357.0,10206.0
134,2354.969788849391,10233.904135968634
135,2345.0,10369.0
136,2344.166887280135,10379.499876606242
137,2330.0,10548.0
138,2321.4873201815535,10642.761058991955
139,2302.0,10853.0
140,2295.6700234275104,10918.50594790902
141,2287.3767777804487,10990.766788167397
142,2279.0,11048.0
143,2277.659495685745,11057.107472108462
144,2264.0,11146.0
145,2262.212682281297,11156.378958973046
146,2233.418845637204,11290.387785438807
147,2233.0,11292.0
148,2199.0,11405.0
149,2190.3393092907145,11429.066474428104
150,2151.7349927013825,11514.617770857378
151,2151.0,11516.0
152,2119.835877633249,11569.511126176838
153,2115.0,11577.0
154,2080.0,11625.0
155,2042.0,11666.0
156,2038.052081018999,11669.949629429819
157,1993.0276465818883,11710.857881982774
158,1953.0,11734.0
159,1919.894488308222,11748.44101480755
160,1856.0,11771.0
161,1811.4148474042604,11779.717756818649
162,1779.625391365159,11772.926318788108
163,1775.0,11772.0
164,1738.0665108370315,11764.209899848292
165,1725.0,11760.0
166,1712.0,11755.0
167,1641.668734051344,11717.207065221332
168,1628.0,11708.0
169,1580.0,11671.0
170,1574.8113469398384,11666.337525166802
171,1522.8052993522028,11614.620143052634
172,1510.0,11600.0
173,1429.0,11474.0
174,1424.8614881249446,11466.883890372406
175,1413.920349564899,11448.916875379417
176,1391.0,11394.0
177,1377.2336527753005,11358.468560672756
178,1341.0,11263.0
179,1319.7576380727885,11203.572085941578
180,1302.0,11143.0
181,1295.222929980571,11120.847331232108
182,1256.2390515596155,10994.874335719864
183,1241.0,10946.0
184,1232.8919461540584,10920.279307199398
185,1224.8408556059167,10895.544532505994
186,1219.0,10877.0
187,1169.4129007055526,10718.132093547794
188,1150.0,10656.0
189,1120.2232379736404,10561.987657201926
190,1108.0,10523.0
191,1091.637581970493,10470.350492270542
192,1080.0,10433.0
193,1054.9002812296285,10353.220778906812
194,1032.0,10281.0
195,1024.94178615414,10258.783041198034
196,978.6652542561698,10112.715957382637
197,971.0,10088.0
198,934.9666644799929,9970.763851480551
199,929.0,9952.0
200,880.0,9801.0
201,875.976399226733,9788.675327857902
202,838.0,9675.0
203,823.3467889602023,9632.309249750933
204,752.6242151345964,9427.073259074881
205,735.0,9376.0
206,708.4003746765202,9299.086508313843
207,679.0,9215.0
208,593.9468251908148,8971.798756810102
209,573.0,8912.0
210,545.5160705330497,8833.687755038321
211,500.1952532781824,8704.988805172268
212,489.0,8673.0
213,464.17165457993985,8601.665285764277
214,414.0,8457.0
215,350.5586838717019,8275.57997260084
216,350.0,8274.0
217,295.0,8119.0
218,254.0,8000.0
219,241.46191193284267,7964.016873736533
220,196.84640967097678,7837.408464217095
221,196.0,7835.0
222,116.0,7607.0
223,71.70646538380966,7480.883424503353
224,62.0,7453.0
225,39.06550359862382,7386.987042007638
226,3.0,7283.0
227,-20.586940323673822,7214.869821840667
228,-81.62334354192129,7038.414311645118
229,-110.0,6957.0
230,-125.0135440085751,6914.205024181012
231,-188.0,6736.0
232,-213.52721189379866,6663.184815150153
233,-249.0,6561.0
234,-260.5538370372451,6527.411739992878
235,-293.0,6433.0
236,-349.2416627171381,6273.330456075335
237,-355.0,6257.0
238,-423.0,6063.0
239,-439.31439967723236,6016.665322651166
240,-480.0,5901.0
241,-530.0274701636558,5756.359621539354
242,-548.0,5705.0
243,-571.0,5640.0
244,-621.5590173268953,5494.59479408867
245,-634.0,5459.0
246,-698.0,5278.0
247,-702.7034547743568,5264.537694277846
248,-745.0080191209576,5141.834531410199
249,-762.0,5093.0
250,-809.0,4960.0
251,-843.5881158692022,4861.6035116194125
252,-940.1962254376925,4585.159128417997
253,-949.0,4560.0
254,-1039.1415874720171,4303.095285789185
255,-1049.0,4275.0
256,-1083.6880450865524,4175.912558276184
257,-1108.0,4106.0
258,-1127.4574178437424,4049.886171694423
259,-1176.469292035542,3908.6353167252723
260,-1202.0,3836.0
261,-1249.9432696950987,3701.8999056489156
262,-1287.0,3600.0
263,-1348.3861082210929,3432.6910214485797
264,-1349.0,3431.0
265,-1404.0,3278.0
266,-1434.217652545929,3194.608416161277
267,-1472.0,3091.0
268,-1521.6954485032509,2954.791773935133
269,-1534.0,2921.0
270,-1602.0,2734.0
271,-1676.3225842341049,2530.857349500256
272,-1677.0,2529.0
273,-1733.0,2375.0
274,-1737.4660316047282,2362.9957400208373
275,-1822.0,2139.0
276,-1827.9787732902962,2123.1979523754158
277,-1893.0,1951.0
278,-1944.0,1814.0
279,-1955.3064575694962,1782.8124261143269
280,-2005.0,1641.0
281,-2038.6703515645775,1541.0316013972931
282,-2065.0,1462.0
283,-2079.857003546331,1417.8239452517064
284,-2115.0,1307.0
285,-2150.1549828748175,1181.4495389234207
286,-2159.0,1149.0
287,-2176.282480948261,1082.896715898927
288,-2180.0,1048.0
289,-2180.6786826064435,1042.4179421595763
290,-2190.0,968.0
291,-2192.1170372132274,950.1576726965181
292,-2195.0,903.0
293,-2194.7286022060134,866.6194157604546
294,-2193.0,805.0
295,-2192.4631961063915,791.616144718572
296,-2185.1612554883523,744.4558702256122
297,-2184.0,740.0
298,-2165.277089599323,673.7417345665287
299,-2165.0,673.0
300,-2139.27747332131,625.351994084846
301,-2111.0,595.0
302,-2098.9016425282202,585.606638358578
303,-2067.0,573.0
304,-2064.286682213353,572.3475116304277
305,-2053.0,570.0
306,-2035.9151827131702,567.9351831258915
307,-2015.0,568.0
308,-1978.1773792932504,571.7948738432125
309,-1930.0801012573681,579.4966671198013
310,-1916.0,582.0
311,-1890.952714137534,587.3747801248912
312,-1870.0,592.0
313,-1866.3735327563397,592.7265064082436
314,-1825.4385490257816,600.3586518908149
315,-1803.0,604.0
316,-1782.0527828021504,606.9552575333471
317,-1743.0,610.0
318,-1711.7397655413438,609.3980930948385
319,-1693.0,608.0
320,-1645.0,598.0
321,-1640.3890586336404,596.4307173934162
322,-1576.0,563.0
323,-1568.0,556.0
324,-1548.4889390562246,537.151418701936
325,-1519.0,502.0
326,-1512.801582012486,492.6440850572615
327,-1488.0,446.0
328,-1475.827759767366,419.70739699168894
329,-1462.0,386.0
330,-1457.9677962626693,374.99508087187724
331,-1442.0,326.0
332,-1434.7481685720381,301.9071346182752
333,-1420.1051897078055,249.82703080146214
334,-1418.0,242.0
335,-1400.152200884371,173.10275997189075
336,-1394.0,149.0
337,-1384.5964907608848,112.18041257942672
338,-1374.0,70.0
339,-1368.0229777713814,45.21654022792147
340,-1361.0,16.0
341,-1342.2233686661202,-60.101056134358046
342,-1342.0,-61.0
343,-1326.0,-125.0
344,-1317.3923560201079,-159.19241312683857
345,-1297.0,-239.0
346,-1292.3009969793811,-256.9245532186727
347,-1267.0,-348.0
348,-1242.1115368501542,-427.2175595755556
349,-1231.0,-461.0
350,-1203.322125828392,-539.558758945163
351,-1189.0,-576.0
352,-1129.1308180461488,-719.753976393488
353,-1107.0,-770.0
354,-1063.8655498670732,-861.1537056993175
355,-1008.0,-966.0
356,-1004.4506412546956,-972.4553048946539
357,-944.0,-1075.0
358,-899.183946574279,-1145.1911514996955
359,-845.0,-1227.0
360,-838.591498305585,-1236.399097604161
361,-761.0,-1346.0
362,-697.271339441859,-1431.3728552575612
363,-696.0,-1433.0
364,-617.0,-1529.0
365,-536.5036981168129,-1622.2218663908457
366,-516.0,-1645.0
367,-400.6162449572102,-1765.155054323944
368,-366.0,-1799.0
369,-308.5187622503716,-1853.6419595481564
370,-238.0,-1919.0
371,-201.9179761925027,-1951.880178767126
372,-96.01503934328116,-2043.818672413691
373,-24.0,-2105.0
374,114.0,-2222.0
375,177.88764017169882,-2276.1989919711077
376,236.38358003645567,-2326.023714818748
377,279.0,-2362.0
378,396.71820512364513,-2460.9243118967297
379,398.0,-2462.0
380,548.0848990379591,-2588.061905265337
381,561.0,-2599.0
382,628.0,-2656.0
383,684.20953612968,-2703.523721402559
384,787.0,-2790.0
385,815.1258612264969,-2813.7021228222075
386,986.0,-2958.0
387,1070.7748615719809,-3029.992574200639
388,1111.0,-3064.0
389,1156.9709245673523,-3102.675053557219
390,1237.0,-3170.0
391,1287.1836276533752,-3212.4877427791316
392,1388.1355556767555,-3298.267215457246
393,1402.0,-3310.0
394,1504.0,-3396.0
395,1542.7426752104218,-3428.676596797129
396,1682.3318838015587,-3546.385528009365
397,1737.0,-3592.0
398,1858.9696253320863,-3692.163812121502
399,1897.0,-3723.0
400,1988.6166105564398,-3796.141523956523
401,1991.0,-3798.0
402,2238.0,-3985.0
403,2300.1411657296458,-4030.8748106508983
404,2406.2189568293206,-4104.787537062703
405,2408.0,-4106.0
406,2582.0,-4223.0
407,2608.119607425939,-4240.1830396689165
408,2729.0,-4317.0
409,2940.0,-4443.0
410,2972.328792810631,-4461.773395317121
411,3141.142648902389,-4553.2210617864785
412,3189.0,-4577.0
413,4176.9557465658745,-5013.4779788239575
414,4196.0,-5021.0
415,4330.0,-5073.0
416,4374.557420012294,-5090.247659373982
417,4558.859681392713,-5162.099465792739
418,4579.0,-5170.0
419,4810.0,-5261.0
420,4915.186540388336,-5303.095124217514
421,4968.0,-5319.0
422,4977.610806273861,-5321.604490500698
423,5024.0,-5333.0
424,5069.845243480517,-5340.750526829518
425,5161.932436515804,-5346.0238962054855
426,5163.0,-5346.0
427,5261.0,-5334.0
428,5338.836881340484,-5315.414509612176
429,5397.0,-5292.0
430,5436.100725637676,-5272.11080269863
431,5570.496430235842,-5190.332733608512
432,5571.0,-5190.0
433,5662.4826507855405,-5098.804078477112
434,5663.0,-5098.0
435,5759.592820408348,-4931.828762006592
436,5760.0,-4931.0
437,5785.0,-4842.0
438,5790.161110846293,-4801.124038529535
439,5796.0,-4721.0
440,5789.508190200001,-4626.09156660031
441,5788.0,-4615.0
442,5774.0,-4538.0
443,5772.202404763144,-4530.06061674121
444,5732.0,-4404.0
445,5705.8699836670185,-4344.31618732507
446,5666.0,-4265.0
447,5610.522277984096,-4175.971839243488
448,5537.0,-4078.0
449,5513.682925222023,-4048.0405520739423
450,5444.0,-3980.0
451,5416.807507503774,-3959.494335012244
452,5275.548961204424,-3867.79831017771
453,5274.0,-3867.0
454,5159.0,-3830.0
455,5130.945210485862,-3824.149671943248
456,4934.0,-3796.0
457,4758.0,-3782.0
458,4717.9382249175005,-3776.1699763013903
459,4580.0,-3751.0
460,4541.993265246189,-3744.0558582876674
461,4412.584796708837,-3721.6933400827447
462,4277.0,-3702.0
463,4254.338667631778,-3699.2177713414194
464,4181.134957543761,-3692.357779462313
465,4127.0,-3688.0
466,3875.541306884337,-3668.2358543195655
467,3834.0,-3665.0
468,3564.0,-3644.0
469,3535.337122349276,-3641.6387719855766
470,3469.348683698589,-3635.9167039258355
471,3390.0,-3630.0
472,3259.0,-3619.0
473,3106.3233517639956,-3594.5730071010557
474,2900.1492530630344,-3556.1978071482226
475,2899.0,-3556.0
476,2843.2425587375424,-3540.7244259132394
477,2815.0,-3527.0
478,2582.0,-3414.0
479,2521.763503118578,-3383.70842313672
480,2454.364574330741,-3340.615001594159
481,2436.0,-3328.0
482,2363.7176242637397,-3279.193172164057
483,2175.0,-3150.0
484,2082.6147015918946,-3079.881590313658
485,2010.0,-3016.0
486,1958.686194630718,-2965.295198752293
487,1866.0,-2861.0
488,1858.4407190501643,-2851.425401710958
489,1774.0,-2723.0
490,1716.843824611278,-2600.1000883726942
491,1716.0,-2598.0
492,1676.0,-2482.0
493,1667.0430510871147,-2450.599614382888
494,1619.0,-2253.0
495,1608.6681033419404,-2203.7575680447953
496,1600.0,-2148.0
497,1597.687556392786,-2132.020224315469
498,1583.3604368590013,-2025.8854900477618
499,1582.0,-2014.0
500,1574.230481582147,-1906.622669550534
501,1574.0,-1897.0
502,1574.0,-1848.0
503,1574.7695886352772,-1822.6318614215836
504,1579.5135740528845,-1745.2754603475694
505,1584.0,-1695.0
506,1591.4204972099783,-1642.6673643109846
507,1600.0,-1610.0
508,1601.3290981164218,-1605.702444829828
509,1621.2145442453618,-1550.6518038476715
510,1628.0,-1535.0
511,1638.4209454049776,-1514.0761276594146
512,1655.0,-1492.0
513,1706.0,-1447.0
514,1715.9151174069827,-1439.7384570163395
515,1760.2907228604086,-1419.898617334721
516,1782.0,-1415.0
517,1832.4309740792573,-1405.1635542627657
518,1869.0,-1400.0
519,1893.0,-1398.0
520,1918.4998934973887,-1397.234937580712
521,1967.0,-1398.0
522,2032.0,-1402.0
523,2044.7141355547603,-1403.2813103791834
524,2094.0,-1409.0
525,2140.781437667985,-1414.3969912745952
526,2171.0,-1417.0
527,2237.574489199142,-1419.342373066124
528,2247.0,-1419.0
529,2352.2663948410095,-1400.7379742963385
530,2374.0,-1394.0
531,2426.59955380867,-1371.2858748939973
532,2465.0,-1348.0
533,2539.0,-1295.0
534,2550.4218038458525,-1285.8013718417988
535,2582.0,-1258.0
536,2626.55867028067,-1216.302377423476
537,2654.0,-1187.0
538,2677.102148670756,-1157.8903663862716
539,2698.0,-1126.0
540,2715.30343575819,-1093.233311936186
541,2733.0,-1049.0
542,2752.7707216074614,-971.1290429462064
543,2753.0,-970.0
544,2763.9936096754,-899.8259665087718
545,2769.0,-842.0
546,2777.895469027675,-702.923426752077
547,2778.0,-701.0
548,2780.3335326395095,-637.8045218829104
549,2776.656679411749,-601.6547153273515
550,2776.0,-594.0
551,2770.0,-533.0
552,2767.048195497319,-514.6256988503457
553,2746.976701793353,-428.9930422557514
554,2732.0,-381.0
555,2700.1015486033093,-312.7658714779381
556,2672.0,-274.0
557,2636.2515028574962,-231.77142814291736
558,2613.0,-207.0
559,2579.2834366600914,-175.1088682751219
560,2578.0,-174.0
561,2444.089412593998,-80.99562208289373
562,2414.0,-66.0
563,2250.887187841036,-16.1945257979482
564,2229.0,-12.0
565,2164.0,-7.0
566,2099.735556552155,-6.41797918508295
567,2066.0,-8.0
568,1968.5066620023815,-17.333186664956337
569,1831.0,-35.0
570,1815.3512008520238,-37.10206170263722
571,1744.0,-48.0
572,1694.541662205424,-55.783384233505316
573,1602.0,-70.0
574,1521.981265240877,-81.32628674709555
575,1429.1723712054254,-93.13314275828499
576,1383.0,-99.0
577,1272.9423391987798,-113.23555267503903
578,1214.0,-121.0
579,1053.9096005463457,-142.92721556381696
580,1040.0,-145.0
581,964.0,-157.0
582,862.0,-175.0
583,824.6688357125937,-181.60699300344027
584,641.732345807979,-213.2379421157674
585,614.0,-218.0
586,535.7222197525956,-231.40332918053895
587,481.0,-240.0
588,360.0,-255.0
589,347.85551652044023,-256.1550711147878
590,252.0,-262.0
591,159.43583476539865,-258.5859951524927
592,78.0,-247.0
593,-29.0,-219.0
594,-54.17789286916015,-210.61230941782475
595,-188.15609865950464,-157.77735725054916
596,-190.0,-157.0
597,-305.1646931298619,-99.0350160940144
598,-355.0,-57.0
599,-488.8598144020226,80.17531311680872
600,-507.0,100.0
601,-579.7994140595849,206.4935941098359
602,-590.0,225.0
603,-650.6431687130423,324.77653732134394
604,-652.0,327.0
605,-789.4903246670954,556.4675608566677
606,-816.0,601.0
607,-899.1251225616254,741.9122481864662
608,-932.0,804.0
609,-955.5357359619754,850.768385072668
610,-987.0,917.0
611,-1026.0,1012.0
612,-1029.89883710822,1022.5748249350336
613,-1061.0,1117.0
614,-1078.2328608611629,1180.9465972161138
615,-1096.0,1265.0
616,-1112.0237684460524,1378.7511713236593
617,-1114.0,1397.0
618,-1116.0,1645.0
619,-1114.547584449995,1656.6807348502066
620,-1103.0,1714.0
621,-1062.0,1829.0
622,-1059.375324042996,1835.6201010265088
623,-1021.0,1881.0
624,-980.2041294529579,1906.3383000351362
625,-896.0,1949.0
626,-810.1377136528259,1967.5973573625658
627,-752.0,1973.0
628,-711.8707624864147,1975.791681025727
629,-668.0595018664969,1977.7912556545368
630,-617.0,1983.0
631,-544.2906021834282,1991.7637415808647
632,-478.0,2000.0
633,-380.057516125131,2011.8372837808265
634,-300.0150486492036,2019.9133761576459
635,-299.0,2020.0
636,-217.6681411459071,2025.726273766411
637,-97.90769752887988,2030.8811729566694
638,-50.0,2033.0
639,-25.50020656608002,2034.2094834392294
640,48.0,2038.0
641,98.04548477655592,2040.3315079095892
642,157.0,2043.0
643,252.17976656597125,2047.1349197792651
644,341.2827857028473,2052.7764293026253
645,355.0,2054.0
646,468.3381503817355,2066.911467266542
647,512.0,2073.0
1,831.2981057412002,2111.429604976962
2,969.0,2127.0
3,1202.0,2153.0
4,1230.7416712381364,2156.202259056738
5,1279.959192046691,2161.7881843587725
6,1299.0,2164.0
7,1654.0,2205.0
8,1655.425680208299,2205.160291370251
9,1785.0,2219.0
10,1840.036535135781,2225.232751580122
11,1983.1629149627502,2241.706996240089
12,2048.0,2249.0
13,2137.617945017331,2258.8101924849634
14,2166.0,2262.0
15,2297.679009597502,2277.526392631052
16,2345.0,2283.0
17,2451.4821256764976,2294.711715186806
18,2481.0,2298.0
19,2603.0,2312.0
20,2658.3636535578744,2318.1054579058496
21,2740.0,2327.0
22,2877.4944078315248,2342.830785971734
23,3017.0,2359.0
24,3049.214877136856,2362.645167445282
25,3267.4829251815454,2386.7024273446214
26,3296.0,2390.0
27,3450.0,2408.0
28,3597.0,2422.0
29,3597.90511666778,2422.075259780573
30,3776.0,2436.0
31,3819.258009734799,2439.3331084418433
32,3929.5208045812187,2456.1807116571295
33,3941.0,2459.0
34,4087.0,2498.0
35,4200.081277843386,2550.3817149871093
36,4238.0,2584.0
37,4280.906603942635,2627.270695941092
38,4307.0,2663.0
39,4349.6933917269025,2751.6455048874373
40,4377.0,2833.0
41,4390.820281759295,2900.563699901284
42,4393.193736035371,2956.0219827176693
43,4395.0,3004.0
44,4396.100760745811,3026.0941184149533
45,4397.0,3095.0
46,4393.244242428524,3188.3182046602606
47,4391.0,3235.0
48,4388.804185687875,3278.6648127409694
49,4386.0,3302.0
50,4385.1951330315005,3308.4150862963297
51,4372.97831224325,3407.0115975876383
52,4361.0,3495.0
53,4354.893833311782,3534.4857175287416
54,4347.0,3580.0
55,4312.281109597239,3763.304720464872
56,4307.0,3791.0
57,4295.344287671905,3853.6311308598188
58,4285.259533870831,3896.676990172863
59,4275.0,3939.0
60,4235.0,4103.0
61,4212.247158765582,4188.04982404232
62,4199.0,4234.0
63,4163.922795174358,4362.10068950689
64,4123.0,4508.0
65,4095.698557772961,4597.889565415493
66,4063.383328998008,4692.1663305277525
67,4031.0,4772.0
68,4014.998149779326,4807.8174573521155
69,3955.7866219720636,4926.594052644227
70,3916.0,4994.0
71,3879.5500892501814,5043.621521328929
72,3828.0,5094.0
73,3810.004616779409,5109.304712275611
74,3648.0,5223.0
75,3542.76290711682,5270.996279536234
76,3530.0,5276.0
77,3433.1730700252074,5310.050413177416
78,3364.0,5332.0
79,3224.0,5375.0
80,3100.019346922402,5417.40456028947
81,3087.0,5422.0
82,2935.0,5476.0
83,2907.1055792857633,5485.6970921786815
84,2769.0,5535.0
85,2716.742873382636,5556.798437997126
86,2630.0,5602.0
87,2571.6772779068874,5644.092425342938
88,2514.0,5695.0
89,2477.0593460999416,5731.444903306099
90,2381.0,5840.0
91,2358.3435325012388,5869.351998677065
92,2279.272699426379,5988.297572292305
93,2205.0,6156.0
94,2193.103992482024,6195.307173002598
95,2159.7982236850953,6356.941190650432
96,2142.0,6497.0
97,2137.8139613373796,6552.897347082445
98,2141.7878345861827,6644.074422584163
99,2153.5257894893775,6731.105705573253
100,2157.0,6758.0
101,2161.0,6789.0
102,2199.402636530181,7042.238486959661
103,2217.0,7152.0
104,2244.0580091781867,7315.952686355734
105,2252.0,7362.0
106,2276.0,7498.0
107,2284.7460898067793,7544.603629285363
108,2296.0,7604.0
109,2333.551458854599,7815.088941627554
110,2347.0,7894.0
111,2362.90041697032,7990.40692551523
112,2380.0,8109.0
113,2390.2978299129577,8192.65077322949
114,2403.0,8311.0
115,2409.4614742656877,8386.877895464078
116,2414.0,8468.0
117,2418.2246374342803,8620.347352740075
118,2420.0,8754.0
119,2418.9256212457544,9001.01694418675
120,2418.0,9057.0
121,2415.7902539455895,9155.674565737576
122,2413.147877650176,9235.818888278225
123,2409.0,9348.0
124,2408.019296402549,9373.996567496693
125,2399.0,9591.0
126,2394.758306636576,9673.121665481165
127,2392.0,9721.0
128,2386.8258974158457,9800.461570625925
129,2381.0,9883.0
130,2361.753142819879,10149.521623727895
131,2356.0,10227.0
132,2345.3877487769146,10365.785643051191
133,2330.0,10554.0
134,2317.1238176999923,10698.15166447778
135,2309.0,10781.0
136,2306.002787259007,10810.28367327412
137,2292.8552552768574,10932.676601078487
138,2288.0,10975.0
139,2279.8933057456557,11041.650078066901
140,2271.0,11104.0
141,2259.7016656677292,11169.11730378472
142,2253.0,11204.0
143,2230.0,11306.0
144,2221.9811222556555,11334.992932488334
145,2197.0,11412.0
146,2188.2994257277333,11435.520850624325
147,2162.031406409439,11494.381717265067
148,2158.0,11502.0
149,2104.0,11593.0
150,2077.955901920527,11633.216261291713
151,2028.0,11679.0
152,2013.406085149793,11689.670070121478
153,1934.0,11744.0
154,1911.5486454715199,11757.5172148581
155,1862.0,11770.0
156,1856.6546963362093,11770.576937354894
157,1805.0,11774.0
158,1787.0974411454467,11773.26304182444
159,1744.0,11766.0
160,1712.3165132450094,11754.456410749186
161,1707.0,11752.0
162,1616.0,11700.0
163,1582.5087455401217,11675.810967279225
164,1556.0,11650.0
165,1544.8751116682129,11638.487373219408
166,1503.3917495065787,11592.14569769954
167,1492.0,11577.0
168,1481.0,11561.0
169,1457.9161053575485,11525.801012455378
170,1443.0,11501.0
171,1414.790515026377,11446.744800860504
172,1396.0,11406.0
173,1362.958178623587,11325.038029756533
174,1355.0,11303.0
175,1327.0,11219.0
176,1323.958248110991,11209.639675841208
177,1307.0,11157.0
178,1297.043504037621,11125.42755052135
179,1266.0,11026.0
180,1219.0,10878.0
181,1218.7556883528366,10877.231302888507
182,1193.4000606242137,10797.301092264199
183,1180.0,10754.0
184,1177.4503160447218,10745.752237959707
185,1150.0,10657.0
186,1103.3854304669082,10506.808214985824
187,1091.0,10467.0
188,1068.980325356929,10396.455213312847
189,1040.0,10305.0
190,1012.9750938296245,10220.563668059685
191,1002.0,10186.0
192,970.230277326725,10084.38744608915
193,960.0,10052.0
194,896.0,9851.0
195,873.3752864316209,9779.956610583813
196,846.0,9697.0
197,845.6471353134021,9695.961894278134
198,806.0,9580.0
199,748.6545987585848,9415.275910735038
200,737.0,9382.0
201,642.0,9111.0
202,629.3387366138703,9074.936476498004
203,610.592969385141,9021.459339214078
204,608.0,9014.0
205,556.828457153323,8866.34689783672
206,530.0,8789.0
207,437.5356256867651,8523.438144920456
208,363.6312762930456,8312.279403762785
209,313.4471607054514,8169.213800560596
210,280.0,8074.0
211,265.69222065815006,8033.307360717851
212,195.0,7832.0
213,186.9717765032733,7809.0633285746235
214,118.03963503433486,7612.001130423461
215,104.0,7572.0
216,66.16522554085132,7465.25128504699
217,33.0,7371.0
218,24.178569920325995,7345.0397357730635
219,-20.0,7215.0
220,-34.259468982098184,7173.76868310012
221,-108.0,6963.0
222,-148.9366209940496,6845.203539824221
223,-169.0,6788.0
224,-195.51109804204782,6713.178994851138
225,-237.0,6596.0
226,-243.13101331216396,6578.537868385304
227,-299.0,6418.0
228,-309.9195519704623,6386.558023570841
229,-361.0,6240.0
230,-368.4984626890075,6218.619957216719
231,-464.0,5947.0
232,-475.950597614118,5912.753160677112
233,-538.0,5733.0
234,-559.6485052945129,5671.764503297914
235,-596.0,5569.0
236,-642.0,5437.0
237,-653.8111478161427,5403.1017298448805
238,-694.0,5288.0
239,-711.658247708328,5237.457840404063
240,-781.0,5039.0
241,-781.5822122237332,5037.332667238102
242,-845.0,4856.0
243,-885.9782174885842,4740.078164531053
244,-904.0,4689.0
245,-966.9528572409096,4509.430857447185
246,-986.0,4455.0
247,-1046.7797439197632,4281.371618994727
248,-1092.0,4152.0
249,-1108.8194046895037,4103.797486230436
250,-1151.0,3983.0
251,-1158.8857172197302,3960.4723004163648
252,-1221.6505420078718,3781.798838713177
253,-1234.0,3747.0
254,-1288.9129226537964,3596.7868622733754
255,-1302.0,3561.0
256,-1425.0,3222.0
257,-1453.9428139932347,3141.7816645287567
258,-1474.0,3086.0
259,-1483.6679050711552,3059.251594998984
260,-1565.3148949032748,2834.0514349802634
261,-1585.0,2780.0
262,-1628.099798012976,2662.1731573658562
263,-1641.0,2627.0
264,-1737.0,2366.0
265,-1753.5619865989981,2321.313831587278
266,-1783.928103794233,2240.3517978246978
267,-1807.0,2179.0
268,-1871.0,2009.0
269,-1890.931529935067,1956.7843643163078
270,-1922.0,1875.0
271,-1951.2711445672712,1794.9485548236273
272,-1992.9543896520152,1675.3683453530844
273,-2012.0,1620.0
274,-2039.3405244034686,1540.0000442902106
275,-2064.0,1466.0
276,-2083.0,1407.0
277,-2093.929583903715,1373.4332643221853
278,-2124.0,1279.0
279,-2158.496532060144,1149.5868240521045
280,-2165.0,1123.0
281,-2174.1696580615235,1081.4864586382248
282,-2178.0,1060.0
283,-2182.275984611055,1033.3308235548334
284,-2191.0,966.0
285,-2194.0258593226636,918.2747331009143
286,-2195.0,882.0
287,-2193.0,809.0
288,-2192.1674995686926,801.6111705747816
289,-2183.0,739.0
290,-2173.5053991620302,698.2140349836868
291,-2169.0,686.0
292,-2157.061145903769,654.3423320788165
293,-2141.0,627.0
294,-2130.939422154103,614.7728991402522
295,-2110.0,594.0
296,-2078.5056620300497,575.9878135610551
297,-2062.0,572.0
298,-2055.235111029713,570.5908624396815
299,-2037.0,568.0
300,-1951.0,575.0
301,-1950.5976082021239,575.0581184509101
302,-1916.4028705439507,581.5592779865574
303,-1901.0,585.0
304,-1889.0698826606276,587.6076233386424
305,-1843.0,597.0
306,-1814.0,602.0
307,-1813.5256184793018,602.0821595485868
308,-1741.580554644214,610.2556249202723
309,-1735.0,610.0
310,-1661.0,602.0
311,-1616.540226584634,587.920577608274
312,-1604.0,580.0
313,-1587.9172399844392,569.3261949078613
314,-1558.0,547.0
315,-1527.0,512.0
316,-1511.4112823347505,486.6316921185885
317,-1473.435187681884,413.0246198436657
318,-1471.0,408.0
319,-1456.1661494675486,370.1214842809888
320,-1454.0,363.0
321,-1440.9368881923801,320.2066505812032
322,-1423.0,260.0
323,-1408.0,206.0
324,-1406.0155531013659,198.3515727594999
325,-1386.6969914291442,118.58477389716111
326,-1381.0,95.0
327,-1367.5169879992613,40.5798053090991
328,-1352.558595836057,-18.707848083436765
329,-1349.0,-33.0
330,-1323.0,-138.0
331,-1307.375950100763,-199.8552715556841
332,-1287.0,-279.0
333,-1254.8273964162715,-389.2048307490738
334,-1235.0,-447.0
335,-1218.7549391042319,-496.0150828873747
336,-1204.0,-536.0
337,-1143.0,-690.0
338,-1126.4182303169666,-730.8633267140394
339,-1090.0,-808.0
340,-1066.840992734593,-853.4424409579126
341,-1009.0,-964.0
342,-961.2010730331604,-1045.4300530534815
343,-954.0,-1057.0
344,-813.0,-1274.0
345,-762.3093728346242,-1346.9580435862038
346,-693.0,-1436.0
347,-657.0645337761349,-1479.3909060343817
348,-551.1811805680057,-1602.2010301926448
349,-462.0309013978249,-1702.3791521517364
350,-456.0,-1709.0
351,-375.0,-1791.0
352,-374.18289806932245,-1791.7810660076802
353,-290.92966691738457,-1870.5585391532397
354,-258.0,-1901.0
355,-125.0,-2019.0
356,-112.76950197537758,-2029.5885092425415
357,-22.964351519903207,-2106.341157435861
358,58.0,-2175.0
359,121.19476403301685,-2228.628289031209
360,163.0,-2264.0
361,365.0,-2434.0
362,423.8818978577748,-2483.496646436432
363,524.5177985374296,-2568.5465768797267
364,545.0,-2586.0
365,606.0,-2638.0
366,740.2130037015942,-2751.094415334238
367,752.0,-2761.0
368,977.7044615008678,-2950.8979655989456
369,1250.7584052199059,-3181.299397135691
370,1353.0,-3268.0
371,1384.7304702221375,-3294.9837511039023
372,1493.0,-3387.0
373,1655.2408232687271,-3523.786035994926
374,1790.0,-3636.0
375,1981.4235775372288,-3790.566855271195
376,2056.0,-3849.0
377,2084.78504593168,-3871.22739950085
378,2179.0,-3942.0
379,2230.225617435118,-3979.5931996910213
380,2332.0,-4053.0
381,2403.8400534160623,-4103.325421702144
382,2575.0,-4218.0
383,2576.4664836236398,-4218.952412894629
384,2634.0,-4256.0
385,2796.0,-4358.0
386,2812.356293925237,-4367.961504926249
387,3007.0,-4481.0
388,3023.7687198392928,-4490.246426063104
389,3130.0,-4547.0
390,3210.8503367395856,-4588.125126998573
391,3272.0,-4618.0
392,3400.0,-4677.0
393,3635.9629384464242,-4782.023547704679
394,3758.0,-4836.0
395,3791.3221786615077,-4850.730826619356
396,3872.193509411174,-4886.405240515496
397,3948.0,-4919.0
398,4063.731115560334,-4967.978131494053
399,4112.0,-4988.0
400,4372.0,-5090.0
401,4396.680134789042,-5099.527027564865
402,4561.0,-5163.0
403,4672.201325777236,-5206.22672092846
404,4747.76442784694,-5236.265945777585
405,4800.0,-5257.0
406,4838.0,-5272.0
407,4888.0521433786835,-5291.178106815992
408,4956.0,-5315.0
409,5074.298842972717,-5342.433813483111
410,5104.0,-5345.0
411,5189.0,-5344.0
412,5283.289271783819,-5328.807232317899
413,5294.0,-5326.0
414,5407.158380817026,-5286.496629473771
415,5467.0,-5258.0
416,5559.4700992418,-5196.89890025065
417,5628.0,-5137.0
418,5656.009552682041,-5108.630234205861
419,5694.442735979485,-5057.654907872389
420,5710.0,-5032.0
421,5727.016913072165,-5001.501671867854
422,5763.0,-4924.0
423,5781.295147392255,-4860.900911046909
424,5785.0,-4843.0
425,5796.0,-4738.0
426,5792.0,-4649.0
427,5791.946355310215,-4648.499113930837
428,5770.132844901107,-4527.750521680321
429,5761.0,-4491.0
430,5724.0,-4384.0
431,5702.800681304368,-4338.5952039798685
432,5663.0,-4259.0
433,5623.946072667056,-4188.218889713889
434,5576.065737827364,-4127.167926342652
435,5571.0,-4121.0
436,5467.0,-4002.0
437,5440.808529553016,-3977.8043222761785
438,5433.0,-3971.0
439,5341.0,-3902.0
440,5330.828884973665,-3895.6341270239936
441,5189.36173351929,-3836.24333731768
442,5127.0,-3823.0
443,4950.0,-3797.0
444,4837.395519902442,-3788.535769146471
445,4795.0,-3785.0
446,4694.296970858442,-3770.9059389553686
447,4563.0,-3747.0
448,4536.49700277901,-3741.9389129186166
449,4432.0,-3723.0
450,4289.422744605066,-3704.003070753026
451,4217.0,-3696.0
452,4142.644314003473,-3688.8183273575455
453,3954.0,-3674.0
454,3838.3905023591624,-3665.157565234653
455,3650.2609602880048,-3650.8193280531527
456,3626.0,-3649.0
457,3591.7139284841846,-3646.504258337583
458,3525.0,-3641.0
459,3265.6650262870344,-3618.6510132498743
460,3247.0,-3617.0
461,3091.3652721573094,-3598.740674809229
462,3071.0,-3595.0
463,2927.0,-3564.0
464,2894.6823374907663,-3554.3878415845047
465,2649.0,-3451.0
466,2622.18045679664,-3437.196350103799
467,2507.121530035239,-3370.83037852602
468,2474.0,-3351.0
469,2382.0,-3295.0
470,2246.5218600688568,-3202.158032839589
471,2197.0,-3166.0
472,2074.0,-3072.0
473,2073.4286520995083,-3071.545162208951
474,1988.072837833845,-2999.460114461345
475,1941.0,-2948.0
476,1824.0795231963664,-2791.4829419172465
477,1764.0,-2704.0
478,1711.7283112391617,-2615.2586617769566
479,1687.0,-2518.0
480,1645.385571795742,-2359.2084390335103
481,1624.0,-2274.0
482,1594.18203068883,-2120.3847350146293
483,1588.0,-2068.0
484,1586.512955891419,-2056.30636934368
485,1579.0,-1983.0
486,1578.5156756407684,-1973.3267448885053
487,1575.0855536150407,-1835.4163490532417
488,1575.0,-1799.0
489,1578.4903070112043,-1737.5231974023313
490,1581.0,-1718.0
491,1584.418227608632,-1692.7641609654206
492,1595.0,-1630.0
493,1596.6694409792685,-1622.7653449739612
494,1613.0,-1569.0
495,1632.0,-1526.0
496,1635.158585583192,-1520.5424864698286
497,1658.0,-1489.0
498,1677.2999449901017,-1468.7273859808133
499,1694.0,-1455.0
500,1735.4882466091817,-1431.4613359152975
501,1793.0,-1412.0
502,1816.210964902758,-1407.1632529096355
503,1845.0,-1403.0
504,1863.356825211487,-1400.9520350414582
505,1887.0,-1399.0
506,1931.3336148620294,-1397.8545954977712
507,1947.0,-1398.0
508,2014.238108827623,-1401.2494414813366
509,2023.0,-1402.0
510,2124.0,-1412.0
511,2142.422507240374,-1413.8346117205713
512,2199.6808839352275,-1418.6092518860678
513,2227.0,-1419.0
514,2264.187925741753,-1418.6434359694308
515,2341.0,-1405.0
516,2421.7872557989167,-1371.6371160950914
517,2448.0,-1359.0
518,2488.0,-1332.0
519,2505.9909801491285,-1318.8189538904785
520,2588.0,-1253.0
521,2588.40502965487,-1252.606846797403
522,2657.7763987622166,-1178.2332693278804
523,2686.0,-1145.0
524,2723.080521766591,-1088.7200042692775
525,2734.0,-1047.0
526,2739.2756089957993,-1026.0513155658484
527,2756.0,-951.0
528,2760.1539063755426,-924.4605175991503
529,2767.0,-866.0
530,2773.4213020280686,-791.8881449271377
531,2774.0,-779.0
532,2778.0,-634.0
533,2776.1601356612,-585.2648169266246
534,2775.0,-580.0
535,2759.387668070657,-508.3793535857582
536,2734.899748089019,-399.29443230875717
537,2728.0,-372.0
538,2713.184685268946,-331.1950970227045
539,2693.0,-306.0
540,2636.6591544418893,-240.2138027532931
541,2579.0,-175.0
542,2578.433298254995,-174.3760608126108
543,2535.515568654509,-132.9551178912885
544,2484.0,-105.0
545,2362.5655171433223,-44.86516509750744
546,2352.0,-40.0
547,2268.592650373229,-13.130878362244173
548,2221.0,-11.0
549,2134.0,-6.0
550,2071.528530448203,-8.394648407268674
551,1960.0,-17.0
552,1887.7634032260476,-25.4760532697864
553,1843.0,-33.0
554,1815.8599055216991,-37.325432904969404
555,1701.6960987888356,-54.83299607370763
556,1667.0,-60.0
557,1563.0,-75.0
558,1562.4202135211005,-75.08100432067053
559,1468.7389952031463,-87.76768559180546
560,1373.2501850103567,-99.90810165501392
561,1177.3063936774154,-125.10687106146148
562,1128.0,-132.0
563,963.0,-157.0
564,871.5347715699463,-172.85880123342673
565,820.0,-182.0
566,661.9964974724436,-209.55706383881662
567,636.0,-214.0
568,528.0,-232.0
569,500.25531617274044,-236.38101181463685
570,379.0,-253.0
571,364.7154676854925,-254.46304017403935
572,255.53550848466884,-261.5654478914047
573,202.0,-261.0
574,67.3089550709677,-244.86227037767404
575,41.0,-239.0
576,-68.0,-206.0
577,-68.68284514421453,-205.76011476636404
578,-176.0,-163.0
579,-227.47917920168925,-137.46526080944167
580,-333.0,-73.0
581,-344.7617701079239,-64.86675120538075
582,-367.0,-48.0
583,-448.7313687956241,37.75665989567021
584,-594.0,232.0
585,-627.3838416124182,281.77392214145345
586,-664.0,348.0
587,-676.8197942111525,369.88718424448115
588,-738.9207175547655,473.27259826648196
589,-746.0,485.0
590,-829.6165498972323,623.7376426040045
591,-851.0,660.0
592,-931.3040203433427,802.3513357086028
593,-944.0,827.0
594,-998.0,943.0
595,-1032.240930830398,1028.9517264928413
596,-1048.0,1075.0
597,-1068.533263326599,1146.0983784898922
598,-1074.0,1167.0
599,-1095.0,1262.0
600,-1101.21524632285,1301.7343936027662
601,-1119.0,1461.0
602,-1121.3515769559974,1508.3672516644087
603,-1120.0,1538.0
604,-1117.4692307455257,1584.5654897212225
605,-1112.0,1666.0
606,-1105.6119077972319,1705.0962487306974
607,-1103.0,1714.0
608,-1068.1058532207671,1811.4351556156662
609,-1058.0,1834.0
610,-1048.7377522018573,1850.9784177823703
611,-1024.3288363238903,1877.1300923121391
612,-1021.0,1880.0
613,-927.0,1938.0
614,-917.2502663346196,1941.2748538837302
615,-807.1509238939285,1965.7709763992823
616,-787.0,1969.0
617,-701.2688138593794,1977.3209749430375
618,-609.0,1983.0
619,-598.2327031446025,1984.0991275036977
620,-417.8234886882887,2008.089516914614
621,-397.0,2011.0
622,-349.0,2016.0
623,-305.577287101643,2018.7052197662783
624,-215.0,2024.0
625,-192.5776913344789,2025.2965001790058
626,-108.0,2030.0
627,-107.46061460020958,2030.0278801333316
628,70.47820138322066,2038.4450714441866
629,81.0,2039.0
630,187.0,2045.0
631,321.1567835482623,2052.2508995726707
632,379.0,2056.0
633,422.63276292256677,2059.753597939653
1,837.0,2112.0
2,989.9583544385656,2129.5014923353147
3,1109.0,2143.0
4,1117.5783798101281,2143.96529694495
5,1304.0,2165.0
6,1324.7337130945846,2167.3722836162715
7,1531.0,2191.0
8,1613.8047363174571,2200.408039380955
9,1765.0911710535447,2217.1533333078987
10,1837.0,2225.0
11,1871.0749765852424,2228.7439888412664
12,1998.1042313263788,2243.066625667842
13,2058.0,2250.0
14,2282.0,2276.0
15,2475.719984433523,2296.8448787696307
16,2509.0,2301.0
17,2608.0413416538477,2314.2247561320683
18,2723.0,2326.0
19,2739.0,2327.0
20,2838.6629156891936,2335.744079050662
21,3059.0542392804414,2363.5547247560207
22,3079.0,2366.0
23,3398.9027037167293,2402.49799579377
24,3467.0,2410.0
25,3497.7397894823907,2413.3841501050993
26,3558.4922200062265,2419.6468985599718
27,3588.0,2422.0
28,3677.231187000083,2428.000060807129
29,3756.0,2435.0
30,3941.2600341923444,2459.9091802769317
31,3967.0,2464.0
32,4033.481883538693,2478.191453279916
33,4058.0,2487.0
34,4172.0,2537.0
35,4195.229488221382,2550.393491233767
36,4281.0,2628.0
37,4327.084108613526,2697.066200819462
38,4345.0,2731.0
39,4380.939813542503,2846.025502149497
40,4391.973953310269,2942.734010555208
41,4392.0,2943.0
42,4394.593818385069,2982.734911090579
43,4395.0,2995.0
44,4396.868701134309,3066.7510524653558
45,4397.0,3076.0
46,4393.0,3207.0
47,4391.979521139432,3219.950626665783
48,4376.5735226626675,3376.9916658698685
49,4371.0,3427.0
50,4360.8730472506295,3495.8278998447445
51,4355.0,3529.0
52,4339.091049211374,3623.462187166062
53,4339.0,3624.0
54,4244.26325890549,4064.99710547988
55,4244.0,4066.0
56,4189.0,4272.0
57,4181.645734689468,4299.8195557556755
58,4168.149570789154,4353.825958979607
59,4156.9437907503525,4393.111088435227
60,4137.0,4458.0
61,4108.124613726528,4551.038498958353
62,4078.0,4647.0
63,4050.001586341117,4732.678686441147
64,4015.0,4809.0
65,3994.216872641571,4854.265057421082
66,3970.0,4905.0
67,3934.8020374417997,4969.848523759789
68,3851.5950412942166,5071.537783926196
69,3838.0,5084.0
70,3699.0,5194.0
71,3674.2938552957603,5211.047908219092
72,3547.0,5269.0
73,3523.748854930449,5277.499562232549
74,3397.0,5322.0
75,3329.3420773369285,5342.646134530491
76,3272.0,5360.0
77,3211.3280874477337,5379.533378732102
78,2986.8588631841644,5457.19691420749
79,2973.0,5462.0
80,2875.43053993253,5495.511203348531
81,2821.0,5515.0
82,2681.2950660088854,5571.947730937822
83,2654.0,5587.0
84,2553.9633695397756,5658.326755703044
85,2526.0,5683.0
86,2421.154014570386,5791.851356722074
87,2384.0,5836.0
88,2271.1167715377496,6005.616084256629
89,2257.0,6033.0
90,2194.0,6187.0
91,2166.4816477260347,6288.580139420036
92,2153.0,6362.0
93,2142.722308896706,6465.420413194262
94,2142.0,6481.0
95,2149.0,6679.0
96,2152.1021252389496,6710.900505399242
97,2173.0,6876.0
98,2176.9871897424473,6904.245143147213
99,2191.0,6997.0
100,2201.6959322301163,7062.285404492609
101,2221.0,7176.0
102,2264.0,7431.0
103,2269.8369788148,7464.899901542561
104,2284.570326825595,7546.161552346126
105,2300.0,7628.0
106,2302.4156250565748,7641.224836832652
107,2322.0,7750.0
108,2355.868663690147,7948.171559057548
109,2356.0,7949.0
110,2379.0,8103.0
111,2388.6385500986908,8176.188083505387
112,2398.0,8258.0
113,2410.722361614336,8398.874406202296
114,2415.0,8494.0
115,2417.489992333446,8614.539953092248
116,2419.0,8748.0
117,2420.173477483523,8818.215843877864
118,2420.0,8859.0
119,2415.0061204625804,9151.457679840794
120,2414.0,9203.0
121,2410.4567313124203,9327.954210520393
122,2409.0,9362.0
123,2402.5916005045083,9505.18917239924
124,2394.0,9687.0
125,2389.72900286202,9767.360887116369
126,2385.4260766500397,9825.233616107269
127,2380.0,9898.0
128,2372.227209154845,10010.671044344652
129,2371.0,10028.0
130,2352.1616672715804,10270.974820240888
131,2352.0,10273.0
132,2333.4751827255645,10504.09492023911
133,2327.0,10582.0
134,2318.991297692931,10669.48994421581
135,2315.0,10712.0
136,2305.0020659632823,10823.923461733923
137,2297.0,10903.0
138,2283.0,11017.0
139,2272.359225716284,11098.134495943183
140,2247.0,11232.0
141,2225.2762346873565,11318.285977024734
142,2213.0,11365.0
143,2190.37172808645,11440.328124630227
144,2170.0,11477.0
145,2155.4687462261286,11503.251571439036
146,2110.0,11584.0
147,2093.2587458938783,11611.325680471396
148,2048.0,11661.0
149,2043.805186982379,11664.792095330573
150,1997.0,11705.0
151,1971.9921015480556,11723.543062361132
152,1943.0,11740.0
153,1870.9780544030814,11766.466904135319
154,1846.0,11772.0
155,1780.6723974200872,11773.54877960806
156,1710.0,11754.0
157,1698.7799758724784,11749.798173551102
158,1670.9789002454957,11735.48753275035
159,1654.0,11725.0
160,1601.3035855565477,11688.250963737526
161,1601.0,11688.0
162,1521.2721779627648,11613.277474556147
163,1521.0,11613.0
164,1477.7693045574065,11560.445386718196
165,1458.0,11526.0
166,1451.887032470525,11515.139735175588
167,1431.0,11477.0
168,1424.4241155835284,11464.297012381057
169,1392.9200465647186,11397.673700220508
170,1387.0,11384.0
171,1365.867139835368,11331.25990183412
172,1346.865810407239,11277.928037115493
173,1335.0,11243.0
174,1323.3575583582358,11207.619179230083
175,1310.0,11166.0
176,1259.2151192127421,11005.683017137311
177,1259.0,11005.0
178,1222.386204838527,10886.564923960734
179,1215.0,10863.0
180,1199.2041087280463,10813.050915024978
181,1185.0,10768.0
182,1158.3096934775513,10682.28089348739
183,1151.0,10659.0
184,1121.4813815032658,10566.336634989804
185,1109.0,10527.0
186,1063.0172714456494,10379.932811316276
187,1059.0,10367.0
188,996.0,10164.0
189,992.6255301907873,10153.303586905744
190,945.0,10003.0
191,929.0,9952.0
192,920.8686591287941,9926.256997923374
193,867.0,9760.0
194,862.7316527992837,9747.165430300041
195,832.0,9656.0
196,809.6150366403949,9590.558418301485
197,796.0,9551.0
198,764.6702747760181,9460.482689514274
199,717.0,9324.0
200,682.7424271345811,9226.399444328501
201,650.0,9133.0
202,615.6222615935943,9033.596285766886
203,587.0,8951.0
204,514.5005639104255,8745.44474097329
205,502.0,8710.0
206,438.14941894256947,8528.20631887151
207,400.0,8419.0
208,332.09066634288155,8223.969618128465
209,276.0,8063.0
210,267.1013059491288,8037.632563785495
211,239.0,7958.0
212,234.68770002061953,7945.705201377641
213,169.2727996772566,7758.6633042108915
214,138.0,7669.0
215,122.99915133372619,7625.891601467413
216,74.36581474829212,7485.647953340245
217,63.0,7453.0
218,-22.664506953815447,7207.626883815455
219,-40.0,7158.0
220,-106.0,6969.0
221,-134.55448094947985,6887.277033150942
222,-200.0,6700.0
223,-238.73640965082322,6589.198814809925
224,-278.0,6477.0
225,-299.59286201846135,6415.182040569569
226,-350.4744297871455,6269.504082064543
227,-351.0,6268.0
228,-383.6613417072625,6174.621242327306
229,-419.0,6074.0
230,-499.6284191615789,5844.585889210268
231,-510.0,5815.0
232,-550.9043985523274,5697.348889778308
233,-572.0,5635.0
234,-580.5279238176057,5610.861795091159
235,-624.0,5488.0
236,-647.8263721581997,5419.9916252619505
237,-741.1065575038978,5151.919736403578
238,-761.0,5095.0
239,-791.0755082450588,5010.525165754452
240,-802.0,4980.0
241,-832.8929211385989,4892.293610020765
242,-911.4183861374752,4666.6749721326405
243,-912.0,4665.0
244,-987.0,4449.0
245,-1035.5949509837396,4311.683446319837
246,-1052.0,4266.0
247,-1103.14794732954,4119.367584817375
248,-1122.0,4065.0
249,-1204.0,3830.0
250,-1209.9847330469033,3813.5158283082665
251,-1216.0,3797.0
252,-1270.7874094456602,3646.1341085528024
253,-1301.0,3563.0
254,-1368.0,3379.0
255,-1452.3131354399893,3145.4716576235446
256,-1459.0,3127.0
257,-1539.2910648001366,2906.7009093829924
258,-1545.0,2891.0
259,-1594.0,2756.0
260,-1622.9423298444735,2676.6812430761784
261,-1668.0,2554.0
262,-1691.2441667090498,2490.9167835991443
263,-1799.0,2200.0
264,-1813.2021830599592,2162.2993167671166
265,-1844.0,2082.0
266,-1848.5252904925724,2070.0461049326987
267,-1931.0,1849.0
268,-1936.6127326333872,1833.6856802807517
269,-2009.7211690767554,1626.823148144136
270,-2010.0,1626.0
271,-2065.771879888784,1458.6812005233721
272,-2066.0,1458.0
273,-2113.2330310828274,1314.9237520698712
274,-2117.0,1302.0
275,-2159.0,1148.0
276,-2162.259431680689,1134.676923746695
277,-2180.912838798066,1043.629413055069
278,-2188.76042110218,982.1547703897048
279,-2191.0,963.0
280,-2196.351802466358,898.103339140526
281,-2196.0,868.0
282,-2193.0,812.0
283,-2190.2624375495534,782.5185190348604
284,-2139.419282472588,624.1251637506688
285,-2137.0,621.0
286,-2101.50243498735,588.0436843259312
287,-2098.0,586.0
288,-2072.2839060679044,575.1812449615106
289,-2057.0,571.0
290,-2004.0,568.0
291,-2000.4923292158444,568.3310672412321
292,-1974.0,572.0
293,-1970.242331024821,572.5694175705798
294,-1943.0,577.0
295,-1910.399958810526,583.4656447203033
296,-1856.0,595.0
297,-1843.9809301425107,597.3431386004079
298,-1795.0,605.0
299,-1780.5967538585746,606.6962134456045
300,-1737.0,610.0
301,-1692.9606732791244,608.1028823550675
302,-1666.0,604.0
303,-1630.5469485820383,593.7051275746059
304,-1619.0,588.0
305,-1566.3991050515988,550.7959077491315
306,-1530.0,517.0
307,-1495.012234964469,467.07950742882286
308,-1477.0818774827173,423.205532622057
309,-1477.0,423.0
310,-1459.3732489804206,376.96630517417583
311,-1450.0,350.0
312,-1435.928932150273,306.7549105469674
313,-1425.0,270.0
314,-1406.0,198.0
315,-1404.2726486832528,191.38494505789686
316,-1393.0,148.0
317,-1385.8658542543435,119.16435085752435
318,-1371.0,57.0
319,-1358.2456642166683,4.790816180594195
320,-1344.0,-53.0
321,-1336.7525238329356,-82.51399059917382
322,-1327.1943229086694,-121.79471089221647
323,-1324.0,-135.0
324,-1302.102230213375,-223.1531273084781
325,-1295.0,-249.0
326,-1238.0,-440.0
327,-1214.6234883204727,-510.2197009204593
328,-1197.0,-555.0
329,-1159.0,-650.0
330,-1132.1715674832076,-715.4574668346177
331,-1094.7506191949758,-799.223512947368
332,-1083.0,-823.0
333,-1025.9029977141722,-930.4226155625533
334,-951.0,-1062.0
335,-938.9191592978292,-1082.5328138770813
336,-900.3761811792639,-1145.2079726505208
337,-853.0,-1216.0
338,-846.4205199966149,-1225.6218992461595
339,-761.0,-1347.0
340,-752.8226328203036,-1358.0764111184208
341,-669.5364617322729,-1465.447429341085
342,-661.0,-1476.0
343,-599.1112109107064,-1550.2658478330684
344,-589.0,-1562.0
345,-515.8979414137203,-1644.314011213777
346,-485.0,-1678.0
347,-395.0,-1771.0
348,-385.22016160431366,-1780.6508876468863
349,-311.0,-1852.0
350,-235.78998358941917,-1921.373966454976
351,-134.0,-2011.0
352,-122.8701086603939,-2020.5396966511678
353,-42.0,-2089.0
354,43.31917034988975,-2162.139731882526
355,96.0,-2207.0
356,271.90642345080784,-2356.07472611515
357,273.0,-2357.0
358,391.63428351379173,-2456.9462746358354
359,441.0,-2498.0
360,490.7443434243258,-2539.975943498093
361,538.0,-2580.0
362,609.5922324304909,-2640.9032139028404
363,684.0,-2704.0
364,732.8868502972753,-2745.060406283821
365,820.0,-2818.0
366,880.2095310204386,-2868.857051446297
367,982.0,-2955.0
368,1107.0,-3060.0
369,1118.0750004158654,-3069.3731056658203
370,1207.4142251086323,-3145.5030780133725
371,1208.0,-3146.0
372,1335.0,-3253.0
373,1411.0,-3317.0
374,1461.672832267011,-3359.804537386726
375,1514.0,-3404.0
376,1667.8950841860656,-3533.2610862488837
377,1720.0,-3577.0
378,1824.0,-3664.0
379,1848.9324267247323,-3684.466561026077
380,1982.7027088830255,-3791.4271878814875
381,2037.0,-3834.0
382,2064.0,-3855.0
383,2190.4994735491314,-3950.0030380125645
384,2341.0,-4059.0
385,2434.589469675243,-4124.707303840439
386,2556.0,-4206.0
387,2581.919015522216,-4222.852179123817
388,2690.996058213193,-4292.324316893192
389,2732.0,-4318.0
390,2852.0,-4391.0
391,3173.0,-4569.0
392,3286.962123026707,-4625.724677325521
393,3332.0,-4646.0
394,3461.0,-4704.0
395,3554.7853291355286,-4746.110171333654
396,3671.0,-4798.0
397,3688.4961475389773,-4805.7713591246065
398,3886.1974700709134,-4892.855092413429
399,3905.0,-4901.0
400,4100.0,-4982.0
401,4327.6919769390925,-5071.48819528741
402,4329.0,-5072.0
403,4555.530213404315,-5160.411939536733
404,4631.32105768232,-5190.600819050228
405,4652.0,-5199.0
406,4845.0,-5275.0
407,4948.064958978943,-5309.382097235855
408,5075.0,-5342.0
409,5205.876971776782,-5347.608568751576
410,5346.0,-5312.0
411,5383.017253919275,-5299.276053948279
412,5421.0,-5282.0
413,5532.5561866467,-5218.440939249321
414,5560.0,-5199.0
415,5613.913121772543,-5152.251209340569
416,5659.0,-5103.0
417,5693.0,-5058.0
418,5710.596305571405,-5028.608421642768
419,5762.0,-4923.0
420,5788.68565163759,-4829.546175392476
421,5793.0,-4788.0
422,5794.6444533925915,-4769.907210060926
423,5795.045514077103,-4702.608056604977
424,5795.0,-4702.0
425,5777.090018423497,-4555.5983686724285
426,5777.0,-4555.0
427,5757.95337642727,-4476.972638855337
428,5747.0,-4448.0
429,5738.546745987947,-4424.2315173068855
430,5721.0,-4377.0
431,5709.328576264646,-4349.9867255926465
432,5668.0,-4270.0
433,5602.0,-4164.0
434,5583.590988375129,-4138.102673866664
435,5523.0,-4062.0
436,5469.90995282218,-4005.411184765744
437,5454.0,-3990.0
438,5367.0,-3919.0
439,5322.714320532121,-3891.4476244676503
440,5300.0,-3879.0
441,5239.924656120614,-3853.152920732738
442,5189.0,-3838.0
443,5155.549086174677,-3829.8053956821987
444,5004.0,-3804.0
445,4977.1033823761,-3800.852770949805
446,4864.0,-3791.0
447,4838.089792239443,-3789.406604475017
448,4787.0,-3785.0
449,4587.564960607655,-3752.1859546492306
450,4569.0,-3749.0
451,4303.0,-3705.0
452,4275.054902626908,-3701.1188304822285
453,4178.244620615321,-3691.9804404778365
454,4166.0,-3691.0
455,3975.169018686646,-3676.104576026805
456,3845.0,-3666.0
457,3802.2182124210944,-3662.6422179078
458,3731.544877405125,-3657.042938989663
459,3731.0,-3657.0
460,3500.761920947826,-3639.058441399035
461,3500.0,-3639.0
462,3352.639799927849,-3627.53516571139
463,3324.0,-3625.0
464,3265.0,-3619.0
465,3062.2687270187635,-3591.908263569708
466,3016.0,-3585.0
467,2914.626095249295,-3566.0641642472624
468,2859.0,-3543.0
469,2841.099471828752,-3535.970673999855
470,2651.0,-3452.0
471,2631.2877769149604,-3441.424600855208
472,2397.0995541550965,-3304.109826664557
473,2376.0,-3291.0
474,2163.0,-3142.0
475,2155.652529982169,-3136.5070699759367
476,2076.894710951629,-3076.760771177687
477,2023.0,-3028.0
478,2002.4085987701765,-3008.273150557911
479,1908.0333105234677,-2912.1395684165022
480,1907.0,-2911.0
481,1817.0,-2794.0
482,1779.5256555302842,-2731.8906076226426
483,1737.0,-2649.0
484,1712.6828244644876,-2591.7192078254056
485,1654.0,-2405.0
486,1650.3840620044148,-2391.0851316787453
487,1629.0,-2298.0
488,1594.6733961712969,-2113.384161435504
489,1590.0,-2086.0
490,1578.4551979649755,-1999.132286828502
491,1577.0,-1957.0
492,1575.0566252206872,-1816.9524433777524
493,1575.0,-1806.0
494,1576.0466662449228,-1743.6567316897917
495,1583.0,-1701.0
496,1605.0,-1591.0
497,1608.249229771808,-1577.305614631459
498,1637.0,-1517.0
499,1639.9511930341992,-1512.9223071139618
500,1671.7678993392615,-1474.2238864633116
501,1672.0,-1474.0
502,1744.0,-1428.0
503,1800.0,-1411.0
504,1820.2721134645044,-1407.1485400309289
505,1860.0,-1401.0
506,1948.924028361311,-1397.1761456521524
507,1966.0,-1398.0
508,2045.9542369166456,-1404.3288448636492
509,2075.0,-1407.0
510,2140.811567637822,-1413.5506822529037
511,2184.557391860497,-1417.6074622291771
512,2190.0,-1418.0
513,2243.9365777445373,-1419.7557426507042
514,2274.0,-1417.0
515,2373.004781809299,-1394.9234794735999
516,2381.0,-1392.0
517,2431.375524669333,-1368.0892888204305
518,2460.0,-1351.0
519,2521.0,-1308.0
520,2540.1635318267254,-1292.869243316657
521,2583.0,-1257.0
522,2648.0,-1194.0
523,2681.1996876583407,-1147.5957263765872
524,2720.0,-1084.0
525,2751.918648659526,-1005.9024165727408
526,2758.7671929429303,-935.7197275746104
527,2760.0,-923.0
528,2769.3374228081975,-834.0953448268015
529,2772.0,-806.0
530,2777.681896470174,-730.1363809468136
531,2778.0,-678.0
532,2775.7548818148607,-611.7691686413144
533,2772.0,-548.0
534,2765.976572144474,-490.67302732447115
535,2749.0,-432.0
536,2707.0,-330.0
537,2665.235070529414,-269.7186046487873
538,2613.232866630597,-208.77746406185085
539,2608.0,-203.0
540,2579.5012808476604,-174.19675240392655
541,2543.0,-146.0
542,2477.0,-100.0
543,2439.615881221833,-80.19942576681669
544,2320.0,-30.0
545,2310.546864381607,-26.71022354001645
546,2220.7596115742945,-5.69593978115345
547,2126.0,-6.0
548,2012.5220946089485,-14.216301557838028
549,1875.0,-28.0
550,1863.5424530843065,-29.360183424089207
551,1821.0,-36.0
552,1733.9213126317213,-49.549674150142145
553,1533.0,-80.0
554,1448.947508021563,-91.84850666515506
555,1372.524506163756,-101.26967484309772
556,1342.0,-105.0
557,1284.220708556325,-112.06695753897223
558,1206.0,-122.0
559,1129.536205542114,-132.5197844908032
560,1105.0,-136.0
561,1041.7303704612568,-145.17790830928442
562,938.0,-162.0
563,814.8131874316197,-183.21569691794878
564,741.0,-196.0
565,575.3435063182264,-224.14024117637283
566,512.0,-235.0
567,414.25362526606744,-252.55432749226406
568,282.6048031173933,-262.32308977839205
569,266.0,-262.0
570,108.86471622806822,-249.76391324646804
571,63.0,-244.0
572,5.863748259872931,-234.37983683720716
573,-87.0,-200.0
574,-206.1484115607216,-137.7240425065612
575,-383.0,-34.0
576,-436.17743327528154,3.362387686966734
577,-473.29424572433186,51.04018204450841
578,-498.0,88.0
579,-583.074666018966,218.9139096622355
580,-654.0,330.0
581,-710.2676253869097,422.33858148820644
582,-744.0,481.0
583,-831.8223957122747,628.462127739295
584,-856.0,668.0
585,-864.0,681.0
586,-921.7572332636973,782.7847775673363
587,-954.0,846.0
588,-972.4357704927664,884.2011728264155
589,-1013.0,977.0
590,-1048.4144314657303,1075.6970240988985
591,-1053.0,1090.0
592,-1091.767083067884,1242.2641886538092
593,-1094.0,1253.0
594,-1109.1608286131445,1337.4397685208862
595,-1115.0,1397.0
596,-1120.9819279854664,1526.4413603042601
597,-1121.0,1527.0
598,-1118.0,1611.0
599,-1110.0,1683.0
600,-1107.5712374835982,1696.460975861831
601,-1106.0,1702.0
602,-1098.5187826533543,1735.11945315304
603,-1071.212996037636,1810.6263584879916
604,-1071.0,1811.0
605,-1014.0,1886.0
606,-988.9066294750568,1912.7492677572013
607,-947.0997651946213,1932.101362614673
608,-930.0,1937.0
609,-862.7813188749316,1953.6075735264947
610,-806.0,1966.0
611,-746.6067608374813,1975.3450710199531
612,-694.0,1977.0
613,-672.6898835536354,1978.3466128243113
614,-623.0,1982.0
615,-577.161159406389,1986.004765425858
616,-560.0,1988.0
617,-485.0,1999.0
618,-439.0660458644736,2005.8408718222431
619,-415.0,2009.0
620,-371.25083588816483,2013.9061513812335
621,-303.0,2020.0
622,-274.2378230042527,2022.0452053602949
623,-134.0,2029.0
624,-92.45575044149058,2030.88754035491
625,-29.0,2034.0
626,24.0,2037.0
627,61.70690827356532,2038.9251990126681
628,153.0,2043.0
629,245.07234144141748,2046.8151858525466
630,286.0,2050.0
631,507.31340574062153,2073.089242801153
632,551.0,2078.0
633,592.7134539342441,2082.9085537696874
634,588.0,2083.0
1,827.0968833868942,2111.778146876145
2,893.0,2119.0
3,988.5927909286522,2129.176595332127
4,1042.0,2135.0
5,1291.0,2163.0
6,1352.8663516395982,2170.0584368261925
7,1446.0,2181.0
8,1490.4846468890833,2186.2424455505593
9,1661.0,2206.0
10,1699.8463405587927,2210.3005238339474
11,1836.0,2225.0
12,1919.6988420782727,2234.2221153753458
13,2043.0,2248.0
14,2237.6613225647475,2270.094948553907
15,2342.0,2282.0
16,2364.7222323620913,2284.58905339403
17,2509.731657966818,2301.0081285745914
18,2554.0,2306.0
19,2719.337011953363,2324.6435373832555
20,2846.0,2339.0
21,2983.883747064052,2354.791003523479
22,3128.9985529671976,2371.546081622486
23,3168.0,2376.0
24,3292.0,2390.0
25,3392.3873511918046,2401.5279772152526
26,3460.0,2409.0
27,3623.0011707423237,2424.6339768806574
28,3640.0,2426.0
29,3752.0,2434.0
30,3771.1990781489067,2435.4504324721775
31,3890.0,2450.0
32,3915.68116742002,2455.1301162479735
33,4080.0,2495.0
34,4128.674262353634,2512.3042001627887
35,4148.0,2525.0
36,4194.020395521631,2553.3879569154715
37,4243.0,2589.0
38,4267.406321246189,2612.3895474545193
39,4309.888574082473,2667.352755248946
40,4320.0,2683.0
41,4341.357158467191,2721.7225043454946
42,4353.0,2753.0
43,4387.0,2897.0
44,4392.778650880477,2931.711789931577
45,4396.0,3105.0
46,4395.8725818018,3108.863129447779
47,4394.0,3170.0
48,4393.3408842257395,3183.341874664805
49,4385.0,3306.0
50,4378.773287471138,3364.3431264168817
51,4376.0,3387.0
52,4361.814539391912,3487.784054094083
53,4353.0,3543.0
54,4340.313915144344,3616.5395518774358
55,4332.0,3663.0
56,4326.0,3696.0
57,4320.159769708096,3726.7311618209087
58,4291.617378211306,3863.192693297062
59,4291.0,3866.0
60,4268.0,3967.0
61,4266.105668238203,3975.0131131063445
62,4236.0,4097.0
63,4230.681842161004,4117.459981487629
64,4197.0,4242.0
65,4184.302938177254,4288.117126394161
66,4156.0,4390.0
67,4136.182305195,4460.585541273931
68,4128.0,4489.0
69,4090.579313520039,4610.645254709009
70,4085.0,4627.0
71,4039.0,4750.0
72,4035.638109295496,4758.776957517317
73,3997.0,4849.0
74,3900.4001681777227,5009.475177540542
75,3873.0,5048.0
76,3749.8469322084643,5168.847976821617
77,3677.3648446169927,5207.4701326414
78,3649.0,5222.0
79,3578.383543681253,5256.413181855202
80,3507.0,5285.0
81,3420.166864546296,5313.809013323824
82,3316.0,5346.0
83,3306.2985417422337,5349.012082378091
84,3198.3567214489854,5383.169446063715
85,3181.0,5389.0
86,3074.0,5427.0
87,3037.3557995971696,5440.105586351559
88,2911.0,5484.0
89,2821.9416573649532,5513.852593622414
90,2802.0,5522.0
91,2561.968696257111,5653.362673929371
92,2558.0,5656.0
93,2471.0,5737.0
94,2386.7878358123507,5833.887059611389
95,2352.0,5880.0
96,2225.0,6103.0
97,2210.15061467181,6140.705632252855
98,2204.0,6158.0
99,2149.0,6389.0
100,2147.611750510443,6399.484840329453
101,2140.8028732421953,6547.483737194844
102,2141.0,6553.0
103,2160.0,6780.0
104,2164.6790079844604,6822.894614035298
105,2193.0,7004.0
106,2198.687079911035,7038.029946941486
107,2241.540415314546,7296.230427395344
108,2242.0,7299.0
109,2257.0,7388.0
110,2276.5977974916514,7501.091576443374
111,2283.0,7537.0
112,2319.0,7733.0
113,2321.369233794315,7746.666930166335
114,2352.7018332788693,7934.664529510168
115,2374.0,8067.0
116,2388.5196810165244,8162.109813811316
117,2399.0,8267.0
118,2409.0,8391.0
119,2410.7628011376455,8415.657842950137
120,2418.0,8594.0
121,2420.0,8816.0
122,2420.0891837762783,8834.101034977275
123,2419.369954143356,8996.397641155118
124,2417.0,9085.0
125,2416.554949066911,9104.847533731763
126,2414.0,9214.0
127,2413.3356062345497,9235.390796612975
128,2410.0,9323.0
129,2404.71746654598,9449.150440842284
130,2396.0,9645.0
131,2390.244266723684,9745.313839086455
132,2386.0,9806.0
133,2384.5409604847428,9827.870414096618
134,2373.3559928729214,9993.25983689414
135,2373.0,9998.0
136,2364.0,10110.0
137,2359.446725866569,10167.686674946654
138,2338.0,10447.0
139,2330.759615889141,10540.619041382073
140,2325.313282002595,10602.543558361016
141,2325.0,10606.0
142,2304.480859925525,10823.27575360968
143,2304.0,10828.0
144,2290.0,10957.0
145,2274.0,11084.0
146,2272.603627171805,11093.08196433865
147,2253.168936177861,11201.674672734358
148,2235.0,11283.0
149,2223.6251002160084,11326.038460933276
150,2178.5688143566317,11456.848335347
151,2172.0,11473.0
152,2130.053669918549,11554.650900530085
153,2115.0,11577.0
154,2090.2341765507304,11611.135087165198
155,2065.0,11642.0
156,2009.0,11696.0
157,1982.1509026357455,11717.758170860594
158,1950.0,11736.0
159,1905.7745093054473,11753.865011539663
160,1858.0,11770.0
161,1825.3211349379417,11777.941164160506
162,1801.0,11774.0
163,1798.251230734813,11773.516418733356
164,1733.0418835944172,11760.879862288502
165,1709.0,11753.0
166,1679.1291787262626,11739.214317748174
167,1673.0,11736.0
168,1636.0,11713.0
169,1584.9533767893172,11673.258023698865
170,1562.0,11655.0
171,1532.1233913361086,11631.762588816384
172,1488.0,11571.0
173,1470.2588068250157,11542.868640894547
174,1441.0,11496.0
175,1405.6888295067993,11435.98164449639
176,1399.0017671334226,11414.677171583498
177,1389.0,11388.0
178,1369.1740093243002,11337.758703192412
179,1362.0,11319.0
180,1330.0,11228.0
181,1322.071757955479,11204.346009948367
182,1304.0,11149.0
183,1283.1057909616834,11081.452528010477
184,1278.0,11065.0
185,1241.8945067290542,10949.714601708558
186,1226.0,10899.0
187,1208.0325493280548,10841.199861560606
188,1196.5981031649196,10803.864537476815
189,1184.0,10764.0
190,1157.1072353481954,10679.262195658854
191,1125.0,10578.0
192,1100.0683405018676,10498.448255130532
193,1081.2869993117934,10436.477811458983
194,1072.0,10407.0
195,1042.0,10313.0
196,1023.729034099534,10256.003695002677
197,989.0,10145.0
198,978.0,10108.0
199,961.8971501792505,10055.51941645513
200,908.9928404150185,9890.835667689926
201,890.0,9832.0
202,870.6086656860621,9771.575294767134
203,840.0,9678.0
204,824.3182312419887,9631.855901295286
205,800.0,9561.0
206,769.116026560316,9471.213730960138
207,759.0,9442.0
208,722.5936128508087,9337.929571694875
209,698.0,9268.0
210,684.6861803005281,9230.133922745732
211,631.0,9077.0
212,627.1461746650369,9065.939178721928
213,564.2808120642597,8885.628705526118
214,563.0,8882.0
215,508.0,8727.0
216,498.1514464598243,8699.129125285737
217,434.3189751615615,8515.769296137853
218,433.0,8512.0
219,361.0,8307.0
220,341.8155979746507,8251.723810231422
221,310.0,8160.0
222,301.5631008726747,8135.94498735239
223,284.0,8086.0
224,217.54835688261738,7895.537135381245
225,179.0,7785.0
226,132.53199656754796,7652.779630619076
227,93.0,7541.0
228,50.0,7418.0
229,45.92524481091963,7406.181034813388
230,-8.0,7248.0
231,-49.70684999088054,7128.9115023165505
232,-79.0,7046.0
233,-93.99051083033811,7003.481961336151
234,-129.0,6904.0
235,-149.424055522891,6845.895633427681
236,-184.0,6747.0
237,-226.32156700443673,6624.78583809628
238,-228.0,6620.0
239,-262.0,6524.0
240,-327.3250960071021,6336.189757577591
241,-357.0,6251.0
242,-425.0,6058.0
243,-440.199682429702,6014.5505191575685
244,-487.0,5880.0
245,-518.8354511479554,5788.617143097997
246,-587.0059389578257,5593.562968410939
247,-667.7302546033834,5363.391982574669
248,-725.6325771181696,5198.028204559248
249,-762.0,5094.0
250,-806.8274182438346,4965.580430059322
251,-814.0,4945.0
252,-848.7090814528809,4845.22434092987
253,-889.0,4730.0
254,-960.1312442761978,4527.894422019499
255,-971.0,4497.0
256,-1066.826344036116,4223.577261207296
257,-1111.0,4097.0
258,-1124.9505472889857,4056.9716101601034
259,-1152.0,3980.0
260,-1166.563529185969,3938.881995873348
261,-1256.1717445783083,3687.0299965472464
262,-1277.0,3629.0
263,-1302.9575570419674,3557.2911690167894
264,-1344.0,3445.0
265,-1429.0,3210.0
266,-1435.5877062061836,3191.8415565450505
267,-1535.2531315138554,2917.757181101924
268,-1545.0,2891.0
269,-1587.9216508059626,2773.673783342833
270,-1613.0,2705.0
271,-1627.2634691546414,2665.7669646928
272,-1674.0,2537.0
273,-1757.8425000500588,2307.758882038671
274,-1760.0,2302.0
275,-1819.2759674634322,2146.3872787523533
276,-1857.0,2048.0
277,-1903.5655334141986,1925.1481361961667
278,-1938.0,1831.0
279,-1995.269724419023,1667.7255321035184
280,-2012.0,1619.0
281,-2044.237792170841,1523.7457220191734
282,-2067.0,1456.0
283,-2083.0,1408.0
284,-2094.5385472372504,1371.566615381872
285,-2149.1027421497984,1184.411022862504
286,-2159.0,1149.0
287,-2175.0,1078.0
288,-2175.750225946146,1073.3443905316306
289,-2186.0,1004.0
290,-2193.1397509367653,923.8457382733966
291,-2194.0,910.0
292,-2196.142519240378,868.65171491312
293,-2195.0,834.0
294,-2191.201245621776,795.4042608439829
295,-2185.0,747.0
296,-2181.8216541844954,726.0835208408313
297,-2178.0,715.0
298,-2167.140463153062,685.5914556615926
299,-2147.0,637.0
300,-2141.6393376511105,626.6758219211524
301,-2127.1487864703513,606.457116857725
302,-2104.0,590.0
303,-2092.486469887667,583.8866530709781
304,-2068.0,574.0
305,-2052.091435840486,570.5999164188889
306,-2048.0,570.0
307,-2023.9438723411952,568.0604005750035
308,-2016.0,568.0
309,-1980.2017760369363,571.1048068939517
310,-1961.0,574.0
311,-1927.968779444946,579.8183223701467
312,-1927.0,580.0
313,-1878.0,590.0
314,-1865.0,593.0
315,-1861.6819482376034,593.7378467233048
316,-1815.13410628937,602.5911741294047
317,-1800.0,605.0
318,-1760.0,609.0
319,-1705.7361222174015,606.6442267295936
320,-1658.0,602.0
321,-1619.2268030117875,590.0470237663794
322,-1610.0,584.0
323,-1582.9399540688546,566.173840678339
324,-1550.0,540.0
325,-1547.2003746685514,537.2218751529648
326,-1519.245620856474,502.16723725120926
327,-1512.0,491.0
328,-1481.0,433.0
329,-1470.3897151809347,408.958548962953
330,-1452.0,358.0
331,-1420.0,252.0
332,-1413.1741945897493,227.38995276730327
333,-1385.6395996539618,114.94236800703564
334,-1383.0,104.0
335,-1373.0941605514704,65.3917589834056
336,-1366.0,37.0
337,-1356.885837533979,-0.40847186329473845
338,-1350.0,-29.0
339,-1327.5660680862782,-122.01453898156703
340,-1324.0,-136.0
341,-1293.8022857232088,-249.79040431215137
342,-1279.0,-307.0
343,-1271.288361204112,-350.75105928930714
344,-1225.0,-479.0
345,-1185.0024646164775,-586.008352865349
346,-1182.0,-594.0
347,-1129.3850712886326,-728.8873627833101
348,-1114.7235943167275,-753.12069557517
349,-1110.0,-763.0
350,-1055.0,-880.0
351,-1016.3743143278218,-950.9207687257137
352,-1007.0,-967.0
353,-938.9877461652146,-1080.1296253221665
354,-888.0,-1163.0
355,-867.3079936688541,-1195.9890431007102
356,-799.0,-1294.0
357,-750.5376269115449,-1359.8991536349827
358,-651.0,-1488.0
359,-631.4695459729717,-1511.365380261195
360,-425.5897974088932,-1739.3183177002823
361,-424.0,-1741.0
362,-341.0,-1823.0
363,-263.83683003030654,-1893.799931977461
364,-132.0,-2012.0
365,-92.73887964632969,-2046.3892384391547
366,16.05105930022944,-2139.6184437437255
367,111.0,-2220.0
368,169.26163459525128,-2269.236034100443
369,306.91903439013146,-2385.3366304164983
370,361.0,-2431.0
371,423.05034847062313,-2483.486351467266
372,552.255150810859,-2592.6192630706214
373,567.0,-2605.0
374,629.0,-2657.0
375,744.1347662550993,-2753.914572678439
376,865.0,-2856.0
377,963.8055871664224,-2939.830634381738
378,1029.0,-2995.0
379,1143.0,-3091.0
380,1151.3956653111627,-3098.068621275135
381,1303.4422480221538,-3226.304273511821
382,1309.0,-3231.0
383,1503.0,-3395.0
384,1591.9571693802122,-3470.1856183979644
385,1685.0,-3548.0
386,1717.4468924556784,-3574.952687807345
387,1803.0,-3646.0
388,1847.6390006379445,-3683.159045824621
389,1970.0575494677164,-3782.742724918277
390,2038.0,-3835.0
391,2244.0,-3990.0
392,2315.980885520718,-4043.20141931311
393,2386.0,-4090.0
394,2553.8111992703466,-4204.252857890691
395,2573.0,-4217.0
396,2672.6732571880057,-4281.4377198314305
397,2749.0,-4329.0
398,2819.248155783641,-4371.6866733329425
399,2899.0,-4419.0
400,3036.0,-4497.0
401,3157.969049619916,-4559.8284865495625
402,3239.0,-4601.0
403,3270.0,-4617.0
404,3346.0717114899458,-4653.493982656366
405,3479.0,-4712.0
406,3608.0,-4770.0
407,3668.2328753577503,-4796.9346615323575
408,3802.0,-4856.0
409,3896.988433446739,-4897.253962943236
410,3997.0,-4940.0
411,4146.339216809304,-5001.612716304438
412,4170.0,-5011.0
413,4431.0,-5112.0
414,4471.922630153889,-5127.8997436942755
415,4565.0,-5165.0
416,4607.828149046935,-5182.243271295843
417,4749.015310094837,-5238.592441207513
418,4806.0,-5260.0
419,4831.0,-5269.0
420,4852.674920186594,-5276.5865042369705
421,4990.443879455044,-5320.702792122965
422,5080.0,-5342.0
423,5087.531233919359,-5343.292410879286
424,5225.452659011523,-5340.202230876071
425,5247.0,-5336.0
426,5339.0,-5313.0
427,5345.7398425109095,-5310.943716487388
428,5457.0,-5263.0
429,5474.821889976329,-5252.439045103352
430,5574.0,-5186.0
431,5594.532655181835,-5171.127977927729
432,5668.0,-5091.0
433,5723.211348621791,-5008.978908725195
434,5725.0,-5006.0
435,5760.532216635944,-4928.603536748657
436,5764.0,-4919.0
437,5785.0,-4842.0
438,5793.616135541533,-4701.473482439798
439,5794.0,-4675.0
440,5790.049404198757,-4622.008264829328
441,5785.0,-4599.0
442,5753.954404675162,-4467.050673938231
443,5753.0,-4464.0
444,5724.0,-4386.0
445,5669.0,-4271.0
446,5656.6236376802935,-4250.597180947325
447,5537.0,-4079.0
448,5527.993628094785,-4067.190727475298
449,5498.795931197594,-4034.6946167730543
450,5492.0,-4028.0
451,5420.093142577568,-3960.153822816859
452,5390.0,-3935.0
453,5287.612554629715,-3871.9631838584933
454,5259.0,-3861.0
455,5028.0,-3807.0
456,5002.1612371223355,-3803.155140222184
457,4880.192171981745,-3794.2792583152527
458,4773.0,-3783.0
459,4720.951625201156,-3775.100886063404
460,4531.0,-3741.0
461,4511.610352449187,-3737.407716153793
462,4452.0,-3727.0
463,4435.553568169492,-3724.4913830375617
464,4266.0,-3701.0
465,4161.390885704592,-3690.3021084793286
466,4158.0,-3690.0
467,4020.0,-3679.0
468,3995.7553441825294,-3677.0647824581674
469,3895.0,-3669.0
470,3727.0,-3657.0
471,3688.7356466408623,-3654.037053972731
472,3527.0,-3641.0
473,3488.0985737453325,-3638.2001891634827
474,3456.0,-3636.0
475,3304.196220191411,-3624.981838762441
476,3239.0,-3617.0
477,3008.0,-3583.0
478,2908.3293367327924,-3563.4173390736387
479,2854.0,-3541.0
480,2745.0,-3498.0
481,2721.5373557027488,-3487.7351715950304
482,2594.1240600662113,-3421.996061687342
483,2504.0,-3369.0
484,2477.0174637314444,-3352.6781277883956
485,2361.0,-3281.0
486,2307.5012935888453,-3247.198007191053
487,2187.0,-3159.0
488,2176.986976091488,-3151.0162314239587
489,1990.0,-2997.0
490,1931.5254840989996,-2943.30009640617
491,1890.9274990520894,-2892.5894887484014
492,1889.0,-2890.0
493,1776.6946487848704,-2724.5558927614316
494,1752.0,-2679.0
495,1704.0,-2568.0
496,1659.0,-2422.0
497,1655.7090040602668,-2408.717242893304
498,1607.0,-2187.0
499,1585.9627620132044,-2080.3227618491346
500,1584.3742484221007,-2056.082200161422
501,1582.0,-2019.0
502,1579.7598484317537,-1986.831995320481
503,1575.0,-1917.0
504,1574.0,-1899.0
505,1573.6571362347697,-1849.9652615706802
506,1581.8059600965325,-1717.1526140442854
507,1582.0,-1715.0
508,1589.7429532531837,-1654.6905554398522
509,1599.0,-1615.0
510,1602.873884830553,-1599.5658855926836
511,1626.0,-1539.0
512,1635.4564727495042,-1524.073802059913
513,1680.1023443951399,-1468.642253846565
514,1694.0,-1455.0
515,1742.343065190507,-1426.857793385878
516,1776.0,-1417.0
517,1787.0,-1414.0
518,1825.126153972183,-1405.7563081552678
519,1851.0,-1402.0
520,1874.4099669426967,-1399.6949678246654
521,1970.0,-1398.0
522,1993.7563673133955,-1399.0258014618557
523,2082.0911584064934,-1407.4165235188168
524,2105.0,-1410.0
525,2154.7176130148746,-1415.5704699018208
526,2172.0,-1417.0
527,2242.0,-1419.0
528,2322.56003512284,-1409.757024281658
529,2335.0,-1406.0
530,2458.0,-1353.0
531,2512.416265926819,-1319.3085926012827
532,2545.308705573316,-1289.5548467494043
533,2555.0,-1281.0
534,2616.5663873016038,-1226.4309276190243
535,2618.0,-1225.0
536,2676.0195504907065,-1159.1090015562186
537,2699.0,-1125.0
538,2709.196529423388,-1106.9436514305376
539,2733.2823183351347,-1050.2453557411052
540,2734.0,-1048.0
541,2746.0,-1001.0
542,2754.855489520202,-954.9334112827222
543,2758.0,-935.0
544,2773.2373541481506,-783.2424458322047
545,2774.0,-772.0
546,2777.5479857449322,-700.5633413401722
547,2777.08433125956,-622.1167067921128
548,2777.0,-620.0
549,2772.0,-549.0
550,2764.3631940670634,-496.46349912364286
551,2754.0,-449.0
552,2741.273051477672,-405.82366775414965
553,2731.0,-378.0
554,2713.652477233495,-340.52332535791925
555,2677.0,-282.0
556,2635.5483747844787,-230.7341391589005
557,2623.0,-217.0
558,2587.0,-182.0
559,2475.2137142676747,-100.10986093647206
560,2447.0,-82.0
561,2389.3690190841535,-50.810959987432746
562,2319.9475857855587,-30.50209318355361
563,2318.0,-30.0
564,2249.801331034725,-14.308886539225735
565,2248.0,-14.0
566,2176.0,-7.0
567,2080.0,-8.0
568,2041.592845934384,-10.342676475348947
569,1977.0,-16.0
570,1918.823210567946,-22.612203654576305
571,1797.0,-40.0
572,1735.8344228731517,-49.3206341731421
573,1679.0,-58.0
574,1605.0,-69.0
575,1561.4257989061334,-75.20010026789916
576,1468.0,-88.0
577,1354.4058111016147,-103.42731364531676
578,1350.0,-104.0
579,1214.4100335517046,-121.16940436810305
580,1155.0,-129.0
581,988.2459001474708,-153.77063699883092
582,851.0,-177.0
583,784.6023126137937,-188.5315834688451
584,747.0,-195.0
585,556.1990333808012,-227.21850062900486
586,497.0,-237.0
587,405.90239689083774,-251.29870275808508
588,349.0,-256.0
589,291.0377842941755,-257.58771435150004
590,82.0,-248.0
591,60.305893267834136,-245.18807340136425
592,-32.30937131680259,-220.5993523028624
593,-78.0,-203.0
594,-197.0,-154.0
595,-206.24223449637014,-150.04238714165334
596,-373.0,-43.0
597,-401.5401322613273,-13.577138277606856
598,-544.0,152.0
599,-596.7383739807126,222.0037142323031
600,-626.7467035846872,284.5442905864864
601,-638.0,305.0
602,-711.0576195766553,426.7849443856575
603,-713.0,430.0
604,-794.0,565.0
605,-886.1689496207919,718.3231574875458
606,-904.0,751.0
607,-993.0,930.0
608,-1028.2253065333603,1012.3417207054347
609,-1065.0,1132.0
610,-1079.0,1186.0
611,-1089.860665408445,1238.3549988111727
612,-1110.0,1358.0
613,-1117.7848858678822,1419.767669128581
614,-1118.8378175193607,1461.1958222736964
615,-1119.0,1470.0
616,-1120.0839131146795,1547.665172673501
617,-1120.0,1583.0
618,-1118.8597637992941,1619.8444026884163
619,-1113.0,1666.0
620,-1099.9847630344084,1723.584471408804
621,-1080.0,1792.0
622,-1074.6567716688483,1806.7162133767447
623,-1034.0,1867.0
624,-1016.759839447988,1883.6814113164419
625,-994.0,1903.0
626,-962.0195074554823,1923.6524128830185
627,-937.0,1934.0
628,-777.9927693065978,1968.5605276183207
629,-737.0,1975.0
630,-696.8782082254222,1978.0395848104888
631,-680.0,1979.0
632,-552.0043497673606,1991.302406496525
633,-491.0,1998.0
634,-439.80659410054955,2003.9619200144361
635,-310.0,2019.0
636,-286.4471730305572,2021.124995386821
637,-142.1594876377509,2028.6964169476328
638,-112.0,2030.0
639,-25.0,2034.0
640,113.33426091183097,2041.0832922595516
641,131.0,2042.0
642,217.99434763259086,2046.5118400186768
643,308.0,2052.0
644,387.2900677619372,2057.5271347135445
645,405.0,2059.0
646,570.0,2080.0
1,781.4811405615194,2105.4418328052666
2,883.0,2117.0
3,906.6109509487939,2119.7516552822644
4,1046.0,2136.0
5,1075.324091718143,2139.278481646222
6,1308.3080437127883,2164.694063761563
7,1311.0,2165.0
8,1396.2895262229013,2175.1934087707373
9,1453.0,2182.0
10,1608.7350203190617,2199.635948501204
11,1612.0,2200.0
12,1889.9760726553823,2230.8562264692396
13,1909.0,2233.0
14,2136.126480316684,2259.2340934173694
15,2169.0,2263.0
16,2299.0046690485033,2277.7232928029002
17,2381.0,2287.0
18,2467.9556646378824,2296.9338238224564
19,2600.7224686325508,2312.0549211559483
20,2672.0,2320.0
21,2806.923397498712,2334.937647226792
22,2889.0,2344.0
23,2971.030237803446,2353.040479454822
24,3060.0,2363.0
25,3078.4373449047143,2365.128121389512
26,3305.655692433681,2391.499441634655
27,3310.0,2392.0
28,3496.0,2413.0
29,3674.208549743664,2429.480659570476
30,3795.0,2438.0
31,3828.3279353400403,2440.3764998166093
32,3887.3741620142623,2445.5449951248565
33,3959.2478530797353,2462.5217187125368
34,3961.0,2463.0
35,4122.0,2512.0
36,4156.538519689347,2524.3851427171267
37,4188.637905885294,2541.278597860297
38,4224.0,2574.0
39,4296.24263195232,2648.530072781537
40,4304.0,2659.0
41,4363.760021709145,2792.643224937375
42,4379.0,2845.0
43,4389.023030700362,2893.588653030849
44,4391.512755136791,2933.97350940505
45,4392.0,2942.0
46,4396.0,3014.0
47,4396.303489463344,3021.686614225774
48,4396.0,3143.0
49,4395.595436366217,3152.670109660792
50,4389.6500230735355,3254.5091898505316
51,4387.0,3290.0
52,4373.0,3410.0
53,4370.50422734297,3427.362277985605
54,4352.0,3549.0
55,4335.444790188926,3645.5482410014733
56,4335.0,3648.0
57,4302.0,3818.0
58,4283.287294187993,3903.6224591409036
59,4243.62087247749,4068.4823437671153
60,4233.0,4111.0
61,4221.770019553837,4154.698693328792
62,4200.0,4233.0
63,4172.0,4332.0
64,4154.989680997956,4393.0757304515255
65,4133.0,4471.0
66,4118.837142115204,4518.98991794376
67,4073.0,4661.0
68,4050.6630682296145,4721.719034944568
69,4014.0,4812.0
70,3962.0,4921.0
71,3950.2619091992897,4941.551432203863
72,3688.9828003573634,5201.254692770799
73,3616.0,5239.0
74,3510.9120572394077,5283.207317620932
75,3496.0,5289.0
76,3455.0,5304.0
77,3392.7675224233776,5323.851122148788
78,3286.0,5356.0
79,3248.1878260857375,5367.848019645506
80,3092.7697178494664,5420.0031600850325
81,3038.0,5439.0
82,2872.0,5498.0
83,2781.585656443134,5533.52430065631
84,2590.0,5631.0
85,2555.3622148449235,5655.544276702283
86,2438.2302793105605,5769.520944770954
87,2386.0,5834.0
88,2338.928757403083,5898.697010845406
89,2252.0,6042.0
90,2240.54027292331,6064.595158485422
91,2196.6624918489642,6168.571497123222
92,2178.0,6242.0
93,2142.540152294583,6509.000005138224
94,2141.0,6527.0
95,2141.013135464693,6595.144815584271
96,2144.0,6620.0
97,2174.0,6881.0
98,2178.1640515041518,6910.338985621029
99,2190.0,6987.0
100,2210.0,7108.0
101,2237.635861507447,7273.666226062845
102,2258.0,7395.0
103,2266.802911897966,7446.832599146852
104,2283.8769226678205,7542.975324856717
105,2304.0,7653.0
106,2318.600206459051,7735.203764317794
107,2342.0,7869.0
108,2365.530549946869,8011.7497617898025
109,2372.0,8055.0
110,2382.305666576804,8127.483559679937
111,2393.0,8211.0
112,2404.072629746011,8319.059886873445
113,2412.840291900199,8445.814366589182
114,2413.0,8449.0
115,2417.0,8561.0
116,2418.627286947616,8638.303518391233
117,2420.0,8818.0
118,2419.521028527333,8957.58704617345
119,2419.0,8996.0
120,2416.0788995227626,9138.18936867299
121,2416.0,9142.0
122,2413.0,9268.0
123,2412.5149737537563,9279.819704473899
124,2407.0,9399.0
125,2401.0,9546.0
126,2397.136476829225,9624.899598441312
127,2388.1483168086324,9774.197374826392
128,2387.0,9793.0
129,2374.0,9991.0
130,2367.0,10073.0
131,2364.3534454272067,10105.507381918538
132,2353.0634362180017,10260.530951528577
133,2345.0,10371.0
134,2342.598225773811,10402.137108334744
135,2330.1977414403495,10549.769394582208
136,2330.0,10552.0
137,2310.086872900739,10765.795575975124
138,2307.0,10798.0
139,2298.0,10889.0
140,2288.213982597218,10973.278239116036
141,2281.0,11029.0
142,2259.1993344538687,11171.90862227005
143,2259.0,11173.0
144,2237.650254271921,11273.113190710279
145,2235.0,11284.0
146,2208.3220709932993,11380.442723232867
147,2194.0,11421.0
148,2188.0,11436.0
149,2172.6951990713806,11471.334373992046
150,2159.0,11500.0
151,2107.7742674702918,11588.260778566011
152,2095.0,11606.0
153,2060.0,11648.0
154,2056.2994078159927,11652.034062496876
155,2012.0,11693.0
156,2006.5379497121714,11697.06317789312
157,1924.0,11749.0
158,1877.506868871612,11766.745580097364
159,1869.0,11768.0
160,1841.083889805389,11771.091060091974
161,1793.1070404074935,11773.25606582115
162,1769.0,11771.0
163,1748.3267882754944,11766.726612642833
164,1721.0,11758.0
165,1685.2850638461514,11742.823740558313
166,1674.0,11737.0
167,1635.5244065078152,11712.889128654793
168,1620.0,11702.0
169,1572.0,11665.0
170,1568.2983395599692,11661.741343574906
171,1532.6894137677737,11626.41977448051
172,1519.0,11611.0
173,1486.0,11569.0
174,1474.9194960053185,11552.711161765972
175,1448.0,11509.0
176,1417.0413860476235,11452.22883383036
177,1416.0,11450.0
178,1366.4501947302685,11330.61301385572
179,1346.0,11278.0
180,1338.9516908979454,11259.237329113159
181,1326.0,11218.0
182,1324.3810279102079,11212.81810868021
183,1295.0,11120.0
184,1277.835796347929,11064.95027149078
185,1248.0,10969.0
186,1222.4624430926676,10888.884404720813
187,1213.0,10859.0
188,1170.6165315515632,10723.954754516091
189,1165.0,10706.0
190,1117.4205907363475,10553.188691936319
191,1090.0,10465.0
192,1059.8740614290675,10368.626769702369
193,1032.5734050964118,10281.679417865991
194,1021.0,10245.0
195,1003.3894308539271,10189.601864374465
196,987.0,10138.0
197,964.1350960398255,10065.645028852452
198,909.0,9891.0
199,876.4328753566658,9788.911308821118
200,860.0,9739.0
201,841.3567516050896,9683.259101282774
202,781.0,9506.0
203,777.2473831974487,9495.145043988614
204,725.0,9347.0
205,694.6178934584428,9260.293951868944
206,630.0,9075.0
207,625.8181704404711,9063.010657419407
208,592.3360815443232,8967.064341267884
209,545.9085131335903,8834.586414608006
210,545.0,8832.0
211,461.5505269523488,8594.715114469847
212,449.0,8559.0
213,404.79629106825496,8432.695845018372
214,393.0,8399.0
215,348.1821017282997,8271.160967365777
216,331.0,8222.0
217,296.0866243646066,8121.686046649922
218,284.0,8087.0
219,205.0,7861.0
220,181.5050504954092,7793.416986018381
221,146.82566931505272,7693.613466018098
222,141.0,7677.0
223,81.0,7507.0
224,60.1837529908811,7447.6986399483285
225,32.0,7367.0
226,5.86104095969767,7291.8206295624
227,-37.85742448368722,7165.53784791801
228,-55.0,7116.0
229,-81.29148128883926,7040.032173461531
230,-121.0,6926.0
231,-137.66606838730513,6878.663277834237
232,-177.0,6767.0
233,-204.7179800975826,6687.316890679823
234,-255.0,6542.0
235,-269.11360841339274,6501.485263276585
236,-312.0,6380.0
237,-330.16934726226964,6328.319773609719
238,-449.0,5989.0
239,-452.9544927795147,5977.647073169301
240,-479.3895164801215,5901.313303574168
241,-483.0,5891.0
242,-523.6214765751014,5775.940882559837
243,-576.0,5627.0
244,-622.7440516406906,5493.295463740115
245,-686.0,5312.0
246,-709.1692516309951,5245.80914640889
247,-721.0,5212.0
248,-780.0,5043.0
249,-815.6831429456854,4940.721631547085
250,-868.0,4791.0
251,-885.0397677801639,4742.405883638719
252,-932.4146814764995,4607.662417872082
253,-933.0,4606.0
254,-1003.0596347993359,4406.6975770848285
255,-1004.0,4404.0
256,-1069.924048960174,4213.59991870003
257,-1092.0,4150.0
258,-1227.1630139803137,3766.3743038810385
259,-1242.0,3725.0
260,-1281.2936075336995,3616.3070475256673
261,-1372.0,3368.0
262,-1383.7725904627537,3335.5627173418106
263,-1468.0892872160491,3102.0123261552935
264,-1483.0,3061.0
265,-1512.972916493179,2979.819293888585
266,-1546.0,2890.0
267,-1551.1036348147281,2876.010649578794
268,-1677.0,2529.0
269,-1682.4712122921544,2513.9134482824156
270,-1731.9475693964264,2377.661747450509
271,-1776.8713882428328,2257.9547543101744
272,-1778.0,2255.0
273,-1796.0,2208.0
274,-1835.4104384240081,2104.3111317197463
275,-1858.0,2044.0
276,-1985.0,1699.0
277,-1990.5745473525435,1683.5793840212184
278,-2033.0919081665093,1561.8927402728343
279,-2052.2244235892676,1500.5621491876354
280,-2062.0,1471.0
281,-2097.1972771386913,1365.500708415513
282,-2098.0,1363.0
283,-2134.294435677175,1242.5030879036478
284,-2144.0,1208.0
285,-2172.6960486689127,1091.0494945003065
286,-2180.0,1049.0
287,-2183.8264018610957,1021.6968209373938
288,-2189.0,979.0
289,-2192.0,953.0
290,-2194.409342165087,915.8338394022726
291,-2195.0,891.0
292,-2194.542799384334,845.1972713742077
293,-2191.0,791.0
294,-2185.0,747.0
295,-2184.2660536343938,743.0616110948228
296,-2173.0,698.0
297,-2166.0,677.0
298,-2159.918115113637,658.9634599357125
299,-2140.0,626.0
300,-2115.1758874798215,602.3074822547685
301,-2090.0,581.0
302,-2078.923013120865,572.5181420781396
303,-2069.0,574.0
304,-2051.5039243155825,573.4775299622091
305,-1987.6940889645432,569.9817428899082
306,-1983.0,570.0
307,-1933.8734169490012,578.2985695877885
308,-1926.0,580.0
309,-1886.0,588.0
310,-1864.9788907334091,592.7927173947737
311,-1839.0,598.0
312,-1756.2736781844847,608.4284224507763
313,-1734.0,610.0
314,-1705.7438542929813,610.5133459795779
315,-1659.3355195021622,602.4975309750241
316,-1640.0,596.0
317,-1629.063312475077,591.8234018643502
318,-1591.0,573.0
319,-1587.5934537251055,570.7736685749385
320,-1536.7808855329818,525.9081374128599
321,-1536.0,525.0
322,-1494.0,461.0
323,-1488.5368675530683,450.13414302634186
324,-1451.0,355.0
325,-1428.3152383019365,280.2150857726101
326,-1408.0,205.0
327,-1399.5099138248208,171.84697360658953
328,-1392.0,141.0
329,-1390.6794582270663,135.61617948883878
330,-1374.7130423736276,70.85803029704152
331,-1369.0,48.0
332,-1359.4399662777525,10.31646417744292
333,-1356.0,-4.0
334,-1340.0,-73.0
335,-1331.4338454908332,-107.65279982771794
336,-1315.0,-171.0
337,-1308.3312167111233,-196.73126103267782
338,-1285.0,-284.0
339,-1243.6594064017656,-421.99611596661816
340,-1230.0,-463.0
341,-1197.3440482302913,-552.613922064844
342,-1144.5101815741707,-684.155956154845
343,-1141.0,-693.0
344,-1117.5767429721825,-751.3975197037082
345,-1098.0,-791.0
346,-977.0493974583213,-1018.4639365269968
347,-969.0,-1033.0
348,-930.1294263506585,-1098.4578666029972
349,-909.0,-1131.0
350,-893.9528267436506,-1154.3833539689313
351,-836.279877996237,-1241.9308426320522
352,-815.0,-1272.0
353,-669.0,-1466.0
354,-651.1961875246184,-1488.9371226326884
355,-581.9770157202296,-1572.9781445098088
356,-535.0,-1624.0
357,-428.541946931818,-1736.4230695014464
358,-427.0,-1738.0
359,-335.0,-1829.0
360,-326.19605792483304,-1837.4468398226054
361,170.0494625471332,-2269.7395267566367
362,233.0,-2323.0
363,291.79984653664593,-2372.8175283300498
364,388.0,-2454.0
365,481.4147563658421,-2531.9805714855634
366,485.0,-2535.0
367,668.0,-2690.0
368,781.1781441393384,-2786.217435853939
369,827.9737484773559,-2826.2024867707237
370,878.0,-2868.0
371,974.259755947596,-2948.03372256898
372,1004.0,-2973.0
373,1083.952846773957,-3040.877941203574
374,1117.0,-3069.0
375,1344.821641881941,-3262.056334140687
376,1359.0,-3274.0
377,1462.0,-3360.0
378,1484.3584809313827,-3378.7896990574027
379,1698.7986869164242,-3559.6509058611846
380,1760.0,-3611.0
381,1846.6921850541812,-3682.448132897028
382,1891.0,-3718.0
383,2060.5553851927675,-3852.302363868237
384,2107.0,-3888.0
385,2182.1665936923646,-3944.600294718895
386,2274.0,-4012.0
387,2326.2568577104284,-4049.423491038009
388,2446.0,-4132.0
389,2518.166004636111,-4180.1668308939215
390,2647.881449599215,-4264.779472731597
391,2725.0,-4314.0
392,2844.0571478413513,-4387.745928389704
393,2952.0,-4450.0
394,3005.117141999727,-4479.359048793984
395,3200.3372931348736,-4583.146256465542
396,3202.0,-4584.0
397,3412.0,-4683.0
398,3471.9332192838356,-4709.499858941499
399,3607.3845656629005,-4769.279361921043
400,3609.0,-4770.0
401,3773.87897181897,-4843.638461217547
402,3777.0,-4845.0
403,3976.670601249801,-4930.461631981051
404,4116.0,-4989.0
405,4201.826970000873,-5023.719829204534
406,4282.375252139168,-5054.370788026643
407,4284.0,-5055.0
408,4555.373118229901,-5161.106193208438
409,4611.0,-5183.0
410,4677.790563870979,-5209.7107028642085
411,4727.0,-5229.0
412,4833.327742326244,-5269.818515501685
413,4952.0,-5314.0
414,4983.073651570773,-5324.726020769782
415,5067.0,-5341.0
416,5091.959823637671,-5342.935905320497
417,5180.0,-5345.0
418,5262.503491124296,-5334.0309494466155
419,5354.0,-5308.0
420,5380.162432660036,-5298.26280908535
421,5436.0,-5274.0
422,5539.481625760626,-5213.003503545214
423,5542.0,-5211.0
424,5645.578119764993,-5115.814671545103
425,5655.0,-5107.0
426,5690.883004189858,-5075.638209500675
427,5722.677382824204,-5015.509953531652
428,5730.0,-4998.0
429,5774.0,-4889.0
430,5779.3618232024755,-4874.874740450985
431,5806.317900162398,-4745.201013233187
432,5796.0,-4692.0
433,5794.9066124092515,-4685.213778555396
434,5775.178250926511,-4551.156105122916
435,5767.0,-4512.0
436,5758.176378862153,-4478.200899445541
437,5739.0,-4422.0
438,5673.62218377805,-4277.166660935206
439,5673.0,-4276.0
440,5569.6665931023945,-4122.54558822826
441,5541.0,-4083.0
442,5501.778962370607,-4024.275039580616
443,5385.0,-3931.0
444,5331.991376852249,-3903.3400769831114
445,5197.0,-3840.0
446,5148.886472165638,-3823.9295176808187
447,5123.0,-3822.0
448,5071.254613895094,-3813.221973998069
449,5009.0,-3804.0
450,4860.79222520229,-3789.845005716498
451,4841.0,-3788.0
452,4644.0,-3764.0
453,4583.418288076959,-3753.653969877342
454,4396.0,-3718.0
455,4300.6392578590885,-3704.2818362559074
456,4249.0,-3699.0
457,4189.57272596661,-3693.5042773059513
458,4029.0,-3680.0
459,3719.0,-3656.0
460,3678.6822103900463,-3652.8265793133824
461,3533.945547365546,-3641.3242578332965
462,3517.0,-3640.0
463,3360.3646478456753,-3627.3103819733915
464,3357.0,-3627.0
465,3130.796406017353,-3602.96208786634
466,3093.0,-3598.0
467,2963.1308594341626,-3575.6639189241873
468,2821.0,-3529.0
469,2738.0,-3494.0
470,2698.152955614633,-3475.190968647913
471,2588.8859284793407,-3417.428741694266
472,2561.0,-3402.0
473,2455.0,-3340.0
474,2264.7934686686744,-3213.5491811610514
475,2205.0,-3173.0
476,2150.729968226437,-3134.2846955897826
477,2132.0,-3118.0
478,2048.7831854148376,-3043.8568053553445
479,1911.0,-2916.0
480,1823.976930516812,-2813.5024558993746
481,1789.0,-2749.0
482,1703.1205837758066,-2564.855941432908
483,1696.0,-2544.0
484,1652.5428304524444,-2392.67829673817
485,1637.0,-2333.0
486,1613.2984130403424,-2233.51384260939
487,1608.5569942348463,-2198.077224611193
488,1604.0,-2169.0
489,1591.73606522535,-2094.676320169996
490,1589.0,-2075.0
491,1585.0,-2040.0
492,1578.2145587512023,-1979.3613712048261
493,1576.0,-1940.0
494,1576.971954036477,-1774.1306073245728
495,1577.0,-1773.0
496,1579.035759275895,-1738.8227924882287
497,1580.0,-1731.0
498,1585.851307233247,-1684.4892018589246
499,1589.0,-1664.0
500,1609.0,-1580.0
501,1618.9206414909086,-1553.3918748800797
502,1629.0,-1532.0
503,1657.0,-1490.0
504,1675.0174654563702,-1471.1561664407577
505,1692.0,-1457.0
506,1738.1320092281894,-1429.6558588043558
507,1791.0,-1412.0
508,1809.5853759237161,-1408.0624307447933
509,1858.0,-1401.0
510,1873.3196580652507,-1399.466791756704
511,1902.0,-1398.0
512,1953.7669701993868,-1398.0402675624548
513,2007.0,-1400.0
514,2071.396772027164,-1405.099937967842
515,2151.0,-1415.0
516,2205.196940918051,-1422.6141612267727
517,2246.0,-1419.0
518,2298.988516722272,-1409.28639699123
519,2395.0,-1386.0
520,2448.1359799332267,-1361.4092406690024
521,2466.0,-1348.0
522,2551.0,-1285.0
523,2578.389834831347,-1263.644153320306
524,2636.0,-1207.0
525,2649.665442853211,-1190.5568487285655
526,2695.0,-1132.0
527,2726.0259164990453,-1076.0264710119823
528,2732.0,-1052.0
529,2739.0635817366733,-1021.2148808027791
530,2760.1071341132474,-916.7246085807557
531,2762.0,-905.0
532,2772.9069889977327,-802.6196296302936
533,2775.4274037416276,-740.6749114196476
534,2777.0,-711.0
535,2777.8973499524946,-697.5580501171229
536,2778.0,-643.0
537,2771.8244146993866,-569.264276062953
538,2762.0,-485.0
539,2750.987715696923,-423.919205445117
540,2703.906007079961,-323.51988053659966
541,2696.0,-312.0
542,2652.949137700284,-255.1708775918571
543,2606.0,-201.0
544,2598.1894345548817,-192.88431128546222
545,2524.0,-132.0
546,2506.911534211885,-120.39513300692556
547,2437.0815157068946,-77.58232101184151
548,2436.0,-77.0
549,2377.515412367309,-49.609391343228204
550,2368.0,-46.0
551,2259.0,-16.0
552,2252.231149842129,-14.792985812844439
553,2214.0,-10.0
554,1780.4538452427446,-43.021124658176035
555,1739.0,-49.0
556,1593.0,-71.0
557,1547.859059157418,-77.51477894860926
558,1501.0,-84.0
559,1385.0408830748827,-99.08789071351129
560,1322.0,-107.0
561,1274.0,-113.0
562,1263.7453504217085,-114.30622272888058
563,1162.0,-128.0
564,1104.7707955716312,-136.29221391504166
565,882.0,-171.0
566,861.1415898483608,-174.54130254120116
567,794.0536528550524,-186.96811299705394
568,738.0,-197.0
569,664.6449228674774,-209.46840158464977
570,517.4801652870822,-233.53844511964263
571,470.0,-241.0
572,371.2472860463514,-255.31543531325121
573,279.0,-261.0
574,241.805394814304,-261.31633037846655
575,172.0,-260.0
576,70.1519153574676,-250.43462905973544
577,-31.0,-219.0
578,-221.75474875355104,-140.27789891499845
579,-243.0,-131.0
580,-326.2217649238615,-87.8106425809458
581,-360.0,-53.0
582,-452.2555090631745,37.94732711260013
583,-501.0,92.0
584,-539.4258306787765,142.2076261164363
585,-610.0,257.0
586,-647.4534849820604,319.5167979933072
587,-671.0,359.0
588,-753.0,497.0
589,-788.6464564814667,555.879455048076
590,-880.0,709.0
591,-920.6590928530491,783.1190380892459
592,-985.294718875168,916.4854580636774
593,-1020.0,996.0
594,-1030.9097172132815,1023.3533889481082
595,-1050.0,1082.0
596,-1063.1215324893765,1128.3433946369114
597,-1086.0,1218.0
598,-1090.130203588461,1236.7372017616522
599,-1104.0,1313.0
600,-1106.4501763518772,1329.638136377931
601,-1113.0,1383.0
602,-1119.0,1474.0
603,-1118.1044675879755,1548.0573347873105
604,-1114.0,1652.0
605,-1114.1227411650352,1661.2628735086942
606,-1114.4705247835468,1654.842149790298
607,-1114.0,1657.0
608,-1097.341506551984,1739.7494162155738
609,-1097.0,1741.0
610,-1081.0,1788.0
611,-1059.689244205404,1830.9115024613307
612,-1059.0,1832.0
613,-1014.8548104838472,1884.831601452311
614,-978.0,1913.0
615,-937.0346752181807,1933.8923488335172
616,-826.5247397356588,1963.7266847016522
617,-825.0,1964.0
618,-753.0932904902564,1972.4100776246387
619,-676.656930284555,1978.5826756208066
620,-662.0,1980.0
621,-531.1910448203719,1994.0590115568245
622,-472.0,2001.0
623,-438.5822075319941,2005.7640857681
624,-416.0,2009.0
625,-361.3370527962418,2014.4110368713564
626,-274.0,2021.0
627,-105.8440385345239,2029.9069375117656
628,-104.0,2030.0
629,-16.353216452347393,2034.5980806909338
630,29.0,2037.0
631,165.0,2044.0
632,176.78650809820675,2044.5858865848272
633,306.26681755655335,2050.812525681056
634,393.0,2057.0
635,450.49316030421016,2062.8078492584773
636,578.0,2081.0
