,x,y
1,658.7037020960615,4144.680832527417
2,734.9040159600256,4331.312527584371
3,747.0,4361.0
4,792.2438968762724,4472.160976829077
5,864.6273033616447,4650.315888306318
6,886.0,4703.0
7,913.5381660110079,4771.005969475282
8,986.0,4948.0
9,1087.0,5194.0
10,1100.7293402892512,5228.357839109197
11,1208.120392182632,5518.676597621143
12,1250.0,5647.0
13,1280.1659372751983,5751.139785009261
14,1307.0,5852.0
15,1347.0,6000.0
16,1402.0,6191.0
17,1403.752716511598,6196.204791567645
18,1467.0,6369.0
19,1477.2276533419993,6394.912732596576
20,1510.7557171097696,6457.109805943099
21,1514.0,6462.0
22,1554.4838372823917,6521.952407102149
23,1568.0,6541.0
24,1586.5939635372517,6562.623670048046
25,1605.0,6578.0
26,1655.0,6622.0
27,1656.6565784672503,6623.316475140572
28,1718.0,6661.0
29,1858.1283893047682,6699.007179327584
30,1882.0,6703.0
31,1922.339372685888,6705.485180515758
32,1963.0,6697.0
33,1977.220319718123,6694.352091264327
34,2013.0,6686.0
35,2058.0088228826226,6668.090735351997
36,2128.168635713453,6629.7234686150005
37,2134.0,6626.0
38,2184.4992820825337,6585.302261864964
39,2208.2983045581336,6550.657463875524
40,2228.0,6514.0
41,2231.7325327602252,6506.397231403993
42,2277.456769751502,6394.609721212547
43,2281.0,6383.0
44,2292.3930432440648,6332.540649875612
45,2296.203451967062,6276.731281438875
46,2296.0,6248.0
47,2295.185095865474,6227.349656416817
48,2290.8297835184594,6173.082587325089
49,2279.0,6100.0
50,2267.0273518099593,6049.087998561195
51,2261.0,6026.0
52,2239.0,5949.0
53,2233.354841805884,5930.875509045018
54,2213.0,5870.0
55,2199.1897464644176,5830.760433470185
56,2146.0,5684.0
57,2123.6234379838315,5623.622424693591
58,2100.762178540571,5567.387976465031
59,2095.0,5554.0
60,2038.862815230235,5427.747850201957
61,1998.0,5337.0
62,1984.9331329853514,5307.958451223744
63,1928.3598106833076,5180.705535030725
64,1925.0,5173.0
65,1891.0,5094.0
66,1854.0,5001.0
67,1852.874633072353,4997.917314379509
68,1815.0,4881.0
69,1796.4615192464007,4806.015244535658
70,1770.0,4613.0
71,1770.2216338708936,4497.844215230538
72,1778.897206616776,4369.070675541626
73,1781.0,4340.0
74,1798.1299581883911,4115.742560685818
75,1802.0,4034.0
76,1800.899517212009,3975.8352136874664
77,1790.0,3919.0
78,1771.1957798590397,3856.9895185262276
79,1742.0,3785.0
80,1659.1117522523164,3671.3228010278685
81,1642.0,3656.0
82,1490.0,3550.0
83,1423.4059895489215,3515.5227892137746
84,1382.0,3499.0
85,1273.0,3457.0
86,1259.4058504156044,3451.866229656045
87,1148.3029013333141,3410.7740176605307
88,1112.0,3398.0
89,932.0,3325.0
90,928.1293925341014,3322.912960086517
91,814.0,3258.0
92,796.6108323410227,3247.3545314942958
93,728.3984682141265,3197.8686395486325
94,703.0,3143.0
95,699.831642182251,3137.179011661222
96,658.0,3045.0
97,654.1938729657705,3023.200605817631
98,650.2663365490545,2885.579678342162
99,651.0,2870.0
100,660.0789540825825,2814.381227995065
101,681.0,2778.0
102,716.0,2726.0
103,722.8560203464069,2715.5547680350596
104,797.0,2656.0
105,801.2162212425603,2653.612455523974
106,873.0,2615.0
107,1009.1645866431475,2566.5700697202446
108,1052.8622561668985,2579.629866609854
109,1082.0,2588.0
110,1123.273121862229,2594.0911103545473
111,1152.0,2600.0
112,1233.0,2621.0
113,1235.1964827105853,2621.6097056403732
114,1302.8206837106438,2641.409359684592
115,1335.0,2651.0
116,1509.0,2703.0
117,1537.5969496460775,2711.923867624002
118,1647.281387394754,2753.362448461583
119,1669.0,2762.0
120,1795.0,2810.0
121,1829.9667377930261,2822.5936748556032
122,1882.0,2841.0
123,1970.0,2872.0
124,1983.5961414712733,2876.5723541809784
125,2085.0,2909.0
126,2142.568349082544,2926.9676660642554
127,2203.0,2944.0
128,2322.3379430443856,2972.4729004787296
129,2452.4251193670298,3000.0938498895775
130,2462.0,3002.0
131,2520.0778082686847,3012.140692235925
132,2566.0,3017.0
133,2644.6053157641254,3023.833070902595
134,2847.0,3037.0
135,2960.669949984173,3038.052846053196
136,3054.0,3034.0
137,3084.0391824531553,3032.110822611631
138,3194.0,3023.0
139,3307.0,3009.0
140,3366.906999273013,2999.8783736569103
141,3477.0,2981.0
142,3592.0,2960.0
143,3650.136625307746,2948.602916417176
144,3750.0,2929.0
145,3809.2768854813025,2918.123285157174
146,4073.0,2873.0
147,4128.443784216886,2864.6779395283165
148,4177.0,2861.0
149,4234.031537336154,2858.542442827156
150,4440.713017225075,2854.6644328589487
151,4463.0,2855.0
152,4509.0,2858.0
153,4714.75560352088,2894.0708009303603
154,4779.0,2907.0
155,4918.324772198071,2950.8124692753454
156,4954.0,2967.0
157,5041.895252326345,3005.1267230390094
158,5068.0,3017.0
159,5187.257122106472,3077.1047187297872
160,5288.0,3134.0
161,5439.670121622749,3227.265278653703
162,5474.0,3248.0
163,5674.336807279894,3366.972692504835
164,5688.0,3375.0
165,5770.948399044959,3422.7175149123836
166,5825.0,3446.0
167,5967.0,3506.0
168,6001.167370761826,3518.4734703026006
169,6085.0,3545.0
170,6208.709948617228,3575.524979640531
171,6221.0,3578.0
172,6364.6537434281,3599.7930237027085
173,6456.0,3609.0
174,6551.0,3616.0
175,6586.931748991232,3618.081227778022
176,6693.0,3623.0
177,6782.373532965674,3626.0065066286343
178,6854.0,3627.0
179,6933.328931669191,3627.709944416393
180,6996.0,3628.0
181,7251.0,3627.0
182,7254.385008751266,3627.002193412966
183,7285.0,3627.0
184,7417.357103892961,3623.603619096667
185,7460.0,3622.0
186,7571.530271137154,3617.6554400474784
187,7651.0,3612.0
188,7928.0,3574.0
189,7931.641978592258,3573.2913068500447
190,8022.4773680547405,3550.4241958376206
191,8087.0,3526.0
192,8208.246138662547,3468.670678119841
193,8221.0,3461.0
194,8429.314535357822,3294.9709647905893
195,8439.0,3286.0
196,8530.584891057862,3181.2710345165588
197,8569.0,3113.0
198,8608.526728463678,3037.352402298142
199,8638.0,2972.0
200,8677.0,2851.0
201,8692.09957252771,2761.0089813912214
202,8704.0,2599.0
203,8704.143349407053,2596.5011416737134
204,8706.884695185101,2524.6289784143933
205,8692.0,2442.0
206,8662.931367644858,2330.085602668253
207,8620.0,2182.0
208,8589.288956508975,2100.4227486420464
209,8553.542092299253,2048.6479348820576
210,8548.0,2040.0
211,8475.09724522792,1922.9286387653751
212,8403.0,1806.0
213,8391.90063566744,1788.1198433631953
214,8328.422475335823,1687.4978300064276
215,8272.0,1599.0
216,8264.049513394728,1586.3650764407193
217,8211.0,1501.0
218,8143.109960550267,1389.59312755037
219,8082.0,1288.0
220,8034.759759888322,1207.3586577925043
221,7957.0,1051.0
222,7937.0,1011.0
223,7928.956880925969,994.476169127028
224,7844.0,803.0
225,7842.893947272525,800.4261979325621
226,7771.0,637.0
227,7728.031650879826,545.6484662655757
228,7661.0,413.0
229,7579.756922416677,288.9881662070841
230,7473.0,195.0
231,7456.310472447974,181.31290213771973
232,7410.922684573271,149.25052888120635
233,7333.0,124.0
234,7190.8108833316355,89.5340141073794
235,7127.0,76.0
236,7029.6732185702485,67.02722630115375
237,7023.0,67.0
238,6827.0,68.0
239,6796.974001912005,69.48286397507857
240,6695.058896040139,78.33013016026162
241,6672.0,81.0
242,6557.0,97.0
243,6541.725761429597,99.29251065534365
244,6408.893291580249,120.5730640458118
245,6328.675301543668,137.16044886070034
246,6216.1864052285,177.64974278629387
247,6111.0,224.0
248,6064.29948757764,246.06415075374164
249,5948.0,303.0
250,5860.337273904231,346.9042768420948
251,5796.0,404.0
252,5703.168841427382,484.5515098726831
253,5681.0,504.0
254,5632.117993102593,549.64280899732
255,5617.0,574.0
256,5603.385702268301,593.0914017266404
257,5563.0,652.0
258,5532.670841696211,712.5108788996611
259,5525.0,731.0
260,5508.532604611502,777.1013846288747
261,5509.0,841.0
262,5514.869598282452,866.7583478124297
263,5541.0,948.0
264,5572.592280647462,1008.1216308425843
265,5598.809730404788,1033.6374239263303
266,5602.0,1037.0
267,5638.642316651185,1076.9629417766184
268,5653.0,1092.0
269,5700.0,1136.0
270,5701.324140497121,1137.1320126082392
271,5749.0,1175.0
272,5767.066425225172,1188.4757672064964
273,5825.0,1228.0
274,5826.32231327717,1228.816052620312
275,5901.0,1271.0
276,5908.284970349279,1274.8483546477148
277,5967.0,1303.0
278,6005.476198584578,1319.2953299373814
279,6090.0,1352.0
280,6174.466741427537,1378.2897076726947
281,6245.0,1397.0
282,6262.274832115353,1401.6008824404184
283,6285.3685961674855,1407.833618038322
284,6335.0,1416.0
285,6336.93407953735,1416.306978269207
286,6529.0,1446.0
287,6549.6031857891685,1449.0161660334688
288,6684.504464362184,1468.7314107547013
289,6692.0,1470.0
290,6759.0,1482.0
291,6838.16013462085,1498.8612871696869
292,6922.293406018782,1519.9405604288436
293,6930.0,1522.0
294,7020.0,1548.0
295,7079.593802143573,1567.9978259908967
296,7114.0,1581.0
297,7168.472078207957,1604.1139845255539
298,7175.0,1607.0
299,7257.496776669558,1648.1388658914723
300,7290.0,1673.0
301,7332.8858484833545,1711.774933965893
302,7378.0,1757.0
303,7422.304727207791,1812.3621872365457
304,7432.516674915676,1852.019900385803
305,7437.0,1868.0
306,7451.801412378333,1921.9542219910534
307,7453.0,1928.0
308,7459.0,2027.0
309,7458.58570285512,2036.1224987825767
310,7451.0,2094.0
311,7437.942578476515,2145.880831969732
312,7423.0,2191.0
313,7415.398380497337,2210.208368983839
314,7388.0,2260.0
315,7386.253989379521,2262.649885847736
316,7332.0,2339.0
317,7308.335581773216,2369.913993054984
318,7282.0,2388.0
319,7254.782485482027,2405.51506435285
320,7181.564214305823,2452.0976449685572
321,7138.0,2478.0
322,7054.088594445873,2508.508707619617
323,7048.0,2510.0
324,6935.862097415361,2536.3081248198873
325,6870.0,2549.0
326,6798.92550155919,2559.5475432417124
327,6766.0,2564.0
328,6708.82735589092,2571.9722450715044
329,6609.0,2586.0
330,6526.986572857863,2596.7628046844616
331,6471.0,2604.0
332,6386.322567021964,2614.0166344159716
333,6367.0,2616.0
334,6296.168461456014,2623.1435004286227
335,6193.0,2632.0
336,6110.617503986054,2636.5169883224867
337,6079.0,2638.0
338,6009.0,2641.0
339,5994.8108829283665,2641.4129726535534
340,5901.774191146561,2641.649800510333
341,5876.0,2641.0
342,5604.0,2628.0
343,5551.64492167948,2624.5128621997173
344,5487.0,2618.0
345,5430.657417221927,2612.65398782548
346,5329.0,2601.0
347,5306.261004610311,2597.8710747440327
348,5045.0,2556.0
349,4994.155651975569,2546.911706674402
350,4878.7230225846815,2522.3469512750835
351,4810.0,2506.0
352,4808.046257586242,2505.539472154113
353,4768.0,2496.0
354,4711.419816299652,2481.613074813408
355,4656.0,2467.0
356,4594.697455634619,2450.4340115733085
357,4486.0,2420.0
358,4368.491844638852,2385.6526786207896
359,4287.0,2360.0
360,4159.0,2316.0
361,4142.768065694425,2310.228225530971
362,3987.0,2253.0
363,3908.731069722521,2223.7586339961886
364,3735.0,2159.0
365,3625.0312438549454,2121.0215110135764
366,3573.0,2106.0
367,3533.1992095710684,2094.085323841749
368,3360.0,2041.0
369,3340.3484205844607,2034.8499621263481
370,3194.0,1988.0
371,3190.2795631829435,1986.78282851209
372,3070.5127966210416,1946.769657555114
373,3012.0,1926.0
374,2942.955602589829,1900.2887874080998
375,2850.0,1864.0
376,2783.649308348241,1837.0058742684803
377,2621.446037477948,1767.035998570862
378,2592.0,1754.0
379,2499.357110009056,1711.6875605092723
380,2465.0,1695.0
381,2372.923736759646,1648.6958438934003
382,2280.0,1602.0
383,2228.069720667943,1578.3034296754365
384,2196.0,1566.0
385,2150.100987437814,1550.7165681817282
386,2126.0,1548.0
387,2009.0,1561.0
388,1992.7898934764676,1564.9069005072756
389,1962.268056320652,1584.0643018871515
390,1948.0,1599.0
391,1901.5511215644547,1642.560377851047
392,1882.0,1659.0
393,1780.5813054066289,1736.2260193490044
394,1761.0,1750.0
395,1726.4501337401784,1769.8554513612094
396,1700.0,1775.0
397,1693.8405639745988,1776.453728804503
398,1624.0,1792.0
399,1615.66913485436,1793.1666838759002
400,1540.0,1795.0
401,1525.6660662542631,1793.7328357401398
402,1476.2627392920965,1785.8907470776762
403,1472.0,1785.0
404,1419.0,1768.0
405,1344.6713299312512,1728.2606660160907
406,1339.0,1725.0
407,1304.0114196217426,1703.1740546670944
408,1283.0,1674.0
409,1282.212618375927,1672.9730981525577
410,1273.0,1661.0
411,1256.5832234281172,1637.787700139451
412,1235.0,1597.0
413,1224.1839064802493,1566.1411795773327
414,1209.6383109475432,1503.0138450358777
415,1209.0,1499.0
416,1205.4036239892755,1440.2891750073713
417,1206.0,1425.0
418,1208.543701938368,1391.7185742112465
419,1217.874220113924,1318.081770195983
420,1220.0,1304.0
421,1231.0,1237.0
422,1231.3403398925914,1234.9624329747774
423,1241.597134950753,1173.3281769058874
424,1257.0,1081.0
425,1261.421933880819,1055.0318007484695
426,1280.0,949.0
427,1280.4006942704848,946.7475270212624
428,1302.0,826.0
429,1315.9420542116613,748.4022279749361
430,1327.0,685.0
431,1332.406982012525,652.9000893249295
432,1347.0,567.0
433,1351.8871827642492,539.9011754884008
434,1365.0,468.0
435,1380.0,378.0
436,1389.7197437295265,321.3098787702229
437,1415.0,178.0
438,1436.5878639512987,52.77140250863631
439,1440.0,33.0
440,1459.0,-76.0
441,1462.9159667282488,-98.30539901940715
442,1488.0,-241.0
443,1504.4107504750928,-334.69444203798395
444,1529.8865380313482,-481.3480308096814
445,1538.0,-528.0
446,1551.8111904837206,-607.044617136075
447,1561.0,-660.0
448,1568.7637278520997,-705.1104416493417
449,1584.379946767657,-799.0309058057862
450,1589.0,-830.0
451,1596.4538404052323,-886.3072286133444
452,1600.0,-929.0
453,1601.6504921259102,-1011.4715482089945
454,1596.0,-1125.0
455,1588.8700221833806,-1173.2773092888458
456,1570.7429697556686,-1231.363142910649
457,1565.0,-1246.0
458,1526.0,-1330.0
459,1519.2639210890004,-1341.8431310224016
460,1472.4016200277624,-1409.254488672567
461,1350.7584494455507,-1515.8488658041515
462,1200.6577740723574,-1582.016437941358
463,1110.0,-1600.0
464,1052.6974239119081,-1604.6162034170277
465,1000.0,-1606.0
466,939.4526515851245,-1605.6511500128468
467,863.0,-1603.0
468,848.4582036229833,-1602.307367849084
469,771.0,-1598.0
470,728.374766033945,-1595.7509408364056
471,654.0,-1592.0
472,595.0,-1589.0
473,592.4529631132109,-1588.865346123289
474,487.0,-1582.0
475,368.9425245796945,-1569.3448274699242
476,199.74898038432386,-1546.4049438852908
477,178.0,-1543.0
478,67.34914416699411,-1517.1856004307567
479,38.0,-1508.0
480,-58.0,-1477.0
481,-112.28656657091119,-1458.3257721317154
482,-209.0,-1419.0
483,-371.3843830728104,-1334.4274028810062
484,-451.0,-1289.0
485,-521.6986578521268,-1244.5504978651734
486,-595.0,-1178.0
487,-664.8639751782249,-1105.4832297108164
488,-770.0,-990.0
489,-840.4284956100697,-893.8659568483466
490,-860.0,-859.0
491,-928.0,-730.0
492,-929.581746532463,-726.708212464534
493,-980.9911390765396,-597.9160710189369
494,-994.0,-538.0
495,-1007.8657410307229,-414.7774099254548
496,-1013.0,-288.0
497,-1008.5454686136701,-207.31078888389882
498,-998.0,-151.0
499,-964.4018566910428,-7.853899104164551
500,-924.3957013869403,115.94737446023892
501,-920.0,127.0
502,-872.6928058581165,229.98495460653362
503,-861.0,255.0
504,-835.0,313.0
505,-821.4959359920936,345.23194835284886
506,-784.0,442.0
507,-753.1652762222795,522.5266986642548
508,-728.0,588.0
509,-661.8853350717899,758.7101143645878
510,-591.0,941.0
511,-574.0897963455043,984.5503926254269
512,-555.506174698552,1032.6934730288629
513,-545.0,1060.0
514,-493.0,1195.0
515,-479.4038562806152,1230.0644753760605
516,-428.0,1362.0
517,-420.36469945046883,1381.6385117723466
518,-373.50057620241813,1502.5740790609627
519,-328.0,1621.0
520,-281.0,1744.0
521,-243.49182610100317,1840.429772106692
522,-239.0,1852.0
523,-133.0,2128.0
524,-131.30812478599452,2132.3787589553244
525,-64.0,2306.0
526,-62.3666536677388,2310.2327668203534
527,-10.0,2447.0
528,18.29548596758372,2521.7739985104845
529,44.0,2589.0
530,107.4462807548208,2752.634357891198
531,173.0,2921.0
532,190.7637499384908,2966.8023016006814
533,216.0,3033.0
534,235.51549292541029,3083.7395562072247
535,302.3687341044073,3256.683565299027
536,320.0,3302.0
537,345.0,3366.0
538,382.20631980585125,3461.127822530164
539,471.0,3688.0
1,660.0,4148.0
2,722.0,4302.0
3,763.5398918899461,4402.608972863041
4,822.0,4544.0
5,881.0,4690.0
6,882.9785658770207,4694.867524305161
7,961.0,4885.0
8,976.6308556195761,4923.331338205785
9,1047.0,5097.0
10,1121.6834041842524,5281.962235215513
11,1126.0,5293.0
12,1188.0,5457.0
13,1197.0,5482.0
14,1227.130144637693,5575.559349943181
15,1277.0,5744.0
16,1315.0,5880.0
17,1334.0274959325618,5949.433827763178
18,1368.0907478805457,6073.4615151379785
19,1375.0,6098.0
20,1407.0,6206.0
21,1435.688980320161,6288.837057131704
22,1491.0,6418.0
23,1553.9098762701385,6518.922820173191
24,1595.0670562052,6569.1950514998725
25,1603.0,6578.0
26,1659.0,6626.0
27,1679.3661475851814,6638.818803237513
28,1737.4750713585622,6670.064930900685
29,1749.0,6675.0
30,1798.0,6690.0
31,1836.4374798849817,6698.4046652435
32,1892.5907525290993,6702.766225605619
33,1907.0,6702.0
34,2003.0,6688.0
35,2048.753046035827,6673.94191350351
36,2059.0,6669.0
37,2150.0,6611.0
38,2156.7830264827853,6604.56198470375
39,2188.0,6570.0
40,2193.2725495476393,6563.501574918178
41,2223.0,6521.0
42,2256.2646337683987,6456.105543068356
43,2258.0,6452.0
44,2277.0,6399.0
45,2282.425662246451,6377.700884645688
46,2289.0,6340.0
47,2291.0991915749405,6323.341629560911
48,2296.0,6257.0
49,2295.721582604045,6207.89750608865
50,2286.0,6137.0
51,2283.2296105015644,6122.89068949917
52,2265.0,6042.0
53,2255.4228264621333,6004.976902367839
54,2214.561770859942,5875.572192556021
55,2210.0,5862.0
56,2175.600320729816,5762.33295299312
57,2150.0,5693.0
58,2116.0,5605.0
59,2114.6080604459785,5601.528240994353
60,2067.0,5489.0
61,2057.2578140578016,5467.271061576766
62,2020.0,5386.0
63,2003.9247230353976,5350.6898057979615
64,1933.0,5194.0
65,1914.7096441828835,5152.791341592142
66,1909.0,5139.0
67,1850.8083693093542,4993.553061484568
68,1830.0,4933.0
69,1803.0,4836.0
70,1793.8160053857016,4795.390127081275
71,1779.0,4712.0
72,1769.0,4529.0
73,1769.5856617766544,4509.21847133168
74,1780.0,4353.0
75,1790.1837903240025,4245.195227679302
76,1800.0,4123.0
77,1800.448054208705,4006.7782921590638
78,1800.0,3999.0
79,1783.0,3887.0
80,1773.0,3855.0
81,1771.6940211748217,3851.636331870605
82,1712.6503173000576,3746.9367297786393
83,1637.0,3651.0
84,1595.127478555414,3610.408328338606
85,1433.0,3522.0
86,1410.0102444590973,3511.857217886505
87,1328.0,3478.0
88,1252.7815798742713,3449.4428462380056
89,1168.0,3418.0
90,1073.7057735950693,3383.0954679986294
91,1010.0,3359.0
92,895.0976239951201,3311.0615622454197
93,817.0,3262.0
94,815.1652864775841,3260.651768190888
95,786.0,3238.0
96,754.5292727545412,3209.381921726678
97,734.0,3187.0
98,702.2096385376032,3143.6134934203064
99,670.1654775753269,3081.594117562728
100,668.0,3076.0
101,646.6109422728352,2983.6165061566203
102,646.0,2978.0
103,644.1502804580771,2920.988927205717
104,659.0411868979307,2833.4652916952737
105,688.3038260282243,2766.9309355811724
106,762.0,2681.0
107,788.5416608265392,2661.0005737091506
108,846.0,2627.0
109,854.9549722223605,2622.522150487632
110,935.0,2596.0
111,948.8161977256087,2593.9610330624396
112,1074.0,2588.0
113,1086.0234298471717,2588.2964675925523
114,1162.4166774993726,2600.8888609660776
115,1213.0,2616.0
116,1249.798239121155,2626.358706414605
117,1284.0,2636.0
118,1392.0,2668.0
119,1486.0,2697.0
120,1563.0,2722.0
121,1655.0,2758.0
122,1676.6500711088506,2766.157007828807
123,1706.0,2777.0
124,1946.0,2863.0
125,1957.2059193733307,2866.9997515555174
126,2013.0,2886.0
127,2107.013907186494,2915.556803253315
128,2115.0,2918.0
129,2249.8971645177135,2956.937368951073
130,2281.0,2965.0
131,2421.0,2995.0
132,2426.5149752663388,2995.9158481957184
133,2684.0,3029.0
134,2700.1239418703676,3030.6466462969647
135,2804.0,3036.0
136,2807.687356143275,3036.118549970345
137,2919.475301513354,3038.229892682266
138,2932.0,3038.0
139,3200.0,3022.0
140,3254.7552579557114,3017.2401582017555
141,3338.981120306492,3004.231527506066
142,3346.0,3003.0
143,3505.020091535392,2974.824716546168
144,3608.0,2956.0
145,3734.930763803341,2931.756645333792
146,3744.0,2930.0
147,3889.0,2903.0
148,4017.552716705196,2881.93300517266
149,4100.0,2869.0
150,4240.819469099779,2855.2732746801694
151,4248.0,2855.0
152,4367.0,2852.0
153,4574.254325430039,2868.1965864916433
154,4681.0,2884.0
155,4747.65600001038,2897.706428057425
156,4843.0,2926.0
157,4860.197535673609,2931.7614011242335
158,4972.0,2974.0
159,5086.322524409837,3027.782560402164
160,5319.5419381270485,3153.5054530976927
161,5331.0,3160.0
162,5520.5364664857,3275.3016943960633
163,5557.0,3298.0
164,5667.91551893345,3364.3381714982465
165,5732.0,3399.0
166,5788.963416240498,3428.3106463252443
167,5857.0,3461.0
168,5904.864819267896,3481.7978832424733
169,6045.0,3533.0
170,6108.044132112578,3551.9175498443924
171,6196.0,3573.0
172,6274.251160880331,3586.8383553637987
173,6335.0,3596.0
174,6425.060410962728,3606.3968508202784
175,6445.0,3608.0
176,6618.0,3619.0
177,6744.947071923865,3624.8241458987723
178,6870.0,3627.0
179,7106.0,3628.0
180,7147.603078015439,3628.052376683908
181,7256.0,3627.0
182,7416.929136561481,3623.4355580146143
183,7549.0,3618.0
184,7555.066115504345,3617.6706085132146
185,7717.0,3606.0
186,7772.0,3600.0
187,7776.792823374007,3599.3900782187984
188,7942.692091724226,3569.2781307581145
189,8054.992437975086,3539.270400775002
190,8222.710907317598,3470.3565635177397
191,8405.754102428866,3322.1235469649414
192,8427.0,3299.0
193,8590.0,3076.0
194,8619.843709586405,3021.9650044751643
195,8648.0,2944.0
196,8697.0,2735.0
197,8704.0,2619.0
198,8695.0,2467.0
199,8665.0,2307.0
200,8608.944708998535,2155.443127240994
201,8605.0,2147.0
202,8527.0,2004.0
203,8490.894856316718,1944.380974739291
204,8403.0,1805.0
205,8362.141433832487,1740.4113397368767
206,8251.148446036714,1564.9071324184633
207,8231.0,1533.0
208,8155.465460304186,1412.2171102733585
209,8145.0,1395.0
210,8077.0,1280.0
211,8045.503839517203,1223.956890720263
212,8012.0,1162.0
213,7976.286961723941,1092.3586384189693
214,7932.0,1000.0
215,7908.466502184526,948.6369797819025
216,7811.0,727.0
217,7797.792626480283,696.9440190037107
218,7760.583467667167,613.3519672076114
219,7736.0,561.0
220,7654.0,401.0
221,7629.212287466573,360.2918053894167
222,7607.0,329.0
223,7553.479871771104,269.8600148772029
224,7410.310360767143,158.65587313368545
225,7403.0,154.0
226,7305.529978793655,108.77838028959616
227,7235.729560295884,94.31682447228901
228,7207.0,89.0
229,7098.0,73.0
230,6951.285067839655,66.8639786566583
231,6871.0,66.0
232,6788.433589373654,69.62453072621238
233,6774.0,71.0
234,6605.0,89.0
235,6588.400348994877,91.46385797873336
236,6508.0,106.0
237,6414.196751109488,126.3144696069281
238,6283.0,162.0
239,6251.33387284829,172.3495363882106
240,6124.0,219.0
241,6059.264439035414,244.6015819657044
242,6006.0,272.0
243,5872.407205230169,350.61772157748493
244,5844.0,368.0
245,5789.382759284119,403.76908627166847
246,5772.0,423.0
247,5732.372016809122,459.96091645675256
248,5650.361873597456,536.5900597127321
249,5646.0,541.0
250,5594.430571507333,602.1256940687556
251,5585.0,617.0
252,5526.0,729.0
253,5524.578540514469,732.0211861546917
254,5509.7784651553475,776.2958217459882
255,5510.0,799.0
256,5514.0,876.0
257,5519.987634347237,898.6741249292493
258,5543.0,949.0
259,5551.373305325013,963.5638598537333
260,5587.0,1016.0
261,5600.718374782192,1034.0907428348082
262,5642.0,1081.0
263,5677.173251116765,1114.255851797102
264,5730.0,1160.0
265,5782.645147788383,1199.8697458254383
266,5809.0,1217.0
267,5864.0,1251.0
268,5872.452994796401,1255.8046624908607
269,5947.727057321705,1293.596074486872
270,5959.0,1299.0
271,5980.0,1309.0
272,6067.0,1344.0
273,6081.420466542115,1348.6419395795976
274,6242.613283852018,1394.997715686024
275,6270.0,1403.0
276,6265.549050720134,1403.6076114411815
277,6256.0,1400.0
278,6309.0,1410.0
279,6349.6540921093,1417.5989460451196
280,6422.687131335028,1430.4525246490823
281,6479.0,1439.0
282,6619.416274858138,1458.5843957735296
283,6629.0,1460.0
284,6728.37956653171,1476.0782266936308
285,6824.664173513104,1495.330996605827
286,6845.0,1500.0
287,6943.878620054462,1525.7550050618268
288,7094.0,1573.0
289,7208.0,1623.0
290,7270.0,1659.0
291,7306.9851307020435,1686.0186177305613
292,7352.0,1728.0
293,7384.7628072376365,1766.378896782856
294,7397.0,1784.0
295,7428.0,1843.0
296,7441.792600876683,1881.417309785534
297,7454.0,1935.0
298,7460.281403723763,1992.8018446240017
299,7459.0,2024.0
300,7453.443353952347,2068.824122009098
301,7439.0,2145.0
302,7433.126011001884,2167.6811596799557
303,7422.0,2192.0
304,7397.360686174471,2243.639777745515
305,7381.0,2274.0
306,7329.0,2342.0
307,7288.173909127865,2379.8565008962887
308,7223.0,2433.0
309,7168.536362927299,2465.7547594847583
310,7136.741213106086,2478.773662968423
311,7134.0,2480.0
312,7049.0,2510.0
313,7001.128818128049,2521.8002224222214
314,6922.0,2540.0
315,6864.556949746266,2550.5040496418724
316,6842.0,2553.0
317,6802.4902635863,2558.0832672352617
318,6633.309277167639,2582.0868882106315
319,6627.0,2583.0
320,6578.398161524734,2590.12027206336
321,6517.0,2598.0
322,6326.752415283754,2619.714900808994
323,6306.0,2622.0
324,6255.325155924534,2627.3485087073263
325,6206.0,2631.0
326,6128.271385459964,2635.759785131773
327,6034.0,2640.0
328,5969.0,2641.0
329,5965.101825854106,2641.0229683546063
330,5772.0,2638.0
331,5768.044264629968,2637.826009090681
332,5665.0,2632.0
333,5608.884112824626,2628.2971648470857
334,5365.904774730118,2607.9914394001476
335,5200.179716566441,2584.245554668877
336,5109.0,2568.0
337,4961.877990427267,2538.624233576955
338,4806.0,2505.0
339,4738.559152014894,2489.6375154820817
340,4582.0,2447.0
341,4530.910075108055,2432.4084349095833
342,4341.0,2377.0
343,4120.642192186281,2303.1579495634696
344,4056.0,2279.0
345,3941.8566659616336,2235.483737373429
346,3813.0,2189.0
347,3610.589556018723,2120.2645186056925
348,3516.0,2089.0
349,3427.0,2062.0
350,3409.878804983464,2056.616057411015
351,3201.0292051880197,1989.4463126911937
352,3111.0,1960.0
353,3017.2650412117264,1928.5221143472897
354,2915.0,1890.0
355,2839.571952671866,1859.7955595941094
356,2740.0,1819.0
357,2696.3279659320633,1800.7451701308676
358,2562.0,1741.0
359,2540.8062712472024,1730.9677946577267
360,2411.197925712001,1668.021418393005
361,2403.0,1664.0
362,2335.0,1630.0
363,2286.5645070793685,1605.9615799966616
364,2256.0,1591.0
365,2166.8509080977365,1555.2010206308437
366,2152.0,1553.0
367,2013.0,1559.0
368,2010.8691253434113,1559.3146845362558
369,1970.0705018335561,1575.0670294320228
370,1936.0,1609.0
371,1933.9519632655815,1610.9278876411838
372,1853.0,1685.0
373,1838.3897702751535,1698.1296037938575
374,1800.7211074915338,1728.618811233439
375,1777.0,1741.0
376,1735.9209582741823,1760.3821166464008
377,1693.0,1778.0
378,1683.0,1781.0
379,1577.8585633940534,1791.0248447085778
380,1507.0,1792.0
381,1456.764813253788,1784.2922937010183
382,1427.0,1771.0
383,1396.0,1758.0
384,1379.6568657167472,1750.1637167933472
385,1335.0940262059225,1721.4869404005333
386,1332.0,1719.0
387,1295.0956324395395,1685.5087128686391
388,1279.0,1669.0
389,1253.5702614768652,1637.7738277503895
390,1239.4076900593705,1610.1783844106787
391,1233.0,1594.0
392,1226.0,1574.0
393,1222.1287880087673,1562.3365547241017
394,1212.0,1521.0
395,1208.4717022157868,1452.9969373129234
396,1210.0,1384.0
397,1210.388475029893,1376.0607814292648
398,1214.6564834046226,1337.258655400038
399,1218.0,1317.0
400,1220.9535463980997,1299.2600511625542
401,1227.0,1263.0
402,1234.840077564666,1215.6624220103379
403,1244.0,1160.0
404,1246.1460193731748,1146.8756591527224
405,1255.3564807613616,1090.8062622328746
406,1256.0,1087.0
407,1267.9553039943405,1017.5366584233927
408,1277.0,966.0
409,1301.3784687014638,828.542352216876
410,1307.0,797.0
411,1320.6924213887814,720.7807434806242
412,1324.0,702.0
413,1341.8206433884652,599.7088911689654
414,1353.0,535.0
415,1366.0,459.0
416,1374.0426359604605,411.8686367222522
417,1392.0,308.0
418,1399.0661924680844,268.3777372059824
419,1419.0,157.0
420,1423.3368467644748,131.4790495851051
421,1434.0,68.0
422,1438.6911961335609,41.12095879270688
423,1451.0,-28.0
424,1465.352855009565,-109.98038844668052
425,1476.0,-171.0
426,1507.0,-348.0
427,1514.3780966864429,-391.2131037922843
428,1527.0,-465.0
429,1549.0,-589.0
430,1585.0153783669682,-808.7148087223939
431,1591.0,-852.0
432,1602.9807506741224,-1046.0103477106422
433,1603.0,-1051.0
434,1584.0,-1184.0
435,1578.2640506926643,-1200.0349884949321
436,1507.0,-1361.0
437,1504.8041578550976,-1365.0298442390551
438,1395.2486395635237,-1487.2447400191918
439,1376.0,-1500.0
440,1315.8685396323847,-1534.48694640242
441,1222.4388008622855,-1575.4491599591993
442,1188.0,-1586.0
443,1070.7187446861553,-1604.0601745901124
444,1034.0,-1606.0
445,907.0,-1605.0
446,903.0158877174265,-1604.8334653316836
447,813.0,-1600.0
448,785.2617175920897,-1598.5332719253984
449,672.0,-1593.0
450,620.7671327194611,-1590.4399537351064
451,541.0,-1586.0
452,456.0,-1580.0
453,401.66157464124,-1575.186972773428
454,301.70842357598997,-1564.354529353694
455,283.0,-1562.0
456,146.0,-1536.0
457,118.08821044037222,-1528.6453682346098
458,-39.0,-1484.0
459,-62.25724082940722,-1477.071559147107
460,-155.8981619634281,-1442.7909671426796
461,-183.0,-1430.0
462,-275.0845333554551,-1386.9273915172969
463,-373.0,-1337.0
464,-471.1571265229109,-1276.1452933189541
465,-507.0,-1249.0
466,-620.9069906778503,-1150.3912594372944
467,-687.0,-1088.0
468,-740.8170420967912,-1032.7173082112863
469,-785.2055955248193,-975.4182198259555
470,-818.0,-926.0
471,-846.8109268729321,-880.6083229330355
472,-932.4468047293522,-738.0525698027334
473,-1001.5852302309577,-578.570415798599
474,-1019.1451308953864,-396.510966189802
475,-1014.0,-295.0
476,-968.0,-16.0
477,-961.8950122234972,8.387630338274892
478,-881.0,212.0
479,-879.329348654518,215.7629175656142
480,-809.1739925679074,379.72559469379826
481,-776.0,462.0
482,-751.4053440763855,525.3908499892887
483,-698.0,666.0
484,-662.0305717855884,757.4771713918323
485,-652.0,783.0
486,-560.0,1020.0
487,-558.0406279677644,1025.0559170824724
488,-492.45354079371515,1194.0653374697672
489,-467.0,1260.0
490,-368.0,1517.0
491,-336.8289317359729,1597.5906516918615
492,-313.7891117369128,1656.6075662443398
493,-291.0,1716.0
494,-241.97934192825875,1844.6330675373383
495,-238.0,1855.0
496,-178.0,2010.0
497,-134.77521573916164,2123.112530953339
498,-94.0,2230.0
499,-36.45409252050861,2380.097244340194
500,20.0,2527.0
501,48.23862828587281,2600.304672164409
502,69.0,2654.0
503,97.28580156425113,2727.2291185296044
504,155.0,2876.0
505,175.2922047538363,2927.7449702618806
506,233.0,3075.0
507,273.7343517874439,3181.7829775408904
508,288.0,3219.0
509,316.00652012156354,3290.324023676111
510,319.0,3298.0
511,388.4762928938068,3477.914258314527
512,394.0,3492.0
513,502.12750866675304,3762.564768410166
2,615.8158748051006,4041.905142257107
3,708.866831210065,4267.947296330993
4,736.0,4334.0
5,815.0,4529.0
6,816.9513582514473,4533.806390786233
7,900.6091852902807,4739.428780271611
8,961.0,4887.0
9,967.7016845292219,4903.194913738652
10,985.6100234758208,4945.045051119925
11,995.0,4968.0
12,1061.0,5132.0
13,1096.0617568561902,5216.597082433404
14,1184.0,5446.0
15,1195.2088533477522,5479.74887355035
16,1274.0,5732.0
17,1319.407503398449,5889.512653555896
18,1349.1933879102583,6006.025180739323
19,1369.0,6080.0
20,1384.0054880989337,6132.838138064745
21,1446.0,6317.0
22,1477.3792638077075,6388.496843962046
23,1538.0,6500.0
24,1547.0221017040762,6513.6437839229875
25,1595.1339340278812,6570.155558087638
26,1599.0,6574.0
27,1654.0,6623.0
28,1682.7531487023746,6642.409522814945
29,1709.0,6657.0
30,1739.5470178560727,6670.957091780296
31,1810.0,6693.0
32,1811.731809419045,6693.393346050744
33,1870.0,6702.0
34,1891.8570906093062,6702.935286819288
35,1946.4441236817854,6699.5140121033355
36,1967.0,6696.0
37,2067.0,6666.0
38,2076.2241584704516,6661.8189183892955
39,2137.315348179357,6621.642590764447
40,2183.0,6576.0
41,2187.555595063654,6570.84014732084
42,2234.7108402970193,6500.048506330688
43,2242.0,6486.0
44,2256.0,6457.0
45,2277.0,6396.0
46,2280.651430754974,6381.636143990273
47,2294.0,6295.0
48,2295.0,6237.0
49,2294.8398841878366,6228.307750604794
50,2288.0,6153.0
51,2266.540343647695,6047.966270376868
52,2262.0,6028.0
53,2245.3389746557364,5962.909063206777
54,2222.0,5896.0
55,2201.505963367042,5836.904368711455
56,2177.0,5767.0
57,2146.6300835026054,5683.909621354302
58,2131.0,5643.0
59,2119.5258232847978,5613.68515159542
60,2091.0,5544.0
61,2089.832231569233,5541.275950176552
62,2054.405068140518,5461.772941115438
63,2050.0,5452.0
64,1981.1289182162493,5299.066464788664
65,1969.0,5272.0
66,1910.9947821543853,5140.542472383686
67,1886.3367591126278,5081.930123020765
68,1874.0,5052.0
69,1851.6371188544376,4996.930945131398
70,1820.0,4901.0
71,1808.9424971418919,4855.451951169061
72,1783.8363109549157,4723.484638709522
73,1771.0,4633.0
74,1768.0637916425144,4573.396881880634
75,1769.0,4541.0
76,1780.0,4351.0
77,1780.3153908348545,4346.84252673451
78,1795.9470837714498,4164.192104584799
79,1802.0,4073.0
80,1803.3357235596668,4020.9800076366296
81,1792.0,3926.0
82,1791.3213588967792,3923.290595960062
83,1703.0,3722.0
84,1693.5545135950942,3709.0992873744717
85,1624.4752261726362,3638.7647278716777
86,1538.0,3577.0
87,1535.986477998183,3575.7008009437486
88,1463.1433168402523,3535.007666870214
89,1402.0,3508.0
90,1399.3062794559528,3506.870669990515
91,1277.3027077930697,3458.7409210460355
92,1270.0,3456.0
93,1195.0106814636706,3428.54768719548
94,1188.0,3426.0
95,1064.0,3380.0
96,993.1571145284113,3352.1116544120523
97,898.0,3309.0
98,757.0879730514214,3208.320077561472
99,722.0,3173.0
100,692.861000874915,3136.527435299682
101,651.8527918162108,3023.792177723199
102,651.0,3019.0
103,644.4045903420933,2958.4405051988297
104,645.0,2919.0
105,653.6231693788884,2859.571658242041
106,655.0,2854.0
107,706.0,2738.0
108,711.2101338557658,2730.4792477620913
109,745.6456335921996,2693.1082128763073
110,798.0,2655.0
111,815.1225598188848,2643.500489146671
112,862.0,2620.0
113,924.851752233393,2601.914236383446
114,993.0,2587.0
115,1042.1585244568832,2581.666386397576
116,1078.0,2588.0
117,1129.2684423574374,2597.1921698770275
118,1195.0,2611.0
119,1247.0740477250347,2624.9175994263737
120,1292.0,2638.0
121,1370.354617291169,2661.112328415963
122,1466.2392928240556,2690.248873728266
123,1521.4551829408035,2708.7025773429964
124,1631.0,2749.0
125,1663.8608949808718,2761.6807429923747
126,1717.0,2782.0
127,1819.456742273998,2819.1285382553083
128,1919.0,2854.0
129,2033.8404713988048,2892.9478726006178
130,2144.0,2927.0
131,2242.069679021378,2953.6271180599733
132,2396.0,2990.0
133,2416.7855814435125,2994.400649250726
134,2515.43602321612,3011.3932662418115
135,2586.0,3019.0
136,2803.0,3036.0
137,2819.5223646707555,3036.857956150098
138,2918.0,3038.0
139,3023.254136994431,3036.695268814223
140,3138.0,3028.0
141,3259.8902486634533,3013.480628499472
142,3389.0,2996.0
143,3504.305952455291,2978.232890316006
144,3587.0,2961.0
145,3602.4229362352744,2957.902285865811
146,3673.0,2944.0
147,3871.309055899992,2907.1176398446005
148,3991.0,2885.0
149,4034.8530739771873,2876.5009231553877
150,4094.0,2870.0
151,4173.398505663442,2864.1362675763708
152,4376.0,2852.0
153,4430.223685283341,2850.254497314
154,4504.762051511643,2853.0783906508436
155,4586.0,2867.0
156,4628.914749720148,2874.9691529414376
157,4779.0,2907.0
158,4810.7905042733055,2915.764641603622
159,4917.0,2952.0
160,4984.391512204482,2979.0952359022804
161,4996.0,2984.0
162,5180.864792500423,3073.4919052881964
163,5191.0,3079.0
164,5315.951622420211,3151.1616534303375
165,5339.0,3165.0
166,5444.376529870074,3229.6297382799535
167,5479.0,3251.0
168,5602.294763305707,3326.164782189136
169,5626.0,3340.0
170,5741.0,3404.0
171,5797.013836084444,3433.613251622202
172,5895.0,3478.0
173,5917.735417267964,3486.6933304701643
174,6161.0,3565.0
175,6222.042716830628,3581.3219496439924
176,6304.24023986751,3593.711418078074
177,6367.0,3600.0
178,6454.0,3609.0
179,6569.650612934247,3617.64916735526
180,6667.0,3622.0
181,6717.681133689737,3623.5992446270184
182,6832.0,3626.0
183,7007.124667123783,3627.719120118803
184,7053.0,3628.0
185,7200.461100003606,3628.092671763225
186,7210.0,3628.0
187,7389.0,3624.0
188,7394.889133451054,3623.7813683827126
189,7658.462836647508,3610.2759902618427
190,7691.0,3608.0
191,7914.67311628693,3578.0119881148516
192,7981.0,3561.0
193,8068.395217766747,3533.2876149607923
194,8081.0,3528.0
195,8316.0,3398.0
196,8387.541403695634,3347.1295974113436
197,8438.0,3287.0
198,8514.829972193735,3193.6645460118725
199,8540.0,3159.0
200,8608.432991671572,3039.932932194401
201,8625.0,3004.0
202,8669.0,2881.0
203,8677.119280895145,2847.5208943943057
204,8701.106554798629,2681.404624267925
205,8704.0,2639.0
206,8695.686126975757,2460.859039247782
207,8692.0,2437.0
208,8665.677229002127,2311.890519755224
209,8650.0,2258.0
210,8619.269572769326,2178.097262139219
211,8591.0,2119.0
212,8534.0,2015.0
213,8524.223390831114,1998.3638897557041
214,8447.110452936577,1875.7066835916207
215,8418.0,1830.0
216,8383.865386103205,1775.7905424837174
217,8337.0,1701.0
218,8300.90733275105,1643.7517713418572
219,8279.0,1609.0
220,8221.0,1516.0
221,8208.740543108208,1496.0359850514164
222,8060.0,1250.0
223,8031.458067385128,1201.4147155328137
224,7965.397168594323,1073.9273805694822
225,7931.0,997.0
226,7909.242814948742,948.1614447725209
227,7804.0,711.0
228,7802.207232632751,706.9406910221991
229,7748.610310175511,586.5221850453939
230,7735.0,558.0
231,7689.03843566967,465.768646790724
232,7614.0,338.0
233,7606.0,327.0
234,7544.959086951321,254.78063816029942
235,7481.0,199.0
236,7378.23681743775,139.87993352854403
237,7306.0,113.0
238,7218.290979426242,91.03847178616901
239,7182.0,84.0
240,7092.483983074161,71.68930998301525
241,7071.0,70.0
242,7005.0,67.0
243,6913.953827502605,64.63950805662527
244,6860.0,66.0
245,6585.385612852197,92.11372920185383
246,6572.0,94.0
247,6458.010454385179,113.77769092601923
248,6332.023754876525,146.6964737383005
249,6286.0,161.0
250,6137.17793681021,214.92577307785706
251,6056.0,248.0
252,6036.272838994333,256.43792261364075
253,5962.332685208694,291.1866811853298
254,5891.0,337.0
255,5785.198946708661,415.71534627520725
256,5710.0,476.0
257,5675.02915714876,507.39373748914227
258,5639.0,549.0
259,5586.0,615.0
260,5547.45644524682,672.9760017643919
261,5526.0,728.0
262,5513.066809612762,804.1423947676457
263,5510.0,848.0
264,5513.269927075342,888.4793283765055
265,5528.0,921.0
266,5534.576832540785,933.433190259809
267,5583.573267357042,1013.3190185291577
268,5587.0,1018.0
269,5621.497205002157,1059.3167208254838
270,5645.0,1084.0
271,5660.0,1099.0
272,5671.023210935755,1109.7006008925737
273,5721.524985798877,1154.0094379877662
274,5740.0,1168.0
275,5819.263220677455,1222.5654553085324
276,5854.0,1245.0
277,5890.645578740806,1265.7856861139842
278,5914.0,1277.0
279,5987.0,1312.0
280,6022.462489215312,1327.3589843620239
281,6058.0,1341.0
282,6213.96921333956,1389.104566319196
283,6233.0,1394.0
284,6321.869928673379,1413.9339515339561
285,6339.0,1417.0
286,6303.4690522359015,1409.8166083033116
287,6255.0,1400.0
288,6281.571531161453,1405.0287166870276
289,6372.0,1422.0
290,6422.866411043539,1430.1798695486568
291,6463.0,1436.0
292,6562.493245245682,1450.2785158405902
293,6656.0,1464.0
294,6687.2298910241625,1468.7865382832974
295,6852.145505023755,1501.2769306209432
296,6867.0,1505.0
297,6927.910858058137,1520.901981749903
298,6998.0,1541.0
299,7010.635420202174,1544.9343236847135
300,7087.0,1571.0
301,7126.294794382738,1586.1441183538825
302,7213.659286558178,1625.4624407625333
303,7250.0,1646.0
304,7299.523009116181,1680.615078789747
305,7305.0,1685.0
306,7366.0,1742.0
307,7427.0,1840.0
308,7433.428101331043,1856.2751680672045
309,7449.0,1911.0
310,7458.0,1968.0
311,7459.059967975842,1981.9964461396519
312,7459.0,2006.0
313,7455.272109089022,2042.9993631457758
314,7440.664314915679,2127.133634645528
315,7435.0,2155.0
316,7418.0,2201.0
317,7417.349589678058,2202.2325204443596
318,7385.622042831154,2261.203140235787
319,7365.0,2296.0
320,7344.163152385381,2326.4025061702646
321,7310.0,2362.0
322,7236.0,2424.0
323,7222.953855416387,2434.7166240306456
324,7198.371790015866,2451.9715038861445
325,7168.0,2464.0
326,7053.8821014514315,2506.802482165183
327,7033.0,2514.0
328,6929.703050347431,2540.7068791659676
329,6856.0,2551.0
330,6795.296460570073,2559.690274911313
331,6709.0,2572.0
332,6706.091665582283,2572.40917330465
333,6583.470052068061,2589.377514755481
334,6496.197107544817,2601.0411118124252
335,6481.0,2603.0
336,6438.134565988063,2608.2597723842696
337,6385.0,2614.0
338,6341.337558137944,2618.5240004469256
339,6276.0,2625.0
340,6228.98795859006,2629.2818125775157
341,6164.0,2634.0
342,6048.8217279578,2638.562694985767
343,5918.0,2641.0
344,5914.705470108718,2641.0370141876374
345,5829.286958951599,2640.8745835377913
346,5719.0,2635.0
347,5620.351188011224,2628.544514318451
348,5539.0,2623.0
349,5477.102014959244,2618.6440310830617
350,5395.0,2609.0
351,5392.2831343062135,2608.627007238743
352,5271.127494406273,2591.957814594474
353,5141.0,2573.0
354,5042.138319132147,2556.1843645319277
355,4949.0,2537.0
356,4909.115971862698,2528.216555862621
357,4798.920659223153,2502.7197440461277
358,4727.0,2485.0
359,4615.0,2456.0
360,4536.404334778152,2434.487949310389
361,4503.0,2425.0
362,4402.125519509836,2395.5713366099885
363,4319.0,2370.0
364,4192.0,2328.0
365,4152.409107858317,2314.373307716819
366,4010.1853439239494,2262.461212634922
367,3993.0,2256.0
368,3808.0,2186.0
369,3713.518526954431,2150.6946794663245
370,3656.0,2132.0
371,3544.302371955798,2098.1407453129464
372,3433.0,2064.0
373,3365.352530461676,2042.8046584654796
374,3290.0,2019.0
375,3214.7860396078095,1995.1597277756273
376,3162.0,1978.0
377,3026.0,1931.0
378,2971.8663522503684,1910.886867583941
379,2832.438127749541,1856.3392228305095
380,2777.0,1834.0
381,2647.0,1779.0
382,2644.5066295076845,1777.901529921988
383,2531.0,1726.0
384,2433.6438953812567,1678.5236271052001
385,2295.0,1609.0
386,2283.0507230494027,1602.9894071808753
387,2266.7578136201173,1595.3273602017496
388,2261.0,1593.0
389,2226.9177243993176,1579.5533106641328
390,2148.867177586265,1552.7526107717783
391,2137.0,1550.0
392,2081.0,1545.0
393,2033.0,1552.0
394,2025.889760873359,1553.9222084913108
395,1983.8057393726567,1573.3895452639904
396,1964.0,1588.0
397,1891.0,1651.0
398,1869.9344866370122,1669.817877888131
399,1833.3800843323977,1702.1137363307173
400,1831.0,1704.0
401,1753.0,1754.0
402,1704.6120231134228,1771.4472973610366
403,1621.0,1793.0
404,1587.8828296564952,1798.6887531153661
405,1554.3174325695995,1796.5778392822206
406,1532.0,1794.0
407,1500.5247933214312,1791.1267930257786
408,1473.0,1785.0
409,1432.355661097492,1771.7353934145494
410,1398.0,1759.0
411,1354.2318222310896,1738.2996881410722
412,1337.0,1724.0
413,1302.0,1694.0
414,1285.8453927325722,1676.6637978508847
415,1262.0,1646.0
416,1232.0,1592.0
417,1227.4342011816686,1580.444847580211
418,1218.0,1550.0
419,1207.0,1484.0
420,1205.9983096282547,1434.0848164575152
421,1207.0,1409.0
422,1212.0,1358.0
423,1221.2746075339787,1298.504787955434
424,1222.0,1294.0
425,1229.497292635225,1245.970463423139
426,1233.0,1224.0
427,1251.0,1116.0
428,1255.8876702365606,1087.4839289506215
429,1271.0,1002.0
430,1281.3655079519137,946.1092094726614
431,1286.0,920.0
432,1294.8689364242998,866.36628454107
433,1303.0,818.0
434,1317.0,743.0
435,1319.1832085802068,730.8431913807262
436,1338.0,620.0
437,1359.138881915911,501.65863601946035
438,1365.0,468.0
439,1377.3088261762334,395.3023559721893
440,1388.0,332.0
441,1401.948985491354,252.2055415184782
442,1419.0,157.0
443,1419.5802432705127,153.70602101761622
444,1440.0,36.0
445,1449.9129382970207,-22.331100678353994
446,1463.0,-99.0
447,1471.6639231707222,-148.14305007991902
448,1490.0,-250.0
449,1511.2705747972996,-371.0315902184682
450,1524.0,-444.0
451,1549.0,-589.0
452,1555.440125008133,-626.9880992899042
453,1573.1440225260017,-732.5750768087188
454,1584.0,-801.0
455,1597.0,-896.0
456,1597.2707990149343,-898.3448422841043
457,1604.2117498353027,-1002.9921673015286
458,1604.0,-1013.0
459,1595.5306761067225,-1123.4513078761947
460,1594.0,-1135.0
461,1575.4268120156896,-1223.3435927383857
462,1521.0,-1339.0
463,1516.13515456427,-1347.2580295377784
464,1486.3054813214383,-1391.9541260864653
465,1447.0,-1436.0
466,1417.9247433272526,-1463.6998966527212
467,1366.0,-1507.0
468,1355.9864793702181,-1514.2804861575137
469,1261.0,-1563.0
470,1121.0,-1599.0
471,1084.7708740589514,-1605.3694530428183
472,994.6722035701264,-1606.8640735683234
473,968.0,-1606.0
474,879.9100161525494,-1603.3316329263932
475,871.0,-1603.0
476,744.0853276166046,-1596.5161584326822
477,734.0,-1596.0
478,506.0,-1584.0
479,456.06085062295705,-1580.166870114842
480,345.9986863205839,-1568.9320492149761
481,268.0,-1559.0
482,139.2686794221599,-1536.332998452321
483,63.30471851703467,-1515.4940945361775
484,55.0,-1513.0
485,-69.0,-1473.0
486,-157.03290908129696,-1441.5701760593986
487,-194.0,-1426.0
488,-312.57576061548167,-1368.4918704833613
489,-382.0,-1332.0
490,-451.79229196744024,-1291.9092604528528
491,-503.0,-1252.0
492,-532.3061378403015,-1224.7002299768133
493,-712.6158545008075,-1020.8189410677312
494,-813.8298449401839,-890.9614109752536
495,-936.0,-712.0
496,-959.2377823119938,-667.128828600133
497,-981.8450597163113,-591.2374471982718
498,-988.0,-562.0
499,-1010.2661793828048,-430.81099950288825
500,-1014.0,-390.0
501,-1015.1775137626983,-313.79610068444646
502,-1012.0,-270.0
503,-997.3377909808752,-167.90171261624118
504,-935.0,86.0
505,-864.7060718364232,253.628840546746
506,-821.0,346.0
507,-793.2297641041738,411.36912188828217
508,-727.0,590.0
509,-709.7068873540786,635.257393092992
510,-671.0,735.0
511,-623.2463134816622,858.0127492390142
512,-577.0,977.0
513,-514.8448153849416,1136.389903440644
514,-465.97684452392633,1261.8351485583541
515,-447.0,1311.0
516,-387.95466610444566,1466.1411852927674
517,-378.0,1492.0
518,-278.0,1750.0
519,-276.54411209916617,1753.7892395875563
520,-220.0,1903.0
521,-203.10519738344206,1947.206501128022
522,-136.0,2121.0
523,-127.77139338390204,2142.1743051376134
524,-61.06002988650803,2313.291775943448
525,-34.0,2384.0
526,22.0,2533.0
527,123.0,2792.0
528,221.0,3045.0
529,265.84654626680214,3160.0729424712445
530,283.0,3205.0
531,307.0,3269.0
532,348.6242640915327,3377.581962675863
533,408.0,3530.0
534,432.42090249634464,3592.249294558787
535,506.9377409384682,3777.379969224148
1,609.9158981395733,4026.182710377503
2,628.0,4070.0
3,698.8829053885606,4242.799316111166
4,745.0,4356.0
5,793.8461037006671,4475.969988780426
6,846.0,4604.0
7,894.144027295317,4721.339872372877
8,915.0,4772.0
9,968.0462007330607,4901.593690998854
10,987.0,4948.0
11,1047.4499461532612,5096.474926471259
12,1059.0,5125.0
13,1114.9336223826015,5264.223610888482
14,1120.0,5277.0
15,1204.0,5500.0
16,1205.4830070278776,5504.392284881113
17,1251.0,5651.0
18,1325.465311620783,5920.222670242675
19,1346.0,5996.0
20,1365.8877103258608,6069.197106950755
21,1385.0,6134.0
22,1389.5865129176389,6149.1758584448235
23,1424.0,6259.0
24,1451.0956743878974,6331.070344827003
25,1476.0,6387.0
26,1517.208284325883,6467.245547942914
27,1533.0,6492.0
28,1595.3488210672688,6568.040446505269
29,1610.0,6584.0
30,1630.0517924871308,6604.8203426622695
31,1663.0,6628.0
32,1670.1509535779792,6632.370048586745
33,1741.0,6671.0
34,1742.9032067418013,6671.8148547573155
35,1817.6125985906515,6693.9510401103
36,1823.0,6695.0
37,1899.746188486425,6702.255718736857
38,1939.0,6700.0
39,1968.8878586103633,6695.790331436712
40,2008.0,6687.0
41,2034.4116090873026,6678.336393694504
42,2061.0,6668.0
43,2078.1281870216744,6661.19075801685
44,2109.0,6644.0
45,2168.4365549257986,6587.73249851001
46,2203.0,6550.0
47,2217.867684963264,6532.441491801839
48,2234.0,6502.0
49,2250.8956781815955,6467.5371015762485
50,2264.0,6437.0
51,2278.8174120030258,6389.655494357943
52,2280.0,6385.0
53,2294.0,6302.0
54,2294.6702452714094,6292.538809385257
55,2295.0,6227.0
56,2292.4195401416805,6187.4478127039965
57,2283.0,6120.0
58,2268.0,6054.0
59,2245.083802198875,5969.953078131033
60,2243.0,5963.0
61,2202.5628960533213,5839.69962691119
62,2186.0,5792.0
63,2153.7967388202046,5703.257558318789
64,2129.0,5639.0
65,2120.440036426082,5617.227168488944
66,2110.0,5591.0
67,2081.0,5522.0
68,2056.6680214182306,5467.028111245883
69,2006.0,5355.0
70,1977.6922887253118,5292.676558862098
71,1923.0,5170.0
72,1921.05785313653,5165.480844818673
73,1846.7707937384537,4978.379943569018
74,1829.0,4929.0
75,1813.2808559985951,4882.453828197
76,1791.6031209284497,4794.1843822502115
77,1788.0,4769.0
78,1775.578705611044,4607.061027117481
79,1778.0,4368.0
80,1784.5026769306264,4298.860920459755
81,1795.0,4192.0
82,1798.7305480494915,4120.516255320757
83,1798.0,3975.0
84,1796.334441590993,3957.6347584430373
85,1779.0,3874.0
86,1722.0,3750.0
87,1628.0,3643.0
88,1584.34946405561,3603.440164880764
89,1531.7805925049327,3570.473465131136
90,1483.0,3546.0
91,1417.5821291128534,3515.46995188543
92,1401.0,3508.0
93,1262.0,3453.0
94,1256.5871057415552,3451.013727937279
95,1141.0,3409.0
96,1064.98009114502,3382.2600655091023
97,1029.0,3366.0
98,916.6812228692808,3314.0001222720457
99,845.0,3279.0
100,766.936396988438,3229.6382156273767
101,737.0,3190.0
102,722.57579524421,3172.7380202118743
103,690.0,3124.0
104,684.44859915302,3111.186469255772
105,647.8097091596455,2962.0485484645615
106,644.0,2939.0
107,647.0,2891.0
108,652.2539580765435,2863.0909934749225
109,665.0,2816.0
110,715.3240847911885,2733.596671243012
111,756.0,2686.0
112,773.1668901731923,2669.1013353208286
113,801.6215860776097,2650.3740757179357
114,823.0,2640.0
115,911.8513632868784,2603.176755650949
116,947.0,2593.0
117,1020.3921021141743,2583.8623507504262
118,1085.100602943136,2588.9761339557485
119,1120.0,2594.0
120,1169.5955359565926,2604.3286207809642
121,1225.0,2619.0
122,1280.0019623737269,2634.2361206774845
123,1324.0,2647.0
124,1374.473064683403,2662.4218502039676
125,1419.0,2676.0
126,1467.946564404724,2690.1812428806306
127,1537.0,2712.0
128,1663.0,2760.0
129,1674.9814036635166,2764.7196322079258
130,1731.598140022235,2787.720986460376
131,1817.0,2818.0
132,2003.0,2882.0
133,2021.6916462982078,2888.39859051229
134,2087.4002198590397,2910.7213192282425
135,2124.767636434637,2921.5478130331503
136,2148.0,2928.0
137,2268.110123868787,2960.6908973554737
138,2312.0,2972.0
139,2355.0,2982.0
140,2358.716405338835,2982.761894860811
141,2632.0,3024.0
142,2654.911172505322,3026.454380549878
143,2893.093304263083,3037.8373369850538
144,2943.0,3038.0
145,3002.1638461818325,3037.133348059828
146,3089.0,3032.0
147,3222.0698271912756,3019.7852648168687
148,3236.0,3018.0
149,3412.11773508717,2991.5229371969676
150,3471.0,2982.0
151,3601.24909733485,2958.004418739816
152,3675.590812559154,2942.978646858229
153,3686.0,2941.0
154,3766.0,2926.0
155,3858.5552654539406,2908.018805657865
156,3912.0,2898.0
157,4152.798974746059,2862.459706307562
158,4179.0,2860.0
159,4344.0,2852.0
160,4454.258043149436,2853.9784396634063
161,4511.0,2858.0
162,4586.0,2867.0
163,4635.030844174151,2874.9809923292523
164,4796.0,2912.0
165,4870.272775874511,2934.765269753758
166,4956.0,2967.0
167,4994.131168635974,2983.2740612613616
168,5140.0,3052.0
169,5237.039128583121,3103.0710665554643
170,5345.0,3168.0
171,5393.840075322434,3197.7881608142943
172,5572.0,3307.0
173,5670.5465931731205,3366.744568360719
174,5707.0,3386.0
175,5833.78587356219,3450.170829481075
176,5875.0,3469.0
177,6012.0,3522.0
178,6077.1234280248655,3542.299486959152
179,6208.0,3575.0
180,6252.550266347306,3583.879881354049
181,6422.0,3606.0
182,6536.558487501324,3615.3961241616203
183,6579.0,3618.0
184,6714.0,3623.0
185,6781.40740093746,3624.9201811014955
186,6872.0,3627.0
187,6938.086754327607,3627.8352524814554
188,7077.0,3628.0
189,7137.63802960668,3627.7570239757324
190,7259.0,3627.0
191,7305.565606211365,3626.668466727827
192,7403.0,3624.0
193,7626.0,3613.0
194,7659.910799174963,3611.0915601013453
195,7795.3070104975595,3601.400029266306
196,7861.432103263196,3587.2651093311106
197,7889.0,3582.0
198,7926.0,3575.0
199,8004.644416640347,3555.9027982556477
200,8212.351539202406,3476.1505259945407
201,8365.985817379411,3362.578813545132
202,8425.0,3301.0
203,8557.784846256387,3123.385806182805
204,8593.0,3068.0
205,8656.260385136813,2946.2157340979784
206,8679.167132400355,2861.2575311830287
207,8688.0,2798.0
208,8695.687364448651,2642.8831906939968
209,8691.0,2436.0
210,8684.403632170179,2368.058891571813
211,8670.01834077447,2315.691367614178
212,8652.0,2265.0
213,8614.0,2167.0
214,8601.17665943167,2137.7154272089647
215,8551.598316029538,2044.2536972263497
216,8525.0,2000.0
217,8428.626782161524,1846.0807369505658
218,8409.0,1815.0
219,8332.0,1693.0
220,8330.562940565922,1690.7447832729629
221,8245.608469345058,1556.8665236549182
222,8216.0,1509.0
223,8087.0,1297.0
224,8042.346076722914,1221.3993147261895
225,8015.0,1167.0
226,8013.59266977685,1164.189610390631
227,7934.227675668991,1003.9882190566892
228,7916.0,965.0
229,7879.0,882.0
230,7838.605500884891,789.7412345854038
231,7812.0,730.0
232,7771.571368835354,640.4688098782754
233,7715.0,517.0
234,7696.388581490742,477.19217059193915
235,7623.780537336239,343.436988356631
236,7578.0,291.0
237,7560.034695218737,271.95592452669
238,7499.0,214.0
239,7443.985509550688,175.59478536007936
240,7383.0,143.0
241,7284.036280413431,106.86150893821923
242,7272.0,104.0
243,7056.0,70.0
244,7052.2348255030365,69.53253417731861
245,6930.0,65.0
246,6927.610665986473,65.07053142218876
247,6792.0,70.0
248,6721.808782884784,75.69501928188015
249,6648.0,84.0
250,6620.623966789013,87.58776572816679
251,6541.0,100.0
252,6448.752423621915,118.16011825481466
253,6427.0,123.0
254,6352.508850179476,141.43808168357313
255,6295.0,158.0
256,6200.569362303066,189.20110719170833
257,6153.0,207.0
258,6100.280375972645,228.795243467965
259,6043.0,255.0
260,5953.39922626527,300.4922330733389
261,5913.0,323.0
262,5820.0,386.0
263,5818.089070354956,387.4753532145828
264,5736.055050418947,454.9482648767704
265,5702.0,485.0
266,5644.865874676361,541.9115628108123
267,5632.0,557.0
268,5556.0,665.0
269,5537.235243898914,701.6506203215894
270,5520.0,747.0
271,5509.0,814.0
272,5509.53564186422,837.8089569360044
273,5514.0,872.0
274,5524.366536147705,907.9052934742289
275,5547.0,956.0
276,5561.8246176958655,981.4768005283031
277,5586.0,1016.0
278,5655.0,1094.0
279,5656.501056621646,1095.5541830604482
280,5702.784222953753,1138.0509403326168
281,5719.0,1151.0
282,5741.44644897942,1168.48246762809
283,5794.0,1207.0
284,5862.567259276291,1249.3893961518563
285,5867.0,1252.0
286,5893.0,1267.0
287,5929.695427694509,1285.669788061083
288,5956.0,1298.0
289,6018.2064393685,1325.5289495196605
290,6063.0,1343.0
291,6129.0,1365.0
292,6218.2378150811055,1391.1242513378234
293,6242.0,1397.0
294,6298.0,1409.0
295,6409.04223953556,1428.4156950779497
296,6467.0,1437.0
297,6552.4439435146805,1448.3987534516575
298,6571.0,1451.0
299,6657.0,1464.0
300,6660.16907975207,1464.486454667304
301,6757.0,1481.0
302,6915.5379897272815,1519.1126642517427
303,6999.0,1541.0
304,7022.790979636689,1547.5005978804795
305,7097.0,1574.0
306,7177.410596596924,1607.7524415972177
307,7219.0,1628.0
308,7285.0,1669.0
309,7324.31092498921,1699.828487789421
310,7335.0,1710.0
311,7372.887748454082,1753.9440026835869
312,7418.0,1822.0
313,7422.8067259912905,1830.688928883992
314,7452.720074966149,1924.9709553628652
315,7456.0,1949.0
316,7459.0,1985.0
317,7452.646775803869,2076.6273374979573
318,7448.0,2110.0
319,7436.300246882305,2162.9915640350414
320,7422.626866505316,2193.4942858702534
321,7410.0,2219.0
322,7393.121357717185,2252.2859982523178
323,7367.0,2294.0
324,7360.347969937466,2302.904023473353
325,7309.0,2363.0
326,7250.793952605212,2414.439662784265
327,7232.0,2427.0
328,7193.131018816254,2450.86591002394
329,7161.0,2468.0
330,7109.108080395346,2489.9131823619614
331,7074.0,2502.0
332,7019.0,2518.0
333,7016.591513068448,2518.619364547249
334,6937.0,2536.0
335,6866.758428781685,2548.7265615192036
336,6834.0,2554.0
337,6756.352578037442,2565.1378683116463
338,6721.0,2570.0
339,6679.876203420399,2575.6691295746073
340,6564.894880271328,2591.5952718447825
341,6488.062824022942,2602.2988669420565
342,6346.812547333951,2619.300987199702
343,6213.156488164321,2630.447811422894
344,6205.0,2631.0
345,6024.0,2640.0
346,5988.0,2641.0
347,5972.833921905239,2641.2864450895718
348,5825.631127069784,2640.23892323811
349,5817.0,2640.0
350,5713.262937322704,2635.2255877936723
351,5653.0,2631.0
352,5458.0,2615.0
353,5333.45755886757,2601.944946448232
354,5183.0,2580.0
355,5144.1015834237905,2573.9481703213946
356,5026.0,2553.0
357,4984.606082232705,2544.5104736208664
358,4846.0,2514.0
359,4733.297421288485,2486.751436415254
360,4671.0,2471.0
361,4508.0,2427.0
362,4415.515865066649,2399.354570189897
363,4266.0,2353.0
364,4140.43486293625,2309.933956183306
365,4094.0,2293.0
366,4008.0,2262.0
367,3904.8280605661007,2223.3223632289782
368,3748.0,2164.0
369,3742.9591137600205,2162.1341124736787
370,3598.6677414835694,2113.0637132651727
371,3487.0,2080.0
372,3366.1808937134338,2042.8881910062396
373,3298.0,2022.0
374,3275.0,2015.0
375,3203.456659380907,1991.8844834572196
376,3041.0,1936.0
377,3005.8655622685783,1923.5422412444689
378,2920.0,1892.0
379,2855.261922201127,1866.463064936319
380,2762.0,1828.0
381,2724.419165803157,1812.48473535678
382,2588.334112270907,1752.8010791700735
383,2576.0,1747.0
384,2434.0,1679.0
385,2429.635741975266,1676.8999551257505
386,2301.175514155932,1614.0937053112486
387,2287.0,1606.0
388,2226.5027097060924,1570.9936197199813
389,2175.0,1559.0
390,2063.0,1546.0
391,2018.88312814241,1546.335627008852
392,1997.975243502694,1565.7367984016346
393,1995.0,1568.0
394,1930.0,1615.0
395,1881.0751797863588,1660.355932123823
396,1865.0,1674.0
397,1751.0,1755.0
398,1749.6964694105186,1755.8268404368227
399,1705.0,1774.0
400,1688.523755083686,1778.37913654883
401,1639.0,1790.0
402,1637.085968820525,1790.3208662949712
403,1560.0,1795.0
404,1531.0,1794.0
405,1529.5535910867284,1793.8850095785606
406,1470.8805941484268,1783.9033342398552
407,1451.0,1779.0
408,1396.0,1758.0
409,1339.917155379337,1722.4573597495385
410,1308.0,1700.0
411,1283.8600266043868,1679.9963236505773
412,1274.5217303680865,1664.514096971062
413,1271.0,1659.0
414,1246.9912689484506,1622.3381010657945
415,1234.0,1598.0
416,1226.908306315971,1580.5893611240208
417,1219.0,1555.0
418,1208.0626245573999,1500.3563474526134
419,1207.0,1490.0
420,1205.7995973636205,1450.854958990566
421,1206.0,1440.0
422,1213.0,1353.0
423,1223.0954263137492,1286.6461257826913
424,1224.0,1281.0
425,1244.0,1156.0
426,1251.9143369455605,1107.5437421099864
427,1260.9182616335825,1055.9532634854768
428,1262.0,1050.0
429,1277.0,969.0
430,1277.4899075324315,966.3339030428167
431,1295.0,868.0
432,1297.7185983108177,852.1985890880087
433,1323.0,703.0
434,1336.8595855236522,621.1663669357175
435,1355.0,520.0
436,1366.0,460.0
437,1368.6584417482081,444.8952465679543
438,1380.0,377.0
439,1382.4299947968689,362.6951528598372
440,1403.0,245.0
441,1412.2954732739406,192.42116576075932
442,1439.0,41.0
443,1441.7830645190415,24.943658578300543
444,1458.0,-69.0
445,1474.0473348753458,-159.5830885623452
446,1487.0,-233.0
447,1521.0,-428.0
448,1534.7234050430598,-508.01711976014985
449,1548.0,-587.0
450,1557.138961541628,-639.3642151220738
451,1566.0,-692.0
452,1592.9322402740538,-876.618477992342
453,1600.0,-934.0
454,1603.3549765480834,-1052.4939076632222
455,1602.0,-1066.0
456,1591.1038431196785,-1147.1412948692755
457,1583.0,-1185.0
458,1557.0334516720438,-1263.9966986293875
459,1551.0,-1279.0
460,1507.0,-1360.0
461,1427.9888052992637,-1450.6092207330646
462,1394.0,-1485.0
463,1313.3127909373684,-1539.664446712352
464,1301.0,-1545.0
465,1222.1714378970025,-1576.326609520696
466,1193.0,-1585.0
467,1068.0,-1604.0
468,1065.2259722519623,-1604.1907068679566
469,977.8549756968478,-1606.0731724281238
470,970.0,-1606.0
471,866.0,-1603.0
472,796.8525770502721,-1599.5004335403942
473,730.0,-1596.0
474,699.8959814218182,-1594.623157917626
475,664.0,-1593.0
476,507.0,-1584.0
477,503.366851348982,-1583.7430579584982
478,358.0,-1571.0
479,329.4085701839882,-1567.5870725370423
480,181.0,-1543.0
481,94.74725217169679,-1522.5311524107797
482,73.0,-1517.0
483,-29.0,-1487.0
484,-83.00839361043079,-1467.138889471511
485,-264.0,-1394.0
486,-295.22755415680155,-1380.4189308634493
487,-416.0,-1311.0
488,-419.4994873611631,-1308.653372815675
489,-520.0,-1239.0
490,-614.7579934354534,-1162.7432944099883
491,-679.0,-1096.0
492,-710.0352616176284,-1060.2020956679457
493,-816.0,-927.0
494,-893.8915270031348,-811.7325795936905
495,-946.7535523925671,-692.8775476591425
496,-959.0,-654.0
497,-999.7721305996436,-466.59219571434215
498,-1015.0,-351.0
499,-1016.9777416573335,-324.13048259992763
500,-1001.6560040788494,-174.59747037931538
501,-1000.0,-166.0
502,-970.6533903334083,-27.97627117290008
503,-955.0,28.0
504,-922.5382729432802,118.4660974582924
505,-918.0,130.0
506,-865.7815975835463,255.88848854229028
507,-780.887882363675,452.59272257053874
508,-760.0,503.0
509,-675.8490643027768,719.8510916175338
510,-655.0,775.0
511,-622.0669340864183,861.692289173942
512,-572.0,991.0
513,-549.0574037478615,1048.77067247003
514,-545.0,1059.0
515,-495.0951431272624,1186.2894873654934
516,-442.0,1324.0
517,-403.55888353264834,1424.2942359568451
518,-339.0,1593.0
519,-318.8161981406679,1645.3559502486762
520,-300.0,1694.0
521,-230.89130485666809,1873.7638870986564
522,-177.0,2014.0
523,-88.96119604433184,2242.769247149954
524,-48.30624503861051,2348.2670129115586
525,-28.0,2401.0
526,11.981187195497936,2504.8530516100577
527,33.0,2559.0
528,120.0,2783.0
529,169.0,2912.0
530,219.0,3040.0
531,266.0,3161.0
532,369.0,3427.0
533,392.2170211008136,3487.564403096709
534,397.0,3500.0
535,464.6336078801182,3672.318386319618
536,473.0,3693.0
1,648.0,4119.0
2,723.0,4302.0
3,724.6056821245838,4305.975431335116
4,781.0,4446.0
5,801.2233052176391,4495.260695701391
6,854.0,4623.0
7,912.1340077171727,4766.695919597224
8,945.0,4848.0
9,999.9156310516948,4981.6524556227005
10,1031.0,5057.0
11,1037.677116938138,5073.330105858783
12,1093.0,5210.0
13,1160.0,5380.0
14,1161.6745166414953,5384.429256758769
15,1212.0,5527.0
16,1241.2512965363308,5619.753653983221
17,1287.0,5778.0
18,1314.0,5879.0
19,1354.7248327382054,6028.591319994996
20,1400.0,6185.0
21,1430.3574633979595,6276.953521370705
22,1479.0,6394.0
23,1496.14332165027,6429.400541300774
24,1521.116536739794,6473.74005179652
25,1527.0,6483.0
26,1565.525299458551,6535.571250367763
27,1583.0,6556.0
28,1617.5196537172867,6592.355300489135
29,1638.0,6609.0
30,1787.6413640838207,6686.779797880081
31,1793.0,6689.0
32,1824.5358475834635,6697.66076166747
33,1842.0,6698.0
34,1889.1672242903435,6700.1227324445845
35,1932.0,6700.0
36,1946.7630825446895,6698.896672006798
37,2007.0,6687.0
38,2047.5581039352628,6673.744576042885
39,2071.0,6664.0
40,2095.0532499947703,6651.645472655438
41,2134.5205418709425,6623.9667004918565
42,2138.0,6621.0
43,2152.0,6608.0
44,2183.3153230885955,6572.304240022638
45,2235.0,6500.0
46,2239.0149139896653,6493.568879775502
47,2268.0,6427.0
48,2281.7558651662093,6378.801337272888
49,2283.0,6373.0
50,2295.24960984882,6248.130649865632
51,2294.0,6201.0
52,2277.9832315074405,6094.815778896557
53,2264.0,6035.0
54,2257.3265469736407,6009.131881651544
55,2237.0,5943.0
56,2219.6550951835397,5891.100754445848
57,2205.0,5848.0
58,2195.101513618353,5819.128926030889
59,2149.0,5691.0
60,2142.9092532793056,5674.990793268877
61,2099.0,5563.0
62,2077.39237908834,5511.278129976382
63,2031.0,5409.0
64,2010.2524726659046,5362.971221051533
65,1985.0,5307.0
66,1979.8828212432263,5295.781589689988
67,1917.0254569851404,5156.954129872684
68,1908.0,5136.0
69,1878.0255144611795,5063.236800145917
70,1849.0,4987.0
71,1836.0179691134692,4950.648264757756
72,1811.0,4866.0
73,1806.3477015717008,4845.547860079868
74,1772.0,4639.0
75,1766.5547399684092,4574.753089459883
76,1770.0,4505.0
77,1770.8533374125768,4489.962767914842
78,1778.001723671679,4377.402302418182
79,1780.0,4354.0
80,1788.0,4272.0
81,1797.4018066872711,4069.36239191972
82,1797.0,3966.0
83,1786.8474755695306,3879.2381877503826
84,1763.4237841601216,3826.8905487865222
85,1756.0,3813.0
86,1699.5443398289726,3720.487151006024
87,1695.0,3714.0
88,1616.272247336642,3633.3715502587456
89,1606.0,3626.0
90,1486.384513609718,3549.42438951201
91,1474.0,3542.0
92,1373.3859209682432,3488.4904020563063
93,1318.6803935994208,3472.9991526241415
94,1294.0,3465.0
95,1247.823600680838,3448.495458875521
96,1146.0,3410.0
97,1125.9148737103642,3402.6639068416944
98,1064.0,3380.0
99,988.0,3350.0
100,977.1372102810845,3345.505693072181
101,913.9655396849078,3317.0563285482885
102,890.0,3304.0
103,781.7512620128181,3233.4311607017994
104,776.0,3229.0
105,735.0,3187.0
106,717.3891998297283,3160.111152297024
107,658.0,3043.0
108,637.3162411628668,2965.7757948625685
109,646.7630254138999,2887.313878896021
110,650.0,2875.0
111,665.2571037275185,2828.8982596688293
112,697.7157655902998,2755.345628993044
113,709.0,2734.0
114,726.0821195618364,2707.146848756184
115,792.0,2659.0
116,889.0,2610.0
117,902.9758496623851,2604.507291684352
118,1030.0016011885139,2585.7457859550277
119,1089.0,2590.0
120,1136.0731882647483,2596.9806143763303
121,1186.0,2609.0
122,1267.0,2631.0
123,1380.0,2664.0
124,1383.662717381263,2665.109986685857
125,1519.0,2707.0
126,1542.982672921396,2714.812633559224
127,1611.593975587008,2740.0142111147607
128,1614.0,2741.0
129,1631.4968386101089,2748.6019624634205
130,1645.0,2754.0
131,1711.534154881925,2779.3342960620685
132,1778.0,2804.0
133,1864.0,2835.0
134,1866.6828820948322,2835.951066215286
135,1962.0,2869.0
136,2113.448811422019,2917.4695162882804
137,2233.439500427612,2952.0830627341543
138,2348.0,2980.0
139,2374.0273030272238,2985.58331517205
140,2435.0,2997.0
141,2524.366733608397,3010.0678071810635
142,2681.2293015953614,3028.594582777962
143,2695.0,3030.0
144,2825.625238078193,3039.991721785017
145,2908.9657209390602,3040.282098154992
146,2992.0,3037.0
147,3008.95216285089,3036.0597764542736
148,3252.2476008460885,3015.849912988872
149,3277.0,3013.0
150,3383.104541196104,2998.195280349827
151,3496.1274060600012,2977.5327041244136
152,3552.0,2967.0
153,3591.3602752087504,2959.539662206159
154,3692.1810425550902,2940.2967623734758
155,3826.0,2915.0
156,3918.4848893367393,2897.852731926251
157,3957.0,2891.0
158,4071.0,2873.0
159,4100.475616521003,2869.102602741429
160,4205.0,2859.0
161,4268.641676599159,2856.24218028157
162,4505.0,2858.0
163,4623.923926598893,2869.3576205560425
164,4751.416040328477,2899.0402575062503
165,4775.0,2906.0
166,4953.282351717907,2969.1445896286173
167,5070.0,3018.0
168,5108.111226525618,3035.5045311248787
169,5273.691794084876,3125.511236056008
170,5283.0,3131.0
171,5376.0,3187.0
172,5482.0,3253.0
173,5485.364296976181,3255.070377052277
174,5609.0,3329.0
175,5690.410517144675,3375.131036457052
176,5905.0,3482.0
177,6030.234855890789,3527.8399154752697
178,6164.358456519748,3565.2685982742046
179,6193.0,3572.0
180,6395.700583063411,3603.5725969452683
181,6476.0,3611.0
182,6548.19937320524,3616.1087866708112
183,6631.0,3620.0
184,6715.791570703552,3623.117866786861
185,6817.0,3626.0
186,7017.4791075149,3628.097530156124
187,7053.0,3628.0
188,7348.0,3625.0
189,7458.2524026359115,3621.99846347312
190,7522.0,3619.0
191,7696.0,3608.0
192,7717.129770395301,3605.8047631766844
193,7884.23433369152,3581.329728929988
194,7938.0,3572.0
195,8194.0,3475.0
196,8199.254132420041,3471.6576487384664
197,8354.0,3366.0
198,8378.08838046947,3348.2290594096453
199,8479.072268821186,3261.2135606216407
200,8539.0,3159.0
201,8544.912323064116,3149.5428494398748
202,8624.0,3004.0
203,8636.558565116125,2967.251277121907
204,8695.784563021198,2726.044395449226
205,8701.0,2698.0
206,8710.298904055151,2593.083747597283
207,8700.0,2513.0
208,8684.0,2395.0
209,8681.956095652828,2372.030002504208
210,8631.0,2207.0
211,8627.2418946244,2198.981570546145
212,8562.0,2065.0
213,8440.040297700987,1839.1932486757296
214,8402.75409517262,1797.0683751361348
215,8375.0,1762.0
216,8329.186009196135,1690.4112846419252
217,8302.0,1646.0
218,8233.0,1535.0
219,8231.132638199633,1532.0393821761352
220,8173.530378664862,1441.2736571951411
221,8148.0,1399.0
222,8018.0,1173.0
223,7997.006933920681,1135.2457288007745
224,7922.110782568805,980.0103693400033
225,7909.0,950.0
226,7836.0,784.0
227,7817.596849655087,741.8320563157002
228,7790.0,679.0
229,7737.0,563.0
230,7728.8922747797005,546.0311696667083
231,7670.0,430.0
232,7635.86829931902,368.9524796354695
233,7597.0,315.0
234,7512.381326189252,234.00199823929367
235,7414.4739573846555,161.004565887569
236,7407.0,156.0
237,7358.692681715352,129.72823783373542
238,7317.0,118.0
239,7246.2611833525825,102.15207175488108
240,7065.0,71.0
241,6963.566367472302,64.64961152308217
242,6881.0,66.0
243,6854.5848298854,66.87735446347818
244,6758.0,72.0
245,6658.0,82.0
246,6605.254451505121,89.23609594036316
247,6509.0,106.0
248,6409.0,128.0
249,6358.161210044511,140.5269810531991
250,6272.0,166.0
251,6222.316212318043,183.60796119237784
252,6005.0,273.0
253,5957.104399827086,296.70138287137627
254,5924.0,317.0
255,5893.616304803221,336.86509084203374
256,5796.523092854403,404.45452516858865
257,5785.0,413.0
258,5760.0,433.0
259,5660.03932633043,528.7853182907357
260,5630.0,559.0
261,5577.246870797294,626.6748926935786
262,5568.0,644.0
263,5544.230817558799,686.2090870128199
264,5538.0,699.0
265,5517.571492932875,759.9890636127221
266,5509.0,814.0
267,5518.452914752525,895.245269997003
268,5526.0,912.0
269,5580.09973335176,1005.7335856848186
270,5584.0,1012.0
271,5608.711473277512,1048.8678094627458
272,5629.0,1067.0
273,5679.0,1117.0
274,5691.283987726372,1128.18220509393
275,5722.0,1154.0
276,5768.331825424268,1189.6419826137733
277,5773.0,1193.0
278,5828.453858940046,1229.7371624209338
279,5905.0,1273.0
280,5920.044522901266,1280.770369134454
281,5968.0,1304.0
282,6036.002149620104,1332.6070802415773
283,6089.0,1352.0
284,6131.318826754468,1366.005013622112
285,6164.0,1376.0
286,6242.0,1398.0
287,6240.094060365508,1397.5286690307403
288,6222.0,1393.0
289,6291.223241403491,1407.2512584652668
290,6329.0,1415.0
291,6403.080688962615,1428.0441342679624
292,6451.0,1435.0
293,6645.0,1462.0
294,6647.705241810907,1462.4093935672265
295,6717.695213668722,1474.1208619605752
296,6768.0,1484.0
297,6861.575885049698,1504.4013545757764
298,6872.0,1507.0
299,7058.027146219233,1561.1447488425495
300,7067.0,1564.0
301,7154.503828374256,1596.1730213522078
302,7197.0,1618.0
303,7243.192362435972,1643.246887822074
304,7279.0,1665.0
305,7333.0,1708.0
306,7369.260114243038,1752.2436217175868
307,7429.0,1845.0
308,7429.816242088252,1846.388467855047
309,7448.444956305579,1883.7669854178712
310,7453.0,1927.0
311,7454.760892918248,1988.5240510282597
312,7455.0,2071.0
313,7452.222851460037,2116.714029439217
314,7439.120466685408,2145.2719466268227
315,7437.0,2150.0
316,7408.629298542755,2213.796278110615
317,7379.0,2276.0
318,7374.124076753631,2285.176935891122
319,7341.9812190336315,2332.2606619856156
320,7302.0,2370.0
321,7295.902487658708,2375.761060789875
322,7253.0,2412.0
323,7194.419171357636,2448.2376448985005
324,7137.0,2479.0
325,7083.0264992724615,2503.6309507307633
326,6928.0,2539.0
327,6901.0,2544.0
328,6889.993987320368,2545.9424224013273
329,6762.0,2565.0
330,6760.259363111775,2565.2434418883
331,6645.0,2581.0
332,6575.764892821397,2590.2564211764584
333,6470.0,2604.0
334,6352.473836598076,2617.610550057155
335,6218.0,2630.0
336,6197.237281372649,2631.9612437490646
337,6143.190538256767,2636.723033996038
338,6066.0,2639.0
339,5931.334750402548,2640.6905773845183
340,5872.0,2641.0
341,5785.264511486866,2638.370159611179
342,5779.0,2638.0
343,5586.0,2626.0
344,5555.979777416039,2623.7415701534587
345,5452.420764736125,2614.565306812398
346,5428.0,2612.0
347,5302.0,2597.0
348,5285.441452035721,2594.937626877509
349,5147.304194138028,2577.122903053603
350,5068.312017096935,2565.1767856390197
351,4944.673672824315,2538.6762305889647
352,4822.0,2509.0
353,4766.299749917369,2494.967596580889
354,4626.0,2459.0
355,4520.105566522737,2433.07286064845
356,4400.0,2395.0
357,4228.393246159571,2339.511816642599
358,4187.0,2326.0
359,4090.715387170271,2293.3372470893037
360,4045.0,2275.0
361,4009.0249563349703,2261.4683921897426
362,3895.0,2219.0
363,3767.128057839807,2170.897581199637
364,3729.0,2157.0
365,3641.3349677152964,2127.087752691007
366,3515.0,2088.0
367,3460.0809454825016,2071.2406519298565
368,3282.0,2017.0
369,3146.721643406961,1974.2549866160793
370,3079.9722313506427,1950.2378541536632
371,3071.0,1947.0
372,2963.008997501288,1907.81079972498
373,2921.0,1892.0
374,2791.0,1840.0
375,2787.5572811194,1838.5837697304032
376,2672.0,1790.0
377,2632.8213934350306,1772.7892274968654
378,2525.0,1723.0
379,2522.842970995114,1721.975801725993
380,2412.0,1668.0
381,2401.2509337117963,1662.635476691178
382,2320.0,1622.0
383,2278.4268997403574,1602.2447594000828
384,2199.0,1568.0
385,2132.503259006047,1548.78371723358
386,2075.0,1545.0
387,2055.2768930240836,1547.1723133143435
388,2000.103891348439,1565.997995738882
389,1936.0,1609.0
390,1934.5789619428213,1610.1331490875298
391,1835.0,1700.0
392,1824.9141341665404,1708.5500186730328
393,1755.7677120577614,1752.1855471372564
394,1752.0,1754.0
395,1718.0,1769.0
396,1672.2797822960583,1783.0547984227205
397,1618.900294911502,1792.4752290737135
398,1614.0,1793.0
399,1557.0,1795.0
400,1520.3304032442848,1793.122910111752
401,1498.0,1790.0
402,1459.5354947604285,1781.1590762832775
403,1455.0,1780.0
404,1402.0714430901899,1763.2375401279646
405,1379.0,1750.0
406,1346.100229028379,1727.7125031190008
407,1310.0,1701.0
408,1272.5030123020497,1668.2353984967453
409,1258.77875789277,1643.4271114308222
410,1253.0,1633.0
411,1233.8113739240453,1597.1027759693313
412,1232.0,1593.0
413,1212.0,1522.0
414,1210.7461959132322,1514.6345708467427
415,1206.0,1463.0
416,1207.264746259905,1413.7558846632614
417,1211.0,1369.0
418,1213.2185354558255,1349.0259942856976
419,1222.0,1290.0
420,1222.5621582733268,1286.5543780607823
421,1240.0,1183.0
422,1247.4680750059313,1139.0087084683876
423,1254.0,1101.0
424,1260.4945923865012,1063.3313435409304
425,1277.9706494495886,962.1493000092617
426,1289.0,899.0
427,1310.0369396273238,782.3562753528824
428,1311.0,777.0
429,1325.9707333163483,692.7439999071922
430,1337.0,629.0
431,1352.4040525353096,538.7127241116003
432,1360.0,494.0
433,1372.7840288930063,418.4626654025421
434,1393.0,302.0
435,1410.2348250000825,204.60123337816935
436,1422.0,138.0
437,1439.234143724489,38.56078232993228
438,1443.0,17.0
439,1456.7546091639383,-60.6408516431425
440,1477.0,-176.0
441,1493.5987756484008,-273.492290993879
442,1500.0,-310.0
443,1514.0,-387.0
444,1516.7151720026404,-402.09156525007734
445,1533.4210997696418,-498.12434372201056
446,1538.0,-525.0
447,1586.0,-812.0
448,1593.9675136083774,-863.672306757762
449,1599.0,-916.0
450,1603.1244384667655,-963.20163995757
451,1603.0,-1046.0
452,1601.1627977946246,-1063.7252018400945
453,1560.0,-1257.0
454,1549.1630653216237,-1291.9026822926373
455,1512.4531477086841,-1358.895347343574
456,1479.0,-1399.0
457,1477.9846720387698,-1400.2217706819088
458,1457.0,-1425.0
459,1429.0129998288096,-1454.4076225705796
460,1401.0,-1480.0
461,1367.2261051038386,-1505.943441129339
462,1301.0,-1545.0
463,1223.3133509396623,-1576.354160658238
464,1166.0,-1591.0
465,1071.0,-1603.0
466,1058.6261877364554,-1603.8969962168078
467,938.0,-1605.0
468,877.9813295545213,-1602.9061303533686
469,745.0,-1597.0
470,658.5696176604165,-1592.4443689304458
471,617.0,-1590.0
472,585.7849122894223,-1588.3163402847038
473,450.0,-1580.0
474,434.31372639716153,-1578.6897861320685
475,317.0,-1566.0
476,314.0956852945855,-1565.6205119707797
477,222.62634648490553,-1551.68714740919
478,175.0,-1542.0
479,114.63770426540013,-1527.6549313712296
480,31.0,-1505.0
481,-26.45208592296299,-1487.4380272001042
482,-162.6495986272373,-1437.7865054350557
483,-190.0,-1427.0
484,-292.8050806148784,-1382.099086142859
485,-337.0,-1357.0
486,-460.90466290422285,-1276.2907005729053
487,-588.0,-1184.0
488,-656.8482437664985,-1121.739409097227
489,-699.0,-1075.0
490,-760.125883410474,-1005.4844800603662
491,-790.0,-964.0
492,-923.0,-739.0
493,-940.3069952736182,-706.5079487680624
494,-966.407952222071,-639.0970945152769
495,-976.0,-603.0
496,-1006.2979362375074,-485.09703799714333
497,-1011.0,-434.0
498,-995.8588621670428,-161.9045834638903
499,-990.0,-109.0
500,-973.8168029555801,-15.543838753751874
501,-949.0,45.0
502,-943.6079900393139,58.365437470542375
503,-880.0,215.0
504,-871.0136056773117,236.4738366307791
505,-781.0,450.0
506,-766.473813221631,486.5203970134407
507,-723.5515310469268,599.7156028333355
508,-720.0,609.0
509,-672.0,732.0
510,-584.8901743271888,957.2098399909069
511,-578.0,975.0
512,-534.2246150294873,1087.295394685116
513,-497.0,1183.0
514,-495.6646667606847,1186.5347943740294
515,-480.0,1228.0
516,-449.34152092108314,1307.6221663951571
517,-398.0,1439.0
518,-363.2242433921778,1529.5531868572057
519,-297.0863094990498,1703.3071812154033
520,-293.0,1714.0
521,-235.79925082012122,1862.520929893388
522,-222.0,1898.0
523,-193.14941629768202,1971.8427894056504
524,-126.75785462116286,2142.494873947309
525,-112.0,2181.0
526,-37.0,2378.0
527,-34.828309544620325,2383.697281407504
528,23.939416764967486,2537.072885447039
529,93.0,2715.0
530,112.11844041807672,2764.291322490812
531,188.0,2960.0
532,189.552456509907,2963.9982235185157
533,268.0,3166.0
534,304.2910849769905,3259.8747079378422
535,334.0,3337.0
536,352.0901529024618,3383.9521950361113
537,402.0,3513.0
538,415.46904969151626,3547.496176152632
1,579.882827638831,3952.4556604395707
2,651.0,4126.0
3,653.0930590216499,4131.152648460012
4,709.0,4269.0
5,764.6500640879834,4405.368499566966
6,807.0,4509.0
7,828.4605669741742,4561.564968959389
8,905.0,4749.0
9,967.0706230668725,4900.24991626328
10,1024.7181838520285,5040.818612867673
11,1043.0,5086.0
12,1129.226693930368,5301.659381117073
13,1181.0,5436.0
14,1192.7486931186645,5467.855020546591
15,1250.1793650386428,5648.143095294607
16,1253.0,5658.0
17,1295.9747437403219,5812.431414965403
18,1313.0,5875.0
19,1339.852761211778,5974.5533071585905
20,1343.0,5986.0
21,1373.2020954760526,6092.361850355878
22,1376.0,6102.0
23,1411.3980370230288,6219.293349459765
24,1423.0,6253.0
25,1489.080796747883,6412.7831072487
26,1505.0,6446.0
27,1525.5955146402707,6483.435053669948
28,1561.0,6529.0
29,1586.4620917822926,6559.718030168068
30,1591.0,6565.0
31,1641.7646153996345,6617.435583793682
32,1701.0,6652.0
33,1749.2329651131636,6670.986472969571
34,1833.0,6698.0
35,1856.623862098445,6704.2667556178485
36,1878.0,6702.0
37,1964.1671889365227,6692.423537949763
38,2029.0,6681.0
39,2117.9006076994597,6641.786998451547
40,2149.38821682851,6611.669166111785
41,2165.0,6596.0
42,2194.797910682132,6562.78235968106
43,2208.0,6544.0
44,2254.0,6462.0
45,2274.0,6410.0
46,2287.0,6355.0
47,2294.0,6297.0
48,2289.0,6156.0
49,2283.2032131042247,6122.526240660903
50,2282.0,6116.0
51,2263.0646506871876,6033.362652639479
52,2258.0,6016.0
53,2230.091026270282,5925.54552905062
54,2205.0,5847.0
55,2184.497822289192,5786.19368051007
56,2165.0,5735.0
57,2139.472093574183,5665.525931831263
58,2137.0,5659.0
59,2067.0,5490.0
60,2065.877969100833,5487.436059070868
61,2026.0,5398.0
62,1982.6548104762348,5303.300050862481
63,1978.0,5293.0
64,1909.4033984764553,5139.057430505444
65,1905.0,5129.0
66,1866.1809514303927,5032.1045984063085
67,1864.0,5026.0
68,1811.5646951266872,4870.411905512985
69,1802.0,4835.0
70,1779.4627966067299,4718.959499985537
71,1773.0,4658.0
72,1770.0,4605.0
73,1770.8597755654162,4480.729787897676
74,1772.0,4457.0
75,1790.0,4252.0
76,1794.1307142966527,4207.336777887946
77,1799.0,4145.0
78,1801.043207053965,4102.884647695393
79,1801.0,4021.0
80,1795.0,3951.0
81,1779.1022192945984,3871.911015120747
82,1768.0,3842.0
83,1735.4806910249436,3780.0568776786968
84,1639.0,3653.0
85,1622.593634280642,3635.945770282813
86,1573.0475374137875,3597.5594969545996
87,1524.0,3569.0
88,1467.0,3538.0
89,1431.1280354939743,3520.811099084836
90,1253.0,3449.0
91,1190.9771445645997,3425.990933930534
92,1120.5812807648463,3401.0122373931376
93,1115.0,3399.0
94,978.0,3345.0
95,906.6123238819415,3310.7216764757304
96,849.0,3281.0
97,818.0177706473041,3263.6950664707774
98,772.3670074501326,3229.0513902190974
99,745.0,3198.0
100,738.3077805061084,3190.0333630769937
101,698.0,3137.0
102,688.0532266901009,3119.829353995848
103,669.0,3076.0
104,653.1852612272492,3020.525400132814
105,646.0,2980.0
106,644.9373268765847,2911.754082365075
107,646.0,2900.0
108,653.6872333092209,2853.144463364468
109,658.0,2839.0
110,717.0,2725.0
111,754.1311627668342,2680.4326488726883
112,816.7979571585298,2638.3355197781243
113,872.0,2616.0
114,970.8759750409226,2592.9582567504954
115,1020.0,2585.0
116,1021.2197784895982,2584.818180974221
117,1097.0,2590.0
118,1139.8786362939018,2599.690544951084
119,1276.0,2633.0
120,1320.3128800163215,2644.739184239328
121,1363.8512624902671,2659.425463513373
122,1369.0,2661.0
123,1466.0,2690.0
124,1522.5180763930655,2708.1951746703126
125,1594.0,2733.0
126,1595.708984387915,2733.6339922910365
127,1657.0,2758.0
128,1684.9409140077069,2768.549957065065
129,1883.407331731376,2841.252279050321
130,1891.0,2844.0
131,1930.6000083214815,2858.034289034794
132,1958.0,2867.0
133,2084.0,2908.0
134,2154.481398728346,2929.440433561921
135,2312.0,2972.0
136,2441.2065554883648,2998.1504201330263
137,2535.8621506916875,3012.3794654062312
138,2579.0,3018.0
139,2626.942556314605,3023.565608113082
140,2697.0,3030.0
141,2858.0,3038.0
142,2899.195111604115,3038.1387700158884
143,3161.0,3026.0
144,3179.2166075754017,3024.650901652425
145,3332.17490217531,3006.552708133712
146,3399.0,2995.0
147,3526.942437068575,2971.4625419644317
148,3540.0,2969.0
149,3740.0,2931.0
150,3918.2968467419155,2898.1955920980226
151,4047.0,2877.0
152,4178.442059979177,2858.7984654096545
153,4287.232267978932,2851.482614381181
154,4344.0,2852.0
155,4417.524781605546,2855.7836348287638
156,4637.953193283208,2880.6897043861177
157,4718.0,2892.0
158,4757.737853423215,2899.488019971113
159,4792.0,2911.0
160,4861.069354203588,2936.047416676037
161,5012.834499637364,2993.8444909863174
162,5091.0,3027.0
163,5162.853893385247,3061.5974810922785
164,5272.304854904895,3124.8298157225236
165,5281.0,3130.0
166,5413.0,3210.0
167,5459.496122502495,3239.5062680400447
168,5595.749564472461,3322.4408947062393
169,5611.0,3331.0
170,5787.0,3427.0
171,5887.599300114069,3479.2096362783755
172,5941.0,3496.0
173,5985.9281779603125,3509.622072306923
174,6142.617860068327,3556.0322538485293
175,6237.0,3581.0
176,6266.298042357828,3587.5673550591637
177,6364.266937194392,3600.1555751784244
178,6373.0,3601.0
179,6545.0,3616.0
180,6549.674351167054,3616.3169331595145
181,6721.233966947301,3623.3643208012577
182,6745.0,3624.0
183,6902.0,3627.0
184,7165.9093324583,3627.3995916034814
185,7261.0,3627.0
186,7303.4652746026095,3626.5962445561336
187,7371.067187648283,3624.2757735810637
188,7379.0,3624.0
189,7521.0,3619.0
190,7525.95630364107,3618.786910503432
191,7683.105878032946,3609.424266642429
192,7710.0,3607.0
193,7836.377426653768,3591.654866939439
194,7923.0,3575.0
195,8014.9222482012365,3549.9146678855577
196,8066.0,3533.0
197,8123.411770300683,3511.335026653645
198,8175.0,3486.0
199,8247.004404708538,3441.2614826048093
200,8381.608919858258,3341.747110337699
201,8390.0,3335.0
202,8495.25679674178,3220.9478075864026
203,8506.0,3206.0
204,8571.368815789101,3108.309805586979
205,8577.0,3098.0
206,8680.0,2835.0
207,8694.217349600218,2782.323331510931
208,8703.0,2666.0
209,8703.194750994593,2649.046044032362
210,8702.0,2553.0
211,8692.206181023073,2445.4632450242034
212,8678.0,2364.0
213,8655.801987961306,2279.533018603307
214,8629.0,2204.0
215,8616.784423509047,2174.4538392824797
216,8575.0,2087.0
217,8566.057601039707,2070.2696055994265
218,8479.0,1926.0
219,8435.236176661685,1856.0525726573628
220,8403.0,1805.0
221,8307.315609194926,1654.457521457151
222,8288.0,1624.0
223,8201.094541174802,1485.6813458119232
224,8137.0,1381.0
225,8118.624831044595,1350.493290610627
226,8053.101002505839,1238.439167255406
227,8001.0,1139.0
228,7923.0,979.0
229,7897.027889400124,923.0120038838245
230,7858.828900917753,836.2177492514863
231,7850.0,816.0
232,7788.819278309878,676.0424155397159
233,7753.0,597.0
234,7738.659363286114,566.33723201647
235,7728.0,544.0
236,7676.0,442.0
237,7631.972117670353,367.2529714476419
238,7564.0,276.0
239,7498.234382930423,214.1496911633732
240,7473.0,195.0
241,7379.0,143.0
242,7364.765917518131,137.04824922582156
243,7238.621733258504,95.96264465996018
244,7203.0,88.0
245,7133.055689276385,77.16275839867485
246,7074.0,71.0
247,7013.703768970748,66.05790642393121
248,6945.0,65.0
249,6877.729269152531,66.90181950440032
250,6754.0,73.0
251,6670.368950956609,78.81341374525299
252,6595.566292242895,91.0287675092112
253,6590.0,92.0
254,6458.30433854638,116.14218873735499
255,6401.0,130.0
256,6224.0,181.0
257,6193.319231749153,190.33239148087594
258,6127.707994450122,211.51946240022832
259,6042.0,255.0
260,5989.248078571424,284.7601594690211
261,5852.358666114335,364.52057412499937
262,5836.0,374.0
263,5829.534691441438,376.78498141329493
264,5831.0,379.0
265,5791.905041532158,409.19782177468954
266,5759.0,435.0
267,5676.556782526927,510.0615610263436
268,5666.0,521.0
269,5610.0,585.0
270,5550.847560180148,677.9496632285309
271,5533.0,713.0
272,5509.0,818.0
273,5521.0,902.0
274,5533.214284927201,929.8302185100678
275,5536.0,935.0
276,5609.0,1045.0
277,5615.398667311764,1053.6581639979677
278,5653.621502428782,1095.3152809170622
279,5672.0,1110.0
280,5698.607238025779,1131.068046163787
281,5780.349238809432,1194.7063440353509
282,5846.711959789629,1239.856771366337
283,5865.0,1251.0
284,5915.233613880244,1278.898357286617
285,5987.1650060556785,1312.6251407490333
286,6000.0,1318.0
287,6062.0,1342.0
288,6094.697630716397,1354.1547822846069
289,6127.0,1365.0
290,6223.014939455871,1391.4947946175246
291,6308.0,1411.0
292,6347.136493600341,1418.6534791246697
293,6478.509090074212,1438.073016790495
294,6520.0,1444.0
295,6665.837842056218,1466.3603858805043
296,6759.0,1482.0
297,6775.031577561818,1484.9323992846514
298,6841.773898576725,1499.7079226573337
299,6847.0,1501.0
300,6937.752015893676,1524.1948933515603
301,7031.0,1551.0
302,7062.928715344127,1561.5661355491056
303,7105.0,1577.0
304,7150.839929711415,1596.0314930894733
305,7173.0,1606.0
306,7246.752265559148,1643.1274093878226
307,7298.0,1679.0
308,7367.03997448239,1745.837968916403
309,7377.0,1757.0
310,7416.96292161546,1813.0148137869503
311,7438.0,1872.0
312,7440.0,1879.0
313,7440.5824139324495,1881.163770796856
314,7455.510866408541,1990.5101206372394
315,7457.0,2047.0
316,7455.961887063094,2070.2003226174133
317,7446.107853947388,2121.3269427962123
318,7437.0,2151.0
319,7432.84595184783,2163.5570365848234
320,7409.0,2221.0
321,7403.535450167932,2231.1539920164664
322,7359.4283004434365,2302.7679239838867
323,7348.0,2320.0
324,7320.0,2351.0
325,7318.913412335309,2351.9391300132284
326,7202.0,2446.0
327,7143.472911594765,2479.4822678693035
328,7050.0,2509.0
329,7027.254728175943,2514.967185824283
330,6905.61695320999,2541.914178587412
331,6883.0,2546.0
332,6794.0,2560.0
333,6766.0,2564.0
334,6763.1973636996845,2564.398780699144
335,6653.0,2580.0
336,6650.588469113472,2580.3330154370014
337,6534.0,2596.0
338,6469.2809178815705,2604.4808330555
339,6441.0,2608.0
340,6362.596356351665,2616.9308900024166
341,6322.0,2621.0
342,6206.445279449297,2630.565802849709
343,6187.0,2632.0
344,6094.0,2638.0
345,6090.460489001327,2638.1666575273666
346,5974.0,2641.0
347,5871.709065154352,2640.604927116669
348,5839.0,2640.0
349,5723.202254210202,2635.917776922323
350,5674.0,2633.0
351,5558.0,2624.0
352,5527.628527944019,2621.393579300479
353,5408.112946654103,2609.871795091426
354,5400.0,2609.0
355,5275.655207325676,2594.1782889318156
356,5253.0,2591.0
357,5117.0,2569.0
358,5088.921090351814,2564.2574495238223
359,4924.0,2532.0
360,4766.762992696254,2495.066078415102
361,4729.0,2486.0
362,4632.575797410825,2462.374260133773
363,4533.0,2434.0
364,4476.109452586716,2417.591859787568
365,4406.0,2397.0
366,4329.340911740836,2373.413063318494
367,4216.882555372995,2336.3356209510866
368,4193.0,2328.0
369,4151.0,2313.0
370,4080.4761539043043,2287.591294125714
371,3980.0,2251.0
372,3878.921233146988,2213.8344907345618
373,3674.3196942017803,2138.9337261772494
374,3649.0,2130.0
375,3525.0,2092.0
376,3510.9905394660746,2087.8322560114225
377,3327.5847658666203,2031.424293557354
378,3301.0,2023.0
379,3206.810786379963,1992.524777440925
380,3166.0,1979.0
381,3015.0,1927.0
382,2995.648625555311,1919.982068251497
383,2879.471872877489,1875.8633286635868
384,2842.0,1861.0
385,2714.0,1808.0
386,2699.286894118859,1801.7546461120662
387,2598.0,1757.0
388,2440.9299152116687,1682.3276751086726
389,2432.0,1678.0
390,2361.2578557768443,1641.8488447778536
391,2349.0,1636.0
392,2196.0,1566.0
393,2152.6284950683266,1547.9789795184433
394,2103.4079258513507,1541.495117469338
395,2079.0,1545.0
396,2016.0,1558.0
397,2002.0888689152866,1563.4286374001858
398,1966.0,1585.0
399,1938.2545215956743,1606.9188902131357
400,1898.0,1643.0
401,1829.0,1705.0
402,1827.1181379525583,1706.625373799437
403,1767.0,1747.0
404,1725.2927362737169,1764.7644025499435
405,1647.0,1789.0
406,1644.891555634997,1789.3647562536094
407,1641.0,1790.0
408,1543.0,1795.0
409,1523.6467567866055,1792.5019938318126
410,1453.5699687212038,1778.1875029312703
411,1436.0,1774.0
412,1412.589497506292,1767.6419893658976
413,1388.0,1755.0
414,1382.3990762810126,1751.4752552106481
415,1306.3702629578543,1697.2232004820194
416,1299.0,1691.0
417,1259.0,1642.0
418,1250.8323428146568,1627.8848704600687
419,1230.5438373673446,1587.3962102123812
420,1225.0,1573.0
421,1209.0,1501.0
422,1207.505076989988,1488.190453012128
423,1206.0,1465.0
424,1212.0,1358.0
425,1212.9417176861637,1349.0726121354269
426,1223.155939086419,1285.9246139832358
427,1229.0,1253.0
428,1235.1429270989124,1212.2494134164065
429,1238.0,1194.0
430,1250.0,1123.0
431,1253.23987118267,1103.9487156276007
432,1264.0,1041.0
433,1264.409229622975,1038.6649332087334
434,1281.9517291293505,941.8784731087103
435,1288.0,908.0
436,1303.0332231543625,822.7792525237707
437,1313.0,766.0
438,1321.6815791745496,716.446297112825
439,1335.611967296907,635.2678198562841
440,1339.0,615.0
441,1355.324272572547,517.746036058064
442,1357.0,508.0
443,1388.0,331.0
444,1402.1655788475855,249.7548722953454
445,1408.0,216.0
446,1424.424166299274,121.12135395968205
447,1437.0,49.0
448,1462.6495862491565,-97.31932738651277
449,1478.0,-185.0
450,1496.7079451480902,-293.4839426584719
451,1511.0,-375.0
452,1525.0,-453.0
453,1528.0988435174238,-470.36702258828035
454,1555.0,-624.0
455,1559.9676816851374,-653.1283865884204
456,1572.0,-726.0
457,1595.0,-883.0
458,1601.754717863224,-941.4567299953424
459,1605.2365286474628,-1014.5922770209314
460,1600.7238157303314,-1079.4341438092251
461,1599.0,-1096.0
462,1594.0,-1137.0
463,1562.0,-1252.0
464,1532.7511609404053,-1307.3173159784092
465,1462.0,-1420.0
466,1454.0789342575413,-1431.4182954273929
467,1409.0998556629927,-1476.0650545003239
468,1383.0,-1494.0
469,1332.0,-1528.0
470,1210.922700521327,-1574.2876019662126
471,1100.0,-1601.0
472,1087.9685034633571,-1603.0852124119278
473,998.0,-1606.0
474,987.8940660146887,-1605.798686537649
475,799.0,-1600.0
476,757.1125759061534,-1597.855593885929
477,621.0,-1590.0
478,598.2483912736292,-1588.585976068564
479,450.95259690482106,-1578.1913699839022
480,352.0,-1570.0
481,343.3493379239984,-1569.264073286277
482,299.2678899194788,-1564.6587688157695
483,277.0,-1561.0
484,88.0,-1521.0
485,-88.0,-1466.0
486,-189.0,-1427.0
487,-241.19170124635326,-1404.023515901807
488,-337.0,-1357.0
489,-373.0,-1337.0
490,-450.22655316409185,-1286.3595921864182
491,-599.0,-1174.0
492,-655.6767434146539,-1124.5498345839737
493,-710.0,-1064.0
494,-719.2223352885464,-1053.0459553842504
495,-799.0,-952.0
496,-817.3450820317231,-926.1309149082678
497,-904.0,-779.0
498,-906.5084313397042,-773.7657389620006
499,-974.2749842121889,-606.2898699212708
500,-992.0,-549.0
501,-1012.574426329821,-439.93871878012635
502,-1015.0,-346.0
503,-1012.5763364429795,-288.3754994115681
504,-992.0,-119.0
505,-991.1948398079032,-114.60904105281361
506,-986.0,-89.0
507,-860.0,256.0
508,-858.1991012954437,260.439214811763
509,-808.0,380.0
510,-806.5087342688664,383.7345311243424
511,-721.0,604.0
512,-700.4577258527862,657.0906814359456
513,-648.0,793.0
514,-636.0625237857372,824.3273413874036
515,-592.0,940.0
516,-492.45516610440495,1195.573174404293
517,-488.0,1207.0
518,-450.6711043660217,1303.262231651549
519,-430.0,1357.0
520,-419.37137290661144,1384.6257452016553
521,-360.3059104147142,1538.069849338469
522,-331.0,1614.0
523,-288.1426183803352,1724.755444339675
524,-278.0,1751.0
525,-229.6327409204467,1876.555149471126
526,-201.0,1951.0
527,-106.0,2198.0
528,-70.45010028140635,2290.3388459731864
529,-22.0,2416.0
530,-20.013465685303903,2421.1611877199653
531,63.33425110069292,2637.739847297295
532,75.0,2668.0
533,126.64903987451613,2801.334620486191
534,130.0,2810.0
535,191.0,2968.0
536,199.44189407676072,2989.821612776237
537,250.17559988944657,3120.7001180368775
538,265.0,3159.0
539,297.27458918948275,3242.735702119877
540,346.0,3369.0
541,396.7309560194561,3499.832934569089
542,440.0,3611.0
543,483.3603184058643,3720.3564770429393
1,622.6965277170391,4056.647141043362
2,673.3159647896051,4180.209164538337
3,699.0,4243.0
4,731.7285550201593,4323.083600024549
5,827.5274058211517,4557.927430192927
6,862.0,4643.0
7,878.9762590459414,4685.758645001005
8,894.0,4723.0
9,924.6580966501605,4797.892887461505
10,993.4316802124908,4965.025653867081
11,1032.0,5059.0
12,1071.3599152301344,5155.249565473736
13,1136.3729362676913,5317.972325437817
14,1141.0,5330.0
15,1203.0,5499.0
16,1221.8736935437323,5555.133070301701
17,1269.7720280952526,5718.274983013591
18,1275.0,5737.0
19,1335.0,5955.0
20,1368.0550774442788,6080.156658163409
21,1384.0,6131.0
22,1397.6925302566342,6171.618137796351
23,1446.177713819185,6310.066395910857
24,1478.0,6392.0
25,1488.9271082578234,6416.9991029636
26,1525.7976772400882,6482.664631420433
27,1528.0,6486.0
28,1564.0,6532.0
29,1565.4007470356871,6533.576879783297
30,1641.0369461733674,6611.611601730681
31,1652.0,6621.0
32,1719.0,6661.0
33,1834.36459494682,6693.286155604142
34,1876.0,6702.0
35,1894.3677666462854,6704.90583740232
36,1922.6095228858965,6701.49682825851
37,1926.0,6701.0
38,1987.0,6692.0
39,1989.099906322847,6691.564344596367
40,2053.593426029384,6671.451358309477
41,2064.0,6667.0
42,2109.9796350632755,6642.612115508724
43,2139.0,6621.0
44,2167.702573713282,6592.427719162093
45,2183.0,6575.0
46,2199.7684783671843,6554.605197299449
47,2214.0,6534.0
48,2232.571146922721,6501.394053550898
49,2265.057010827619,6433.523416978243
50,2267.0,6429.0
51,2286.6177650063314,6356.1782152534815
52,2288.0,6347.0
53,2294.812407897528,6287.285700334995
54,2295.0,6281.0
55,2283.0,6121.0
56,2278.062616499119,6088.996083097558
57,2259.0,6017.0
58,2255.918258535577,6006.22468472052
59,2238.0,5945.0
60,2216.2068038235825,5877.663111937738
61,2198.0,5825.0
62,2177.0124057932676,5766.448894029806
63,2156.0,5710.0
64,2147.150408782777,5686.794486290166
65,2122.0,5622.0
66,2118.309039698035,5612.565940438873
67,2094.0,5553.0
68,2070.2584495446667,5497.903772812946
69,2050.0,5452.0
70,1990.1894661812648,5319.08822814535
71,1978.0,5292.0
72,1921.6178244973703,5165.45425053111
73,1879.0,5066.0
74,1867.1146261527358,5037.219252890144
75,1827.0450623384738,4932.16280223892
76,1803.0,4838.0
77,1776.0,4685.0
78,1770.1793755648832,4630.726992753361
79,1768.5114238295769,4545.093229718313
80,1769.0,4525.0
81,1777.3054121029343,4385.158847408612
82,1784.0,4306.0
83,1786.8692580696018,4275.295365351088
84,1789.0,4253.0
85,1798.0,4152.0
86,1801.3904990664028,4076.5574508213454
87,1798.0,3978.0
88,1785.5173752787127,3900.152564376628
89,1778.0,3872.0
90,1737.0,3776.0
91,1730.1906631568543,3764.2824947414606
92,1667.13426911902,3681.135499566629
93,1647.0,3661.0
94,1603.7178678525227,3624.4442013921785
95,1565.0,3596.0
96,1524.7750832439935,3569.0691414795842
97,1476.0,3543.0
98,1426.266881617855,3520.071732802513
99,1333.0,3480.0
100,1268.6354216890416,3453.5967426333136
101,1209.1874077909774,3433.4192886383194
102,1205.0,3432.0
103,1105.6171261810548,3396.6326784104913
104,1055.0,3376.0
105,882.0,3300.0
106,852.9138705786808,3286.5872304584204
107,798.508391402889,3258.728104142173
108,757.0,3211.0
109,734.2765432938072,3178.608746835577
110,676.0898019618821,3087.7141490888102
111,668.0,3074.0
112,652.3770160052705,3038.634527611161
113,651.0,3013.0
114,646.8819242628781,2973.9217730177347
115,645.0,2944.0
116,654.953168698092,2854.4399887776785
117,658.0,2842.0
118,682.0,2775.0
119,741.2490074663658,2701.776442167174
120,767.0,2678.0
121,856.0,2624.0
122,938.0,2596.0
123,967.9998245833733,2590.5514700053036
124,974.0,2590.0
125,1117.0,2594.0
126,1129.059523091853,2595.1230610319003
127,1196.937485728013,2609.878594406915
128,1228.0,2620.0
129,1273.4032881789012,2633.799980674745
130,1412.5841117129198,2673.6672955431145
131,1508.8921265761621,2703.2942751459605
132,1532.0,2711.0
133,1588.313368188273,2731.2091432224724
134,1665.1398551429838,2760.9874226883835
135,1681.0,2767.0
136,1764.0,2798.0
137,1807.425267084954,2814.0299668213843
138,1849.0,2829.0
139,1967.9909395208233,2870.064529048431
140,2071.0,2904.0
141,2117.910061144992,2918.7995631231356
142,2272.6092062210055,2962.744886787572
143,2321.0,2974.0
144,2490.1581187427223,3004.5585678322245
145,2598.0,3020.0
146,2616.593942688215,3022.411804342604
147,2696.4434879450373,3029.606365041761
148,2703.0,3030.0
149,2819.2867666895213,3035.8012888812123
150,2946.0,3038.0
151,2992.5805340463567,3037.0193485329514
152,3057.0,3034.0
153,3130.889906805742,3028.4630352327044
154,3168.0,3025.0
155,3299.0236339503717,3009.5268132027186
156,3406.0,2993.0
157,3578.0050423884454,2962.0087046872613
158,3605.0,2957.0
159,3728.8738051377954,2933.837012520101
160,3850.0,2910.0
161,3865.0,2907.0
162,3869.6100940071915,2906.097992662339
163,4090.010987912712,2871.955671819652
164,4203.0,2859.0
165,4250.422374029251,2854.8579922641925
166,4359.902308784851,2851.388574419976
167,4427.0,2853.0
168,4455.913950019485,2854.1707480877967
169,4593.0,2868.0
170,4618.219445327969,2872.6717609956772
171,4800.422848017018,2915.4609487156476
172,4845.0,2927.0
173,4932.0,2958.0
174,4934.828139942587,2959.29047080057
175,5226.0,3099.0
176,5349.61425084699,3167.35581889463
177,5507.0,3268.0
178,5542.795676955913,3290.0797924443414
179,5727.952375099343,3396.748264931901
180,5763.0,3415.0
181,5903.0,3481.0
182,5947.0,3498.0
183,5951.390958081348,3499.633732448661
184,6124.0,3555.0
185,6127.868308951852,3555.986056117518
186,6308.0,3592.0
187,6380.343776271237,3601.638869357819
188,6414.0,3605.0
189,6527.838065489541,3614.1500728840538
190,6587.0,3618.0
191,6735.669628433139,3624.3575243171667
192,6761.0,3625.0
193,6887.0,3627.0
194,6891.766193285501,3627.052774727569
195,7045.0,3628.0
196,7176.478512777079,3627.4029740662804
197,7218.0,3627.0
198,7362.979587944981,3624.7510918646576
199,7424.0,3623.0
200,7567.0,3617.0
201,7604.0379647097625,3614.9480865541054
202,7746.559788551611,3603.1054983398453
203,7756.0,3602.0
204,7897.213185072233,3580.323758787013
205,7922.0,3575.0
206,8065.0,3534.0
207,8093.845004060963,3524.149235755396
208,8248.0,3444.0
209,8376.006308282149,3343.894026633723
210,8406.0,3319.0
211,8480.085141850643,3252.798793208648
212,8535.0,3166.0
213,8565.000341376268,3117.0113065111073
214,8600.0,3056.0
215,8632.69266380418,2986.565889363835
216,8669.07482291727,2880.64290997462
217,8675.0,2858.0
218,8684.0,2818.0
219,8696.294907569398,2748.878519218753
220,8703.0,2649.0
221,8698.377901435157,2550.388760999984
222,8674.044018579161,2352.613900298953
223,8670.0,2328.0
224,8631.0,2209.0
225,8625.212631907236,2196.56643734652
226,8547.40292486334,2039.189363245686
227,8535.0,2017.0
228,8487.848523166178,1939.8485251079962
229,8467.0,1907.0
230,8391.0,1787.0
231,8381.153824087629,1771.5245055069379
232,8320.661106193644,1676.720141289718
233,8300.0,1644.0
234,8224.0,1522.0
235,8214.91172270162,1507.4351890350276
236,8148.0,1398.0
237,8030.792261074998,1194.8840379802627
238,8024.0,1183.0
239,7967.0869377624085,1073.3126104826579
240,7957.0,1051.0
241,7833.0,778.0
242,7797.591782298879,698.2061751282927
243,7753.510447073127,595.2024541976721
244,7729.0,545.0
245,7664.0,420.0
246,7648.828838091772,393.603635783287
247,7606.0,328.0
248,7568.034510281343,278.70773728915714
249,7502.0,217.0
250,7369.0,137.0
251,7365.152382212225,135.04845662694217
252,7230.0,94.0
253,7143.916571081239,80.3621746230574
254,6984.0,66.0
255,6979.430087706551,65.98595166509173
256,6971.0,66.0
257,6779.0,71.0
258,6739.038270768751,74.85634522233833
259,6588.475797204427,93.66003913899257
260,6550.0,99.0
261,6497.705810176023,107.03430153056286
262,6435.0,122.0
263,6419.884312185061,126.07015197310042
264,6205.475486224059,188.5997040372677
265,6183.0,196.0
266,6034.0,259.0
267,5996.558660926172,278.667941092592
268,5899.028832517217,333.36260821290995
269,5873.0,349.0
270,5790.0,409.0
271,5772.191290405206,423.24133387798247
272,5739.0,451.0
273,5621.0,570.0
274,5612.4961650662835,579.5555111029466
275,5564.454474618463,644.4064095342794
276,5546.0,682.0
277,5525.257657815335,732.9677546642439
278,5519.0,753.0
279,5509.0,817.0
280,5509.187695198994,833.364053954901
281,5517.0,887.0
282,5517.469177157106,888.9709765049876
283,5549.921540206274,965.1476629679255
284,5565.0,987.0
285,5604.937950946581,1037.7108845420653
286,5632.0,1070.0
287,5655.608445574561,1097.0700760771954
288,5694.845054287349,1131.831852578504
289,5705.0,1140.0
290,5754.8455848872245,1179.3063491690841
291,5760.0,1183.0
292,5856.0,1246.0
293,5902.148590175273,1272.249900944589
294,5922.0,1282.0
295,5977.999741919978,1308.7466415439605
296,6024.0,1327.0
297,6122.479962046291,1360.8427899312944
298,6177.0,1379.0
299,6209.036939585208,1391.098321242893
300,6224.0,1393.0
301,6269.0,1402.0
302,6280.472807560267,1404.3312483934099
303,6397.0,1427.0
304,6419.42231485772,1430.5394249530668
305,6480.0,1439.0
306,6652.0,1463.0
307,6716.482960503018,1472.7186448753482
308,6790.578530062891,1486.173847866898
309,6855.166931686992,1501.6915627677367
310,6872.0,1506.0
311,6914.0,1517.0
312,7033.0,1552.0
313,7089.744373655929,1573.345880970311
314,7205.0,1621.0
315,7216.735144599228,1626.1901646207093
316,7263.729166450943,1653.3242064592366
317,7283.0,1668.0
318,7320.0,1697.0
319,7380.896379293925,1768.8008041512282
320,7424.0,1836.0
321,7427.965702279983,1843.3762744451467
322,7446.0,1900.0
323,7447.413420875109,1906.4455716851112
324,7459.0,2024.0
325,7456.518969131589,2048.8548713425707
326,7443.0,2128.0
327,7439.994130027828,2140.9153053083496
328,7411.056532474264,2220.350553950515
329,7383.0,2270.0
330,7380.496702439128,2274.332072421011
331,7366.885720999702,2295.9091209604103
332,7359.0,2306.0
333,7285.0,2386.0
334,7199.0,2448.0
335,7142.0,2477.0
336,7109.835301920008,2490.2459801866607
337,7047.0,2511.0
338,7022.0,2517.0
339,6963.809013063243,2529.2560607101436
340,6844.0,2552.0
341,6796.487175300708,2559.882189545419
342,6744.0,2567.0
343,6734.262798658092,2568.3450882446004
344,6644.0,2581.0
345,6621.506424665381,2584.184565193567
346,6498.0,2601.0
347,6493.688990042325,2601.533676893755
348,6357.201138923315,2617.1512004289552
349,6311.0,2622.0
350,6224.063669054035,2630.1992504533096
351,6150.0,2635.0
352,6104.597911043456,2636.8412778771094
353,5969.0,2641.0
354,5965.3731015829,2641.1594842038894
355,5944.0,2642.0
356,5638.0,2630.0
357,5634.391780031126,2629.811657249184
358,5560.0,2625.0
359,5557.467480143055,2624.769463304146
360,5388.0,2608.0
361,5341.5339329413555,2602.5526642791
362,5212.0,2585.0
363,5182.309022503753,2580.5475735104706
364,5074.0,2562.0
365,4835.607691145504,2511.3702018810127
366,4825.0,2509.0
367,4736.5159925577445,2488.087488513295
368,4687.0,2475.0
369,4661.316916519692,2468.117497818582
370,4517.742943818346,2429.022926988928
371,4447.0,2409.0
372,4344.413648111064,2378.603731547648
373,4320.0,2371.0
374,4202.528050169002,2332.047065226014
375,4135.0,2308.0
376,3914.0,2226.0
377,3818.67083708086,2189.8342552966064
378,3661.0,2134.0
379,3655.7537716302577,2132.317621634735
380,3450.208904227194,2068.610132170823
381,3422.0,2060.0
382,3296.2737355257286,2021.6241690433988
383,3288.0,2019.0
384,3138.0,1970.0
385,3117.8469389375578,1963.1586738225403
386,2998.3243813442905,1921.0527156809094
387,2960.0,1907.0
388,2861.7661035915426,1869.5801917883132
389,2726.0,1813.0
390,2615.445188888043,1764.0685486187097
391,2533.0,1727.0
392,2483.5467855910715,1704.003817925151
393,2462.0,1693.0
394,2388.8449006182877,1655.9729516584448
395,2278.0,1602.0
396,2229.1421406079876,1580.5299474924605
397,2140.3745494244777,1551.6576465336905
398,2106.0,1545.0
399,2087.365422388654,1543.688499127284
400,2067.0,1546.0
401,2004.9640877945983,1561.4568156332239
402,1976.0,1579.0
403,1887.0,1655.0
404,1884.9504665579286,1656.8574880305243
405,1846.166636995391,1692.5146700008972
406,1827.0,1707.0
407,1768.0,1746.0
408,1766.2298629529694,1746.9797305765876
409,1705.4537038655815,1773.5148753552287
410,1701.0,1775.0
411,1635.0,1791.0
412,1612.2821772360624,1793.883626764367
413,1555.0,1796.0
414,1522.953337413924,1794.347254076362
415,1498.0,1790.0
416,1376.000048464432,1747.7577093440445
417,1367.0,1744.0
418,1343.0,1728.0
419,1330.0581095277334,1716.3869659288273
420,1285.5312460052291,1675.4579190908023
421,1275.0,1664.0
422,1241.0453432717281,1612.527685318479
423,1239.0,1608.0
424,1226.0,1575.0
425,1214.890032257575,1542.234982901175
426,1208.0,1494.0
427,1207.5644399913422,1425.6996010614464
428,1209.0,1384.0
429,1214.4503449107933,1333.2162719792932
430,1223.0,1286.0
431,1223.2970076142822,1283.9695371823964
432,1226.0,1265.0
433,1237.2000036364564,1199.9684412467907
434,1241.0,1178.0
435,1248.9165314505499,1129.4212108139102
436,1257.0,1080.0
437,1263.3056289888991,1043.093194902462
438,1269.0,1011.0
439,1286.2450313705685,917.7640768682845
440,1289.0,902.0
441,1300.0,836.0
442,1316.5819327792499,744.1356708824266
443,1323.0,708.0
444,1336.3232411019974,628.0099939238405
445,1344.0,583.0
446,1361.1937643216752,485.8912880390445
447,1369.0,442.0
448,1388.1064410067481,333.5669696370436
449,1413.8762084375285,185.45749744478942
450,1415.0,179.0
451,1438.8688037757584,41.57789021629222
452,1440.0,35.0
453,1457.5593045358085,-67.21970574724818
454,1461.0,-87.0
455,1483.0,-212.0
456,1501.3985874544992,-318.3155456773217
457,1514.0,-391.0
458,1519.3298105889867,-421.45547362323526
459,1537.0,-522.0
460,1555.0,-626.0
461,1555.774191928512,-630.5217483769436
462,1576.921347563229,-756.3700061738191
463,1582.0,-788.0
464,1599.0,-916.0
465,1601.0274650844242,-946.3059247929957
466,1603.0,-1047.0
467,1596.8884348988756,-1128.6730349951185
468,1579.0,-1203.0
469,1561.1425650783572,-1254.0191056020296
470,1537.0,-1309.0
471,1505.5828535538772,-1363.7729657648952
472,1459.0,-1424.0
473,1443.0025678431564,-1440.989787997904
474,1438.0,-1446.0
475,1379.0,-1497.0
476,1342.9224434948724,-1524.8220735414225
477,1206.0,-1581.0
478,1201.7144683946906,-1581.8839568343801
479,1056.0,-1605.0
480,1008.0282040222118,-1610.187546118069
481,954.0,-1606.0
482,924.15413906063,-1604.326094962201
483,793.0,-1599.0
484,662.0072974160446,-1592.287775944102
485,619.0,-1590.0
486,524.0,-1585.0
487,450.98754223409486,-1580.606277844105
488,402.0,-1576.0
489,264.5435126205545,-1557.2236261193837
490,192.0,-1545.0
491,127.88176077796733,-1531.9519116678425
492,35.43707278855647,-1506.2669121164408
493,28.0,-1504.0
494,-104.0,-1460.0
495,-144.57734000050868,-1444.5634908290342
496,-242.0,-1404.0
497,-364.0,-1343.0
498,-394.1333157745687,-1324.934865304337
499,-469.0,-1276.0
500,-494.63895035151586,-1258.1324817593256
501,-580.0,-1191.0
502,-593.481477892973,-1179.0092726637872
503,-675.5863327525383,-1098.810157058632
504,-711.0,-1061.0
505,-739.0,-1029.0
506,-795.6426359702957,-950.4504059101579
507,-930.0,-723.0
508,-964.9198920808342,-651.481383968123
509,-985.0,-574.0
510,-1009.7648706913835,-452.5442745181268
511,-1015.0,-373.0
512,-1002.1511360157209,-187.57389162443658
513,-999.0,-160.0
514,-971.0,-25.0
515,-833.0,318.0
516,-785.5441798889605,436.12270181084955
517,-746.7446691430121,536.9599617207854
518,-736.0,565.0
519,-657.6703214217085,769.7542503337024
520,-641.0,813.0
521,-605.4229939260505,903.3945406510693
522,-595.0,930.0
523,-568.7155324966546,997.9400453122223
524,-519.8187340915626,1125.0584169452459
525,-509.0,1153.0
526,-431.19328200426173,1353.0738538662004
527,-427.0,1364.0
528,-381.0,1485.0
529,-328.0,1621.0
530,-320.3557747176508,1640.751688903816
531,-263.0,1790.0
532,-234.24927987828033,1863.7808308661097
533,-186.0,1989.0
534,-176.30725326896095,2015.7928521787874
535,-169.0,2036.0
536,-120.49462648459644,2163.077780785544
537,-70.0,2292.0
538,-68.17156798743696,2296.6722310568707
539,-8.029423354188538,2450.982447361432
540,-3.0,2464.0
541,74.5636057659476,2665.954072006667
542,93.0,2714.0
543,166.0,2903.0
544,221.8636727605791,3047.5626883438786
545,270.0,3172.0
546,299.8831786294747,3248.8415515349093
547,325.0,3313.0
548,348.4506176403098,3374.633946099563
549,380.0,3457.0
550,444.8390608843199,3621.7390988437314
551,508.0,3777.0
2,689.7103419595156,4220.231086641794
3,695.0,4233.0
4,811.0,4519.0
5,820.5822392403655,4542.654699411745
6,873.6938566373423,4672.302314364341
7,896.0,4726.0
8,927.3772847759988,4801.5425893244155
9,1020.9083929587808,5027.293833911949
10,1092.19397689398,5205.614803821451
11,1111.0,5254.0
12,1160.9071478726632,5385.32771957146
13,1224.3271445521918,5564.842500152682
14,1234.0,5595.0
15,1275.0,5734.0
16,1293.8623361126658,5803.77092545519
17,1311.0,5868.0
18,1358.138726000461,6039.218757858932
19,1397.0,6173.0
20,1413.8569309038692,6227.351247489589
21,1467.1411962957777,6370.991910426482
22,1486.0,6409.0
23,1562.2052894066114,6526.010773678182
24,1615.0,6591.0
25,1624.2411180944398,6601.057352039049
26,1665.5217710163054,6632.050258288127
27,1669.0,6634.0
28,1731.181921444269,6665.580409293969
29,1799.0,6691.0
30,1823.8131694369167,6696.571390299236
31,1858.0,6701.0
32,1896.952716756965,6702.44641176133
33,1916.0,6702.0
34,1979.0969210354153,6694.878775619027
35,2027.0,6681.0
36,2100.236151836292,6647.971101665804
37,2111.0,6642.0
38,2153.0350093945294,6608.978760684606
39,2189.0,6568.0
40,2194.0,6563.0
41,2195.494020015551,6561.440726705888
42,2247.1424219530036,6476.882519719598
43,2267.0,6430.0
44,2274.28863384738,6409.696546557613
45,2286.2791903370753,6360.264320119432
46,2291.0,6330.0
47,2292.7357935973196,6317.1344611905
48,2296.0,6253.0
49,2295.3388633087,6239.99096375853
50,2285.1804075793575,6140.7608088657635
51,2282.0,6116.0
52,2271.0,6066.0
53,2270.52157479242,6064.328753967535
54,2219.0,5889.0
55,2191.7987928815674,5806.357794801705
56,2148.0,5689.0
57,2138.127726694712,5663.305650189649
58,2085.436078173087,5532.371797461379
59,2074.0,5506.0
60,2026.0,5399.0
61,2012.0,5368.0
62,2010.618673175453,5364.942114501721
63,1957.0,5246.0
64,1955.7934617515418,5243.300871624719
65,1897.0,5109.0
66,1867.8115099697156,5037.129292746799
67,1856.0,5006.0
68,1826.138654786491,4919.605843476795
69,1813.0,4876.0
70,1785.3530820634132,4755.609486554457
71,1782.0,4734.0
72,1771.0,4625.0
73,1770.7647637065163,4620.92721440718
74,1770.0,4492.0
75,1777.7794121465795,4378.8652072834
76,1781.0,4343.0
77,1793.1368181423768,4219.539200600679
78,1797.0,4172.0
79,1802.0,4071.0
80,1802.2090806619456,4046.199192129623
81,1795.059443129247,3953.418840123294
82,1794.0,3947.0
83,1769.5345955985558,3847.242636001869
84,1763.0,3830.0
85,1711.0,3735.0
86,1698.5415438833754,3716.599829395421
87,1608.0,3627.0
88,1506.7236605655853,3561.1272418208723
89,1482.0,3546.0
90,1418.0519464148967,3509.484747307236
91,1347.0,3485.0
92,1306.9285556600933,3469.8034336003966
93,1258.0,3451.0
94,1205.2761914509117,3431.2940727976684
95,1127.323465482355,3403.1591286724497
96,1110.0,3397.0
97,1079.0,3386.0
98,1027.8519737297345,3367.2179773195267
99,961.0,3338.0
100,900.5766491654776,3305.4345953883403
101,786.7233691955275,3234.468228193753
102,773.0,3225.0
103,718.0,3167.0
104,713.7576865102733,3160.028002740187
105,666.8924398865115,3069.674262738644
106,662.0,3056.0
107,649.9369681244186,3005.7703325989187
108,647.0,2984.0
109,646.0,2906.0
110,646.9422171689574,2896.1915496439246
111,658.110347621446,2837.886793780336
112,664.0,2819.0
113,694.0,2754.0
114,698.4359107908082,2746.63110108725
115,742.0,2698.0
116,845.7825982415704,2627.984904512167
117,852.0,2624.0
118,912.9256326818372,2598.915399431366
119,926.0,2598.0
120,1086.0,2589.0
121,1134.9425077859344,2590.3769086290586
122,1208.002366616714,2611.627293708607
123,1243.0,2623.0
124,1330.0,2649.0
125,1350.6892854423638,2655.255743983097
126,1409.0,2673.0
127,1456.619707324077,2686.8390605575505
128,1524.0,2708.0
129,1629.0,2747.0
130,1631.7780728401913,2748.0603854666865
131,1719.0,2782.0
132,1787.2809109218722,2808.6644065227756
133,1924.0,2856.0
134,1927.865718381233,2857.0590109652544
135,1935.0,2859.0
136,2106.0,2915.0
137,2142.8317860774573,2925.930847868346
138,2282.870829202611,2964.504331972992
139,2319.0,2974.0
140,2368.8264727408095,2986.337966826011
141,2432.0,2997.0
142,2447.380363736228,2999.189572258022
143,2667.4385858132946,3026.6485188365896
144,2691.0,3029.0
145,2853.0,3037.0
146,2893.8238920565877,3037.385757991517
147,3005.691612657487,3036.5201678425337
148,3044.0,3035.0
149,3225.0,3019.0
150,3255.271898468055,3015.315414735976
151,3309.0,3008.0
152,3550.0,2968.0
153,3569.1171131403034,2964.6037367235626
154,3693.9341067713326,2940.6042798121653
155,3773.0,2925.0
156,3886.938217786034,2903.1826669264005
157,3926.0,2896.0
158,4025.0,2880.0
159,4053.7466910941585,2876.120542910753
160,4162.0,2863.0
161,4166.143409227315,2862.5290340550846
162,4337.997649736513,2850.015740278346
163,4394.0,2852.0
164,4530.491406521464,2862.673122382262
165,4620.0,2872.0
166,4697.208719362824,2882.079182840082
167,4814.162425669569,2916.1458034214997
168,4842.0,2926.0
169,4973.320992626572,2974.5046795796525
170,4986.0,2980.0
171,5208.0,3089.0
172,5299.095702775502,3139.816027786129
173,5336.0,3163.0
174,5446.337456318417,3232.181111685187
175,5528.0,3281.0
176,5688.241647696107,3372.82866412469
177,5784.0,3426.0
178,5906.883617231177,3487.7244074396476
179,5996.0,3517.0
180,6077.0,3542.0
181,6095.808569823551,3547.270409796577
182,6273.0,3587.0
183,6306.286672413677,3592.359440778212
184,6395.0,3603.0
185,6639.0,3621.0
186,6727.753982218297,3625.984637567561
187,6823.690123726551,3628.2083149488512
188,6914.159439228253,3628.0244556101334
189,6939.0,3628.0
190,7002.0,3628.0
191,7189.0,3628.0
192,7295.834293024665,3625.7457371844584
193,7527.0,3619.0
194,7550.875432462548,3618.1845267717995
195,7652.262679609516,3612.353137570834
196,7699.0,3608.0
197,7791.0,3598.0
198,7973.112047854737,3556.925131622291
199,8123.0,3510.0
200,8138.352711591168,3504.222365145831
201,8239.0,3449.0
202,8249.708874148557,3441.994295360165
203,8429.0,3296.0
204,8460.804433799865,3259.3541238680245
205,8555.0,3135.0
206,8569.346497064531,3113.2393273278767
207,8644.158204102985,2959.4589668802455
208,8677.0,2846.0
209,8679.613268014522,2836.2700441671195
210,8690.099349157868,2788.000257360302
211,8693.0,2764.0
212,8703.0,2560.0
213,8678.0,2364.0
214,8646.0,2249.0
215,8626.643304068624,2196.9760738309906
216,8581.0,2100.0
217,8557.0,2056.0
218,8505.079180426183,1967.8943013380335
219,8406.0,1810.0
220,8367.764315945953,1749.6077749504166
221,8326.0,1684.0
222,8318.083546735867,1671.5297767092075
223,8245.0,1556.0
224,8227.614129712845,1528.322745005608
225,8139.0,1384.0
226,8136.089942728018,1379.0964063091196
227,8047.6437021902775,1225.8650574741116
228,8019.0,1174.0
229,7967.879968374556,1075.4112033676397
230,7927.0,989.0
231,7902.330446280592,934.7906734505082
232,7832.0,776.0
233,7830.24439266919,772.0362737762463
234,7820.0,749.0
235,7674.0,437.0
236,7672.205702064519,433.30668615041776
237,7629.0,362.0
238,7627.521557159619,360.05423308831166
239,7531.0,242.0
240,7503.297279491097,217.0867728349301
241,7418.0,163.0
242,7395.304906029303,151.1229127083613
243,7304.0,114.0
244,7092.537504953279,73.3265713395976
245,7083.0,72.0
246,7002.0690169693025,65.35350710309586
247,6957.0,66.0
248,6933.9902101692915,66.44700538764164
249,6806.889199751525,70.03580434724482
250,6744.0,74.0
251,6652.3694385152385,83.3634594037033
252,6631.0,86.0
253,6531.382625080766,100.66821110173733
254,6473.0,113.0
255,6279.0,163.0
256,6205.628381499406,183.19841502116358
257,6106.0,226.0
258,6102.0268075224185,227.9337592550753
259,5938.356451339319,309.75440655913076
260,5917.0,321.0
261,5842.572765947625,369.5109741988515
262,5838.0,373.0
263,5752.0,440.0
264,5741.043993639474,449.27966578305757
265,5680.843563086056,505.20541467444696
266,5663.0,523.0
267,5620.646472766897,567.7003726697978
268,5574.0,635.0
269,5543.04818281816,696.169080286858
270,5521.0,744.0
271,5508.4084868686705,780.1024900124347
272,5510.0,798.0
273,5517.583909529567,852.6125517006378
274,5536.0,934.0
275,5551.121603654088,971.2903150642525
276,5607.972675123948,1044.9142348624866
277,5636.0,1074.0
278,5650.010449466114,1088.8387179364204
279,5665.0,1104.0
280,5715.92187995946,1150.1277466510494
281,5745.0,1172.0
282,5846.0,1240.0
283,5848.425430615211,1241.572014924279
284,5898.574865337173,1271.3255881918562
285,5926.0,1284.0
286,6005.0,1320.0
287,6007.284112137555,1320.966053908856
288,6083.453244731089,1350.0854738024182
289,6089.0,1352.0
290,6172.0,1378.0
291,6201.341372164799,1386.0901738405034
292,6278.0,1405.0
293,6323.769599671185,1414.9103895580797
294,6363.0,1422.0
295,6580.142389150582,1452.736032743366
296,6597.0,1455.0
297,6651.0,1463.0
298,6685.140077362557,1469.00068052823
299,6805.197925238957,1491.326639566458
300,6837.0,1498.0
301,6961.262349148082,1529.3479553190937
302,6970.0,1532.0
303,7029.0,1551.0
304,7088.594883120793,1570.2340882565054
305,7167.0,1603.0
306,7257.596156721608,1654.3093691700242
307,7308.0,1686.0
308,7355.856042297331,1724.025523029998
309,7386.0,1769.0
310,7387.520104332296,1771.1597273287935
311,7402.0,1792.0
312,7444.943382451909,1889.0503759897804
313,7451.0,1916.0
314,7457.224613106097,1963.0862675152916
315,7459.0,2006.0
316,7458.247612798117,2038.0009302080005
317,7456.0,2065.0
318,7441.453368124468,2136.563745024393
319,7438.0,2148.0
320,7421.0,2194.0
321,7393.177748096286,2250.9031471967296
322,7381.0,2272.0
323,7351.043551530812,2316.6942492217504
324,7332.0,2339.0
325,7288.102762598174,2382.7888431615866
326,7267.0,2401.0
327,7210.297111801501,2440.7187836172943
328,7124.702078400353,2483.3339543590873
329,7121.0,2485.0
330,7038.644175433404,2512.865925445163
331,7034.0,2514.0
332,6960.6274497101585,2530.5383731993406
333,6949.0,2533.0
334,6891.0,2544.0
335,6822.806875201008,2554.9647028907575
336,6769.0,2563.0
337,6745.934009850027,2566.3031860882334
338,6669.0,2577.0
339,6591.0,2588.0
340,6587.512715960627,2588.490056276623
341,6485.241410546246,2602.550939204225
342,6458.0,2606.0
343,6340.0,2619.0
344,6310.068050268305,2621.8926893188327
345,6207.0,2631.0
346,6119.139033702311,2636.973838132273
347,6033.0,2640.0
348,5971.298281160529,2640.9455112957776
349,5901.0,2641.0
350,5823.541747180044,2639.63635860204
351,5728.0,2636.0
352,5698.942503913738,2634.50380739902
353,5690.0,2634.0
354,5587.0,2627.0
355,5527.601932679301,2622.6404076770605
356,5339.0,2602.0
357,5333.561318001359,2601.2520911410256
358,5152.0,2575.0
359,5093.112880271493,2566.121663218255
360,5030.0,2554.0
361,4994.90168300389,2546.72565300273
362,4839.0,2513.0
363,4680.427094908145,2472.999969341038
364,4631.0,2460.0
365,4526.0,2432.0
366,4437.440851303445,2406.802032360644
367,4379.0,2389.0
368,4226.263852227236,2339.0186734620597
369,4147.0,2312.0
370,4075.9745857057324,2287.038034552823
371,3971.3930005010225,2248.1654663142685
372,3963.0,2245.0
373,3815.0,2189.0
374,3663.0,2134.0
375,3530.0,2093.0
376,3495.6445127400916,2082.534764973458
377,3406.0,2055.0
378,3372.6316009590914,2044.7294919983638
379,3249.0,2006.0
380,3228.788979585021,1999.4233665126858
381,3104.9226026505858,1957.8764712692482
382,3055.0,1941.0
383,3017.0,1928.0
384,2923.9975442095915,1892.7732581578557
385,2658.0,1784.0
386,2585.277597316811,1752.8929543842894
387,2530.0,1726.0
388,2444.136344664346,1683.8310803108384
389,2394.0,1659.0
390,2291.1727259655336,1607.5799723978987
391,2276.0,1600.0
392,2200.0,1567.0
393,2041.0,1550.0
394,1998.187244708914,1559.6300495540058
395,1965.1334557610605,1585.34512949478
396,1955.0,1594.0
397,1876.6187951868917,1664.1491915950476
398,1860.0,1679.0
399,1826.5933516191387,1707.067038108296
400,1817.0,1714.0
401,1792.4105872026134,1730.6667713486822
402,1744.9979290408194,1758.0618847455958
403,1734.0,1763.0
404,1649.8141915658634,1788.075214527848
405,1645.0,1789.0
406,1591.0,1795.0
407,1535.0,1794.0
408,1527.2315748464139,1793.3666567992743
409,1471.0,1784.0
410,1444.0678893166414,1776.1954970667662
411,1400.0,1760.0
412,1391.3185907700438,1756.1561012008924
413,1385.0,1753.0
414,1346.9472843486028,1729.2787786437038
415,1311.0,1702.0
416,1309.7692892572818,1700.9627610780062
417,1273.5951132491432,1662.7468215625006
418,1271.0,1659.0
419,1235.01947704491,1595.603676068923
420,1227.0,1580.0
421,1210.0,1512.0
422,1207.9013806948476,1454.9497018060667
423,1207.0,1404.0
424,1207.6223576453147,1368.3275607630517
425,1217.0,1321.0
426,1222.129280952361,1291.5441680689535
427,1228.0,1256.0
428,1237.3478113838676,1197.2782989195755
429,1246.0,1144.0
430,1247.5632826761046,1134.783243058057
431,1258.006986590723,1075.1698993528134
432,1272.0,996.0
433,1284.0,927.0
434,1291.1448722707776,887.2947719632414
435,1306.0,805.0
436,1338.0,620.0
437,1340.6906979974713,604.5694850572528
438,1356.1015049395482,518.4328963825523
439,1369.0,445.0
440,1379.2388291998336,383.58644221555755
441,1392.0,308.0
442,1405.5970387462444,229.3389773904084
443,1425.0,118.0
444,1437.654116900323,45.3422221250587
445,1469.41109699047,-137.47196292585
446,1494.0681928467511,-279.08353471383134
447,1526.6356812932243,-463.6291901678502
448,1529.0,-477.0
449,1569.965257933922,-710.8321327320442
450,1572.0,-723.0
451,1597.0,-898.0
452,1597.1953254365894,-899.5936514802935
453,1603.0,-988.0
454,1601.305464814709,-1026.24769809388
455,1591.5290226667432,-1137.6258083993016
456,1586.0,-1174.0
457,1568.6621709147012,-1240.3376424688915
458,1550.0,-1280.0
459,1497.6763571399104,-1371.239441648706
460,1483.0,-1394.0
461,1434.168041297136,-1457.7442445704362
462,1358.2336638941267,-1512.8215618976656
463,1341.0,-1523.0
464,1307.773454104954,-1541.5435399785556
465,1251.1818385035724,-1566.8740769134188
466,1245.0,-1569.0
467,1089.571944729534,-1601.3727355678516
468,1059.0,-1604.0
469,1013.0,-1606.0
470,998.0138266597656,-1606.2864967246296
471,882.6843031772585,-1603.8591728520155
472,863.0,-1603.0
473,769.0,-1598.0
474,694.2785656989528,-1593.966362257631
475,675.0,-1593.0
476,560.4554855360466,-1588.0737302272212
477,464.0,-1581.0
478,274.0,-1560.0
479,249.967550075532,-1556.333288555165
480,16.848351322164522,-1500.5839481617554
481,11.0,-1499.0
482,-126.0,-1452.0
483,-146.98786891900653,-1442.7776811704732
484,-376.0,-1336.0
485,-411.6678308698456,-1317.7404918308146
486,-518.7958721176069,-1249.6431022941179
487,-593.0,-1179.0
488,-611.8202965895068,-1160.7886529923794
489,-741.0,-1027.0
490,-796.5663517029146,-955.756268837356
491,-834.0,-901.0
492,-857.7028098550732,-862.5269192525975
493,-895.0,-796.0
494,-945.6449126587726,-698.5336242714255
495,-981.0,-589.0
496,-995.9210698688555,-516.6242349740255
497,-1014.0,-382.0
498,-1016.9027159085052,-291.20376482997386
499,-999.28288773581,-155.60580913539283
500,-983.0,-74.0
501,-971.0364407646971,-18.73890045486526
502,-951.0,41.0
503,-940.7009708796468,67.0459514176897
504,-878.7941815303225,212.8226864348919
505,-868.0,238.0
506,-817.5650060437276,356.61466674625717
507,-802.0,395.0
508,-747.0,539.0
509,-717.4143259696627,615.1947799888874
510,-691.0,683.0
511,-672.5494458364723,730.9926914157537
512,-635.0,829.0
513,-604.7122847509165,906.4537308853949
514,-572.0,990.0
515,-547.5703614321218,1053.4584694265345
516,-486.0,1213.0
517,-474.0,1243.0
518,-443.9472498152296,1319.8618142174896
519,-419.0,1385.0
520,-372.1937645027326,1507.7360226806197
521,-344.0,1581.0
522,-278.56897463310867,1750.0106690133653
523,-241.0,1847.0
524,-173.5388101839502,2021.9242628570623
525,-123.0,2154.0
526,-106.26303523135331,2197.5639340725675
527,-47.84390404524009,2349.2676950482864
528,14.0,2510.0
529,60.04805072733398,2630.1070941092203
530,98.0,2728.0
531,121.4867644202937,2787.708507463205
532,147.0,2853.0
533,209.8960050438341,3016.1251504530956
534,256.0,3136.0
535,339.8087529250769,3351.7849898616805
536,372.0,3435.0
537,424.0,3570.0
538,456.89356518418094,3653.662106322385
1,554.0,3890.0
2,597.583424484415,3997.333389202762
3,629.0,4074.0
4,685.0,4210.0
5,706.5130079474808,4262.433279729631
6,763.1686793049391,4401.151832151075
7,800.0,4492.0
8,823.0,4549.0
9,906.0,4751.0
10,956.0,4872.0
11,1015.0,5018.0
12,1064.1506893776568,5136.732758663233
13,1085.0,5189.0
14,1224.5125867960505,5569.489400167048
15,1246.0,5634.0
16,1323.42165533302,5908.678727456358
17,1339.0,5970.0
18,1352.9412543956291,6024.0885575130815
19,1396.0,6170.0
20,1397.0886908451346,6173.325486518662
21,1452.0,6333.0
22,1473.5242943443527,6387.090471038458
23,1515.0,6464.0
24,1521.3079580296167,6474.101874527303
25,1560.0,6531.0
26,1567.024666856295,6540.0826381893785
27,1626.680458753683,6601.794798650377
28,1651.0,6621.0
29,1693.292270821181,6648.621642839971
30,1721.0,6663.0
31,1785.4251440153669,6686.891678511854
32,1822.0,6696.0
33,1918.0,6702.0
34,1942.19694041419,6699.732563611991
35,1985.0,6693.0
36,2024.9537134694488,6682.672260548074
37,2054.0,6672.0
38,2111.0,6643.0
39,2124.5403037736005,6633.418205128324
40,2197.0,6558.0
41,2215.0763179154605,6532.173368666785
42,2264.390582254763,6434.277886006673
43,2270.0,6420.0
44,2283.068944044987,6377.835654175072
45,2287.0,6358.0
46,2290.8454468388313,6332.259338759885
47,2296.0,6270.0
48,2292.7556429206375,6187.606129455659
49,2291.0,6173.0
50,2274.1012637433187,6080.4609757586595
51,2270.0,6063.0
52,2252.4604815809835,5996.957043931579
53,2200.0,5832.0
54,2183.343608019314,5783.928190462742
55,2153.0,5702.0
56,2152.4375026124226,5700.469691878616
57,2146.0,5683.0
58,2114.2361364683416,5600.884167502652
59,2085.0,5531.0
60,2044.3274962283194,5439.03535599136
61,2015.0,5374.0
62,1998.8046490819102,5338.262225367575
63,1945.0,5220.0
64,1935.8697485301927,5199.477423541885
65,1898.4117193253312,5113.355680630215
66,1890.0,5093.0
67,1850.0,4990.0
68,1845.0582196018809,4976.671774751149
69,1815.0,4883.0
70,1814.0489489350466,4879.161996523117
71,1772.0,4646.0
72,1766.2982036463163,4564.161672377255
73,1770.0,4513.0
74,1787.0,4281.0
75,1787.2517782094321,4278.014789400055
76,1798.0,4154.0
77,1801.773372659444,4085.0572327371337
78,1802.0,4078.0
79,1798.0,3979.0
80,1755.0,3811.0
81,1742.593689570578,3780.9485511573457
82,1622.2643332329217,3638.3355581100964
83,1617.0,3634.0
84,1477.5340646519983,3543.344520429874
85,1463.0,3536.0
86,1356.0,3489.0
87,1353.4907185121947,3487.997044874424
88,1262.0,3453.0
89,1230.8274054708609,3441.402505359763
90,1154.0,3413.0
91,1070.1432328307403,3381.507793270024
92,1022.0,3363.0
93,936.278640272445,3327.3646671007896
94,893.0,3306.0
95,884.7818250103833,3301.655421894182
96,825.0,3266.0
97,762.0,3215.0
98,760.3344711548389,3213.405622289059
99,708.0,3153.0
100,684.4240500911505,3113.4342747404644
101,658.0,3047.0
102,648.0,3002.0
103,647.2810548877111,2923.3038906583242
104,659.0,2835.0
105,676.4697952432973,2782.722934766155
106,723.0,2717.0
107,739.5252971604889,2698.863191490426
108,767.4328568284518,2675.8333488599346
109,776.0,2670.0
110,843.0605260365352,2630.456316462205
111,868.0,2618.0
112,906.1041328086148,2602.7692515211825
113,928.0,2598.0
114,1099.627806296324,2591.771618184512
115,1106.0,2592.0
116,1145.7375295239658,2597.548149332886
117,1168.0,2604.0
118,1225.647451937541,2619.4440298626837
119,1279.0,2634.0
120,1298.0854307057011,2639.448789101137
121,1380.0,2664.0
122,1436.7318960491002,2681.035446070304
123,1472.0,2692.0
124,1512.0069315006058,2705.0428320507262
125,1587.8134818756043,2731.4036226077174
126,1595.0,2734.0
127,1625.0,2745.0
128,1700.8567715548324,2773.4306781993114
129,1843.0,2827.0
130,1854.8802637043643,2831.373331448888
131,1966.0,2870.0
132,2046.5093484328556,2896.955500605865
133,2056.0,2900.0
134,2252.0979362254443,2957.2515685138537
135,2325.0,2975.0
136,2489.2688961002136,3005.692842136539
137,2581.0,3019.0
138,2620.083271508179,3023.959397410973
139,2718.0,3032.0
140,2794.954629035923,3035.868271180083
141,2858.0,3038.0
142,2899.40060733376,3038.713601951439
143,3083.0,3032.0
144,3106.8912722433934,3030.0610090817395
145,3277.0,3013.0
146,3356.930434480905,3002.381869042361
147,3517.0,2974.0
148,3585.417574278851,2961.3379860186287
149,3660.0,2947.0
150,3674.4501179759427,2944.161369354232
151,3850.2808220253414,2909.8546186668045
152,3877.0,2905.0
153,3970.6441963554516,2889.047803165824
154,4068.0,2874.0
155,4113.2157462206005,2867.462143343091
156,4216.0,2857.0
157,4240.561696583612,2855.817491021699
158,4487.0,2856.0
159,4564.372677699006,2860.8169511615765
160,4645.0,2876.0
161,4661.575393989087,2879.620960338065
162,4783.472013083223,2908.840365787897
163,4809.0,2916.0
164,4897.0,2945.0
165,5078.448561939414,3023.814195556303
166,5173.0,3070.0
167,5270.427098913688,3122.9296329095987
168,5349.823868318679,3171.6166776808163
169,5370.0,3184.0
170,5501.41373722409,3264.9907910408256
171,5511.0,3271.0
172,5655.725200826802,3357.887850242629
173,5673.0,3367.0
174,5869.936985433402,3465.394226277186
175,5890.0,3475.0
176,6047.449195606288,3543.3078995800715
177,6125.821017075464,3559.016864940214
178,6165.0,3566.0
179,6242.4458149034435,3579.772346356126
180,6417.0,3606.0
181,6450.051694637899,3609.189711076843
182,6552.0,3616.0
183,6680.0,3622.0
184,6695.045937649573,3622.6050293993158
185,6760.0197723192805,3624.4480790835355
186,6791.0,3625.0
187,6985.536676299085,3627.8849122175243
188,6998.0,3628.0
189,7110.0,3628.0
190,7173.065362695825,3627.3333270001276
191,7430.0,3623.0
192,7590.833043466864,3618.2930789373277
193,7746.919368879583,3603.9468652432893
194,7772.0,3600.0
195,7867.169162943574,3581.934834242378
196,8023.047612206214,3544.6773098673902
197,8070.0,3532.0
198,8131.927536354431,3513.1837692530407
199,8270.0,3430.0
200,8430.0,3296.0
201,8450.445078815126,3276.2042874905783
202,8585.483344796434,3087.384429628622
203,8628.0,2996.0
204,8657.599746642692,2922.094340949096
205,8678.0,2845.0
206,8699.0,2721.0
207,8701.0,2531.0
208,8700.339202424246,2524.964907360736
209,8666.0,2311.0
210,8659.11925771353,2278.046716766389
211,8625.505762850935,2193.1778937496765
212,8622.0,2186.0
213,8577.69525082546,2094.8822218407286
214,8558.0,2057.0
215,8505.328532752512,1966.4631674360521
216,8461.0,1896.0
217,8399.0,1799.0
218,8397.12600555462,1796.0784229642404
219,8330.0,1691.0
220,8187.173756844151,1461.94836429961
221,8163.0,1423.0
222,8121.795717049339,1356.5532578905127
223,8081.0,1287.0
224,8067.174446319214,1262.4823719629544
225,8032.0,1198.0
226,7985.330475138739,1106.4394609278697
227,7908.645153352712,948.0905201549901
228,7902.0,934.0
229,7840.068716725644,797.1102959433109
230,7802.301232359095,707.0354393710668
231,7765.0,624.0
232,7757.399250113058,607.676198451514
233,7646.907708037122,389.9389631858084
234,7635.0,370.0
235,7581.284563116238,292.0021614274518
236,7515.60386046515,225.84453181803485
237,7478.0,198.0
238,7449.65159140047,179.99054569823772
239,7370.818136369183,139.28977879679553
240,7260.0,101.0
241,7181.681483032893,84.4497006638687
242,7147.0,79.0
243,7035.0,68.0
244,7007.578679777976,66.49348003417917
245,6917.0,65.0
246,6864.720603701592,66.57346335879534
247,6676.0,80.0
248,6579.0298758990775,91.7616928218637
249,6470.528268654787,113.15888260542019
250,6450.0,118.0
251,6291.536186088951,161.08504110634632
252,6188.0,194.0
253,6154.824632276294,205.73774132318056
254,6014.862313013365,267.96706640114706
255,6007.0,272.0
256,5929.0,314.0
257,5844.0,368.0
258,5841.185422637631,370.0185494444247
259,5746.0,444.0
260,5724.032194383886,461.9217706426389
261,5729.0,463.0
262,5687.936027269333,503.62303396266714
263,5623.085948062025,569.2373655134114
264,5611.0,583.0
265,5550.160590719929,675.6372379144246
266,5534.0,710.0
267,5522.057398081224,739.3337432289504
268,5514.0,775.0
269,5510.321049764105,815.8912206445709
270,5512.0,865.0
271,5543.226676558645,950.080022508805
272,5551.0,963.0
273,5623.0,1061.0
274,5656.490503822129,1096.9948763712289
275,5679.0,1117.0
276,5741.0,1169.0
277,5749.013940673057,1175.0639044686054
278,5816.515049638791,1221.2740310172107
279,5839.0,1236.0
280,5974.0,1307.0
281,5977.511132439608,1308.4470750573403
282,6085.0,1351.0
283,6102.5230278130675,1357.634250096
284,6183.580925747345,1385.6069842252834
285,6262.0,1402.0
286,6269.313393557385,1403.5143897839603
287,6383.0,1425.0
288,6411.652161495469,1429.338447516613
289,6599.262610210913,1454.9745590631571
290,6621.0,1458.0
291,6701.743103234609,1470.339024361365
292,6764.0,1483.0
293,6857.0,1503.0
294,6874.96250304607,1506.6345061500192
295,7001.0,1542.0
296,7007.11299105879,1544.0480711616983
297,7109.0,1579.0
298,7270.862408127339,1644.5897098473654
299,7287.652340087427,1665.7803752959449
300,7303.0,1683.0
301,7340.58855367005,1715.3969955576708
302,7362.0,1739.0
303,7409.0,1803.0
304,7410.05506513064,1804.6442895954035
305,7433.886398952084,1852.455639759429
306,7440.0,1876.0
307,7459.0,2009.0
308,7460.929556062398,2030.7358026712186
309,7449.840990381525,2107.638265901542
310,7445.0,2122.0
311,7417.0,2203.0
312,7408.30120864731,2222.51909549867
313,7394.0,2250.0
314,7365.0,2297.0
315,7360.056386839164,2303.9784093961375
316,7320.0,2353.0
317,7294.955424471488,2378.460401145511
318,7266.0,2402.0
319,7203.449589031414,2441.670426698497
320,7132.278880763226,2480.333096715961
321,7127.0,2483.0
322,7094.519659273391,2497.183668568766
323,7066.0,2505.0
324,7014.525929968433,2517.5336222700544
325,6879.0,2547.0
326,6803.045806441565,2559.2888021904428
327,6739.0,2568.0
328,6717.873166640968,2570.9605415510123
329,6639.0,2582.0
330,6555.0,2593.0
331,6507.824786003203,2599.135790862655
332,6421.0,2610.0
333,6338.0,2619.0
334,6293.211499036482,2623.80030363121
335,6211.0,2631.0
336,6161.118753540227,2633.809358439299
337,5938.0,2641.0
338,5895.025324458576,2641.9299541204623
339,5857.0,2641.0
340,5808.862189412602,2638.922130313628
341,5629.002852502372,2629.222443664321
342,5610.0,2628.0
343,5571.0,2625.0
344,5387.819981547004,2607.033372140736
345,5330.0,2601.0
346,5199.832357804192,2583.0539930973564
347,5165.0,2577.0
348,5079.644455530632,2562.5867491638205
349,5054.0,2558.0
350,4933.940358767283,2534.011643619592
351,4830.0,2511.0
352,4669.456326602436,2471.325262301899
353,4632.0,2461.0
354,4411.859042929604,2398.291352565779
355,4397.0,2394.0
356,4310.048267043605,2368.366729118305
357,4261.0,2351.0
358,4118.0,2302.0
359,4084.4211387679798,2289.9191273898014
360,3996.0,2257.0
361,3827.3055021258265,2193.666130042599
362,3812.0,2188.0
363,3672.3469937838627,2138.1123369840425
364,3593.0,2112.0
365,3503.0,2084.0
366,3468.2553238793007,2073.5531574384077
367,3359.0,2041.0
368,3223.703223352838,1997.582189493198
369,3126.0,1965.0
370,3049.021479855168,1939.3131321380233
371,2991.0,1919.0
372,2757.0,1826.0
373,2755.0299175372656,1825.174864731145
374,2738.0,1818.0
375,2635.7972139488174,1773.9483427325972
376,2602.0,1759.0
377,2526.8938729555666,1724.5469920432436
378,2480.0,1702.0
379,2326.0,1625.0
380,2323.9369650849026,1623.979010554499
381,2270.740545484624,1598.2502716102442
382,2240.0,1584.0
383,2194.6529489312857,1565.5879466311778
384,2189.0,1564.0
385,2068.2040544616175,1546.1826216464824
386,2062.0,1546.0
387,1998.8882048223338,1560.9079492258734
388,1968.0,1584.0
389,1935.7004678866465,1609.8028003593402
390,1909.0,1633.0
391,1862.0,1677.0
392,1827.3964995318704,1704.767369788817
393,1765.0,1748.0
394,1764.0315333710735,1748.6399009202046
395,1735.8544858458638,1765.9860705141577
396,1699.0,1776.0
397,1646.8588161110213,1784.9878216675932
398,1577.0,1795.0
399,1537.9849567208928,1798.9192560253755
400,1513.9392347768296,1793.0024459392828
401,1510.0,1792.0
402,1457.055472283406,1778.3570663831451
403,1405.0,1763.0
404,1397.1913105765925,1760.249696946041
405,1355.3091996118017,1739.2971561800946
406,1322.0,1712.0
407,1317.2580685242533,1708.1147929239894
408,1288.0,1680.0
409,1258.4290918581394,1637.3793117239004
410,1234.0,1597.0
411,1216.3408803549696,1564.3224808668085
412,1207.0,1490.0
413,1206.0,1470.0
414,1205.763181875725,1461.7519744563197
415,1211.0,1365.0
416,1211.156194451372,1363.633815220744
417,1224.0,1279.0
418,1230.4115906802263,1239.4663658218474
419,1240.0,1181.0
420,1252.7270452722753,1106.8582900217725
421,1271.0,1005.0
422,1273.6229790081386,989.8825298043571
423,1279.8195560721274,952.4464917704754
424,1290.0,893.0
425,1308.6935407895508,785.4633056037721
426,1317.0,738.0
427,1329.1277021811934,669.9807612351201
428,1330.0,665.0
429,1357.0,509.0
430,1361.2879970882507,484.54253919152444
431,1376.370557323704,399.4341958414056
432,1380.0,379.0
433,1399.0,272.0
434,1401.4954517380693,257.9413344860939
435,1422.1191058761333,141.67111781374768
436,1433.7493156232667,75.70152901176718
437,1452.348223947967,-32.02084768401592
438,1471.0,-141.0
439,1479.501531981289,-190.82811228085555
440,1501.0,-317.0
441,1517.8527539516972,-415.4216528123523
442,1537.0,-524.0
443,1563.6769638323171,-675.8365833785365
444,1570.0,-712.0
445,1583.5762630992822,-791.5409666473242
446,1587.0,-820.0
447,1590.4663325699166,-845.8809905211922
448,1600.0,-929.0
449,1603.0574068337523,-1017.9140847064917
450,1603.0,-1045.0
451,1601.1347249359924,-1111.077898018727
452,1581.0,-1197.0
453,1568.5033380896698,-1230.5418963323934
454,1523.0,-1335.0
455,1477.50527497268,-1411.3616394627156
456,1442.4902688271288,-1441.9820632193644
457,1438.0,-1446.0
458,1384.3724515272208,-1493.5340097658095
459,1361.0,-1511.0
460,1275.0,-1558.0
461,1272.62413138681,-1559.019748560189
462,1190.0,-1586.0
463,1157.4685446020758,-1592.9297175930844
464,1050.0,-1605.0
465,1047.5924988895808,-1605.1141812129777
466,914.0,-1605.0
467,901.0093633272659,-1604.6398660668158
468,798.0,-1600.0
469,733.4221564214963,-1596.56279679596
470,598.0,-1589.0
471,478.41063002453825,-1581.7365249014051
472,370.0,-1573.0
473,332.3221255876922,-1568.9698128619343
474,225.06407530257042,-1553.8624408048263
475,83.0,-1520.0
476,79.56002857576658,-1519.011907298989
477,-177.0,-1433.0
478,-201.4463033918405,-1423.650384105371
479,-347.0629220534346,-1352.521971049193
480,-355.0,-1348.0
481,-426.0,-1306.0
482,-508.2380504892527,-1249.4528086801724
483,-595.7815397015946,-1177.4080661818693
484,-604.0,-1170.0
485,-700.0,-1075.0
486,-755.7700211864571,-1010.0027215973067
487,-787.0,-969.0
488,-837.892893749632,-895.2496722341461
489,-844.0,-886.0
490,-918.591837796456,-758.1162101251889
491,-944.0,-692.0
492,-974.8499684941467,-594.3225432159636
493,-1005.0,-484.0
494,-1027.3773796581063,-357.8734030024448
495,-1014.6665563917401,-279.14842120333026
496,-1010.0,-245.0
497,-994.2040672994982,-128.36699660703783
498,-992.0,-116.0
499,-942.0,67.0
500,-936.1491305353052,83.22876852481888
501,-890.0,194.0
502,-831.9185103166287,328.35036626312376
503,-781.0,449.0
504,-763.0920026287174,493.9580750317168
505,-720.0,608.0
506,-717.4014533163604,614.7738505655201
507,-638.0,820.0
508,-605.7893903301092,902.749716752726
509,-583.0,961.0
510,-558.4696916415671,1024.403302819953
511,-491.28526960869834,1198.408223107814
512,-450.0,1305.0
513,-379.12758457290903,1486.8324737932116
514,-376.0,1495.0
515,-327.09035673154784,1624.0274712147484
516,-291.0,1718.0
517,-240.64795824010542,1847.5774258379308
518,-216.0,1911.0
519,-175.6044227211018,2015.9918154189409
520,-119.0,2165.0
521,-69.27051639346158,2292.7782048598074
522,-35.0,2381.0
523,17.05702538907837,2518.2407829712834
524,28.0,2547.0
525,66.41247017071886,2646.424961411663
526,123.0,2792.0
527,171.00772036366158,2916.039274206517
528,188.0,2960.0
529,222.0,3048.0
530,229.0747544926116,3066.311973335771
531,277.46228573634124,3191.5487935804676
532,290.0,3224.0
533,415.0,3547.0
534,445.4930229674229,3624.880900558672
535,476.0,3700.0
1,591.8087854896677,3981.889613017558
2,624.0,4060.0
3,680.1755437625824,4197.962006968738
4,690.0,4222.0
5,729.9185988878975,4319.08721254448
6,743.0,4351.0
7,862.0,4643.0
8,915.1789916220267,4773.237980920772
9,978.8458371758937,4928.614607237971
10,1028.0,5050.0
11,1111.8785755896058,5260.222700974895
12,1153.0,5362.0
13,1154.0262096976767,5364.485443831052
14,1207.0,5510.0
15,1231.2855343049757,5591.407246040815
16,1306.0,5850.0
17,1329.657338282618,5933.86187813724
18,1348.7572252685425,6006.883822596437
19,1351.0,6015.0
20,1394.0,6164.0
21,1419.6598822780625,6243.092944043634
22,1457.0,6346.0
23,1458.1375767594654,6348.917129652826
24,1508.0,6452.0
25,1526.7605862381356,6478.92275445431
26,1646.4276946901682,6617.273161257502
27,1651.0,6622.0
28,1675.865061518743,6642.939221296523
29,1695.0,6650.0
30,1780.0,6686.0
31,1825.6250970376725,6697.183883932471
32,1922.0,6702.0
33,1993.195225044767,6691.153594904383
34,2040.543300217069,6675.873694879348
35,2061.0,6668.0
36,2082.8480003375025,6658.53682012959
37,2112.0,6642.0
38,2168.0,6593.0
39,2180.264998052185,6578.8837528450385
40,2245.0,6480.0
41,2248.960296071919,6472.787202368453
42,2274.680444250912,6408.090923121225
43,2282.0,6378.0
44,2292.508544394055,6319.216223321757
45,2293.0,6313.0
46,2294.0,6215.0
47,2282.9658904178796,6120.163936975625
48,2266.0,6047.0
49,2246.1852419177085,5973.106455645166
50,2227.0486269398257,5911.1769387991535
51,2216.0,5878.0
52,2200.9279455651244,5834.409544593057
53,2152.1993629700223,5700.46591791215
54,2133.0,5649.0
55,2121.5999432549256,5619.513966253305
56,2114.0,5601.0
57,2101.7094830428578,5571.54147085061
58,2076.0142293430627,5510.9357157020195
59,2059.0,5472.0
60,2038.4622217312108,5426.105719481335
61,1996.2985797334513,5333.324635523949
62,1993.0,5326.0
63,1944.0,5217.0
64,1925.925229238258,5178.062289311892
65,1876.8141764593115,5061.147697091249
66,1872.0,5048.0
67,1819.0,4896.0
68,1790.6433762780714,4807.374459315405
69,1786.0,4760.0
70,1782.813828692102,4720.79588463186
71,1773.0757580554318,4584.421821242077
72,1770.0,4498.0
73,1770.1313613685534,4469.375733976571
74,1778.1907381528263,4368.818433055623
75,1779.0,4361.0
76,1793.0,4212.0
77,1793.306588333167,4207.161669842807
78,1798.8339105201442,3997.0078697654135
79,1798.0,3973.0
80,1776.0,3864.0
81,1686.3997033722303,3715.1235747624955
82,1650.0,3664.0
83,1632.8843541465928,3642.478922497282
84,1597.3933603837177,3617.877510346739
85,1593.0,3615.0
86,1514.0,3563.0
87,1511.1615679113459,3561.324546576723
88,1417.415211764598,3515.1355291867426
89,1401.0,3508.0
90,1323.1805892775635,3476.1219323632367
91,1268.0,3455.0
92,1206.8821590035288,3432.632410723938
93,1172.0,3420.0
94,1132.0540308001055,3405.4341330066277
95,1094.0,3391.0
96,1037.2176378309098,3368.483546687594
97,924.3385788617832,3321.2711288657056
98,917.0,3318.0
99,813.8731261817671,3259.4656174662514
100,804.0,3252.0
101,748.6703905891661,3203.415565684641
102,744.0,3198.0
103,659.0,3050.0
104,647.8509201560703,3019.2906178046037
105,644.0,2951.0
106,644.3216316715318,2941.3962207059026
107,648.0,2888.0
108,659.4635358392471,2830.739706026579
109,674.0,2790.0
110,695.4622159298433,2751.1786595493104
111,721.0,2719.0
112,732.6706863195118,2706.880590523914
113,772.0,2673.0
114,780.1234126083548,2666.9981749923613
115,857.0,2622.0
116,897.456159444639,2604.824820170002
117,929.0,2597.0
118,1026.7775113338275,2586.57948599551
119,1047.0,2586.0
120,1141.8343625661387,2595.6202091868995
121,1216.0,2617.0
122,1237.130687267004,2623.0818509273745
123,1312.9809989824603,2644.9284325737767
124,1381.0,2665.0
125,1493.0,2699.0
126,1534.819181594951,2712.7196585044685
127,1597.1172557363805,2734.950825690149
128,1608.0,2739.0
129,1659.0689278057052,2759.1450000532946
130,1701.0,2775.0
131,1724.0399559668692,2783.4317524545118
132,1742.0,2790.0
133,1826.0,2821.0
134,1893.9404535317271,2845.277597351606
135,1990.0,2878.0
136,2071.508233309645,2904.1923384674737
137,2103.0,2914.0
138,2221.0,2949.0
139,2236.5333386763523,2953.2276577496336
140,2356.612427945299,2982.234087382918
141,2390.0,2989.0
142,2457.149531620329,3000.9632520304103
143,2515.0,3010.0
144,2574.8807118661957,3018.308820692445
145,2645.0,3025.0
146,2714.7432872829177,3029.816697466379
147,2844.0,3037.0
148,2932.0662662061054,3040.283383127888
149,3013.87634538188,3036.368598778811
150,3020.0,3036.0
151,3164.8932836491554,3026.142560922551
152,3228.0,3019.0
153,3423.0,2990.0
154,3456.7416346571276,2984.5450282995093
155,3528.6821680467374,2971.8492664798846
156,3636.0,2951.0
157,3705.219526112641,2937.712301585968
158,3895.7310844741323,2901.350024711433
159,3924.0,2896.0
160,4040.0,2877.0
161,4114.068723905068,2867.4259048484514
162,4172.0,2861.0
163,4354.646065677709,2851.853228068592
164,4381.0,2852.0
165,4530.0,2860.0
166,4736.975566087308,2898.01312868954
167,4813.0,2917.0
168,5028.0,2998.0
169,5195.0,3082.0
170,5252.161758056304,3113.7405277370153
171,5263.0,3120.0
172,5502.0,3265.0
173,5521.600440984902,3277.0863485432556
174,5628.066458836828,3342.9542834040226
175,5675.0,3368.0
176,5743.86013876904,3401.507393198578
177,5956.141009204774,3495.193172470021
178,6108.952101910841,3549.9281212647184
179,6147.0,3561.0
180,6243.034653515709,3583.0443295366426
181,6373.801790502049,3600.3754477790335
182,6399.0,3603.0
183,6525.0,3614.0
184,6587.44736468978,3618.151604034882
185,6646.0,3621.0
186,6812.876566669259,3625.7646691222926
187,6957.0,3628.0
188,7022.566877192554,3628.530967475825
189,7236.610666525985,3627.325989602517
190,7301.0,3626.0
191,7515.949947105,3618.443549154535
192,7649.0,3612.0
193,7671.854021237351,3610.7207888631283
194,7767.420778076008,3601.175296772749
195,7775.0,3600.0
196,7907.457703789022,3576.3388867268386
197,8045.0,3541.0
198,8092.621444024711,3523.8868844011176
199,8156.0,3496.0
200,8226.044776360315,3458.0065622299444
201,8260.0,3437.0
202,8372.468674477092,3353.889524569377
203,8450.0,3275.0
204,8553.857940535923,3134.8794340207173
205,8569.0,3112.0
206,8631.983795083332,3001.0834246485156
207,8666.0,2891.0
208,8669.0,2878.0
209,8669.883647411923,2873.979769141458
210,8697.652794845204,2669.523488739669
211,8703.0,2560.0
212,8702.325938599552,2513.0612773484845
213,8687.632801936668,2401.6841248282767
214,8673.0,2338.0
215,8666.23833774076,2311.8304120098965
216,8625.0,2193.0
217,8614.972307956014,2171.3852841991165
218,8532.235795198989,2015.8595983177377
219,8511.0,1978.0
220,8466.0,1905.0
221,8464.45611008907,1902.6000781023497
222,8305.0,1652.0
223,8235.558712983322,1541.6565475959974
224,8145.0,1394.0
225,8124.812409348413,1360.2223761203852
226,8024.592514343516,1185.157147099127
227,8007.0,1152.0
228,7941.0,1020.0
229,7922.0,979.0
230,7920.124467194165,974.8973442226359
231,7849.0,814.0
232,7847.494928449456,810.5359434002312
233,7776.0,647.0
234,7735.606217721913,560.2141601748942
235,7718.0,524.0
236,7669.699874419106,430.1858746095925
237,7644.0,386.0
238,7565.4509155132755,277.6497677346681
239,7551.0,262.0
240,7476.0,197.0
241,7472.928972103872,194.82661702162056
242,7364.0,135.0
243,7260.378639104946,101.02978189398615
244,7227.0,93.0
245,7110.373364717328,74.12543944548926
246,7062.0,70.0
247,6950.0,66.0
248,6920.654634607527,65.73822033895539
249,6806.436301189413,68.58231283884518
250,6799.0,69.0
251,6687.971214711434,78.46871118943784
252,6667.0,81.0
253,6535.0,101.0
254,6508.154967536873,105.60526117361741
255,6358.0,141.0
256,6217.676183240996,185.007978415244
257,6184.0,196.0
258,6097.922471794767,225.5400134515919
259,6012.0,269.0
260,5964.6293695720415,294.75183451153345
261,5908.0,327.0
262,5850.134125218211,363.7914581396222
263,5773.822435952326,420.5991609926429
264,5759.0,433.0
265,5734.0,455.0
266,5693.700182337626,491.30627548700005
267,5645.0,542.0
268,5606.361174768102,592.8992200718128
269,5541.328044630793,696.1025345792566
270,5534.0,709.0
271,5514.0,773.0
272,5513.448253123808,779.9516403837981
273,5512.907959300768,867.9759039549286
274,5515.0,880.0
275,5528.675141353608,920.651996648497
276,5537.0,938.0
277,5576.0,1002.0
278,5581.55152429736,1009.76566838063
279,5617.231953998022,1053.886682303791
280,5630.0,1068.0
281,5679.0,1117.0
282,5684.972690215434,1122.6204329606028
283,5732.0,1162.0
284,5825.499593737601,1227.2372518309814
285,5831.0,1231.0
286,5882.92655669176,1261.8469142528659
287,5894.0,1267.0
288,6030.0,1330.0
289,6070.376368862227,1347.426656991372
290,6127.895731566813,1365.260124439613
291,6159.0,1374.0
292,6242.0,1397.0
293,6263.986802170178,1402.1550524629513
294,6312.0,1412.0
295,6296.63917166576,1408.5323139547243
296,6284.0,1405.0
297,6410.0,1428.0
298,6413.863262773433,1428.6844664497216
299,6524.0,1445.0
300,6593.863515234862,1454.7425979379882
301,6729.0,1476.0
302,6732.864211341055,1476.6977343472463
303,6740.0,1478.0
304,6905.0,1515.0
305,6937.752416419472,1524.3159497846002
306,7057.9643050488585,1561.3218440198423
307,7088.0,1571.0
308,7127.481619775105,1584.454682494561
309,7168.0,1604.0
310,7177.402082178951,1609.135669903213
311,7307.117297031634,1687.539968917636
312,7320.0,1697.0
313,7391.0,1775.0
314,7403.531731533428,1795.644711781571
315,7431.680734853792,1852.1680576212323
316,7439.0,1872.0
317,7458.0,1969.0
318,7459.395023035437,1985.3423060382886
319,7460.0,2014.0
320,7441.0,2137.0
321,7438.7203993513485,2146.650753141549
322,7416.618266167623,2208.4230397990113
323,7399.0,2241.0
324,7373.76796753253,2283.8677845154234
325,7363.0,2300.0
326,7324.0,2348.0
327,7312.892806043479,2359.5971545050884
328,7274.0,2396.0
329,7272.531983105858,2397.293007160663
330,7209.061872620027,2443.8643389219333
331,7185.0,2456.0
332,7122.913628359912,2483.1651247372174
333,7081.0,2500.0
334,7044.014602981509,2513.643835440722
335,6980.069659398799,2527.0631781235597
336,6964.0,2530.0
337,6886.863781736459,2544.666689621461
338,6879.0,2546.0
339,6734.0,2568.0
340,6666.20099125204,2577.91904000795
341,6638.0,2582.0
342,6559.350510875506,2593.2209741817824
343,6498.0,2601.0
344,6370.84761108278,2615.6492812208
345,6294.0,2624.0
346,6197.662904817602,2632.7964838300545
347,6124.0,2636.0
348,6054.0,2639.0
349,6038.260835318793,2639.5039431287455
350,5897.0,2641.0
351,5870.311811776221,2640.8097217124214
352,5798.0,2639.0
353,5594.0,2627.0
354,5517.900784438125,2621.5812394439217
355,5431.074289499609,2613.498390900456
356,5352.0363657188645,2603.7222383031844
357,5331.0,2601.0
358,5278.0,2594.0
359,5117.0,2569.0
360,5031.4696085042015,2552.546399893809
361,4849.0,2515.0
362,4829.429731962554,2510.813831582855
363,4733.705412953255,2487.7140392446486
364,4689.0,2476.0
365,4605.0,2454.0
366,4430.748719630714,2403.75821846831
367,4281.0,2358.0
368,4265.091570545321,2352.9761763615165
369,4154.0,2315.0
370,4142.471671557388,2310.8430834202377
371,3915.0,2227.0
372,3856.9937495572085,2205.4584233902165
373,3665.0,2135.0
374,3634.114851883661,2124.093770316174
375,3452.9714654630893,2066.475473772671
376,3345.0,2037.0
377,3335.1090952624327,2034.0716108650895
378,3281.9916972962046,2016.94317676073
379,3255.0,2008.0
380,3029.0,1932.0
381,2824.0,1854.0
382,2715.0,1809.0
383,2663.202139801151,1786.1514690984645
384,2574.0,1746.0
385,2542.0,1732.0
386,2475.2198759267426,1700.4787547932033
387,2349.0,1637.0
388,2300.71977107777,1612.5630739360208
389,2258.0,1592.0
390,2251.493101464057,1589.109900447495
391,2196.0,1567.0
392,2181.1007232043885,1561.9625872005017
393,2096.0,1545.0
394,2093.2566697527836,1545.0473433750421
395,2012.6445175730928,1561.4431452011859
396,1987.0,1572.0
397,1941.4887849994373,1602.27799439422
398,1906.0,1635.0
399,1885.1151102780427,1654.2111424885368
400,1825.0,1708.0
401,1823.4135943874116,1709.3489462192638
402,1814.0,1717.0
403,1666.0,1785.0
404,1664.2312210596365,1785.66358371026
405,1628.0,1792.0
406,1626.7606185956854,1792.049479429321
407,1545.0,1795.0
408,1523.9928778096541,1793.6240889438823
409,1469.0,1784.0
410,1456.823096509018,1781.0638031177014
411,1415.0,1767.0
412,1335.3823254750966,1722.1960552720966
413,1332.0,1720.0
414,1305.4786978965894,1699.3255705968445
415,1293.0,1685.0
416,1286.7460519300894,1677.4010240367336
417,1253.5209608093526,1633.6225045713081
418,1240.0,1610.0
419,1225.0251787531945,1572.3866060248924
420,1222.0,1563.0
421,1209.920585095709,1516.045593144347
422,1207.0,1488.0
423,1208.0,1395.0
424,1210.4451101537265,1356.8145522876719
425,1220.0,1301.0
426,1220.3241791244222,1299.1041476573166
427,1233.0709875249265,1222.6140958369965
428,1235.0,1211.0
429,1246.2106992200463,1144.591809213873
430,1247.0,1140.0
431,1261.0,1059.0
432,1262.950882122407,1047.6933487332376
433,1275.0317523733906,977.660394466044
434,1279.0,955.0
435,1289.3020027735213,897.4593894873972
436,1306.0,804.0
437,1321.763442540266,714.0256209494946
438,1334.0,644.0
439,1342.2717294113495,597.1148110129866
440,1347.0,570.0
441,1362.614243117856,479.92746229552426
442,1387.0,339.0
443,1398.8100411873497,270.7286138545279
444,1424.765942883331,120.78859814791196
445,1436.0,57.0
446,1442.198508109265,22.99378604587596
447,1449.0,-15.0
448,1469.9506328075192,-138.0849444169939
449,1481.0,-202.0
450,1518.0,-413.0
451,1518.8871964114605,-418.03828747918686
452,1537.49905962846,-523.0719555489545
453,1547.0,-577.0
454,1572.0,-722.0
455,1572.6100285842176,-725.7074914729085
456,1588.9839172720858,-834.352231500936
457,1590.0,-842.0
458,1602.0,-956.0
459,1603.2599747944098,-993.4561759003993
460,1600.0,-1085.0
461,1594.7051680274299,-1137.3201289123542
462,1585.0,-1178.0
463,1495.787937844942,-1373.5613384560008
464,1488.0,-1388.0
465,1456.0,-1427.0
466,1432.4900898540232,-1447.5513920463181
467,1349.1848976016352,-1516.6296603662427
468,1326.0,-1532.0
469,1225.2683094647084,-1575.679101516296
470,1217.0,-1578.0
471,1158.0,-1592.0
472,1098.141873097009,-1602.3778089252164
473,1011.0,-1606.0
474,894.1246926254686,-1603.4386062079031
475,824.0,-1601.0
476,741.30902521904,-1597.4220086792902
477,666.0,-1593.0
478,662.6890776863897,-1592.8103750985883
479,631.0,-1591.0
480,474.17075820437157,-1581.4679025239202
481,430.0,-1578.0
482,353.6699441611491,-1570.8995100758839
483,284.0,-1562.0
484,231.4055527783577,-1553.0566419000188
485,186.0,-1544.0
486,56.751385621578876,-1512.4187126757874
487,34.0,-1506.0
488,-63.0,-1476.0
489,-179.7133533186731,-1431.5436823192993
490,-223.0,-1413.0
491,-317.5918275431597,-1368.57750198845
492,-368.0,-1340.0
493,-472.0720678192904,-1273.1928578463207
494,-517.0,-1241.0
495,-620.3434579524808,-1154.6254482071342
496,-744.829189386569,-1021.9870886118109
497,-750.0,-1016.0
498,-846.1547257878476,-882.3975128205415
499,-850.0,-876.0
500,-905.8864113450045,-775.8153887784557
501,-916.0,-755.0
502,-973.0,-614.0
503,-1002.8944131043102,-496.7651271374449
504,-1013.0,-416.0
505,-1014.8538902549774,-381.3854252029036
506,-1012.0,-265.0
507,-997.0,-144.0
508,-996.0696894758942,-138.68351950818933
509,-960.5546026450899,10.649172688408628
510,-949.0,47.0
511,-886.0,202.0
512,-864.9491901774153,250.89557635148793
513,-788.0,431.0
514,-738.5349289341382,556.2174848288824
515,-702.0,656.0
516,-673.2892531616151,730.4587783419813
517,-640.0,816.0
518,-604.2384196815967,909.2446948758788
519,-560.0,1022.0
520,-546.1941306435273,1055.6446020231597
521,-542.0,1066.0
522,-496.0,1186.0
523,-469.4706417367362,1255.1539168111526
524,-385.0,1472.0
525,-382.6042135060912,1478.2060967486893
526,-303.0,1685.0
527,-277.2637401666327,1751.9474233780988
528,-250.0,1823.0
529,-234.84373793349508,1862.443770007838
530,-167.0,2039.0
531,-95.73466751491638,2224.783869600119
532,-73.0,2284.0
533,-25.0,2409.0
534,10.896149910041528,2503.141070374319
535,35.0,2566.0
536,103.25678499568109,2742.0733144197916
537,139.0,2834.0
538,169.93604888007405,2913.6425377452815
539,215.0793248602105,3029.920144317425
540,219.0,3040.0
541,287.0,3215.0
542,301.7776988568588,3253.515439042282
543,334.0,3338.0
544,396.0,3498.0
545,411.4833957596367,3537.5126670066397
546,450.0,3635.0
547,464.3160457583284,3670.887526978492
1,613.2728094350874,4034.7911879242524
2,626.0,4066.0
3,712.9770274433087,4278.648604064763
4,725.0,4308.0
5,791.0,4469.0
6,832.1359035122471,4569.38380952637
7,885.2675197834893,4699.122567774776
8,965.161598327429,4894.4586564528145
9,1016.0,5019.0
10,1095.0,5214.0
11,1110.3662702931747,5252.702475566554
12,1172.0,5413.0
13,1216.5709881740945,5541.037169656347
14,1232.0,5589.0
15,1280.0,5753.0
16,1292.7527221939217,5799.071220572655
17,1353.2504163061308,6023.05343379645
18,1362.0,6055.0
19,1385.1221806275812,6136.963573926083
20,1414.0,6227.0
21,1422.568178154153,6252.018439497559
22,1453.0,6335.0
23,1496.0,6428.0
24,1497.1942561482053,6430.297984581202
25,1566.0,6537.0
26,1579.9297765890415,6552.8750578659565
27,1646.4297388591651,6616.141680241856
28,1651.0,6620.0
29,1711.2170528999154,6658.5152099002025
30,1727.0,6665.0
31,1780.1718940000494,6683.5719553319595
32,1841.0,6699.0
33,1904.0,6702.0
34,1905.2917814186098,6701.938163454885
35,1974.2301788210523,6694.207189420747
36,1986.0,6692.0
37,2026.5073388021772,6681.866586118123
38,2038.0,6678.0
39,2103.0,6648.0
40,2130.3391223742315,6629.410127997479
41,2142.0,6619.0
42,2223.0,6521.0
43,2236.710155323014,6499.58601868364
44,2263.0,6440.0
45,2280.7852347183934,6382.003005773573
46,2282.0,6377.0
47,2294.0,6301.0
48,2295.151967052002,6284.549825980273
49,2295.166518467695,6221.870492873836
50,2293.0,6197.0
51,2271.8369174514764,6075.920965768465
52,2257.0,6011.0
53,2240.8661408978405,5952.857047926098
54,2225.8469759926925,5909.249357325389
55,2219.0,5889.0
56,2202.9709929819164,5841.183806121626
57,2191.0,5806.0
58,2165.7921510009246,5735.379248915452
59,2142.0,5673.0
60,2093.0,5549.0
61,2080.715654337718,5518.8108010563365
62,2053.0,5458.0
63,2045.2160654068762,5440.795152425993
64,2025.0,5396.0
65,2009.9626493451233,5363.078979634365
66,1976.0,5289.0
67,1937.3792557218667,5203.131819359256
68,1922.0,5168.0
69,1832.0,4938.0
70,1831.108553820412,4935.173896185406
71,1793.3095029924127,4790.992196974183
72,1772.0,4648.0
73,1768.3137263210972,4585.798038566702
74,1777.9363401166715,4370.552522155103
75,1781.0,4336.0
76,1784.0696157099114,4306.937019209186
77,1793.0,4214.0
78,1797.1184365635474,4152.655771166222
79,1802.0,4053.0
80,1798.154468596836,3960.64886346606
81,1789.0,3914.0
82,1780.282110786566,3881.6404897446014
83,1739.523668679038,3778.8698990415296
84,1730.0,3762.0
85,1677.8792751957633,3692.681229789901
86,1650.0,3664.0
87,1618.0,3635.0
88,1550.0196802922796,3584.682933525546
89,1532.0,3574.0
90,1363.474310855477,3493.6691615175614
91,1311.0,3471.0
92,1274.3382825413896,3455.8389251073577
93,1193.0,3427.0
94,1104.7830982999017,3394.5110229860848
95,1040.0,3370.0
96,905.3743170014806,3312.761120185507
97,841.0,3276.0
98,839.4480665490896,3275.0038868180245
99,721.8280525915422,3172.3664689795705
100,714.0,3162.0
101,687.8008733240353,3120.7827364274735
102,677.0,3096.0
103,647.0,2990.0
104,639.873938277253,2946.0438222192793
105,646.0,2905.0
106,648.5310128292774,2891.384169966323
107,660.8981300755828,2831.1193782684045
108,672.0,2797.0
109,698.0,2749.0
110,711.918362987828,2730.8135820503326
111,756.0,2687.0
112,833.0,2635.0
113,834.5758366825715,2634.1672500145346
114,892.0,2609.0
115,927.6260691905327,2598.028010408092
116,978.0,2589.0
117,987.6140816807158,2588.166672028595
118,1060.0,2588.0
119,1109.5862854706995,2592.903235823511
120,1122.0,2595.0
121,1210.0,2616.0
122,1286.230004638895,2637.0547234587175
123,1293.0,2639.0
124,1371.0,2662.0
125,1391.4251835798025,2668.057766051401
126,1472.0,2692.0
127,1516.2985369852092,2705.3290971110227
128,1576.0,2726.0
129,1689.0,2771.0
130,1713.968825211506,2780.919999607485
131,1776.3546705428746,2804.0988571679827
132,1834.0,2824.0
133,1910.1464123981998,2850.913143990077
134,1919.0,2854.0
135,2025.8870250328662,2889.8024111100062
136,2052.0,2898.0
137,2238.3852911825943,2953.6704512973165
138,2250.0,2957.0
139,2357.007860528888,2984.7164707074962
140,2426.621453892994,2995.8422984282734
141,2434.0,2997.0
142,2547.9962064322117,3014.20752196766
143,2587.0,3019.0
144,2694.193096513749,3029.1273660467305
145,2718.0,3031.0
146,2812.0,3036.0
147,2815.509771525908,3036.0693899019775
148,2999.9366527771645,3034.4472465425883
149,3127.0,3029.0
150,3236.021199916553,3019.564559519503
151,3350.367503711722,3002.5786806574447
152,3379.0,2998.0
153,3468.662042825493,2982.9739568113437
154,3534.0,2971.0
155,3663.0,2946.0
156,3709.745201281585,2936.859723158424
157,3825.397296206077,2914.3522692980873
158,3910.0,2899.0
159,3969.0,2889.0
160,4143.0,2864.0
161,4263.0,2854.0
162,4399.0,2852.0
163,4504.7587572553975,2857.3415680787994
164,4550.0,2863.0
165,4869.250472643675,2936.65870616541
166,4923.0,2954.0
167,5152.60143350689,3058.338874240702
168,5205.0,3087.0
169,5252.313198441372,3113.6029464411445
170,5394.0,3199.0
171,5397.414416757982,3201.084782448951
172,5568.0,3305.0
173,5636.502329240669,3345.8150700710758
174,5760.0,3414.0
175,5776.385811532152,3422.3308525703933
176,5872.0,3468.0
177,5889.2425026276505,3475.5154614679354
178,6035.151161116324,3530.039528826799
179,6092.0,3547.0
180,6186.635985120639,3570.2614717612923
181,6246.0,3582.0
182,6377.610759116556,3601.184536240267
183,6452.0,3609.0
184,6653.0,3621.0
185,6702.8369908909335,3623.025004728145
186,6794.0,3626.0
187,6893.165280798282,3627.5436597845596
188,6968.0,3628.0
189,7112.0,3628.0
190,7151.910086699064,3627.76178968331
191,7422.0,3623.0
192,7502.736949176673,3619.6437809325157
193,7770.124635185298,3599.895795889203
194,7805.0,3596.0
195,7898.7559042790845,3581.3031229224575
196,7941.0,3571.0
197,7996.084913891873,3555.2588085834805
198,8124.0,3510.0
199,8263.794589223338,3434.359856108779
200,8286.0,3419.0
201,8414.139361021884,3311.8254342483606
202,8435.0,3290.0
203,8504.921425103095,3203.8348772481777
204,8637.0,2975.0
205,8664.397975645157,2908.016517893434
206,8689.0,2790.0
207,8689.343899009325,2787.666822012613
208,8693.0,2761.0
209,8703.61586973551,2644.6268594313215
210,8702.0,2553.0
211,8688.887172198474,2438.334207817221
212,8676.0,2359.0
213,8667.706210598046,2315.861903330887
214,8618.0,2176.0
215,8605.99151431455,2151.1150924665385
216,8552.063800038628,2047.2396346913026
217,8539.0,2024.0
218,8472.0,1914.0
219,8463.291258121435,1900.2338659872626
220,8403.0,1806.0
221,8400.601107071268,1802.2317460629968
222,8259.0,1578.0
223,8211.603877723155,1501.943525112667
224,8183.0,1455.0
225,8055.0,1240.0
226,8053.511988342978,1237.3412934427583
227,7992.0,1122.0
228,7944.000187495667,1024.5321476273227
229,7939.0,1014.0
230,7877.0,877.0
231,7779.0,655.0
232,7760.432096465861,613.8658289933081
233,7651.287865009744,396.11342194753354
234,7647.0,389.0
235,7524.697133288961,235.46972201208143
236,7510.0,223.0
237,7393.0,148.0
238,7390.160519131068,146.65750444171667
239,7284.0,107.0
240,7245.272555809115,96.4627024750194
241,7144.0,79.0
242,7031.753003317596,69.56182098308528
243,6969.0,66.0
244,6869.624004836868,65.13323421530198
245,6811.0,69.0
246,6797.663040482112,69.94151614189771
247,6689.0,79.0
248,6579.0,94.0
249,6575.918073741314,94.48543675521788
250,6467.0,114.0
251,6401.237618391211,129.20599759047354
252,6294.0,159.0
253,6220.0,183.0
254,6099.628883860866,231.42988228910696
255,5969.0,292.0
256,5892.386284746185,334.51146304614394
257,5806.0,396.0
258,5791.781176471946,406.8108358125502
259,5777.26106718719,419.6079916427135
260,5770.0,426.0
261,5698.388157280211,489.20376266733746
262,5672.0,514.0
263,5636.117033737546,551.426238875084
264,5620.0,572.0
265,5528.823453517824,724.5518172253562
266,5526.0,730.0
267,5513.936295610915,761.5821475527116
268,5513.0,779.0
269,5510.318585984514,826.5762663696709
270,5513.0,871.0
271,5516.302991174254,886.8247650123925
272,5544.0,952.0
273,5568.6117465442885,991.2663779498628
274,5585.0,1014.0
275,5604.349672902535,1038.5737637057491
276,5641.613778809466,1080.4722471031182
277,5645.0,1084.0
278,5659.0,1098.0
279,5696.626982692493,1131.538872187176
280,5772.0,1192.0
281,5778.6115277573845,1196.992272933991
282,5845.0,1240.0
283,5892.254566028597,1266.0353433961532
284,5898.0,1269.0
285,6023.030487082683,1326.8648555885022
286,6068.0,1345.0
287,6161.145099638364,1376.0215751197845
288,6212.0,1390.0
289,6234.656920230242,1395.7228318319758
290,6298.0,1409.0
291,6351.842183157374,1419.135865233334
292,6398.0,1427.0
293,6429.743144257554,1431.783160696661
294,6579.0,1452.0
295,6598.325255260834,1454.8981188692426
296,6735.0,1477.0
297,6798.494046127442,1489.1939661677043
298,6923.0,1519.0
299,6974.276273109235,1532.7035538521777
300,7025.0,1549.0
301,7034.439545881183,1552.2417897120545
302,7144.466424739699,1593.2382680798287
303,7160.0,1600.0
304,7211.35833730295,1625.1462620753118
305,7260.0,1653.0
306,7281.053092947572,1666.2492106758991
307,7324.0,1701.0
308,7333.321915876172,1710.7746418789125
309,7417.0,1820.0
310,7436.102440224857,1853.6367194802717
311,7444.0,1889.0
312,7445.612072657861,1896.7664088249885
313,7456.606735675233,1955.5754931648698
314,7458.0,1968.0
315,7459.0,2011.0
316,7447.616120774958,2100.886529807216
317,7438.0,2147.0
318,7423.982880327481,2192.2353136460806
319,7406.154983920303,2227.707399616934
320,7401.0,2237.0
321,7363.908794108203,2298.5815337680515
322,7361.0,2303.0
323,7310.715351042101,2362.1110957453016
324,7304.0,2368.0
325,7225.1697540873065,2430.8769792798657
326,7217.0,2437.0
327,7150.8259390943,2480.6242466273784
328,7107.549636195029,2492.4699611104093
329,7082.0,2499.0
330,7028.374017189292,2512.868052716647
331,6912.0,2541.0
332,6893.609469808624,2544.5553082203132
333,6841.0,2553.0
334,6766.0,2564.0
335,6754.173721760995,2565.685134551394
336,6679.071876571684,2576.1284429378384
337,6651.0,2580.0
338,6526.74434310446,2596.985529371643
339,6519.0,2598.0
340,6445.0,2607.0
341,6401.641855389244,2611.794521688196
342,6223.0,2630.0
343,6111.108056588332,2638.5800590890594
344,5994.577540726385,2641.062478892676
345,5974.0,2641.0
346,5892.390067095801,2639.9366337574415
347,5751.758965912955,2636.2951459176834
348,5710.0,2635.0
349,5656.379593759617,2633.0561332166826
350,5514.0,2621.0
351,5313.0,2599.0
352,5285.488814179028,2595.6261230154855
353,5065.682802156867,2561.035298725609
354,4970.0,2542.0
355,4887.02852353026,2524.17453836197
356,4802.0,2504.0
357,4675.0,2472.0
358,4490.0,2421.0
359,4484.1718032467725,2419.3026533145344
360,4276.0,2357.0
361,4242.410131302548,2346.410240745233
362,4142.283919504935,2310.0596485586416
363,4134.0,2307.0
364,4032.46168156342,2270.08418223526
365,3991.0,2255.0
366,3893.0370529861607,2218.9601156226604
367,3816.0,2190.0
368,3704.0,2148.0
369,3700.322014775662,2146.7139803559753
370,3558.0,2101.0
371,3266.6555480764005,2011.1279830790638
372,3218.0,1996.0
373,3135.3400183426666,1969.747599217456
374,3051.0,1940.0
375,3021.5646715591192,1929.2675959604694
376,2946.0,1901.0
377,2844.984345645145,1861.1890222326144
378,2680.764488070887,1793.787714281173
379,2667.0,1788.0
380,2546.282621377805,1735.059766133607
381,2485.507099626023,1704.8822468308233
382,2430.0,1677.0
383,2418.9839752831776,1671.473882751189
384,2271.1479358767483,1598.2023122693206
385,2258.0,1592.0
386,2208.4870237587816,1570.0319690423084
387,2167.016072235265,1556.5070885251891
388,2145.0,1552.0
389,2128.7068286345057,1549.5057790537526
390,2084.3698623374726,1545.4563723145839
391,2027.0,1554.0
392,1990.0094230316042,1570.433398514072
393,1974.0,1580.0
394,1924.0,1619.0
395,1912.9975385225475,1629.0457800423264
396,1878.0,1662.0
397,1856.1776926018758,1680.651302975452
398,1772.0,1744.0
399,1726.6347264157218,1768.575958907611
400,1673.2165663462342,1783.136292232141
401,1663.0,1785.0
402,1583.5027727034753,1793.2911580266332
403,1532.0,1794.0
404,1515.7942152918865,1793.122362818078
405,1448.8259715210766,1778.2623022873317
406,1445.0,1777.0
407,1407.0,1763.0
408,1368.0,1743.0
409,1366.7788168377704,1742.2837109270868
410,1323.0,1713.0
411,1298.5992471965967,1691.331346998302
412,1249.0,1626.0
413,1228.6349811299965,1581.0515672991812
414,1213.348290224776,1528.5664611977584
415,1211.0,1517.0
416,1206.1692793246027,1430.7618255768962
417,1208.0,1396.0
418,1210.8201217876824,1365.3574327556835
419,1216.0,1328.0
420,1222.574663328227,1286.1660882194574
421,1231.0,1235.0
422,1248.0089463214047,1135.3750278185382
423,1251.0,1118.0
424,1276.0,973.0
425,1286.9436332889024,910.6461762773567
426,1294.0,871.0
427,1313.0,764.0
428,1315.3719061632528,750.5268884623324
429,1334.7092738130154,639.6130608744935
430,1341.0,603.0
431,1377.0,394.0
432,1377.9235969104966,388.8236223932925
433,1406.0,232.0
434,1410.4487596246963,206.9686139369707
435,1429.6083314199548,96.68371867908523
436,1445.0,3.0
437,1446.7106861902685,-6.7095034936288656
438,1474.0,-159.0
439,1480.1895699702422,-194.43907640379626
440,1518.572162810526,-417.3504579951411
441,1523.0,-443.0
442,1539.7284276411638,-538.6253619114956
443,1553.0,-616.0
444,1573.0,-732.0
445,1577.1106794044267,-751.8644069209788
446,1595.0,-877.0
447,1595.509942078984,-883.6888992199496
448,1603.0,-997.0
449,1599.1508902032795,-1190.8662333497632
450,1576.863936252221,-1228.319773621013
451,1562.0,-1254.0
452,1544.1830280775118,-1296.3259474273464
453,1529.0,-1324.0
454,1481.0,-1397.0
455,1479.6213881725841,-1398.8964346646032
456,1433.5161159684585,-1452.6906995053541
457,1408.0,-1473.0
458,1258.0,-1564.0
459,1232.3044778565556,-1577.2017679211183
460,1119.518872037508,-1600.1372574166787
461,1096.0,-1601.0
462,962.0,-1606.0
463,925.0346596718571,-1605.3129346069093
464,870.0,-1603.0
465,777.0,-1599.0
466,762.9195841210666,-1598.3322739693776
467,660.0,-1593.0
468,601.7904510119172,-1589.9518603969523
469,541.0,-1586.0
470,421.9603049456212,-1575.9112565298676
471,293.3607806591508,-1563.05758170617
472,284.0,-1562.0
473,228.37017662970544,-1554.3097140970135
474,184.0,-1544.0
475,105.72763090772484,-1523.347974894051
476,-95.0,-1464.0
477,-199.59539274857073,-1424.3376676331561
478,-281.0,-1386.0
479,-306.99352317486876,-1372.8235720579137
480,-401.0,-1321.0
481,-494.0,-1259.0
482,-541.3197414413355,-1222.7958991929136
483,-624.0,-1151.0
484,-704.0,-1070.0
485,-742.7745325390085,-1026.3437974807002
486,-803.0,-946.0
487,-834.1286332945867,-895.8622895596932
488,-955.0,-664.0
489,-976.6305993436754,-613.9783240349677
490,-987.0,-568.0
491,-995.3026701517329,-513.1528528148034
492,-1013.9816106755209,-312.0526213106197
493,-1014.0,-290.0
494,-1010.0,-244.0
495,-970.1613863560138,-38.86740265304657
496,-956.0,25.0
497,-906.8453588368033,161.29831401535063
498,-889.0,196.0
499,-847.5658636570637,283.44130494232763
500,-835.0,312.0
501,-774.0033374180668,465.13009958310704
502,-723.0,601.0
503,-658.5216681068855,767.658680696573
504,-644.0,805.0
505,-557.885389946849,1026.820116549214
506,-552.0,1042.0
507,-516.4288924980707,1134.0043914630464
508,-494.0,1192.0
509,-435.0,1343.0
510,-421.1638896934893,1378.453714207758
511,-388.0,1464.0
512,-340.661476306297,1588.741536869843
513,-336.0,1601.0
514,-281.697490425598,1742.3846584316861
515,-247.0,1832.0
516,-211.0,1925.0
517,-197.9887479984639,1958.965420223015
518,-158.0,2064.0
519,-101.74743414107138,2209.3108890467447
520,-60.0,2317.0
521,-28.683480095378112,2398.507169753262
522,-6.0,2458.0
523,91.0,2711.0
524,92.29515128478633,2714.1977061946363
525,104.0,2743.0
526,154.6577863568168,2874.129944539132
527,171.0,2917.0
528,213.81718430526715,3027.777276565282
529,245.0,3108.0
530,357.0,3397.0
531,358.4494590477057,3400.749719767269
532,393.62092721657666,3491.944818722506
533,419.0,3557.0
534,470.120910993335,3686.2204385143295
1,637.0,4091.0
2,645.3537725959901,4111.297110001128
3,690.0598152077466,4221.05040234181
4,728.0,4315.0
5,763.0181748987662,4402.030915868382
6,780.0,4444.0
7,859.0,4636.0
8,872.3016177345315,4668.34445858684
9,978.0,4926.0
10,1006.7888693297728,4996.619489099083
11,1026.4646352431514,5046.165501687807
12,1030.0,5055.0
13,1134.1832157196234,5315.250408655309
14,1175.0,5420.0
15,1209.384293954083,5512.370472192354
16,1266.0,5702.0
17,1267.6790108523264,5708.3087600971385
18,1284.0,5770.0
19,1320.8940689212575,5905.507563255579
20,1392.0,6158.0
21,1419.8627885420215,6251.076244901356
22,1451.0,6330.0
23,1484.884266995208,6407.444004372081
24,1499.0,6435.0
25,1563.0,6532.0
26,1588.459479775609,6563.469231641433
27,1615.0,6589.0
28,1633.95404872363,6605.48807113162
29,1678.0,6639.0
30,1702.048565500648,6653.10077586811
31,1773.0300653476077,6682.509922696624
32,1783.0,6686.0
33,1844.6889008596333,6700.516418740295
34,1870.0,6701.0
35,1973.0,6695.0
36,2020.3457417032002,6689.642122552736
37,2053.829248142619,6675.0901924677455
38,2074.0,6663.0
39,2118.53926029906,6637.384920144527
40,2122.0,6635.0
41,2157.862093755638,6604.17462169255
42,2174.0,6587.0
43,2207.596077722588,6544.4656030087135
44,2210.0,6541.0
45,2240.0,6491.0
46,2241.0406332950356,6488.982843714624
47,2266.0,6431.0
48,2270.997264787181,6416.020507092476
49,2287.0,6352.0
50,2291.7165590982722,6322.844296018686
51,2293.0,6311.0
52,2294.7787446653087,6240.851105853524
53,2288.0,6152.0
54,2279.022307790135,6097.944097177083
55,2250.0,5987.0
56,2239.542003741526,5951.426382713076
57,2223.0,5900.0
58,2211.2230535232325,5865.561829377742
59,2155.633906734873,5710.118773982975
60,2138.0,5662.0
61,2127.8211903879937,5634.674610567793
62,2090.3620403527425,5543.442189390522
63,2088.0,5538.0
64,2048.0,5447.0
65,2046.0969660908509,5442.740209571481
66,1991.0,5322.0
67,1989.1607569093135,5318.030292539159
68,1952.0,5237.0
69,1906.4056253871186,5131.666010092975
70,1876.0,5059.0
71,1852.4005582912791,4999.252327787672
72,1826.0,4919.0
73,1824.935633205789,4915.7067469367075
74,1800.3184890510934,4839.184805483032
75,1782.0,4735.0
76,1775.1174051153635,4659.788753071316
77,1769.0,4553.0
78,1767.3145698368498,4454.646551777421
79,1780.9554191170296,4323.112581828491
80,1788.0,4268.0
81,1792.955161143775,4223.151231269647
82,1800.1683750674354,4138.713103914582
83,1802.0,4090.0
84,1801.7029969617483,4033.015025456622
85,1795.0,3953.0
86,1781.8637771216938,3886.3986052840824
87,1778.0,3871.0
88,1728.0,3761.0
89,1654.5995508753988,3673.063833184822
90,1623.0,3640.0
91,1544.1461511837847,3572.9517816683283
92,1436.3871550687466,3523.931032741644
93,1427.0,3520.0
94,1395.530407653192,3506.521809006274
95,1344.0,3485.0
96,1242.0,3446.0
97,1165.5370630635864,3418.644673556631
98,1077.0,3385.0
99,1020.1783582327255,3360.9594356494963
100,838.9538552992457,3274.7425902409427
101,825.0,3267.0
102,782.6392231543936,3237.3455093356297
103,764.0,3218.0
104,737.5636712079272,3187.354842135341
105,684.5322676887317,3112.780548632765
106,678.0,3100.0
107,654.0,3029.0
108,646.0160083559862,2985.5795642052935
109,644.0,2964.0
110,648.0,2884.0
111,654.5482985546507,2843.860773388377
112,667.0,2808.0
113,752.008219116645,2693.727708872375
114,777.0,2669.0
115,848.5216445161398,2621.8959166996015
116,899.0,2606.0
117,934.9841049959539,2597.872838253195
118,1048.0,2586.0
119,1077.9018970787847,2587.422522127539
120,1151.0,2600.0
121,1245.587398666999,2625.0190757141086
122,1338.0,2652.0
123,1363.1837664699774,2659.5077638182734
124,1421.0,2677.0
125,1459.865083984966,2688.45637143746
126,1565.0,2722.0
127,1569.5717895400658,2723.670955968606
128,1664.0,2761.0
129,1757.0626497288135,2796.0792273875863
130,1776.0,2803.0
131,1824.6442381654151,2820.8843269353606
132,1872.0,2838.0
133,2021.118430277253,2888.7052574244667
134,2072.0,2905.0
135,2130.3122279179183,2922.9557739565453
136,2176.0,2936.0
137,2346.578888122651,2979.9471541031
138,2368.0,2985.0
139,2456.1846953682093,3001.5231887216737
140,2480.0,3005.0
141,2594.0,3020.0
142,2741.073039801795,3031.0546079982278
143,2899.0,3038.0
144,2983.3104156820477,3037.443777214009
145,3008.0,3036.0
146,3302.3162685398406,3009.3982899618104
147,3313.0,3008.0
148,3577.6201290256868,2962.318325169314
149,3610.0,2956.0
150,3811.0,2917.0
151,3858.9164524594316,2908.4005404719937
152,4062.0,2874.0
153,4089.2399820672517,2869.9505135830823
154,4260.223057693395,2853.338504346709
155,4358.0,2852.0
156,4381.32934085101,2852.0773509090686
157,4486.556184045225,2856.045834027254
158,4508.0,2858.0
159,4643.0,2876.0
160,4664.31037095261,2879.877507747872
161,4777.0,2906.0
162,4812.106051075935,2916.154170007968
163,4965.0,2971.0
164,4984.904017712669,2979.2180434514494
165,5078.0,3021.0
166,5125.726702128409,3044.6821950564263
167,5283.0,3132.0
168,5312.895365913516,3149.7147947318313
169,5419.760578682679,3214.8058632867132
170,5430.0,3221.0
171,5668.922439264278,3363.630020901719
172,5697.0,3380.0
173,5819.126390875844,3445.6468841395067
174,5906.0,3482.0
175,5935.0,3494.0
176,5982.492009714183,3512.936307169591
177,6118.550641062495,3556.678512798564
178,6188.0,3571.0
179,6422.0,3606.0
180,6548.992426840101,3616.85985735594
181,6580.0,3618.0
182,6704.971991396482,3623.49708516454
183,6802.0,3626.0
184,6987.377918606158,3627.656056510468
185,7054.0,3628.0
186,7196.0,3628.0
187,7279.988816673273,3626.499495669217
188,7341.0,3625.0
189,7412.6294574620515,3622.713832453597
190,7516.0,3619.0
191,7618.304438299211,3616.1141244592786
192,7753.0,3602.0
193,7966.631547569062,3562.351155786406
194,8002.0,3555.0
195,8164.0,3492.0
196,8204.172235398857,3456.5428177915146
197,8433.273986308237,3222.3479657604767
198,8652.706266284382,2923.439450061711
199,8662.0,2904.0
200,8699.838575812342,2771.671216002793
201,8704.167608081956,2659.880515806275
202,8704.0,2639.0
203,8690.641199020554,2432.621719463243
204,8679.0,2366.0
205,8645.0,2244.0
206,8616.526186176508,2169.4840457612995
207,8575.0,2088.0
208,8479.0,1925.0
209,8415.638474447067,1821.8700011855342
210,8317.0,1670.0
211,8314.723510582338,1666.4620949752273
212,8247.744184858062,1560.8839495664863
213,8232.0,1536.0
214,8088.0,1298.0
215,8071.621087050118,1268.4377371196501
216,7973.695419970595,1086.7628827520464
217,7968.0,1076.0
218,7892.0,912.0
219,7874.0,871.0
220,7871.556424994525,865.4315837424473
221,7813.0,732.0
222,7810.315097482578,725.9867174083064
223,7691.87720551613,471.68592704372634
224,7688.0,464.0
225,7625.810975632142,354.91053359506344
226,7597.0,316.0
227,7519.868566166904,232.04615942339166
228,7514.0,227.0
229,7381.314035292381,144.421301916167
230,7347.0,130.0
231,7243.629144417861,99.07604248092099
232,7039.0,69.0
233,7035.782060245172,68.5811142197669
234,6971.469156467701,60.62024221092925
235,6838.0,67.0
236,6650.0,83.0
237,6642.97604423173,83.66315162671425
238,6523.437136518194,98.04525204145318
239,6448.0,119.0
240,6433.653125093478,122.5868525822756
241,6330.5173378705185,148.62749301163154
242,6322.0,151.0
243,6246.0,174.0
244,6206.861197164702,186.70658406872806
245,6084.0,236.0
246,5963.838621145092,296.66777473906035
247,5922.0,318.0
248,5869.244595159848,339.8727586465109
249,5805.0,398.0
250,5798.506461442812,403.4527605640074
251,5714.0,474.0
252,5638.421987317726,537.745451203256
253,5634.483179832194,548.0846421159106
254,5622.0,569.0
255,5548.0,680.0
256,5538.322021636454,696.4607586224671
257,5516.550709182309,763.4740787324471
258,5516.0,767.0
259,5510.0,836.0
260,5513.952404505677,871.7209927856018
261,5524.0,907.0
262,5542.55830797719,947.2256523567459
263,5548.0,957.0
264,5590.0,1020.0
265,5617.818631122695,1054.0092646541189
266,5633.0,1071.0
267,5658.662317997134,1097.9089661042567
268,5706.0,1140.0
269,5722.529900734756,1153.2807478460368
270,5770.0,1190.0
271,5787.730620739061,1203.3703453089504
272,5818.5992990233735,1224.1440634538828
273,5834.0,1233.0
274,5957.103812706155,1297.6719706579888
275,5978.0,1308.0
276,6029.015632725742,1330.8558034413422
277,6066.053269069625,1343.652318976022
278,6076.0,1347.0
279,6195.0,1385.0
280,6205.04649864231,1387.7828198416303
281,6265.0,1402.0
282,6276.414694589805,1404.4239682007114
283,6340.0,1417.0
284,6419.0,1430.0
285,6432.536824117388,1432.0295877275414
286,6514.187362915756,1443.3391269910182
287,6584.0,1453.0
288,6641.432193334901,1461.458046822811
289,6670.0,1466.0
290,6749.104034711509,1480.1028962613755
291,6789.0,1488.0
292,6867.0,1505.0
293,6881.995594600909,1508.6224404396544
294,6955.0,1528.0
295,7100.0,1575.0
296,7131.770861557116,1587.5282376857049
297,7191.0,1614.0
298,7202.38222086815,1619.6613509443853
299,7279.608707169683,1664.8766419570386
300,7291.0,1673.0
301,7336.0,1711.0
302,7397.0,1783.0
303,7403.242655366794,1792.5959384372984
304,7429.0,1845.0
305,7430.114507551532,1847.84336193717
306,7448.577917386607,1907.4869422255836
307,7458.0,1964.0
308,7459.164656980297,1995.9892542045288
309,7459.0,2001.0
310,7446.521151151787,2103.4109988394125
311,7441.0,2136.0
312,7431.926101419728,2173.7682196057704
313,7421.0,2196.0
314,7405.5381141897215,2225.4650291087473
315,7366.0,2295.0
316,7346.178161389024,2323.462006878035
317,7331.0,2340.0
318,7256.314710992033,2407.6238013140814
319,7232.0,2428.0
320,7184.146737960453,2463.688633730547
321,7138.0,2479.0
322,7114.8078277668465,2487.323534970631
323,7030.0,2515.0
324,7014.0895159632455,2519.212559184407
325,6995.0,2524.0
326,6887.0,2546.0
327,6872.607470322251,2548.498162343334
328,6788.0,2561.0
329,6784.27910776237,2561.52663310831
330,6656.657405486495,2579.6125049172956
331,6587.0,2589.0
332,6470.886172686485,2603.790035921409
333,6379.0,2615.0
334,6357.114438451875,2617.5889224236175
335,6285.34197309231,2625.016834788533
336,6248.0,2628.0
337,6147.0,2635.0
338,6048.2945693247,2639.0902588164818
339,6018.0,2640.0
340,5873.0,2641.0
341,5850.940290857416,2640.3497227348585
342,5659.301358707146,2631.157065686762
343,5621.0,2629.0
344,5552.128540860416,2624.2368476412835
345,5517.0,2621.0
346,5399.0,2609.0
347,5357.193650917574,2603.7751427924504
348,5090.0,2565.0
349,5085.331309064853,2564.265460104732
350,4997.812023385104,2547.945846423753
351,4967.0,2541.0
352,4888.869750501119,2523.377423531524
353,4758.0,2493.0
354,4738.428660525645,2488.2502872507494
355,4646.0,2465.0
356,4521.756145783387,2431.1984579272776
357,4477.0,2418.0
358,4313.32604682039,2367.639058268592
359,4223.0,2339.0
360,4140.243440448911,2311.2364858863075
361,4067.0,2283.0
362,4008.5164970714686,2260.903621478131
363,3867.0,2208.0
364,3824.32853547362,2192.422919707235
365,3806.0,2186.0
366,3653.3988773018336,2134.873375606806
367,3469.3457849597535,2074.7897894453286
368,3436.0,2064.0
369,3217.1611677711107,1994.2991849806558
370,3134.0,1968.0
371,3100.7058984624487,1957.4054863269491
372,3023.97424730131,1931.5343156288
373,2983.0,1916.0
374,2864.0,1869.0
375,2803.716024594329,1844.9152336080251
376,2699.0,1802.0
377,2609.5494508523643,1763.0229493915456
378,2568.0,1744.0
379,2463.0,1693.0
380,2402.171028083789,1663.0514077314322
381,2370.0,1647.0
382,2286.0,1605.0
383,2211.7226769590493,1573.3473426675964
384,2153.0,1553.0
385,2150.4429837878843,1552.2750569615557
386,2086.0,1545.0
387,2053.02676409508,1548.2587136107634
388,2017.0,1557.0
389,1967.8529758911068,1583.7026074604669
390,1940.0,1605.0
391,1846.0,1691.0
392,1844.137353873546,1692.6820558406223
393,1793.4046545893323,1734.1852644195412
394,1748.0,1757.0
395,1667.0,1785.0
396,1610.0,1794.0
397,1603.1415134294132,1794.5727697315308
398,1547.6268732713381,1796.9969003259084
399,1499.0,1790.0
400,1432.2268094533595,1771.3011024560303
401,1406.0,1763.0
402,1377.6721995017767,1751.6478125060778
403,1367.0,1743.0
404,1294.910111838229,1679.592826507145
405,1267.0,1653.0
406,1253.5028000946552,1638.4152269038743
407,1238.0,1606.0
408,1231.8873645578951,1590.3080865676889
409,1217.0,1547.0
410,1216.3771297837136,1544.674907329551
411,1207.7790049806097,1497.8165929291606
412,1206.0,1476.0
413,1205.7609552885856,1435.6398837115466
414,1208.0,1399.0
415,1214.0,1345.0
416,1214.395830933049,1341.906841651467
417,1223.0,1282.0
418,1234.0,1220.0
419,1239.7991714427314,1186.244321022232
420,1259.0,1071.0
421,1263.5238341370382,1044.6909046701142
422,1270.7333305355564,1005.3752229906485
423,1279.0,958.0
424,1285.526076074869,918.7557898569105
425,1288.0,904.0
426,1297.8031321861572,847.2514773543231
427,1315.0,751.0
428,1325.3857418264893,692.6711619008856
429,1344.0,588.0
430,1358.7923973621369,504.93904490676243
431,1369.0882417752366,446.2205593991565
432,1378.0,393.0
433,1389.8980299790442,320.58376332153415
434,1391.0,314.0
435,1405.3973852459799,231.05922878945174
436,1407.0,222.0
437,1433.4939664000974,73.01300102904928
438,1445.0,8.0
439,1461.6832799708222,-91.35883075989639
440,1472.0,-151.0
441,1508.4702774554544,-356.5293281748401
442,1519.0,-416.0
443,1530.0461423546037,-479.89786858885884
444,1537.0,-521.0
445,1552.2771920959376,-609.1988458034184
446,1571.8356571863947,-722.348281417572
447,1575.0,-741.0
448,1584.3332607117156,-797.5701343187436
449,1590.0,-838.0
450,1596.0,-890.0
451,1598.3115064252997,-915.3287535678774
452,1603.0,-1030.0
453,1599.0759787293712,-1103.5531032727054
454,1591.0,-1152.0
455,1574.666296895905,-1212.7074260805246
456,1553.0,-1274.0
457,1536.0035282164354,-1312.8814745996488
458,1478.0,-1401.0
459,1469.630221186866,-1411.0670928896352
460,1410.0,-1473.0
461,1399.288726400151,-1482.1575698074228
462,1333.1768887406615,-1528.1621171029562
463,1282.0,-1554.0
464,1238.9817230749418,-1570.636673182306
465,1183.0,-1587.0
466,1119.5121466180037,-1598.9301081039691
467,1087.0,-1602.0
468,940.0,-1606.0
469,902.848248579438,-1605.7838613414083
470,709.4552243945052,-1595.5463520589042
471,685.0,-1594.0
472,621.8503566189718,-1590.514690848226
473,555.0,-1587.0
474,530.1338143047902,-1585.5682010648745
475,397.0,-1575.0
476,376.18609688687883,-1572.5520734570594
477,182.2877983914407,-1543.0991856157948
478,160.0,-1539.0
479,-5.265647049295081,-1496.2314622986878
480,-57.0,-1478.0
481,-95.0,-1464.0
482,-225.94800148663214,-1411.2121008178651
483,-307.0,-1373.0
484,-403.0,-1320.0
485,-419.48241429701824,-1309.7269757614729
486,-507.0,-1249.0
487,-533.8131028807013,-1228.5254710317467
488,-640.7465738881104,-1136.1540103412517
489,-657.0,-1120.0
490,-734.0,-1035.0
491,-737.5999780983047,-1030.782293657823
492,-853.0,-871.0
493,-875.656829923081,-829.506057542228
494,-945.0,-689.0
495,-960.4550621992453,-656.0842863643472
496,-1000.1445856736708,-517.5713456723829
497,-1001.0,-508.0
498,-1007.6624499088333,-324.75428225289954
499,-1008.0,-223.0
500,-1006.8886432695191,-167.67279392800816
501,-989.6842174203161,-77.16361954732548
502,-967.0,-13.0
503,-926.5568095230483,92.76911913645245
504,-872.0,230.0
505,-856.7719901387966,267.3589285628542
506,-823.7552952278543,340.94485116509327
507,-810.0,375.0
508,-728.491039665125,584.8179375579604
509,-691.0,682.0
510,-655.379537095532,773.826196542328
511,-622.0,860.0
512,-563.2400610213971,1014.016471961474
513,-559.0,1025.0
514,-441.0,1327.0
515,-417.2338619441034,1388.287209577346
516,-381.0021985072758,1483.1151603912274
517,-364.0,1527.0
518,-310.0,1666.0
519,-289.7121477530321,1719.745429756369
520,-269.0,1775.0
521,-173.0,2025.0
522,-137.69120349334935,2116.1986572332357
523,-46.50202937123829,2351.751883368512
524,-41.0,2366.0
525,8.03562521725475,2493.581448586358
526,52.73616674345564,2611.55206938389
527,61.0,2633.0
528,104.0,2744.0
529,112.24618858715661,2765.1876404296218
530,184.0,2949.0
531,187.53062745507498,2958.0874760121606
532,294.0,3233.0
533,303.72290347860167,3258.1854133742186
534,352.0,3384.0
535,359.61102044940986,3403.534551120899
536,389.0,3479.0
537,446.0,3626.0
538,466.59217614016313,3677.455659956582
1,582.0,3957.0
2,607.4895682070854,4021.592210956372
3,630.0,4077.0
4,675.519910338602,4187.814764809287
5,715.0,4284.0
6,729.1863315048024,4318.749628123284
7,790.0,4468.0
8,831.1671579660803,4567.608698680102
9,856.0,4628.0
10,883.2339588173973,4695.081818657608
11,935.5846972904558,4824.7565229936
12,941.0,4838.0
13,964.0,4894.0
14,1015.3761035956006,5019.132153596524
15,1103.0,5234.0
16,1110.7193068183215,5253.1750957911245
17,1184.0,5445.0
18,1224.562819065623,5564.939767343157
19,1229.0,5579.0
20,1311.7341255892907,5871.056577655005
21,1339.0,5970.0
22,1392.9757794987202,6159.3590687136475
23,1422.0,6253.0
24,1435.2246079103807,6291.601454482834
25,1471.0,6376.0
26,1498.4704835256935,6432.008956149946
27,1520.0,6473.0
28,1533.3586777262549,6496.625298397427
29,1601.0,6577.0
30,1612.344877598898,6586.746993659816
31,1699.0,6652.0
32,1739.9454853873017,6674.483529730561
33,1821.0,6695.0
34,1855.5754436474117,6700.814111225656
35,1892.0,6702.0
36,1898.9030995321364,6701.7730489465075
37,1980.9910682740333,6693.531937666387
38,1993.0,6691.0
39,2033.8807874711677,6678.82784493219
40,2073.0,6663.0
41,2089.3716119184473,6655.504714428348
42,2123.0,6634.0
43,2130.6941784894434,6627.362181464357
44,2204.0,6549.0
45,2223.029888567585,6524.138149415743
46,2237.0,6496.0
47,2240.038737793934,6489.66513408428
48,2262.6201694021224,6440.292194781927
49,2267.0,6429.0
50,2280.0,6387.0
51,2293.200643307579,6295.493811192522
52,2296.0,6246.0
53,2294.2548260129697,6191.972010736348
54,2286.4473925196894,6142.979890212033
55,2284.0,6130.0
56,2265.493557455368,6043.265140291156
57,2264.0,6037.0
58,2237.543379986511,5944.943163385599
59,2234.0,5934.0
60,2192.357597615962,5808.846118931839
61,2188.0,5796.0
62,2151.6816729336683,5693.008389191204
63,2129.429055381814,5639.070141186833
64,2119.0,5614.0
65,2099.1878812733516,5566.271334769919
66,2053.0,5458.0
67,2043.1756623544215,5436.086512809587
68,2012.0,5368.0
69,1973.0,5283.0
70,1966.9417290401934,5269.6131956075915
71,1928.567000465634,5182.918875182437
72,1915.0,5151.0
73,1859.352055492928,5013.535900511779
74,1856.0,5005.0
75,1827.0,4923.0
76,1814.4120250518988,4874.689364324182
77,1775.0,4675.0
78,1764.3701609998038,4549.090375543003
79,1774.1110658656564,4418.6346591746815
80,1776.0,4396.0
81,1783.5322822168375,4306.942586674904
82,1796.8000730405083,4155.000331929604
83,1801.0,4110.0
84,1806.840902587543,4052.342247112966
85,1792.0,3928.0
86,1739.0,3779.0
87,1729.9643610660635,3759.952045416736
88,1622.0464487743693,3634.8039265769944
89,1562.0,3594.0
90,1512.4534178125568,3562.63729242041
91,1460.0,3535.0
92,1376.0,3497.0
93,1250.0,3448.0
94,1245.959465261116,3446.503306633847
95,1100.0,3393.0
96,1075.7651515985706,3384.1048386721386
97,1001.5501835309021,3355.3423623362014
98,996.0,3353.0
99,930.4253526104075,3324.188800111744
100,902.0,3310.0
101,826.3865949441883,3266.084610266646
102,775.0,3229.0
103,729.0,3181.0
104,727.6885062781769,3179.382512190849
105,684.0,3113.0
106,647.2878950669544,2967.4996172308265
107,644.0,2943.0
108,642.4541636612448,2901.537617748626
109,653.0,2858.0
110,656.8313398620232,2842.3789685803085
111,669.0,2804.0
112,693.9976008006394,2760.1030811732603
113,746.075442408443,2696.2898818253607
114,751.0,2691.0
115,802.9731743509954,2645.116837780983
116,844.7728914853085,2624.2631661407327
117,889.0,2610.0
118,898.1882947042773,2607.6036801989612
119,1033.1477093625836,2586.4624897889516
120,1047.0,2586.0
121,1106.534343129998,2589.6440949485595
122,1170.6713819982722,2604.495973964294
123,1203.0,2613.0
124,1226.0048657917814,2619.2563467609834
125,1285.7046077541136,2636.1734289592746
126,1366.0,2660.0
127,1422.3227365670302,2677.1837186180796
128,1448.0,2685.0
129,1535.0,2712.0
130,1556.2974964795012,2719.394461133832
131,1622.0,2744.0
132,1654.1588225481064,2756.358097165304
133,1762.0,2798.0
134,1834.1525827471096,2824.68326894742
135,1936.7944943006464,2860.5672914788347
136,1956.0,2867.0
137,2100.7747480241947,2913.2891015622167
138,2197.0,2942.0
139,2229.1195793638126,2951.063181447971
140,2372.090815766129,2985.40562754409
141,2380.0,2987.0
142,2461.0,3002.0
143,2571.0,3018.0
144,2574.4370368641366,3018.4226672447776
145,2695.0,3030.0
146,2774.8853688176882,3034.575866533214
147,2986.0,3037.0
148,3104.035127242097,3031.008814409576
149,3228.8643833188053,3019.190826182778
150,3256.0,3016.0
151,3453.9827848748964,2985.017965354198
152,3531.0,2971.0
153,3596.472642161647,2958.7818152950604
154,3674.0,2944.0
155,3760.7243395510723,2927.4307433692584
156,3862.0,2908.0
157,4032.2956608845593,2877.7199772129266
158,4062.0,2874.0
159,4315.0,2852.0
160,4417.506676627781,2851.1657517257927
161,4479.0,2856.0
162,4643.0,2876.0
163,4663.164295406188,2879.864971391684
164,4825.313797898359,2922.0404520889306
165,4878.0,2938.0
166,5145.0,3055.0
167,5150.893137762362,3058.251843202653
168,5327.0,3158.0
169,5355.048853532867,3174.1491690535636
170,5479.118023199685,3247.429860328819
171,5584.0,3315.0
172,5594.583845953732,3321.5570052791454
173,5759.0,3413.0
174,5797.385287427505,3430.7147181995483
175,6041.088052687682,3530.4947964756466
176,6070.0,3541.0
177,6185.042113241521,3573.8594238386295
178,6267.0,3586.0
179,6374.0,3601.0
180,6396.33793151532,3604.0380939309052
181,6593.0,3618.0
182,6602.764229633732,3618.423866444748
183,6766.0,3625.0
184,7046.142246475092,3632.640951140762
185,7104.4572798101935,3629.7107522850665
186,7150.0,3628.0
187,7236.497332040362,3627.0825089508216
188,7294.0,3626.0
189,7444.0,3622.0
190,7447.930579389077,3621.897847243708
191,7564.280382008399,3618.16774324924
192,7617.0,3614.0
193,7895.0,3581.0
194,7939.9000329304445,3574.326645565502
195,8096.211264536601,3524.3056623335333
196,8124.0,3510.0
197,8278.0,3425.0
198,8313.802323622032,3399.6367097624166
199,8364.0,3358.0
200,8451.0,3273.0
201,8462.793096428846,3259.8236484726326
202,8537.0,3163.0
203,8574.714438842646,3105.046571894813
204,8607.0,3042.0
205,8652.544483040594,2915.237275050712
206,8690.577324111844,2776.188812742715
207,8693.0,2766.0
208,8703.492731727074,2704.697867056652
209,8703.0,2655.0
210,8698.427381193213,2567.651016507723
211,8675.0,2346.0
212,8644.669896245494,2235.238745644079
213,8607.0,2151.0
214,8593.449857497555,2124.0038888211297
215,8540.0,2026.0
216,8481.0,1928.0
217,8449.033501883772,1877.1597294146713
218,8390.0,1785.0
219,8329.0,1689.0
220,8298.299319618021,1640.5319931278514
221,8246.0,1557.0
222,8215.268844770273,1507.102828312582
223,8080.0,1284.0
224,8052.291533339854,1237.0164872837527
225,8030.0,1195.0
226,8004.752853291613,1145.0313677342574
227,7915.419096827032,962.7126963721748
228,7906.0,943.0
229,7887.0,902.0
230,7804.743091011768,713.9905862363955
231,7779.0,655.0
232,7720.822287081193,527.9581117299068
233,7706.0,499.0
234,7669.69241122965,429.3446145635203
235,7658.0,409.0
236,7596.1919865964455,318.3744887434497
237,7539.0,249.0
238,7445.2876055854,175.20906251266956
239,7418.0,163.0
240,7245.1033380276585,99.04860421096735
241,7233.0,95.0
242,7157.651216739802,74.0899657984435
243,7109.0,75.0
244,6991.0,66.0
245,6960.7210560036965,65.22775919205218
246,6885.0,66.0
247,6782.001033148599,70.31596880215415
248,6772.0,71.0
249,6655.990074508637,82.62815611261244
250,6583.0,93.0
251,6508.0,106.0
252,6480.273598424103,111.48489400116821
253,6394.0,131.0
254,6278.22750345865,163.55851929865335
255,6194.0,192.0
256,6130.569396329751,216.20131386806426
257,6084.0,236.0
258,5901.0,331.0
259,5899.417555538665,331.9313428225426
260,5886.0,340.0
261,5828.768713348166,379.13486822541034
262,5809.0,394.0
263,5752.553862248462,438.77807661333105
264,5714.0,473.0
265,5602.0,594.0
266,5600.677347387478,595.6351933070955
267,5570.560437464124,637.6908541310315
268,5553.0,669.0
269,5525.053867803027,730.0324512206795
270,5523.0,737.0
271,5512.632614321557,864.7116346579902
272,5513.0,871.0
273,5531.899413080831,934.8326783693532
274,5554.0,968.0
275,5577.6474172776325,1004.0330540357959
276,5599.0,1033.0
277,5642.0,1080.0
278,5675.209467013888,1111.9003521510099
279,5736.0,1166.0
280,5736.939823415721,1166.8082016786145
281,5764.083533916824,1188.9478655923037
282,5801.0,1212.0
283,5854.178968012466,1243.0524591941514
284,5926.0,1284.0
285,5967.400122614618,1306.1459868281283
286,6000.518374712118,1318.020386597019
287,6006.0,1320.0
288,6079.960886690222,1346.7796913258157
289,6155.0,1373.0
290,6166.779993475447,1376.8868347942152
291,6237.234271496171,1397.0897547206378
292,6310.0,1412.0
293,6320.7761568336955,1414.1175621011225
294,6393.0,1427.0
295,6482.682731788514,1439.4303860567652
296,6564.0,1450.0
297,6629.843797876923,1458.7701738760109
298,6766.0,1483.0
299,6799.0,1490.0
300,6812.488042902865,1492.9770316316822
301,6964.0,1531.0
302,6966.000596250492,1531.5451169497678
303,7088.0,1571.0
304,7151.050138841661,1597.7530408777598
305,7241.0,1641.0
306,7325.261297756748,1696.1342931628753
307,7386.0,1767.0
308,7393.098980598742,1774.9749401968027
309,7405.106700639896,1788.2257306555455
310,7419.0,1826.0
311,7443.826802902036,1904.5702496076053
312,7454.0,1940.0
313,7459.222843349255,1990.4136729230167
314,7459.0,1994.0
315,7449.0,2103.0
316,7445.816308021552,2118.927499896554
317,7430.342497377192,2170.5884438864305
318,7426.0,2182.0
319,7401.0,2238.0
320,7397.506411643767,2245.35877881481
321,7366.092719100907,2308.4941749219915
322,7343.570366630186,2344.6239631897593
323,7293.693977611079,2387.179189402113
324,7238.0,2423.0
325,7211.688386757252,2438.20861093898
326,7145.0,2475.0
327,7107.226332028783,2500.1816416999877
328,7023.0,2517.0
329,6891.398422666553,2543.7428957663424
330,6860.0,2550.0
331,6792.975836512767,2561.8614011970385
332,6770.0,2563.0
333,6746.924962424715,2566.0679353833666
334,6671.0,2577.0
335,6587.530794872195,2588.4555988530365
336,6562.0,2592.0
337,6499.991437152656,2600.9741867162325
338,6407.0,2612.0
339,6366.927176600064,2615.994707915499
340,6237.0,2628.0
341,6134.508324792826,2636.000953845397
342,6082.749221856283,2637.776088611562
343,6076.0,2638.0
344,5995.312107460217,2640.4837547995253
345,5962.0,2641.0
346,5848.0,2640.0
347,5844.880499933462,2639.9267116805368
348,5737.0,2636.0
349,5696.5890936247415,2633.8449636410596
350,5571.0,2625.0
351,5568.2953526971,2624.7787189282417
352,5420.0,2611.0
353,5404.791805983428,2609.392745396677
354,5280.0,2594.0
355,5207.122106817094,2583.42143952619
356,5057.0,2559.0
357,4917.289122476014,2530.6616463506616
358,4787.0,2500.0
359,4742.523680003339,2489.1657782788525
360,4618.861300629307,2457.68188732596
361,4465.0,2414.0
362,4461.389364268165,2412.920198799329
363,4196.0,2329.0
364,4169.38724555668,2320.025639241875
365,3993.6350929692057,2255.589919643299
366,3984.0,2252.0
367,3898.0,2220.0
368,3794.441595615446,2181.1749829531354
369,3679.032009696086,2139.709647405093
370,3668.0,2136.0
371,3535.0,2094.0
372,3448.1838949827807,2067.7672680945857
373,3393.0,2051.0
374,3292.262001867917,2019.8221428270494
375,3280.0,2016.0
376,3126.8937400360664,1966.7888628317971
377,3055.0,1941.0
378,2950.8098039875895,1902.133466645429
379,2835.0,1858.0
380,2709.4860597918114,1808.337181363794
381,2652.32846215658,1781.7351288915693
382,2629.0,1771.0
383,2550.3806939879078,1734.9110582133012
384,2542.0,1731.0
385,2418.0,1671.0
386,2407.6366150782815,1665.8021423064797
387,2345.0,1634.0
388,2284.794687753854,1605.0410927623955
389,2236.0,1582.0
390,2219.196568191262,1573.9829076974215
391,2175.0,1560.0
392,2172.0825256329167,1559.4176944608146
393,2080.0,1545.0
394,2042.414163977946,1541.5923527616812
395,2020.0,1557.0
396,1996.8572835364298,1573.37961549776
397,1934.08657561576,1617.3922370789983
398,1897.0,1645.0
399,1839.7838875373507,1696.6477075368991
400,1837.0,1699.0
401,1789.978374527375,1734.61999918545
402,1755.0,1753.0
403,1706.9406116967316,1771.6317906727775
404,1683.0,1780.0
405,1640.640137825675,1794.0237640003834
406,1573.0,1796.0
407,1522.189675797361,1791.6534039383405
408,1488.0,1788.0
409,1440.2384878059354,1776.8870669682124
410,1431.0,1773.0
411,1398.3185643854936,1758.7883941171133
412,1353.0,1735.0
413,1319.577112133035,1710.4095082012834
414,1308.0,1700.0
415,1285.0,1676.0
416,1280.625336265864,1671.2147262415328
417,1255.3882003222554,1639.2756603893881
418,1250.0,1629.0
419,1209.0,1505.0
420,1203.776531428016,1480.0339958892882
421,1205.0,1447.0
422,1206.5430335684323,1417.6350831506527
423,1211.0,1366.0
424,1212.4207240719822,1354.7970809856606
425,1233.0,1228.0
426,1237.2462110595814,1202.0352066983528
427,1247.3997731602378,1135.226686682776
428,1255.0,1092.0
429,1255.2318427584169,1090.779395541043
430,1260.0,1066.0
431,1266.1379603388762,1032.3327016466326
432,1272.0,999.0
433,1278.669989720853,960.2797210448575
434,1291.0,888.0
435,1305.0227766304004,807.9203936421844
436,1315.0,751.0
437,1331.0,659.0
438,1333.1092407723368,647.0827212251212
439,1354.0,530.0
440,1364.2943564937523,470.8103431263469
441,1387.0,339.0
442,1401.631933288618,252.20781712060884
443,1409.0,210.0
444,1414.6300678477173,178.5483240264924
445,1439.0,42.0
446,1441.7322567514002,26.173516595393973
447,1462.0,-93.0
448,1462.5222976228902,-95.98416425158612
449,1479.5868165018348,-190.5772942142099
450,1488.0,-238.0
451,1497.9398199704788,-295.872193912082
452,1512.0,-379.0
453,1523.2115645596407,-444.56808518046967
454,1554.9133900649163,-626.7814781850893
455,1561.0,-661.0
456,1580.4178158333887,-770.0074845195343
457,1586.0,-810.0
458,1597.2634285843624,-915.5853774939827
459,1604.0,-1025.0
460,1600.2324649050788,-1096.329969262134
461,1592.0,-1145.0
462,1577.7942274664008,-1211.3899148328107
463,1565.0,-1245.0
464,1477.0,-1403.0
465,1463.0222375184476,-1424.2293188821227
466,1427.4672187474569,-1460.1586208034767
467,1406.0,-1476.0
468,1337.6610949396304,-1527.3639570601079
469,1306.0,-1543.0
470,1126.8250659096154,-1594.4440187139837
471,1091.0,-1602.0
472,1024.8479083625343,-1609.8961712576534
473,974.0,-1606.0
474,962.7447124122831,-1605.5570150021363
475,838.0,-1602.0
476,823.2567201261447,-1601.4064799532448
477,688.0,-1594.0
478,661.0982138358661,-1592.489706579402
479,566.0915042115241,-1587.4039334748757
480,558.0,-1587.0
481,452.0,-1580.0
482,269.40671608108886,-1558.8447880386334
483,255.0,-1557.0
484,163.10376035103653,-1543.4478550823
485,80.0,-1519.0
486,77.00737470727839,-1518.2119624831528
487,42.0,-1509.0
488,-24.930586147832766,-1489.2290559707585
489,-133.0,-1450.0
490,-204.8897486376543,-1419.7610334558312
491,-339.7383599444056,-1355.3786227331057
492,-348.0,-1351.0
493,-461.7065741000721,-1281.585502011156
494,-488.0,-1263.0
495,-541.5200301387268,-1222.7977395805328
496,-654.9509685990746,-1121.4620944606286
497,-678.0,-1097.0
498,-789.0,-966.0
499,-792.0951569603568,-961.9805672795297
500,-871.8385031067824,-843.9114662058089
501,-948.0,-681.0
502,-965.4433185562,-638.1058781019341
503,-1007.0,-472.0
504,-1007.3645030291996,-468.4510948488341
505,-1013.0,-278.0
506,-1000.5402996372621,-159.07088247630978
507,-981.0,-66.0
508,-969.1014917066925,-20.326696659248533
509,-932.0,94.0
510,-919.0379700029138,126.51695405489734
511,-881.0,213.0
512,-819.0,353.0
513,-782.7453665283663,442.3078557133409
514,-704.0,650.0
515,-645.2737674036734,802.2256380220099
516,-636.0,826.0
517,-584.0,959.0
518,-573.7146366202678,985.5207388750381
519,-509.0,1153.0
520,-466.6434797441937,1262.5830395036091
521,-400.6246637830769,1432.9456772746366
522,-380.0,1486.0
523,-345.7245125300887,1573.9259884100854
524,-321.0,1638.0
525,-298.4728003213018,1696.8812542975563
526,-249.32832240994586,1826.049255121283
527,-233.0,1869.0
528,-203.23816705846923,1947.2858675554958
529,-180.0,2008.0
530,-133.17539245757382,2129.13450680827
531,-67.0,2300.0
532,-38.90178923296594,2373.593744906466
533,-4.191336566090959,2465.1656550416496
534,5.0,2489.0
535,60.0,2630.0
536,68.08138764261473,2650.700110305362
537,116.1590456178017,2774.1199564514377
538,203.78258662609213,3000.504775208576
539,292.327289108825,3230.0720533820477
540,346.0,3369.0
541,379.9807855300211,3456.8856095461815
542,410.0,3534.0
543,441.82968165867527,3614.641290019689
544,479.0,3707.0
1,549.4846455824857,3877.5860154192496
2,573.0,3935.0
3,623.7996747329361,4060.7232415318913
4,643.0,4108.0
5,687.1201125374594,4215.758073569179
6,772.0,4422.0
7,800.2471367937703,4491.008229624246
8,862.2550197517846,4644.03291257062
9,888.0,4707.0
10,909.0017637069558,4758.13312600061
11,927.0,4802.0
12,992.0,4961.0
13,1023.6412200496318,5036.986926266633
14,1051.0,5104.0
15,1139.3803459236524,5327.14087010137
16,1165.0,5393.0
17,1201.8546086724402,5489.870644340257
18,1239.5186849341096,5609.511314489383
19,1252.0,5654.0
20,1270.587439849624,5720.3677857563225
21,1308.0,5855.0
22,1336.5200198544762,5959.629752740376
23,1344.0,5987.0
24,1380.5281626013264,6118.533053202159
25,1402.0,6190.0
26,1427.3619401071464,6267.097711849962
27,1457.0,6345.0
28,1506.322020146955,6447.23175478071
29,1535.0,6497.0
30,1555.483881771966,6529.006741203016
31,1651.2767567086864,6637.423250652857
32,1744.2730165411424,6679.252290399669
33,1826.2884181087056,6696.430680825621
34,1860.0,6700.0
35,1920.0,6701.0
36,1959.5178354369848,6696.850974217972
37,2014.0,6685.0
38,2066.0,6666.0
39,2067.644600730524,6665.266771174294
40,2127.0,6631.0
41,2137.7471385476106,6622.286412287694
42,2182.0,6576.0
43,2222.8905249008617,6520.368643458094
44,2225.0,6517.0
45,2254.0,6462.0
46,2259.0,6450.0
47,2270.7130368311323,6418.23409353595
48,2284.0,6370.0
49,2293.0,6315.0
50,2295.290990670289,6283.862382306005
51,2294.789431199573,6223.973823659452
52,2294.0,6211.0
53,2287.0,6148.0
54,2277.1072155240345,6093.038538696765
55,2251.0,5988.0
56,2210.352368925783,5862.137392238789
57,2182.8133161627566,5783.696582849892
58,2178.0,5770.0
59,2147.0,5685.0
60,2133.8000893102794,5651.408547227086
61,2099.2931192083042,5565.2326655336055
62,2096.0,5557.0
63,2095.0,5555.0
64,2077.7567236600107,5516.222521866819
65,2032.8694726195195,5415.136487082608
66,2022.0,5391.0
67,1953.0,5239.0
68,1918.7217054450682,5160.138914076327
69,1910.0,5139.0
70,1829.0,4928.0
71,1823.7151171603543,4911.284170440537
72,1801.0,4829.0
73,1797.1688107766126,4812.741523323905
74,1777.0,4701.0
75,1768.9696942438857,4549.935121112127
76,1769.0,4541.0
77,1773.0,4430.0
78,1776.2828374490102,4387.1437434957425
79,1784.0,4305.0
80,1787.805206564657,4262.2137937465195
81,1802.0,4083.0
82,1804.7558054329897,3993.1891170098443
83,1787.0,3906.0
84,1781.42088471364,3887.866763625706
85,1743.0,3785.0
86,1721.1051260449462,3743.1337926760925
87,1617.1502326348293,3633.781138828695
88,1605.0,3624.0
89,1510.04452059456,3560.360075230008
90,1441.0,3526.0
91,1353.0,3488.0
92,1349.4830069727554,3486.5593988033143
93,1234.0,3442.0
94,1211.8931748714656,3433.9987025995215
95,1132.0,3405.0
96,1098.8080058621865,3392.23142478085
97,955.0,3335.0
98,919.0164618358219,3319.543298776242
99,909.0,3314.0
100,809.6752757037871,3254.167778037688
101,774.0,3227.0
102,727.0,3179.0
103,710.7377256667858,3156.9251088269957
104,683.0,3109.0
105,649.0,3001.0
106,647.5901432492285,2989.487232512826
107,646.0,2900.0
108,654.9760066278028,2840.554263372762
109,680.0,2779.0
110,714.9791329149838,2726.4685274675876
111,718.0,2723.0
112,773.0,2673.0
113,791.0,2659.0
114,793.0442973891656,2657.597072977711
115,868.636212107971,2619.5068356497277
116,952.0,2592.0
117,993.7704592503286,2584.187836179618
118,1132.0,2596.0
119,1151.034188072316,2599.7673681481665
120,1220.0,2617.0
121,1285.6879923618117,2635.8800417220773
122,1366.0,2660.0
123,1459.2161515117273,2688.305548636187
124,1520.0,2707.0
125,1606.1375836962802,2735.254308780704
126,1653.0,2756.0
127,1655.1030120129524,2756.8359666784686
128,1694.0,2772.0
129,1749.1306839715633,2792.849799459868
130,1790.0,2808.0
131,1857.690149229287,2832.5356994350645
132,1945.760142585629,2863.2057349388556
133,1954.0,2866.0
134,2096.123247074686,2912.2811646502496
135,2105.0,2915.0
136,2196.358572718788,2941.551326878486
137,2341.7216747847856,2978.0489361861655
138,2461.460664165851,3001.839864828464
139,2661.0,3027.0
140,2719.483865791918,3031.4267563310127
141,2836.0,3037.0
142,2853.539250501388,3037.498181692274
143,3002.0,3036.0
144,3026.250420338573,3034.646471264023
145,3240.0,3017.0
146,3260.2868875801955,3014.92751072971
147,3386.965799577982,2997.0656390530644
148,3469.0,2982.0
149,3528.6422145163315,2971.2155975828405
150,3584.0,2961.0
151,3758.0,2927.0
152,3905.0,2900.0
153,4018.0,2881.0
154,4256.0,2855.0
155,4289.501576843297,2852.930779262746
156,4331.0,2852.0
157,4681.0,2883.0
158,4697.035075409976,2885.1882827767686
159,4770.0,2905.0
160,4892.741942957253,2943.4351606221926
161,4903.0,2947.0
162,5069.161623492247,3016.6818770319364
163,5105.0,3034.0
164,5257.0,3116.0
165,5262.938099886377,3119.4663900969176
166,5541.0,3289.0
167,5558.232486180369,3299.5143951994182
168,5663.0,3361.0
169,5666.525436446251,3363.025241978017
170,5775.1130439322715,3421.965802815656
171,5788.0,3428.0
172,6079.0,3543.0
173,6137.2799991929,3563.1362270062473
174,6224.928124621614,3578.9717179095037
175,6233.0,3580.0
176,6423.919563048316,3603.4983519718166
177,6538.0,3615.0
178,6658.144214513604,3621.664952377867
179,6667.0,3622.0
180,6826.0,3626.0
181,6981.247371074307,3627.379185669378
182,7081.0,3628.0
183,7233.39255863576,3627.1597846355335
184,7241.0,3627.0
185,7370.0,3624.0
186,7593.570459170397,3614.4933141593456
187,7708.0,3607.0
188,7779.113184632673,3600.349054550782
189,7879.0,3585.0
190,7896.701162483207,3581.560593409384
191,8009.0,3553.0
192,8117.167733861949,3508.336721808444
193,8324.402768547558,3389.746809387223
194,8334.0,3383.0
195,8475.184753700792,3245.2909877052157
196,8499.0,3215.0
197,8565.20084807252,3120.2032732653847
198,8596.0,3063.0
199,8620.441169430725,3011.2876875324764
200,8646.0,2949.0
201,8660.866960804793,2904.9825559941996
202,8691.0,2775.0
203,8699.159578694293,2715.825096871117
204,8704.0,2634.0
205,8702.487368126855,2562.997544725844
206,8699.0,2506.0
207,8686.918645225987,2408.8615230532773
208,8683.0,2389.0
209,8643.0,2239.0
210,8599.531378251348,2132.1180458713716
211,8543.0,2031.0
212,8429.0,1846.0
213,8409.102725323497,1814.3594793115158
214,8359.0,1737.0
215,8276.62567366038,1605.5577740072329
216,8212.0,1502.0
217,8209.169387899054,1497.4718671618289
218,8134.0,1376.0
219,8104.0,1325.0
220,8101.39269787815,1320.4816301773901
221,8018.470870794402,1168.088167983695
222,7970.17542282663,1069.213884222403
223,7901.231299375567,916.6177159072173
224,7801.618373681287,702.7390114503389
225,7788.0,674.0
226,7667.0,425.0
227,7639.086891832101,373.5173722844743
228,7597.0,315.0
229,7465.0,189.0
230,7378.0,141.0
231,7246.0,98.0
232,7124.0,76.0
233,6982.16900025301,66.21566616754252
234,6974.0,66.0
235,6836.0,68.0
236,6776.5184676198105,71.50765488932126
237,6634.0,86.0
238,6567.585645707732,96.40806979353889
239,6386.732442185673,134.11603574172528
240,6354.0,142.0
241,6231.951548253745,178.02333465341604
242,6215.0,184.0
243,6104.0,227.0
244,6051.5868419853705,250.35230809075364
245,5995.0,278.0
246,5933.448231985931,311.71283500664043
247,5865.0,354.0
248,5836.430061229164,373.4709179462645
249,5745.0,447.0
250,5730.798797243128,459.2994107560609
251,5684.354651025196,501.24854159453645
252,5658.0,528.0
253,5592.0,608.0
254,5574.831623283246,632.8918406146381
255,5562.0,654.0
256,5540.566090030852,698.7075068133715
257,5510.888727527655,800.2374968701325
258,5510.0,805.0
259,5508.582415815437,861.4328411025799
260,5519.693743880107,894.5580423158831
261,5525.0,908.0
262,5549.0,958.0
263,5593.936426824502,1022.0365831803354
264,5620.0,1056.0
265,5646.846658471286,1086.154348934006
266,5652.0,1091.0
267,5717.0,1150.0
268,5724.194159912021,1155.8968127503185
269,5761.0,1184.0
270,5802.238136470473,1212.8915100117358
271,5863.0,1250.0
272,5879.576772765125,1259.0668377625639
273,5950.0,1295.0
274,5982.871289290778,1310.995410626649
275,6015.0,1324.0
276,6106.3100972537195,1357.6554744941996
277,6127.0,1365.0
278,6173.638800757194,1380.289733322204
279,6196.0,1385.0
280,6221.382462254437,1390.8633759529437
281,6278.323040669444,1403.976440538835
282,6283.0,1405.0
283,6369.317761161732,1422.2876584695396
284,6392.0,1426.0
285,6561.0,1450.0
286,6565.591821842761,1450.6257681532604
287,6635.207068359002,1459.9540661752078
288,6672.0,1466.0
289,6795.0,1489.0
290,6832.424611579205,1497.159471530962
291,6917.0,1518.0
292,6941.140077705814,1524.527309250455
293,7027.0,1550.0
294,7056.715315741328,1559.6603962507943
295,7134.0,1589.0
296,7188.586132744671,1614.5570488713008
297,7263.0,1654.0
298,7324.18610977999,1698.5223758540071
299,7348.0,1724.0
300,7393.0,1779.0
301,7398.818901218558,1787.5816526149151
302,7435.338196469652,1864.6573726425554
303,7439.0,1876.0
304,7445.0,1897.0
305,7458.0,1979.0
306,7457.92271071995,1990.4420508338594
307,7444.724389644974,2110.010049645674
308,7440.0,2138.0
309,7431.407052047307,2173.1966858595856
310,7416.0,2205.0
311,7399.0,2241.0
312,7385.815179714957,2265.9066956286797
313,7358.630266498644,2307.2399106366493
314,7334.0,2336.0
315,7266.767078876169,2401.9067262321573
316,7262.0,2406.0
317,7210.989811177529,2443.6562283001626
318,7151.379315097347,2472.978402609073
319,7136.0,2479.0
320,7046.939938002459,2507.547559594399
321,6883.0,2547.0
322,6760.0,2565.0
323,6682.0,2576.0
324,6628.157376645364,2583.551428042464
325,6551.0,2594.0
326,6484.83298833853,2602.4150291129486
327,6455.0,2606.0
328,6357.0,2617.0
329,6298.266691188257,2623.0201863396414
330,6220.0,2630.0
331,6131.2725537289625,2636.036231672954
332,6080.0,2638.0
333,6003.570684744895,2639.7275313489554
334,5870.0,2641.0
335,5829.117914133223,2640.594728068151
336,5781.0,2638.0
337,5675.879306727653,2632.710711140365
338,5612.0,2629.0
339,5452.0,2615.0
340,5348.233872927398,2602.4277626666767
341,5194.0,2582.0
342,5087.755559326168,2565.747231942074
343,5021.084663425325,2552.445859305781
344,5014.0,2551.0
345,4860.0,2518.0
346,4821.0105580039435,2508.740259723479
347,4761.0,2494.0
348,4681.830690430128,2473.870239019087
349,4634.0,2461.0
350,4564.971108567183,2441.789095088423
351,4314.1825170075745,2368.792868820131
352,4305.0,2366.0
353,4234.158773814079,2343.43712043949
354,4147.0,2312.0
355,3881.928127486205,2213.8120269604365
356,3853.0,2203.0
357,3782.050822848266,2176.1916829648753
358,3714.0,2152.0
359,3609.5065153358046,2118.239488427795
360,3481.0,2078.0
361,3390.0,2050.0
362,3384.7101615241,2048.369338287247
363,3147.0,1973.0
364,3142.413819173598,1971.4677197964854
365,3025.0,1931.0
366,2961.720373542597,1908.0855930548298
367,2693.2311878264313,1799.933720692084
368,2542.2425826257095,1731.7168347073577
369,2471.0,1698.0
370,2367.8099028166603,1647.3902338091511
371,2271.0,1598.0
372,2236.904716469239,1579.4286755549208
373,2176.0,1560.0
374,2152.9463648657675,1555.9250715499993
375,2065.0,1546.0
376,1969.2889310026599,1581.166096942628
377,1948.0,1599.0
378,1922.9794696020745,1623.5843978076034
379,1887.0,1655.0
380,1809.3030713214343,1715.1835407573594
381,1771.0,1744.0
382,1735.0,1762.0
383,1727.8908545927875,1763.904196539458
384,1640.666491525433,1786.0948885360456
385,1603.0,1794.0
386,1563.747620494357,1798.4586405406344
387,1522.0,1793.0
388,1492.149199947249,1787.9483893126903
389,1453.0,1780.0
390,1435.7842571821768,1775.4973362725377
391,1381.0,1751.0
392,1371.9154189039527,1745.2931311127695
393,1315.498102964101,1705.6081784991889
394,1312.0,1703.0
395,1286.0,1677.0
396,1266.2551285460177,1651.7703384241831
397,1254.0,1635.0
398,1224.9613933257383,1576.9214100128777
399,1222.0,1565.0
400,1206.0,1440.0
401,1205.8366022865007,1437.996496830854
402,1205.7639302140462,1396.6061184829405
403,1213.0,1354.0
404,1213.404283305859,1351.464640811691
405,1229.0,1251.0
406,1231.9396247230677,1232.2181603503195
407,1240.8461689978951,1178.248350143103
408,1246.0,1148.0
409,1254.1550063884608,1099.759177020939
410,1264.0,1041.0
411,1267.0,1023.0
412,1292.9919172716066,873.9995651676826
413,1310.0,778.0
414,1324.2619975043772,697.2011728011296
415,1335.0,635.0
416,1346.0,571.0
417,1352.171223196162,535.5257872295698
418,1371.5049867531163,425.57236875458534
419,1373.0,417.0
420,1392.002809321375,307.44367992489737
421,1401.0,256.0
422,1417.4065865545329,164.7542303062266
423,1430.2602093634325,93.32791798276716
424,1437.0,53.0
425,1445.0,4.0
426,1449.80471671965,-24.010024814602517
427,1467.0,-119.0
428,1492.5590495774109,-266.63332336095186
429,1518.0,-415.0
430,1521.0272641270901,-432.34279783007617
431,1536.6333436697732,-518.8582862891118
432,1544.0,-560.0
433,1549.992404659512,-594.0956616498754
434,1562.0,-665.0
435,1578.37960770578,-768.3097552647617
436,1596.0,-888.0
437,1599.055802068913,-911.8273523895164
438,1602.9258556933044,-981.4240875153403
439,1603.0,-986.0
440,1602.9242153949845,-1073.4464997987664
441,1594.0,-1132.0
442,1551.40069645645,-1271.8219949873715
443,1540.0,-1303.0
444,1501.3173715886953,-1373.319394932386
445,1489.0,-1387.0
446,1422.4949542060938,-1456.9416474742611
447,1378.0,-1497.0
448,1320.0,-1535.0
449,1282.773302248625,-1552.9807655128682
450,1198.0,-1583.0
451,1163.7890574619612,-1591.0490963339398
452,1061.0,-1604.0
453,1035.8205363893562,-1605.2906632264223
454,972.0,-1606.0
455,945.615468699344,-1605.5064117114027
456,880.0,-1603.0
457,807.0938820367428,-1599.6042425973951
458,753.0,-1597.0
459,588.0,-1589.0
460,548.2476243590851,-1586.5726787280819
461,480.0,-1582.0
462,357.0,-1571.0
463,128.21079871146307,-1530.4333400837052
464,82.0,-1520.0
465,-138.08849447931178,-1448.1907641299877
466,-144.0,-1446.0
467,-306.0,-1374.0
468,-326.0011554239873,-1362.3979532696785
469,-529.0,-1233.0
470,-534.1864883624497,-1229.327457317471
471,-704.3209034667748,-1071.2721170156203
472,-725.0,-1046.0
473,-784.5649428472537,-968.2807700268979
474,-864.9469831988451,-849.9858225609416
475,-890.0,-807.0
476,-956.5262814941517,-662.8595773974065
477,-972.0,-618.0
478,-1008.0,-462.0
479,-1008.6134414582236,-457.0253803411465
480,-1015.0,-343.0
481,-1014.2445381621437,-307.08511912851134
482,-999.0,-159.0
483,-987.0210980654902,-93.95153553005828
484,-962.0,5.0
485,-927.0,107.0
486,-902.1023713844935,166.14606717037952
487,-849.1890976166186,279.5424973906078
488,-837.0,308.0
489,-743.0,547.0
490,-729.5309238941151,581.9459296795842
491,-664.0,752.0
492,-654.4788210291354,776.6509681132203
493,-614.0465936583854,880.3002250760475
494,-601.0,914.0
495,-556.2509398317611,1030.5898664367849
496,-509.0,1153.0
497,-462.1898030151049,1272.223119293843
498,-444.0,1319.0
499,-382.49477313205034,1479.1374497863715
500,-345.0,1577.0
501,-312.6307179651864,1661.1061767266806
502,-281.24642113407486,1741.8240280363818
503,-256.0,1807.0
504,-233.61851980559612,1865.1677206871723
505,-166.3137681781871,2041.5727396693387
506,-95.56728118999557,2227.4302750875345
507,-20.496724546878085,2422.4159025616773
508,20.0,2527.0
509,130.0,2810.0
510,140.05304309407563,2835.877943678617
511,228.0,3063.0
512,229.41060673488352,3066.653436124634
513,282.17725491585054,3203.478229700795
514,308.0,3270.0
515,328.91838429885314,3323.56860337362
516,380.0,3455.0
517,418.3308791479507,3555.483707580717
518,429.0,3583.0
519,532.0,3836.0
1,620.0,4051.0
2,652.1080221458611,4129.874023312562
3,732.0,4326.0
4,779.4631189518968,4441.943216931208
5,798.0,4487.0
6,858.2625939821053,4633.752785753343
7,878.0,4682.0
8,944.0,4844.0
9,973.0666366078246,4915.411528693882
10,1030.0,5055.0
11,1051.1995144408393,5106.730955932517
12,1135.0,5314.0
13,1182.5719673341184,5439.582500174701
14,1199.0,5486.0
15,1247.0,5637.0
16,1268.1356725617288,5710.4036392736925
17,1295.0,5808.0
18,1314.5337156209484,5880.109706871082
19,1355.0,6028.0
20,1372.238011463553,6088.085269990888
21,1405.0,6200.0
22,1415.6874202069503,6236.852509372442
23,1440.0,6303.0
24,1508.0,6452.0
25,1518.1614002386607,6473.414548645354
26,1554.7178030220514,6544.360682282595
27,1572.6987193816728,6546.3848416981555
28,1586.0,6560.0
29,1605.0,6581.0
30,1645.4956806199898,6620.302746016452
31,1751.7124429473013,6683.956454681363
32,1844.4825458672349,6701.480353675086
33,1886.0,6702.0
34,1992.190013782351,6689.526382754501
35,2023.0,6683.0
36,2085.3378751966466,6661.884370789243
37,2119.7021660974488,6638.561082332247
38,2141.0,6619.0
39,2185.8951074303027,6567.367572172179
40,2239.0,6493.0
41,2255.2987067114314,6465.002117281501
42,2264.9580951252497,6439.114522187105
43,2272.0,6415.0
44,2284.0,6369.0
45,2287.282947699742,6354.669192178208
46,2294.5435571519047,6304.645131261844
47,2295.0,6279.0
48,2291.296021840962,6186.9235582221345
49,2290.0,6168.0
50,2276.0,6089.0
51,2275.6509695005616,6087.543659613576
52,2254.87236680644,6001.680783447039
53,2245.0,5969.0
54,2195.0,5819.0
55,2176.435509930006,5764.792497690706
56,2162.0,5726.0
57,2161.2545798648634,5724.026736587503
58,2117.794889791292,5611.009259549117
59,2106.0,5582.0
60,2082.0,5525.0
61,2082.481861048559,5526.291203541892
62,2075.0,5510.0
63,2047.8698060101406,5449.344312454666
64,2000.0,5342.0
65,1984.39488238259,5307.08893978637
66,1928.7900118265998,5183.326770806284
67,1902.0,5120.0
68,1891.9063869246725,5095.680510028124
69,1860.0,5016.0
70,1836.6031797126527,4950.738129382906
71,1815.0,4884.0
72,1789.8768464334962,4784.189902658823
73,1788.0,4772.0
74,1769.0,4549.0
75,1768.8017294787583,4545.031284460876
76,1775.0,4412.0
77,1775.2600799779825,4409.583672009548
78,1789.0,4261.0
79,1796.9593792652527,4147.481713878372
80,1802.0,4031.0
81,1801.5326082235556,4000.2211543438416
82,1793.0,3938.0
83,1774.3202693580038,3859.7550025586156
84,1768.0,3841.0
85,1738.9447168449926,3777.9321871731395
86,1711.0,3734.0
87,1659.939716483486,3673.5195607917653
88,1631.0,3646.0
89,1595.486155071546,3617.014594776051
90,1554.0,3588.0
91,1486.5005423208538,3548.1850815659923
92,1451.0,3530.0
93,1333.0,3480.0
94,1330.1895572913108,3478.913027141008
95,1204.8567256749304,3432.286358154061
96,1152.0,3413.0
97,1062.4063295069566,3379.9178307599705
98,1040.0,3371.0
99,888.0,3303.0
100,846.143454329065,3279.569238370666
101,799.0,3247.0
102,733.0,3185.0
103,715.2895896129158,3162.770722649403
104,694.0,3130.0
105,675.0375068843283,3091.4327462863407
106,656.0,3034.0
107,649.0701209108637,3002.335779315932
108,645.0,2957.0
109,657.0,2844.0
110,657.45059158598,2841.659084163923
111,679.6614208171577,2775.785610625756
112,691.0,2758.0
113,707.7821858519235,2736.0301988672627
114,751.0,2691.0
115,816.7064250126073,2643.4655332648135
116,821.0,2641.0
117,846.0,2628.0
118,881.0018197974133,2613.3518500156056
119,906.0,2605.0
120,964.9736706774374,2591.372112800783
121,1007.0,2587.0
122,1068.0,2588.0
123,1148.70599661467,2600.207497731195
124,1170.0,2605.0
125,1220.0,2618.0
126,1318.590504968172,2645.612240028224
127,1370.0,2661.0
128,1446.1510521880625,2684.887769798632
129,1463.0,2690.0
130,1540.0,2713.0
131,1542.5443779661327,2713.840744801495
132,1614.0,2741.0
133,1756.4203000206596,2795.1325261337674
134,1836.0,2825.0
135,1859.2044068070463,2833.6355536638325
136,1944.0,2863.0
137,2045.8557616200362,2896.075727810541
138,2103.0,2914.0
139,2208.0,2945.0
140,2281.3790290787188,2964.614131159258
141,2304.0,2970.0
142,2395.5405046411825,2989.094605106353
143,2529.0,3012.0
144,2545.7516251840275,3014.4824253037254
145,2721.68578892138,3031.390348763372
146,2766.0,3034.0
147,2833.0,3037.0
148,3012.163355021723,3034.5590198676173
149,3079.0,3032.0
150,3188.2777179305886,3024.929630158056
151,3256.949010598844,3015.854874880551
152,3317.0,3007.0
153,3397.1063798945097,2994.8071851850564
154,3502.0,2977.0
155,3525.195853279215,2972.7051111942737
156,3687.0,2941.0
157,3843.466908288261,2910.377665236965
158,3891.0,2902.0
159,3989.8638336748495,2885.576918717643
160,4067.0,2874.0
161,4177.604646600251,2860.4544658664763
162,4247.0,2855.0
163,4352.0,2852.0
164,4356.541622330926,2852.0029652430176
165,4504.0,2858.0
166,4627.332810048355,2873.0833551151286
167,4684.0,2884.0
168,4817.921826871619,2919.174044056393
169,4877.0,2938.0
170,4943.428805010009,2961.542709403306
171,5116.13231844454,3036.703773849411
172,5220.8966915521905,3094.5498610973054
173,5398.003668675753,3203.2640737857832
174,5555.63591223783,3297.476594175496
175,5565.0,3303.0
176,5770.0,3419.0
177,5812.0,3440.0
178,5829.739015035214,3448.441758453273
179,6003.535125876679,3519.285621266589
180,6014.0,3523.0
181,6141.983211043124,3562.0061132319247
182,6212.0,3576.0
183,6429.0,3606.0
184,6570.343987716606,3618.988444793897
185,6747.0,3624.0
186,6791.176464051334,3624.9304701865008
187,6922.0,3627.0
188,6968.384685683843,3627.4429253384124
189,7130.0,3628.0
190,7278.669486651991,3626.4546803329995
191,7357.0,3625.0
192,7534.0,3618.0
193,7636.871975412918,3610.55844800383
194,7805.0,3596.0
195,7936.117060167251,3574.036283706329
196,7981.0,3561.0
197,8065.0,3534.0
198,8165.3166959709215,3485.530461745344
199,8315.0,3398.0
200,8319.663878765,3395.0803033923576
201,8437.52305204944,3301.5457167303657
202,8493.0,3222.0
203,8550.046665211868,3140.3266679440485
204,8585.0,3084.0
205,8598.0,3060.0
206,8628.267373272538,2996.0366417470577
207,8672.0,2869.0
208,8679.25671895263,2838.8673045128003
209,8693.0,2761.0
210,8699.267846456465,2700.395249578942
211,8704.0,2609.0
212,8705.283760969023,2569.240471731885
213,8686.013733924372,2401.0179403204884
214,8682.0,2385.0
215,8627.0,2198.0
216,8625.024057387414,2192.1057194917194
217,8523.53242051561,1993.8738117528947
218,8506.0,1969.0
219,8445.265243015492,1873.4177455948236
220,8391.0,1787.0
221,8268.0,1593.0
222,8218.199647607296,1514.345868967418
223,8188.21686604945,1464.9691578940424
224,8184.0,1458.0
225,8093.0,1307.0
226,8027.524051146478,1192.299736049983
227,8007.0,1152.0
228,7866.0,853.0
229,7864.442619955418,849.6075515167008
230,7817.0,742.0
231,7800.324117574615,704.1410690281978
232,7750.0,592.0
233,7748.070828618938,587.807694703347
234,7669.0,428.0
235,7635.0,371.0
236,7633.200655565466,368.26179249879704
237,7552.895307761201,266.7630782922829
238,7525.0,237.0
239,7436.0,173.0
240,7298.421362938652,119.58230517046513
241,7214.0,91.0
242,7145.648345699212,72.87210109252428
243,7106.513649335205,73.44478763020973
244,7092.0,73.0
245,6993.72212126602,67.85279163590256
246,6932.0,66.0
247,6890.642230574981,66.13423359216404
248,6833.0,68.0
249,6716.437206926727,75.88437004007612
250,6695.0,78.0
251,6615.504767717062,87.78888821501398
252,6594.0,91.0
253,6430.0,123.0
254,6313.696687544614,153.05949970729975
255,6304.0,156.0
256,6094.0,231.0
257,6018.123612340517,264.5543215747822
258,5948.40832441227,302.68671849186785
259,5941.0,307.0
260,5846.0,366.0
261,5842.9870435669945,368.0460623686648
262,5743.0,447.0
263,5729.855773160249,459.15077806891816
264,5621.0,570.0
265,5569.997701701874,631.2041549616692
266,5539.0,697.0
267,5525.0,732.0
268,5521.774086240336,741.5478874940718
269,5511.0,788.0
270,5509.903173452039,797.1590635634492
271,5512.0,866.0
272,5519.061753443504,895.8404170307167
273,5559.0,978.0
274,5564.344106168491,986.0769067317652
275,5598.0,1031.0
276,5630.436861022816,1069.809285333976
277,5658.0,1097.0
278,5734.0,1164.0
279,5766.492371271006,1189.9229720466078
280,5801.0,1211.0
281,5822.4865085627125,1225.5951828208415
282,5847.0,1241.0
283,5965.9148325757305,1301.3967530543218
284,6006.0,1320.0
285,6086.192647426921,1350.772957024845
286,6096.0,1354.0
287,6158.048295084672,1374.1112207266897
288,6193.0,1384.0
289,6274.161168222848,1403.7299237280376
290,6279.0,1405.0
291,6241.0,1397.0
292,6351.308498106102,1417.7558581332962
293,6407.0,1428.0
294,6506.75511242066,1442.2986265304537
295,6520.0,1444.0
296,6606.938530843419,1456.0803101900044
297,6639.0,1461.0
298,6771.0,1484.0
299,6773.683500615402,1484.5154022749052
300,6852.863401127126,1501.2836029641198
301,6860.0,1503.0
302,6957.0,1529.0
303,7020.352296374173,1547.9980514500203
304,7074.0,1566.0
305,7094.97687897566,1573.6892155284713
306,7119.0,1583.0
307,7224.0,1632.0
308,7226.232844231787,1633.2306906468557
309,7307.0,1686.0
310,7321.476856013646,1697.941373833762
311,7387.0,1769.0
312,7414.823778120398,1815.2140350330676
313,7421.0,1827.0
314,7442.0,1883.0
315,7447.725392301824,1914.112674629796
316,7459.0,2020.0
317,7459.9266806382875,2037.9506290430672
318,7449.0,2104.0
319,7448.48809541023,2105.956427250875
320,7433.0,2163.0
321,7412.486474275883,2217.8512787201466
322,7391.0,2256.0
323,7378.901600165966,2274.6322933214383
324,7332.0,2339.0
325,7287.612499349181,2387.9661946530155
326,7236.1889253348445,2425.7640409793703
327,7219.0,2436.0
328,7134.701297360631,2477.7990528012956
329,7073.0,2502.0
330,7055.623055940952,2507.8014881930767
331,6933.704076129277,2536.905796208536
332,6928.0,2538.0
333,6848.198949739079,2551.9430061429694
334,6815.0,2557.0
335,6757.037789885613,2565.015669463298
336,6750.0,2566.0
337,6680.713302827385,2576.040649626764
338,6674.0,2577.0
339,6584.010405616008,2589.245251776447
340,6555.0,2593.0
341,6397.365719244732,2612.3534380711435
342,6356.0,2617.0
343,6294.971437402027,2623.2652973981094
344,6201.0,2631.0
345,6151.592186496343,2634.4237133489605
346,6143.0,2635.0
347,6046.894913074873,2641.0542267343194
348,5941.0,2642.0
349,5857.730011014291,2640.072383158524
350,5715.0,2635.0
351,5675.06314664964,2633.2639645311488
352,5637.0,2630.0
353,5481.20534283085,2616.753871581593
354,5359.0,2605.0
355,5164.551318053755,2578.854308127441
356,5076.773148188896,2562.5459328429006
357,5032.0,2554.0
358,4940.796928693439,2535.628414100908
359,4893.0,2525.0
360,4697.0,2478.0
361,4584.0,2448.0
362,4470.0,2416.0
363,4356.0,2382.0
364,4099.0,2295.0
365,4038.743381564683,2272.4343251714436
366,4027.0,2268.0
367,3882.2959139085556,2213.1920369618147
368,3854.0,2203.0
369,3710.3383641614605,2152.5556692816854
370,3586.0,2110.0
371,3485.6334428472537,2077.9608771820367
372,3398.0,2053.0
373,3287.2607416881833,2018.257753117826
374,3277.0,2015.0
375,3019.0,1929.0
376,3015.1896446849787,1927.5943248457718
377,2884.0,1877.0
378,2753.096769029066,1824.5576825352591
379,2740.0,1819.0
380,2554.642596565308,1737.243754171691
381,2543.0,1732.0
382,2447.761193862566,1686.4405826869977
383,2443.0,1684.0
384,2328.5280497961926,1625.6005362241287
385,2305.0,1614.0
386,2236.6141800052274,1582.0516291035485
387,2207.0,1570.0
388,2184.0,1562.0
389,2123.5127449005595,1547.430263312786
390,2112.0,1546.0
391,2020.0,1557.0
392,2000.7277241042343,1565.520998899273
393,1974.0,1581.0
394,1955.9809840651055,1593.687964020362
395,1921.0,1623.0
396,1891.0,1651.0
397,1855.8915795676498,1683.8492030606944
398,1841.0,1696.0
399,1806.7115032062316,1720.2824783576136
400,1724.0,1767.0
401,1710.8790223900223,1772.789052330437
402,1673.7913799165356,1783.9829548190523
403,1640.0,1790.0
404,1602.0,1795.0
405,1578.374661377073,1795.7019908553484
406,1464.0,1783.0
407,1427.5633667679926,1772.9753988995928
408,1390.833795051137,1755.4467610658996
409,1388.0,1754.0
410,1322.0,1712.0
411,1291.159044916581,1681.211335729872
412,1267.0,1654.0
413,1254.2126629953325,1638.2470704168506
414,1236.7951414079598,1607.5107445440433
415,1228.0,1582.0
416,1225.9117664672692,1575.586330232888
417,1214.0,1534.0
418,1211.5520751949716,1521.1939385625706
419,1208.0,1489.0
420,1206.5226951777577,1446.4539932282448
421,1207.0,1415.0
422,1211.7337211212762,1361.7838772618293
423,1213.0,1352.0
424,1218.9977375480282,1310.7035610506111
425,1221.0,1298.0
426,1239.0,1191.0
427,1248.1650950867715,1136.2475836684553
428,1261.5090588334772,1055.2018595974566
429,1273.0,988.0
430,1293.8190912407424,871.7560257641568
431,1304.0,815.0
432,1304.2467749631587,813.5989356892385
433,1319.0,727.0
434,1327.5585271801453,677.5435987038609
435,1355.0,520.0
436,1364.1664563132824,468.1533664043651
437,1373.902851483018,415.1570552521578
438,1375.0,409.0
439,1395.0,295.0
440,1405.793861723117,231.7761260044561
441,1421.0,142.0
442,1421.4805543655332,139.19627268714515
443,1442.0,21.0
444,1448.7251837556473,-17.597404355640084
445,1488.4964124261028,-245.45491793350257
446,1490.0,-254.0
447,1498.2256964514117,-299.8535492227906
448,1504.0,-332.0
449,1529.0,-475.0
450,1542.9621502575365,-555.4211483854857
451,1572.0,-726.0
452,1588.9460660277277,-834.5306836831296
453,1597.1614272458637,-903.0297943879369
454,1600.0,-937.0
455,1602.439133527253,-976.9811216655755
456,1603.0,-1036.0
457,1589.0,-1161.0
458,1581.2794063796664,-1190.869279375752
459,1504.0,-1366.0
460,1497.4986481017427,-1377.3592593295348
461,1427.8054621398744,-1459.6036498765454
462,1390.0,-1489.0
463,1313.4115510815463,-1539.0216844110334
464,1305.0,-1543.0
465,1169.0,-1591.0
466,1030.469012783964,-1608.8174075372503
467,922.0,-1605.0
468,817.9766499181032,-1600.6843542748152
469,734.3443761210493,-1596.4878697080203
470,690.0,-1594.0
471,632.053463504216,-1590.5637898161767
472,456.12792525897834,-1579.3131150966585
473,392.0,-1575.0
474,360.0422466272495,-1572.5119454978142
475,331.0,-1568.0
476,271.55872765947964,-1557.6064336505917
477,139.60715785815458,-1532.6703208534796
478,70.0,-1517.0
479,4.01132453681209,-1499.1431739578447
480,-100.73042311970113,-1462.1867653416714
481,-109.0,-1459.0
482,-234.0,-1408.0
483,-278.79182797511527,-1388.9924386559144
484,-403.8892666585141,-1319.89934769407
485,-417.0,-1311.0
486,-565.0,-1204.0
487,-647.1175310340246,-1137.8861397640821
488,-680.0,-1096.0
489,-707.0830480694465,-1061.6449922832783
490,-800.6003410420686,-942.4556766573629
491,-856.0,-866.0
492,-872.8605962280637,-840.2945935782341
493,-921.5713685264926,-744.9279785341895
494,-925.0,-737.0
495,-981.0,-587.0
496,-982.2410155370337,-582.675326157791
497,-1013.2199708930261,-409.2484024184728
498,-1015.0,-385.0
499,-1009.0,-231.0
500,-953.7568376463486,13.942325639470898
501,-931.0,98.0
502,-920.6011608541005,132.59250969657595
503,-893.2683530231649,187.94552607402832
504,-889.0,197.0
505,-811.0,372.0
506,-808.4629806896002,378.07493801992473
507,-737.8190132693537,562.1994007189791
508,-727.0,591.0
509,-679.5431665625733,713.9044856128328
510,-647.0,797.0
511,-610.1339474158037,891.7645855232746
512,-589.0,946.0
513,-564.8974160306753,1007.5148773841751
514,-542.0,1066.0
515,-507.8666629906538,1153.57572478177
516,-440.3414069329789,1327.733770531749
517,-436.0,1339.0
518,-373.5411584931518,1503.4403098380524
519,-366.0,1523.0
520,-316.9506689199777,1649.1891220489354
521,-312.0,1662.0
522,-193.0,1973.0
523,-169.80979021286512,2033.5565716291012
524,-119.0,2165.0
525,-111.45771627209734,2184.436197271328
526,-69.0,2294.0
527,-24.340917076230845,2410.51627174195
528,10.0,2500.0
529,48.44514574178723,2599.0984117572343
530,84.0,2691.0
531,97.8298016485596,2727.11051027387
532,139.0,2835.0
533,147.06522694113832,2855.9563635472514
534,220.0,3043.0
535,258.1853817520536,3140.2222223209737
536,283.0,3204.0
537,345.89391987484134,3367.8880849988955
538,359.0,3402.0
539,427.9704632140715,3579.826901478552
540,486.0,3726.0
1,688.7524366542682,4218.116343719655
2,710.0,4270.0
3,751.263229179126,4371.219104976565
4,776.0,4432.0
5,832.1559392212279,4570.014821007713
6,882.0,4692.0
7,896.8134997438317,4728.050405041549
8,942.0,4838.0
9,990.5403473626757,4957.087736351554
10,1055.0,5116.0
11,1083.1154761108774,5185.566842873198
12,1138.5813487657454,5323.895298511493
13,1176.0,5422.0
14,1209.8383433497008,5518.188106879501
15,1261.0,5687.0
16,1262.3442034208936,5691.7687741911695
17,1320.0,5902.0
18,1343.3553198711288,5984.992972580625
19,1389.0,6146.0
20,1409.4998459955552,6218.741179493144
21,1418.0,6241.0
22,1458.9087511531336,6345.114097443415
23,1499.0,6435.0
24,1529.6760844751343,6489.360431321871
25,1570.4549003604793,6541.491515692334
26,1589.0,6563.0
27,1600.1986484720958,6575.525905987026
28,1640.0,6611.0
29,1658.1470714763097,6624.199031539149
30,1708.0,6656.0
31,1736.4022441116426,6669.25532618847
32,1773.0,6682.0
33,1827.417867992294,6695.227918666101
34,1832.0,6696.0
35,1879.9791425180333,6700.801990602626
36,1930.0,6700.0
37,1957.2153697332415,6697.194353235519
38,1986.0,6692.0
39,2005.3602396436477,6686.894462256664
40,2021.0,6682.0
41,2086.100048124783,6656.097093836289
42,2105.0,6646.0
43,2132.94242535829,6627.1599676178175
44,2168.0,6592.0
45,2216.2707463693323,6528.888808944228
46,2225.0,6516.0
47,2272.470846449504,6414.108932151676
48,2277.0,6397.0
49,2286.75905444894,6347.384843997549
50,2294.5392726596933,6278.156166860569
51,2296.0,6257.0
52,2296.752253595741,6235.810891705409
53,2291.0,6173.0
54,2284.3244450509083,6132.980236325637
55,2280.0,6109.0
56,2272.261144265334,6069.928264936846
57,2259.0,6019.0
58,2248.018759450561,5982.367178536273
59,2197.0281771089585,5825.048777576668
60,2192.0,5810.0
61,2165.0,5735.0
62,2154.9923018641434,5707.737956590423
63,2137.0,5660.0
64,2087.3155812780615,5538.942275486995
65,2049.0,5450.0
66,2022.987167295559,5392.847118282398
67,2011.0,5367.0
68,1984.4726887185423,5309.23014248155
69,1953.0,5238.0
70,1906.9522529579483,5129.438016000004
71,1854.0,5000.0
72,1835.1626949730821,4950.787025569798
73,1819.8321459277483,4901.500230628132
74,1808.0,4857.0
75,1774.0,4667.0
76,1773.6104447222406,4659.433668380259
77,1771.0,4479.0
78,1771.0488346751322,4471.492368367397
79,1781.0,4341.0
80,1787.3598674134541,4284.171643855973
81,1799.0,4139.0
82,1799.691970913756,4120.571234102436
83,1799.3256692757002,3991.8274043913816
84,1799.0,3984.0
85,1780.0,3876.0
86,1723.118473958924,3754.744471631997
87,1718.0,3745.0
88,1659.8705558642264,3667.330623195441
89,1630.0,3646.0
90,1597.8138429266808,3621.4792172527746
91,1539.0,3579.0
92,1477.0,3544.0
93,1420.500386690479,3516.8443299755536
94,1346.0880344255318,3485.725947325321
95,1309.0,3471.0
96,1220.3519933086384,3437.2159785490717
97,1184.0,3424.0
98,1089.3141595021675,3392.477516377043
99,998.0,3354.0
100,892.0620266170284,3304.663600042116
101,882.0,3300.0
102,809.4144888566709,3268.6368053246038
103,772.0,3226.0
104,754.260790605136,3203.358709278453
105,679.0,3103.0
106,654.789629891073,3063.467878333732
107,649.1054397634608,3011.416695660622
108,649.0,3007.0
109,647.3134975047666,2911.3055631389957
110,650.0,2872.0
111,681.2804395459642,2774.318958798046
112,697.0,2749.0
113,710.0359955148931,2731.1110485563477
114,735.0,2705.0
115,782.0287090429617,2669.801361412615
116,856.0,2623.0
117,894.0628859378712,2601.701387899935
118,935.0,2596.0
119,973.3203115908082,2592.261282163956
120,1063.0,2587.0
121,1114.779489263628,2592.06986621951
122,1157.0,2602.0
123,1167.2579301957007,2604.494851517614
124,1246.0,2625.0
125,1317.3092033570842,2645.7683412415217
126,1428.2301532233514,2679.0191961524242
127,1435.0,2681.0
128,1498.372352632419,2698.075500531678
129,1563.0,2721.0
130,1630.5895052549195,2746.7322768175122
131,1758.0,2796.0
132,1815.8072831471054,2818.0661247999433
133,1876.0,2839.0
134,1879.1488818676867,2840.07969092999
135,1964.0,2869.0
136,2011.0855210169586,2884.663360116543
137,2173.0,2935.0
138,2221.0,2949.0
139,2292.1826312064813,2968.2702422682014
140,2384.8700062663556,2988.305355992766
141,2394.0,2990.0
142,2561.9938090325654,3015.8454120325932
143,2588.0,3019.0
144,2712.496042500906,3030.6761712268535
145,2871.0,3038.0
146,3080.0,3032.0
147,3192.0,3023.0
148,3210.4404340497176,3021.0236783650016
149,3348.0,3002.0
150,3381.1766293390187,2996.7769194016128
151,3498.0022106842835,2976.868137186185
152,3535.0,2970.0
153,3607.0,2956.0
154,3796.2619233204828,2920.4387320978813
155,3915.0,2898.0
156,3975.09862042394,2886.1604032959685
157,4109.0,2868.0
158,4273.913393169834,2857.7668587177436
159,4398.0,2852.0
160,4556.7777566556715,2860.5064982676486
161,4597.0,2868.0
162,4691.003028532836,2886.077083062002
163,4749.0,2899.0
164,4812.49983627051,2915.872852093506
165,4943.0,2962.0
166,5143.0,3054.0
167,5149.000288600098,3057.024175559994
168,5272.314880295788,3123.8791326909422
169,5374.825065530435,3186.347370212954
170,5418.0,3213.0
171,5533.041971459115,3284.9221642370976
172,5648.0,3353.0
173,5704.0,3384.0
174,5736.350522929531,3401.3546903756824
175,5859.0,3461.0
176,6064.202991752138,3537.007780202159
177,6141.0,3560.0
178,6261.768510822707,3585.4537295971063
179,6313.0,3593.0
180,6368.855666774547,3600.2333780019703
181,6442.0,3607.0
182,6661.417920123119,3619.263023356055
183,6815.740561542181,3625.6842773168482
184,6825.0,3626.0
185,6921.0,3627.0
186,6935.517498945631,3627.059317763183
187,7097.770394758561,3628.1534761551065
188,7178.0,3628.0
189,7230.6215085749,3627.430406351688
190,7256.0,3627.0
191,7401.0,3623.0
192,7405.202188743357,3622.8937269729718
193,7585.476331035899,3616.964885843058
194,7644.0,3612.0
195,7785.5163438839545,3596.676963384062
196,7878.0,3585.0
197,8028.14447677419,3555.269926301665
198,8102.0,3519.0
199,8152.167683307285,3493.5789745814136
200,8278.0,3424.0
201,8304.612105961904,3406.2354358327575
202,8367.0,3355.0
203,8459.876271641186,3256.6432485151545
204,8518.0,3189.0
205,8544.03018001843,3155.942284494205
206,8578.0,3095.0
207,8627.375145210002,2998.3390889507696
208,8643.0,2956.0
209,8687.047028537305,2761.7998267597854
210,8703.0,2658.0
211,8708.978689433961,2602.2053415104465
212,8698.0,2490.0
213,8688.411865288546,2423.8058675674256
214,8680.0,2375.0
215,8667.634343394428,2318.175334587576
216,8648.0,2254.0
217,8612.302008491059,2168.903917732677
218,8542.567040299482,2033.3266983093076
219,8516.0,1985.0
220,8447.0,1874.0
221,8438.615303015124,1860.9323866565085
222,8370.0,1753.0
223,8356.69348405489,1731.9396697286677
224,8245.864286650569,1555.7103934329418
225,8178.0,1448.0
226,8135.382326865754,1380.692923194799
227,8109.0,1334.0
228,8014.087749497863,1158.7677788482467
229,7947.0,1031.0
230,7874.747549230897,878.5419418486937
231,7840.0,794.0
232,7766.660034231705,623.7336768730354
233,7735.0,559.0
234,7665.520546561154,424.90431778697985
235,7623.0,352.0
236,7467.642482151533,191.4487516816806
237,7431.0,168.0
238,7409.858881216367,155.32035591195665
239,7363.0,135.0
240,7226.395190851267,93.90881896345296
241,7204.0,89.0
242,7089.717669725872,72.9561968371472
243,6993.0,67.0
244,6903.922256722402,65.85931362614406
245,6896.0,66.0
246,6798.0,70.0
247,6707.863810498392,76.7801685374007
248,6625.0,87.0
249,6608.13190006911,89.67580928249828
250,6600.0,91.0
251,6458.056200573952,116.3093387366171
252,6450.0,118.0
253,6307.735506091625,154.3090606444694
254,6299.0,157.0
255,6163.54069724341,204.28099382265466
256,6063.0,245.0
257,6037.628381057552,256.36557349448503
258,5950.0,302.0
259,5849.726956713375,364.8659160395708
260,5834.0,376.0
261,5726.741228943977,463.28844081411756
262,5709.0,479.0
263,5659.461160755549,526.5400911279332
264,5630.0,560.0
265,5580.0,626.0
266,5578.2046675489155,629.0221629386697
267,5521.64334821965,753.0931274500551
268,5514.0,774.0
269,5507.276983678728,826.463193951362
270,5510.0,842.0
271,5514.400455357634,867.3230554967306
272,5526.0,912.0
273,5541.0,944.0
274,5548.455020360878,958.2005360464955
275,5582.379922868109,1012.2292124591793
276,5602.0,1036.0
277,5687.0,1124.0
278,5706.50258682067,1142.1966525260168
279,5735.0,1164.0
280,5774.98599854328,1193.6368514531027
281,5817.0,1222.0
282,5888.100450217561,1263.613951923764
283,5922.0,1282.0
284,6001.250956848059,1319.3976349124246
285,6032.0,1331.0
286,6146.171477673721,1369.8329149824808
287,6172.0,1378.0
288,6262.0,1401.0
289,6271.897202038402,1403.0892712234438
290,6427.0,1432.0
291,6450.88353856075,1435.4173226531718
292,6510.0,1443.0
293,6594.0,1454.0
294,6661.5200024316755,1464.1684123024331
295,6702.0,1471.0
296,6749.95498062217,1479.8356498306177
297,6814.0,1493.0
298,6884.238504348719,1509.5588013859779
299,6968.0,1532.0
300,7070.0,1564.0
301,7138.832832895154,1591.2458062148846
302,7209.0,1623.0
303,7251.799785701418,1645.4255443253319
304,7332.955172813228,1707.551535266904
305,7352.0,1727.0
306,7395.203081512334,1782.6127918393638
307,7415.0,1818.0
308,7430.0,1850.0
309,7430.966565594079,1852.376698430805
310,7456.8838667543505,1959.5595516860321
311,7459.0,1998.0
312,7455.167642185824,2060.2636598153936
313,7445.0,2121.0
314,7437.901326749309,2150.837031363971
315,7417.913118444424,2206.7129308527783
316,7384.0,2267.0
317,7359.292719604295,2302.535374758906
318,7309.0,2364.0
319,7307.546335463594,2365.5681346614
320,7251.850417457311,2414.885649763539
321,7207.0,2443.0
322,7174.0,2461.0
323,7143.0497810966135,2475.54222401436
324,7067.1921827251335,2503.955917813317
325,7048.0,2510.0
326,6965.0,2530.0
327,6916.221991781255,2539.0695443622603
328,6842.0,2552.0
329,6652.0,2580.0
330,6487.0,2602.0
331,6401.0,2612.0
332,6364.192462871708,2616.1205566204526
333,6278.0,2625.0
334,6207.33912570682,2630.6394205515235
335,6186.0,2632.0
336,5969.0,2641.0
337,5934.096107895033,2641.6907424277647
338,5858.0,2641.0
339,5713.282540383165,2635.2782328248145
340,5691.0,2634.0
341,5580.024788758182,2625.9072781081645
342,5533.0,2622.0
343,5428.935990504977,2612.7703374692646
344,5345.0,2603.0
345,5126.0,2571.0
346,5092.904089289935,2565.713191903342
347,4916.0,2530.0
348,4856.907660808024,2516.435075694025
349,4732.0,2487.0
350,4605.434783033803,2453.5109464626707
351,4575.0,2445.0
352,4471.603283080684,2416.14185347362
353,4402.0,2396.0
354,4286.0,2360.0
355,4208.786126307393,2334.1556002537877
356,4098.0,2295.0
357,3978.5598070273177,2250.9304961911457
358,3968.0,2247.0
359,3688.7357456828877,2143.1935547004346
360,3680.0,2140.0
361,3613.971380476648,2117.26932163818
362,3545.0,2097.0
363,3426.4977922616426,2061.2725625320395
364,3254.0,2008.0
365,3064.949559094723,1945.118114980923
366,2873.0,1873.0
367,2837.7512865227545,1859.3066372366575
368,2782.85494063441,1837.0554446159126
369,2759.0,1827.0
370,2670.9142217534463,1789.1187101773644
371,2562.0,1741.0
372,2486.6814997315887,1705.7602060967124
373,2479.0,1702.0
374,2343.1496013296555,1633.3034109896817
375,2309.0,1616.0
376,2241.88032132602,1582.6349102904
377,2192.3008208088613,1562.9444186352766
378,2169.0,1557.0
379,2094.0,1545.0
380,2085.920706568785,1544.8291177413275
381,2038.3684399272029,1550.301775878455
382,2023.0,1555.0
383,1992.2675213051875,1569.1293750680056
384,1941.0,1605.0
385,1892.5883938442807,1647.9468773768263
386,1852.0,1686.0
387,1845.2770958117585,1692.140975647581
388,1812.1503692419517,1721.0427251107499
389,1759.0,1751.0
390,1749.0703266235937,1755.3004395385565
391,1678.0,1782.0
392,1668.6923083598501,1784.9285082534934
393,1609.307089048728,1794.7699237171248
394,1589.0,1795.0
395,1479.0,1786.0
396,1468.9498199613065,1783.6636508881452
397,1375.0,1748.0
398,1355.6722279685637,1739.0051445937243
399,1323.0,1712.0
400,1321.9083548416756,1710.8409088860158
401,1265.4159272277893,1646.1660819326667
402,1249.0,1625.0
403,1238.876126550325,1608.8489125838466
404,1232.0,1591.0
405,1213.937804293998,1535.6568663182688
406,1210.0,1510.0
407,1207.6691708339308,1472.8995718088818
408,1210.0,1378.0
409,1212.5480972536957,1345.1426474866978
410,1222.0,1290.0
411,1225.8935360682713,1268.3501969356757
412,1231.0,1239.0
413,1239.0700354343867,1189.6294462892263
414,1240.0,1184.0
415,1266.9925533265448,1023.8566229758192
416,1268.0,1018.0
417,1278.1372858789885,961.3323889528228
418,1281.0,945.0
419,1292.534481347805,877.5747581619972
420,1299.0,840.0
421,1310.1623233970877,776.3259384036396
422,1322.0,710.0
423,1328.1280574322957,675.934726694746
424,1339.0,615.0
425,1344.1092873647692,585.704167545406
426,1375.0,405.0
427,1379.5940673254825,378.5688318516444
428,1393.0920141908068,302.57227830818215
429,1404.0,241.0
430,1431.0,85.0
431,1459.0,-77.0
432,1479.6796621221729,-195.8921120237366
433,1495.0,-282.0
434,1502.1322832620208,-321.96148624288037
435,1523.0,-440.0
436,1537.2084372617217,-522.2334208668932
437,1555.0,-626.0
438,1560.8386970765082,-659.9762162050306
439,1575.8325791836555,-746.952008340355
440,1585.0,-806.0
441,1593.8501140192072,-869.0161793368779
442,1597.0,-897.0
443,1601.4648327102873,-954.3467778968675
444,1603.0,-1004.0
445,1601.7761547436203,-1059.7780053770157
446,1595.0,-1127.0
447,1575.0,-1214.0
448,1573.984270715184,-1217.2859958286751
449,1545.9945001746114,-1290.3285472600796
450,1525.0,-1331.0
451,1476.0,-1403.0
452,1449.2113662230902,-1434.771532169901
453,1401.0,-1480.0
454,1351.1093212375013,-1514.5883713261012
455,1252.0,-1566.0
456,1248.7537588881246,-1567.3539748628098
457,1181.172729230223,-1588.5493044684272
458,1139.0,-1596.0
459,1080.970574875705,-1602.5770112657344
460,1028.0,-1606.0
461,895.5616059952467,-1604.943937818176
462,819.0,-1601.0
463,756.52228897071,-1597.1232846931293
464,737.0,-1596.0
465,659.5174916594282,-1592.3239791313206
466,629.0,-1591.0
467,527.3137504220758,-1586.1660290417506
468,457.0,-1580.0
469,389.3966142133037,-1572.808148149124
470,256.0,-1557.0
471,171.9309721077462,-1542.773652775503
472,154.0,-1538.0
473,0.5452387207733036,-1494.6421628413746
474,-44.0,-1481.0
475,-95.84532536580923,-1464.2531652415157
476,-160.0,-1439.0
477,-348.63262850250067,-1346.324645051195
478,-408.0,-1316.0
479,-468.9958631597866,-1285.1789453584631
480,-525.0,-1236.0
481,-679.9803730965066,-1092.123277418507
482,-704.0,-1069.0
483,-777.3115696131568,-988.8310118981323
484,-813.0,-932.0
485,-829.0842550374846,-906.349369541336
486,-890.0,-806.0
487,-892.1697884886627,-802.1503102138338
488,-952.0,-671.0
489,-984.3961815320981,-545.3201887716948
490,-1015.0,-367.0
491,-1019.7867652974246,-279.9712086561166
492,-1002.0,-180.0
493,-993.5193948989131,-129.35036671847823
494,-986.0,-88.0
495,-953.0469856728851,39.39991400042774
496,-923.0,120.0
497,-893.0750825781365,192.64250843864278
498,-781.0,449.0
499,-770.411371715377,473.81989514199387
500,-718.7497574657956,606.5065982160061
501,-690.0,685.0
502,-642.5910488785499,808.1922351259672
503,-638.0,820.0
504,-538.0,1076.0
505,-487.36801074954406,1205.890687273166
506,-445.36094999376064,1314.2122868276613
507,-425.0,1367.0
508,-335.53329551461866,1600.6293762700873
509,-330.0,1615.0
510,-234.0,1864.0
511,-231.2113001906951,1871.2385016130297
512,-186.47352683854842,1988.0925040713223
513,-180.0,2005.0
514,-129.13715856948895,2137.440416957021
515,-105.0,2200.0
516,-50.0,2342.0
517,-11.605317245689815,2442.178361155416
518,51.77191233084163,2608.3130290759495
519,72.0,2661.0
520,169.7723199945253,2912.9247869712945
521,197.0,2983.0
522,237.4876726855898,3088.005037778887
523,278.0,3193.0
524,326.8810335872468,3318.47105089068
525,343.0,3360.0
526,386.9683980479732,3473.947355447244
527,412.0,3538.0
528,523.3382099477623,3816.029881420206
1,554.369822639023,3891.0464657024318
2,592.0,3982.0
3,619.6677023469227,4049.7531953355738
4,695.0,4236.0
5,734.6134896749267,4332.819918873826
6,747.0,4363.0
7,798.20257452777,4487.619141939655
8,839.0,4587.0
9,881.6385366731301,4691.126970653826
10,983.0,4940.0
11,989.4630436616372,4955.954648630121
12,1063.64819148705,5138.5173252861
13,1068.0,5149.0
14,1154.0,5363.0
15,1233.0965223963483,5597.732153535653
16,1258.0,5676.0
17,1294.3781231235994,5803.606065536087
18,1305.0,5844.0
19,1360.0,6047.0
20,1364.7630388738332,6064.4730442068485
21,1395.0,6168.0
22,1448.4101164068895,6316.321387708341
23,1470.0,6374.0
24,1486.222747751117,6417.2400461950765
25,1528.0,6485.0
26,1596.0,6571.0
27,1648.0,6617.0
28,1711.0,6657.0
29,1775.3284535064722,6682.772839396103
30,1807.0,6692.0
31,1850.019266127014,6702.250854166399
32,1913.0,6702.0
33,2020.0,6683.0
34,2060.1069767941253,6673.500843295246
35,2081.0,6659.0
36,2081.825170279739,6658.448880049693
37,2138.060419531367,6620.7682027838055
38,2147.0,6614.0
39,2187.0,6571.0
40,2238.8922850416925,6491.843166646422
41,2243.0,6485.0
42,2282.1574791222233,6380.809637473802
43,2285.0,6364.0
44,2294.933335275342,6283.805210309835
45,2295.0,6278.0
46,2284.7666292538,6135.887966407067
47,2284.0,6130.0
48,2267.0,6047.0
49,2266.5196579571702,6045.170341811104
50,2247.4151118276955,5976.9278718363075
51,2234.0,5933.0
52,2205.449492240781,5847.967963466787
53,2190.0,5804.0
54,2152.0,5699.0
55,2151.252748901049,5697.0235740787175
56,2114.0,5602.0
57,2100.4899357865615,5568.780942779417
58,2088.0,5539.0
59,2070.758717548027,5498.975776454086
60,2038.0,5425.0
61,2009.5960668536284,5362.575867483504
62,1985.0,5309.0
63,1954.7609618411022,5242.958782278351
64,1926.0,5177.0
65,1864.0,5028.0
66,1847.9981628737423,4987.307513797168
67,1815.0,4884.0
68,1805.2479051863033,4849.285325140335
69,1791.0,4785.0
70,1780.1993405204335,4691.3873667185035
71,1771.0,4468.0
72,1770.908695470629,4443.6165773523635
73,1778.0,4372.0
74,1778.265042375424,4369.754844230912
75,1796.0,4183.0
76,1796.1918077529765,4179.874738213681
77,1801.0,4000.0
78,1800.9506259982204,3997.50658102675
79,1779.3829721867905,3872.3988861749112
80,1775.0,3862.0
81,1697.0,3716.0
82,1670.904034156938,3677.012756553981
83,1634.0,3649.0
84,1587.5548132194804,3612.8224833946233
85,1542.0,3581.0
86,1486.0993752277031,3548.7292201958653
87,1357.0,3489.0
88,1355.2154046623791,3488.2426576406465
89,1295.6275038111173,3464.8974491202425
90,1252.0,3449.0
91,1146.0,3410.0
92,1134.2491016875256,3405.7760714553583
93,1048.0,3373.0
94,907.1498804577911,3306.1498110090433
95,807.0,3254.0
96,773.3016308983923,3232.8663274502715
97,753.0,3207.0
98,713.0648414138909,3159.4061574420075
99,709.0,3154.0
100,654.0,3031.0
101,648.0,2887.0
102,653.1521042859904,2851.601399553639
103,657.0,2841.0
104,694.6701368588119,2753.228363983355
105,702.0,2742.0
106,753.0,2689.0
107,789.1693008684642,2661.539824280087
108,839.3088447471201,2631.6633835858893
109,921.5527851077737,2599.649979609735
110,978.0,2589.0
111,1070.0,2588.0
112,1087.2145025087043,2589.757303411603
113,1157.0,2602.0
114,1217.363899592161,2616.903634590465
115,1240.0,2623.0
116,1317.0,2645.0
117,1340.3267627869127,2651.989480284935
118,1461.7945804664043,2689.343967772481
119,1480.0,2695.0
120,1529.200950877219,2710.3932502940474
121,1594.0,2733.0
122,1613.282715105116,2740.3918316375493
123,1681.0,2767.0
124,1772.0,2802.0
125,1774.4747465169078,2802.933863056718
126,1920.0,2855.0
127,1952.5294143248086,2865.8075081296824
128,2111.0267976123614,2916.836460742374
129,2121.0,2920.0
130,2224.6186494198932,2950.7944495115635
131,2250.0,2957.0
132,2339.7553949679063,2977.432946327462
133,2446.0,2999.0
134,2560.0,3016.0
135,2562.400493851943,3016.2868030559625
136,2693.7688742489804,3029.188422428591
137,2717.0,3031.0
138,2799.5031083908884,3036.129727400219
139,2824.0,3037.0
140,2973.0,3037.0
141,3046.779440306571,3034.3658020755493
142,3082.0,3032.0
143,3361.0,3001.0
144,3416.748040618975,2992.7001438568022
145,3559.0,2966.0
146,3689.969717701374,2940.141355054876
147,3701.0,2938.0
148,3860.0,2908.0
149,3890.7109531779156,2902.3310639957836
150,3997.416643400908,2883.711117854626
151,4038.0,2878.0
152,4231.155730703854,2858.685290515082
153,4336.0,2852.0
154,4435.548918388934,2850.4935263148145
155,4512.76012227599,2857.480100168778
156,4547.0,2862.0
157,4626.10660996768,2874.0190213587653
158,4683.0,2884.0
159,4792.8440744511445,2908.4484352177474
160,4890.0,2942.0
161,5090.0,3027.0
162,5144.059969258395,3052.1012495928244
163,5269.0,3123.0
164,5292.831090064106,3137.0751990390327
165,5350.0,3171.0
166,5391.321505145008,3196.1752454904076
167,5483.0,3253.0
168,5587.418704089482,3316.9910631914086
169,5630.0,3342.0
170,5909.0,3483.0
171,5912.418937684256,3484.3926563344103
172,6086.422694418137,3544.018646855521
173,6253.0,3584.0
174,6322.095319433013,3596.032142604904
175,6553.315561340738,3616.671078045269
176,6595.0,3619.0
177,6634.238824767535,3620.8726930924804
178,6737.0,3624.0
179,6784.062717075202,3625.2430424768845
180,6863.0,3627.0
181,6976.825283911608,3627.986345908747
182,7053.0,3628.0
183,7105.105158252664,3627.877811980506
184,7271.640949525193,3626.5189482102523
185,7301.0,3626.0
186,7432.270423688757,3622.4077965855104
187,7492.0,3620.0
188,7556.0,3617.0
189,7682.585358867904,3610.413535001131
190,7713.0,3607.0
191,7971.121439251743,3557.5016183527064
192,8049.0,3540.0
193,8103.455409812809,3527.185673424541
194,8205.0,3470.0
195,8306.947499661464,3398.824414102823
196,8380.0,3344.0
197,8515.192206049827,3204.8953640036107
198,8568.0,3113.0
199,8569.278379561561,3110.6226133430673
200,8665.153980653342,2890.748446265829
201,8671.0,2871.0
202,8689.287004175923,2795.0244341789257
203,8695.0,2750.0
204,8702.0,2557.0
205,8699.654363758833,2473.7319006881894
206,8684.0,2393.0
207,8677.964388325465,2367.981290925992
208,8649.030665558777,2260.00948434267
209,8626.0,2195.0
210,8578.0,2093.0
211,8555.437716674482,2051.6288386964216
212,8491.0,1944.0
213,8391.0,1786.0
214,8389.077781832535,1782.9758388833995
215,8322.0,1677.0
216,8283.311357766564,1615.47376649615
217,8231.0,1532.0
218,8221.143790419479,1516.2682829388823
219,8148.0,1399.0
220,8099.650505078463,1319.0262995382147
221,8088.0,1299.0
222,8010.0,1157.0
223,7949.164645347574,1034.7861640267026
224,7944.0,1024.0
225,7887.0,901.0
226,7872.9618618253035,869.4514255257345
227,7821.0,749.0
228,7794.968160966384,687.5893528042839
229,7754.0,599.0
230,7660.0,413.0
231,7639.873657231456,374.43357367327195
232,7599.00631470403,305.48323828686455
233,7558.0,269.0
234,7494.168543680581,210.9628962869654
235,7487.0,205.0
236,7402.931018178029,152.40884453618636
237,7379.0,143.0
238,7187.194626894891,87.04709030468072
239,7175.0,84.0
240,7064.59780945241,64.2493463741862
241,6996.275523307688,65.9782563528628
242,6989.0,66.0
243,6876.707465253536,65.82220755025672
244,6839.0,67.0
245,6737.399859075327,74.04431590840734
246,6715.0,76.0
247,6627.0,86.0
248,6623.737220244691,86.50130824088775
249,6453.344499545533,118.80382966751793
250,6337.0,146.0
251,6238.45076357537,174.79652388080154
252,6137.161602457387,213.6026671069965
253,6112.0,224.0
254,6034.055053398484,258.42862064164234
255,5982.0,285.0
256,5889.0,339.0
257,5858.326659849173,359.0463286185337
258,5789.683078147105,409.724648135826
259,5744.0,447.0
260,5714.0,473.0
261,5638.0,551.0
262,5595.0,604.0
263,5555.0,665.0
264,5530.516498210469,714.520261891277
265,5524.0,736.0
266,5519.546435091031,887.8055883533862
267,5525.0,913.0
268,5586.110380340377,1017.2117015680459
269,5605.0,1040.0
270,5621.809108543621,1060.0333150007832
271,5674.0,1113.0
272,5675.34079390583,1114.1903489037713
273,5744.0,1172.0
274,5772.638560163662,1193.6912732122573
275,5827.0,1229.0
276,5834.379729793794,1233.5009838719711
277,5878.0,1259.0
278,5885.9883422829,1263.3777844716683
279,5954.917671291569,1297.6857401815232
280,5982.0,1310.0
281,6027.209994521036,1329.413886055817
282,6057.0,1341.0
283,6128.924849431508,1365.2930094077435
284,6171.0,1378.0
285,6286.0,1407.0
286,6315.651771863813,1413.006169245185
287,6371.0,1423.0
288,6432.624516003105,1432.3791815282987
289,6480.0,1439.0
290,6573.0,1452.0
291,6599.07467965884,1455.848092206526
292,6778.0,1486.0
293,6832.631424405872,1497.667448267688
294,7016.478890550565,1546.6951604792398
295,7040.0,1554.0
296,7101.247179289296,1575.8101309242313
297,7128.0,1587.0
298,7162.590291509618,1602.304903814887
299,7241.0,1641.0
300,7319.288020258813,1695.1330132988621
301,7331.0,1706.0
302,7394.270465926459,1780.1331455040693
303,7403.0,1793.0
304,7427.103217323065,1836.8160311021638
305,7452.0,1933.0
306,7456.486571232317,1966.5857745649018
307,7458.0,2034.0
308,7457.936738996621,2035.2285578645376
309,7457.0,2049.0
310,7449.257894843042,2106.534773149323
311,7436.0,2153.0
312,7411.373930264284,2213.5635362891258
313,7392.0,2255.0
314,7380.975961638275,2276.470211750603
315,7336.0,2334.0
316,7326.6062746613825,2343.908909598651
317,7285.142285896262,2385.1943029344225
318,7275.0,2394.0
319,7222.0,2433.0
320,7214.953629328022,2437.696606088052
321,7163.0,2467.0
322,7160.74923298014,2467.9983627841466
323,7018.0,2518.0
324,6966.876348034785,2531.475109842287
325,6933.0,2537.0
326,6776.0,2562.0
327,6774.028481016058,2562.301343158204
328,6688.0,2575.0
329,6615.856741084676,2584.922576458811
330,6608.0,2586.0
331,6504.0,2600.0
332,6332.0,2620.0
333,6298.631640170972,2623.4135514929662
334,6097.501141578292,2637.6661088723936
335,6090.0,2638.0
336,5900.238059223132,2641.3093056736047
337,5881.0,2641.0
338,5742.0,2636.0
339,5738.843976278443,2635.839003137675
340,5625.0,2629.0
341,5584.849999274643,2626.16183421398
342,5480.0,2617.0
343,5359.366250388212,2603.9683429816837
344,5291.0,2596.0
345,5179.8556227327845,2580.69753893625
346,5113.0,2569.0
347,5097.901038757422,2566.2811675122693
348,4975.0,2543.0
349,4849.0,2515.0
350,4845.5038113780365,2514.1751597159164
351,4723.0,2484.0
352,4647.996201543089,2464.618709438636
353,4524.0,2431.0
354,4438.0,2406.0
355,4297.573214776314,2361.9226789123045
356,4138.0,2309.0
357,4032.119179275539,2271.4932702154233
358,3866.0,2208.0
359,3808.9304939904123,2186.127515497299
360,3723.091188042447,2154.5676910686443
361,3701.0,2147.0
362,3548.3840403555364,2098.123986343551
363,3492.0,2081.0
364,3402.8836233682277,2054.7453857839946
365,3355.0,2040.0
366,3018.928580647,1928.0856759888377
367,3007.0,1924.0
368,2937.3001294194214,1899.1639867999065
369,2902.0,1885.0
370,2809.132297651876,1847.3289891303218
371,2726.0,1813.0
372,2697.6697008812007,1801.0577039600876
373,2588.0,1753.0
374,2524.494925177872,1723.5111522222376
375,2488.0,1706.0
376,2448.490697059177,1686.5617558113777
377,2379.9715687758494,1652.0034907950655
378,2374.0,1649.0
379,2350.0,1637.0
380,2293.297531529184,1609.688101568658
381,2193.0,1565.0
382,2184.8080148227127,1561.8050942849427
383,2114.0,1546.0
384,2068.1791829960225,1545.230298683317
385,2063.0,1546.0
386,1963.5747658844953,1591.7482508712164
387,1930.0,1615.0
388,1862.105758124604,1674.0099560102885
389,1825.0,1708.0
390,1808.0399541557622,1721.7550519041774
391,1763.0,1749.0
392,1729.7697216280426,1764.2253755226902
393,1702.0,1775.0
394,1682.927420264555,1781.2481383887364
395,1595.0,1795.0
396,1583.9232313170492,1795.1133586731412
397,1507.0,1791.0
398,1472.9839391710327,1785.6065346020519
399,1411.0,1765.0
400,1385.2578274180735,1754.1424913059464
401,1360.0,1739.0
402,1355.4038505475703,1735.8516512899562
403,1303.0914794673815,1694.8777125077888
404,1296.0,1688.0
405,1273.3636803717604,1662.203269078103
406,1253.0,1633.0
407,1244.4534228131206,1618.7688381029302
408,1229.0,1584.0
409,1226.2396100635817,1575.1822741973313
410,1207.0,1483.0
411,1204.426000358952,1454.4147897484322
412,1207.0,1423.0
413,1207.5190560208478,1416.0723772257472
414,1211.6977394131725,1363.3347261335143
415,1213.0,1352.0
416,1219.0,1312.0
417,1233.2900635355513,1225.7033233915129
418,1241.0,1179.0
419,1249.1028875842612,1128.047784771602
420,1256.7839551618874,1080.810828191322
421,1259.0,1068.0
422,1274.801641193095,980.4962151959049
423,1276.0,974.0
424,1293.9712616791367,875.6383807642325
425,1296.0,864.0
426,1318.6832049240538,731.5817014474543
427,1321.0,718.0
428,1339.6183845464966,608.9240141041892
429,1349.8957245571512,549.7499044339721
430,1355.0,521.0
431,1365.017545429091,465.1258095368531
432,1387.0,342.0
433,1390.9854772307535,319.1312105223427
434,1403.0,249.0
435,1419.0,154.0
436,1421.5257313865675,139.08213225744444
437,1437.821722538525,44.085653040502876
438,1444.0,9.0
439,1471.3633510371665,-143.58135948071805
440,1473.0,-153.0
441,1488.0,-242.0
442,1496.869294745926,-293.2564342009801
443,1534.0,-503.0
444,1557.7991488454434,-634.9903136371825
445,1578.417074369894,-759.8779654642675
446,1581.0,-779.0
447,1589.4022288714132,-849.7475947828739
448,1600.0306400111438,-961.5875733195687
449,1603.0,-995.0
450,1606.693887510331,-1038.8242097897871
451,1591.0,-1149.0
452,1545.0,-1292.0
453,1537.3182909010166,-1310.5797128196461
454,1447.7420299124506,-1438.1567640801095
455,1396.0,-1483.0
456,1349.309027471185,-1518.5620364901517
457,1297.0,-1547.0
458,1213.0,-1579.0
459,1079.0,-1603.0
460,1074.5564000971763,-1603.2465075031093
461,913.0,-1605.0
462,886.7443783925745,-1604.6566656945292
463,807.591975174345,-1600.3851567067506
464,801.0,-1600.0
465,719.9402959207845,-1595.7074948377187
466,686.0,-1594.0
467,602.3304653325288,-1589.897669214659
468,535.0,-1586.0
469,440.0,-1579.0
470,437.0941136881833,-1578.7713228254072
471,331.0,-1568.0
472,97.92977240976327,-1522.2884010914365
473,58.0,-1513.0
474,-11.026205744358121,-1494.2331427341082
475,-83.0,-1468.0
476,-107.65208334141202,-1459.2071947630807
477,-171.0,-1435.0
478,-256.93713167158336,-1395.5544239352334
479,-399.6906092749791,-1320.9352234340658
480,-412.0,-1314.0
481,-525.6180070857354,-1242.2658265558466
482,-591.8931876035027,-1185.6797504785418
483,-653.0,-1123.0
484,-665.0843399086305,-1109.727424076465
485,-827.2631341367502,-909.1213196652307
486,-842.0,-888.0
487,-898.9928083613161,-795.621064834245
488,-945.438027264739,-692.6557538824488
489,-964.0,-640.0
490,-975.6049523827442,-602.2994341533608
491,-1000.3368638526322,-503.69055925948464
492,-1015.0,-369.0
493,-1012.7127359853413,-273.4931883386146
494,-1009.0,-231.0
495,-987.0,-95.0
496,-980.4278257678252,-63.77425605411301
497,-952.0,38.0
498,-927.9898340612489,100.9831771700629
499,-822.0,344.0
500,-767.1509814448642,479.4587370142964
501,-709.2290134501748,635.8342619240692
502,-699.0,663.0
503,-625.5564265937483,853.0262380454902
504,-579.0,972.0
505,-563.825332128034,1010.9998389284823
506,-496.0386833891246,1186.556805991086
507,-492.0,1197.0
508,-451.0,1303.0
509,-404.0,1425.0
510,-402.4623851423265,1428.9752399011095
511,-345.0,1577.0
512,-309.34545167371044,1669.2858895726458
513,-220.0,1902.0
514,-166.60290450242985,2041.336814462623
515,-109.09243656876124,2191.453595052618
516,-97.0,2223.0
517,-13.966388051528023,2439.298089077829
518,18.0,2522.0
519,46.33156209095524,2594.6430048784473
520,80.0,2681.0
521,116.47144222528732,2775.310824623653
522,160.0,2888.0
523,239.84411199019934,3093.9722708393792
524,253.0,3128.0
525,359.0,3403.0
526,402.03379007905727,3515.0313742586945
527,428.0,3581.0
528,500.0,3759.0
1,613.7301174800965,4037.4895937172505
2,641.0,4104.0
3,666.1518165923331,4165.065729449952
4,707.0,4264.0
5,746.0733421357758,4359.409197123616
6,779.0,4440.0
7,878.1460181377839,4682.653136597091
8,911.0,4763.0
9,964.7370258689097,4894.2632820616545
10,997.0,4973.0
11,1096.0,5216.0
12,1106.82047365778,5242.912117944552
13,1132.0,5306.0
14,1204.0,5501.0
15,1205.1060808555117,5504.288246409458
16,1256.0,5668.0
17,1276.485259722825,5740.269813855529
18,1308.0,5856.0
19,1339.9609563401548,5973.328685836677
20,1360.0,6046.0
21,1405.0,6201.0
22,1414.1543618069277,6229.039770783818
23,1448.0,6322.0
24,1467.6581770134676,6369.707847500606
25,1486.0,6410.0
26,1518.0332464858493,6470.310382275656
27,1550.0,6519.0
28,1601.3840544448844,6578.669306425603
29,1634.0,6608.0
30,1656.779179077052,6625.391772058205
31,1722.0,6664.0
32,1775.9774130010533,6685.064033376238
33,1791.0,6689.0
34,1849.698404087791,6698.726414060817
35,1913.0,6703.0
36,1937.0860255305104,6702.867423982085
37,1982.2329794611999,6696.498678919689
38,2024.0,6683.0
39,2042.0,6676.0
40,2073.83876164986,6662.43319876543
41,2107.0,6645.0
42,2147.742587174304,6613.655163874789
43,2181.0,6578.0
44,2190.143617765486,6566.622542642495
45,2226.703502107687,6514.468162680005
46,2229.0,6511.0
47,2260.0,6449.0
48,2260.9035487257233,6446.336794691945
49,2283.0,6374.0
50,2292.4198215249708,6339.631742325049
51,2293.9473647163495,6303.930794766375
52,2294.0,6300.0
53,2295.0,6243.0
54,2294.1617544227847,6218.276043902568
55,2283.4045495508594,6127.747179723566
56,2281.0,6114.0
57,2271.0,6066.0
58,2229.592398474634,5922.465394715481
59,2213.0,5870.0
60,2186.0952480382407,5790.071410200361
61,2158.0,5714.0
62,2154.6169502403154,5705.028089327792
63,2106.0,5581.0
64,2105.185730504942,5579.042647116892
65,2063.0,5482.0
66,2062.1364012435997,5480.055614729231
67,2010.965380404609,5365.758275036574
68,1958.0,5248.0
69,1935.9164115339506,5198.665140664317
70,1900.0,5115.0
71,1858.0,5013.0
72,1848.7313257248356,4988.582753005252
73,1829.0,4930.0
74,1799.0,4820.0
75,1785.873009109627,4754.097601166627
76,1769.0,4576.0
77,1768.8834403920005,4518.599432155044
78,1770.0,4489.0
79,1787.0,4276.0
80,1787.4044225328175,4271.407719617996
81,1798.13013820206,4149.279327931113
82,1802.0,4091.0
83,1803.399589650993,4061.6260125160097
84,1778.0,3871.0
85,1770.7191990204317,3853.1495175401847
86,1713.0,3737.0
87,1674.8684323428345,3676.6195304814282
88,1619.0,3636.0
89,1544.9925392198993,3585.717385215005
90,1486.0,3548.0
91,1353.259405798412,3486.12679938977
92,1286.0,3462.0
93,1220.559679153022,3437.872583199064
94,1100.0,3393.0
95,1057.821123882492,3377.7132531028196
96,1001.0,3355.0
97,922.0576879401484,3319.6563983719484
98,845.0,3280.0
99,815.543062496939,3261.319212491694
100,765.0,3219.0
101,756.5530093849351,3210.1846971733185
102,680.0,3104.0
103,663.4957137314002,3070.79256609415
104,650.0,3011.0
105,644.3561936363159,2940.801305333869
106,647.0,2892.0
107,662.0002790477942,2823.2686692629645
108,664.0,2817.0
109,685.7380834106009,2765.5600938187304
110,713.0,2728.0
111,811.6899111112671,2651.6415323561982
112,876.0,2614.0
113,904.9963807706139,2600.687957931308
114,938.0,2595.0
115,989.4707262352531,2588.474024329252
116,1056.0,2586.0
117,1107.9742339820252,2592.481649843185
118,1146.0,2600.0
119,1239.0,2623.0
120,1241.3820716238463,2623.676149489471
121,1357.1873388749389,2658.1442139575483
122,1390.0,2668.0
123,1438.1077253375138,2681.965944092279
124,1464.0,2690.0
125,1535.0201858278292,2713.049303572505
126,1588.0,2731.0
127,1609.0425474540507,2738.9246986821518
128,1631.0,2748.0
129,1721.0,2783.0
130,1787.748567060003,2807.332869639326
131,1942.0,2862.0
132,1982.4578375124781,2876.2334425158815
133,2080.9217746365034,2908.897786937188
134,2133.0,2924.0
135,2168.0,2934.0
136,2230.2626863625933,2951.420749019163
137,2335.0,2978.0
138,2399.9803225957953,2991.513105456619
139,2447.0,3000.0
140,2525.939330490083,3011.9598965365417
141,2574.0,3018.0
142,2682.072610690501,3028.6077350272976
143,2744.0,3033.0
144,2811.1727186641283,3036.3711679129747
145,2904.0,3038.0
146,2923.2644403903796,3037.9045129307665
147,3054.0,3034.0
148,3164.7687601656157,3025.282388918394
149,3374.0,2999.0
150,3414.579029204176,2992.977641377292
151,3600.0,2958.0
152,3701.9980096257905,2937.9090250047516
153,3743.0,2930.0
154,3888.0,2903.0
155,3930.02964564215,2895.4005325626295
156,4022.0,2880.0
157,4025.159000732295,2879.5264152308755
158,4145.0,2864.0
159,4162.623771901564,2862.13166293799
160,4219.0,2857.0
161,4342.77009526549,2852.105291981666
162,4383.0,2852.0
163,4608.0,2870.0
164,4689.632795870396,2887.295860195284
165,4859.0,2932.0
166,4905.778408181192,2945.925805117298
167,5028.475190878916,2995.7966019374094
168,5087.0,3026.0
169,5292.807641648696,3138.176787805811
170,5305.0,3145.0
171,5392.630709108965,3196.516453631285
172,5451.0,3234.0
173,5529.3590261484505,3282.994078689203
174,5624.0,3339.0
175,5664.275574269004,3361.5769144014193
176,5788.0,3428.0
177,5868.925524860264,3468.37444695304
178,5943.0,3497.0
179,6065.689058492444,3537.0233498326925
180,6211.0,3576.0
181,6228.6912171315125,3579.6813754008544
182,6352.0,3598.0
183,6402.215283578809,3603.828750609672
184,6463.0,3610.0
185,6591.119993891106,3618.3914198027687
186,6605.0,3619.0
187,6937.0,3628.0
188,6994.322676429554,3628.7443792853223
189,7095.0,3628.0
190,7180.937410688637,3627.806144938676
191,7289.0,3627.0
192,7402.877281958184,3624.280840861503
193,7462.0,3622.0
194,7590.0,3615.0
195,7594.020494626937,3614.7370534329166
196,7812.0,3595.0
197,7874.432259639493,3585.6952712979905
198,7934.0,3573.0
199,8160.0,3494.0
200,8163.489926792507,3492.361524749814
201,8286.673036205404,3420.275366344261
202,8410.0,3316.0
203,8421.943066396763,3304.4753386866196
204,8535.93853245503,3165.513924208638
205,8563.0,3123.0
206,8580.804161621996,3092.6248529346053
207,8585.0,3085.0
208,8655.0,2925.0
209,8692.433425333993,2771.1077352522802
210,8702.0,2685.0
211,8701.201883665457,2551.3458248865245
212,8677.0,2358.0
213,8668.211723541808,2311.3045028423157
214,8635.25798911305,2215.455086611365
215,8627.0,2197.0
216,8575.307927110856,2089.9019201516826
217,8550.0,2042.0
218,8509.827174285936,1973.5577939048862
219,8451.0,1881.0
220,8320.0,1674.0
221,8308.960355232877,1656.6098165380986
222,8270.369582172701,1596.5616091397276
223,8250.0,1564.0
224,8173.0,1439.0
225,8163.328616258311,1423.2153514552278
226,8072.563902111116,1272.427358863449
227,8045.0,1223.0
228,8031.0,1197.0
229,7987.803282369001,1114.0521212884416
230,7956.0,1050.0
231,7897.516541018472,924.4665432632205
232,7850.0,817.0
233,7799.967589171743,701.2388229922691
234,7783.0,663.0
235,7732.0,553.0
236,7723.971372579096,536.1947742149579
237,7660.0,411.0
238,7644.227402246346,384.4023312616416
239,7577.0,290.0
240,7548.409665285248,258.6438434337065
241,7503.0,217.0
242,7469.551183399182,191.8861729755264
243,7406.0,154.0
244,7355.87153931619,131.11945170316673
245,7210.0,89.0
246,7133.556986860194,77.42445569509995
247,7110.0,75.0
248,7014.053583115226,68.35260376779078
249,6938.0,66.0
250,6858.211629924943,66.59341876109548
251,6666.0,81.0
252,6653.457536332709,82.4180092306934
253,6511.518167707889,105.52654447861131
254,6504.0,107.0
255,6354.0,142.0
256,6178.019208384267,199.99213045615735
257,6119.0,221.0
258,6026.441654819102,260.25347704341766
259,5998.0,276.0
260,5855.0,361.0
261,5843.045222610139,368.96149107583335
262,5780.0,416.0
263,5720.272418587006,468.83972778013015
264,5698.0,489.0
265,5679.116425144159,505.40794668438866
266,5618.0,575.0
267,5545.0,684.0
268,5520.0,747.0
269,5509.0,818.0
270,5516.277770535503,881.3779012978995
271,5525.0,911.0
272,5541.562934045032,951.2074337838625
273,5578.0,1005.0
274,5650.0,1089.0
275,5678.382581105276,1119.4655340282357
276,5701.0,1136.0
277,5701.896637492414,1136.701541303919
278,5763.049840453094,1185.3461780547946
279,5773.0,1193.0
280,5826.0,1228.0
281,5920.856079219129,1280.6484078531664
282,5929.0,1285.0
283,6048.913420480439,1338.1720240801728
284,6069.0,1345.0
285,6159.961016264311,1374.5049476235192
286,6165.0,1376.0
287,6268.837424000461,1402.8643994858057
288,6274.0,1404.0
289,6370.0,1422.0
290,6372.201456610241,1422.3624305196422
291,6451.513565123742,1434.674560231774
292,6502.0,1442.0
293,6600.7983024082105,1455.502931877625
294,6652.0,1463.0
295,6773.0,1484.0
296,6775.226737126055,1484.4453388827988
297,6884.0,1509.0
298,6929.369363928855,1521.003936763908
299,6968.0,1532.0
300,7010.141638202367,1544.732211313693
301,7076.0,1567.0
302,7129.293979534429,1587.7865385706848
303,7173.0,1606.0
304,7221.48224034799,1627.524919803845
305,7264.0,1655.0
306,7355.0,1730.0
307,7377.944900289425,1752.8499569311643
308,7418.0,1820.0
309,7427.22146804361,1840.1335248877613
310,7440.0,1876.0
311,7449.459609309928,1927.9204655351332
312,7457.0,2051.0
313,7457.0690513115305,2064.2269269785766
314,7450.0,2101.0
315,7449.689802785367,2102.135174991022
316,7422.0,2193.0
317,7421.452572088636,2194.362049980811
318,7384.0,2268.0
319,7383.34840183716,2269.119207004965
320,7335.42097298543,2335.421087508662
321,7330.0,2341.0
322,7246.0,2417.0
323,7220.363332456348,2437.5245421615823
324,7190.0,2453.0
325,7151.296262455366,2471.830579496613
326,7113.0,2488.0
327,7065.697002926662,2503.9291182920424
328,6955.0,2532.0
329,6953.440383669735,2532.3426756697
330,6900.289635784491,2542.445936197628
331,6860.0,2549.0
332,6760.0,2565.0
333,6748.687653105352,2566.653556751431
334,6664.0,2578.0
335,6523.258120316535,2596.4154800848733
336,6419.0,2610.0
337,6377.421050058445,2615.352060596375
338,6332.0,2620.0
339,6251.771213469778,2627.25082011921
340,6243.0,2628.0
341,6058.0,2639.0
342,5842.0,2640.0
343,5786.0823825214475,2638.974199515024
344,5767.0,2638.0
345,5599.051108301745,2627.8069104322376
346,5575.0,2626.0
347,5444.0,2614.0
348,5361.957532326944,2604.7691891922714
349,5255.193254670337,2590.9338018316284
350,5092.189825861711,2565.316315034775
351,4986.0,2545.0
352,4820.0,2508.0
353,4789.231581269787,2500.6804580912894
354,4666.0,2470.0
355,4563.837685390012,2442.514961766719
356,4526.0,2432.0
357,4399.0,2395.0
358,4361.673045492653,2383.29069252792
359,4171.899781318678,2320.558055717584
360,4144.0,2311.0
361,4070.1494375439615,2284.7768682735486
362,3973.0,2248.0
363,3942.674388354214,2236.6888300698806
364,3836.0,2197.0
365,3701.0,2147.0
366,3697.36968290494,2145.7323932497893
367,3488.0,2080.0
368,3443.346568662274,2066.2884724091796
369,3230.315473472928,2000.2016706405418
370,3217.0,1996.0
371,3081.4074800883054,1950.5030603964667
372,3050.0,1939.0
373,2940.9920083202687,1898.3569719146271
374,2818.0,1851.0
375,2703.0,1803.0
376,2700.7718849118087,1802.0339587342921
377,2586.663864421871,1751.423227967787
378,2568.0,1743.0
379,2505.556273440435,1714.3879531542377
380,2488.0,1706.0
381,2387.0,1655.0
382,2339.6067198665073,1631.0083775363694
383,2319.0,1621.0
384,2179.0,1561.0
385,2151.924119092607,1552.203426741848
386,2085.0,1544.0
387,2028.6122637207059,1553.4656924419958
388,2024.0,1555.0
389,1959.0,1591.0
390,1946.3829327339015,1600.808391813318
391,1901.9932793499224,1641.0691669952312
392,1885.0,1656.0
393,1803.8160744393292,1720.5538612442717
394,1760.0,1751.0
395,1719.1832773516253,1772.3484250541655
396,1687.9849148346207,1780.0754880874617
397,1674.0,1783.0
398,1641.5183752423113,1789.2149134527995
399,1618.0,1793.0
400,1571.998246736974,1797.2327262294125
401,1531.0,1794.0
402,1447.0,1778.0
403,1424.948883095341,1772.315165268566
404,1379.0,1750.0
405,1370.3616791124866,1745.1107343382632
406,1350.0,1733.0
407,1336.2359531856364,1723.4921276824807
408,1308.0,1700.0
409,1268.0,1655.0
410,1218.0,1552.0
411,1217.6335040207723,1550.6720132404512
412,1206.8238705296467,1481.8481595211722
413,1207.0,1411.0
414,1209.3812842999396,1379.2016306802707
415,1226.2546396997566,1267.729371007542
416,1229.0,1252.0
417,1231.0309599889888,1240.6669625888485
418,1236.0,1211.0
419,1239.522654040914,1188.3251757904823
420,1246.0,1147.0
421,1255.9722078781986,1087.1626624098308
422,1263.0,1047.0
423,1267.9325048375597,1019.4682348344024
424,1284.1417696984524,930.2731677677605
425,1287.0,914.0
426,1299.7876375496526,838.6628703785722
427,1306.0,803.0
428,1313.0,764.0
429,1326.513712430967,685.3509842929129
430,1330.0,665.0
431,1362.7241664226842,476.75428470585854
432,1373.0,418.0
433,1380.288167578395,376.4579468810182
434,1397.0,282.0
435,1414.8408661709689,180.89615220458603
436,1428.0,106.0
437,1456.2413891891679,-58.11871236049359
438,1472.0,-150.0
439,1472.4165218575806,-152.3805029109035
440,1511.6354324185124,-372.41303284949043
441,1515.0,-392.0
442,1527.6442405186153,-466.8517410417629
443,1535.0,-510.0
444,1566.0,-689.0
445,1578.2688504623288,-759.1534388565493
446,1587.0,-816.0
447,1589.5109271289825,-835.245628742759
448,1599.6051741618542,-922.1082102973302
449,1603.0,-975.0
450,1602.0,-1058.0
451,1599.2772654112334,-1091.9396649141015
452,1585.0,-1180.0
453,1541.0,-1302.0
454,1539.8851617212017,-1304.2097371459076
455,1495.0,-1378.0
456,1465.0475831988874,-1416.853158567521
457,1419.0,-1464.0
458,1409.5513715781944,-1472.1768106256288
459,1334.0,-1527.0
460,1279.1806771919944,-1555.2278763766276
461,1265.0,-1561.0
462,1161.0,-1592.0
463,1067.4073167337629,-1603.4760465374043
464,1059.0,-1604.0
465,962.0,-1606.0
466,937.0237628786344,-1605.6114167710257
467,842.0,-1602.0
468,794.4005988170246,-1599.7938501227331
469,720.0,-1596.0
470,550.0,-1587.0
471,513.7946846740675,-1584.9929938949454
472,442.3731182502107,-1580.1883825141908
473,386.0,-1574.0
474,299.03675496558384,-1564.3230747844905
475,289.0,-1563.0
476,172.0267988901515,-1541.8980625954887
477,144.0,-1535.0
478,-54.710199582652336,-1477.785213570818
479,-67.0,-1474.0
480,-178.01193192832469,-1436.0106058341005
481,-244.92936930344882,-1403.493688060389
482,-252.0,-1400.0
483,-360.37920214685687,-1344.7834819691748
484,-396.0,-1324.0
485,-489.7644579239866,-1261.5923949728258
486,-510.0,-1247.0
487,-586.0,-1185.0
488,-588.6646330985084,-1182.5067050813334
489,-721.0924591529478,-1043.9867617217456
490,-805.0,-943.0
491,-868.2089652926855,-850.6547530361728
492,-920.821024004368,-745.0268814252844
493,-933.0,-718.0
494,-968.2042840113945,-631.8962980460765
495,-987.0,-568.0
496,-1011.0,-440.0
497,-1014.8977692656871,-392.21336160334147
498,-1012.6367030762945,-270.6860735489471
499,-1003.0,-183.0
500,-993.0,-123.0
501,-947.0,53.0
502,-903.0,167.0
503,-842.0,296.0
504,-801.5409911185628,395.83669422082073
505,-785.0,439.0
506,-664.8948914202348,750.9184744292594
507,-644.0,805.0
508,-550.1652269081059,1046.9026406028381
509,-528.0,1104.0
510,-507.8589170287062,1155.9682503343643
511,-446.0,1316.0
512,-444.4915881017885,1319.8993700981687
513,-369.0,1515.0
514,-338.8594970679508,1592.930533609137
515,-286.0,1730.0
516,-279.20701602330143,1747.6800009778499
517,-238.0,1855.0
518,-229.5390067826796,1876.9969963429207
519,-147.2164969382689,2090.4899378947307
520,-118.0,2166.0
521,-76.96151913943926,2271.7210964397586
522,-53.0,2334.0
523,0.6648742782276603,2476.1272445131644
524,31.0,2556.0
525,112.0,2763.0
526,131.88527442125252,2813.9202633053637
527,168.0,2907.0
528,206.693400923997,3007.673990580321
529,236.0,3084.0
530,292.0,3229.0
531,306.14616671884403,3265.5434359930246
532,394.0,3492.0
1,659.6869189045552,4149.3458635098905
2,694.0,4233.0
3,724.2357910689632,4306.141837955176
4,760.0,4393.0
5,798.72698136587,4488.1216870751205
6,845.0,4602.0
7,930.0638177195246,4810.063316523132
8,944.0,4844.0
9,1057.0,5119.0
10,1108.1314864004758,5245.332531587435
11,1138.0,5322.0
12,1207.0,5510.0
13,1214.6977991029728,5533.27926106334
14,1271.4130884797582,5724.440475266183
15,1289.0,5788.0
16,1377.0,6105.0
17,1378.9870178524304,6111.443919392021
18,1439.0,6300.0
19,1448.8164826131087,6329.052013748969
20,1495.0214846059716,6447.807489903718
21,1535.0,6496.0
22,1537.819921367916,6499.796858077886
23,1584.0,6556.0
24,1599.4965756822294,6569.651578748281
25,1712.5718051319107,6656.001386961848
26,1726.0,6665.0
27,1776.387016141239,6689.921318789928
28,1818.0,6695.0
29,1882.0,6702.0
30,1894.4073724048708,6703.577474258565
31,1978.0,6694.0
32,1981.9658645257011,6692.946288002121
33,2048.0,6674.0
34,2155.2570510301734,6626.735395722212
35,2169.0841082916795,6598.570913893458
36,2179.0,6580.0
37,2198.2351879791563,6556.572037891215
38,2210.0,6540.0
39,2239.0,6492.0
40,2239.7390810765773,6490.699035167418
41,2260.123721115531,6449.869294173351
42,2267.0,6428.0
43,2294.0,6300.0
44,2297.452151513555,6278.330465339453
45,2294.1526193282225,6188.850970372166
46,2291.0,6171.0
47,2272.0,6069.0
48,2265.3056069780014,6040.538945897909
49,2254.0,5998.0
50,2232.0,5926.0
51,2228.367644456469,5914.962084988688
52,2200.0,5833.0
53,2183.3670945699823,5785.813054774924
54,2166.0,5738.0
55,2132.4853574922936,5649.698136515963
56,2097.4108133849936,5560.038894919074
57,2095.0,5554.0
58,2082.2388466530488,5523.519878832604
59,2070.0,5497.0
60,2043.4544648358656,5438.732937610616
61,1969.0,5274.0
62,1928.0103161437812,5181.809423167325
63,1896.0,5106.0
64,1886.0329507320926,5081.464925181377
65,1851.0,4991.0
66,1819.0,4896.0
67,1804.5871622125192,4844.187077176148
68,1784.0,4747.0
69,1772.0,4644.0
70,1769.207705776302,4589.892642843079
71,1770.0,4497.0
72,1772.7953534922535,4444.093944311882
73,1794.0,4203.0
74,1800.454437148689,4128.1696386093445
75,1802.0,4067.0
76,1799.3741706383041,4017.6162579941033
77,1779.3089249476386,3880.3078100945263
78,1776.0,3866.0
79,1766.0,3837.0
80,1691.9771040733037,3718.097003888422
81,1667.0,3682.0
82,1597.7512152383276,3615.367715319322
83,1575.0,3602.0
84,1520.5635954500187,3567.772920753915
85,1504.0,3558.0
86,1423.93668584302,3517.5570991237037
87,1352.0,3487.0
88,1237.5243933814913,3443.7818797016457
89,1211.0,3434.0
90,1056.3072040927057,3376.818721423301
91,1046.0,3373.0
92,987.8286171001398,3351.322275238719
93,951.0,3333.0
94,837.0,3275.0
95,817.9720523699779,3263.127456677569
96,784.0,3236.0
97,737.1771668589996,3188.9058328748456
98,733.0,3184.0
99,692.3236745125512,3125.1637635958027
100,673.0,3085.0
101,658.0,3041.0
102,654.0836671751434,3024.94954309956
103,647.0,2976.0
104,646.6424712371861,2910.233212796987
105,653.0,2863.0
106,661.643964904454,2828.180353541746
107,670.0,2804.0
108,726.0,2716.0
109,726.9733789079378,2714.9893430441275
110,736.0,2706.0
111,779.6606291228089,2669.0223004792024
112,795.0,2658.0
113,837.5467134471943,2631.703635781316
114,871.0,2617.0
115,1003.0,2587.0
116,1004.867347335732,2586.7866087145935
117,1054.3015084843055,2585.4495417307558
118,1092.0,2590.0
119,1165.4762645934366,2603.9964572125477
120,1174.0,2606.0
121,1333.9720714748196,2650.658330303792
122,1342.0,2653.0
123,1427.078730677569,2677.9253562674576
124,1481.0,2695.0
125,1543.6186436090732,2715.4886940689166
126,1586.0,2730.0
127,1635.0,2749.0
128,1691.1143862438557,2770.602736594684
129,1819.0,2819.0
130,1820.9358151779868,2819.724728423362
131,1873.7288367451388,2839.115254985164
132,1937.0,2860.0
133,2027.3658083701193,2889.075195259975
134,2149.0,2928.0
135,2218.33230736696,2950.343727111993
136,2270.3838058116435,2962.1807752515406
137,2279.0,2964.0
138,2395.256540500117,2987.8438298079636
139,2512.0,3010.0
140,2530.045218013576,3013.085086187436
141,2634.229911659597,3026.32109655557
142,2730.0,3032.0
143,2743.654923674106,3032.8902655953234
144,2836.0,3037.0
145,2956.9225780889087,3035.8301997335448
146,3067.0,3033.0
147,3153.700562516977,3029.84861147258
148,3316.0,3008.0
149,3358.0,3001.0
150,3375.2385007061926,2998.1016487076236
151,3569.0,2964.0
152,3571.516847209318,2963.529491673945
153,3740.0,2931.0
154,3851.0971004081293,2910.1153313351833
155,4021.0,2880.0
156,4193.533716983656,2857.2280583346615
157,4360.0,2852.0
158,4386.3554773380065,2851.0293003476045
159,4457.687452557066,2849.336183591036
160,4554.0,2863.0
161,4718.182223604783,2895.1136394814666
162,4791.0,2911.0
163,4900.710763980815,2945.9721878603154
164,4908.0,2949.0
165,5119.0,3042.0
166,5151.00713977414,3058.020760251011
167,5258.834223267916,3117.0313879441646
168,5283.0,3131.0
169,5402.0,3203.0
170,5417.517311451119,3212.7953164455116
171,5548.1918863834035,3300.723005041219
172,5624.95705409594,3354.90005786335
173,5749.9639121775845,3417.4795351899834
174,5876.0,3469.0
175,5933.557565089317,3490.6496107951757
176,6079.0,3543.0
177,6189.506220421686,3582.7838727126377
178,6324.0,3595.0
179,6515.102183635755,3612.866244849745
180,6561.0,3617.0
181,6665.730604679284,3624.5559031768757
182,6695.0,3623.0
183,6717.556248977629,3623.2249089882625
184,6799.0,3625.0
185,6929.537051405382,3627.3431646908875
186,6972.0,3628.0
187,7072.523404089184,3629.248087816719
188,7209.0,3628.0
189,7265.098603893506,3626.788085053238
190,7444.0,3622.0
191,7584.293444941832,3616.726850901143
192,7656.491463030219,3610.817786747889
193,7666.0,3610.0
194,7779.290193081875,3599.5808916078504
195,7823.0,3594.0
196,7958.0,3567.0
197,7961.639708461829,3566.054914092929
198,8087.0,3526.0
199,8131.074942691215,3507.69889369296
200,8258.0,3438.0
201,8260.631788175606,3436.240743223925
202,8397.0,3329.0
203,8409.25850192798,3317.755940160779
204,8494.0,3221.0
205,8538.077684912865,3156.146704202225
206,8619.0,3016.0
207,8668.326274646646,2885.5717440885337
208,8693.0,2761.0
209,8698.777798230914,2716.682063381928
210,8705.07105845009,2586.904343102842
211,8691.0,2436.0
212,8690.456257006635,2432.7478267945357
213,8632.0,2210.0
214,8623.621270091782,2187.032174646091
215,8541.119037321034,2026.4301569494673
216,8536.0,2018.0
217,8490.0,1944.0
218,8434.05357903204,1855.7132535606743
219,8372.694365538657,1759.0710349927729
220,8367.0,1750.0
221,8299.0,1641.0
222,8250.871731059238,1565.1576706149506
223,8222.0,1519.0
224,8174.797059287925,1441.4548672500546
225,8169.0,1432.0
226,8091.006604940661,1306.2489764837069
227,8056.0,1243.0
228,8007.261438178025,1149.9013368785536
229,7954.0,1045.0
230,7896.307255869518,925.7559081505517
231,7867.597148310207,856.1576325926474
232,7855.0,827.0
233,7810.95883588736,727.1221528285523
234,7806.0,716.0
235,7725.0,538.0
236,7717.524035050684,522.209940563894
237,7668.0,426.0
238,7615.270135735984,344.1761833916972
239,7563.0,275.0
240,7538.163167334153,246.04700945613388
241,7456.0,183.0
242,7450.924438995993,180.2850387889389
243,7295.0,111.0
244,7227.784695609627,85.98239745536085
245,7170.0,83.0
246,7114.229735418218,79.6181572478264
247,6965.955297823222,69.92083478035238
248,6877.0,66.0
249,6730.91941905748,74.22201036944311
250,6724.0,75.0
251,6611.1114542385685,88.47171374243979
252,6533.0,102.0
253,6430.213626606178,123.83785522162087
254,6380.0,135.0
255,6293.913924861984,154.12723180927838
256,6165.0,202.0
257,6062.6920374184465,247.10445538630262
258,5993.0,279.0
259,5893.141871809428,334.70819427599395
260,5877.0,346.0
261,5826.896425582359,381.8034653021297
262,5757.0,436.0
263,5695.417975328796,490.10211389377207
264,5673.0,512.0
265,5628.0,561.0
266,5619.409675363092,571.0814936655564
267,5571.079709952006,636.49127727944
268,5562.0,653.0
269,5509.0,810.0
270,5504.404028004152,839.4858128237586
271,5514.0,875.0
272,5523.893163576511,905.1658713524723
273,5547.0,956.0
274,5553.418876140705,966.5793921538448
275,5640.0,1079.0
276,5657.8284810841815,1099.294094838881
277,5700.720173489935,1138.4375020815473
278,5727.0,1158.0
279,5727.74068059978,1158.5549006322954
280,5743.0,1170.0
281,5765.408169084006,1186.7371838872302
282,5788.0,1203.0
283,5813.703702729264,1220.2409795936767
284,5861.0,1249.0
285,5914.077763641089,1278.0554809341745
286,5953.0,1297.0
287,6018.0,1325.0
288,6026.335919823587,1328.4544646947568
289,6111.0,1359.0
290,6157.589370035371,1372.6589226701874
291,6255.0,1400.0
292,6246.494573312203,1399.3930911211355
293,6242.0,1397.0
294,6260.028706388753,1400.292575605219
295,6378.0,1423.0
296,6391.444855985816,1425.300875283646
297,6490.0,1440.0
298,6492.557333502199,1440.3572039448945
299,6576.964624861459,1451.9030911451414
300,6619.0,1458.0
301,6668.902031896578,1465.7267284078694
302,6739.0,1478.0
303,6793.705301378389,1489.2348378738036
304,6943.386390917297,1525.6990998402368
305,6971.0,1533.0
306,7057.236756811913,1558.9513208412295
307,7090.0,1572.0
308,7179.831733752291,1613.112158363213
309,7269.0,1659.0
310,7311.867158760633,1688.1071137113327
311,7338.0,1714.0
312,7379.487610614152,1758.3817124878437
313,7396.0,1783.0
314,7448.0,1906.0
315,7453.681800379811,1923.5503946218157
316,7458.178377066351,1960.096808919461
317,7458.0,1979.0
318,7458.97512038016,2038.8514064042577
319,7456.0,2063.0
320,7423.4027174888915,2183.4380867587715
321,7416.0,2206.0
322,7401.399909836651,2243.081351035695
323,7385.0,2266.0
324,7381.15669269571,2271.538945729399
325,7336.0,2334.0
326,7330.110632712402,2341.042619319722
327,7269.0,2400.0
328,7255.383821555704,2410.3530084667227
329,7204.465219298356,2444.2183779023444
330,7200.0,2447.0
331,7136.0,2479.0
332,7007.674630369058,2519.9033321876964
333,6997.0,2523.0
334,6922.075255785109,2542.1384334611007
335,6839.0,2553.0
336,6836.744001250843,2553.3955287829417
337,6811.0,2558.0
338,6761.317969306207,2565.8646112635106
339,6677.0,2577.0
340,6617.254123470503,2584.868579005289
341,6500.280189982934,2600.0850211030265
342,6493.0,2601.0
343,6390.150344348022,2613.211729493483
344,6365.0,2616.0
345,6312.057936898631,2621.6940826280393
346,6188.661019542101,2632.374787346116
347,6161.0,2634.0
348,6019.0,2640.0
349,6014.796426833559,2640.122990871301
350,5896.838630433487,2641.6190061102207
351,5748.0,2637.0
352,5708.249062421675,2635.112870198018
353,5555.0,2624.0
354,5551.83012767226,2623.7153787515163
355,5384.0,2607.0
356,5279.1161803154355,2593.963283093966
357,5196.0,2582.0
358,5154.736293608258,2575.6905035600066
359,5046.0,2557.0
360,5011.914750008349,2550.2082921751876
361,4922.0,2531.0
362,4812.0,2506.0
363,4744.085985205889,2489.3337801113507
364,4575.0,2445.0
365,4429.183043212329,2403.84297622729
366,4406.0,2397.0
367,4279.0,2357.0
368,4253.917477839341,2348.565846412474
369,4096.0,2294.0
370,3993.307850447211,2257.235159850517
371,3835.471217622823,2196.8829440405084
372,3786.0,2178.0
373,3702.862577217098,2147.347318006672
374,3642.0,2127.0
375,3586.2003699381407,2109.445061450869
376,3463.4377208133205,2072.4060864851535
377,3422.0,2060.0
378,3345.4475031268826,2037.1193012904853
379,3287.0,2019.0
380,3174.330836166495,1982.0676009015406
381,3018.0,1928.0
382,2949.4023059909873,1902.8342440769857
383,2863.058593931092,1868.8167993961895
384,2841.0,1860.0
385,2713.0,1808.0
386,2694.6482838322886,1800.2567182939752
387,2588.067964374325,1753.185407119273
388,2407.6932426599415,1662.037570657874
389,2262.2438973946587,1589.7198399056515
390,2194.0,1564.0
391,2156.8848652001584,1553.2626206310144
392,2125.0,1547.0
393,2089.4450059539486,1544.105445896906
394,2046.0,1548.0
395,2037.9049136728083,1549.9259963254945
396,1996.0,1567.0
397,1973.9599933952818,1580.5702380311914
398,1937.0,1608.0
399,1910.0,1632.0
400,1908.8592558030778,1633.0836121389627
401,1862.0,1677.0
402,1810.3250403729257,1715.307222180215
403,1735.9018038152826,1760.660149003435
404,1726.0,1766.0
405,1671.2730908288836,1784.4988793131868
406,1657.0,1787.0
407,1611.0,1794.0
408,1583.5832593595244,1796.159598681906
409,1533.0,1794.0
410,1451.8823102593374,1777.0350539859724
411,1413.0,1766.0
412,1379.4156579070375,1753.5371749076828
413,1348.0,1731.0
414,1319.2859259766838,1706.0511966663275
415,1277.0,1666.0
416,1251.4209853486384,1631.2863817374891
417,1245.0,1618.0
418,1223.0,1568.0
419,1222.534941929844,1566.7023825344286
420,1210.1142831075138,1514.7813642646536
421,1208.0,1490.0
422,1207.157324217696,1438.4948069748596
423,1209.0,1385.0
424,1212.8992671107549,1350.305373249822
425,1217.0,1327.0
426,1225.794611105666,1272.0771978845894
427,1234.143652639979,1220.1543907165474
428,1235.0,1215.0
429,1243.831501436102,1162.5227894946004
430,1246.0,1149.0
431,1251.0,1117.0
432,1254.0303145457917,1098.9647250481335
433,1264.0,1044.0
434,1272.193851632434,997.7119592881643
435,1279.0,959.0
436,1297.649990264674,853.6709787116652
437,1318.0,738.0
438,1322.7410029571063,709.9422186550843
439,1327.8776528677436,677.5512053561388
440,1331.0,659.0
441,1347.0,567.0
442,1351.311833447648,542.7813339261328
443,1368.0,450.0
444,1370.4926119026209,435.94955875106234
445,1385.824733757692,348.04595045169253
446,1401.0,260.0
447,1417.0,167.0
448,1429.491544608568,93.79684417772812
449,1431.0,85.0
450,1467.0,-121.0
451,1467.5431511947936,-124.07250934096203
452,1489.0,-245.0
453,1489.5621563282564,-248.1644466593759
454,1509.0,-358.0
455,1519.5569941147573,-419.01771352583245
456,1529.0,-474.0
457,1552.1316839298684,-608.522860810828
458,1576.0,-748.0
459,1582.503382363347,-786.7202804769661
460,1589.0,-833.0
461,1591.9132862875742,-856.5344088681454
462,1600.4624339442082,-937.8073603238837
463,1602.0,-965.0
464,1603.0,-1009.0
465,1598.6738082702432,-1077.0253163539394
466,1574.0,-1217.0
467,1566.0740251894301,-1243.6721923880073
468,1529.7614808831565,-1324.738696084478
469,1482.0,-1396.0
470,1471.7228709280007,-1409.157660363641
471,1407.0,-1474.0
472,1380.8330343588789,-1496.3484310013087
473,1310.0,-1540.0
474,1278.7982557787657,-1552.6279329778827
475,1137.0,-1596.0
476,1120.280362814359,-1600.2083051788354
477,1021.5620322536075,-1611.960028419172
478,928.0,-1605.0
479,917.0,-1605.0
480,891.9079928769531,-1604.660627106047
481,781.0,-1599.0
482,709.8552305409025,-1595.2838120493707
483,666.0,-1593.0
484,568.944412785308,-1587.5623068814095
485,560.0,-1587.0
486,473.34538951441516,-1580.8814213940152
487,352.6688451394392,-1569.8229339774637
488,319.0,-1566.0
489,258.0,-1558.0
490,254.31054661610244,-1557.431130326775
491,159.0,-1539.0
492,79.92267127646926,-1519.4817248484653
493,19.0,-1502.0
494,-22.78753455363922,-1488.7443446386387
495,-83.0,-1468.0
496,-199.51532117985533,-1422.8177135270068
497,-256.0,-1398.0
498,-342.317904127414,-1354.580759431799
499,-352.0,-1349.0
500,-545.7212423179257,-1216.895536264059
501,-578.0,-1192.0
502,-625.079742908172,-1152.370193220131
503,-676.9169998663209,-1099.130598604375
504,-690.0,-1085.0
505,-773.0,-987.0
506,-826.8846602799675,-903.8364013183276
507,-951.0,-674.0
508,-972.3743374212968,-634.8585518506584
509,-984.0,-578.0
510,-1002.0968381575117,-418.8642956969759
511,-1013.0,-288.0
512,-1011.1841754235485,-166.2497534987272
513,-983.0,-77.0
514,-950.7848823386252,18.424130036778436
515,-883.0,208.0
516,-842.7964703849456,307.0426635997417
517,-767.0,485.0
518,-742.1450908255745,548.8418993616983
519,-684.0,702.0
520,-644.2865191902639,803.9494482739061
521,-633.0,833.0
522,-565.0,1010.0
523,-557.6986377480054,1028.8050883492042
524,-513.0,1143.0
525,-488.35962606246267,1206.0809723764096
526,-440.42187450916083,1329.325797998489
527,-408.0,1413.0
528,-349.7033469622158,1564.1776612098522
529,-344.0,1579.0
530,-275.91520299485614,1756.0575770765897
531,-244.0,1839.0
532,-188.74799048614446,1981.9544346880066
533,-173.0,2023.0
534,-91.0,2237.0
535,-46.95292887005997,2350.0340463848893
536,-37.0,2376.0
537,10.0,2501.0
538,126.74321286182771,2801.091000275612
539,138.0,2830.0
540,174.0,2924.0
541,189.6403610624107,2964.1899008968426
542,248.0,3114.0
543,256.42340527908067,3135.8320350527047
544,309.0,3273.0
545,340.0,3353.0
546,375.9904207884216,3446.331670031842
547,446.0,3626.0
548,494.3833514149299,3744.45020600284
1,621.7615883983974,4055.256265060669
2,704.0,4257.0
3,725.8089209676823,4310.690513341478
4,787.1199030070218,4462.456377277677
5,818.0,4537.0
6,838.0,4585.0
7,872.939473059687,4669.454985333443
8,930.0,4809.0
9,964.412278746593,4893.745765843844
10,989.0,4954.0
11,1029.9087719026597,5052.988889740735
12,1055.0,5114.0
13,1112.4675502544144,5256.47581471681
14,1144.0,5337.0
15,1175.8010847454252,5420.844756049669
16,1215.0,5534.0
17,1222.507841067622,5557.63154181292
18,1270.0,5718.0
19,1307.2308034516375,5851.257845070132
20,1373.0,6094.0
21,1385.51323410994,6138.331933541722
22,1441.0,6304.0
23,1471.4080909987047,6377.734592286727
24,1484.0,6405.0
25,1532.0,6491.0
26,1548.2316736774408,6515.084422229887
27,1589.0,6565.0
28,1590.4880104143379,6566.560340978921
29,1648.0,6618.0
30,1655.9900794337855,6624.000271069391
31,1681.0,6641.0
32,1737.940735114536,6670.338312581973
33,1757.0,6678.0
34,1867.0,6701.0
35,1906.9628370545825,6700.2146132504895
36,1989.0,6692.0
37,2011.0133493464052,6688.9645523583295
38,2063.2915792891386,6671.93051585044
39,2086.0,6657.0
40,2163.586803781253,6596.757358119211
41,2168.0,6593.0
42,2196.2697764467794,6563.684328312985
43,2210.0,6540.0
44,2229.8155539956033,6508.633870141157
45,2251.0,6468.0
46,2258.639400410023,6449.4385521599
47,2279.0,6390.0
48,2289.4760030919983,6350.786683412525
49,2293.0,6315.0
50,2294.7512952377765,6256.233171214866
51,2292.0,6184.0
52,2291.0464648080306,6174.6994429991255
53,2280.0,6108.0
54,2274.3835472209666,6082.13987195216
55,2267.0,6051.0
56,2248.3212204072433,5981.7185063440165
57,2246.0,5974.0
58,2184.0,5786.0
59,2172.6236899319083,5753.304929526426
60,2149.0,5691.0
61,2126.1755995575327,5631.831780744365
62,2101.0,5568.0
63,2083.5243452972127,5527.6232893075185
64,2072.0,5502.0
65,2035.0,5419.0
66,2033.7670014086082,5416.25283153677
67,1967.0,5269.0
68,1947.3544159901999,5225.079715139691
69,1928.0,5181.0
70,1852.0,4997.0
71,1850.879605802066,4993.948732490395
72,1813.95980381972,4879.263323032018
73,1784.0,4745.0
74,1781.5620207724348,4730.614630412827
75,1768.2500797886985,4566.050789390094
76,1769.0,4520.0
77,1770.5301081919822,4488.103549160533
78,1771.0,4480.0
79,1784.0,4307.0
80,1798.687642873838,4159.812924079083
81,1802.0,4086.0
82,1796.559076780195,3983.106775233363
83,1770.0,3847.0
84,1758.9381954114847,3812.503629062753
85,1715.936293581601,3740.2639410347433
86,1706.0,3728.0
87,1645.9353351900272,3661.7873297233286
88,1617.0,3634.0
89,1571.4064707489488,3596.9467789426117
90,1502.0,3557.0
91,1341.0,3483.0
92,1327.396868666922,3477.058016996376
93,1279.685139369379,3458.596767581052
94,1252.0,3449.0
95,1146.0,3410.0
96,1132.9212172889372,3405.1742012912464
97,1014.0845604702413,3360.7167312396773
98,979.0,3346.0
99,961.0,3338.0
100,890.137002465925,3303.9487663678383
101,837.0,3275.0
102,769.2776626380448,3225.149618812637
103,730.0,3181.0
104,691.6188057303839,3124.915473299445
105,681.0,3105.0
106,658.0,3045.0
107,655.4716615038548,3035.635613153303
108,645.0,2962.0
109,644.5857809677018,2944.0225099922823
110,650.0,2873.0
111,655.0126736178102,2848.595294127954
112,665.0,2815.0
113,673.3888393565201,2793.1956054426664
114,692.0,2757.0
115,709.6909278571618,2732.2522551871944
116,772.0,2673.0
117,809.593463761461,2647.018058481689
118,822.0,2640.0
119,875.4140010710134,2615.1372215362253
120,920.0,2600.0
121,968.8405479845231,2589.9037894799785
122,1095.0,2590.0
123,1103.5073097218515,2590.890403645859
124,1202.734724072062,2612.581553254051
125,1208.0,2614.0
126,1314.0,2644.0
127,1444.5628357168155,2683.851462676241
128,1490.0,2698.0
129,1568.479272608854,2723.7362347553717
130,1588.0,2731.0
131,1677.0,2766.0
132,1687.4832804640716,2770.069510118248
133,1770.0,2801.0
134,1918.913977407841,2853.3001514886155
135,1978.0,2874.0
136,2020.97885331756,2889.3256311267774
137,2128.0,2922.0
138,2320.0,2974.0
139,2433.0,2997.0
140,2555.0,3016.0
141,2679.742604801589,3028.3762439857824
142,2741.0,3033.0
143,2824.081421115362,3038.6369891013032
144,2951.0,3038.0
145,3174.0,3025.0
146,3255.49147433504,3018.7790307269597
147,3307.0,3009.0
148,3309.243976865245,3008.6140882559876
149,3466.506331967109,2982.3516593988556
150,3492.0,2978.0
151,3622.0,2954.0
152,3842.6665736360287,2911.4837421221678
153,3861.0,2908.0
154,4084.7612491992413,2870.77269744201
155,4116.0,2867.0
156,4276.529228509368,2853.2082487051894
157,4288.0,2853.0
158,4563.577857561001,2863.8627037535234
159,4575.0,2865.0
160,4733.0,2895.0
161,4736.243171663999,2895.8629279068487
162,4852.268154704704,2929.968157960127
163,4924.0,2955.0
164,5057.684411117335,3012.0688198771627
165,5123.0,3044.0
166,5268.0,3123.0
167,5270.630421149865,3124.5178831760804
168,5402.0,3203.0
169,5462.784541256373,3240.240741319895
170,5516.0,3273.0
171,5573.388671613909,3308.3289313979667
172,5664.0,3362.0
173,5740.986169527493,3403.4442389040432
174,5809.0,3438.0
175,5899.045929856572,3480.8677732475326
176,5989.0,3514.0
177,6184.0,3570.0
178,6235.757120013455,3582.5612088598746
179,6361.0,3599.0
180,6404.384084733332,3603.640714263959
181,6484.0,3611.0
182,6595.830743129914,3617.6668273316695
183,6856.0,3627.0
184,6884.114770885932,3627.739013580682
185,6968.0,3628.0
186,6970.760616575038,3628.004970034039
187,7203.0,3628.0
188,7206.835084123442,3627.9531762825904
189,7427.0,3623.0
190,7430.165320110256,3622.919041980921
191,7608.883925691774,3614.5853863193133
192,7626.0,3613.0
193,7879.0,3584.0
194,7949.00416819997,3573.2839216537204
195,8008.0,3553.0
196,8085.627397663362,3525.856409291758
197,8157.0,3495.0
198,8235.174979813955,3450.4636405476817
199,8394.0,3331.0
200,8396.060816719733,3329.2123033898897
201,8460.573587833416,3265.0060420075843
202,8501.0,3213.0
203,8587.0,3081.0
204,8595.495374752001,3065.8757835958295
205,8645.0,2952.0
206,8684.700130424764,2764.1047257284035
207,8704.0,2625.0
208,8707.630322523688,2569.136994735726
209,8700.0,2513.0
210,8688.452803851242,2419.9349446629913
211,8687.0,2410.0
212,8632.0,2210.0
213,8512.0,1979.0
214,8478.588587677918,1923.756577484102
215,8467.0,1906.0
216,8366.739279758789,1748.6765805764737
217,8353.0,1727.0
218,8281.0,1613.0
219,8235.037970392163,1539.597139423579
220,8173.330350421822,1440.313107501611
221,8080.290885053679,1285.6200979667722
222,8026.0,1188.0
223,7949.0,1036.0
224,7934.484986186973,1005.332143686122
225,7877.0,879.0
226,7835.771467368686,784.4637693796628
227,7820.0,748.0
228,7762.0,617.0
229,7745.36262308929,581.8781826282029
230,7662.731527111921,419.2322929703364
231,7650.0,396.0
232,7613.778016222013,335.22630061457704
233,7557.0,268.0
234,7538.829603541535,250.31120489731654
235,7472.0,194.0
236,7372.0,138.0
237,7369.13811031414,136.71368956065248
238,7194.0,86.0
239,7155.79528559572,80.78740377750198
240,6973.335916962608,66.59930909277689
241,6962.0,66.0
242,6849.328268359153,66.20895006015326
243,6824.0,68.0
244,6736.456330155566,75.02118323430983
245,6632.0,86.0
246,6516.0,105.0
247,6513.66152704131,105.44724638684312
248,6392.107793609925,131.63431605284242
249,6371.0,137.0
250,6296.400629134901,158.2891015841421
251,6275.0,165.0
252,6149.0,209.0
253,6079.704902878256,237.16424713535292
254,6048.0,252.0
255,5847.0,367.0
256,5823.465054573368,381.8623569888048
257,5790.0,410.0
258,5723.411977706904,466.19282219126984
259,5718.0,471.0
260,5650.0,538.0
261,5637.105933517439,552.1278259194265
262,5592.921481695859,605.8626623236498
263,5579.0,627.0
264,5530.335034762784,728.8374706220552
265,5512.0,783.0
266,5504.400505185693,830.9948097953783
267,5510.982170137901,863.8324286170911
268,5515.0,878.0
269,5525.50697629373,910.3270390225179
270,5535.0,934.0
271,5561.9871464554235,982.4146265440269
272,5591.0,1021.0
273,5652.0,1091.0
274,5669.522648800941,1109.5810670534322
275,5718.0,1151.0
276,5727.531055598783,1158.3268715596835
277,5751.0,1176.0
278,5769.452526879957,1189.468630143882
279,5812.0,1219.0
280,5857.631294219637,1247.1398347614509
281,5877.0,1258.0
282,6021.0,1326.0
283,6022.866558794263,1326.7459248992966
284,6119.974685171584,1361.414558712915
285,6208.0,1388.0
286,6240.315736890342,1396.7047579434466
287,6334.894854204722,1416.495599441448
288,6355.0,1420.0
289,6376.72669568741,1423.5972963818238
290,6446.0,1434.0
291,6477.535983885582,1438.5495666103893
292,6530.0,1446.0
293,6604.865004627402,1456.3175061341879
294,6656.0,1464.0
295,6691.9354718828645,1469.9386731886111
296,6807.853838893107,1491.851196807394
297,6827.0,1496.0
298,6906.876183585348,1515.6719465815256
299,6945.0,1526.0
300,6988.0,1538.0
301,7058.015937129833,1559.8235126524835
302,7074.0,1566.0
303,7213.932715264833,1630.8309523720427
304,7256.0,1651.0
305,7284.537477805539,1664.0821713321543
306,7331.0,1707.0
307,7378.388896732239,1764.0090716313039
308,7411.0,1807.0
309,7454.705224564574,1903.3546906238619
310,7457.0,1958.0
311,7457.029597375518,1959.3967332869652
312,7452.3222123417845,2081.3836198184017
313,7451.0,2091.0
314,7444.392536810563,2126.256237386162
315,7438.0,2147.0
316,7402.0,2236.0
317,7385.190943224452,2270.641517003793
318,7364.0,2298.0
319,7356.313333281637,2307.4396950628757
320,7320.666179628643,2350.1912298235407
321,7297.0,2375.0
322,7255.0,2411.0
323,7235.442353693537,2424.911849767405
324,7181.0,2458.0
325,7088.0,2497.0
326,7084.985116096566,2497.915012846892
327,6958.0,2532.0
328,6904.881070723592,2543.402759963855
329,6849.0,2552.0
330,6837.461901231262,2553.7085551143127
331,6746.0,2567.0
332,6685.538925901626,2575.8316614228997
333,6670.0,2578.0
334,6555.0,2593.0
335,6459.410870274263,2604.9879126680185
336,6451.0,2606.0
337,6354.0,2617.0
338,6328.533458913231,2619.638923032711
339,6230.0,2629.0
340,6180.531425139898,2633.2023649973776
341,6102.0,2637.0
342,5920.0,2641.0
343,5880.912764060783,2641.5023111969354
344,5801.37041751064,2640.0422627435164
345,5743.0,2636.0
346,5656.303093803343,2631.603898926752
347,5646.0,2631.0
348,5519.200280181928,2621.122878926521
349,5488.0,2618.0
350,5265.720546621259,2592.6757273609455
351,5252.0,2591.0
352,5129.35466677437,2573.9530366796403
353,5054.138225886743,2558.6542052708564
354,5046.0,2557.0
355,4920.088343377854,2531.101663801637
356,4879.0,2522.0
357,4770.96445158307,2496.1573831365176
358,4746.0,2490.0
359,4640.0,2463.0
360,4636.123400962084,2461.958913671992
361,4441.7158810944675,2407.015290176041
362,4312.0,2368.0
363,4203.090563930048,2332.609300395395
364,4090.384034832907,2291.8505768779605
365,4061.0,2281.0
366,3964.7929583208256,2245.006198765248
367,3896.0,2219.0
368,3765.0,2170.0
369,3716.446267728682,2152.8979388857138
370,3593.096921297444,2112.299047155188
371,3505.0,2085.0
372,3445.0,2067.0
373,3263.0,2011.0
374,3150.0,1974.0
375,3005.0,1924.0
376,2898.2975896776543,1883.1283045311052
377,2856.0,1866.0
378,2585.812362040463,1750.729955561276
379,2544.0,1732.0
380,2386.133275063515,1655.5134224605208
381,2352.0,1638.0
382,2320.200969865983,1621.6286192495277
383,2236.0,1582.0
384,2234.389029419246,1581.358691700927
385,2159.0,1555.0
386,2126.4287253674843,1547.2202414405695
387,2065.0,1545.0
388,2057.5420053215703,1546.153387746941
389,2016.0,1558.0
390,2008.664831086479,1561.1827425543984
391,1948.4339679994994,1599.5783740276725
392,1927.0,1617.0
393,1894.2429730058884,1647.1545143101796
394,1874.0,1666.0
395,1827.344729259647,1706.0840473358276
396,1801.0,1726.0
397,1730.0,1764.0
398,1710.1945362554873,1771.4287472838485
399,1673.0,1783.0
400,1634.4583308808315,1790.7718957592856
401,1606.0,1794.0
402,1552.0,1795.0
403,1537.776660295936,1794.0728679749725
404,1448.0,1778.0
405,1422.9454568861474,1769.5372956671158
406,1345.7293670719807,1728.4036232500487
407,1336.0,1722.0
408,1310.5575869788345,1702.4257990569865
409,1300.0,1692.0
410,1286.8761222002054,1677.5176565880893
411,1258.0,1640.0
412,1229.729758653137,1586.113110608401
413,1226.0,1576.0
414,1209.5370372246994,1509.0613289402
415,1208.0,1496.0
416,1206.1991138747787,1445.6675391161964
417,1218.0,1318.0
418,1223.1679098970274,1282.562623443739
419,1235.0,1215.0
420,1235.2425353158287,1213.4011571903047
421,1238.0,1195.0
422,1249.199904493797,1128.3754949243007
423,1259.0,1072.0
424,1272.881164582821,990.7899122875104
425,1283.0,932.0
426,1288.6469270330667,899.8966879909478
427,1308.0,794.0
428,1311.2833227695724,775.0280267469007
429,1324.844596013663,695.2704911901652
430,1328.0,677.0
431,1344.0,586.0
432,1346.1843592022287,573.4808423425443
433,1362.0,482.0
434,1362.6330255766209,478.33941401654135
435,1400.0,263.0
436,1412.9716626106772,189.64921867146734
437,1421.0,144.0
438,1457.0,-65.0
439,1457.4531874001168,-67.6014474644989
440,1477.0,-179.0
441,1492.2807062494016,-266.18587651694594
442,1494.0,-276.0
443,1518.0,-413.0
444,1555.0,-625.0
445,1561.3725360072658,-661.9584982439546
446,1589.1987548984775,-836.8835018387342
447,1590.0,-843.0
448,1603.1755978062001,-1004.4914006848048
449,1603.0,-1021.0
450,1593.0,-1137.0
451,1592.5714199179654,-1139.459730160324
452,1572.0,-1224.0
453,1562.416676921242,-1253.1121642924786
454,1529.0,-1324.0
455,1480.0023157727555,-1394.8434842122992
456,1450.0,-1433.0
457,1393.1315428191406,-1488.9011480895092
458,1354.0,-1514.0
459,1345.3046300679075,-1519.2429882712217
460,1272.0,-1558.0
461,1181.0,-1587.0
462,1178.402407912758,-1587.606120911068
463,1087.0,-1602.0
464,1029.7185984890334,-1605.331714582623
465,933.0,-1605.0
466,865.0,-1603.0
467,754.1246745140124,-1597.8901124486729
468,627.0,-1591.0
469,540.4739533187245,-1585.849812439255
470,404.0,-1576.0
471,360.8057172030101,-1571.9127586413638
472,297.94088083833975,-1563.7203869435634
473,281.0,-1561.0
474,157.470755025939,-1537.8248316264128
475,106.0,-1526.0
476,15.811869296537832,-1501.9143699292667
477,-30.0,-1487.0
478,-306.5437664591376,-1372.2839770881442
479,-316.0,-1368.0
480,-371.0035281401116,-1340.2522115948893
481,-400.0,-1321.0
482,-477.7380251242362,-1268.441120691134
483,-548.0,-1217.0
484,-572.1176388440506,-1197.6073136003815
485,-669.0,-1107.0
486,-731.7685615048397,-1037.974493452487
487,-768.0,-994.0
488,-805.6679462677628,-943.7981739777586
489,-867.6779675221394,-847.2938412347773
490,-873.0,-838.0
491,-894.0,-799.0
492,-937.0887269249544,-700.5756788012123
493,-999.0,-514.0
494,-1003.0727391322346,-497.8347605656745
495,-1015.0,-339.0
496,-1008.4439076847299,-229.4547776533827
497,-1007.0,-217.0
498,-952.8637095041254,27.620200371188712
499,-922.0,121.0
500,-827.9872809688037,345.69094875440896
501,-773.0,469.0
502,-753.2431465310906,516.7576371274289
503,-715.0,621.0
504,-682.1841061088757,705.5046036380185
505,-655.0,775.0
506,-637.4030848373219,820.3172901680362
507,-561.0,1019.0
508,-551.0649687416869,1044.799785416647
509,-480.0,1229.0
510,-445.976379080037,1316.7929808110957
511,-377.0,1494.0
512,-350.12691372388724,1563.814379243085
513,-321.0,1640.0
514,-315.0077851083558,1655.604897217413
515,-240.13148720555648,1850.108657766835
516,-229.0,1879.0
517,-190.94200228129813,1977.7518370952316
518,-151.0,2081.0
519,-131.47427142399658,2131.1936572593568
520,-87.0,2246.0
521,-76.84133354458316,2272.5333566832746
522,21.0,2530.0
523,51.075385024228105,2607.4479728652973
524,83.0,2688.0
525,89.7783766165534,2705.411979834253
526,140.35758665484337,2836.383207639145
527,151.0,2864.0
528,188.0,2960.0
529,268.2239324657668,3167.516903946442
530,309.0,3273.0
531,346.8487276877894,3371.1856385224137
532,375.8946977511392,3446.23043857021
533,384.0,3467.0
534,444.3624739150241,3620.7004085126086
1,575.0,3941.0
2,625.0,4062.0
3,626.9030382715594,4066.6630795272795
4,687.0,4215.0
5,782.8356198775875,4449.541508827831
6,833.0,4572.0
7,847.3689814728916,4607.081682891201
8,896.0,4726.0
9,955.0925312582851,4870.745054004743
10,989.0,4954.0
11,1052.0,5109.0
12,1092.7845062017964,5209.17016773726
13,1105.0,5240.0
14,1153.7436798375277,5367.240826118525
15,1221.0,5554.0
16,1228.7409730688405,5577.029289459109
17,1294.7585390532913,5808.6830909980445
18,1310.0,5865.0
19,1333.0,5948.0
20,1388.0596267598098,6141.574549738572
21,1408.0,6209.0
22,1440.5260354408151,6310.228112532621
23,1461.6358042187126,6359.729769930169
24,1482.0,6401.0
25,1510.688944767663,6455.543005311785
26,1547.0,6514.0
27,1554.570933802576,6524.151470796004
28,1607.0,6582.0
29,1676.7314984793913,6638.194606439825
30,1699.0,6651.0
31,1742.6926856446414,6672.113253577058
32,1777.0,6685.0
33,1829.1857738491306,6697.148638330709
34,1863.0,6701.0
35,1914.0,6702.0
36,1916.132779162113,6701.9034145337755
37,1982.0,6693.0
38,2035.2932967651132,6678.66890536384
39,2058.0,6670.0
40,2106.1679277302173,6644.995588067384
41,2126.0,6632.0
42,2147.5830589930392,6615.765008386873
43,2199.4841490028484,6564.021739342568
44,2227.270471086438,6524.261293630673
45,2264.1524976198098,6444.526890550792
46,2285.08314244164,6365.881166035267
47,2286.0,6361.0
48,2296.0,6250.0
49,2295.0,6227.0
50,2294.3617133805224,6217.252710252544
51,2282.947328253537,6121.624828435561
52,2282.0,6116.0
53,2267.334675085352,6048.18032349616
54,2256.0,6008.0
55,2215.0,5876.0
56,2185.5788420658055,5788.9341186217025
57,2144.0,5679.0
58,2133.300573541909,5651.1714446268
59,2103.0,5575.0
60,2093.345145673,5552.046162396213
61,2059.0,5473.0
62,2020.7281348399033,5387.131213641963
63,1998.0,5337.0
64,1941.0,5211.0
65,1910.049204869372,5138.182844779465
66,1861.0,5019.0
67,1824.2125607877451,4914.319455348104
68,1813.0,4875.0
69,1794.0,4801.0
70,1780.5608389876709,4700.38452943138
71,1769.0,4539.0
72,1768.7411465266725,4533.8497276091175
73,1772.4257716764632,4391.107502900909
74,1786.0,4291.0
75,1796.3871023074687,4182.572197406193
76,1801.0,4103.0
77,1802.0,4068.0
78,1801.0791667284013,3993.9016303081585
79,1785.0,3894.0
80,1778.3978936931371,3870.5744933760575
81,1756.0,3811.0
82,1732.4332935097505,3767.9971984891727
83,1691.0,3708.0
84,1672.7649686401442,3683.669085749399
85,1575.3443668165141,3600.809928685093
86,1564.0,3594.0
87,1425.0,3518.0
88,1420.539563176147,3515.7032138885193
89,1264.2801156411242,3452.283879284936
90,1243.0,3446.0
91,1159.1311295897706,3417.4492703113033
92,1090.0,3390.0
93,939.0,3328.0
94,875.5982881979813,3300.445940941274
95,842.8376969548694,3277.8248723174383
96,839.0,3275.0
97,761.0,3215.0
98,710.4298410887847,3159.9321266885217
99,699.0,3138.0
100,645.0,2968.0
101,644.5590142654946,2966.0553598751158
102,646.0,2906.0
103,649.4539473216593,2886.0288481410053
104,661.0,2828.0
105,661.5903151257596,2825.887598258264
106,699.0,2747.0
107,723.0,2717.0
108,724.2720763249027,2715.6088554749167
109,779.0375307983032,2669.2459987189072
110,799.0,2655.0
111,865.0,2619.0
112,953.5732765715076,2596.4938381149127
113,1007.0,2586.0
114,1050.7632413648148,2580.9663639541614
115,1077.8325423253457,2586.953171279544
116,1088.0,2589.0
117,1157.155037272828,2602.1578104986124
118,1201.0,2612.0
119,1230.646553977625,2619.9034895590285
120,1272.0,2632.0
121,1354.5696967920842,2656.362173420717
122,1370.0,2661.0
123,1428.5656780403237,2678.9045374632487
124,1445.0,2684.0
125,1569.0,2724.0
126,1627.3906342102948,2746.807926631237
127,1633.0,2749.0
128,1787.0,2807.0
129,1851.1732855930964,2830.7975887316106
130,1918.4657755511064,2854.467436731671
131,1926.0,2857.0
132,2027.0,2890.0
133,2030.347876178229,2891.0891721282146
134,2155.0,2930.0
135,2174.8143768561213,2935.5167934028836
136,2361.0,2983.0
137,2466.239926052159,3005.1050283244604
138,2586.0,3019.0
139,2651.0,3026.0
140,2669.10462555153,3027.682671051706
141,2758.0,3034.0
142,2774.908581869517,3034.8824130000057
143,2900.0,3038.0
144,2960.2068587577105,3037.354170827768
145,3143.0,3028.0
146,3160.92072036662,3026.397899138371
147,3262.0,3015.0
148,3363.710406039747,3000.293409277493
149,3446.0,2986.0
150,3661.0,2946.0
151,3748.068780132756,2929.6727577698757
152,3835.0,2913.0
153,3895.3981471127004,2901.1929612530903
154,3960.0,2890.0
155,4224.039814294058,2859.2194994644424
156,4308.0,2852.0
157,4468.7160190687955,2853.7002762165152
158,4489.0,2856.0
159,4617.672921207438,2872.4940113094917
160,4678.0,2883.0
161,4802.283605549344,2913.6869978242103
162,4827.0,2921.0
163,4973.0,2974.0
164,5145.405183390813,3056.4712749362593
165,5213.0,3091.0
166,5344.82815047023,3168.243942948024
167,5362.0,3179.0
168,5470.527291695579,3245.976652900624
169,5510.0,3270.0
170,5672.0,3366.0
171,5675.309235114588,3367.8681389093013
172,5773.950714448821,3420.4709680539845
173,5783.0,3425.0
174,5910.0,3484.0
175,6002.029628029291,3519.423840576774
176,6087.0,3546.0
177,6121.974471192641,3555.2086170736493
178,6163.0,3565.0
179,6354.0,3599.0
180,6358.452127338153,3599.560351246906
181,6533.0,3615.0
182,6565.893557282781,3617.035825349241
183,6739.0,3624.0
184,6854.415287921507,3626.496756911265
185,6883.0,3627.0
186,7010.0,3628.0
187,7082.370130458675,3627.609507906879
188,7333.0,3625.0
189,7375.183602666792,3624.409100029017
190,7526.0,3619.0
191,7530.485183226189,3618.757661115096
192,7663.0,3611.0
193,7798.600341475164,3599.8178554617534
194,7896.0,3581.0
195,7943.6739829087965,3568.8354330759203
196,8109.0,3517.0
197,8236.921480976087,3459.601290211433
198,8340.150664204568,3381.182896857942
199,8369.0,3354.0
200,8490.429435977194,3218.0893001878508
201,8557.0,3132.0
202,8571.375118778364,3111.698189904526
203,8631.272268999004,2989.618806711258
204,8634.0,2982.0
205,8674.561847622352,2856.26413564322
206,8687.0,2803.0
207,8699.093771440768,2715.950788573173
208,8700.0,2706.0
209,8704.063758012971,2612.4560061785687
210,8704.0,2603.0
211,8695.119548639925,2466.0061688805426
212,8689.0,2424.0
213,8636.368288238678,2224.550995057264
214,8617.0,2174.0
215,8581.700217566318,2098.280004951637
216,8520.0,1992.0
217,8491.142250981888,1945.2510230414646
218,8486.0,1937.0
219,8421.675624086462,1834.8513515149323
220,8353.0,1726.0
221,8303.65407099835,1647.4084612062913
222,8221.0,1516.0
223,8195.049849186287,1476.1562031429414
224,8171.0,1437.0
225,8083.247243462731,1287.2875349726035
226,8017.0,1170.0
227,7920.179517138991,978.8201619744652
228,7881.558070571033,890.0738052790036
229,7862.0,845.0
230,7822.619165364088,753.9792866031511
231,7802.0,707.0
232,7717.0,520.0
233,7667.0,424.0
234,7612.0,336.0
235,7551.0,262.0
236,7397.0,152.0
237,7349.319730998619,130.9410954656439
238,7340.0,127.0
239,7228.057831520344,92.51600410138225
240,7204.0,89.0
241,7075.923964420402,75.22997848864802
242,6964.0,66.0
243,6878.721216560067,62.7516768538649
244,6815.0,69.0
245,6730.066669007021,74.34014927399791
246,6722.0,75.0
247,6509.0,106.0
248,6505.834122024388,106.6306148486801
249,6396.0,131.0
250,6276.237597269585,163.88320056357213
251,6264.0,168.0
252,6090.053713687306,233.5853023151183
253,6079.0,238.0
254,5979.912895472081,285.4795981300893
255,5974.0,289.0
256,5831.47446356771,377.792077882247
257,5809.0,393.0
258,5770.209974294705,425.05899071995987
259,5746.0,447.0
260,5716.0,473.0
261,5655.361933288459,530.7922270642006
262,5645.0,542.0
263,5568.0,644.0
264,5555.8996613348745,664.9398489732603
265,5541.0,695.0
266,5531.134465337564,717.9625663450462
267,5515.0,767.0
268,5509.0,809.0
269,5509.966858626032,855.4583521050396
270,5514.0,874.0
271,5529.036994752005,914.993927630301
272,5579.0,1006.0
273,5587.279851727063,1018.584119995343
274,5611.412315923298,1048.1598276940078
275,5635.0,1073.0
276,5663.0,1102.0
277,5681.708676285729,1119.280783042487
278,5781.0,1198.0
279,5816.280706679779,1222.5453986243779
280,5859.335915429939,1247.9421768622115
281,5863.0,1250.0
282,5963.0,1301.0
283,6023.441319163335,1326.7873537072992
284,6077.0,1348.0
285,6110.242752185339,1360.1183853617738
286,6182.179096389717,1381.2016082194893
287,6203.0,1387.0
288,6204.417146682808,1387.546208452447
289,6215.0,1391.0
290,6232.805399028965,1395.1125224705147
291,6297.0,1409.0
292,6364.624278674069,1421.3889926316817
293,6412.0,1429.0
294,6501.030910790211,1441.8446567841092
295,6517.0,1444.0
296,6582.289596542111,1452.7459215616832
297,6604.0,1456.0
298,6804.0,1491.0
299,6891.9774496522805,1509.5953499136513
300,6993.05220758725,1537.139228715506
301,7064.0,1562.0
302,7172.717725042059,1608.9823887632651
303,7223.0,1631.0
304,7224.232789563549,1631.4949431646153
305,7287.0,1671.0
306,7317.051560380982,1701.8699558057237
307,7409.0,1804.0
308,7435.05671415962,1838.0189300803208
309,7439.252550927684,1873.0494711611732
310,7440.0,1877.0
311,7456.0,1949.0
312,7459.523848482573,1987.4028951156856
313,7458.0,2040.0
314,7457.8860382696075,2041.6118858369525
315,7448.0,2106.0
316,7442.632394355521,2125.091197153237
317,7403.666555319151,2231.977834367958
318,7402.0,2236.0
319,7390.930773455368,2258.288750589471
320,7381.0,2272.0
321,7341.0,2327.0
322,7314.253249025832,2356.5802460302853
323,7244.0,2418.0
324,7178.0796385410395,2458.3901739968787
325,7127.2848899131095,2481.778424765984
326,7105.0,2491.0
327,7080.930046645377,2500.1117641255155
328,7037.0,2513.0
329,6896.0,2544.0
330,6863.879845888238,2549.97292102527
331,6696.0,2574.0
332,6684.44020533758,2575.5216863445635
333,6578.664143667469,2589.5383248637086
334,6530.0,2596.0
335,6436.746662300932,2607.8775924317947
336,6427.0,2609.0
337,6275.0,2625.0
338,6135.149145750414,2635.81804262209
339,6030.0,2640.0
340,5919.670629560725,2641.6322780142114
341,5826.6671248348985,2640.016715286292
342,5778.0,2638.0
343,5714.871086202136,2634.5464727567824
344,5525.148836159734,2620.55846452895
345,5456.0,2615.0
346,5421.254439063978,2611.9580889782537
347,5390.0,2608.0
348,5326.470364698527,2599.3600268307223
349,5185.904379176891,2579.4115659805675
350,5112.0,2568.0
351,5042.2133161910515,2556.129550858632
352,4928.473733233623,2533.0783217327357
353,4919.0,2531.0
354,4772.0,2497.0
355,4722.471180623679,2484.970237895432
356,4582.832795257268,2447.487971534393
357,4567.0,2443.0
358,4383.0,2390.0
359,4273.816570982057,2357.2891504377453
360,4220.0,2338.0
361,4176.82934078496,2322.436503485575
362,4028.5320927807356,2268.767569596886
363,3934.0,2234.0
364,3902.3693532378948,2222.1601000382743
365,3788.9121027043548,2179.242502408791
366,3780.0,2176.0
367,3618.0,2120.0
368,3613.412919723529,2118.508113837308
369,3432.507354173469,2063.321166427316
370,3408.0,2056.0
371,3256.0,2009.0
372,3011.6851359658817,1924.8923714648458
373,2925.0,1894.0
374,2887.0227950391554,1880.0270479701944
375,2831.5539686969637,1856.71004602413
376,2825.0,1854.0
377,2708.0,1806.0
378,2704.073814685196,1804.3415364625039
379,2587.6533547789886,1752.6116861025273
380,2569.0,1744.0
381,2485.540342707674,1704.6080106640368
382,2431.0,1678.0
383,2374.640638120555,1649.678884426669
384,2344.0,1634.0
385,2310.2068270031,1616.5110388384887
386,2280.0,1602.0
387,2237.569439620023,1584.0426713441832
388,2157.141712893906,1554.6497521657009
389,2152.0,1553.0
390,2080.0956626632465,1544.0758500204477
391,2072.0,1545.0
392,2020.9594025152237,1555.8940007171964
393,2016.0,1558.0
394,1903.0,1639.0
395,1882.5002934277045,1656.8108056997462
396,1840.0,1696.0
397,1833.2239809372727,1701.5158688950205
398,1794.0,1731.0
399,1751.2017039761874,1755.6069771172192
400,1717.0,1770.0
401,1677.339865155951,1782.2755345551232
402,1641.0,1790.0
403,1627.3348343731027,1792.0120724017838
404,1587.0,1795.0
405,1578.7912441805795,1795.1669841623714
406,1503.0,1791.0
407,1467.8991576356032,1784.538502978904
408,1444.0,1777.0
409,1377.691685513141,1748.4142728252637
410,1365.0,1742.0
411,1314.0308281230896,1708.3548340095376
412,1284.0,1676.0
413,1275.5355064669611,1665.9079958357647
414,1246.719373138553,1625.8552973748501
415,1230.0,1587.0
416,1212.0,1522.0
417,1207.9515250705397,1498.6240968681966
418,1205.97938398237,1460.9942184577035
419,1206.0,1452.0
420,1208.906469614387,1388.187199265899
421,1213.0,1350.0
422,1215.211509608365,1334.559400351169
423,1217.0,1323.0
424,1226.0,1269.0
425,1231.1728382367228,1238.9772805080152
426,1238.0,1198.0
427,1247.1149627720733,1140.4462736360283
428,1251.0,1117.0
429,1266.0,1033.0
430,1268.0080152987412,1021.7964865155158
431,1283.6745765390033,932.8712412298199
432,1288.0,908.0
433,1296.622782903134,858.1061658587981
434,1304.0,815.0
435,1311.6068099058928,769.9661132751255
436,1321.0,716.0
437,1330.73222511338,661.5732829195679
438,1349.0,560.0
439,1361.2228399774444,490.1713490504517
440,1372.1469009360608,423.0231775120635
441,1373.0,418.0
442,1393.7282084878275,298.983656732155
443,1403.0,246.0
444,1432.0,80.0
445,1436.9592682827624,51.67561783153772
446,1447.1719976895208,-6.27999768591149
447,1463.0,-97.0
448,1473.5108322676438,-157.60278438019787
449,1502.683187967366,-326.08326231726033
450,1507.0,-351.0
451,1517.4455798992572,-411.111346845051
452,1525.0,-454.0
453,1537.3592634764852,-524.2121074397404
454,1547.0,-579.0
455,1575.0312894534222,-739.9655203290353
456,1578.0,-758.0
457,1590.0,-843.0
458,1601.6132860390956,-994.481362364555
459,1603.0,-1054.0
460,1576.0,-1214.0
461,1528.0,-1327.0
462,1505.772522054494,-1362.6019072416743
463,1501.0,-1369.0
464,1378.0,-1498.0
465,1367.0872439762056,-1507.8964184033396
466,1299.050628606725,-1552.2839524158842
467,1265.0,-1562.0
468,1215.7914860095777,-1572.7183792412575
469,1065.3524918476567,-1595.7756467965523
470,948.9334589825021,-1604.3261174319114
471,918.0,-1605.0
472,835.4284349766739,-1603.3417748277761
473,722.5947182893409,-1596.1351957813495
474,703.0,-1595.0
475,610.0,-1590.0
476,561.4130262463757,-1587.1602911588855
477,515.0,-1584.0
478,385.04150416096985,-1573.233643810899
479,273.0,-1560.0
480,221.6553985736262,-1551.828372931946
481,52.17862247473803,-1512.5393606228229
482,1.0,-1497.0
483,-169.97567301466853,-1433.5564911826639
484,-275.0,-1389.0
485,-292.7827896727811,-1381.083127739334
486,-365.2727894814831,-1342.5583225839541
487,-371.0,-1339.0
488,-471.2859476159817,-1273.1447980634402
489,-575.0,-1195.0
490,-610.6208012263816,-1163.7803913231646
491,-658.0,-1118.0
492,-710.7589713689316,-1061.779391237661
493,-736.0,-1033.0
494,-816.1815112220531,-931.2807401857624
495,-872.0,-839.0
496,-950.7412978033532,-673.460236303545
497,-962.0,-647.0
498,-1004.4389112904503,-525.8674534204375
499,-1014.0,-406.0
500,-1014.0,-391.0
501,-1013.9550925939484,-386.37256767252717
502,-994.4635493858082,-158.16624963607686
503,-975.0,-41.0
504,-963.9620494809842,7.39464411468488
505,-925.9576949659465,114.5958254158517
506,-899.0,174.0
507,-887.3475221769102,198.417823707851
508,-829.0,326.0
509,-817.3072030605916,354.6162490696851
510,-729.134290277142,582.6254883197303
511,-708.0,638.0
512,-674.0,726.0
513,-672.9344450569162,728.7549269157108
514,-556.0,1032.0
515,-502.16280215561983,1170.7198233351398
516,-429.0,1358.0
517,-413.2289500213038,1398.5249459802699
518,-334.45768454417305,1602.5054213718292
519,-319.0,1643.0
520,-257.0,1806.0
521,-239.0,1853.0
522,-237.2092680705775,1857.6751490116944
523,-167.0,2041.0
524,-165.48930472261242,2044.9265662050225
525,-94.0,2230.0
526,-55.4613877440574,2330.082211367205
527,-39.0,2373.0
528,5.328584339374596,2489.072303766572
529,28.0,2548.0
530,92.33498817161248,2712.667009163876
531,103.0,2740.0
532,153.0,2869.0
533,154.85824101890742,2873.8200443155124
534,215.0,3030.0
535,269.0133163000099,3167.946302575355
536,285.0,3209.0
537,334.2685887630348,3337.714693960549
538,356.0,3394.0
539,412.0,3537.0
540,426.8290796340641,3574.7846136656676
541,480.16057620994485,3710.755236042627
1,574.0,3938.0
2,705.0,4259.0
3,738.3017093896466,4340.6351859653505
4,790.3271102219195,4468.021305331634
5,817.0,4533.0
6,883.0,4694.0
7,897.3269737271096,4729.408688029391
8,935.0,4823.0
9,966.5977420863128,4899.694213323826
10,1015.0,5017.0
11,1100.0,5227.0
12,1102.4636406475497,5233.1344762288645
13,1186.0,5451.0
14,1222.7501234790957,5563.850977058992
15,1282.0,5762.0
16,1283.7570830805496,5767.960936501965
17,1287.0,5779.0
18,1355.0,6027.0
19,1368.3450175977753,6073.064320075818
20,1418.0932266621533,6237.389137792308
21,1431.0,6278.0
22,1449.1409070295076,6330.912398725268
23,1472.0,6378.0
24,1477.3206023664907,6387.86692642687
25,1552.5411832843536,6516.4023316474095
26,1561.0,6529.0
27,1628.0,6601.0
28,1647.8629051683838,6616.087236540503
29,1705.0966341915002,6653.610389733702
30,1725.0,6664.0
31,1820.0,6695.0
32,1835.8964361526291,6697.932975879613
33,1864.0,6701.0
34,1988.0,6692.0
35,1997.6160754879015,6690.463564315973
36,2056.51104010257,6672.608215557124
37,2085.0,6657.0
38,2121.4261639741608,6634.317069147153
39,2135.0,6624.0
40,2175.0,6584.0
41,2184.5269971118014,6572.709689742918
42,2214.0,6534.0
43,2215.03321016982,6532.55978538149
44,2250.6845646076604,6471.743016016608
45,2259.0,6449.0
46,2276.5785893379502,6390.4255012832555
47,2287.0,6351.0
48,2294.979982112282,6316.405088682885
49,2296.894919728301,6257.854279842199
50,2296.0,6243.0
51,2290.016348132073,6172.030827445975
52,2289.0,6165.0
53,2264.0,6038.0
54,2247.374286092423,5976.885618284557
55,2239.0,5951.0
56,2216.166927483738,5879.652699741407
57,2197.0,5824.0
58,2155.05140844533,5708.516661229181
59,2130.0,5641.0
60,2103.0361990983515,5571.476886923773
61,2080.0,5520.0
62,2053.0,5458.0
63,2046.7832266986393,5443.991057257707
64,1990.0,5320.0
65,1979.3327806553837,5296.828690395959
66,1951.0,5234.0
67,1875.0,5055.0
68,1848.2691306629722,4989.155615946846
69,1822.165379628871,4915.995978218608
70,1802.9515005860071,4837.400448829001
71,1798.0,4815.0
72,1786.0,4758.0
73,1770.0,4609.0
74,1771.5919736582632,4523.565352377174
75,1781.0,4337.0
76,1782.2211264701393,4317.939164673297
77,1791.173777889885,4232.76294317027
78,1796.0,4171.0
79,1802.0,4047.0
80,1781.5239504030992,3889.6347679532987
81,1747.0,3793.0
82,1742.4105889787647,3782.811485337866
83,1694.0,3713.0
84,1687.7612408892542,3705.846905519124
85,1562.0,3594.0
86,1531.6155438764579,3575.3982364869794
87,1431.0,3521.0
88,1414.1661222597377,3512.573548260328
89,1305.4814248380264,3466.152605221404
90,1233.0,3442.0
91,1226.7076210961511,3439.8729313630483
92,1194.9506845754747,3428.8155832947973
93,1179.0,3423.0
94,1044.0,3372.0
95,922.0,3320.0
96,860.0,3287.0
97,830.3272518363517,3268.0817514903124
98,779.0,3230.0
99,761.0,3214.0
100,726.9889926413182,3173.0256094016718
101,671.0,3082.0
102,655.0195477656837,3043.052903350517
103,649.0,2999.0
104,648.2625968246805,2991.401693759298
105,645.0,2924.0
106,645.7962783142618,2907.5121179066728
107,663.0,2823.0
108,663.9717604173167,2820.4015105165563
109,702.5968092980924,2746.078237605744
110,719.0,2723.0
111,757.8101778576711,2683.0313454977722
112,798.0,2655.0
113,823.3710282663351,2640.324118232409
114,902.0,2605.0
115,904.1684385757878,2604.216265240226
116,917.0,2600.0
117,1116.0,2593.0
118,1119.2449859703183,2593.1844579581475
119,1215.515847031089,2609.829126716013
120,1289.0,2637.0
121,1316.8223543961187,2645.7291654593555
122,1412.0,2674.0
123,1434.6931080594823,2680.7575058268008
124,1510.0,2704.0
125,1624.4757405370358,2744.9161722686113
126,1630.0,2747.0
127,1690.8648509665363,2770.753640947951
128,1733.0,2787.0
129,1753.566456206804,2794.7375910738147
130,1863.148779646721,2834.825674952541
131,1918.0,2854.0
132,2000.194626193173,2881.4910318069715
133,2020.0,2888.0
134,2115.984014840023,2918.9182203334626
135,2172.0,2935.0
136,2355.0,2982.0
137,2425.6444697005445,2998.8815935375037
138,2534.0,3013.0
139,2538.359003251904,3013.443287295241
140,2719.6659860887603,3030.8376186263995
141,2745.0,3033.0
142,2858.445212733748,3037.9893286728698
143,2866.0,3038.0
144,3004.0,3036.0
145,3022.743181577633,3035.2505020643407
146,3134.6405210745133,3028.028088871661
147,3170.0,3025.0
148,3258.3533266831573,3015.783880406406
149,3395.0,2995.0
150,3522.8812695792326,2972.2719338643888
151,3622.0,2954.0
152,3688.272193786213,2940.8173620256434
153,3723.0,2934.0
154,3836.7631000507045,2912.5324112577728
155,4013.0,2882.0
156,4097.20431070527,2870.0475823673632
157,4277.838908542271,2854.9056327041353
158,4355.0,2852.0
159,4397.432501846341,2851.942089833897
160,4445.0,2854.0
161,4594.458661398905,2866.0972681122225
162,4671.0,2882.0
163,4921.0,2954.0
164,4926.847877348318,2955.847566113487
165,5039.2317484978,2998.761719652485
166,5091.0,3027.0
167,5241.0,3107.0
168,5245.194395662953,3109.366292333731
169,5378.733512354337,3189.339289433886
170,5388.0,3195.0
171,5521.0,3276.0
172,5566.1834290721845,3303.254262600293
173,5681.0,3371.0
174,5747.776836920441,3408.1490988298856
175,5804.0,3435.0
176,6110.993663922806,3549.889690982944
177,6135.0,3558.0
178,6211.0,3576.0
179,6253.758364280457,3582.406004203148
180,6402.727802268535,3603.502666978286
181,6444.0,3608.0
182,6615.539729985424,3619.4777466905553
183,6628.0,3620.0
184,6713.0,3623.0
185,6801.7283325039425,3625.7930115227273
186,6932.0,3628.0
187,7097.564787643075,3628.3460221253144
188,7198.0,3628.0
189,7326.2923795288925,3626.2511954027004
190,7441.0,3622.0
191,7445.603076847776,3621.8133978238266
192,7489.0,3620.0
193,7697.558993277936,3607.6914311404394
194,7754.0,3602.0
195,7848.957618056834,3589.316495661221
196,7933.0,3573.0
197,7994.863697751987,3556.7354171562883
198,8047.0,3540.0
199,8186.173993182125,3479.8934620991313
200,8208.0,3468.0
201,8294.0,3413.0
202,8398.183402935523,3325.3806360341737
203,8435.0,3289.0
204,8507.441403825063,3205.6262064364723
205,8541.0,3156.0
206,8603.828841014565,3045.2100137943517
207,8628.0,2994.0
208,8672.503780642943,2864.0361319247177
209,8701.158593914432,2685.2753362050194
210,8702.0,2678.0
211,8700.933151086028,2529.7504464183485
212,8700.0,2521.0
213,8680.923009831073,2376.1894853205367
214,8676.0,2351.0
215,8635.0,2217.0
216,8584.574338117143,2107.786085344248
217,8545.0,2035.0
218,8527.783095827395,2005.3601644357416
219,8469.0,1910.0
220,8407.0,1812.0
221,8404.273961671048,1807.7149983843294
222,8327.055845789833,1686.6560014401873
223,8307.0,1655.0
224,8222.0,1519.0
225,8200.999181368836,1485.0182530214688
226,8130.0,1369.0
227,8072.198233192527,1271.1491343724708
228,8020.0,1176.0
229,7984.622943033198,1107.800071251539
230,7946.0,1030.0
231,7905.784423333871,944.0716253442573
232,7859.0,838.0
233,7845.217335587036,805.8152033534211
234,7841.0,796.0
235,7793.0,686.0
236,7766.050166078335,622.4446282707312
237,7677.0,444.0
238,7674.273575359817,439.5004575270027
239,7581.0,295.0
240,7547.886061060335,250.14102595835595
241,7505.0,220.0
242,7486.061524342353,207.61095937465592
243,7400.0,155.0
244,7272.80986803411,105.58914199644512
245,7228.0,94.0
246,7131.0,78.0
247,7056.792725401125,69.75921310671863
248,7007.0,67.0
249,6867.279093611287,67.4498858357255
250,6794.0,70.0
251,6730.014673833817,73.81831699083492
252,6637.693457597429,84.8683777619457
253,6630.0,86.0
254,6491.0,110.0
255,6449.6567705246,118.6439472687924
256,6352.0,142.0
257,6227.0,180.0
258,6195.628687509981,191.30644615621915
259,6117.0,222.0
260,6089.799442555621,233.35763202174763
261,5999.0,276.0
262,5984.99160210773,283.3648314019577
263,5901.806978759397,331.1835301194452
264,5867.0,353.0
265,5840.0,371.0
266,5786.250773274259,412.61706537244976
267,5660.0,527.0
268,5625.809147632607,561.6899438536436
269,5600.0,597.0
270,5561.616122515285,652.6379813211761
271,5543.0,689.0
272,5515.14895003675,773.471565046988
273,5512.0,786.0
274,5510.0,847.0
275,5573.0,997.0
276,5597.814297699976,1036.0631350311828
277,5625.950328367884,1064.2706361207704
278,5635.0,1073.0
279,5707.114629488255,1140.7773192818067
280,5723.0,1155.0
281,5758.05019446675,1182.476801834961
282,5769.0,1190.0
283,5797.307268643572,1209.117080115679
284,5851.645116917755,1243.8047272980427
285,5864.0,1251.0
286,5956.696814178646,1298.5483543123976
287,5962.0,1301.0
288,6023.0,1327.0
289,6094.0,1354.0
290,6104.4830382708205,1357.5822082485736
291,6187.0,1382.0
292,6231.598020832884,1393.4433603562866
293,6264.0,1402.0
294,6239.946998334411,1396.7680521509474
295,6223.0,1393.0
296,6268.604956293632,1401.9930935476364
297,6382.0,1424.0
298,6385.634240565731,1424.6334441981664
299,6489.271301871002,1439.7596834106776
300,6498.0,1441.0
301,6639.475130339672,1461.912514368709
302,6674.0,1467.0
303,6810.0,1492.0
304,6907.095055779522,1516.6537701105801
305,6992.0,1539.0
306,7049.295543431053,1554.9352642058302
307,7106.0,1578.0
308,7140.227025149195,1592.1659318387883
309,7183.0,1611.0
310,7261.990667193527,1654.2893621249452
311,7325.0,1701.0
312,7333.624125588973,1708.791513795868
313,7378.027158986219,1757.7414279589284
314,7418.0,1822.0
315,7441.0,1878.0
316,7449.395452241272,1907.603690573949
317,7457.0,1965.0
318,7451.0,2091.0
319,7449.765383583656,2101.1049567079
320,7437.898851542784,2153.618266994022
321,7421.0,2194.0
322,7406.340191248747,2228.06553667354
323,7384.0,2267.0
324,7356.84220475545,2304.5963044541286
325,7316.0,2356.0
326,7288.619058061402,2388.9732416343877
327,7213.452362729439,2467.003809381049
328,7125.613170983342,2497.131740066361
329,7003.850426921452,2522.280691999341
330,6995.0,2524.0
331,6835.366337271791,2553.4189667593578
332,6826.0,2555.0
333,6651.0,2580.0
334,6649.350466233492,2580.220427824795
335,6569.0,2591.0
336,6528.7278431237055,2596.055603189669
337,6404.311017974012,2611.263681646271
338,6364.0,2616.0
339,6290.783296812744,2623.8479919178253
340,6239.0,2628.0
341,6107.967195699883,2636.9951906330202
342,6074.0,2639.0
343,5974.193612797743,2643.2167508654825
344,5863.233034212398,2640.907829700789
345,5838.0,2640.0
346,5787.616041884904,2638.13107381329
347,5704.308317856024,2634.446103677486
348,5696.0,2634.0
349,5509.594205222539,2620.568471558664
350,5474.0,2617.0
351,5420.0,2611.0
352,5402.0127918366115,2608.9143182129733
353,5259.899045075037,2591.1694009299363
354,5237.0,2588.0
355,5133.0,2572.0
356,5045.158504925464,2556.3782521477024
357,5022.0,2552.0
358,4882.702947772612,2523.1116421059246
359,4770.0,2496.0
360,4556.0,2440.0
361,4528.8343874278535,2432.513311548484
362,4262.441847651995,2352.0538076909224
363,4256.0,2350.0
364,4098.0,2294.0
365,4070.2400255486114,2283.63188655469
366,3760.0,2168.0
367,3712.1135238175216,2150.6098252068327
368,3573.9973382178136,2104.5985681779007
369,3474.0,2076.0
370,3446.7624121541185,2067.8111297937685
371,3248.0,2006.0
372,3153.0961550058814,1975.2202532659876
373,3082.0,1951.0
374,3031.809888112981,1933.0660761596182
375,2948.0,1902.0
376,2843.613355004548,1862.1743850150724
377,2744.0,1821.0
378,2681.4430599194907,1793.967422534382
379,2571.0,1745.0
380,2504.924080736472,1714.6367573734447
381,2426.2979336009053,1675.6918248178201
382,2384.0,1654.0
383,2355.9190872671406,1639.7443782431665
384,2324.0,1624.0
385,2309.4406747758203,1616.876371536428
386,2227.4714457845475,1578.4348079628746
387,2214.0,1573.0
388,2154.3472049939146,1553.9659506400585
389,2136.0,1550.0
390,2070.0,1545.0
391,2036.7270905678224,1551.2354728022615
392,2008.0,1562.0
393,1988.1273245619886,1572.3403887630868
394,1949.0,1599.0
395,1919.9059358647753,1623.3691145625403
396,1890.0,1651.0
397,1868.0289013602883,1671.581960361009
398,1813.0,1718.0
399,1802.0,1725.0
400,1771.8008835373846,1743.2516404434225
401,1745.0,1758.0
402,1694.6859275100715,1778.8918033906612
403,1665.0,1785.0
404,1596.931495776921,1792.561787363661
405,1558.0,1795.0
406,1488.3029541091714,1792.4613058096213
407,1440.0,1775.0
408,1425.1806001686327,1768.7014271661724
409,1375.7859369689238,1745.7921911096703
410,1328.0,1717.0
411,1297.3480751768811,1689.609393606553
412,1275.0,1664.0
413,1261.8418590680951,1647.6818177239948
414,1250.0,1628.0
415,1227.843231501181,1573.8233976097133
416,1214.0,1533.0
417,1202.7953397926526,1458.8090112410907
418,1206.0,1424.0
419,1211.0,1364.0
420,1216.294561946461,1327.511631138803
421,1217.0,1323.0
422,1227.0,1260.0
423,1229.4152363841251,1244.8413981102324
424,1241.5426414666867,1169.4740045335525
425,1246.0,1143.0
426,1257.9486237045903,1074.02396389299
427,1259.0,1068.0
428,1273.0,989.0
429,1276.8587160875945,968.2932789843436
430,1285.0,925.0
431,1302.0,829.0
432,1307.165524892081,799.1452873949111
433,1328.0,678.0
434,1340.003569903917,608.7836255985744
435,1356.0,517.0
436,1367.1486661003946,453.9261495476394
437,1380.0,382.0
438,1390.15866106306,323.4850365095897
439,1400.0,266.0
440,1410.6002372105856,203.01390951689964
441,1416.0,171.0
442,1441.0,26.0
443,1461.2594137413764,-88.74750218952774
444,1465.0,-110.0
445,1485.0,-224.0
446,1487.9567532356373,-240.63295014850848
447,1508.0,-353.0
448,1528.8524092787989,-475.3177579495106
449,1535.0,-511.0
450,1563.0,-670.0
451,1584.0,-798.0
452,1586.110776312587,-812.0170030008521
453,1599.0,-917.0
454,1599.2672483481301,-919.8242429640499
455,1604.5549413969622,-1004.0506917833488
456,1603.0,-1041.0
457,1589.2386178084746,-1157.5317982807917
458,1588.0,-1166.0
459,1568.3982092321812,-1243.3866323064187
460,1558.0,-1262.0
461,1474.8134832440437,-1388.975330683844
462,1420.0,-1463.0
463,1386.8969357861001,-1494.8735297361216
464,1358.0,-1512.0
465,1280.0,-1555.0
466,1246.2695538233759,-1568.6180485342798
467,1123.0,-1598.0
468,1043.0010444697682,-1604.733370421132
469,1037.0,-1605.0
470,952.1745255199983,-1606.0728705144302
471,869.0,-1603.0
472,697.0,-1594.0
473,593.8047975875238,-1588.5390378137845
474,453.6095553386495,-1580.4325793618038
475,448.0,-1580.0
476,355.60664862431486,-1571.3516729035846
477,289.0,-1562.0
478,274.4346877726358,-1559.6538482389617
479,127.0,-1531.0
480,47.238007789042705,-1510.2193363895126
481,26.0,-1504.0
482,-40.0,-1483.0
483,-131.64023190928185,-1449.9052698024268
484,-152.0,-1442.0
485,-288.0,-1383.0
486,-330.01354575051937,-1361.3075389373657
487,-412.0,-1314.0
488,-513.7367545817405,-1244.298102495288
489,-563.0,-1205.0
490,-660.0512735910268,-1116.3710169175597
491,-677.0,-1099.0
492,-772.3189855155006,-987.4047443386111
493,-787.0,-968.0
494,-838.8844597995991,-893.71277934849
495,-852.0,-873.0
496,-934.3290434537031,-714.8458766154911
497,-944.0,-692.0
498,-975.9270432423469,-605.5708561210271
499,-983.0,-582.0
500,-1002.0,-498.0
501,-1014.6473954911374,-377.18600321898305
502,-1015.0,-367.0
503,-1008.0,-230.0
504,-1001.8473609942981,-189.41913486370237
505,-938.0,79.0
506,-927.6330658469035,111.52476919695408
507,-887.3245655071981,199.97632005719674
508,-838.0,307.0
509,-828.0816771449513,331.1346322743949
510,-773.0,471.0
511,-661.0,760.0
512,-652.7470262100926,781.2683996537137
513,-615.8975312563539,875.7516397314741
514,-581.873169668386,963.6274246879318
515,-570.0,995.0
516,-542.0,1069.0
517,-475.57750171781385,1239.8905678330705
518,-449.0,1308.0
519,-392.56107373535167,1453.6369363956744
520,-379.0,1489.0
521,-344.2662185427179,1579.4342981503796
522,-309.0,1671.0
523,-251.44221480557763,1819.6204454000933
524,-232.0,1870.0
525,-184.9557689739862,1992.2740651451895
526,-137.0,2117.0
527,-107.55215089112983,2193.261752607974
528,-83.0,2257.0
529,-38.074365461927385,2375.166559666618
530,18.0,2522.0
531,26.07975292313718,2542.9426107619674
532,79.0,2679.0
533,99.33881739665466,2731.140184643394
534,134.0,2820.0
535,183.0,2946.0
536,185.03500630607832,2951.2491501311956
537,294.387119480538,3234.355372153472
538,312.0,3280.0
539,362.3968780073516,3410.5800797999273
540,389.0,3480.0
541,414.2877646743312,3546.2928963056265
542,439.0,3609.0
543,550.0,3879.0
2,695.0,4234.0
3,739.9521919633767,4343.659502016855
4,811.0,4517.0
5,812.9192070330713,4521.682924211272
6,880.439553211939,4686.516768174012
7,927.0,4801.0
8,959.0,4880.0
9,986.4900294656463,4947.769055211573
10,1050.3239852215174,5104.43122111982
11,1069.0,5150.0
12,1150.0,5353.0
13,1183.6720196710387,5445.826312361609
14,1229.0,5577.0
15,1317.0,5890.0
16,1387.0,6140.0
17,1420.0,6246.0
18,1434.1792547161367,6286.174029215025
19,1468.0,6370.0
20,1496.8671668664529,6431.567065256787
21,1506.0,6448.0
22,1606.0,6582.0
23,1623.3834383433752,6599.827520459054
24,1664.0,6630.0
25,1742.7000627967197,6672.067703278782
26,1755.0,6677.0
27,1817.0495472984467,6694.447785328451
28,1843.0,6699.0
29,1898.4440185311228,6703.538433360608
30,1940.0,6700.0
31,2041.0,6676.0
32,2055.6450860385075,6671.667752275383
33,2122.0,6634.0
34,2141.3337494601815,6616.6642956752
35,2181.0,6578.0
36,2215.7953848613292,6532.138081770693
37,2223.0,6520.0
38,2246.3904616756677,6478.240676419512
39,2260.0,6449.0
40,2277.0,6397.0
41,2285.4509795870613,6360.025261853507
42,2294.0,6305.0
43,2296.3680473919862,6243.777383060187
44,2296.0,6238.0
45,2272.8500172463064,6076.089946538592
46,2272.0,6071.0
47,2265.0887286857956,6033.827023050163
48,2253.0,5996.0
49,2231.8616607550894,5929.767113699547
50,2200.0,5832.0
51,2160.662920135636,5720.399614699334
52,2113.0,5599.0
53,2104.0665701339144,5576.325010886134
54,2088.7804859055755,5538.862778023431
55,2081.0,5521.0
56,2049.8507986035765,5451.7100052040605
57,2008.0,5360.0
58,1974.7529532948113,5286.469173623497
59,1971.0,5278.0
60,1899.5734563109115,5113.771917588007
61,1881.0,5070.0
62,1843.6156106049643,4978.295207800065
63,1815.320061883719,4889.7011804876465
64,1805.0,4847.0
65,1779.0,4711.0
66,1777.0337887378496,4695.611844575846
67,1769.7849495772637,4600.395241892728
68,1769.0,4568.0
69,1769.7199324727985,4500.872066393927
70,1777.0,4380.0
71,1788.5565637471254,4255.065968559716
72,1799.0,4148.0
73,1800.573127885033,4130.500939918246
74,1807.011597591056,4046.2440935601117
75,1794.0,3939.0
76,1789.5583429895723,3921.2638537778357
77,1751.0,3801.0
78,1744.8593711778378,3785.9878193901973
79,1688.6475665679543,3701.748159634711
80,1664.0,3678.0
81,1515.0,3564.0
82,1499.0009689645665,3554.763593289143
83,1328.0,3478.0
84,1290.9064785121393,3463.2660702541807
85,1213.0,3435.0
86,1210.0040141200368,3433.8931597546707
87,1047.7415869768035,3373.169131086791
88,998.0,3354.0
89,964.2886867265815,3340.2603610041433
90,932.0,3325.0
91,829.4100183135365,3271.058826534855
92,795.0,3245.0
93,755.8327223999243,3206.8283729191153
94,682.0,3108.0
95,662.3077345639069,3073.5598492614895
96,649.0,3006.0
97,645.9820306426941,2972.6336736357107
98,644.0,2927.0
99,651.4422565397126,2864.478980823362
100,653.0,2859.0
101,709.5918369343917,2734.150587873163
102,712.0,2730.0
103,743.2057541552939,2695.855639744784
104,754.0,2688.0
105,797.3991030857013,2655.872742047783
106,822.0,2640.0
107,865.2247270712198,2618.3672923365684
108,912.0,2602.0
109,936.5243101813787,2595.439335632464
110,981.0,2588.0
111,1002.5143438503026,2586.7162372454413
112,1136.0,2597.0
113,1155.5160698735249,2600.3761737245386
114,1211.540571130082,2614.511795912499
115,1257.0,2628.0
116,1373.0,2662.0
117,1495.0,2699.0
118,1590.6521825149198,2731.0837606295836
119,1642.0,2752.0
120,1657.8826234536186,2758.512684335361
121,1713.0,2780.0
122,1773.6998949182348,2802.352901274079
123,1861.0,2834.0
124,1889.756383470968,2844.323969338275
125,1964.9500650195216,2870.440194297807
126,2026.0,2890.0
127,2097.3973400282716,2912.3281653029435
128,2129.0,2922.0
129,2192.1186446925703,2940.817958226238
130,2247.0,2956.0
131,2310.942277665477,2971.7068925874255
132,2392.0,2989.0
133,2505.0,3009.0
134,2509.440317738343,3009.667890050646
135,2611.678393899967,3022.465224223474
136,2673.0,3028.0
137,2792.0,3035.0
138,2848.708972775207,3037.157188594212
139,2939.0,3038.0
140,3021.7181827561885,3035.2920831637757
141,3172.0,3025.0
142,3176.702058270481,3024.576848886003
143,3270.056962944075,3013.972224076907
144,3325.0,3006.0
145,3398.793703588445,2994.257651677666
146,3465.0,2983.0
147,3626.6496895088108,2952.8761610757106
148,3719.0,2935.0
149,3794.3431508145004,2920.483411313936
150,3818.0,2916.0
151,3912.2459473552613,2898.5570524303407
152,3948.0,2892.0
153,4056.57544909705,2872.921228662614
154,4135.0,2865.0
155,4213.768019677329,2859.408314031646
156,4372.0,2851.0
157,4468.824065271739,2852.8153142199794
158,4491.0,2856.0
159,4689.0505113972895,2887.0728182389203
160,4743.0,2898.0
161,4801.961688130455,2912.3259659800187
162,4873.0,2936.0
163,5086.802991585847,3028.1648127747626
164,5154.0,3059.0
165,5221.113291466187,3092.1506989976015
166,5288.0,3135.0
167,5481.506574583252,3252.4703831739025
168,5512.0,3271.0
169,5610.470879134769,3331.8186450502203
170,5671.0,3366.0
171,5698.720265466487,3380.877102653744
172,5807.0,3437.0
173,5811.09227766123,3439.0425593698965
174,5948.0,3499.0
175,6078.774396717479,3538.585231867099
176,6259.0,3584.0
177,6333.667505000639,3599.6844891455985
178,6413.0,3605.0
179,6463.035374715096,3608.839467315335
180,6505.0,3612.0
181,6635.898056210497,3620.1700836690607
182,6713.0,3623.0
183,6779.3593692784725,3624.663776922352
184,7009.0,3628.0
185,7032.361801780838,3628.235650967497
186,7174.6034999219955,3628.5230329901583
187,7265.0,3627.0
188,7398.454692185085,3623.4488388722107
189,7411.0,3623.0
190,7678.0,3609.0
191,7808.138799177586,3594.5248080305737
192,7912.15595173588,3575.596051377448
193,7963.0,3566.0
194,8169.844526211586,3490.0105170373636
195,8181.0,3483.0
196,8369.0,3354.0
197,8374.366606152755,3350.105357224101
198,8450.277907629728,3275.98685916237
199,8459.0,3264.0
200,8528.220099746839,3172.901156831191
201,8559.0,3128.0
202,8618.0,3017.0
203,8648.78125213677,2935.616273103873
204,8686.18341728474,2798.730195375435
205,8694.0,2755.0
206,8701.010813183131,2543.098537796557
207,8697.0,2482.0
208,8684.908962617661,2385.0884206502424
209,8659.0,2288.0
210,8619.556865961526,2180.495205466506
211,8605.0,2147.0
212,8560.444304389428,2061.0144979054444
213,8531.0,2011.0
214,8396.747655568593,1796.3291913666267
215,8382.0,1773.0
216,8337.20494532431,1701.8455765335366
217,8307.0,1654.0
218,8201.0,1485.0
219,8082.0,1288.0
220,8012.0,1161.0
221,8009.680184168694,1156.2031896923527
222,7878.0,882.0
223,7875.219606134905,876.0711584542896
224,7815.6766979003305,739.3442433560746
225,7783.0,663.0
226,7775.980491064145,647.3705339390999
227,7716.0,519.0
228,7701.58147844341,489.9449614976679
229,7659.0,411.0
230,7616.64416930527,343.22373411185583
231,7611.0,335.0
232,7511.467124574008,224.63096334431629
233,7507.0,221.0
234,7461.230624785716,191.0585695356188
235,7456.0,188.0
236,7348.0,130.0
237,7264.4073906546055,101.3352596695101
238,7176.0,84.0
239,7140.0,79.0
240,7123.7647105152255,77.02631959444327
241,7004.103102939215,67.32786349920569
242,6997.0,67.0
243,6909.456706776579,65.32463024137692
244,6876.0,66.0
245,6755.0,73.0
246,6726.315053623025,75.37482234945419
247,6616.770900292089,88.01064903623966
248,6610.0,89.0
249,6497.465487947433,108.35053156037878
250,6401.0,130.0
251,6396.555443817639,131.12728968842487
252,6190.475697908065,195.43926237647588
253,6063.64296120575,246.64723123104412
254,5935.0,311.0
255,5838.593420918511,372.2023854902531
256,5766.0,429.0
257,5754.980304657646,438.52025302025874
258,5691.395881139429,498.570382692645
259,5623.0,568.0
260,5583.22110875394,606.4365732485293
261,5552.0,671.0
262,5545.781047658118,686.9333075595546
263,5513.0,779.0
264,5502.505293468865,813.321183236492
265,5499.437994256834,856.362791848246
266,5513.932284521915,883.9079329541663
267,5518.0,893.0
268,5536.044844342685,935.6254420368563
269,5545.0,954.0
270,5569.0,992.0
271,5588.596189797625,1016.9313252905372
272,5673.0,1111.0
273,5683.636909351718,1122.4775428314013
274,5705.250035926778,1143.1585421570826
275,5732.0,1162.0
276,5766.729982463778,1186.088077237896
277,5841.377777165936,1236.9577356955112
278,5846.0,1240.0
279,5908.643094194651,1274.3830367142996
280,5912.0,1276.0
281,6005.0,1320.0
282,6053.0168485262275,1339.283896173605
283,6074.0,1347.0
284,6119.394766805926,1362.6726365063305
285,6208.0,1388.0
286,6217.0,1390.0
287,6250.608626576266,1398.3786498854033
288,6258.0,1400.0
289,6352.822914896547,1419.3985842626662
290,6416.0,1430.0
291,6503.169727310971,1441.036726406178
292,6521.0,1444.0
293,6532.0,1446.0
294,6678.823053536367,1466.8403902803188
295,6686.0,1468.0
296,6785.0,1487.0
297,6873.0,1507.0
298,6898.386057808498,1513.22767798539
299,7003.4805425730465,1541.965878566702
300,7010.0,1544.0
301,7099.866447682853,1575.6393669755107
302,7106.0,1578.0
303,7218.0,1628.0
304,7248.490570479058,1646.3263719447477
305,7344.0,1719.0
306,7370.057766726187,1743.5586440004595
307,7419.0,1821.0
308,7420.2646468124185,1824.3692079037646
309,7459.0,1977.0
310,7459.554658951887,1979.807405140901
311,7461.655203895079,2035.4984722594452
312,7457.0,2056.0
313,7444.438950026309,2110.548274036857
314,7430.0,2170.0
315,7421.149490191616,2201.4044354411285
316,7408.131083028124,2229.9509354923534
317,7391.0,2256.0
318,7360.939860740245,2297.867460529548
319,7313.0,2360.0
320,7268.484814057192,2402.796323884526
321,7242.0,2420.0
322,7169.644326006416,2463.2982416470973
323,7164.0,2466.0
324,7044.0,2511.0
325,6961.361032490113,2531.8058098930246
326,6802.646957404371,2558.6752251091125
327,6762.0,2565.0
328,6732.694830322371,2569.493284364676
329,6685.0,2576.0
330,6639.378531689619,2581.9685156263517
331,6502.596931055343,2599.6319041314523
332,6484.0,2602.0
333,6381.937726322403,2614.2986338685155
334,6356.0,2617.0
335,6239.000709169807,2628.1077663427623
336,6157.0,2634.0
337,5948.623884300267,2640.5666770043554
338,5886.0,2641.0
339,5850.158444902107,2640.746957377211
340,5762.0,2637.0
341,5722.416354431054,2635.162538752046
342,5662.0,2632.0
343,5540.46341883829,2622.659405841875
344,5468.0,2616.0
345,5384.342305903893,2607.8059598289947
346,5350.0,2604.0
347,5176.0,2579.0
348,4958.0,2539.0
349,4780.0,2499.0
350,4690.341337620363,2476.5810091653075
351,4599.0,2452.0
352,4508.977573903925,2426.538275750117
353,4349.0,2380.0
354,4314.3380906785,2369.748308954544
355,4224.9961999992975,2340.81406651461
356,4152.0,2314.0
357,4066.26523191509,2282.3486394004494
358,3925.0,2230.0
359,3850.13171842113,2202.002209748532
360,3753.4878173696748,2166.389478204906
361,3735.0,2160.0
362,3616.64549125568,2120.263855128018
363,3560.0,2102.0
364,3437.1701162593836,2064.4336419399847
365,3412.0,2057.0
366,3337.0,2035.0
367,3158.1396226431575,1977.5911300589164
368,3039.0,1936.0
369,2975.4993527794804,1912.7495637700936
370,2838.935933333667,1859.7774327114655
371,2778.0,1835.0
372,2734.9023741491364,1817.0519195172708
373,2665.0,1787.0
374,2593.3745814736108,1754.4375511955172
375,2478.334941213703,1696.4924965811733
376,2298.3296812086337,1604.9556825241843
377,2237.0,1582.0
378,2224.0963649423143,1577.6109970413936
379,2120.0,1547.0
380,2117.792834650905,1546.4646320021022
381,2080.1265265927195,1542.0192537145101
382,2062.0,1546.0
383,1992.3742221424002,1570.2120499505238
384,1976.0,1579.0
385,1920.0,1623.0
386,1911.6505531342937,1630.6238642226458
387,1877.0,1663.0
388,1841.2627388198825,1694.7675753097622
389,1801.0,1726.0
390,1788.606982988316,1734.2079236331383
391,1745.3280243274112,1757.8185679597668
392,1736.0,1762.0
393,1686.0,1780.0
394,1616.0,1793.0
395,1608.2040614766427,1794.0470017960922
396,1517.0,1793.0
397,1440.6155352510955,1774.945122676843
398,1426.0,1771.0
399,1382.3480083088623,1756.843557613941
400,1355.0,1736.0
401,1342.0,1727.0
402,1322.971299839349,1712.6313152169032
403,1292.0,1684.0
404,1282.7721610223377,1673.5256691918162
405,1242.2990874056616,1613.4052677834065
406,1238.0,1605.0
407,1224.7123692705572,1573.003495646341
408,1215.0,1538.0
409,1207.0,1490.0
410,1205.0,1457.0
411,1205.5797879311222,1436.165525301188
412,1216.3244282626633,1328.7190015215601
413,1218.0,1315.0
414,1227.7609549970662,1254.1533815000907
415,1229.0,1247.0
416,1244.5584785422166,1150.8917445562133
417,1252.0,1108.0
418,1268.8420144874433,1014.0930481494881
419,1275.0,980.0
420,1285.090486111158,923.9167481423935
421,1293.0,878.0
422,1299.3389712038297,840.6364781909797
423,1311.0,772.0
424,1320.3416523084977,717.6504898834542
425,1338.0,619.0
426,1344.0,587.0
427,1346.5944349664835,572.5952030052815
428,1360.812022794547,487.0768763886313
429,1362.0,480.0
430,1376.2112537260523,398.20812101954493
431,1400.0,264.0
432,1404.6441135498962,236.67932210437027
433,1418.0,158.0
434,1434.0032765805945,69.88889249395115
435,1444.0,13.0
436,1448.0,-11.0
437,1450.5788357319886,-26.400882202194953
438,1476.0,-173.0
439,1489.0935390833065,-247.53720258256283
440,1522.1493569918775,-435.4956979205683
441,1528.0,-469.0
442,1541.405483165707,-547.1433964766518
443,1544.0,-562.0
444,1565.0,-682.0
445,1572.5734209687362,-727.0339516110362
446,1591.3006314106724,-850.7064406086674
447,1595.0,-882.0
448,1602.1770741708183,-966.2303607762358
449,1603.0,-984.0
450,1603.1326898338266,-1053.2282121215355
451,1602.0,-1071.0
452,1588.0,-1166.0
453,1553.8399799813167,-1281.790224003339
454,1528.0,-1325.0
455,1446.0,-1438.0
456,1442.7765386696785,-1442.1090561326112
457,1344.4023065479314,-1525.2038552985387
458,1319.0,-1536.0
459,1198.6798593245057,-1583.0710157459803
460,1192.0,-1585.0
461,1106.0,-1601.0
462,1030.1182240647092,-1605.2855191870726
463,935.0,-1606.0
464,898.6810505807434,-1605.4981663157055
465,815.3722076400688,-1600.8519744650819
466,784.0,-1599.0
467,545.0,-1586.0
468,517.7958716362972,-1584.440856386429
469,404.6222757303614,-1575.6729602925209
470,398.0,-1575.0
471,287.0,-1562.0
472,282.33263448911754,-1561.3280001975784
473,149.0,-1537.0
474,33.69541688356183,-1506.1287043641632
475,-56.0,-1477.0
476,-222.54869714678546,-1412.2186035228058
477,-313.7065190890468,-1369.3650328349772
478,-499.88040832006294,-1256.001223424521
479,-638.5126053431611,-1136.8182494223124
480,-674.0,-1101.0
481,-750.0,-1016.0
482,-771.0574041020908,-989.6948329127799
483,-827.0,-912.0
484,-868.2400382741343,-845.5465009212508
485,-949.0,-680.0
486,-956.1192250110216,-661.5179279246668
487,-964.0,-639.0
488,-995.0573808131726,-498.6468068088422
489,-1012.3331995452587,-315.89130929651634
490,-1013.0,-292.0
491,-994.2272568309407,-128.44531441959404
492,-987.0,-96.0
493,-953.0,35.0
494,-951.3317092785805,40.162975381144406
495,-927.0,107.0
496,-906.8654856500057,154.34600649154856
497,-857.0,262.0
498,-840.4569605326325,300.5042542351931
499,-769.3647568712274,480.0839255038087
500,-740.0,556.0
501,-695.0,672.0
502,-676.364066816669,720.033646207128
503,-633.0,832.0
504,-631.0070249483578,837.159036255199
505,-599.0,920.0
506,-561.9230812277303,1014.9545310847049
507,-530.0,1097.0
508,-473.0,1246.0
509,-439.7091112070306,1332.1596334018175
510,-345.0,1576.0
511,-324.3001717737196,1629.846938753495
512,-287.0,1728.0
513,-285.3078031082711,1732.391790816597
514,-234.0,1865.0
515,-202.32276570399642,1947.2019295448129
516,-187.0,1987.0
517,-128.0,2140.0
518,-110.71640799379013,2184.6964141689687
519,-18.0,2425.0
520,71.0,2658.0
521,101.74283393283633,2738.3630911640003
522,143.0,2845.0
523,155.02717605917024,2875.8999989047957
524,217.62745256820443,3036.7215371781917
525,222.0,3048.0
526,266.0692914672331,3162.119557443599
527,295.0,3237.0
528,354.0,3389.0
529,408.05358143483227,3527.9214236380894
530,419.0,3556.0
4,805.8277113729347,4505.234589589231
5,811.0,4518.0
6,873.0435530963657,4670.285060012204
7,886.0,4702.0
8,954.1862701258956,4868.939962135058
9,1013.0,5013.0
10,1055.9072843243375,5118.317419723887
11,1091.0,5205.0
12,1143.358933005589,5335.1051438402565
13,1148.0,5347.0
14,1246.0,5633.0
15,1247.2856326411395,5637.387295997193
16,1290.0,5792.0
17,1330.832062757864,5942.127135970342
18,1335.0,5957.0
19,1395.1854412167306,6166.907566431848
20,1399.0,6180.0
21,1433.6549938567896,6286.2756973952455
22,1436.0,6292.0
23,1497.8189729567923,6431.99962473014
24,1510.0,6456.0
25,1543.127962095183,6506.830259879915
26,1566.0,6535.0
27,1591.0,6565.0
28,1645.9688800642227,6616.007933818688
29,1657.0,6624.0
30,1764.0,6680.0
31,1787.2806023063877,6687.4274893047495
32,1820.0,6695.0
33,1843.0828222940527,6698.633984900892
34,1890.0,6702.0
35,1931.0,6701.0
36,1975.3610526252041,6695.381791809973
37,1993.0,6691.0
38,2032.2141757504287,6677.779742486079
39,2119.0,6637.0
40,2130.642095226027,6629.683935694854
41,2156.6304748313846,6606.319723270103
42,2178.0,6581.0
43,2203.0,6550.0
44,2216.694561142078,6529.44093707732
45,2270.0,6421.0
46,2282.866548770128,6381.487508988295
47,2290.5092252293066,6333.0304549029515
48,2291.0,6329.0
49,2295.0,6221.0
50,2287.4540972467144,6156.0123000688745
51,2279.0,6101.0
52,2273.45804554562,6069.919106459553
53,2259.004743596606,6014.610537759548
54,2247.0,5976.0
55,2244.165105972508,5966.672300391148
56,2225.0,5905.0
57,2217.6768143149266,5883.500455664912
58,2198.0,5828.0
59,2176.0869952121648,5765.2435009827905
60,2160.0,5720.0
61,2128.8037303857564,5637.6643290687325
62,2123.0,5623.0
63,2098.4902154065035,5562.94947241684
64,2090.0,5543.0
65,2008.0,5358.0
66,1969.1678037256465,5272.360329942581
67,1919.8502555704342,5164.563105427672
68,1885.0,5080.0
69,1833.5058327382053,4935.543600634016
70,1809.0,4863.0
71,1808.3670965362453,4861.139733869612
72,1784.0,4745.0
73,1779.5171430827604,4683.834869870188
74,1770.0,4491.0
75,1769.2509157344275,4425.695484681227
76,1779.1185258323326,4355.513991328458
77,1780.0,4348.0
78,1793.0,4211.0
79,1798.342317741443,4131.845225776724
80,1802.0,4023.0
81,1801.9935948883326,4019.915760283359
82,1788.0,3908.0
83,1776.1512104297528,3876.0003947324785
84,1681.9288139051287,3699.327823107481
85,1678.0,3693.0
86,1653.7818896664614,3662.025218915687
87,1632.0,3647.0
88,1540.0,3579.0
89,1483.8392707261528,3546.6726766209495
90,1352.0,3487.0
91,1250.544156325258,3447.3082146620127
92,1179.0157539197248,3421.849064929456
93,1146.0,3410.0
94,1108.9664670838547,3396.6260536322116
95,1056.0,3377.0
96,943.0,3330.0
97,915.5235378043346,3315.76577882832
98,754.0,3209.0
99,744.219728044466,3201.031542859271
100,688.476569267984,3127.4472545415456
101,674.0,3091.0
102,651.1367474012858,3019.3164319035373
103,650.0,3012.0
104,646.0,2901.0
105,663.8141962634153,2809.4344335918945
106,695.0,2752.0
107,736.4674790817692,2700.3580961102575
108,778.2914090487371,2666.199663443022
109,802.0,2652.0
110,834.0533984181819,2636.2084601547926
111,936.0110408247023,2600.189230750308
112,974.0,2589.0
113,993.6082127149014,2585.0171869413502
114,1012.0,2586.0
115,1049.4531570010129,2589.64217355041
116,1132.3855189590613,2599.7738573438064
117,1176.0,2607.0
118,1217.1947397317217,2616.050449060185
119,1285.219109968812,2636.2698358751663
120,1291.0,2638.0
121,1383.0,2665.0
122,1416.0533708905332,2674.251149057194
123,1507.4137873848608,2702.596981374529
124,1517.0,2706.0
125,1625.0,2746.0
126,1681.554234420986,2767.571492470041
127,1715.0,2780.0
128,1745.5509776042425,2791.154572418003
129,1855.9400143449902,2831.1354538028636
130,1926.0,2856.0
131,1949.0244876250542,2863.985562146117
132,2030.4014393010723,2890.8647736016705
133,2037.0,2893.0
134,2161.0,2932.0
135,2164.595391875628,2933.0550846968763
136,2309.2389395741875,2971.3728601169582
137,2329.0,2976.0
138,2453.0,3000.0
139,2660.5268310738134,3025.2812676513436
140,2735.0,3033.0
141,2767.900806751795,3035.9754061427857
142,2821.30617133935,3036.92752782585
143,2828.0,3037.0
144,2950.0,3038.0
145,2954.274845144583,3037.948859731633
146,3090.3382339848813,3031.8374245870823
147,3114.0,3030.0
148,3227.287365128116,3018.497098796861
149,3308.0,3008.0
150,3397.2406353506035,2994.5156006266348
151,3448.0,2986.0
152,3505.888461537673,2975.4594348055657
153,3561.0,2965.0
154,3643.3810550123494,2949.296590251922
155,3807.340060653361,2918.0219307956954
156,3818.0,2916.0
157,3972.2506127296997,2887.819400001981
158,3989.0,2885.0
159,4094.8062470543573,2869.2040498283436
160,4106.0,2868.0
161,4394.0,2852.0
162,4450.464286366337,2851.7379629447605
163,4574.0,2865.0
164,4592.820932887544,2867.9636474026074
165,4699.0,2887.0
166,4807.619375519806,2914.979284948468
167,4889.0,2942.0
168,4978.42978800619,2976.8492824818204
169,5058.0,3012.0
170,5087.734545912413,3026.1424089549005
171,5175.0,3071.0
172,5192.721626912641,3080.61280586072
173,5356.0,3175.0
174,5431.7125908947455,3222.014458115457
175,5487.0,3256.0
176,5653.323417282722,3354.7507120273285
177,5687.0,3374.0
178,5838.684579219967,3453.3919942622215
179,5957.0,3502.0
180,5993.595643690465,3515.314187474581
181,6134.375569343967,3558.88596657797
182,6246.0,3582.0
183,6412.0,3605.0
184,6473.476453310363,3611.1595136149135
185,6575.504194674228,3617.7849676558512
186,6599.0,3619.0
187,6758.343402323231,3625.473545730982
188,6849.0,3627.0
189,6884.700914104916,3627.0129455370657
190,6911.0,3627.0
191,7036.0,3628.0
192,7136.430521390845,3628.33988725616
193,7276.0,3627.0
194,7391.491711598455,3623.5876010369952
195,7435.0,3622.0
196,7593.0,3615.0
197,7613.557907233048,3613.768270964786
198,7770.342653060645,3600.551871489334
199,7812.0,3595.0
200,7892.782177055344,3581.191824335899
201,7960.0,3567.0
202,8027.530396537666,3550.0459050247478
203,8100.0,3521.0
204,8167.972650176092,3486.1104075644425
205,8290.0,3416.0
206,8369.330209461645,3363.9570350842323
207,8426.848503678517,3299.8016747987704
208,8431.0,3295.0
209,8526.313763453138,3181.6198710426306
210,8560.0,3128.0
211,8645.0,2952.0
212,8658.516211834905,2921.4728014191055
213,8684.281469816451,2857.7834550670887
214,8694.0,2759.0
215,8696.08651064615,2693.821212796515
216,8697.357154342233,2512.4070022943306
217,8697.0,2485.0
218,8691.914088630849,2413.8257204470547
219,8679.0,2366.0
220,8660.303104494835,2295.386946167862
221,8644.0,2242.0
222,8574.390063539051,2086.8915062895844
223,8563.0,2066.0
224,8495.0,1951.0
225,8389.005032643918,1783.5062804029135
226,8349.0,1721.0
227,8236.0,1542.0
228,8146.0,1396.0
229,8114.832025535119,1344.9445309128362
230,8109.0,1335.0
231,7984.0,1106.0
232,7973.953115302452,1086.868973895117
233,7922.137213858427,980.3547003066356
234,7902.0,934.0
235,7873.342896171294,867.6312555035832
236,7786.857822752077,667.4428202591063
237,7719.188508365377,524.5036778520378
238,7701.0,489.0
239,7651.998420848515,399.58616272915606
240,7579.224166325575,293.1552312645698
241,7565.0,277.0
242,7496.0,212.0
243,7468.892347594391,191.71821950081528
244,7440.0,176.0
245,7323.090211925447,126.53038332508002
246,7212.0,90.0
247,7162.402699901972,78.37076785676169
248,7004.299673369579,66.0572730627179
249,6956.0,66.0
250,6789.997773428591,71.93586769113843
251,6686.0,79.0
252,6668.308128404208,80.53054665252591
253,6594.078086598279,90.918572849956
254,6588.0,92.0
255,6479.991725991533,112.51575553927198
256,6364.0,139.0
257,6322.308671020652,150.48097086273998
258,6265.0,168.0
259,6198.762220072035,190.17714284080364
260,6166.0,202.0
261,6055.480495694533,247.06285532645393
262,5972.0,290.0
263,5846.678885295237,367.5807656095945
264,5828.0,380.0
265,5750.940173114915,436.90057500856585
266,5693.0,493.0
267,5686.0,500.0
268,5683.8752504197055,502.1605651427264
269,5593.865741293209,609.2859425654538
270,5555.0,665.0
271,5541.112513938001,688.3270672447615
272,5520.1737374903505,741.9781255553071
273,5513.0,775.0
274,5510.5048736661665,789.2761829276769
275,5510.0,856.0
276,5512.880529592545,867.9125637905088
277,5546.337365922849,952.4282977632222
278,5556.0,973.0
279,5582.0,1011.0
280,5582.968719608057,1012.1016096091771
281,5683.0,1121.0
282,5731.668888441423,1164.6623152683044
283,5804.0,1214.0
284,5820.084098409953,1224.2857960556028
285,5904.281869091321,1273.2485695042585
286,5922.0,1282.0
287,5995.0,1315.0
288,6016.0,1324.0
289,6018.132867571481,1324.885481342676
290,6108.0,1358.0
291,6109.955946824517,1358.659698987815
292,6207.0,1388.0
293,6270.577171026361,1403.4118808915289
294,6286.0,1407.0
295,6271.639514202859,1403.53989197396
296,6272.0,1403.0
297,6371.924316190618,1421.596445755913
298,6391.0,1425.0
299,6472.0,1438.0
300,6475.030067878342,1438.4337857898845
301,6577.0,1452.0
302,6668.726644789045,1466.1139826097296
303,6698.0,1471.0
304,6800.404420289433,1489.6483190115541
305,6843.0,1499.0
306,6941.0,1524.0
307,6965.647450312612,1530.8585627149373
308,7055.369286006019,1559.0300482918217
309,7061.0,1561.0
310,7142.462720550315,1592.5373416484304
311,7157.0,1599.0
312,7243.0,1642.0
313,7259.554184437559,1650.665867845224
314,7341.0,1716.0
315,7407.1543766934465,1804.4016024821617
316,7422.0,1826.0
317,7454.274822812998,1879.966182815924
318,7453.0,1930.0
319,7455.816857580534,1960.0760054558727
320,7459.0,1997.0
321,7458.798587022933,2036.1502161512722
322,7451.4661658328505,2092.0564811549402
323,7449.0,2104.0
324,7444.0,2125.0
325,7434.889339130235,2158.9310880562043
326,7418.0,2203.0
327,7396.161885242867,2243.670239777663
328,7345.019617378545,2322.1636631271635
329,7338.0,2332.0
330,7293.0,2379.0
331,7287.680311017438,2383.365576244502
332,7218.871712107628,2435.1792472534057
333,7208.0,2442.0
334,7166.781417578974,2464.3955682268615
335,7149.0,2473.0
336,7078.0,2501.0
337,7064.7698360983095,2504.915727936572
338,6963.7460440177965,2530.2375962359724
339,6933.0,2537.0
340,6848.0,2552.0
341,6837.987949216827,2553.50569011538
342,6757.0,2565.0
343,6604.916595863455,2586.7269495866162
344,6596.0,2588.0
345,6511.504745824294,2599.0171630299033
346,6494.0,2601.0
347,6280.0,2625.0
348,6216.087141408547,2631.5024495252364
349,6128.28104842679,2636.607198688968
350,6087.0,2638.0
351,5981.0,2641.0
352,5953.073000852687,2641.3265119542416
353,5871.0,2641.0
354,5810.95413653171,2639.4607448499846
355,5722.0,2635.0
356,5555.0,2624.0
357,5550.424429518894,2623.6756197243376
358,5412.0,2611.0
359,5325.945670215256,2600.00655943136
360,5164.0,2577.0
361,5159.4322852921605,2576.3004734429237
362,5151.0,2575.0
363,4946.0,2537.0
364,4901.396817919023,2526.924070123279
365,4732.2660128160815,2486.4048770668865
366,4690.0,2476.0
367,4635.270291194193,2462.1138452697596
368,4572.0,2444.0
369,4555.4032834166965,2439.2005932589796
370,4309.762796381163,2367.028908098579
371,4284.0,2359.0
372,4115.0,2300.0
373,4071.868877424418,2284.2807774283883
374,3953.894342605043,2241.128123572185
375,3916.0,2227.0
376,3749.0,2164.0
377,3718.3795323487384,2153.1419503818524
378,3662.0,2134.0
379,3407.0,2055.0
380,3386.7294448284583,2048.8149376713845
381,3254.637890112268,2008.1486686232963
382,3175.0,1982.0
383,3061.8406106487178,1943.512009639926
384,3018.0,1928.0
385,2885.0,1878.0
386,2853.294708644119,1865.492563948112
387,2754.0,1825.0
388,2750.364291097989,1823.4920639681022
389,2610.100177496412,1763.0895757489322
390,2571.0,1745.0
391,2481.632654483514,1702.4008788410745
392,2425.0,1675.0
393,2377.3873151411817,1651.7583646695857
394,2314.870923552841,1619.6314887993358
395,2300.0,1612.0
396,2228.6645031147655,1578.4499142657749
397,2222.0,1576.0
398,2109.0,1546.0
399,2062.58519003296,1543.9739004504056
400,2045.0,1549.0
401,1995.4107999567318,1567.118953368036
402,1961.0,1589.0
403,1896.478700048961,1645.0963283614979
404,1859.0,1680.0
405,1814.4394755736487,1718.4070809260852
406,1781.0,1738.0
407,1747.0,1757.0
408,1739.127284300539,1760.6875326614809
409,1667.0,1784.0
410,1654.1583480974955,1787.2220856836789
411,1620.0,1793.0
412,1520.0,1793.0
413,1483.3536434870787,1790.2240008574183
414,1444.2938040807553,1781.0123402460033
415,1413.0513441118646,1766.9151818959313
416,1405.0,1763.0
417,1385.0,1753.0
418,1330.0,1719.0
419,1305.7369430075519,1695.5405565375813
420,1258.0,1641.0
421,1253.19379133816,1634.8598253885618
422,1235.118313616114,1600.2526452131094
423,1229.0,1583.0
424,1218.0,1551.0
425,1208.5543242341482,1477.9230724533559
426,1207.0,1412.0
427,1207.1373198974393,1404.887471228728
428,1213.0,1353.0
429,1213.8745036246378,1347.3915402991545
430,1230.0,1246.0
431,1233.455848839726,1224.0008728982225
432,1245.0,1151.0
433,1247.1206036364238,1137.9498701058694
434,1263.580403454187,1041.37255674986
435,1277.0,967.0
436,1278.1680113152765,960.6784908254392
437,1284.0652718700876,929.2809606832058
438,1287.0,913.0
439,1312.0,770.0
440,1337.0,627.0
441,1352.0,542.0
442,1359.5969053897452,500.00659666441857
443,1374.0,416.0
444,1380.0,377.0
445,1393.5784066470633,296.0242385384131
446,1421.0,144.0
447,1432.0849505879282,81.49613201740301
448,1444.0,12.0
449,1446.0918093673704,-0.2803687601636575
450,1465.0,-111.0
451,1469.749865448428,-138.34134668310173
452,1496.0,-287.0
453,1496.9067345119283,-292.12526455255306
454,1525.3693080176436,-453.2145936529329
455,1535.0,-508.0
456,1553.2271398004452,-612.576093489624
457,1567.0,-694.0
458,1574.065430798326,-737.300576703134
459,1592.0,-856.0
460,1592.4659952168286,-859.3366722329004
461,1595.0,-879.0
462,1594.0,-1136.0
463,1593.8239698892348,-1139.0349099165312
464,1579.0,-1202.0
465,1578.2758069711417,-1203.9136761308848
466,1529.0,-1325.0
467,1511.358775458153,-1355.1092702620388
468,1452.0,-1431.0
469,1437.4656312642146,-1447.0481539338443
470,1379.0,-1498.0
471,1223.3001234539672,-1576.0581438637669
472,1216.0,-1579.0
473,1151.1391094632665,-1597.1099834127451
474,1112.0,-1600.0
475,1091.8728898589598,-1601.1094595306567
476,979.7170044249774,-1605.0604782083974
477,923.0,-1605.0
478,838.6341688737749,-1601.9590658623638
479,819.0,-1601.0
480,728.37046906412,-1596.0296975546357
481,674.0,-1593.0
482,489.0,-1583.0
483,418.69454873604957,-1579.2421274219719
484,318.0,-1566.0
485,313.8822509661136,-1565.2980933103595
486,141.30953317697941,-1533.9729376081464
487,117.0,-1529.0
488,7.1441419441921035,-1498.3489647374734
489,0.0,-1496.0
490,-128.0,-1452.0
491,-145.08098676492781,-1445.4104237962827
492,-245.5733079912613,-1402.3488461065488
493,-277.0,-1388.0
494,-354.9174662689105,-1350.940045808879
495,-467.0,-1278.0
496,-565.7201033738015,-1198.3914197276258
497,-641.0,-1135.0
498,-688.5729316495482,-1091.4367003480893
499,-710.0,-1063.0
500,-780.7387888396321,-967.9733034626499
501,-884.0,-817.0
502,-925.9259260371431,-741.5695308466015
503,-986.5750660900447,-567.0926991027985
504,-1004.0,-491.0
505,-1010.884534298832,-450.2987784721269
506,-1014.0,-404.0
507,-1013.4688224699732,-252.92635481756085
508,-1002.0,-177.0
509,-942.0,66.0
510,-940.4131588574523,71.55020561699699
511,-900.970910914035,171.45576394108437
512,-867.0,242.0
513,-773.0,468.0
514,-770.8111448301424,473.4996926776186
515,-715.5584225640355,618.5790430531022
516,-712.0,628.0
517,-659.0,766.0
518,-640.0207007171299,814.7083722855284
519,-590.0,943.0
520,-560.3006568458696,1020.6955673951738
521,-536.0,1084.0
522,-410.5046440340291,1405.5975819381765
523,-401.0,1430.0
524,-372.0,1506.0
525,-353.7091304393823,1553.7000160361254
526,-288.9837538630991,1721.7772960125726
527,-272.0,1766.0
528,-205.80400706437507,1938.5784582071824
529,-201.0,1951.0
530,-168.0,2036.0
531,-133.99259199019002,2123.714198338631
532,-84.0,2254.0
533,-18.89384913464923,2425.0840644955247
534,20.0,2527.0
535,66.04458507730631,2645.5673682327324
536,106.0,2748.0
537,107.70937842343506,2752.4562231713444
538,124.0,2795.0
539,204.55625475324362,3003.3114137181024
540,228.0,3064.0
541,269.65620762170903,3172.309565547193
542,302.0,3256.0
543,318.927121164655,3298.936483053322
544,334.0,3337.0
545,397.5793932469226,3499.9504107180483
546,408.0,3527.0
547,446.0,3627.0
1,573.3589168841272,3937.0854331317323
2,636.891503350743,4092.977976744913
3,641.0,4103.0
4,706.0,4261.0
5,790.0719346288453,4466.087602493295
6,797.0,4483.0
7,858.529084157432,4633.536608860782
8,881.0,4689.0
9,906.1930897739542,4751.227983996447
10,952.0,4864.0
11,998.0,4976.0
12,1040.7291958452315,5079.07910758801
13,1097.6319060296348,5217.868061268402
14,1125.0,5288.0
15,1187.7426497025874,5456.721579928269
16,1211.0,5522.0
17,1255.2476333531392,5661.349295478894
18,1296.0,5811.0
19,1348.0584092925624,6002.650688111278
20,1353.0,6021.0
21,1386.990822950972,6152.368343690805
22,1414.0,6227.0
23,1428.3393809277104,6263.338584953023
24,1492.0,6420.0
25,1517.1678239548096,6475.221988021397
26,1548.5316988881718,6515.197659926841
27,1551.0,6518.0
28,1603.6882871911462,6577.717065486229
29,1629.0,6602.0
30,1718.8389645373854,6660.765299851211
31,1748.0,6674.0
32,1769.5762001242042,6682.5277650087955
33,1805.0,6692.0
34,1862.4188967597188,6697.683653768139
35,1947.0,6699.0
36,1988.5247696811002,6696.6097172513155
37,2021.0,6683.0
38,2050.3009341148936,6670.64640063503
39,2116.0,6640.0
40,2146.952777165493,6616.515371888263
41,2168.0,6593.0
42,2173.2039886475686,6587.185643670448
43,2210.0,6541.0
44,2234.8036127563782,6496.732972577217
45,2268.0168759435746,6426.321875325979
46,2270.0,6422.0
47,2286.92093935834,6380.658173840167
48,2290.0,6334.0
49,2291.6359686935557,6284.898072595084
50,2293.0,6192.0
51,2290.9645064495194,6149.321960563055
52,2279.0,6103.0
53,2278.4532728731147,6100.594719815201
54,2264.0,6036.0
55,2254.5751136094104,6000.28980622651
56,2215.0,5877.0
57,2203.0,5840.0
58,2184.2644632796682,5785.138542283318
59,2157.6555854888948,5713.981430635965
60,2155.0,5707.0
61,2105.138896209584,5578.886312725298
62,2097.0,5559.0
63,2055.8671124681064,5463.388343843962
64,2000.0,5341.0
65,1926.0,5178.0
66,1888.0,5088.0
67,1881.8874751823105,5073.023765833685
68,1839.0,4960.0
69,1830.0110804191577,4932.493082081321
70,1802.573937200997,4834.672610843198
71,1795.0,4803.0
72,1783.0,4740.0
73,1773.2971828042525,4569.113666501257
74,1772.0,4461.0
75,1772.917077055934,4406.137139684066
76,1786.0,4283.0
77,1795.6967554552434,4132.042623156983
78,1801.0,4021.0
79,1790.2371373674368,3905.65931411836
80,1781.0,3881.0
81,1758.3419104265445,3821.1482118225663
82,1742.0,3785.0
83,1720.5594309886687,3747.303126927051
84,1663.0,3678.0
85,1553.0,3588.0
86,1549.4377240778056,3585.538349868419
87,1471.602310255318,3539.493581610056
88,1399.8440166093767,3507.9215314319995
89,1369.0,3495.0
90,1284.8377076544662,3461.623635017305
91,1200.0,3430.0
92,1159.0,3415.0
93,1135.2027186881453,3406.3684806010133
94,1046.0,3373.0
95,908.388470658487,3312.4277305553455
96,862.0,3289.0
97,801.2140399028777,3250.3391304638844
98,775.0,3228.0
99,741.7389293304205,3195.884854559198
100,708.0,3153.0
101,664.0642543353066,3047.1843679500494
102,645.9119962270488,2976.341711443174
103,645.0,2972.0
104,644.0,2925.0
105,644.95994926629,2918.0985009176134
106,657.8793857606911,2843.0397503945696
107,668.0,2807.0
108,676.8166797569705,2783.8769243516
109,682.0,2773.0
110,724.0,2716.0
111,725.3328385601694,2714.496573919918
112,786.413217333521,2660.1614251857923
113,810.0,2647.0
114,870.8084180015499,2618.894611909239
115,912.0,2602.0
116,985.711528753249,2581.8485869841397
117,1033.0,2586.0
118,1064.8213992875176,2589.1855808704877
119,1147.0,2600.0
120,1165.9287000161012,2603.775149007689
121,1215.0,2616.0
122,1298.5109885082331,2639.63905774974
123,1354.0,2656.0
124,1380.5758637619795,2664.118738754043
125,1427.0,2679.0
126,1500.3141454215133,2700.6001952613938
127,1529.0,2710.0
128,1644.9249432020767,2753.293136796182
129,1706.0,2777.0
130,1741.140167846448,2790.333260614353
131,1832.0,2823.0
132,1888.0719082060386,2843.470915470153
133,1929.0,2858.0
134,1975.977747089517,2873.816693545131
135,2030.0,2891.0
136,2105.1501964309423,2913.9539612849017
137,2229.713222156141,2950.463554187849
138,2275.0,2963.0
139,2385.0,2988.0
140,2398.5387797048325,2990.63882956083
141,2512.0,3010.0
142,2534.4398005086764,3012.8541423922647
143,2724.34886654503,3029.410780688892
144,2841.0,3037.0
145,2913.6090164488905,3039.6139093194647
146,2963.0,3037.0
147,3147.4060026616125,3023.7111570640864
148,3281.0,3012.0
149,3436.6245902386354,2990.217432597349
150,3520.0,2973.0
151,3691.2947502387824,2939.275727234471
152,3762.0,2926.0
153,3914.1826794516974,2897.999786771142
154,4002.0,2883.0
155,4257.513848508777,2854.7328405472945
156,4309.0,2852.0
157,4338.274112971943,2850.8745072024403
158,4399.0,2852.0
159,4566.929796505259,2864.368794332494
160,4594.0,2868.0
161,4730.213567673975,2894.951169393715
162,4845.0,2927.0
163,4951.67348975073,2965.2190665562453
164,4961.0,2969.0
165,5074.0,3019.0
166,5175.185326019722,3070.0588062859906
167,5266.0,3121.0
168,5284.236732123984,3131.7803867466755
169,5293.0,3137.0
170,5443.529809563658,3228.763619054523
171,5452.0,3234.0
172,5601.684749694068,3325.6047725261856
173,5611.0,3331.0
174,5757.522559317462,3411.1023048325865
175,5871.0,3467.0
176,5901.062404824059,3480.4268242619964
177,6014.0,3523.0
178,6165.195568518944,3565.9756935858713
179,6194.0,3572.0
180,6439.7676874752515,3606.353550717181
181,6484.0,3611.0
182,6608.33991261502,3619.730211865605
183,6688.0,3622.0
184,6844.0,3626.0
185,6851.115973291954,3626.1101587266
186,7141.821224851617,3627.974773696278
187,7190.0,3628.0
188,7305.157333193587,3626.2035631056133
189,7342.0,3625.0
190,7404.458753599093,3623.0596640173753
191,7516.0,3619.0
192,7595.0,3615.0
193,7630.913931583021,3613.1872748275327
194,7776.407916286699,3602.4661850395787
195,7844.0,3590.0
196,8101.0,3520.0
197,8154.476857564907,3500.4081177421485
198,8218.0,3462.0
199,8302.576709312158,3406.3758542467403
200,8380.0,3344.0
201,8485.480924644244,3229.367216893918
202,8530.0,3173.0
203,8611.634867384597,3038.3410583968707
204,8631.0,2987.0
205,8684.519066444398,2799.593294898781
206,8694.0,2758.0
207,8704.0,2618.0
208,8703.228188393054,2602.193401482676
209,8677.0,2359.0
210,8669.595285727657,2326.4837142154925
211,8647.0,2251.0
212,8605.0,2147.0
213,8562.812889784944,2066.5378135913684
214,8536.0,2020.0
215,8504.063233497334,1966.6449613184598
216,8461.0,1897.0
217,8412.992556697203,1820.6479240289577
218,8354.0,1728.0
219,8277.0,1607.0
220,8218.545550976003,1513.3646799403145
221,8155.0,1410.0
222,8113.730625626214,1341.4275484472696
223,8020.009334179202,1176.209230388483
224,7995.0,1129.0
225,7932.680649700063,1002.391080839275
226,7898.0,926.0
227,7868.0,858.0
228,7865.810800931339,852.9890422954095
229,7769.8830094233535,632.2766637279509
230,7734.0,557.0
231,7672.952692452407,439.9466298974853
232,7610.0,334.0
233,7577.410485497985,287.3039238646298
234,7510.896633522526,216.7496595182829
235,7413.0,160.0
236,7340.722957986168,130.57737925507513
237,7198.0,87.0
238,7194.133786428692,86.08000955360512
239,7060.1222139846495,68.01507725776531
240,6968.0,66.0
241,6904.0,66.0
242,6847.18550936356,67.55514210265561
243,6717.512689821899,76.14361498001527
244,6686.0,79.0
245,6557.0,97.0
246,6484.907902429189,111.65270601672424
247,6377.0,136.0
248,6122.0,220.0
249,5931.0,313.0
250,5846.0,367.0
251,5822.157678618833,383.32817432350896
252,5782.0,415.0
253,5735.4627614297315,454.77610505746725
254,5722.0,467.0
255,5613.0,580.0
256,5598.031315715643,598.2362628554602
257,5571.0,639.0
258,5531.460961818561,715.3905696264419
259,5527.0,727.0
260,5512.722930353904,784.1164135100928
261,5510.0,808.0
262,5510.830624053042,860.1074924447686
263,5522.0,900.0
264,5574.0,998.0
265,5582.7716005621705,1012.1124997024497
266,5638.0,1076.0
267,5658.063115116334,1095.482809438986
268,5701.0,1136.0
269,5747.047710152362,1173.4623121748868
270,5759.0,1182.0
271,5800.866833694821,1211.020821940053
272,5830.0,1230.0
273,5881.0,1260.0
274,5917.847591513867,1279.4040405037558
275,5973.0,1306.0
276,6034.83675069165,1331.7864863124241
277,6041.0,1334.0
278,6213.869155956853,1389.6372551515658
279,6218.0,1391.0
280,6216.358688713188,1392.6102261913127
281,6235.0,1395.0
282,6306.895223685308,1408.7812210531392
283,6424.0,1431.0
284,6555.721632036828,1452.2925919756335
285,6696.0,1470.0
286,6722.400497672083,1474.074722008126
287,6765.800249530707,1482.5418680746996
288,6786.0,1487.0
289,6863.336838131382,1504.9366598264955
290,6963.0,1530.0
291,7036.38946306279,1552.2767141072975
292,7044.0,1555.0
293,7179.153844226986,1609.8844772914888
294,7213.0,1625.0
295,7278.758076439889,1658.053598518445
296,7322.712397670237,1696.0061278832054
297,7341.0,1716.0
298,7395.0,1782.0
299,7400.006338504313,1789.6684950364747
300,7425.18263920322,1838.0930954635953
301,7432.0,1855.0
302,7443.856357865256,1890.7069582466133
303,7456.0,1955.0
304,7457.2495969561405,2018.8891082809282
305,7454.0,2073.0
306,7453.181654921704,2081.866150680092
307,7446.802061996592,2124.7443470304984
308,7426.0,2182.0
309,7421.67891335178,2191.7458835787934
310,7389.0,2259.0
311,7384.341014475203,2267.6286691160362
312,7348.040783934279,2320.2209216852075
313,7333.0,2337.0
314,7239.0,2423.0
315,7228.170120723695,2430.228283488746
316,7102.0,2493.0
317,7067.188077189315,2506.5613269080786
318,6973.0,2529.0
319,6969.758325466295,2529.604474191383
320,6803.47726577127,2557.869237703826
321,6753.0,2566.0
322,6718.101811660083,2571.378575413226
323,6685.0,2576.0
324,6581.126591697479,2590.1814152078045
325,6535.0,2596.0
326,6469.987211738802,2603.818296329948
327,6309.0,2622.0
328,6255.987181898934,2627.425057947332
329,6160.0,2634.0
330,6110.708043498468,2636.7074623887966
331,6042.0,2640.0
332,5941.724572455736,2642.0933930514934
333,5932.0,2642.0
334,5686.649313294196,2633.3898726537814
335,5678.0,2633.0
336,5596.75054541536,2628.032666565911
337,5574.0,2626.0
338,5479.939716143122,2617.2353375860566
339,5428.0,2612.0
340,5341.301630722284,2602.3386896792863
341,5253.0,2591.0
342,5208.472808887536,2584.6253954491144
343,5130.0,2572.0
344,5092.642338977182,2565.298274776817
345,4866.0,2519.0
346,4833.632754831614,2511.738722959643
347,4742.746493973622,2489.7042211966736
348,4670.0,2471.0
349,4487.0,2421.0
350,4302.0,2365.0
351,4168.893729817435,2321.73517750456
352,4074.0,2286.0
353,4029.081363996361,2269.3027582005534
354,3902.0,2222.0
355,3823.0239568778693,2192.2335849047345
356,3726.0,2156.0
357,3692.715168448982,2144.007632658301
358,3594.400248206152,2112.045994003248
359,3510.0,2087.0
360,3415.2563002479014,2058.6129265176487
361,3374.0,2046.0
362,3292.7564231462356,2020.491375352831
363,3223.0,1998.0
364,3142.340951981586,1971.4784748470506
365,3042.0,1937.0
366,2908.0,1887.0
367,2902.914919279739,1885.0283001736689
368,2790.05117915422,1839.8783492426603
369,2728.0,1814.0
370,2620.0,1767.0
371,2571.8969527786994,1745.216515153874
372,2501.0,1712.0
373,2442.92388944126,1683.8396953899269
374,2347.0,1636.0
375,2344.1338008751163,1634.5569632841898
376,2290.0360125161146,1607.1626270480176
377,2260.0,1593.0
378,2220.4311272199925,1575.9028274587884
379,2186.0,1563.0
380,2107.8232513794496,1544.8435087679788
381,2066.0,1545.0
382,2033.0760006495145,1551.64681355318
383,2023.0,1555.0
384,1983.9066088923917,1573.7434578496493
385,1969.0,1583.0
386,1922.3177768752405,1621.7321162400635
387,1892.0,1649.0
388,1863.2736718352703,1674.113494989681
389,1807.0,1722.0
390,1770.3333445246867,1746.381589424239
391,1761.0,1750.0
392,1677.0725241986936,1780.4184683957756
393,1654.0,1787.0
394,1628.5985367516794,1792.5473346507124
395,1598.0,1795.0
396,1506.6659945354454,1788.9266641945546
397,1478.0,1786.0
398,1449.32632254576,1782.4090369757791
399,1425.0,1770.0
400,1355.6946264622093,1734.7601704692547
401,1345.0,1729.0
402,1313.2077835616114,1707.6714503411124
403,1298.0,1690.0
404,1290.9360370518789,1681.9666180969048
405,1264.0,1650.0
406,1263.0495705491192,1648.7349031797198
407,1237.0,1603.0
408,1222.1707832539676,1555.3411715189973
409,1207.0,1486.0
410,1203.028391508698,1451.9870607189325
411,1207.0,1410.0
412,1209.0848915009426,1387.7719904607286
413,1211.0,1369.0
414,1219.630076390548,1305.2338718677781
415,1225.0,1271.0
416,1229.3100888258991,1244.2421523624466
417,1244.0,1156.0
418,1245.6941512006745,1146.0587195684843
419,1258.8287427973605,1071.3029061163472
420,1268.0,1019.0
421,1280.734747316776,945.2669957696942
422,1282.0,938.0
423,1311.0,773.0
424,1326.3353590326149,685.7964348710275
425,1339.5441081068798,610.6133867234233
426,1346.0,574.0
427,1375.1633687549756,407.6466994498519
428,1377.0,397.0
429,1409.0,211.0
430,1409.9378431443245,205.55369574568704
431,1425.7047892941878,115.6910241004355
432,1428.0,103.0
433,1445.6978053182984,4.743253227852169
434,1454.0,-43.0
435,1473.0,-157.0
436,1487.1688385568445,-238.15398664611467
437,1511.3639160643002,-372.9173443507106
438,1519.0,-416.0
439,1555.0667587853327,-624.4536338892107
440,1565.0,-682.0
441,1579.760692497162,-765.9791131052141
442,1591.0,-846.0
443,1599.9536863034577,-939.5203067010405
444,1602.0,-969.0
445,1604.2778773690764,-1044.910058056224
446,1600.0,-1088.0
447,1555.2905786259394,-1266.25465374205
448,1549.0,-1285.0
449,1524.0654389978902,-1338.8618564744595
450,1500.0,-1371.0
451,1409.0,-1473.0
452,1276.0,-1557.0
453,1178.0,-1588.0
454,1174.0251036458583,-1588.3090930493515
455,949.0,-1606.0
456,944.1420178135513,-1606.270261633467
457,831.7851685847647,-1604.071836375266
458,766.0,-1598.0
459,752.3515749144335,-1597.1071190189386
460,638.0,-1591.0
461,610.8637429495162,-1589.5039874900099
462,532.0,-1585.0
463,456.4932006191361,-1580.6441552889303
464,447.0,-1580.0
465,295.18948228222075,-1563.2264279832798
466,287.0,-1562.0
467,196.29684046602384,-1546.6452872595255
468,188.0,-1545.0
469,63.0,-1515.0
470,-11.127403796532757,-1492.3321379576028
471,-90.0,-1465.0
472,-127.0,-1452.0
473,-143.9565926640931,-1445.6960455375736
474,-269.7109625451782,-1391.5012114443932
475,-277.0,-1388.0
476,-364.46413539044744,-1342.3658388910983
477,-397.0,-1323.0
478,-512.0,-1245.0
479,-538.5701137200754,-1224.9036780158922
480,-635.3449431312595,-1140.5391189866425
481,-641.0,-1135.0
482,-730.2190258864721,-1038.9385402240805
483,-799.0,-952.0
484,-801.9798465033233,-947.9087738263114
485,-922.5953377980507,-750.2688753595642
486,-978.5528998934763,-613.6859375584733
487,-1011.0,-433.0
488,-1009.7392536394632,-252.77023400256908
489,-988.0,-101.0
490,-982.9802474349898,-78.1360335810308
491,-944.2193580090194,52.7950018585557
492,-886.0,202.0
493,-835.0641926333393,318.1837633091943
494,-773.0,470.0
495,-760.0548456656896,503.1597523137669
496,-689.0,688.0
497,-662.6615319775233,756.7075925925528
498,-629.0451604676019,844.3713324532823
499,-605.7166151195178,903.5357653818078
500,-598.0,923.0
501,-561.7641106640231,1014.3897403956472
502,-546.0,1055.0
503,-512.0,1145.0
504,-487.0046911146911,1210.3784360884256
505,-384.0,1476.0
506,-371.07253342054236,1509.1312093840822
507,-345.6547404846344,1573.6071756956853
508,-319.0,1643.0
509,-285.0018156961823,1732.1102037549397
510,-212.47519456144838,1922.3220578793157
511,-208.0,1934.0
512,-150.7162211117243,2080.9883589624
513,-148.0,2088.0
514,-75.0,2278.0
515,-37.179690352500884,2376.106355222105
516,-21.0,2418.0
517,12.968044550998693,2505.874387969512
518,75.0,2668.0
519,81.0,2684.0
520,156.02471325095902,2878.583196922331
521,166.0,2904.0
522,230.49323331345965,3067.5046399439457
523,265.0,3157.0
524,309.2276682762262,3274.803068153663
525,315.0,3289.0
526,318.0,3296.0
527,399.867763397003,3508.3542928913344
